app_name,app_id,category,review_id,username,rating,title,text,thumbs_up_count,review_created_version,at,reply_content,reply_at
Roblox,com.roblox.client,Gaming,d721e5b9-41a0-413a-9b2b-c2d796c89da7,Theo Markey,1,,I want those bad updates gone,0,2.731.944,2026-07-26T16:27:04,,
Roblox,com.roblox.client,Gaming,a60ce8cb-c2f9-4241-8f6e-6dee3e3f5296,Gemalyn Saniel,1,,because you are not making the game good,0,2.621.528,2026-07-26T16:26:58,,
Roblox,com.roblox.client,Gaming,ae6bd932-0895-4063-a4c3-275c93accad8,ARAD XBY,5,,"This is one of the best games in the world, I suggest you play it",0,2.730.790,2026-07-26T16:26:58,,
Roblox,com.roblox.client,Gaming,f81c70b7-1f5a-4a28-bdf2-7fa691ce3a5f,Rebecca Orr,1,,we want chat back and old roblox,0,2.730.790,2026-07-26T16:26:55,,
Roblox,com.roblox.client,Gaming,e9c7013c-6583-4db2-835d-532f90256d6e,Angela Krstevska,1,,i play this game but the updates suck BRING CLASSIC FACECS AND CHAT BACK,0,2.731.944,2026-07-26T16:26:43,,
Roblox,com.roblox.client,Gaming,0dfd070a-87c8-422e-bda7-96b7e1d94b40,Diamond Dube,1,,We want our old Roblox back,0,2.731.944,2026-07-26T16:26:17,,
Roblox,com.roblox.client,Gaming,1083d1e6-c676-4e2b-9ee3-733b0779de50,Erjola Argjendari,1,,we want are old Roblox back,0,2.731.944,2026-07-26T16:25:55,,
Roblox,com.roblox.client,Gaming,bb536120-c505-46d0-b79c-c57b892e5ac2,Dhananjay Kumar,5,,good,0,2.730.790,2026-07-26T16:25:54,,
Roblox,com.roblox.client,Gaming,8b504682-4097-49ec-8378-47986583edcd,Max Fox,1,,we want are old roblox back.,0,2.727.1199,2026-07-26T16:25:52,,
Roblox,com.roblox.client,Gaming,93571dda-23be-4046-aa64-65e8d7cb46a9,Sumama family -493,5,,every fun,0,2.730.790,2026-07-26T16:25:49,,
Roblox,com.roblox.client,Gaming,ea007dd8-14de-4c31-b566-53bcf5526be0,Sangita Chandak,4,,this game is good but you have to give 100 robux at your first roblox game,0,2.730.790,2026-07-26T16:25:46,,
Roblox,com.roblox.client,Gaming,a5543eb6-a0d5-499b-9cd0-295e1a3766e1,Princess Bella,5,,I love roblox,0,2.731.944,2026-07-26T16:25:39,,
Roblox,com.roblox.client,Gaming,6381de49-dc3f-4890-b1c0-06f9d4fb45f7,James Matthew Navarez,4,,luv the games but it has do much drama,0,2.730.790,2026-07-26T16:25:07,,
Roblox,com.roblox.client,Gaming,42790c8b-2326-4cf0-85d6-68fb70c2d8cc,Mahan Hasani,1,,Trash updates nowdays.,0,,2026-07-26T16:24:44,,
Roblox,com.roblox.client,Gaming,c97e1856-98d4-4aba-8fb5-9b1f2537af70,Rishaf Sah,5,,Best Game in the world 😆fun,0,2.730.790,2026-07-26T16:24:42,,
Roblox,com.roblox.client,Gaming,b75cfb86-1b56-4613-858a-8bd7c2ccd329,Nafis Khan,1,,"chat back , we want old Roblox !!!!!!",0,2.696.799,2026-07-26T16:24:26,,
Roblox,com.roblox.client,Gaming,7b451fb0-5c38-4b52-b0cc-53bd8e9990cc,Hiral Parikh,1,,we want old Roblox,0,2.730.790,2026-07-26T16:24:13,,
Roblox,com.roblox.client,Gaming,149dd2a5-830e-499a-be9a-b715ebf1650b,Ramli Upini,5,,good game,0,,2026-07-26T16:23:34,,
Roblox,com.roblox.client,Gaming,e154b558-6da9-4607-92c7-6bbf555e226d,Jefferson Denver Garcia,1,,we want our old roblox back!,0,,2026-07-26T16:23:12,,
Roblox,com.roblox.client,Gaming,0a779ef5-7afe-490d-9b42-deb7a2572d58,Wendell Perry,1,,we want our old roblox back!!,0,2.731.944,2026-07-26T16:23:05,,
Roblox,com.roblox.client,Gaming,96f4705e-e11f-4d5a-97b5-9fd09967c6a7,sudipta ray,5,,nice,0,2.731.944,2026-07-26T16:22:22,,
Roblox,com.roblox.client,Gaming,f6da98fc-3ce4-410d-8428-15c51dc9c541,Muhammad Riaz,5,,so fantastic game,0,2.730.790,2026-07-26T16:22:17,,
Roblox,com.roblox.client,Gaming,2c8f77da-1c2f-46d7-9644-884eb1bd50d8,Sayli Waydande,5,,this game is too good I like it 😃 😀,0,2.730.790,2026-07-26T16:22:13,,
Roblox,com.roblox.client,Gaming,f8842bc7-ada4-4fb7-b9e1-ff45bbf6bfd1,Kerry Otis,5,,best app since 2017 both devices,0,,2026-07-26T16:21:14,,
Roblox,com.roblox.client,Gaming,6b64406e-9539-4960-96cb-cb44698e6efd,Adam Kmar,1,,we want old roblox,0,2.730.790,2026-07-26T16:21:09,,
Roblox,com.roblox.client,Gaming,3e717dd2-a04b-4df4-a878-6b2c628dd30d,Aafiya Sayyed,5,,this is op game,0,2.730.790,2026-07-26T16:20:32,,
Roblox,com.roblox.client,Gaming,2c8d5c91-0c44-49c7-a637-107a5a69ec71,Sonia Birla,5,,very good game very,0,2.731.944,2026-07-26T16:20:09,,
Roblox,com.roblox.client,Gaming,fd42b4cd-caf8-40ba-9628-c0d62ba5aeff,Priya Brahma,1,,Glitch for your stupid Roblox,0,2.731.944,2026-07-26T16:19:53,,
Roblox,com.roblox.client,Gaming,2041ded5-8057-4ea0-a833-c7c859de63fa,Ahmed MohedAhmed,1,,WE WANT OUR ROBLOX BACK,0,2.731.944,2026-07-26T16:19:46,,
Roblox,com.roblox.client,Gaming,287cc3f9-26fe-4b2c-b94a-e81a1384435d,Thered,1,,we want our old Roblox back,0,,2026-07-26T16:19:40,,
Roblox,com.roblox.client,Gaming,9fa499c7-9b47-4e8f-9fcb-3b900389c7d3,Nirmala Nepali,5,,this game is very good to play,0,2.731.944,2026-07-26T16:19:40,,
Roblox,com.roblox.client,Gaming,13a32ab9-9bf0-4fcf-b1e0-50d564e20372,Ayan Shah,5,,😍,0,2.730.790,2026-07-26T16:19:29,,
Roblox,com.roblox.client,Gaming,08395ce2-7fa2-4522-8b6c-cc480a2275ea,Julia Hernhuter,1,,bring chat back and old face we dont like if you delete the chat and the old faces its mean we didnt ask for chat removal and stop doing it more real we want it hiw it looks in old days😡,1,2.731.944,2026-07-26T16:19:27,,
Roblox,com.roblox.client,Gaming,063eced8-7808-4947-a7ee-f5bfbe1bfd7c,smita shinde,5,,please can you add a new game like sell lemons,0,2.731.944,2026-07-26T16:19:25,,
Roblox,com.roblox.client,Gaming,d723e6e5-be5e-4af8-a1d2-832b77f05aa1,Chone Figgins,5,,the best game ever,0,2.731.944,2026-07-26T16:19:24,,
Roblox,com.roblox.client,Gaming,5daecaf1-503c-4b13-a03a-7d154190d58f,Lalita Bhadane,5,,enjoymend game,0,,2026-07-26T16:19:14,,
Roblox,com.roblox.client,Gaming,b13563d0-bc8b-4a25-bd8e-38072d95c7bf,Carrie Hickinbottom,1,,We want our old ROBLOX back,0,2.731.944,2026-07-26T16:19:12,,
Roblox,com.roblox.client,Gaming,54035def-3f4b-4970-a475-5934decee068,Devesh Tewary,1,,game absolutely sucks I went in a available server and it says waiting for a available server fix this,1,2.731.944,2026-07-26T16:19:12,,
Roblox,com.roblox.client,Gaming,cda53f93-a62a-4f72-9b17-30f2500f7c6c,Aiza Sabas,2,,we want old classic Roblox back now,0,2.730.790,2026-07-26T16:19:05,,
Roblox,com.roblox.client,Gaming,c16c80ce-c937-428b-8be1-cea5e1737356,Jas deSilva,1,,I hate the new update you have to scan your face to be able to chat and AI predicts your age I swear I'm going to quit if ROBLOX does any more bad things if a genie came up to me and asked I could have any wish but it could only be one I would say to bring my old ROBLOX back I hate ROBLOX I used to play it every day but now I barely play it if ROBLOX doesn't change soon I'm going to be deleting it,4,2.731.944,2026-07-26T16:19:00,,
Roblox,com.roblox.client,Gaming,4be3e891-268a-42f2-bd3e-ff3332846b27,Shay C,1,,can't download,0,2.730.790,2026-07-26T16:18:45,,
Roblox,com.roblox.client,Gaming,b820a5a6-9409-4208-b9b2-58d594c06b3b,Franz Liame,5,,fix the game that's all we need fix the game I'll give this 5 star if you fix the game don't leave this for nothing fix the game that's all I want to see if you did it I will start playing roblox and lastly R.I.P Eric 😭,0,,2026-07-26T16:18:38,,
Roblox,com.roblox.client,Gaming,97a13fd2-7782-41b1-bffb-132124b19bb8,James Rivera,5,,because I love playing mm2 and other games but please banned who using hacker because is broken the game,0,2.730.790,2026-07-26T16:18:25,,
Roblox,com.roblox.client,Gaming,8d3cb291-9a4f-4b54-b590-fcd6b62db04c,NOT HASSAN,5,,very fun,0,,2026-07-26T16:18:15,,
Roblox,com.roblox.client,Gaming,8f4265c1-de83-46fb-87dc-628f3efce155,Phillomina Parmar,4,,It is the best game.,0,2.730.790,2026-07-26T16:18:02,,
Roblox,com.roblox.client,Gaming,5e8fa698-b164-4c21-95a9-9a5f62fb3cc1,Nabam Guya,5,,i got friends and enjoying with random people but age check group changed Roblox but I still likes it Thank U,0,,2026-07-26T16:17:40,,
Roblox,com.roblox.client,Gaming,6bacc174-a446-4fc7-8566-ff4d891195e3,Angel Casanova,1,,bring old Roblox back!,0,2.731.944,2026-07-26T16:16:49,,
Roblox,com.roblox.client,Gaming,a4a8310a-6e67-4f82-a803-5d3288ec7f85,Uber Volk,2,,the games are pretty good but roblox itself sucks. the chat and age restrictions SUCK.,0,2.730.790,2026-07-26T16:16:38,,
Roblox,com.roblox.client,Gaming,cda566da-7e89-418b-9ace-96ea4b48e913,Rose M. Walusimbi,5,,this is fun but plz make things free,0,2.731.944,2026-07-26T16:15:40,,
Roblox,com.roblox.client,Gaming,4f6b497d-a7cc-4968-b8f1-8139c59bad43,Hera Rexhepi,1,,We want the old roblox BACK!,0,2.731.944,2026-07-26T16:15:28,,
Roblox,com.roblox.client,Gaming,a8159ef5-abfc-4394-a853-8be7719ff4a2,kotryna as,1,,we want old Roblox back!!!,0,2.731.944,2026-07-26T16:14:52,,
Roblox,com.roblox.client,Gaming,9f7cd2d7-1054-4b09-a2aa-1f3a50feecee,Martin Hepburn,5,,I like all the games,0,2.730.790,2026-07-26T16:14:41,,
Roblox,com.roblox.client,Gaming,543a2062-04e0-402b-8622-20be7a15d4b8,Nazrin Karim,5,,this is the most great game in word and i love thiS game persnoly,0,2.730.790,2026-07-26T16:13:27,,
Roblox,com.roblox.client,Gaming,537a8263-9168-4c1a-8c98-3d9ed820b5f1,Jatinder pal Singh,1,,We want old roblox,0,2.731.944,2026-07-26T16:12:22,,
Roblox,com.roblox.client,Gaming,39100ab1-b6c0-40e5-b78e-4502c4ae5b7c,Manmeetsandhu Manmeetsandhu,5,,vvvv good,0,2.730.790,2026-07-26T16:11:40,,
Roblox,com.roblox.client,Gaming,3042b73a-55a5-4ef6-a074-5efa57236803,ChloeSofia Salazar,2,,"i like the game very much but i think when someone gives 1 robux to someone they should give it to them since its not fair,but also they should lower down their prices for robux. update:well, I'm here to talk abt mm2😞it's a good game but too much HITBOX, so roblox ask the creator of the game to make the HITBOX SMALLER. (yes I got mad at that.)",0,2.731.944,2026-07-26T16:10:45,,
Roblox,com.roblox.client,Gaming,b0fb5da9-66ee-47b3-b988-c3bd2da368a4,Farida Said,1,,i want the old roblox back,0,2.730.790,2026-07-26T16:10:12,,
Roblox,com.roblox.client,Gaming,92d1f870-60e6-4d30-812d-a2b120f19d84,Harry Cadayunan,1,,we want the old Roblox back,0,2.730.790,2026-07-26T16:09:20,,
Roblox,com.roblox.client,Gaming,e384a43a-ced3-4169-868d-5d43177dd2ac,Muhammad Bilal tanveer,5,,This is best game,0,2.727.1199,2026-07-26T16:09:12,,
Roblox,com.roblox.client,Gaming,df435da4-e7a3-4407-b8a9-ede83c8796e0,Maureen Angeles,1,,we want our old Roblox back,0,2.731.944,2026-07-26T16:09:01,,
Roblox,com.roblox.client,Gaming,f65a9423-3062-401c-b682-6f63d4307381,Elijah,1,,we want old roblox back,0,2.731.944,2026-07-26T16:08:25,,
Roblox,com.roblox.client,Gaming,7a7f9142-6dd4-4f0f-9f8e-aea5fa0fcac7,Audi Edit,1,,we want our old Roblox back,0,2.731.944,2026-07-26T16:08:18,,
Roblox,com.roblox.client,Gaming,3c350ec0-1278-4813-8077-a4e163668906,Mitaly Yasmin,5,,It wounderful,0,2.730.790,2026-07-26T16:08:18,,
Roblox,com.roblox.client,Gaming,86740234-9952-4072-a8af-8ed5ba0d3154,Bob Max,1,,I played this game so long and they remove chat and added age restrictions I hate this game man Don't play it,0,2.731.944,2026-07-26T16:08:15,,
Roblox,com.roblox.client,Gaming,b933103b-fec3-4885-ab51-7b776c094e72,Arlo Turnbull,1,,WE WANT ARE OLD ROBLOX BACK,0,2.731.944,2026-07-26T16:08:01,,
Roblox,com.roblox.client,Gaming,a61445d0-ab7e-41bb-bfaf-6c1b347ff35a,Hayden Hudson,1,,we need our old roblox back,0,2.731.944,2026-07-26T16:07:47,,
Roblox,com.roblox.client,Gaming,d6ef0d96-8542-4395-a416-ebbbf0980d67,Greace,1,,we want are old Roblox,0,2.731.944,2026-07-26T16:07:36,,
Roblox,com.roblox.client,Gaming,b16c815f-43c7-4b4a-a921-90d42db7ef14,Mayura Khandelwal,5,,nicee,0,2.731.944,2026-07-26T16:07:30,,
Roblox,com.roblox.client,Gaming,e230b2c5-16b3-492f-bd07-5011fd0a1236,Roland Roy Ariola,1,,we want our old roblox back...,0,2.731.944,2026-07-26T16:07:18,,
Roblox,com.roblox.client,Gaming,4e8474ea-660d-49aa-b706-87d2d2f3a3ad,Diar Murati,1,,we want our old roblox back,0,2.731.944,2026-07-26T16:06:54,,
Roblox,com.roblox.client,Gaming,4223a32e-5d72-475c-9cfc-58e38f643c25,Nabiha Danial,4,,roblox is a great game but tbh i didnt liked the age update its so annoying,0,2.731.944,2026-07-26T16:06:48,,
Roblox,com.roblox.client,Gaming,80a15013-a96b-44dd-bc76-ec79147be0c4,Sunimaya Gurung,5,,BFF f different,0,2.730.790,2026-07-26T16:06:35,,
Roblox,com.roblox.client,Gaming,55206336-126c-499a-9e81-2dbc0e6f0a59,It's arsh roblox_1332,5,,i love this game very much ❤️❤️❤️❤️🥰🥰🥰,0,2.730.790,2026-07-26T16:06:14,,
Roblox,com.roblox.client,Gaming,82e8e400-9a9f-4136-bde8-6efa1e3c0854,Ravi Kumar,5,,bauth aacha hai,0,,2026-07-26T16:05:47,,
Roblox,com.roblox.client,Gaming,71d58e16-6109-4ca5-814a-8964424e7aab,Verginita Villamor,5,,its butifull and fun,0,2.702.632,2026-07-26T16:05:35,,
Roblox,com.roblox.client,Gaming,c740f2e9-1a99-48a6-a849-207b9846d4c9,Shahista,5,,yrev doog emag,0,2.731.944,2026-07-26T16:05:27,,
Roblox,com.roblox.client,Gaming,ca6be24c-ec00-484d-8c9e-9d2bdc393990,jaya srini,1,,we want old Roblox back!,0,2.730.790,2026-07-26T16:05:19,,
Roblox,com.roblox.client,Gaming,96ef5ca3-130f-4a1f-9531-b9f7828cafc7,Ayden Holford,1,,we won't old ROBLOX back,0,2.731.944,2026-07-26T16:05:06,,
Roblox,com.roblox.client,Gaming,712753a2-855e-4c99-99df-dd80324b0f89,AARAV Sharma,4,,very fun game I like it to much world best game but a problem roblox is best game :),0,2.730.790,2026-07-26T16:04:39,,
Roblox,com.roblox.client,Gaming,3c4de4cc-5952-415d-9f02-8a45920126ee,Marya Hassan,1,,WHY THE HECK WOULD THIS GAME GIVES US A BAD UPDATE!,0,2.731.944,2026-07-26T16:04:10,,
Roblox,com.roblox.client,Gaming,05c08f7b-0da1-4f5e-97a6-f824e92b8c4e,Rama Zreik,1,,we want our old roblox back,1,2.730.790,2026-07-26T16:04:02,,
Roblox,com.roblox.client,Gaming,d734aa4b-1d41-4d0a-bf32-f34378c8d336,Natalia Jacaj,1,,we want old roblox back!!,0,2.731.944,2026-07-26T16:04:02,,
Roblox,com.roblox.client,Gaming,61554d69-2ba7-4002-8ef1-e8f88a9421aa,Alpa Aasu,4,,erything is good graphics gameplay creativity entertainment erything is fantastic but the age verification chat is very bad i can't even talk with them anymore and the login system is very annoying whenever I try to log in into another device it shows something went wrong and passkey also dont work I always have to change my password to re log in and this game is also very pay to win if we want to creat a nice avatar we have to pay the robux and if we have spend many robux in this they sell item,0,2.730.790,2026-07-26T16:04:01,,
Roblox,com.roblox.client,Gaming,02cf7076-bca7-46b4-8971-89b76d796b05,Pihu,1,,BRING OLD ROBLOX BACK !,0,,2026-07-26T16:03:57,,
Roblox,com.roblox.client,Gaming,eba23553-3449-4257-afc9-c080127b9416,kayra Surgical,5,,I love to play bloxfruts,0,2.730.790,2026-07-26T16:03:50,,
Roblox,com.roblox.client,Gaming,6c1cc7a5-a8ae-43ba-bcbb-eea878d3e33d,Maria hassan,1,,"this game has a bad update,I want the old one back!",0,,2026-07-26T16:03:27,,
Roblox,com.roblox.client,Gaming,625d2430-88b9-47ee-ad0d-c01024e496ce,Rachel Strangeway,1,,WE WANT OUR OLD ROBLOX BACK,1,2.731.944,2026-07-26T16:03:18,,
Roblox,com.roblox.client,Gaming,6b0a98a5-5853-4854-8541-8b3788faa941,Suman Pal,5,,good,0,2.730.790,2026-07-26T16:03:06,,
Roblox,com.roblox.client,Gaming,1f83973e-5fd7-4dda-9690-8b6343ef4058,Aliya Mohamed,1,,I hate this game because of its update!😡,0,2.730.790,2026-07-26T16:02:33,,
Roblox,com.roblox.client,Gaming,103fdbc8-40be-486f-818b-6bf518c20f23,Prabhavathi R,5,,roblox is for everyone it is fabulous paly it click on the install button and get ready,0,2.730.790,2026-07-26T16:02:25,,
Roblox,com.roblox.client,Gaming,5a90fd18-88c4-43b8-83b9-c541e88010fc,Bafana Rampaku,5,,put me in normal roblox and not roblox select brainrot is not trending,0,2.730.790,2026-07-26T16:02:00,,
Roblox,com.roblox.client,Gaming,d156e8c7-c3a7-45c9-b566-f8230c01431c,CaliyamaxamedCabdi Caliyoo,1,,I want the old roblox back!,0,,2026-07-26T16:01:49,,
Roblox,com.roblox.client,Gaming,7827fa6e-d30a-494b-a86e-d41308dd11e6,Shanthi Shanthi,1,,we want our old roblox back😡,0,2.730.790,2026-07-26T16:01:25,,
Roblox,com.roblox.client,Gaming,c05c37e6-d118-450c-b5ec-657d75eaf527,Leelamma O,1,,we want our old roblox back,0,2.730.790,2026-07-26T16:01:00,,
Roblox,com.roblox.client,Gaming,fc3bb7e5-2363-4a54-b3e6-b55ba704fa9f,Amiira Hasan,1,,"I want the old roblox back, it's because roblox made an stupid update and I don't like it!",0,,2026-07-26T16:00:59,,
Roblox,com.roblox.client,Gaming,d0a1ee65-0aae-487e-8668-82338cbe6ca1,Meerab Fatima,5,,it's so good game you should play this game,0,2.730.790,2026-07-26T16:00:47,,
Roblox,com.roblox.client,Gaming,d831fe74-c169-4464-9b73-6073191acdb9,Anime Lover,5,,this is the best game,0,,2026-07-26T16:00:30,,
Roblox,com.roblox.client,Gaming,b972e635-56ef-4d46-b831-ff3dc3f63d8b,Jane,1,,we want old Roblox back,0,2.731.944,2026-07-26T16:00:00,,
Roblox,com.roblox.client,Gaming,244d42f3-3c66-474f-be35-ddd9da58ca01,Rehan Alam,1,,we want our old roblox,0,2.731.944,2026-07-26T15:59:51,,
Roblox,com.roblox.client,Gaming,7d9849a1-f22d-4c9d-928a-e5a08cebed34,SarimRehman 0002,5,,good q,0,2.730.790,2026-07-26T15:58:50,,
Roblox,com.roblox.client,Gaming,19ddd2f2-e449-46d2-9a7f-1c4d0642c750,afzal choudhari,1,,why should you purchase robux with money? can't you make it free,0,2.727.1199,2026-07-26T15:58:47,,
Roblox,com.roblox.client,Gaming,3087035a-e5e8-411f-bd77-3b6f827de569,Beanaffy Divinagracia,1,,always had an error when I try verifying,0,,2026-07-26T15:58:44,,
Roblox,com.roblox.client,Gaming,73a24b37-3e5d-4d24-9289-4e381e435db7,Sukhwinder Singh,5,,good,0,,2026-07-26T15:58:41,,
Roblox,com.roblox.client,Gaming,319cf198-7163-4aa4-9827-aa633968acd7,Randy Doctor,1,,bad updates🤬🤬,0,,2026-07-26T15:58:07,,
Roblox,com.roblox.client,Gaming,a67cddc6-e288-4775-8046-935211ab3491,Pankaj Janbandhu,1,,roblox old back right now 😡,0,2.731.944,2026-07-26T15:57:25,,
Roblox,com.roblox.client,Gaming,129e12c4-b1fe-40d2-8dd3-ac90e0a1581e,Clarence Brink,1,,Moderators can you please do old roblox again?,0,2.731.944,2026-07-26T15:56:49,,
Roblox,com.roblox.client,Gaming,10d9f361-8b8e-485e-88ec-56cef67e9ad7,Mamta Soni,5,,Good Game,0,2.730.790,2026-07-26T15:56:39,,
Roblox,com.roblox.client,Gaming,cb932c4c-fd5b-4269-bacc-b27bb928e333,Ayla Page,5,,5 stars becuz its just da best and like you can play anything with friends,0,2.729.839,2026-07-26T15:56:20,,
Roblox,com.roblox.client,Gaming,371a5ebc-3c32-4cc8-b9a3-2d57ad7f174f,ERICKJOY Nazaire,1,,bring old roblox back pls chat,0,2.731.944,2026-07-26T15:56:07,,
Roblox,com.roblox.client,Gaming,11ef1490-77da-4845-969b-4346165b5550,Lhance Casyao,3,,this fun but the apdates is bad kmy friends under 16-18 yd is nothing playing to me bc of age verification,0,2.727.1199,2026-07-26T15:56:06,,
Roblox,com.roblox.client,Gaming,f5e61342-1082-47fb-87fb-b5de2c112186,Choco Mochi,1,,bad,0,,2026-07-26T15:55:45,,
Roblox,com.roblox.client,Gaming,b49c940a-7b3b-4fd6-a7c6-80a84b6eaace,Magret Njeri,5,,Roblox is the best game ever,0,2.730.790,2026-07-26T15:55:18,,
Roblox,com.roblox.client,Gaming,88c82eac-8f0b-4c35-9ecf-f70490a4192c,Uwamugira Kirenzi Rosine,3,,how can I get my account by account recovery,0,2.730.790,2026-07-26T15:54:50,,
Roblox,com.roblox.client,Gaming,3bc56311-79d1-491b-916e-7ac8d8e26e31,Jhandel Catipon,3,,it's a decent game but Brookhaven has weird players,0,2.731.944,2026-07-26T15:54:44,,
Roblox,com.roblox.client,Gaming,04e7b12a-9e4e-4a66-b624-47a33699ef7e,Antara Rahman,5,,roblox my favourite,0,,2026-07-26T15:54:30,,
Roblox,com.roblox.client,Gaming,d5feb278-9eaf-446c-9d2a-9a36648fbc29,Rajni Rajni,1,,we want our old roblox back,0,2.730.790,2026-07-26T15:54:18,,
Roblox,com.roblox.client,Gaming,99e1e517-18ab-42d5-a5b3-a8123db48f8b,Chou Rouk,1,,we want our old Roblox,0,2.702.632,2026-07-26T15:54:08,,
Roblox,com.roblox.client,Gaming,e8d749e7-f2da-4cb6-8ab3-63af029c20e2,Marnie Barnes,1,,we want our old Roblox back,0,2.731.944,2026-07-26T15:53:56,,
Roblox,com.roblox.client,Gaming,ae1394c7-b203-4f52-a3bb-f070bdf287d2,Ahmad Issa,1,,we want our old Roblox back,0,2.731.944,2026-07-26T15:53:48,,
Roblox,com.roblox.client,Gaming,e6dcc3f3-14e8-43b0-a3c8-bb6b61c9cbdb,Manisha Parmar,5,,best game i ever played contains many games W in the chat ifr Roblox,0,2.501.362,2026-07-26T15:53:29,,
Roblox,com.roblox.client,Gaming,1ca38a72-dd0a-4060-befa-646af5cc966d,Eero,1,,we want old roblox back,1,2.731.944,2026-07-26T15:53:16,,
Roblox,com.roblox.client,Gaming,a8501ac0-1a43-4e62-ae26-579764a64d97,Sunandita Mazumder,5,,"it's a really nice game, I personally like it . But sometimes it lags probably cuz of network but all over it's a nice game. so it might be a bit addictive but I absolutely love this game ❤❤❤",0,2.730.790,2026-07-26T15:52:28,,
Roblox,com.roblox.client,Gaming,186ad951-44f6-43a7-859b-f14f0fbb15dc,Force Field,1,,it's because of Age Check😡,0,2.730.790,2026-07-26T15:51:46,,
Roblox,com.roblox.client,Gaming,d8647b90-f153-479d-bbb5-2cfb4de95948,BRONILDA ELEZI,5,,Roblox Good,0,2.730.790,2026-07-26T15:51:09,,
Roblox,com.roblox.client,Gaming,472466b2-a8c7-4a57-9bd8-655c0dbae94e,Ginlalsonguite11,5,,this game is the best because one app a thousand game love it,1,2.731.944,2026-07-26T15:50:31,,
Roblox,com.roblox.client,Gaming,aea3166e-72b8-4cee-baee-a701af3d1a7c,Sapna Tulsani,5,,this game is so nice I have so enjoy 😁😁😊😊,0,2.730.790,2026-07-26T15:50:16,,
Roblox,com.roblox.client,Gaming,03aa635a-dd37-4e50-83ac-ed5ffb57176f,Marvin Williams,1,,we need the old roblox back your game is dying,0,2.731.944,2026-07-26T15:49:40,,
Roblox,com.roblox.client,Gaming,61ad2ef9-b4f2-44e1-8668-1560e44f26f9,Sahina Khatun,5,,best Game ever i saw,0,,2026-07-26T15:49:08,,
Roblox,com.roblox.client,Gaming,a7f05562-4321-49b2-8c14-9c339a1537db,Gina Tingco,5,,the Roblox is game less than a game,0,,2026-07-26T15:49:00,,
Roblox,com.roblox.client,Gaming,fd0bdef6-d53c-4685-8e16-5a1a7f2031b1,Liyha Peyton,2,,I dont know why this happen but roblox took my dance tht I paid for js to have it and not give my robux back to me and now iam mad. cuz I paid for it and now iam js finna delete if I dont get my 55 robux back,0,2.731.944,2026-07-26T15:48:58,,
Roblox,com.roblox.client,Gaming,f45098d3-2c3c-4f06-9d24-9c2301c581cd,Alli Setty,5,,awsome,0,2.730.790,2026-07-26T15:48:43,,
Roblox,com.roblox.client,Gaming,cd3282fc-5f6b-44bc-bac5-25f6913943b2,Jenica,5,,its AWSOME,0,2.730.790,2026-07-26T15:48:41,,
Roblox,com.roblox.client,Gaming,07cb9ecc-bac3-442f-a3dc-720f2e3eadde,Mou Paul,5,,world best online platform and safest game on earth,0,,2026-07-26T15:47:39,,
Roblox,com.roblox.client,Gaming,8313477d-2e75-4408-98e2-d9225e034e23,Floyd Madge,5,,i used to love but i cant play anymore,0,,2026-07-26T15:47:38,,
Roblox,com.roblox.client,Gaming,a4f4027f-0aab-4b16-aef4-407bd7784c27,Neni Febri,1,,"sumpaaah roblox q da roblox plus hrga item tmbah naek mahal mana keistimewaan roblox plus item latar belakang prism skies free dr roblox dkasih cuma 1 doang mna usn yg lain dksih 5 l, sumpaah pilih kasih bgt emg gk adil... uda ajuin banding masi aj gk turun2, tolong dong roblox turunin hrga market aku yg uda roblox plus khusus akun aku usn @jeee8086 trs item moonwisp aku jg gk dpt notif pdhal maen mulu roblox woooiilaaaa",0,2.725.1142,2026-07-26T15:47:19,,
Roblox,com.roblox.client,Gaming,c531de4f-989b-4ab3-9c72-f4fb1cf33afd,Amaranth sauce,1,,"It just sucks now it USED to be FUN but now isn't its just BORING, TERRIBLE the updates USED to be good but now its just worse due to the DEVELOPERS, ADMINS, AND OTHER CREATORS OF ROBLOX. They're making their game worse ever since the GAMES that are all about FURRIES, ANIME WOMEN, MEN and other things THAT I CAN'T SAY. You may think im being SARCASTIC, HATING ON THEM BUT NO IT'S EVERYONE. KIDS, TEENAGERS, ADULTS, AND CONTENT CREATORS. SOME of them HATE and just DON'T LIKE ROBLOX ANYMORE.",0,,2026-07-26T15:47:12,,
Roblox,com.roblox.client,Gaming,bf54000a-6788-44f5-8144-075adff364ca,Oppo A5i,3,,I give a 3 Star is pretty good but I don't like the face scann,0,2.730.790,2026-07-26T15:47:11,,
Roblox,com.roblox.client,Gaming,4af2b5ad-ee19-4e47-9521-57911494ea49,Marie Daly,1,,we want our old roblox back :(,0,2.731.944,2026-07-26T15:46:26,,
Roblox,com.roblox.client,Gaming,3bac502b-64b9-47c9-84e3-9d7600ce4031,Zian Nel,5,,what are old roblox fact,0,2.731.944,2026-07-26T15:46:25,,
Roblox,com.roblox.client,Gaming,c71d6cbb-a58a-4f17-9b34-e4f19ef5286f,Jai Parihar,5,,best,0,2.730.790,2026-07-26T15:46:19,,
Roblox,com.roblox.client,Gaming,610715ca-5e0d-4b11-b64a-5925e21ae5e5,Yuki Akari,2,,"The moderation is a joke, the AI shut the chat down before even listenting to my issue. The age verification process barely works. This used to be such a good game its sad to see it now",0,,2026-07-26T15:46:08,,
Roblox,com.roblox.client,Gaming,fb11de27-5f8a-4ff5-acd6-b0d796384f1a,Mohan Kumar,1,,we want our old Roblox back,0,2.731.944,2026-07-26T15:46:07,,
Roblox,com.roblox.client,Gaming,94acc360-8f5f-4db0-a447-fb6ec1996986,hardik Bariya,5,,this is the best game I ever played,0,,2026-07-26T15:46:05,,
Roblox,com.roblox.client,Gaming,c830a88a-37fd-4491-acb3-25f303b6e0d5,Khush Dadachanji,1,,we want our old roblox back,0,2.731.944,2026-07-26T15:45:58,,
Roblox,com.roblox.client,Gaming,719cf850-b32c-4549-bc06-db691a65c202,Pankaj Gogoi,1,,we want our old roblox back,0,2.731.944,2026-07-26T15:45:45,,
Roblox,com.roblox.client,Gaming,5e08a641-f45a-4174-a265-064884862bce,Andrea lyn Lucagbo,5,,"even tho i cant chat to some, people the game is still so fun!",0,2.730.790,2026-07-26T15:45:37,,
Roblox,com.roblox.client,Gaming,547d7e27-f971-4227-90a7-f3e356fc923c,Mair Ali,5,,"Roblox is literally endless. One day I'm running obbys, next day I'm in a roleplay server, then I'm trying some horror game with my friends. You never get bored because there's always something new. The community makes it too. Best way to kill time and have fun.It's not just one game, it's thousands of games in one app. Creative, chaotic, and super fun with friends. If you haven't tried it you're missing out.",0,2.731.944,2026-07-26T15:45:25,,
Roblox,com.roblox.client,Gaming,8f101920-f692-479d-940f-9e99b11d404d,lil.samarian,5,,super cool,0,,2026-07-26T15:44:55,,
Roblox,com.roblox.client,Gaming,6402c655-be1c-4e29-a1a9-32f89a99db87,Keon Shaw,5,,is very good because some games are good and some games are bad,0,2.730.790,2026-07-26T15:44:49,,
Roblox,com.roblox.client,Gaming,ae0b995f-127c-414a-87cf-8d6f581a208c,Dorel Agheorghise,1,,bad,0,2.720.1167,2026-07-26T15:44:33,,
Roblox,com.roblox.client,Gaming,6d036a84-38d4-427d-97cf-ebdea4a82cda,Ramen Buragohain,3,,roblox add the voice chat on phone also and also not take face verification 🙏plss 😭😭,0,,2026-07-26T15:44:28,,
Roblox,com.roblox.client,Gaming,b99dba4f-753c-424c-8491-cda30559e738,P Priyanla Kumari,5,,I love roblox,0,,2026-07-26T15:44:19,,
Roblox,com.roblox.client,Gaming,62da7ff9-9b7f-4cf8-a22c-e4d9697ef379,THANGAPALAM KARTHEESAN,5,,very good for multi-player and solo playing and,0,2.727.1199,2026-07-26T15:44:15,,
Roblox,com.roblox.client,Gaming,016f5dcb-c466-4911-8183-f268f5766a1b,Funny Smile,2,,updates are mehhhh,0,2.729.839,2026-07-26T15:43:46,,
Roblox,com.roblox.client,Gaming,0b2e6f87-cf00-4d89-bf6e-9272c345e0ce,Raygun Boss,1,,We want our old Roblox back,0,,2026-07-26T15:43:38,,
Roblox,com.roblox.client,Gaming,98275521-43b6-4c58-8ed1-a19bc887b3a9,Reynante Aluba,5,,it's very good for all game like rivals party and other game,0,2.731.944,2026-07-26T15:43:34,,
Roblox,com.roblox.client,Gaming,5aa20ead-29d7-4973-ae69-6cc25008d663,muhamad omar,1,,we want old Roblox back,0,2.731.944,2026-07-26T15:43:33,,
Roblox,com.roblox.client,Gaming,b1fd12a6-6e52-4fb2-a75b-03d02f92fc4c,Umair Khursheed,1,,we want our old roblox back,0,2.731.944,2026-07-26T15:43:11,,
Roblox,com.roblox.client,Gaming,58efdbc6-771d-426f-8597-df4f020cbffc,Verka Kanturova,1,,We want our old roblox back,0,2.727.1199,2026-07-26T15:42:48,,
Roblox,com.roblox.client,Gaming,38c1e4c3-f490-420e-972a-5c87abd6fd42,ANIK Chowdhury,5,,Cool game,0,2.730.790,2026-07-26T15:42:22,,
Roblox,com.roblox.client,Gaming,8d9f4b67-5225-4080-8772-9b1dfb010d40,Rashieqa Minalang,5,,love it,0,2.730.790,2026-07-26T15:42:17,,
Roblox,com.roblox.client,Gaming,13bdc32b-a502-4a2a-b0ba-e935646b95de,Caleb Kimmel,1,,we want our old Roblox back,0,2.731.944,2026-07-26T15:42:11,,
Roblox,com.roblox.client,Gaming,17f0979f-09a5-4b2a-a663-6d52d6cbea7d,Ali Saadat,2,,it okay,0,,2026-07-26T15:41:49,,
Roblox,com.roblox.client,Gaming,1257d0e5-3014-47f2-bf80-227ed423a82a,Al-huzzaifah,5,,It's so fun to play with but there's other disturbing games so I think Roblox delete them because many kids playing this game and it's bad to them SO AFTER ALL THIS IS THE BEST GAME FOR ME HOPE YOULL ENJOY IT TOO THANKS FOR READING THIS.,0,2.730.790,2026-07-26T15:41:44,,
Roblox,com.roblox.client,Gaming,e904d959-9e66-4cd9-9b26-744db7f3bb8a,Uttam Bauri,5,,best ever game for millions of games,0,,2026-07-26T15:41:38,,
Roblox,com.roblox.client,Gaming,8824f646-71d7-411f-b92f-61cd8afd7ae2,Laxmi Sethi,5,,good but I think I hate new updates and i love roblox bro it's mt dream I got 100 robix 😆,0,2.731.944,2026-07-26T15:41:11,,
Roblox,com.roblox.client,Gaming,26b236b9-6be7-41ae-81bf-a71777457232,Mukesh Mandaliya,4,,very nice games,0,2.730.790,2026-07-26T15:41:02,,
Roblox,com.roblox.client,Gaming,e2d72c9b-21f1-49dc-8366-7caa901f2bd3,joker,5,,i love blox fruit,0,2.731.944,2026-07-26T15:40:55,,
Roblox,com.roblox.client,Gaming,1cd98d23-cd22-4591-b5d5-54d13e8fbc49,Raymond Erfe,1,,we want our old roblox back,0,2.731.944,2026-07-26T15:40:37,,
Roblox,com.roblox.client,Gaming,a1f32003-6e9d-4e11-9393-8f13c0b130a9,Pranav Prabhav,1,,we want our old Roblox back!!!,0,2.731.944,2026-07-26T15:40:29,,
Roblox,com.roblox.client,Gaming,246b1705-bf45-4cf6-86c5-6756f22a6611,Cooper Johnson,1,,We want are old roblox back!!,0,2.731.944,2026-07-26T15:40:21,,
Roblox,com.roblox.client,Gaming,de616c17-a79d-46c1-a48d-d498c69a0484,Maja Djoric,4,,we want our old Roblox back cause we think you Roblox creator think your not greedy but think again,0,2.731.944,2026-07-26T15:40:10,,
Roblox,com.roblox.client,Gaming,7d624163-c06f-43ba-bb05-6f509ae89a07,Kyran Elson,1,,old roblox,0,2.731.944,2026-07-26T15:39:54,,
Roblox,com.roblox.client,Gaming,cf03c568-d4d5-4cff-9e04-e3c9e2d4367d,Kavy Thakur,5,,this game is so sexy and nice,0,2.730.790,2026-07-26T15:39:44,,
Roblox,com.roblox.client,Gaming,ab24e646-6837-4abd-b79b-89f66e4b3ae9,f9rz1n,1,,bring chat back,0,,2026-07-26T15:39:27,,
Roblox,com.roblox.client,Gaming,2f79a733-5f38-4a65-a02e-d3bf4bd3d12e,Janella Jade Verzosa,4,,It's always glitchy.,0,2.731.944,2026-07-26T15:39:01,,
Roblox,com.roblox.client,Gaming,18da40c8-ff97-42fe-997c-2f21c7830797,Shrad,5,,lts so nice game,0,2.730.790,2026-07-26T15:38:54,,
Roblox,com.roblox.client,Gaming,9ebb2cae-fe0e-40d8-b6b2-2830c2895e85,Cj Loko,1,,dis game in trash,0,2.730.790,2026-07-26T15:38:16,,
Roblox,com.roblox.client,Gaming,41136b1f-a6f1-4426-aef2-42c50e4f604c,Mevredi Bageta,1,,we want our old ROBLOX back bring it back now things that's too expensive lower the price down right now tell me the updates you make suck I want to update,0,,2026-07-26T15:37:34,,
Roblox,com.roblox.client,Gaming,eda03dae-7622-4196-bc37-25b550452d87,Sulochana Kale,1,,we want Roblox back 😭😭😭😭,0,2.731.944,2026-07-26T15:37:24,,
Roblox,com.roblox.client,Gaming,53e804ab-77dd-454a-89de-c743cda80166,Najih Sakha Abdul,5,,i can play Averyting,0,2.730.790,2026-07-26T15:36:35,,
Roblox,com.roblox.client,Gaming,848a934f-5c90-43e3-834e-d96cb90d27e1,Thao,1,,it so bad,0,,2026-07-26T15:36:24,,
Roblox,com.roblox.client,Gaming,46966957-3a28-4fab-8b88-ddeab3dfc8c1,Nazriel Putra,1,,"sudah uninstall game ini karena merasa ga di adilin saya sebagai warga Indonesia, soalnya yang lain di negara Indonesia harga nya turun punya aku mahal bgt serasa ga adil bgt padahal satu negara atau satu wilayah, harap di di turunin harga nya usn aku ""pvrlll"" nanti klo udh turun bakal aku instal, karena aku merasa ga adil dan bikin aku iri dan males top up",0,2.731.944,2026-07-26T15:35:38,,
Roblox,com.roblox.client,Gaming,e4ab3f6f-f82d-435e-b275-b2c9537d1da6,Aisha,1,,WE WANT OUR OLD ROBLOX BACK,0,2.730.790,2026-07-26T15:35:11,,
Roblox,com.roblox.client,Gaming,11a3fb12-e7ff-47d1-967b-1428862ef5e1,Sheena Bien,1,,bring back old Roblox!,0,2.731.944,2026-07-26T15:35:08,,
Roblox,com.roblox.client,Gaming,5cbab944-97a5-44ba-8570-a666407852b9,Alicia Hurbain,5,,the best game,0,2.731.944,2026-07-26T15:35:01,,
Roblox,com.roblox.client,Gaming,fd48a17d-83a1-4851-901e-39ed3b8eab80,Neelopal Adri,1,,we want our old Roblox back,0,2.730.790,2026-07-26T15:34:55,,
Roblox,com.roblox.client,Gaming,7eb7b77c-9d48-4be5-8f44-f8434031205d,Adam. Mehvish256,1,,we want our old roblox back,0,2.731.944,2026-07-26T15:34:16,,
Roblox,com.roblox.client,Gaming,764511e8-e308-4df9-8d7f-3712bdd3f18d,renato cepada,5,,it's so fun,0,2.730.790,2026-07-26T15:33:53,,
Roblox,com.roblox.client,Gaming,284bfc89-e343-48de-ab58-6f56c680a527,Siti Posha Hussim,5,,okk,0,2.730.790,2026-07-26T15:33:37,,
Roblox,com.roblox.client,Gaming,934e62b0-4778-42fc-950e-736e55e6a8c0,Lucas Carvalho,1,,BRING OLD ROBLOX BACK!!,0,2.731.944,2026-07-26T15:33:19,,
Roblox,com.roblox.client,Gaming,817d412f-f917-477e-8a77-ca60d826f524,Puja Thorat,5,,❤️❤️❤️ɢᴏᴏᴅᴅᴅᴅ ɢᴀᴍᴇ❤️❤️❤️,0,2.727.1199,2026-07-26T15:32:51,,
Roblox,com.roblox.client,Gaming,39eb7ff1-0432-46a3-9730-15066efc1b76,Masiha Shakiba,1,,we want our old Roblox back,0,2.730.790,2026-07-26T15:32:39,,
Roblox,com.roblox.client,Gaming,3cb26d65-0062-4b96-a587-c711b3a8a39a,jiji kasso,1,,"Minecraft is better than Roblox because Minecraft lets friends and siblings play together without unnecessary restrictions. Roblox was originally made to help people create games and have fun with friends, but the AI age group detector now separates players based on estimated ages, making it harder for some friends and siblings to join the same experiences. That takes away from what made Roblox enjoyable in the first place. Minecraft keeps multiplayer much simpler, allowing people to play togeth",0,2.731.944,2026-07-26T15:32:37,,
Roblox,com.roblox.client,Gaming,694697b8-728c-4c64-8756-eee2db6d3f1a,alzena putri lia diana,5,,"please fix the empty chat bubble bug, it's very annoying for us to play",0,2.731.944,2026-07-26T15:32:04,,
Roblox,com.roblox.client,Gaming,695ea1eb-f7da-405b-b5e0-45aa2a7e5346,Thabang Poal,5,,fun playing with others and no adds,0,2.730.790,2026-07-26T15:31:51,,
Roblox,com.roblox.client,Gaming,7a930ee8-7e10-4d61-850f-70b0228c6b58,Nibaf Test,1,,every thing is for money and. Roblox is not like it used to be,0,2.731.944,2026-07-26T15:30:30,,
Roblox,com.roblox.client,Gaming,d35bf3e8-4f99-48f1-bfbe-9825273275b0,Adhrav Jain,5,,Adhrav Jain liked it,0,2.730.790,2026-07-26T15:30:23,,
Roblox,com.roblox.client,Gaming,570c9efa-26a5-445a-8412-213762a2721c,Gourangi Choudhary,5,,hi I am rishi nice means wow,0,,2026-07-26T15:30:06,,
Roblox,com.roblox.client,Gaming,fc9955e5-6ffe-4599-82f6-82fd1224bd69,NARENDRA SHARMA,5,,i love you ♥️♥️♥️,0,2.730.790,2026-07-26T15:29:50,,
Roblox,com.roblox.client,Gaming,a7a376d3-7de5-419f-b951-08fdffce41cb,Chiven Galban,5,,da game is to cool,0,,2026-07-26T15:29:46,,
Roblox,com.roblox.client,Gaming,7b9e2e23-3f23-4c7b-8d69-5e72ab8b6c9f,Denielle Mamaed,5,,it's the most Great game I ever have,0,2.730.790,2026-07-26T15:29:18,,
Roblox,com.roblox.client,Gaming,53eb1469-e9c6-4311-b539-267d913d9475,Samad Peak,1,,we want old Roblox noww 🤬🤬,0,2.730.790,2026-07-26T15:29:16,,
Roblox,com.roblox.client,Gaming,001e1406-d920-4272-b48a-896143c95032,Timur,5,,MANY good games u can meet YouTubers and owner admin u can play a game make 1 anything u want,0,2.731.944,2026-07-26T15:29:10,,
Roblox,com.roblox.client,Gaming,9a6b3f5e-0ded-4927-ba07-e5d54735ab28,Pradip Mali,4,,This game is very interesting and there are multiple games but the owner getting bad update before this bad update the roblox was so much fun we can chat with each other play and have fun now this bad update people are so much sad some country banned the roblox but i like roblox so much 😄😀😃👍🏻👍🏻 if owner remove bad update more people will come to play,0,2.731.944,2026-07-26T15:29:04,,
Roblox,com.roblox.client,Gaming,1d723f45-9570-401e-b393-e0755973491f,Eva Krakjica,1,,we want our old roblox back,0,2.731.944,2026-07-26T15:28:21,,
Roblox,com.roblox.client,Gaming,0c0aea7e-8d0b-496e-a634-0291a558ad81,Aswath,5,,best game ever but give blox fruits also a chance to be in the video of introducing as it is the best game.,0,,2026-07-26T15:28:09,,
Roblox,com.roblox.client,Gaming,f31288da-a759-47bf-a120-f72856bb87b4,Ross Malt,4,,I think it's a good game,0,2.731.944,2026-07-26T15:28:09,,
Roblox,com.roblox.client,Gaming,a9d4e581-7f52-4274-9f0b-14bd647432b8,Tony Relmer,1,,"I can't join any games, please.Six bug",0,2.731.944,2026-07-26T15:27:59,,
Roblox,com.roblox.client,Gaming,7b54cf64-e8cb-4b49-b874-4b4c1fdd8dc4,Yuma San,1,,"Cape tidak pernah dapet regional pricing dah setahun lamanya ini sekarang dari awal regional pricing diadakan 2025 lalu masih belum dapet, dah top up di in game tetap tidak bisa dan banding dijawab bot terus, leiko_uesugi akun ini tidak pernah dapat tapi bikin akun baru langsung dapat regional pricing 🙄.",0,,2026-07-26T15:27:55,,
Roblox,com.roblox.client,Gaming,bafe9732-f577-4c83-8fe8-a1d0a9e402c9,Prmila Maurya,5,,best app,0,2.730.790,2026-07-26T15:27:51,,
Roblox,com.roblox.client,Gaming,0c516653-1377-4344-94a3-94890c24a3e6,Owam Mxhaka,5,,the best online game,0,2.730.790,2026-07-26T15:27:38,,
Roblox,com.roblox.client,Gaming,5fd1c7a5-b20c-45f0-9785-2862a59580b8,Hanson Barasa,1,,when my old ROBLOX back,0,2.731.944,2026-07-26T15:27:23,,
Roblox,com.roblox.client,Gaming,88b2841a-f97e-4fd3-9970-ac309916b16d,Medelyn Mira,1,,the new update is is bad my siblings can't play together:(,0,,2026-07-26T15:27:05,,
Roblox,com.roblox.client,Gaming,04ab8076-ee3c-4716-912b-abd5b4f8b2f2,kevin savieri,5,,the experience is very nice ... but I don't like the new updates,0,2.650.742,2026-07-26T15:27:01,,
Roblox,com.roblox.client,Gaming,5f3e8746-c953-4fa1-8e8a-63390779eb9f,Nary Barrett,1,,"Roblox use to be fun, but now its not you can't chat with others so your not getting the fun experience like you use to, you guys keep making the wrong updates taking the wrong stuff trying to make it seem like its 'helping' but its not, take away those r34 outfits and the ones with sexual intent, you guys are ruining the game, feels boring and less fun now, feels like Snapchat if they had mini games on the side, stop this.",2,2.730.790,2026-07-26T15:26:37,,
Roblox,com.roblox.client,Gaming,5e119fbe-65c6-4105-840c-eca3bd15f313,Kieran,1,,we want old roblox back,0,2.731.944,2026-07-26T15:26:33,,
Roblox,com.roblox.client,Gaming,ff9ade62-5615-4dc0-b530-41d4837bedcb,Alfie Lakey,1,,we want old Roblox and chat back,0,2.731.944,2026-07-26T15:26:15,,
Roblox,com.roblox.client,Gaming,0f8f3465-185e-4315-b29d-532062c749fc,Jeosua Sarsaba,5,,it's pretty so love it so much,0,2.727.1199,2026-07-26T15:26:10,,
Roblox,com.roblox.client,Gaming,337cff57-5280-4fff-a915-e9564eddb878,Raymond Festin,5,,this game is really cool. it's like playing a game inside a game. download this game for the best experience,0,2.730.790,2026-07-26T15:25:55,,
Roblox,com.roblox.client,Gaming,f20a024a-7f48-4ac7-821e-2316737228dc,Oscar Ne.,1,,bring us back old roblox,0,2.731.944,2026-07-26T15:25:49,,
Roblox,com.roblox.client,Gaming,97d9f7b8-129a-42a1-af35-482b4bd9c76b,Syeda Zahra,4,,it's a very nice game but some are saying it do fraud,0,2.729.839,2026-07-26T15:25:47,,
Roblox,com.roblox.client,Gaming,2c475fab-8df8-4f5c-a5b6-bdb2fc88e151,Ali Metwally,1,,We want our old roblox,0,,2026-07-26T15:25:21,,
Roblox,com.roblox.client,Gaming,746c3d80-2530-4e7c-a497-e55d6bfc2aff,Alai Lam,5,,This game is the best 👌.,0,2.730.790,2026-07-26T15:25:12,,
Roblox,com.roblox.client,Gaming,93b58529-2213-4b3c-a8d8-035d61befc62,Lieza Acain,1,,"Roblox please bring my account back @0bs3ssed_02, I didn't even know what i did and when the first thing i see when i wake up is my account deleted??, it didn't give me a reason why my account got banned or deleted.",0,2.731.944,2026-07-26T15:25:07,,
Roblox,com.roblox.client,Gaming,a8a72ce4-361b-43fd-8f8a-36e429c032c1,Joynab Bigum,5,,og game is 🏆blox fruit🏆,1,2.731.944,2026-07-26T15:24:21,,
Roblox,com.roblox.client,Gaming,b4b838d9-d5e2-418a-b284-f886813921bb,Yassen Moneer,1,,we want our old Roblox back!,0,2.731.944,2026-07-26T15:24:14,,
Roblox,com.roblox.client,Gaming,defdcf75-ca08-4d34-9059-9ebc045f4a97,Zak Ahsim,1,,we want are old roblox back,0,2.731.944,2026-07-26T15:24:11,,
Roblox,com.roblox.client,Gaming,2fc9b2e5-ebdb-48e1-bc23-319f4f39c4cc,Samantha Preece,1,,we want our old roblox back,0,2.731.944,2026-07-26T15:23:42,,
Roblox,com.roblox.client,Gaming,9e70ec93-d9a3-47fe-ba3a-1ec4ab43318e,Mihir Parui,5,,roblox is a good no very good no very very g good game that i ever played,0,2.730.790,2026-07-26T15:23:22,,
Roblox,com.roblox.client,Gaming,ddf41960-af31-47bb-b98f-04690c625676,Jibril Wells,5,,(: I ❤️ the game,0,2.730.790,2026-07-26T15:23:16,,
Roblox,com.roblox.client,Gaming,cd0d00b4-e19d-4034-b4ee-46981442f485,Samantha Preece,1,,we want our old roblox back,0,2.731.944,2026-07-26T15:22:45,,
Roblox,com.roblox.client,Gaming,227ae8a1-1052-4b21-bcd4-89905da8ceee,David Amamgbo,5,,I love your game pls send me robux and a lot pls bye,0,2.730.790,2026-07-26T15:22:15,,
Roblox,com.roblox.client,Gaming,fa812f43-d92c-4a21-800c-279170be3a31,Bilqis Assyafa,5,,It's very fun!!,0,2.730.790,2026-07-26T15:22:11,,
Roblox,com.roblox.client,Gaming,0d1de597-bf1f-41ee-976c-19944fe2f1eb,John Jacildo,1,,even tho it's good we just need to revert the old update it used to be 4.1+ rating but it failed cause David is too stubborn to revert the bad updates that's why they'res continues blackouts,0,,2026-07-26T15:21:40,,
Roblox,com.roblox.client,Gaming,39ad8d51-9598-45bc-b710-84505867a807,Slow Motion,1,,we want old roblox back,0,2.731.944,2026-07-26T15:21:26,,
Roblox,com.roblox.client,Gaming,8b169538-6707-4886-8ef4-c790a2bf44fa,AMAN AI YT,5,,MERA FAVOURITE GAME HAI 😘 AUR MERI ISMEIN EK GIRL FRIEND HAI:),0,,2026-07-26T15:21:21,,
Roblox,com.roblox.client,Gaming,4b5070ff-dd5b-4384-85ae-a44479b23136,Senthamarai Vijay,5,,it is nice,0,2.730.790,2026-07-26T15:21:07,,
Roblox,com.roblox.client,Gaming,211e0d56-3581-4c32-a07a-e5cdbd517d97,neha mahi,5,,B hai Main tumhen five Star Diya hun lekin mera rival game start nahin ho raha hai please start kara do 🙏🥺😆🙏🙏🥺🙏🙏🥺🙏🥺🙏🥺🙏🥺🙏🥺🙏🙏🙏🥺🥺🙏🙏🥺🙏🥺🙏🙏,0,2.730.790,2026-07-26T15:21:00,,
Roblox,com.roblox.client,Gaming,5fdac008-b744-4cb4-85a3-31c29ba74866,River Weaver,1,,I'm sick of terrible updates.,0,2.731.944,2026-07-26T15:21:00,,
Roblox,com.roblox.client,Gaming,75b1cabf-8774-4b46-adac-3ea6ebda8002,Ralph Robert Muñoz,1,,we want our old roblox back,0,,2026-07-26T15:20:38,,
Roblox,com.roblox.client,Gaming,266e8812-4cdb-473a-890e-ecf7f3a78145,Juluga Henry,5,,"Honestly, the platform is really good. The fact that you can play a lot of games on one app really makes sense. Also it uses block type avatars which makes it unique than most games. Only problem is that sometimes my game lags, but overall, it's really good. 5 star rating",0,2.730.790,2026-07-26T15:18:53,,
Roblox,com.roblox.client,Gaming,e28c9a24-9645-4747-8924-df1e1fa9b920,UK account TikTok,5,,ye game bhot gatia hai mager maza ata hai,0,2.730.790,2026-07-26T15:18:16,,
Roblox,com.roblox.client,Gaming,38731b9d-75a1-45cd-afd2-e5dd1551c304,Ethan,2,,laggy as hell,0,2.730.790,2026-07-26T15:18:12,,
Roblox,com.roblox.client,Gaming,4dff61d9-fd57-4d29-8747-172c420a8d4c,Crystal Piorkowski,1,,👎,0,2.697.926,2026-07-26T15:17:59,,
Roblox,com.roblox.client,Gaming,b87f81b2-811e-4ad8-8a41-1905bdfd4655,Analie Turno,5,,the roblox is so beautiful I like it so much i rate this 50000000 I like this every day da day thank you very much developer to convante this game thank thats all I appreciate d dis all the time,0,,2026-07-26T15:17:57,,
Roblox,com.roblox.client,Gaming,82477ff4-192a-47c8-a2b8-3041d340551e,Neena,1,,we want our old Roblox back,0,2.731.944,2026-07-26T15:17:51,,
Roblox,com.roblox.client,Gaming,4d647557-2780-45ca-8f4d-d85799927e57,Brahmanad Agarwal,5,,nice gameplay ever. Also it has many games,0,,2026-07-26T15:17:47,,
Roblox,com.roblox.client,Gaming,db5598bb-daf3-49f3-a898-5d47486e1a25,Aarush Sivanantham,1,,we want our old roblox back!!!,0,2.730.790,2026-07-26T15:16:50,,
Roblox,com.roblox.client,Gaming,19d9ed54-a7f6-4179-a7f1-8e158ca56aba,Tobias Medricky,1,,we want old Roblox back!!!,0,2.730.790,2026-07-26T15:16:24,,
Roblox,com.roblox.client,Gaming,8a3afc73-e862-4d63-941f-4431cf216e04,Mehran Idk,1,,DUDE I DONT NEED MY FREAKING PARENT'S EMAIL JUST TO GET ROBUX THAT MY FRIENS SENT ME LET ROBLOX KIDS PLAYERS BE A LITTLE FREE IN ROBUX SO I CAN ENJOY MORE,0,,2026-07-26T15:16:06,,
Roblox,com.roblox.client,Gaming,07787688-4e68-4d6a-b6b0-dd140320e696,Abdul Hannan,1,,we want our old roblox back,0,2.731.944,2026-07-26T15:15:48,,
Roblox,com.roblox.client,Gaming,eb1c5e82-d1cf-464c-b041-62d960088777,sanjukanwar,1,,we want our old roblox back😡😡😡😡,0,2.730.790,2026-07-26T15:15:37,,
Roblox,com.roblox.client,Gaming,5038837f-bb96-4a27-ae3a-e7638d5ca803,Hinaben Patel,5,,nice,0,2.730.790,2026-07-26T15:15:26,,
Roblox,com.roblox.client,Gaming,8dd21ff9-4920-47a5-b4df-45f115fac884,M alzahmi,1,,I hate this game and updates please bring old roblox back,0,2.731.944,2026-07-26T15:14:58,,
Roblox,com.roblox.client,Gaming,b2fb6c0d-3924-45a2-8f8f-f466f181ddcd,Ariyan,5,,واقعا بازی جالبیه,0,,2026-07-26T15:14:38,,
Roblox,com.roblox.client,Gaming,32d8b4ea-b7e2-456f-a910-4e5332c2b746,Keji Tanzan,1,,I like Roblox very much but bring back the chat again 😭,0,,2026-07-26T15:14:00,,
Roblox,com.roblox.client,Gaming,04480d23-eae5-417d-a0c3-ca63b6ff344d,Mohd Sadiq,5,,game bahut acche Hainn,1,2.731.944,2026-07-26T15:13:52,,
Roblox,com.roblox.client,Gaming,f4e55dcb-f2d2-4f45-b0b1-ca7d699395b7,Gracezea Estaura,1,,We WANT OLD ROBLOX BACK! Please.,0,2.731.944,2026-07-26T15:13:48,,
Roblox,com.roblox.client,Gaming,689be883-2876-4b95-abfe-d758f0aef32a,Chavvi Agarwal,1,,we want old roblox back,1,2.730.790,2026-07-26T15:12:39,,
Roblox,com.roblox.client,Gaming,da8c5df9-1eae-4eb2-8542-b8f84914be23,Charlotte Tully,5,,it is fun amazing and has lots to do on roblox,0,2.730.790,2026-07-26T15:12:31,,
Roblox,com.roblox.client,Gaming,bcc9ed00-9c9b-4fd1-865d-6d346773f4ea,Sanjay Chahar,5,,This is my game because you have this game friends,0,2.730.790,2026-07-26T15:12:24,,
Roblox,com.roblox.client,Gaming,ca1bda3e-b348-4de7-a8c6-cdca4fdd7608,Angela Tibalao,1,,13-15 cannot accept robux?,0,2.731.944,2026-07-26T15:12:06,,
Roblox,com.roblox.client,Gaming,9f65adea-1931-4cfc-b133-e22decfdb886,Tarif Zaman,5,,It is a very good game,0,1.730.790,2026-07-26T15:12:06,,
Roblox,com.roblox.client,Gaming,833d15f1-3f17-4534-b6e8-b829ec961f97,Bhamee,1,,I can crash game,0,2.730.790,2026-07-26T15:12:06,,
Roblox,com.roblox.client,Gaming,8559c0a7-5916-4685-b1eb-4a494b8d7e82,Kristal Joy Patoros,4,,i cant see words in the bubble chats,0,2.731.944,2026-07-26T15:12:05,,
Roblox,com.roblox.client,Gaming,38f57795-48c3-4802-8a63-65da4bf7a313,Maria Benchaoui,1,,we want old roblox back and chat please,0,2.731.944,2026-07-26T15:11:31,,
Roblox,com.roblox.client,Gaming,81306841-c424-4371-98a4-f6bb324410b4,Tasos Rentetakos,1,,"1 star.. The new age group update and overall the updates in general suck, forcing r15, and so much more. I wish i could say more. Roblox has had a huge downfall. Greedy people.",0,2.731.944,2026-07-26T15:11:27,,
Roblox,com.roblox.client,Gaming,54c1e853-f2ba-4894-9f9c-81eb518a02c0,marina khanam,4,,It's very amazing. I can play every tipe of games here.😁😁🤗🤗,0,2.730.790,2026-07-26T15:11:14,,
Roblox,com.roblox.client,Gaming,71279cf0-9ac6-4589-ade4-eb96e6695dd7,Mahaz Zahan,5,,Nice game ever jsjwjjw,0,2.730.790,2026-07-26T15:11:01,,
Roblox,com.roblox.client,Gaming,8f484ad8-79a7-42d0-a28c-3511a8a25597,Aminabano Shaikh,5,,nice i God player,0,,2026-07-26T15:10:39,,
Roblox,com.roblox.client,Gaming,573f5efb-dbe8-4ccf-bc40-5f0f98b51925,Harminy White,5,,amazing,0,2.730.790,2026-07-26T15:10:16,,
Roblox,com.roblox.client,Gaming,2a6f60f9-8b81-489c-87d9-626dcb82e66c,Tharique muhammed,5,,nice,0,2.730.790,2026-07-26T15:10:04,,
Roblox,com.roblox.client,Gaming,84b4be47-fa2b-4fa4-83f4-7efc8ae63b42,Juan Guevarra,1,,we want old roblox,1,,2026-07-26T15:09:54,,
Roblox,com.roblox.client,Gaming,ecef63f3-9a6e-4e4e-9c68-cb110c8018fc,misa shameer,5,,"now words yo✨. this game is one of the best games I've played in my entire life. so many games to play, with frnds, cousins, so many survival, roleplay, adventure, creative games. You should play this game even one time before you dies.",0,2.727.1199,2026-07-26T15:09:35,,
Roblox,com.roblox.client,Gaming,17cd5600-b207-4374-a941-d527b310d6bf,Janson Kimani,1,,we want our old Roblox back,0,2.731.944,2026-07-26T15:09:16,,
Roblox,com.roblox.client,Gaming,01b9cf32-9b5a-460d-b308-540ce79fe8b3,YeeterSenko,2,,"This platform was once a booming game from a previous decades, Once a higher rating but now this game changes alot for it's absolute downfall from how the currencies became much higher, features were once people's favorite got removed, countless AI Packings, stuffs or UGC's that never once was agreed from the community being set from the game itself like it was forced to. The game also became pretty buggy, unresponsive, poor moderations too.",4,2.731.944,2026-07-26T15:09:09,,
Roblox,com.roblox.client,Gaming,91af6f55-f645-4498-b40d-a87d9476371d,Efe Olaye,5,,lt is so fun,0,2.731.944,2026-07-26T15:08:58,,
Roblox,com.roblox.client,Gaming,b7bc7a08-9eb6-441d-acce-641e372c4fee,bhany sarcia,5,,I love rivals,0,,2026-07-26T15:08:47,,
Roblox,com.roblox.client,Gaming,059f813e-e9e2-4fbc-8789-5a0260f46178,Maximiliano Remera Rojas,5,,I just love this game 🎮,0,2.730.790,2026-07-26T15:08:33,,
Roblox,com.roblox.client,Gaming,cc735d19-d008-422b-a2c4-0b6b09d87de2,velisetty sai akhil,1,,so horrible 😡😡😡😡😡😡,0,2.730.790,2026-07-26T15:08:03,,
Roblox,com.roblox.client,Gaming,c79aff3e-50bc-4459-853b-2628010cb301,Gandara Ako,5,,so good and samtaym bad,0,2.730.790,2026-07-26T15:07:56,,
Roblox,com.roblox.client,Gaming,99bb8cfc-0a7f-4c16-a41c-45209c8d000c,rr caylan,1,,roblox roblox why my account cannot open and then my roblox cannot open,0,,2026-07-26T15:07:23,,
Roblox,com.roblox.client,Gaming,cce70c77-5693-4887-bebd-b8e2c048439d,Joel babafemi,1,,i hate this game if you want it to be realistic just make a new game dont ruin our roblox you Idoits,0,2.730.790,2026-07-26T15:06:54,,
Roblox,com.roblox.client,Gaming,aa19f3c1-5678-4b71-a46b-38a24628420b,ShuttleCraft Academy,5,,itz great + lots of friends can be mad,0,2.730.790,2026-07-26T15:06:52,,
Roblox,com.roblox.client,Gaming,40b0c57f-410e-4037-9b45-fcd589916aed,finaz finaz,5,,good.,0,2.730.790,2026-07-26T15:06:52,,
Roblox,com.roblox.client,Gaming,79ca95f6-8bf9-40be-be6b-a314fd8a98a6,Nyx Hera Dotimas,5,,happy and good gamess,1,,2026-07-26T15:06:28,,
Roblox,com.roblox.client,Gaming,12c2ae0e-768a-4ea6-9f8e-c00636a20fa3,Mama Jiu,1,,we need old roblo,1,2.731.944,2026-07-26T15:06:18,,
Roblox,com.roblox.client,Gaming,0ba627c2-9935-4ff3-9191-61c7079b3b40,Jemma Quintayo,5,,Roblox is cool you can make friends and alot Five star,1,2.731.944,2026-07-26T15:05:58,,
Roblox,com.roblox.client,Gaming,b87a1d99-6070-44d8-a390-06b8f123c057,Bhavesh Halpati,5,,best game 🎯,0,2.730.790,2026-07-26T15:05:37,,
Roblox,com.roblox.client,Gaming,1598c848-2c82-49c4-9960-9ec230103eb3,Xaris Karvazonis,1,,we want old Roblox back,1,2.731.944,2026-07-26T15:05:35,,
Roblox,com.roblox.client,Gaming,8124f460-3aac-4813-80e7-5aed5ddfe573,Yamin,3,,you know why i put 3/10 becasue david bazuki been making lots of bad updates like face verification and other things well theres games thats fun and games that are boring,0,2.730.790,2026-07-26T15:05:34,,
Roblox,com.roblox.client,Gaming,03f4ed6e-a41f-4d2d-a055-42980440bdf5,dixit bogati,1,,we want old Roblox back!!,1,2.731.944,2026-07-26T15:05:32,,
Roblox,com.roblox.client,Gaming,7464e407-7342-442b-b2d0-ccccf857159a,Joel Babafemi,1,,this is very bad i want old roblox,0,,2026-07-26T15:05:19,,
Roblox,com.roblox.client,Gaming,a0a1b406-fc5f-4a7b-a78c-c9cb90eaf364,isiah,5,,good games,0,2.730.790,2026-07-26T15:04:53,,
Roblox,com.roblox.client,Gaming,61c927f5-a5a4-4865-8022-43a044d6f50d,karna tiwari,1,,we want old Roblox back,0,,2026-07-26T15:04:52,,
Roblox,com.roblox.client,Gaming,391088d6-2517-4ecb-b04e-874fd1edd08f,Joel Adewale,1,,i want the old roblox back this is so stupid,0,,2026-07-26T15:04:49,,
Roblox,com.roblox.client,Gaming,2f2971ea-33ac-4a46-bbad-e5226f8b44ea,aida rahim,5,,ok?,0,2.731.944,2026-07-26T15:04:46,,
Roblox,com.roblox.client,Gaming,43076910-ec56-4a32-b737-7a37f4eaa884,Adesh Kumar,5,,this is my one of the favourite game and it have many maps I love it,0,2.730.790,2026-07-26T15:03:31,,
Roblox,com.roblox.client,Gaming,bacc4078-6c37-4661-9ec3-17d355828283,Muhammed Azlan,1,,we want old roblox back,0,2.730.790,2026-07-26T15:03:31,,
Roblox,com.roblox.client,Gaming,e3136a5b-f1a9-46b0-b690-90d1a5e4bf1e,Wei Yee Tan,5,,Fun,0,2.730.790,2026-07-26T15:03:03,,
Roblox,com.roblox.client,Gaming,4b495695-bd92-4cab-b983-24e0e2e78360,Dhananjay Shinde,5,,good game,0,2.730.790,2026-07-26T15:02:48,,
Roblox,com.roblox.client,Gaming,45f43171-5c27-4aa8-a63c-150b44f986ce,VINCENT ANG,1,,i miss old Roblox,0,2.731.944,2026-07-26T15:02:28,,
Roblox,com.roblox.client,Gaming,eb61534b-3383-452c-9f06-d2d21a0c5db9,Julian Gomez,1,,yoo ts terrible y'all be so fr💔🥀 this update is so bunz💔,0,2.731.944,2026-07-26T15:02:02,,
Roblox,com.roblox.client,Gaming,ef9fe3bd-eb2d-406b-9745-f14c541bdc9d,Y Julaidan,1,,bring back old roblox pls,0,2.731.944,2026-07-26T15:01:46,,
Roblox,com.roblox.client,Gaming,0511093d-a52d-4ba0-8d54-9b62d9360d86,Khadheeja Dawood,5,,I love it means friendships,0,2.730.790,2026-07-26T15:01:44,,
Roblox,com.roblox.client,Gaming,06d3ba9d-51cd-4044-95c3-3cc68711c9ec,Soma Ghoshh,5,,play Roblox and fun. make new friends 😜 i love you Roblox. buy some robux and a new avatar.,0,2.730.790,2026-07-26T15:01:41,,
Roblox,com.roblox.client,Gaming,80c157b5-8702-4e89-8767-e4c777df1fd3,Jyrossly Manlangit,1,,why it change a lot I will never play this if it's not updated well,0,2.730.790,2026-07-26T15:01:18,,
Roblox,com.roblox.client,Gaming,f2839a4b-4785-4f71-8035-a3760010aea1,ROPSON GEORGE,1,,old roblox back,0,2.731.944,2026-07-26T15:01:12,,
Roblox,com.roblox.client,Gaming,104b186d-0f63-405e-9371-4838a2384ee3,Pallavi Sinha,1,,give are old Roblox back,0,2.730.790,2026-07-26T15:01:00,,
Roblox,com.roblox.client,Gaming,1d029f55-8260-4dee-aec9-31cae0d005a5,Syah Oldham,1,,we want are own roblox back!,1,2.730.790,2026-07-26T15:00:54,,
Roblox,com.roblox.client,Gaming,4454cf0a-e728-42a3-bcbf-68a67928be7f,Julious Goff,1,,"need an expensive phone, PC, or consol to play any game without glitches.",0,2.731.944,2026-07-26T15:00:41,,
Roblox,com.roblox.client,Gaming,8a7967f9-a0ea-41f8-a0ae-f650e5450ec3,Vineet Kumar Singh,5,,best,0,2.730.790,2026-07-26T15:00:13,,
Roblox,com.roblox.client,Gaming,0487be82-5b8a-49c7-8711-96a79c1b0cec,Miron Larichev,1,,najgorsza gra na świecie,0,2.731.944,2026-07-26T15:00:13,,
Roblox,com.roblox.client,Gaming,50fac4d4-4ae0-4750-a0e9-83b3071fa575,Sindhu,5,,Enjoyed a lot guys 🤓,0,2.727.1199,2026-07-26T15:00:12,,
Roblox,com.roblox.client,Gaming,04e70e01-4569-4a0d-ae83-02ff25341389,Sanjeev Kumar Verma,1,,we want our old Roblox back!!,0,,2026-07-26T14:59:59,,
Roblox,com.roblox.client,Gaming,cca62e9e-e1ea-4783-892c-202d6bfe27e6,Bhaskar Lokhande,5,,game is nicely,0,,2026-07-26T14:59:30,,
Roblox,com.roblox.client,Gaming,39512b44-d644-47ae-83a2-de846214242b,Niraj Kokate,5,,game is very good,0,,2026-07-26T14:59:17,,
Roblox,com.roblox.client,Gaming,cf35fa5d-ff23-468d-ace2-e5293b408cfc,Angelina,1,,We want old Roblox back,0,,2026-07-26T14:59:06,,
Roblox,com.roblox.client,Gaming,273cb543-4241-4517-8f9b-19f92a646525,ESPORTS GAMERS,1,,Worst i have ever seen. now it is even worse,0,2.676.531,2026-07-26T14:58:56,,
Roblox,com.roblox.client,Gaming,e83efae4-3714-4a97-a926-bad5f5695573,boss Maynard,5,,make the game like it was in the old days in 2020,0,2.730.790,2026-07-26T14:58:53,,
Roblox,com.roblox.client,Gaming,fa4d0cd1-81b2-494c-baf2-1a17d262de96,Mj Ofong,1,,we want our old roblox back,0,2.731.944,2026-07-26T14:58:23,,
Roblox,com.roblox.client,Gaming,c373acb0-3dc7-4ec0-ad75-b2ed6ba4b531,swati dubey,5,,nice 🤩 game I like it,0,2.730.790,2026-07-26T14:57:13,,
Roblox,com.roblox.client,Gaming,5cd96275-3faa-4ed6-ac80-d34d315509d0,Ricardo Geronimo,4,,I love the game but they remove the og,0,2.729.839,2026-07-26T14:57:02,,
Roblox,com.roblox.client,Gaming,f9138b24-ba07-48a6-9840-4c5408582569,mushalim mustafa,4,,I really like the game most game I play no bored at all,0,2.730.790,2026-07-26T14:56:02,,
Roblox,com.roblox.client,Gaming,fbbab5a0-1e5c-47ee-808e-3aec8afc795f,Dipti Fadadu,5,,wow,0,2.730.790,2026-07-26T14:54:44,,
Roblox,com.roblox.client,Gaming,23c1b8f0-2312-4c12-b051-012b5e2d81f3,Aldrin Lopez,1,,we want our old roblox back,0,2.730.790,2026-07-26T14:54:17,,
Roblox,com.roblox.client,Gaming,1708b536-269f-4411-b1f8-3ee5fb624b0b,Nar brd Thapa,5,,can't explain this game because it's to Good👍,0,,2026-07-26T14:54:12,,
Roblox,com.roblox.client,Gaming,44e40900-9452-4dd6-8649-996601feb858,Harzallah Sarra,5,,ngl it's my fav game anyways BAII,0,2.727.1199,2026-07-26T14:54:00,,
Roblox,com.roblox.client,Gaming,3a2bc169-9431-453d-906a-05f7344cf87d,Tanuja Rajgor,5,,Roblox is the best,0,2.730.790,2026-07-26T14:54:00,,
Roblox,com.roblox.client,Gaming,4afab67c-0749-450f-acf1-d1b849858b48,christo benkwitz,5,,It's very fun and you never get bored,0,2.730.790,2026-07-26T14:53:47,,
Roblox,com.roblox.client,Gaming,6f3b956a-698f-4c6d-8b46-65cea724bbfa,Nduvho Rasihkwela,1,,we want the old Roblox back,1,2.731.944,2026-07-26T14:53:07,,
Roblox,com.roblox.client,Gaming,04211d08-7aaf-4896-889d-c83e52508a46,Iram Ahsan,1,,we want old Roblox back😭😭😭😭😭😭,0,2.730.790,2026-07-26T14:53:07,,
Roblox,com.roblox.client,Gaming,57e4d437-55a8-4bb3-9d58-c068a437f62c,Sparsh,1,,we need old roblox back,0,2.730.790,2026-07-26T14:52:50,,
Roblox,com.roblox.client,Gaming,8e9bb49b-8a45-4386-840b-4345f8fa09f8,Uzair Mohammed,5,,so nice game,0,2.730.790,2026-07-26T14:52:42,,
Roblox,com.roblox.client,Gaming,1d4f3b34-9059-4932-9a95-7990eb23a239,Lyn Patricio,3,,I can't find the Roblox promo code I give this 5/5 if I find the Roblox promo code 😥😥,0,,2026-07-26T14:52:35,,
Roblox,com.roblox.client,Gaming,336de0b1-c1c5-4ce0-a555-710a03c4be4e,raju sreenivas,5,,this is the best game i ever seen,0,2.730.790,2026-07-26T14:52:30,,
Roblox,com.roblox.client,Gaming,0ae42b19-e081-4a14-8564-5c66e1029e1d,stef stef,1,,I want my old roblox back,0,,2026-07-26T14:51:55,,
Roblox,com.roblox.client,Gaming,9be681c4-ca94-4165-ae33-9b65927fe536,Rehan Dutt,5,,it good for childs adults also,0,,2026-07-26T14:51:39,,
Roblox,com.roblox.client,Gaming,0d0f9854-6827-4f67-b86f-d6af7ede6ef2,Melvin Garbin,5,,I love roblox,0,2.730.790,2026-07-26T14:51:31,,
Roblox,com.roblox.client,Gaming,5872403a-4f46-41ca-b542-368fb686fc84,Md Ali,5,,this is a best game of my life 😍 इस गेम के अंदर आईसीसी गेम है कि मैं सोच भी नहीं सकता था मैं आज इस गेम को खेलते हुए पूरे 5 साल होते होने चला है पर मुझे एक गेम को बोरिंग का भी लगता ही नहीं है जब भी खेलता हूं बहुत अच्छा लगता है यार इसके अंदर आईसीसी गेम है कि मैं क्या ही बताओ जो भी खेलेगा वह कभी सोचा नहीं सकता।,0,2.704.1060,2026-07-26T14:51:25,,
Roblox,com.roblox.client,Gaming,a3534800-483e-4fe3-90eb-75523bf74ba5,Amna Junaid,4,,I love this game but when I play natural disaster IT KICKS ME OUT OF THE GAME LIKE BRO CAN I PLAY PEACEFULLY but I like this game alot but sometimes a bit glitchy,0,2.731.944,2026-07-26T14:51:07,,
Roblox,com.roblox.client,Gaming,76cc55ad-2a38-4a5a-92ae-75952984d209,097 801,5,,really fun make new friends,0,2.731.944,2026-07-26T14:50:52,,
Roblox,com.roblox.client,Gaming,8ce26acc-fbb2-4765-a2ab-c60f894624de,Pedram Nouri,5,,I like Roblox,0,2.730.790,2026-07-26T14:50:39,,
Roblox,com.roblox.client,Gaming,35ee07a6-2779-43cf-b288-abba51e454c2,Sita sangyu,1,,we want our old roblox back,0,,2026-07-26T14:50:13,,
Roblox,com.roblox.client,Gaming,ca50f1e5-9a72-4b1d-a152-a357b2f19170,Cooper Youngs,1,,I want the old roblox back pls,0,2.730.790,2026-07-26T14:50:11,,
Roblox,com.roblox.client,Gaming,b18737e0-aff6-4ed6-ab9f-2590a8ec2884,Jacky Cheruiyot,5,,it's the best game in the world,0,2.730.790,2026-07-26T14:50:01,,
Roblox,com.roblox.client,Gaming,e7ebc380-0fe5-4c00-ae36-4efb5ba53296,Jhonel Canete,5,,it's fun to play,0,,2026-07-26T14:49:54,,
Roblox,com.roblox.client,Gaming,b6b24ad5-f4d1-4794-8f40-248c78767f3a,Talari Sujatha,5,,nice game,0,2.731.944,2026-07-26T14:49:10,,
Roblox,com.roblox.client,Gaming,78161b97-b7d1-4725-b735-565de0f31bc2,Dominic Asia,1,,put back the old roblox😡,0,,2026-07-26T14:48:48,,
Roblox,com.roblox.client,Gaming,2c0e6deb-5f01-4401-9ca1-13074ac18093,Kimberley Barnes,1,,we want our old Roblox back not this,1,2.731.944,2026-07-26T14:48:46,,
Roblox,com.roblox.client,Gaming,142a0430-1a82-409e-87ff-0ce0042cc97c,Sajid Talib,5,,I like it so beautiful games,0,2.730.790,2026-07-26T14:48:24,,
Roblox,com.roblox.client,Gaming,a2e1472b-e031-4867-8022-d6bcfc24a25f,Tahsin,5,,nice 👍🏽 and cool,0,2.730.790,2026-07-26T14:48:23,,
Roblox,com.roblox.client,Gaming,29386b10-f017-4d97-9bb1-6eefa94f4172,Johnkyle,1,,it is addicting and so bad I do t wanna see it except for pet sim x and pet sim 99,0,,2026-07-26T14:48:21,,
Roblox,com.roblox.client,Gaming,fec33c10-3c27-46c7-b598-b0b26e9a9dd7,Greg Birkholz,1,,add everything back I will still play but I'm not going to try to get chat back,0,2.730.790,2026-07-26T14:48:04,,
Roblox,com.roblox.client,Gaming,09434494-9c51-4d16-9d6a-7b5c283a6231,Saif Rayyan,1,,thanks for the backlash roblox banned chat for middle east for 10 months without any new update for now I had quit this game on all of my accounts until our communication is back bye roblox,1,2.730.790,2026-07-26T14:47:47,,
Roblox,com.roblox.client,Gaming,8db10650-2fe5-40a8-b127-517aa52b8922,Ukasha Ukasha,5,,it is Soo fun and good 👍,0,2.731.944,2026-07-26T14:47:46,,
Roblox,com.roblox.client,Gaming,495b85d6-d93e-4360-8d4e-6a9df035200d,Mankirt Singh,1,,bring chat back!!!!!!!! liar daviddddd worst moderation or just resign,1,2.730.790,2026-07-26T14:47:30,,
Roblox,com.roblox.client,Gaming,cad04c19-4c49-44fd-9b83-8834af22d7b3,NR Regrigeration,5,,Roblo is a good game im playing for 4 years the only problem is that Most players are bots,0,2.731.944,2026-07-26T14:47:21,,
Roblox,com.roblox.client,Gaming,e171e7d8-289a-44e4-af3b-862bebe770dd,Jerome Olugar,5,,It's so beautiful,0,2.730.790,2026-07-26T14:47:15,,
Roblox,com.roblox.client,Gaming,de26dd5f-a938-4d0f-9be1-299a4fdd64eb,Hawwa Sana,1,,we want our old roblox back,2,2.726.1142,2026-07-26T14:46:21,,
Roblox,com.roblox.client,Gaming,12265d90-594c-47ba-b6b1-242c06852198,Baljinder Kaur,5,,This is very interesting game I like it,0,2.727.1199,2026-07-26T14:46:05,,
Roblox,com.roblox.client,Gaming,02f5e4f1-fb2c-4081-b1b6-e9aaa75294b7,Natalie Dodgen,5,,it's a nice game,0,2.730.790,2026-07-26T14:46:03,,
Roblox,com.roblox.client,Gaming,8385f6f2-bc71-4ac3-a30a-017ff136ec37,Maliika Milaana,4,,I do think Roblox is a really fun game because there is so many gmaes to pick from and also enjoy playing with friends but it needs lots of internet and in my opinion I see things to over priced especially Robux and VIP like in dress to impress. Roblox is a fun game though!,0,2.730.790,2026-07-26T14:45:27,,
Roblox,com.roblox.client,Gaming,721caa1d-3676-4b41-b369-0b885ed2ba39,dan wet,1,,"don't let your kids play this game. to all parents reading this review this is an app that has proven itself to support child predators. on top of them making gameplay worse by adding""child safety features"" that I've seen young kids bypass to play 18 plus servers. all in all don't support these people and find another safer app that isn't both harmful and worsening user experience by the day",0,2.501.362,2026-07-26T14:45:25,,
Roblox,com.roblox.client,Gaming,fd38a6ef-4f1b-4feb-b88e-c7988a76d18e,Cletus Peace,2,,pls bring old roblox back 😭😭,0,2.730.790,2026-07-26T14:44:56,,
Roblox,com.roblox.client,Gaming,bbf69ca8-f269-4939-9f8c-2825f3c28a14,Shaista Sultana,5,,very fun 😜,0,2.730.790,2026-07-26T14:44:55,,
Roblox,com.roblox.client,Gaming,75ba25c0-bf40-42f3-8f48-90e4d799303e,Aaradhy Bhesaniya,5,,wow what q amzami g game,0,2.695.956,2026-07-26T14:44:32,,
Roblox,com.roblox.client,Gaming,3b55ecda-e8cf-4aad-958d-1e583a59bbf1,Bakri Ali,1,,we want old Roblox back,0,2.731.944,2026-07-26T14:44:08,,
Roblox,com.roblox.client,Gaming,afd8815e-82d5-4126-9562-6e663c3742c1,Kathleen DeRonda,1,,I added this random account thinking it was a new friend and my Adopt Me got hacked while i was offline. All my good pets were stolen,0,,2026-07-26T14:43:57,,
Roblox,com.roblox.client,Gaming,061e3dd0-6dc8-4ef8-9ade-9dcaae890a87,sandhyaveer01,4,,very nice and good,0,2.730.790,2026-07-26T14:43:23,,
Roblox,com.roblox.client,Gaming,34a922ea-2a09-4986-8356-19fa28222c3c,Leunicelyn Olarte,3,,this game has gotten worse when the age verification and the chat lock and 3d face now adding those 2d idk things on this app but I still love this game and I keep playing it and buying robux cuz I love that one game,0,2.731.944,2026-07-26T14:42:59,,
Roblox,com.roblox.client,Gaming,52521b17-a7d5-4c67-8f91-8f548ee72b91,Suhani Agrawal,5,,Roblox is the best game i mate gamerfleet here and you know he is my most favourite gamer he is my inspiration I love Roblox I even made him my friend bruh😭,0,2.729.839,2026-07-26T14:42:42,,
Roblox,com.roblox.client,Gaming,7acf8617-730c-4b8d-bc58-e2fb6d4407bd,Novrizal Koto,3,,Bring back Chat In indonesia Instead Of Cant chat Just Do Roblox Kids Can chat To roblox kids Roblox select chat to roblox select and Roblox Normal Chat To roblox Normal So Theres a chat Without Banning It from roblox kids I hope Ceo Of roblox Read this,0,2.730.790,2026-07-26T14:42:37,,
Roblox,com.roblox.client,Gaming,e45d10db-cf61-4103-9359-7747be68abaf,Kaye charlyne Nicolas,5,,it's fine 🙂 and friendly player's,0,2.730.790,2026-07-26T14:42:23,,
Roblox,com.roblox.client,Gaming,a9d74ea6-a976-4358-be21-b27acffd5df9,Aparna Roy,5,,"I had an account but as i deleted Roblox and re-downloaded it and clicks at use passkey the whole thing froze and nothing works and if I tried with my number it sends no code and says to enter a six digit code but I don't even get it,what do I do? there was my blox fruit account, how to fix that glitch, it happens every single time I try,i even re-downloaded many time at different times,it still stucks there, i tried every way to recover my id. Roblox fix it please.and all over the game is good",5,2.731.944,2026-07-26T14:41:54,,
Roblox,com.roblox.client,Gaming,c6567cf7-d525-4176-8927-baa9cff88504,Michael_Xin,1,,This app is definitely owned by a tiny cap people. 😂,0,2.710.707,2026-07-26T14:41:30,,
Roblox,com.roblox.client,Gaming,0dd95d42-30f6-41e7-b12f-a23901346256,Muzdalifah Sayyada,5,,nice app very nice,0,2.727.1199,2026-07-26T14:40:52,,
Roblox,com.roblox.client,Gaming,a02af79b-dce5-4462-ad0b-01a584a4d169,Matgonian Deka,1,,we want our old Roblox back,0,2.731.944,2026-07-26T14:40:41,,
Roblox,com.roblox.client,Gaming,6b89ed16-680f-45fb-9f0a-46d0039e096a,Kailash Kumar,5,,best game,0,2.724.735,2026-07-26T14:40:21,,
Roblox,com.roblox.client,Gaming,5b471508-ba15-4501-8e68-29da616ce444,Carlito Solasco,5,,"I really love your game but the problem is I can't open it, when I open it it shows my internet is low but even tho my internet is fast.",0,2.731.944,2026-07-26T14:40:16,,
Roblox,com.roblox.client,Gaming,7ad9aa46-881a-4353-abf5-2ba8e78c46f1,Aryan _gaming001,1,,worst game my id has gone ban in falls allegation and I have done appeals and mails but they didn't even see one,0,2.731.944,2026-07-26T14:39:58,,
Roblox,com.roblox.client,Gaming,35c8c12b-3b05-4345-9686-3f7f3bd71971,Aarti Verma,5,,good game,0,,2026-07-26T14:39:37,,
Roblox,com.roblox.client,Gaming,ef4deaca-c8af-4282-8772-15005a7fbf36,Harley,1,,old one back please,1,2.731.944,2026-07-26T14:39:28,,
Roblox,com.roblox.client,Gaming,50c1ffe6-dc3f-4d2f-b878-a0f8c1a9b065,Abbas Sohail,5,,very good game,0,,2026-07-26T14:39:24,,
Roblox,com.roblox.client,Gaming,b681b477-ae81-4ae7-b842-e35250a76999,Kumar M,5,,because I like this game it was very very beautiful game and some anomaly game horror game I like that I want give 100000/5 and the developer I am telling please this game keep in offline game please more will download this and play please offline game 🎮🎮🎮,0,,2026-07-26T14:39:13,,
Roblox,com.roblox.client,Gaming,73a12d16-edbe-4096-93de-0a0f46626848,Suresh Wadhave,5,,yah bahut achcha game hai,0,2.731.944,2026-07-26T14:39:13,,
Roblox,com.roblox.client,Gaming,de14a995-7e57-40f9-8241-260ef96df984,Raluca Avram,1,,old roblox was better,0,2.731.944,2026-07-26T14:38:29,,
Roblox,com.roblox.client,Gaming,78ec4eb6-5300-4c06-8793-28f6faab5cdb,Priyanshi Pk Biswal,4,,best gaming app,0,,2026-07-26T14:38:24,,
Roblox,com.roblox.client,Gaming,62e33b5b-b51e-4200-b72f-2794b2c92bbf,Gloria Bacares,1,,I rated this game 1 star because of the horrible updates,0,2.730.790,2026-07-26T14:37:24,,
Roblox,com.roblox.client,Gaming,14864291-ad74-4a44-ab92-060997856e57,ASISH Bankira,5,,damn good,0,2.731.944,2026-07-26T14:37:17,,
Roblox,com.roblox.client,Gaming,30073425-3d74-42a9-a2f1-487bae0c63cc,Prince Ainel Serie,1,,Bring back old roblox,0,,2026-07-26T14:37:00,,
Roblox,com.roblox.client,Gaming,4bc3da51-4cc7-4690-a896-eaa49be69b81,Cadrielle Lee,5,,I LOVE DANDYS WORLD. PLAY DANDYS WORLD,0,2.730.790,2026-07-26T14:35:44,,
Roblox,com.roblox.client,Gaming,a587c40b-f271-416b-9c0b-c70a6bfb9e1c,Priyanka Moje,5,,good experience,0,2.731.944,2026-07-26T14:35:34,,
Roblox,com.roblox.client,Gaming,1026d7ec-b686-4045-8edd-b8350b6ab032,Fix231 Studio,5,,is good game the kid to play,0,2.730.790,2026-07-26T14:35:22,,
Roblox,com.roblox.client,Gaming,66f70f30-fe27-40c2-94f9-6cafbed12619,RAIHANA RAIHANA,1,,bring back our old roblox,0,2.730.790,2026-07-26T14:34:40,,
Roblox,com.roblox.client,Gaming,965482b4-2a38-4c85-bf75-c85fc2d5a754,Beru Dhillon,5,,this is nice game,0,2.730.790,2026-07-26T14:33:20,,
Roblox,com.roblox.client,Gaming,94529e5a-9954-4fb2-8254-f3bb60d94ac2,Salve Orosco,5,,is so nice,0,,2026-07-26T14:33:11,,
Roblox,com.roblox.client,Gaming,7bfa80df-99ce-483a-9d43-f609aebce7a7,Maulana Kerenbanget,5,,love it!,1,2.731.944,2026-07-26T14:32:23,,
Roblox,com.roblox.client,Gaming,e9f4a69a-782b-4ea5-8165-8720caa75917,Goutam Das,5,,I love roblox,0,2.730.790,2026-07-26T14:32:19,,
Roblox,com.roblox.client,Gaming,51b5bacc-17a6-4c74-8701-157e80ecbedc,Surendra Nanolya,3,,those 3 stars are only because of Attack on Titan revolution,0,2.731.944,2026-07-26T14:32:13,,
Roblox,com.roblox.client,Gaming,7de38b2b-0edf-4a80-a170-cc9e643dae9c,Shree Ram,5,,Rocks bahut Achcha game,0,2.730.790,2026-07-26T14:32:04,,
Roblox,com.roblox.client,Gaming,b81baad1-5b9a-4ada-b62c-4b5f8671b64d,Ranjeeta Mallick,5,,it was very good 😊😊🥰🥰🤗🥰 👍👍👍,0,,2026-07-26T14:31:58,,
Roblox,com.roblox.client,Gaming,74b0d754-d48f-45b3-b5db-604da624e8c4,Bhavya Bhatia,1,,we want our old Roblox back,0,2.731.944,2026-07-26T14:31:53,,
Roblox,com.roblox.client,Gaming,ca8dfd5b-e481-431f-b53a-d8a409206380,Gen,1,,keep getting ads of it even tho i have it,1,2.731.944,2026-07-26T14:31:41,,
Roblox,com.roblox.client,Gaming,a90927a2-3902-498b-b243-2e84ff57d50c,Pola Ratadiya,5,,બેસ્ટ ગેમ ઈન ધ વલ્ડ,0,2.726.1142,2026-07-26T14:31:41,,
Roblox,com.roblox.client,Gaming,89bbd05a-f97e-4b97-bfe0-7f010586e5cf,Jose Jane Ollosa,5,,I was playing sins child and it's fun to play,0,,2026-07-26T14:31:25,,
Roblox,com.roblox.client,Gaming,c7598df6-878b-4907-aeaf-5c79506dddea,Doc Saran,5,,i like it why means blox fruits,0,2.726.1142,2026-07-26T14:31:15,,
Roblox,com.roblox.client,Gaming,82f2e54f-055e-4190-bd54-bfce85d2896b,Binod Kumar,5,,world best game I love it 😀 😍,0,,2026-07-26T14:31:02,,
Roblox,com.roblox.client,Gaming,5fc432cd-4db4-4b9b-a083-fa4527f0f14c,Kranthi Kiran P,5,,good luck,0,2.731.944,2026-07-26T14:30:36,,
Roblox,com.roblox.client,Gaming,8ecb3f72-2bdf-4b65-a91d-6758f368c9ae,Lyzie Longhorn,5,,"The reason why I love this game so much is because of the times its given me. Its introduced me to some of the most BEST friends ive got. Thank you so much roblox, and never stop going.",0,2.730.790,2026-07-26T14:30:30,,
Roblox,com.roblox.client,Gaming,5a8d0371-03b7-4693-9c2b-db69aa0b872a,Ashutosh Pandey,5,,good game:-),0,,2026-07-26T14:29:58,,
Roblox,com.roblox.client,Gaming,08acbed0-9120-418a-95fe-66dd06777eae,Melanio Parame,3,,I give ths 3 star cuz i miss the old chat without age verification and they removed it. My friend is not my same age so i can't chat them. :(,0,2.730.790,2026-07-26T14:29:54,,
Roblox,com.roblox.client,Gaming,37618e9c-8522-4830-a3ea-85ea1380afde,Harmeet Kaur,5,,i love roblox and its a fun game i love roblox so much,0,2.730.790,2026-07-26T14:29:42,,
Roblox,com.roblox.client,Gaming,0c5e1af8-c5ca-4663-93f5-347a3adaea8a,Areli Harvey,1,,we want old roblox back,1,,2026-07-26T14:29:05,,
Roblox,com.roblox.client,Gaming,492fe87d-bd43-4504-ba64-019059ee693c,calvin canalita,1,,I want old roblox back,0,2.731.944,2026-07-26T14:28:44,,
Roblox,com.roblox.client,Gaming,b9a82c75-bd45-4e9d-96db-c89ca5864dd5,santosh kumar,1,,fix your game !! 😞,0,,2026-07-26T14:28:31,,
Roblox,com.roblox.client,Gaming,274f641e-13a0-416c-af13-65d70fd6747a,Sunita Saw,1,,trash,0,2.731.944,2026-07-26T14:28:07,,
Roblox,com.roblox.client,Gaming,a0badf15-2659-48e0-89a5-748c516794dd,Manju Ajith,1,,I cannot chat and I cannot talk with my friends,3,2.726.1142,2026-07-26T14:27:29,,
Roblox,com.roblox.client,Gaming,aa5649d0-d068-40da-9ce2-e65d7144623e,Jayr Mendoza,1,,we want our old Roblox back,0,2.731.944,2026-07-26T14:27:03,,
Roblox,com.roblox.client,Gaming,bb66112e-ad52-44b8-ad2c-fe3650fa799b,Sureshbhai Khamar,5,,It is very good,0,2.727.1199,2026-07-26T14:27:00,,
Roblox,com.roblox.client,Gaming,c366ece4-b4b4-447a-be31-8f4cb3dee269,Priyanshu Paul,1,,we want old roblox 😡😡😡😡,0,2.730.790,2026-07-26T14:26:46,,
Roblox,com.roblox.client,Gaming,2a4cf971-c13f-4b17-8be0-4f578dc0fff4,Anita M,1,,We want our old Roblox back!,0,2.731.944,2026-07-26T14:26:37,,
Roblox,com.roblox.client,Gaming,648089ae-2172-44e5-84b4-498e161b8d95,Ell Santos,4,,"it's alright, but David needs to get replaced by Sasha(president of Xbox)",0,,2026-07-26T14:26:10,,
Roblox,com.roblox.client,Gaming,3e5d08c2-b902-4dd3-b9bd-7a1e6e068aff,ethel durano,3,,"The updates are making it not fun for any people but the update that it says it will ban the bad people, why cant you put that update, But i like your game",0,2.730.790,2026-07-26T14:25:52,,
Roblox,com.roblox.client,Gaming,786f458b-6fa5-49ee-88a7-76ece334b42e,Nandlala Kumar,5,,good game,0,,2026-07-26T14:25:39,,
Roblox,com.roblox.client,Gaming,1288f5e1-94ed-46aa-b5ed-6ffd29a100d2,Mohamed Rajik,5,,👍,0,,2026-07-26T14:25:22,,
Roblox,com.roblox.client,Gaming,8d34f7a0-9896-427c-9367-7c845409083b,Renu Saini,5,,This is the best game ever,0,2.731.944,2026-07-26T14:25:19,,
Roblox,com.roblox.client,Gaming,c4be480d-ac49-42c8-bb8d-4bd31693e4a6,Mamta Khichar,5,,very good 🎮🎮🎮👍🏻👍🏻👍🏻😊📱🤖🤟🏻,0,2.731.944,2026-07-26T14:24:52,,
Roblox,com.roblox.client,Gaming,9aa057e7-b2a1-4a47-960d-acd3d0325668,Rahul,1,,We want our old Roblox,0,2.731.944,2026-07-26T14:24:39,,
Roblox,com.roblox.client,Gaming,4eee638f-f57e-49ca-8f86-2b0bdac8d9dc,Misbah Zardari,5,,i love this game,0,2.727.1199,2026-07-26T14:24:26,,
Roblox,com.roblox.client,Gaming,361a8b31-c517-4d51-93d2-339e7cb2e4ae,Swagota Borthakur,1,,booooo we want our old roblox back booooooooooooo,0,2.724.735,2026-07-26T14:24:10,,
Roblox,com.roblox.client,Gaming,65846f5e-6726-49a1-985c-9d28a1605115,Nhea charm Villasin,1,,we want our old Roblox back!!!!,0,2.730.790,2026-07-26T14:23:27,,
Roblox,com.roblox.client,Gaming,9d0c664a-7f0e-42f6-8e8f-e11218584d55,Daniel Dejesus,1,,we want old roblox back,1,,2026-07-26T14:22:19,,
Roblox,com.roblox.client,Gaming,98452dd2-875b-4f5a-a806-902f6c52de1b,mima wears,3,,good,0,2.731.944,2026-07-26T14:21:54,,
Roblox,com.roblox.client,Gaming,ff0af040-7702-4c3a-9b48-b5e3ac4050f4,Anwar Shaikh,5,,very nice game and avetar and all verite in Roblox 😍😍😍😘😘😉,0,2.730.790,2026-07-26T14:21:03,,
Roblox,com.roblox.client,Gaming,ad7e54fc-b22b-4e2d-80be-6351f2290827,Rhythm baral,1,,we want our old Roblox backkk,0,2.731.944,2026-07-26T14:19:57,,
Roblox,com.roblox.client,Gaming,c1a0d1ce-1983-4a3f-ba82-a705899d48c3,kalel Madrid,1,,it bad for the things,0,2.731.944,2026-07-26T14:19:40,,
Roblox,com.roblox.client,Gaming,3e1e9f3e-f61e-4f6e-a26a-c28320338d34,Nieghel Erebete,5,,it's just peak,0,2.730.790,2026-07-26T14:19:31,,
Roblox,com.roblox.client,Gaming,a5bc1f12-61d6-4b8d-85f7-444f5afcc727,Kiran Jadhav,5,,🍷🗿 perfect👍,0,2.731.944,2026-07-26T14:19:27,,
Roblox,com.roblox.client,Gaming,f7eb91d3-3993-43eb-aff6-a11ac4e99ae4,Dharm Monpara,5,,best,0,2.727.1199,2026-07-26T14:19:18,,
Roblox,com.roblox.client,Gaming,5bba288e-29f9-4636-a0bc-ffb798ee4d8e,HMANGAI HZUALI,5,,it's so fun but they are so many AI I wish the AI is remove but I love roblox Vikas is so fun play now blocks but there are many AI,0,2.731.944,2026-07-26T14:19:14,,
Roblox,com.roblox.client,Gaming,add519b2-fc3c-42e3-86af-16567683e563,Abdul wasay,5,,best game,0,2.729.839,2026-07-26T14:18:56,,
Roblox,com.roblox.client,Gaming,1b6f957b-8bda-4609-b4b7-8e22f78047c7,glo,1,,"I Don't like this because The updates are so bad And trash and fix your AI mods like I got banned for saying ""hi""",0,2.731.944,2026-07-26T14:18:48,,
Roblox,com.roblox.client,Gaming,a5335a6d-df91-43ac-80b3-ba10c269a105,Jolok Deb,5,,"I gave it 5 stars because I enjoyed playing the game. but I have a Roblox account that uses a passkey. However, when I try to log in and select that account, it doesn't show up. The username is GOD_GAMING0680; it is a very old and excellent account of mine. Please, Roblox community, help me get my account back. 😭😭😭 and the most of bangladeshis plays the game but there are not bangladeshi number!",0,,2026-07-26T14:18:22,,
Roblox,com.roblox.client,Gaming,a2aa9227-c178-42c2-9fbe-364a130df5f8,Derek Soon,3,,Roblox rn is not very good but the games are good but the owner of Roblox/David bazuka is not very good at updating,0,2.730.790,2026-07-26T14:18:08,,
Roblox,com.roblox.client,Gaming,9a7ca790-0245-4a63-bda9-afecf97a41aa,James Butler,2,,we want our old Roblox back,0,2.731.944,2026-07-26T14:17:48,,
Roblox,com.roblox.client,Gaming,64fff3ab-d30a-4296-8856-de01e105ad0b,Attia Alexis Dela Cruz,1,,Please stop. I hate it.,4,2.731.944,2026-07-26T14:17:21,,
Roblox,com.roblox.client,Gaming,fbb70334-a68f-46b9-85e1-a85f99f31ce3,Ray Hashem,5,,it is very easy and fun but I can't find make a bee farm,0,2.592.588,2026-07-26T14:16:55,,
Roblox,com.roblox.client,Gaming,74117530-7171-46e6-8468-da5ab82e9771,Pravas Magar,5,,best game ever,0,2.730.790,2026-07-26T14:16:54,,
Roblox,com.roblox.client,Gaming,d590a3a5-5d35-4421-83f1-7acb92404343,Vitthal Chavan,4,,I like it,0,2.730.790,2026-07-26T14:16:19,,
Roblox,com.roblox.client,Gaming,e13619e0-2d94-4c2b-82bb-f031d9420530,Bilal Rashid,5,,good game,0,,2026-07-26T14:16:18,,
Roblox,com.roblox.client,Gaming,402a66b2-cee5-4a78-bcbb-36ddd6efccfb,Fiona McGraw,1,,we want our old Roblox back.,0,2.731.944,2026-07-26T14:16:15,,
Roblox,com.roblox.client,Gaming,bb736902-d8af-4cc7-8836-d1ac7cdf7b7c,Imachill Sup guys,1,,we want our old roblox back,0,2.730.790,2026-07-26T14:15:51,,
Roblox,com.roblox.client,Gaming,08f3edf1-d2ef-44a1-bc82-b0c8e7e6ae71,Maruti Yadav,5,,excellent i don't have any words because it's so good hehe,0,,2026-07-26T14:15:47,,
Roblox,com.roblox.client,Gaming,b7df2942-1e9d-4f1a-b6f5-dd5e9e8b9b1f,suhana sarkar,1,,WE WANT OUR OLD ROBLOX BACk,0,2.731.944,2026-07-26T14:15:46,,
Roblox,com.roblox.client,Gaming,5c2f7702-538b-4319-b00d-a980c9f13978,Yhggu Yhggu,5,,i love Roblox and in game blox fruit ❣️💕,0,2.730.790,2026-07-26T14:15:45,,
Roblox,com.roblox.client,Gaming,0872d6d1-b322-4fc1-8211-a3a6cc9de625,Masum Mondal,5,,good game about enjoying,0,2.730.790,2026-07-26T14:15:09,,
Roblox,com.roblox.client,Gaming,5c9aba1a-fdc2-48f1-92b8-ad6554143b00,Ali Asghar,1,,we want our old roblox back,0,2.731.944,2026-07-26T14:14:58,,
Roblox,com.roblox.client,Gaming,3a857597-5107-4c0c-9a2e-0f039706fe63,Y. Tataraju,5,,great,0,2.731.944,2026-07-26T14:14:50,,
Roblox,com.roblox.client,Gaming,f43198f0-a95b-4854-8e87-1bb86db16c6f,Ayush Giri,5,,it is so very very good girl,0,2.731.944,2026-07-26T14:14:33,,
Roblox,com.roblox.client,Gaming,c988b4be-5da1-469e-b9d9-559ddd031216,Shree Ram Bhakt,5,,best game he ye bhot mjaaaya,0,,2026-07-26T14:13:49,,
Roblox,com.roblox.client,Gaming,a208f762-416a-40ca-af14-c706d1d238de,ramhari hari,5,,♥️♥️,0,2.730.790,2026-07-26T14:13:20,,
Roblox,com.roblox.client,Gaming,725f1ef6-6bee-4b8c-b83f-10c4af0c70e7,BAAZVEER Hundal,5,,I LOVE THIS GAME TOO MUCH,0,2.730.790,2026-07-26T14:13:13,,
Roblox,com.roblox.client,Gaming,0873afea-943d-4919-8ff9-5effe4bd2854,Subhan Rafey,4,,It's a very good game but you guys need to remove the age chatting update bcz that is the main point of the game.,0,2.730.790,2026-07-26T14:13:01,,
Roblox,com.roblox.client,Gaming,c2ec6ecb-62ee-44f2-9b37-2b1289047174,chwiettie,1,,"sorry I love this app But I HATE THE REJOIN FEATURE ON MOBILE AND I CANT EVEN TYPE ""this"" ""Were ready"" LIKE IM ABOUTA DELET THIS APP BECAUSE HOW TRASH BAG THIS IS",0,2.731.944,2026-07-26T14:12:57,,
Roblox,com.roblox.client,Gaming,99978f77-f82c-4835-b691-486537efb745,Chandrakant Kaskar,5,,this is a gooooooooooood game:),0,2.727.1199,2026-07-26T14:12:34,,
Roblox,com.roblox.client,Gaming,0781bfba-8f68-47b3-8f8c-81aa187836bb,Hanan Al hamdan,1,,we want our faces and heads back,1,2.731.944,2026-07-26T14:12:26,,
Roblox,com.roblox.client,Gaming,afe5829b-14aa-4b50-9f49-70384088aa9d,Abul Monsur,1,,We want our old Roblox back,0,2.731.944,2026-07-26T14:11:40,,
Roblox,com.roblox.client,Gaming,64c6abbe-2e7e-4d5e-9ce7-6194282b7645,Qhawi Abdulmajid,1,,David bazuki pls stop making Roblox realistic the blocky avatar is already cool why you need to change it I hope people understand stand what I'm saying,0,2.731.944,2026-07-26T14:11:12,,
Roblox,com.roblox.client,Gaming,3fbd2172-ddf6-4eec-b8ca-c1dfbdab69e2,Kiran Raajput,5,,it is the best game,0,2.730.790,2026-07-26T14:10:59,,
Roblox,com.roblox.client,Gaming,822ecfb1-ecd2-4e49-8fdc-714ef15590f4,Damini Raheeajee,1,,I cannot update,0,2.703.1353,2026-07-26T14:10:59,,
Roblox,com.roblox.client,Gaming,55a03b74-0f5a-4f74-a0df-cfb21b03ea47,Himanshu S Prusty,1,,we want our old Roblox back,0,2.731.944,2026-07-26T14:10:48,,
Roblox,com.roblox.client,Gaming,f6fcb1dd-ae27-47dd-ac54-b1cf3a2b2e1b,David Nistru,1,,we want old ROBLOX,0,2.731.944,2026-07-26T14:10:43,,
Roblox,com.roblox.client,Gaming,2fef8a08-379e-4029-959d-65a478d13239,Android TV,1,,we want old Roblox,0,2.731.944,2026-07-26T14:10:28,,
Roblox,com.roblox.client,Gaming,d0f2ea95-d033-49dc-a5af-cc2c94cb61e2,Nining Viloria,4,,pretty good that's all,0,2.730.790,2026-07-26T14:09:49,,
Roblox,com.roblox.client,Gaming,4f813a72-2b20-4a0d-8f79-2b999260b7a6,rekha nirmalkar,5,,best game in the world,0,2.730.790,2026-07-26T14:09:17,,
Roblox,com.roblox.client,Gaming,b0115b80-8ef7-4b6e-a32f-632ad985663a,Aprille Serra,1,,we want old Roblox back,1,2.731.944,2026-07-26T14:08:56,,
Roblox,com.roblox.client,Gaming,a175c63a-52f3-4e00-9571-31c40bb56805,ali ashtari,5,,دوستش دارم عالییییی,0,,2026-07-26T14:08:48,,
Roblox,com.roblox.client,Gaming,c490ebdf-53a5-48ea-a102-b336184e9c7c,Manilyn Fajardo Padolina,1,,Chat back! Bad update Roblox and we wanted old Roblox back!!,0,2.731.944,2026-07-26T14:08:39,,
Roblox,com.roblox.client,Gaming,8b205a59-7d6a-458a-a9d1-9a066c109870,Antushree Chouhan,5,,very nice but i have cant roblox a,0,,2026-07-26T14:08:37,,
Roblox,com.roblox.client,Gaming,0ededcef-f727-4349-9dbe-1ecf8249968e,Rilwan Olatunji,1,,we want old Roblox back,0,,2026-07-26T14:08:22,,
Roblox,com.roblox.client,Gaming,202960fc-a142-4af3-b50f-18edca5091a0,James Caver,1,,I want old roblox back,0,2.731.944,2026-07-26T14:07:57,,
Roblox,com.roblox.client,Gaming,d570fea7-1936-480c-ae31-6d5e1f8b1dab,Yehia Seif,1,,Bring our old roblox back,1,2.731.944,2026-07-26T14:07:50,,
Roblox,com.roblox.client,Gaming,8e9346ac-9f64-4865-bc19-222f094ff2fb,Sahas Basti,5,,Minecraft is best,0,,2026-07-26T14:07:21,,
Roblox,com.roblox.client,Gaming,dd079331-57be-401f-a81d-ce8e2aded32b,Oliver,1,,We Want Chat Back!,0,2.730.790,2026-07-26T14:05:54,,
Roblox,com.roblox.client,Gaming,9cfaa71a-435d-4c65-95ab-7eac8e406df9,Rekha Khatiwada,5,,OMG i can't even say how I like this game I have been playing it since 2022 and i love it on first my mom deleted it but I downloaded it again see yaaa byee tata,0,2.731.944,2026-07-26T14:05:54,,
Roblox,com.roblox.client,Gaming,9e13ff79-7a84-4c02-ba09-ac87bff80cd4,Isioma TV,5,,Roblox I have a 1000 of games I love this game may God bless the owner 🙏 ♥️ ❤️ 😊,0,2.730.790,2026-07-26T14:05:01,,
Roblox,com.roblox.client,Gaming,ad8266d1-aab5-4a68-bbbb-24902ee56f81,Veero Mehra,5,,best of all games,0,2.731.944,2026-07-26T14:05:00,,
Roblox,com.roblox.client,Gaming,236a2507-99e9-4ce7-b843-539776070538,Famela Tolentino,5,,I love this game but I'm so laggy banned this game I'm from Philippines,0,2.731.944,2026-07-26T14:04:43,,
Roblox,com.roblox.client,Gaming,d7676abc-51bd-4d56-b60a-03e3bd4e115c,Kiki,1,,Bring the old roblox back,0,2.730.790,2026-07-26T14:04:19,,
Roblox,com.roblox.client,Gaming,d3322397-e37d-4121-8a9b-ec113e0800c6,Sonali Kumari,5,,MIND FREE GAME IS SO GOOD I Make many trusted friend❤️‍🩹,0,2.730.790,2026-07-26T14:04:12,,
Roblox,com.roblox.client,Gaming,937fd86e-052d-43ff-a0ac-ee93f6988547,Hasnat Khan,5,,I love this game,0,2.731.944,2026-07-26T14:04:06,,
Roblox,com.roblox.client,Gaming,5b0da39a-823f-414a-82d0-0b8efbdaa529,Anshul Pathak,5,,good game,0,2.731.944,2026-07-26T14:03:44,,
Roblox,com.roblox.client,Gaming,f4cfb47c-3790-4144-aa6d-ca6810ba5ba4,Dharmendra kumar,5,,best game,0,,2026-07-26T14:03:18,,
Roblox,com.roblox.client,Gaming,5c7f86de-348e-4679-9a54-24a9208b0512,Arun Keerthi,5,,the best app ever!,0,2.727.1199,2026-07-26T14:03:12,,
Roblox,com.roblox.client,Gaming,bd4b6f57-3ad2-4e47-b137-0265d698d45c,Razan Ghazal,5,,ohh i played since I was 1,0,2.730.790,2026-07-26T14:03:11,,
Roblox,com.roblox.client,Gaming,51a30a13-4f2d-4642-bb49-cb74444e7b30,Eoghan,1,,WE NEED OLD ROBLOX BACK I still like hanging out with friends,2,2.731.944,2026-07-26T14:02:40,,
Roblox,com.roblox.client,Gaming,676c6f35-7130-4673-bcb1-27981f21759e,NX ANDREW Andrew,5,,the game is so good for kids,0,,2026-07-26T14:02:35,,
Roblox,com.roblox.client,Gaming,4baeec93-df17-45e1-a396-32fc20844584,Avto Sherazadisvili,1,,we want old Roblox and better updates,1,2.731.944,2026-07-26T14:02:31,,
Roblox,com.roblox.client,Gaming,eaab76b3-742c-4aec-8159-107b2256b35b,Pinku Parmar,5,,this is best game for kids or teenagers,0,2.730.790,2026-07-26T14:02:30,,
Roblox,com.roblox.client,Gaming,87eb41ff-81ca-4957-831f-08a9d1aa368b,Mary Jane Celedonio,1,,we want old roblox back,1,2.730.790,2026-07-26T14:02:21,,
Roblox,com.roblox.client,Gaming,6f6b680f-af72-4f48-9eb1-142ded8e83b4,Roksana Begum,3,,cainda boring,0,2.730.790,2026-07-26T14:01:52,,
Roblox,com.roblox.client,Gaming,e99ac8e2-2113-41dc-8e09-63232af21873,rekha mp,1,,remove age verification,0,,2026-07-26T14:01:38,,
Roblox,com.roblox.client,Gaming,2808fa40-7129-41bf-9b7a-e41c3d716353,Oppo A8,5,,plese don't Error279,0,2.730.790,2026-07-26T14:00:56,,
Roblox,com.roblox.client,Gaming,ce526514-6418-434d-b2aa-218b3acd2b6b,RAVINDRA Thepe,5,,very good,0,2.731.944,2026-07-26T14:00:50,,
Roblox,com.roblox.client,Gaming,e1640611-1348-4f7f-8753-aebfadf151d4,Suman Devi,2,,very good game 🎮🎮🎯🎯🎮🎯,0,,2026-07-26T14:00:38,,
Roblox,com.roblox.client,Gaming,7c8a935a-5e58-4b77-b2c5-7ea9b084d371,Kannan ganpati,5,,🧿🧿🧿:),0,2.731.944,2026-07-26T14:00:23,,
Roblox,com.roblox.client,Gaming,d77e002e-5440-4fd5-ab81-5033d98d833e,Amirul Annas,5,,best and suitable for many generations,0,,2026-07-26T14:00:17,,
Roblox,com.roblox.client,Gaming,091c4680-4433-4e30-bfdc-512636d5d784,Steep,5,,been playing for 3years with no problems,0,2.730.790,2026-07-26T14:00:16,,
Roblox,com.roblox.client,Gaming,07717264-e18f-498f-9f5f-1a684e529f1d,Shweta Kumari,1,,we want our old Roblox back,0,2.731.944,2026-07-26T14:00:02,,
Roblox,com.roblox.client,Gaming,51f597dc-057d-4b34-a725-8379f1557ac3,Palash Maji,1,,we want old Roblox,0,2.731.944,2026-07-26T13:59:43,,
Roblox,com.roblox.client,Gaming,05b9c6c4-bce3-43a2-b280-511b77fdaa4e,Tara Mcloughlin,1,,WE WANT OUR OLD ROBLOX BACK,0,2.731.944,2026-07-26T13:59:16,,
Roblox,com.roblox.client,Gaming,4d9ac0ee-7b14-47ff-a38c-85b10039014e,Tiffany Whitworth,2,,idkk it's gotten rlly bad because of the new roblox owner and the no chat and stuff is not ok roblox fix ur game bc at this point it's not even roblox anymore,0,2.731.944,2026-07-26T13:58:39,,
Roblox,com.roblox.client,Gaming,cecc36c0-d81a-4d91-b70b-06eb91eb15a2,kareem ashour,1,,GIVE US OLD ROBLOX AGAIN🥀🥀🥀🥀🥀😡😡😡😡😡😡 THE NEW UPDATE THAT SPLITS THE GAME INTO 3 APPS IS HORRIBLE I LET THE AGE CHECK FOR CHATTING UPDATE PASS WITH ME BUT THIS? UNBELIEVABLE YOU DIDN'T EVEN HAVE TO DO ALL THIS YOU COULD'VE BANNED THE PREDATORS AND THE PDF FILES IN THE FIRST PLACE WHY DID YOU BAN SCHLEP BECAUSE HE WAS TRYING TO HELP YOU? IS IT BECAUSE OF THE DAMN INVESTORS AND THE MONEY?????????,0,2.731.944,2026-07-26T13:58:32,,
Roblox,com.roblox.client,Gaming,56feb796-db24-4fa5-8e59-3c6ad2eca147,Radley Tuna,1,,we want our old roblox back,1,2.731.944,2026-07-26T13:58:14,,
Roblox,com.roblox.client,Gaming,d185c4f7-17d3-4355-a914-9b005bfcfd06,Kaung Myat Htet,1,,make old roblox again,0,2.730.790,2026-07-26T13:58:12,,
Roblox,com.roblox.client,Gaming,18577791-ecd8-4ad3-8df3-ffe9dc805d5d,Marina,1,,im sorry but roblox became so bad . firstly the age check . which was bad enough but atleast I could've talked to some friends. and then just this month got a device ban for nothing and lost my account of 5 years.,1,2.730.790,2026-07-26T13:57:53,,
Roblox,com.roblox.client,Gaming,697d591b-fa44-47f9-b21b-b5f4fe75a3c8,Rob Bonilla,1,,we want old roblox back!!!,0,2.730.790,2026-07-26T13:57:37,,
Roblox,com.roblox.client,Gaming,8f8daa07-f7ec-4520-bf48-76d3f91581ca,Bailey Murphy,1,,bring back chat and we want our old roblox back,0,2.731.944,2026-07-26T13:57:36,,
Roblox,com.roblox.client,Gaming,8dcc0220-4722-47f1-b2c9-aa175eed5871,Alliyah Hgutfs,1,,this game is less of fun and I can't talk too others because I do not have chat and they have some bad updates in roblox even even more worse please roblox fix this and I miss the old roblox and the faces are ruined pls give the old roblox back.,0,2.731.944,2026-07-26T13:57:32,,
Roblox,com.roblox.client,Gaming,fbd4c88a-1150-4544-b0bb-38a7fd7dc563,Sathyan,1,,we need our old roblox,0,2.730.790,2026-07-26T13:57:29,,
Roblox,com.roblox.client,Gaming,7e8c92d6-8fc0-4c1f-afe4-015a706bdda6,Ryan Narang,4,,pls update and recommended experience when ever i go to near a thing it will not showing the text on it plssssssssssss,0,1.731.942,2026-07-26T13:57:20,,
Roblox,com.roblox.client,Gaming,2fe8cfb5-a7d0-4f37-b0d8-c7e8cb621a4f,PHIKRIA Gobronidze,1,,we Want our old Roblox back.,0,2.731.944,2026-07-26T13:56:56,,
Roblox,com.roblox.client,Gaming,4476995f-1f3a-473b-9b0c-40fc9d537091,Devkanya Chaudhary,5,,is the op game,0,2.730.790,2026-07-26T13:56:39,,
Roblox,com.roblox.client,Gaming,c41037b5-4a12-4932-a62f-e72399b29de2,grace patnaan,1,,we want chat back,0,2.719.1340,2026-07-26T13:56:24,,
Roblox,com.roblox.client,Gaming,80630067-4ca0-4179-81a3-cddcbdcb2d5d,Steffie Nicole,1,,Bring back old roblox now,0,2.731.944,2026-07-26T13:56:01,,
Roblox,com.roblox.client,Gaming,623e5076-d285-4249-8e08-252c2f08cc4d,isha mohammed,5,,very very good 👏🏻👏🏻👏🏻,0,2.731.944,2026-07-26T13:55:31,,
Roblox,com.roblox.client,Gaming,76051d91-f89d-4e57-b1fc-f07f78b9d990,gary aperocho,1,,bring old Roblox back😡,0,2.731.944,2026-07-26T13:55:20,,
Roblox,com.roblox.client,Gaming,64d22eb2-cfc0-4263-a279-321a881d31bd,charmaine delos reyes,1,,we want our old roblox back,0,,2026-07-26T13:55:18,,
Roblox,com.roblox.client,Gaming,d7d81cd8-6607-4d3b-a5a7-28cd0eafa7fd,Kamdi,5,,Roblox is one of my favourite games to play and i love roblox because there are other games inside roblox one of my favourite games on roblox is realistic street soccer,0,2.730.790,2026-07-26T13:55:18,,
Roblox,com.roblox.client,Gaming,98faa16d-a2a9-45f3-8c87-f32f03006f5d,Marcel Hellou,1,,we want our old Roblox back!!!!!,0,2.731.944,2026-07-26T13:54:59,,
Roblox,com.roblox.client,Gaming,2c0eaab9-263e-4f95-89f1-f06324231197,Arman khan,5,,very good game in my life but I not have rubox,0,2.730.790,2026-07-26T13:54:55,,
Roblox,com.roblox.client,Gaming,b682e54a-da4b-41d2-b0ae-f32a6bc918ed,Reeta Devi,5,,very good game,0,2.731.944,2026-07-26T13:54:55,,
Roblox,com.roblox.client,Gaming,37a52d75-f491-4b7a-a594-e9a97343dd3a,ekta Sikchi,5,,very good 🎮game,0,,2026-07-26T13:54:41,,
Roblox,com.roblox.client,Gaming,74de4d4b-8ffc-4e4c-83d1-bbca758d06b6,Mansoor Ahmed,5,,thanks builderman for build Roblox the kids is so happy,0,2.730.790,2026-07-26T13:54:19,,
Roblox,com.roblox.client,Gaming,8f171b3a-e1e8-4a37-81ed-3eae6dfa218c,Feisal Sirat,5,,very good,0,,2026-07-26T13:54:19,,
Roblox,com.roblox.client,Gaming,690f7b62-d797-469f-95e4-cf28c5f7b459,Christie Moorghen,1,,Last time i rate it 5 now 1 it's so down and the robux are more to much money i cannot we all down for a black oit press yes if you agree for a backout let's all do it so roblox will know and it will be better it's time for blackout,0,2.726.1142,2026-07-26T13:54:10,,
Roblox,com.roblox.client,Gaming,4af3e28b-11b5-416c-b5c2-0cf56ae6ad1b,Sunny Mahato,5,,best game,0,2.730.790,2026-07-26T13:53:54,,
Roblox,com.roblox.client,Gaming,27dde043-c1d5-4473-982f-6ea2dfb894d2,Tamilarasi velladurai,5,,best game,1,2.731.944,2026-07-26T13:53:29,,
Roblox,com.roblox.client,Gaming,41bf6b3a-1156-48b4-a10f-1551c1af577a,Dhoni Kahlon,5,,VERY BEST GAME,0,2.730.790,2026-07-26T13:53:03,,
Roblox,com.roblox.client,Gaming,1daa9955-b4d9-4982-a528-5cdbb0f97d2f,Soula Dirani,1,,we want our old Roblox back! 😭😭,1,2.730.790,2026-07-26T13:52:44,,
Roblox,com.roblox.client,Gaming,a96b5099-e65e-4432-b255-338b7efd23cf,달빛,1,,WE WANT OLD ROBLOX BACK,0,2.731.944,2026-07-26T13:52:38,,
Roblox,com.roblox.client,Gaming,83247954-b31c-474d-b400-37f3396ab2eb,Avery Moreno,1,,bad,0,,2026-07-26T13:52:20,,
Roblox,com.roblox.client,Gaming,726010a3-6319-476a-b5c4-e7a58f2465f4,Narender Singh,5,,good 👍,0,2.727.1199,2026-07-26T13:52:11,,
Roblox,com.roblox.client,Gaming,c9dfc43b-b54c-4941-b6e1-7cb193f8036d,Atari Salvaro,1,,We want our old Roblox back,0,2.731.944,2026-07-26T13:52:02,,
Roblox,com.roblox.client,Gaming,805540c0-e04a-46f2-9217-15a7d5de216e,Monika PAUL,5,,गेम ऑन नहीं होता है,0,,2026-07-26T13:51:52,,
Roblox,com.roblox.client,Gaming,6ce8d67a-e01a-49a9-b0f9-a11dd3812cdd,Manali Dabade,4,,nice,0,2.730.790,2026-07-26T13:51:51,,
Roblox,com.roblox.client,Gaming,ff8b7de2-ca2b-401c-a12a-46a48853c78d,Farah Ali,5,,🥹💗,0,2.727.1199,2026-07-26T13:51:42,,
Roblox,com.roblox.client,Gaming,1c094cf0-e07f-4d3a-801f-b36a66b545da,Arush Raj Choudhary,5,,((((👍)))),0,2.730.790,2026-07-26T13:51:28,,
Roblox,com.roblox.client,Gaming,f1c2aeb0-6ce8-4bd9-bc9d-67ade16107d8,roel sollaku,1,,we want old roblox back,0,,2026-07-26T13:51:27,,
Roblox,com.roblox.client,Gaming,768b0907-4a07-489b-92f3-f0da0adce729,Xoliswa Nkula,5,,roblox like it,0,2.727.1199,2026-07-26T13:51:01,,
Roblox,com.roblox.client,Gaming,eda73f55-5470-43c7-94c4-5352acc51f6f,Abdelrahman Elaktash,1,,wee want old Roblox baaaack,3,2.659.473,2026-07-26T13:50:57,,
Roblox,com.roblox.client,Gaming,f1387c95-06b7-4f98-b81c-fb7ce204beb3,Dharmendra Yadav,5,,it's a good game very much game are soo good like blox fruit and my sajetion is this is the best plat form to play all game,0,,2026-07-26T13:50:33,,
Roblox,com.roblox.client,Gaming,242433bc-d8da-44bd-b49f-5ca5b66cd376,Zack Retirado,1,,WE WANT OUR OLD ROBLOX BACK!,0,2.731.944,2026-07-26T13:50:28,,
Roblox,com.roblox.client,Gaming,57a66561-4a3a-478f-abce-75b177df670e,Diogo Pecorelli,1,,we want our old Roblox back,1,2.731.944,2026-07-26T13:50:25,,
Roblox,com.roblox.client,Gaming,d99441e8-318a-4c15-9a1a-7a79cb9c81e5,MdHaikal 1978,5,,"please I can,t robux",0,2.730.790,2026-07-26T13:50:17,,
Roblox,com.roblox.client,Gaming,ffaea782-bcfe-426a-8e9c-078b521db420,sagar mahant,5,,this is very good game,0,2.731.944,2026-07-26T13:49:57,,
Roblox,com.roblox.client,Gaming,6330dc37-9ca3-4a48-b395-95b501faee8a,Parul s Jobanputra,4,,nice game,0,,2026-07-26T13:49:53,,
Roblox,com.roblox.client,Gaming,2c8c6764-9b3b-4530-a763-c0f58203d58f,Geetha Yj,1,,I want old roblox back these updates are very bad,0,,2026-07-26T13:49:44,,
Roblox,com.roblox.client,Gaming,062ee43f-0ab8-40fa-b671-271d811b53dc,Rhey Emman Mangubat,4,,it is supper fun playing and chatting,0,2.727.1199,2026-07-26T13:48:41,,
Roblox,com.roblox.client,Gaming,1330add3-5499-413d-99b3-6c1ebe86613a,Sam Ron,1,,We want old roblox back,0,2.730.790,2026-07-26T13:47:43,,
Roblox,com.roblox.client,Gaming,b259053c-c0d4-452e-a441-a9ec8fdc4ec6,Adonis Rosario,1,,we need old roblox back,0,2.730.790,2026-07-26T13:47:37,,
Roblox,com.roblox.client,Gaming,c29d04b9-0070-4c75-a8a2-6c347c6b3d5f,Rani Zeneli,1,,being old roblox,0,2.731.944,2026-07-26T13:47:31,,
Roblox,com.roblox.client,Gaming,8bdae49b-d318-4f9e-8ad3-7eacba2326e8,Derrick2 Barclay2,5,,love it,0,2.730.790,2026-07-26T13:46:53,,
Roblox,com.roblox.client,Gaming,653a224e-e2bf-4a03-b96d-d87d5c8d8b4e,Kittu Dhiman,5,,good game,0,2.730.790,2026-07-26T13:46:13,,
Roblox,com.roblox.client,Gaming,8f21f69b-8bcf-4004-a4c5-e28ac58f6a88,Rayyis iskandar,1,,we want our old roblox back,0,2.730.790,2026-07-26T13:45:57,,
Roblox,com.roblox.client,Gaming,1206f87c-d3bc-496d-b887-8199276d6f7a,Nesa Natasha Ester,1,,"Seriously disappointed with Roblox, I often top up Robux directly in the app, but the unit price like head accessories used to be 90 Robux. I understood that, but over time it became 95 Robux up to 99 Robux. Topping up 80 Robux can only buy one item that isn't a head accessory. Please fix this, my nickname is Alexiss_ness1, after this is fixed, I will increase this rating again, because I also often subscribe to top up Robux, thank you 🙏",0,2.730.790,2026-07-26T13:45:55,,
Roblox,com.roblox.client,Gaming,97b80a1d-5f8e-4608-b4f6-90479434b87a,Quelyzia Zane Ligsay,1,,i complain cause my account has verified but i cannot chat on the game and I cannot play any old games and i cannot join to the my squishy box please delete the age verification i hate it so much,0,2.731.944,2026-07-26T13:45:23,,
Roblox,com.roblox.client,Gaming,913fa4d9-8a85-4f33-b10c-94696850ef7e,Yunus,1,,We want chat and good updates!,0,2.731.944,2026-07-26T13:45:14,,
Roblox,com.roblox.client,Gaming,2f29f96c-f72c-4a4f-9a5b-7e851db5e825,Patrick Miro,1,,BRING OLD ROBLOX BACK!!!,0,2.731.944,2026-07-26T13:44:03,,
Roblox,com.roblox.client,Gaming,b4700c34-2355-4d7f-ae88-810bcb07a210,N Shekar,4,,anime game please,0,2.731.944,2026-07-26T13:44:01,,
Roblox,com.roblox.client,Gaming,81ce3e9b-e8c8-4fb0-b160-310b66531013,Taufik Hidayat,1,,why is my main account password error and can't log in fix my account luthfi_15382,1,2.731.944,2026-07-26T13:44:01,,
Roblox,com.roblox.client,Gaming,53620045-1938-4e13-b728-321cec8eedea,Rey Alden Tolentino,1,,pls back old roblox,0,2.730.790,2026-07-26T13:43:30,,
Roblox,com.roblox.client,Gaming,990f7698-0a11-4f4e-a4c8-65473c6a6afc,Legend boy,1,,We want old Roblox back,0,,2026-07-26T13:43:14,,
Roblox,com.roblox.client,Gaming,c186b75b-31ff-4f42-8afd-217ec7c0565c,Paulina Grudziak,1,,we want old roblox back,0,2.730.790,2026-07-26T13:42:48,,
Roblox,com.roblox.client,Gaming,d45a15c9-bf75-4386-95c5-1928ba4a9214,Max,1,,we want our old Roblox back,0,,2026-07-26T13:42:42,,
Roblox,com.roblox.client,Gaming,776698b4-1db8-4d49-9fa5-c7c19b07220c,Shrabanti Goswami,1,,bring og roblox,0,2.729.839,2026-07-26T13:42:39,,
Roblox,com.roblox.client,Gaming,80f71b91-c6a0-4750-9537-084049ed45e0,kamya shukla,1,,we want our old rblx back,0,,2026-07-26T13:42:36,,
Roblox,com.roblox.client,Gaming,4f54fac5-9369-44a0-9b4c-9be8e1dc6ffc,Lisa Campbell,5,,I love roblox,0,2.730.790,2026-07-26T13:42:30,,
Roblox,com.roblox.client,Gaming,dcf1fc14-5db6-4152-9825-9f6d5b287d24,mangabane primary,5,,this game is the best a million games in one 10000/10000,0,2.727.1199,2026-07-26T13:42:08,,
Roblox,com.roblox.client,Gaming,609b8a65-9e19-4db4-b89b-627ee64a08fe,Adrian,5,,this is the best game I have ever played in 25 years it has some many games and I love them all,0,2.731.944,2026-07-26T13:41:51,,
Roblox,com.roblox.client,Gaming,37a5d921-8d1e-46ca-8285-61e8c28c2df0,chad lloyd,1,,we want our old roblox back,0,1.724.735,2026-07-26T13:41:40,,
Roblox,com.roblox.client,Gaming,cc8fa90f-fa96-4216-9fa5-5c33621edcae,Family Hutchison,1,,"chat back You became worse, sir",1,2.731.944,2026-07-26T13:41:34,,
Roblox,com.roblox.client,Gaming,83f30870-98dc-4b00-9459-ed8ac33e36ed,Babita Kumari,5,,nice,0,2.730.790,2026-07-26T13:41:26,,
Roblox,com.roblox.client,Gaming,69a8195a-524f-4a82-88ed-8c4ca54e765d,taam Rato,1,,FIX YOUR GAME,1,2.731.944,2026-07-26T13:41:21,,
Roblox,com.roblox.client,Gaming,61d75b77-e74b-45e4-8a28-9e30962c925e,Rajesh Kumar Gupta,1,,this game is trash it always disconnect me even when I have wifi stupid game,1,2.731.944,2026-07-26T13:41:05,,
Roblox,com.roblox.client,Gaming,23186c1c-c956-4425-8b10-7bc461005f5b,renzabris Gideon,4,,"Roblox is super fun and creative! Play tons of games, build, and hang out with friends. But many games lag, freeze, or crash. Login and verification are tricky, and chat rules are too strict.",0,2.711.876,2026-07-26T13:41:01,,
Roblox,com.roblox.client,Gaming,5f342172-de0c-45c6-b9a7-17057fc7eee7,Gabriel,5,,good 💯,0,2.731.944,2026-07-26T13:40:33,,
Roblox,com.roblox.client,Gaming,988b1412-f9b3-42d0-b3de-6879e8ac3b41,pathanjuned Khan,5,,👍🏻👍🏻👍🏻👍🏻👍🏻👍🏻👍🏻👍🏻,0,2.727.1199,2026-07-26T13:40:01,,
Roblox,com.roblox.client,Gaming,b88747f7-2d0b-44d1-acab-d987fba67d81,Nadir B,1,,we want our old roblox back,0,2.731.944,2026-07-26T13:39:48,,
Roblox,com.roblox.client,Gaming,d43e9114-5cb1-4801-a5a7-7e0bc4426748,Radha Saini,5,,very nice game,0,2.730.790,2026-07-26T13:39:24,,
Roblox,com.roblox.client,Gaming,a61b2d2a-6d78-4201-8e09-1978df7cbfb0,Rogen Nogas,5,,I want to get rubox for free,0,2.730.790,2026-07-26T13:39:04,,
Roblox,com.roblox.client,Gaming,10fda897-1ad3-449f-aa4e-10f55a8d35c0,Junjun Linatoc,5,,I love this game 🤩,0,2.727.1199,2026-07-26T13:38:18,,
Roblox,com.roblox.client,Gaming,3b37c231-67a3-45d5-870a-966e44cb27cb,Asif Raja,5,,niceeeeeeeeiii,0,,2026-07-26T13:38:15,,
Roblox,com.roblox.client,Gaming,1451a4ce-3b62-47f3-8da1-993f3088ebc4,Asmurilldah Slim,5,,Good.,0,2.727.1199,2026-07-26T13:38:14,,
Roblox,com.roblox.client,Gaming,e4db6eba-fdbe-4071-9a3e-0680a07ea9be,Rajendra Chauhan,5,,very good and great,0,2.731.944,2026-07-26T13:38:11,,
Roblox,com.roblox.client,Gaming,c6be113c-e094-4bfd-a245-844c393d7a83,Lhina Magulta,5,,gurl mom sad is litterly can make me dumb bc i have no learning from it gurrrlll how about surviving gurlll,0,2.726.1142,2026-07-26T13:38:09,,
Roblox,com.roblox.client,Gaming,53c7eecd-335a-4e81-99b7-5e2640cd95fe,Marwan Sabir,1,,I want the old roblox back!,0,2.731.944,2026-07-26T13:38:08,,
Roblox,com.roblox.client,Gaming,1d441e4e-8b85-45d3-8159-6754baff537f,Samarpan Sanskar,5,,very good children game,0,2.731.944,2026-07-26T13:38:06,,
