app_name,app_id,category,review_id,username,rating,title,text,thumbs_up_count,review_created_version,at,reply_content,reply_at
Truecaller: Spam Call Blocker,com.truecaller,Communication,57d00f17-f605-4a66-9573-9d92c69609ed,Dharmendra Singh Gaur,5,,yah aap nambar nema locesoin ka Shi pta lgata hai,0,26.28.5,2026-07-26T16:28:46,,
Truecaller: Spam Call Blocker,com.truecaller,Communication,7522e31e-52d5-4b20-8149-3774375f9e7b,Mr.Pradeep Kumar (Ji),5,,very fast work on this application,0,26.28.5,2026-07-26T16:25:38,,
Truecaller: Spam Call Blocker,com.truecaller,Communication,25d86df1-a5a5-4338-b680-54a6230266d2,Eucharia Okanya,5,,good app and best caller app ever,0,,2026-07-26T16:23:52,,
Truecaller: Spam Call Blocker,com.truecaller,Communication,de7c372c-3897-4341-be26-0ee12d7219a9,Joy sagnk,5,,nice,0,26.28.5,2026-07-26T16:23:13,,
Truecaller: Spam Call Blocker,com.truecaller,Communication,fd88412f-dc05-4286-921f-afd06e144cb6,Zee _HM,5,,Very good app,0,26.28.5,2026-07-26T16:12:05,,
Truecaller: Spam Call Blocker,com.truecaller,Communication,0f7dadb5-12a0-4532-a9d1-0c4a153922e1,Tasmim The Bot killer,5,,good,0,26.28.5,2026-07-26T16:07:47,,
Truecaller: Spam Call Blocker,com.truecaller,Communication,02e62b4f-0588-43dd-9191-a7aa78809598,Akshaykumar Gullapalli,1,,one of the worst application I've ever used,0,11.74.6,2026-07-26T16:04:55,,
Truecaller: Spam Call Blocker,com.truecaller,Communication,1634c5e5-5158-48f4-bb85-3fdfcb898bb4,SEEMA KUMARI,5,,mast h,0,26.19.7,2026-07-26T15:59:56,,
Truecaller: Spam Call Blocker,com.truecaller,Communication,2c2b23df-f828-441c-afd4-1c221368fd05,Aderemi Temitope,5,,good for me to know who called me offer there,0,26.16.6,2026-07-26T15:58:38,,
Truecaller: Spam Call Blocker,com.truecaller,Communication,0a890ddf-30c9-4ad5-9ae1-9dc8e3d5ef87,Anjali Singh,5,,Best,0,26.28.5,2026-07-26T15:48:06,,
Truecaller: Spam Call Blocker,com.truecaller,Communication,1e6eb6c1-3a90-4fe4-a854-811c3dd4bfe0,Kamalendu Deb,3,,cool i gess,0,26.28.5,2026-07-26T15:46:21,,
Truecaller: Spam Call Blocker,com.truecaller,Communication,7ab88649-5dd4-42e8-bc2f-13789627cd1c,Sunny Sharma,5,,good 👍,0,26.28.5,2026-07-26T15:41:13,,
Truecaller: Spam Call Blocker,com.truecaller,Communication,e9bdced9-167c-4542-af0a-1948b5120da2,Partha Mondal,5,,very good 👍,0,26.27.5,2026-07-26T15:38:42,,
Truecaller: Spam Call Blocker,com.truecaller,Communication,0427b408-6777-4b8a-a3d8-a176c4c460c1,Sunil Kumar,5,,good 👍,0,26.28.5,2026-07-26T15:37:20,,
Truecaller: Spam Call Blocker,com.truecaller,Communication,4b0bc2a4-332c-4a9a-bb39-d5919988a8f5,Prem 1995,5,,good 😊,0,26.28.5,2026-07-26T15:34:03,,
Truecaller: Spam Call Blocker,com.truecaller,Communication,2596d349-f58e-44c6-b477-32f283ad7eb0,Don G,5,,thank,0,26.28.5,2026-07-26T15:30:45,,
Truecaller: Spam Call Blocker,com.truecaller,Communication,6d774eac-7ad6-4065-9e31-3a9243e17b89,Vijji Vijju,1,,🤩truecaller app is really wonderful App 💖 I Luv this app 😍but it's not working in my phone 😭,0,,2026-07-26T15:30:24,,
Truecaller: Spam Call Blocker,com.truecaller,Communication,95abae6d-f259-4d6a-8118-b87d35af8b0a,Rishikesh kumar,1,,"Since the Important Messages and Categories features were introduced, the Truecaller app has become noticeably slow. It takes a long time to open, and after making a call, the app often hangs and becomes unresponsive for several seconds. This issue is affecting the overall user experience. Please look into it and provide a fix as soon as possible.",22,26.28.5,2026-07-26T15:30:00,"Hi Rishikesh, is the lag issue only with messages, or does it affect the entire app? Please let us know since when you've been experiencing this issue and send us a screen recording at support@truecaller.com so we can investigate further.

/PS",2026-07-27T11:18:20
Truecaller: Spam Call Blocker,com.truecaller,Communication,46ac1667-b451-4976-b8e4-6bbf11740f7b,Stuart Turnbull,1,,"It does not respect that I want to disable some of the notification categories. I deselect the permission for the Miscellaneous category, come out of it and then it's turned back on again. Very dodgy, not least because I pay for premium. You shouldn't be spamming those who are paying. Edit: Still receiving notifications about Premium features, prompting to upgrade despite already paying for this. Fix it or I'll be cancelling / removing when my subscription expires.",8,26.28.5,2026-07-26T15:28:02,"Hi Stuart, we would like to fix this. Please email us at support@truecaller.com and we will get this investigated as soon as possible.

/MS",2026-07-27T11:10:14
Truecaller: Spam Call Blocker,com.truecaller,Communication,4fbffb7d-e146-4d01-8bf8-d0dac81b70ce,Narottam Paul,5,,nice,0,,2026-07-26T15:26:39,,
Truecaller: Spam Call Blocker,com.truecaller,Communication,4eee310a-21de-48ce-b54a-60faa6bc165f,Gaffar fakir,5,,good,0,26.28.5,2026-07-26T15:21:07,,
Truecaller: Spam Call Blocker,com.truecaller,Communication,c64b78ba-e4a1-479d-ba45-b5d659fc06d2,Satish Pandhare,5,,very nice,0,26.28.5,2026-07-26T15:19:13,,
Truecaller: Spam Call Blocker,com.truecaller,Communication,93585121-bbf0-4a0d-b92d-a93294f286b2,Rehman Khan,5,,nice,0,26.28.5,2026-07-26T15:17:52,,
Truecaller: Spam Call Blocker,com.truecaller,Communication,efedd37a-3e74-40cc-99a8-8d5bfa5709b1,Rk Doneriya,5,,achaa hai,0,26.17.6,2026-07-26T15:17:26,,
Truecaller: Spam Call Blocker,com.truecaller,Communication,0b2ab942-186f-48ce-9f62-b5ebb7456ce7,Precious Ojiaku,5,,very good,0,26.28.5,2026-07-26T15:09:56,,
Truecaller: Spam Call Blocker,com.truecaller,Communication,1d105233-3a7a-44cc-a668-5dce0cd085ab,Dev Kabir,5,,good app,0,26.28.5,2026-07-26T15:09:37,,
Truecaller: Spam Call Blocker,com.truecaller,Communication,9fbd40d1-f74b-46e6-9c0c-b5c942207cab,Harshad Phadke,5,,🥰🥰,0,26.28.5,2026-07-26T15:08:56,,
Truecaller: Spam Call Blocker,com.truecaller,Communication,0a5dcba4-b5c5-4098-8cbd-8c9d45589e6a,Motamarri Saidulu,5,,super,0,26.28.5,2026-07-26T15:06:04,,
Truecaller: Spam Call Blocker,com.truecaller,Communication,6f3dd014-5d03-4ef2-a56d-3d3afff9d446,Ranjith kumar,5,,good,0,,2026-07-26T15:02:10,,
Truecaller: Spam Call Blocker,com.truecaller,Communication,8e8a06b4-b3c4-4bc9-bb48-ecfb4dd7fbdf,Shailendra Pandey,5,,Perfect App,0,,2026-07-26T15:00:41,,
Truecaller: Spam Call Blocker,com.truecaller,Communication,47652f20-ed77-41d7-bd46-6b6027a87513,Razia Khatoon,4,,veri good,0,26.28.5,2026-07-26T14:58:56,,
Truecaller: Spam Call Blocker,com.truecaller,Communication,3ee4cd5e-0cf1-44bf-b196-9e7663fd2dfe,KESHAB KANHAR,3,,good,0,26.28.5,2026-07-26T14:48:50,,
Truecaller: Spam Call Blocker,com.truecaller,Communication,1582041f-aafc-4986-8aab-75cccf961777,Nwaham Luciana,5,,helps me identify my callers.but the ads is not helping,0,26.28.5,2026-07-26T14:47:32,,
Truecaller: Spam Call Blocker,com.truecaller,Communication,b4c34578-8ce1-43df-9a46-9abc35b48a33,Michelle Kavindja,5,,Generally one of the best 👌,0,26.28.5,2026-07-26T14:45:35,,
Truecaller: Spam Call Blocker,com.truecaller,Communication,a5fc53ad-b135-41a2-9d36-947b9a1660e3,Priyanshu Yas,5,,good,0,26.27.5,2026-07-26T14:43:03,,
Truecaller: Spam Call Blocker,com.truecaller,Communication,67079806-b72d-46d9-8ef0-5c93cf266748,Ahtesham Haider,5,,nice,0,,2026-07-26T14:42:02,,
Truecaller: Spam Call Blocker,com.truecaller,Communication,6f0b2a1b-ca71-4d32-a5ab-a7cc45d6ac18,Ajay Kumar,4,,बहुत बेकार वेबसाइट जिसका नाम जो रहता है जो मन से दे देता है नाम नाम गलत बताता है 😓😓😓😓,0,12.59.7,2026-07-26T14:23:06,,
Truecaller: Spam Call Blocker,com.truecaller,Communication,f016a0f6-594d-463a-ad78-0b68ea547fc0,Ram Soni,5,,best,0,26.28.5,2026-07-26T14:14:00,,
Truecaller: Spam Call Blocker,com.truecaller,Communication,96b39ae1-9bb2-4976-a136-19d1ceda4462,Ramcharan Muthuraj,5,,super,0,26.28.5,2026-07-26T14:13:07,,
Truecaller: Spam Call Blocker,com.truecaller,Communication,5382df50-a635-44d8-90c8-749a0f90ecd8,Arun Gujjar,1,,not properly work,0,26.28.5,2026-07-26T14:08:39,,
Truecaller: Spam Call Blocker,com.truecaller,Communication,0a3495b9-ae15-4654-a744-fccf7595385b,Isaac Kholofelo,5,,Helps identify spams or unwanted or disturbing calls and messages.,0,,2026-07-26T14:04:18,,
Truecaller: Spam Call Blocker,com.truecaller,Communication,82e1aed5-609d-4cb2-8d4e-441a40472471,Benstoke1234 Benstoke,5,,great app,0,26.28.5,2026-07-26T14:00:11,,
Truecaller: Spam Call Blocker,com.truecaller,Communication,dc23ea65-2802-4315-8aad-4e0151319352,Manoj Sahu,1,,good 👍,0,26.28.5,2026-07-26T13:59:17,,
Truecaller: Spam Call Blocker,com.truecaller,Communication,05c0ca55-32e3-4632-9ac2-c4b91b303895,Aashik Ilahi,5,,best app bhot hi mst 👌,0,26.28.5,2026-07-26T13:57:08,,
Truecaller: Spam Call Blocker,com.truecaller,Communication,533e14a8-fcb4-468e-887f-aaf916daf9e8,user-tr5pm3ql8r,1,,if you install this app you will get many marketing calls. if you uninstall then you will not get such calls.,0,,2026-07-26T13:55:48,,
Truecaller: Spam Call Blocker,com.truecaller,Communication,25299a53-380f-4c27-a653-764f371bab84,Anshul shukla,5,,ok,0,26.22.7,2026-07-26T13:47:41,,
Truecaller: Spam Call Blocker,com.truecaller,Communication,3130dfb9-e3ff-443b-9be7-c567b574cc12,Raj Kumar,5,,nice 👍,0,26.27.5,2026-07-26T13:42:35,,
Truecaller: Spam Call Blocker,com.truecaller,Communication,00029154-93d0-4d4f-9091-3d153963a0ef,Tutun Das,5,,very good app,0,26.21.6,2026-07-26T13:41:57,,
Truecaller: Spam Call Blocker,com.truecaller,Communication,555da6de-a806-47a5-a186-b1fded55a4de,VICKY BHOSLE,5,,excellent,0,26.28.5,2026-07-26T13:41:04,,
Truecaller: Spam Call Blocker,com.truecaller,Communication,ea5760a0-97e0-403f-94cf-5832abcd4f37,Bilal Hsaam,5,,👍,0,26.28.5,2026-07-26T13:34:26,,
Truecaller: Spam Call Blocker,com.truecaller,Communication,db6b1afe-0ed2-4de9-b78d-1c963eee02e0,Kirpal Kakode,5,,nice,0,26.28.5,2026-07-26T13:24:51,,
Truecaller: Spam Call Blocker,com.truecaller,Communication,b3daba22-11c6-4581-b02f-f2116bfca081,Sahil Thakur,5,,Best Truecaller,0,26.27.5,2026-07-26T13:20:22,,
Truecaller: Spam Call Blocker,com.truecaller,Communication,d86db060-6ef6-4d8d-a5b2-586b7b087d78,Manjinder Singh,1,,irritate app a lot of adds. taking a lot time during emergency. zero star option available for this.,0,26.26.6,2026-07-26T13:16:15,,
Truecaller: Spam Call Blocker,com.truecaller,Communication,b5d4407a-f08a-41b0-8501-42cd061ed741,Arjun Saw,5,,super,0,26.27.5,2026-07-26T13:13:33,,
Truecaller: Spam Call Blocker,com.truecaller,Communication,c0a11b3b-c8e1-4fec-82b5-76b89fc85bd5,Thive Rich,5,,Nice,0,,2026-07-26T13:09:48,,
Truecaller: Spam Call Blocker,com.truecaller,Communication,f679b50e-6e67-4b94-b2fb-1da046e8b5eb,Deepika BSMS,4,,gud,0,26.28.5,2026-07-26T13:06:28,,
Truecaller: Spam Call Blocker,com.truecaller,Communication,3e691ffe-88de-401f-af56-37efdf32d4d2,Deeraj Kumar,5,,this app is safe and or this app is very use full,0,26.27.5,2026-07-26T13:02:57,,
Truecaller: Spam Call Blocker,com.truecaller,Communication,cfb83b52-53c6-4970-8bc3-979c41deee62,Changu Chungu,5,,chingu,0,26.28.5,2026-07-26T13:00:39,,
Truecaller: Spam Call Blocker,com.truecaller,Communication,a8310a0d-c402-4b4f-aa26-d0bae948a3b4,Anindita Nandi,5,,full,0,26.27.5,2026-07-26T13:00:03,,
Truecaller: Spam Call Blocker,com.truecaller,Communication,301c5134-5fe7-40b2-95eb-9d826b00f242,Suman Das,5,,good 👍,0,26.26.6,2026-07-26T12:59:35,,
Truecaller: Spam Call Blocker,com.truecaller,Communication,9561c8f0-84ef-4e87-bab0-57c0f74ecea2,Kajal Badgujjar,4,,good 👍 app,0,,2026-07-26T12:57:12,,
Truecaller: Spam Call Blocker,com.truecaller,Communication,b1318e48-0222-4fe3-8b3a-f8e724a25efb,Jimmy Masenga,5,,good app,0,26.28.5,2026-07-26T12:56:41,,
Truecaller: Spam Call Blocker,com.truecaller,Communication,0cad21fd-1c28-4469-8313-5b88c6fb934b,Anish Raza,5,,it's application working,0,26.24.6,2026-07-26T12:55:13,,
Truecaller: Spam Call Blocker,com.truecaller,Communication,61223086-9652-4ba9-8c95-76f32ec1498d,Manoj Sandule,5,,good,0,26.28.5,2026-07-26T12:54:47,,
Truecaller: Spam Call Blocker,com.truecaller,Communication,4746a5b7-d6e4-45bd-abbc-a48074e749f4,Gouri Sankar,5,,ok yes Good,0,26.28.5,2026-07-26T12:49:37,,
Truecaller: Spam Call Blocker,com.truecaller,Communication,704b7040-bb80-4fc8-b27e-f9934153e7bb,c.v pallavi shetty,5,,ayyamma,0,26.28.5,2026-07-26T12:49:16,,
Truecaller: Spam Call Blocker,com.truecaller,Communication,b9094fd6-1861-4cbd-a055-e971eb3de3f4,Dhilip Dhilip,5,,very useful app. spam and scam realated searches very used all persons use it,0,26.28.5,2026-07-26T12:47:30,,
Truecaller: Spam Call Blocker,com.truecaller,Communication,e0527273-b024-4a78-8136-459aadad1b35,craig,1,,"2018...Dosent work at all, wont even make my phone ring to register. 2026, installed... ad infested invasion of privacy app... rather talk to the telemarketers...",0,26.28.5,2026-07-26T12:47:02,,
Truecaller: Spam Call Blocker,com.truecaller,Communication,79a27777-c4e4-4658-8993-809dd0f65f61,Manoj Sonawane,5,,application achha he but notifications jyada ate he,0,26.28.5,2026-07-26T12:46:42,,
Truecaller: Spam Call Blocker,com.truecaller,Communication,cf0a8343-07f5-4aa9-8848-55d3ebf7b8f7,Robert ibaraghoemi,5,,this Truecaller app is very good.,0,26.28.5,2026-07-26T12:37:01,,
Truecaller: Spam Call Blocker,com.truecaller,Communication,6e56bda7-f2c3-424f-a30f-c27103d40948,Debajyoti Bera,1,,very 😔,0,26.27.5,2026-07-26T12:33:47,,
Truecaller: Spam Call Blocker,com.truecaller,Communication,2ea835f8-3211-4006-b7aa-4ce41e4b4456,Rakesh Kumar,4,,so halp full app,0,,2026-07-26T12:31:59,,
Truecaller: Spam Call Blocker,com.truecaller,Communication,ea88371e-b6e7-4657-baac-b0d7cc5eabf5,Harikrishna Kakiri,5,,good,0,26.28.5,2026-07-26T12:26:37,,
Truecaller: Spam Call Blocker,com.truecaller,Communication,96f67e89-dd78-48e8-bff0-c3da760e68c7,Rajesh Poddar,5,,nice 👍,0,26.26.6,2026-07-26T12:25:27,,
Truecaller: Spam Call Blocker,com.truecaller,Communication,ac3eeaa5-4b3a-4ada-aa08-bf0eaa8ae16c,Muhammad Karma,3,,I love this App. kudos to the people whom brought up this idea 💡 FIVE STARS,0,26.17.6,2026-07-26T12:24:32,,
Truecaller: Spam Call Blocker,com.truecaller,Communication,a43ef2d2-f8e2-4ad7-9ea6-ce6ad3729391,GOLDEN TRAVELS,5,,bahut sahi Hai,0,26.28.5,2026-07-26T12:17:49,,
Truecaller: Spam Call Blocker,com.truecaller,Communication,9b74d52f-d2b9-45ad-aae1-a0ac90e59f93,IAM4 LORD,5,,good,0,26.27.5,2026-07-26T12:15:45,,
Truecaller: Spam Call Blocker,com.truecaller,Communication,ed8900db-abca-460e-b646-362190086a3e,Elem George,5,,nice,0,15.8.7,2026-07-26T12:08:09,,
Truecaller: Spam Call Blocker,com.truecaller,Communication,87a63d6a-e6cf-454f-9c8c-e8cdabf55a1c,Chanda Kumari,4,,veri good💯,0,26.28.5,2026-07-26T12:08:03,,
Truecaller: Spam Call Blocker,com.truecaller,Communication,d9c838f4-9f2d-486d-b319-8337717e3d19,Hariom Sisodiya,3,,hari,0,26.27.5,2026-07-26T12:06:28,,
Truecaller: Spam Call Blocker,com.truecaller,Communication,b49134a6-8641-4ef2-bbb7-6a9c975c7ef4,Pradeep Kumar,5,,good,0,26.28.5,2026-07-26T11:53:18,,
Truecaller: Spam Call Blocker,com.truecaller,Communication,52ab4f0c-01f7-4bed-b62c-c9f37c7ceb85,Pushpendra,5,,good,0,26.28.5,2026-07-26T11:48:49,,
Truecaller: Spam Call Blocker,com.truecaller,Communication,f2b0143f-adbd-4b8d-b097-c4e1d4ca43f3,Robert Kanani,5,,good,0,26.21.6,2026-07-26T11:47:19,,
Truecaller: Spam Call Blocker,com.truecaller,Communication,b4f7eb29-f720-4700-a9f1-20b7d4438d99,Mobasir Mondal,5,,Please remove pop up ads after calling,0,,2026-07-26T11:47:04,,
Truecaller: Spam Call Blocker,com.truecaller,Communication,db94e49e-0045-4af0-adc5-b45aa2e572da,Gorkanti Vinod Kumar,5,,Nice Useful app,0,26.28.5,2026-07-26T11:44:32,,
Truecaller: Spam Call Blocker,com.truecaller,Communication,8eea9699-4267-401e-94bf-7ea86a7b303a,Meseret Gizachew adu,5,,exllent,0,26.26.6,2026-07-26T11:40:36,,
Truecaller: Spam Call Blocker,com.truecaller,Communication,45b842a2-3671-40e2-a4de-d52747220507,Deepak Mondal,5,,❤️,0,26.28.5,2026-07-26T11:36:02,,
Truecaller: Spam Call Blocker,com.truecaller,Communication,c5ce7d29-0efe-47fe-933c-8c7d67625a6c,Md ismail Khan,5,,good👍,0,26.28.5,2026-07-26T11:34:27,,
Truecaller: Spam Call Blocker,com.truecaller,Communication,aeb0a3fd-d697-4054-ac3b-05627730f6e1,Mahesh,5,,very good app a Truecaller,0,26.28.5,2026-07-26T11:33:12,,
Truecaller: Spam Call Blocker,com.truecaller,Communication,47a7e172-495e-4be5-843b-d4be2546448e,Umesh,5,,thank,0,26.28.5,2026-07-26T11:26:10,,
Truecaller: Spam Call Blocker,com.truecaller,Communication,e424e1ad-c675-48f5-b54d-c4e21c6c81ec,Vicky Modiyam,5,,super,0,26.28.5,2026-07-26T11:25:49,,
Truecaller: Spam Call Blocker,com.truecaller,Communication,8f07818b-ea44-405a-8e02-52f28121f4f2,Chintan Madiar,1,,i am unable to receive call while downloading Truecaller. all calls are automatically disconnected without receiving call from my device please secure and protect my device,1,26.28.5,2026-07-26T11:25:29,,
Truecaller: Spam Call Blocker,com.truecaller,Communication,f98fe5f8-7920-43d4-8bec-7ca345628953,ingensolutions,4,,it's good application,0,26.28.5,2026-07-26T11:24:59,,
Truecaller: Spam Call Blocker,com.truecaller,Communication,d4098ae3-fc8d-4dbe-93ad-2e353f3215ae,VINAY KUMAR,5,,thanks 🙏🙏👍Jfgj,0,26.28.5,2026-07-26T11:22:21,,
Truecaller: Spam Call Blocker,com.truecaller,Communication,47ce744b-2458-4598-9db3-82a2bb6cce1b,Anas A Labo,5,,very good 👍👍👍,0,26.26.6,2026-07-26T11:21:21,,
Truecaller: Spam Call Blocker,com.truecaller,Communication,3de826db-e900-412e-a7e8-60874bea23c7,Harry Galawanda,5,,This is wonderful and amazing application,0,26.28.5,2026-07-26T11:12:45,,
Truecaller: Spam Call Blocker,com.truecaller,Communication,d4d02c08-a605-4613-ab18-6fd641eded3b,Guddu Khan,5,,nice trucaller,0,,2026-07-26T11:10:09,,
Truecaller: Spam Call Blocker,com.truecaller,Communication,bb466fb9-1ff9-4449-b302-b916a52d5c18,Ramdhun Chaudhary,5,,ok,0,,2026-07-26T11:07:13,,
Truecaller: Spam Call Blocker,com.truecaller,Communication,0025390c-d601-4863-99bd-3dacf5fc4997,Nagesh B Nagesh,5,,good,0,26.26.6,2026-07-26T11:04:11,,
Truecaller: Spam Call Blocker,com.truecaller,Communication,65c8fe27-b659-47fd-b41e-e2b2b246836f,تلاوات مختارة ارح مسمعك,1,,ما اشتغل . محاولات كثيرة للتفعيل بدون جدوى,0,,2026-07-26T11:02:22,,
Truecaller: Spam Call Blocker,com.truecaller,Communication,da1f8475-6f31-46a3-b1eb-2df412ba0329,Rakesh Kumar Shaw,5,,best app hai,0,26.28.5,2026-07-26T10:57:46,,
Truecaller: Spam Call Blocker,com.truecaller,Communication,af175c42-e7c5-43fd-b8f5-1cbf1a6584c9,Prashant Kumar,5,,very nice 👍,0,26.28.5,2026-07-26T10:55:25,,
Truecaller: Spam Call Blocker,com.truecaller,Communication,60cafecf-0089-465a-a24e-9407365fb7cc,Dhan Rajesh. P,5,,Good app super thanks,0,,2026-07-26T10:55:09,,
Truecaller: Spam Call Blocker,com.truecaller,Communication,99d4d452-0fa5-404d-b362-83db65b57d0f,Smit Bariya,5,,♥️♥️♥️,0,26.26.6,2026-07-26T10:54:59,,
Truecaller: Spam Call Blocker,com.truecaller,Communication,2efa4a8e-e938-42bf-a26c-b9fe4822d533,Rupali gupta,1,,very ads,0,26.27.5,2026-07-26T10:53:37,,
Truecaller: Spam Call Blocker,com.truecaller,Communication,9ce36953-f531-415d-9256-b2db4061ebc2,Aravind Raddi Desai,5,,super,0,26.28.5,2026-07-26T10:53:13,,
Truecaller: Spam Call Blocker,com.truecaller,Communication,1efac84b-35e7-44f9-b132-abde47e01a78,Anik,5,,It's hanging up on phone calls.,0,26.27.5,2026-07-26T10:50:01,,
Truecaller: Spam Call Blocker,com.truecaller,Communication,b12ceda6-8f59-4334-801f-26b9225e0dcc,Michael Adjei Nsiah,4,,"very easy to use, powerful",0,26.28.5,2026-07-26T10:41:21,,
Truecaller: Spam Call Blocker,com.truecaller,Communication,49daeeea-b3ba-4895-963e-36e9def5f3bd,Sunil Kumar,5,,superb,0,26.28.5,2026-07-26T10:41:09,,
Truecaller: Spam Call Blocker,com.truecaller,Communication,71f87246-4370-400e-9094-d78cea57e5f3,Prasanna Sekhar,5,,good,0,26.28.5,2026-07-26T10:36:26,,
Truecaller: Spam Call Blocker,com.truecaller,Communication,4df2eff0-09a6-45c6-9103-e0166d47fa03,Enginer Md Ehsanul Farhad,5,,very nice,0,,2026-07-26T10:27:11,,
Truecaller: Spam Call Blocker,com.truecaller,Communication,656b8e8f-f459-4f54-99f8-0b0d06c2c736,Kajal Pawar,3,,good,0,26.28.5,2026-07-26T10:26:07,,
Truecaller: Spam Call Blocker,com.truecaller,Communication,c8c729fb-1775-4f53-b251-6d39c9b21cfb,DEEPAK Kumar,4,,nice app,0,26.28.5,2026-07-26T10:24:29,,
Truecaller: Spam Call Blocker,com.truecaller,Communication,45dd6022-c9d0-4683-bc75-7e9993a9e182,Saikat Kumbhakar,5,,ok,0,,2026-07-26T10:21:31,,
Truecaller: Spam Call Blocker,com.truecaller,Communication,0eff412e-2787-4029-b053-138e3bcf57b1,Vinay kumar,5,,super,0,26.28.5,2026-07-26T10:11:12,,
Truecaller: Spam Call Blocker,com.truecaller,Communication,eb709917-decd-4eae-ac8b-c0b4a48d243a,Neyong Thapa Magar,1,,good,0,26.28.5,2026-07-26T10:09:55,,
Truecaller: Spam Call Blocker,com.truecaller,Communication,8c9756a8-ad4c-470e-b989-e82b5cd253f8,vikramjeet singh,5,,good,0,13.25.8,2026-07-26T10:06:26,,
Truecaller: Spam Call Blocker,com.truecaller,Communication,ae43d8a9-9d68-44e1-ae72-1c8cc7f67936,Manoj Kumar,5,,Good,0,26.28.5,2026-07-26T10:06:05,,
Truecaller: Spam Call Blocker,com.truecaller,Communication,d1ddf442-534c-4144-a698-09e9b3c688b5,ashok maurys,5,,nice,0,26.28.5,2026-07-26T10:05:48,,
Truecaller: Spam Call Blocker,com.truecaller,Communication,e357c69e-4ebc-4391-a10c-078832c6b8ea,Arjun Gupta,3,,thik h,0,26.28.5,2026-07-26T10:02:09,,
Truecaller: Spam Call Blocker,com.truecaller,Communication,7a6b4b23-8732-4890-a5e7-7c332fc7763f,Pawan Saran,5,,mast app bhai,0,26.28.5,2026-07-26T09:59:53,,
Truecaller: Spam Call Blocker,com.truecaller,Communication,9184fa28-5474-461b-8dec-24f6d2590a15,Banti Kumar,5,,nice,0,26.28.5,2026-07-26T09:57:53,,
Truecaller: Spam Call Blocker,com.truecaller,Communication,a8f457c7-e92b-4fd8-807c-2d85e521e3a9,Krishna Kumar,5,,good,0,26.28.5,2026-07-26T09:55:34,,
Truecaller: Spam Call Blocker,com.truecaller,Communication,0f41fe0c-7267-4508-bf62-79448ec6dc2d,Md Emtiaj Ahmed,5,,nice app,0,,2026-07-26T09:55:06,,
Truecaller: Spam Call Blocker,com.truecaller,Communication,815b54c8-c2fe-4455-a071-e840911da658,Vinayak Tiwari,5,,❤️❤️,0,26.28.5,2026-07-26T09:53:38,,
Truecaller: Spam Call Blocker,com.truecaller,Communication,8ae5d3ba-8cac-4d20-9579-077ccdf23c9a,Rahul Suryatale,4,,good,0,26.28.5,2026-07-26T09:49:53,,
Truecaller: Spam Call Blocker,com.truecaller,Communication,38940aff-1d21-4109-b1bd-04ea0f08e4d0,Y P,5,,good app I can see spam calls even .,0,26.28.5,2026-07-26T09:46:44,,
Truecaller: Spam Call Blocker,com.truecaller,Communication,5b7d19be-b9d3-4395-957f-39c885025620,Piyush Bhai,3,,good 👍,0,26.28.5,2026-07-26T09:43:53,,
Truecaller: Spam Call Blocker,com.truecaller,Communication,e1cddaed-cac1-42bc-b2c2-f024a65cb781,Rohini Istharla,4,,nice app,0,26.28.5,2026-07-26T09:41:55,,
Truecaller: Spam Call Blocker,com.truecaller,Communication,c77735db-13ff-4575-928a-41c849fc1063,Ashik Kashyap,5,,iska Jo call katne ke baad aata hai vo bekar hai,0,26.27.5,2026-07-26T09:35:46,,
Truecaller: Spam Call Blocker,com.truecaller,Communication,eff65e53-9766-48c5-9fb1-ee1c820f643b,Shekar Naik,5,,good,0,26.22.7,2026-07-26T09:28:13,,
Truecaller: Spam Call Blocker,com.truecaller,Communication,d7cccaf6-b22c-43e7-9efa-ba0f32aa6452,Rkprabhu rkthala,5,,super,0,,2026-07-26T09:26:55,,
Truecaller: Spam Call Blocker,com.truecaller,Communication,0143ee80-61cd-4240-b64b-f4ca24de5301,Shruti Gupta,5,,its good,0,26.27.5,2026-07-26T09:00:09,,
Truecaller: Spam Call Blocker,com.truecaller,Communication,c061df36-375a-40bc-8bda-6e102532320f,Gulshan Panchal,5,,nice 👍,0,26.28.5,2026-07-26T08:58:57,,
Truecaller: Spam Call Blocker,com.truecaller,Communication,b1d2fdd3-c1a3-4708-92ec-11a09de28d2d,Ajay Thapa,3,,nice,0,26.28.5,2026-07-26T08:50:03,,
Truecaller: Spam Call Blocker,com.truecaller,Communication,fcadbd99-df32-4785-842f-3c6439d2ec60,Pankaj Kumar,4,,very nice 🙂 thanks 👍,0,26.28.5,2026-07-26T08:40:45,,
Truecaller: Spam Call Blocker,com.truecaller,Communication,981578c7-28bb-40ae-af90-6bb50b44a83a,Deep Sidhu,5,,good,0,26.25.8,2026-07-26T08:39:49,,
Truecaller: Spam Call Blocker,com.truecaller,Communication,58146d6d-71ba-49c7-bac2-d81a196f9e1b,Apurba Roy,4,,good,0,,2026-07-26T08:39:13,,
Truecaller: Spam Call Blocker,com.truecaller,Communication,8e7ccc7f-0d4d-4e2b-852a-eb5608e27692,Sudeb Roy,5,,good,0,26.28.5,2026-07-26T08:33:32,,
Truecaller: Spam Call Blocker,com.truecaller,Communication,ddbf119b-687f-4274-8588-24ab30ad4025,Hardik sinh Rathod,5,,😍,0,26.27.5,2026-07-26T08:33:07,,
Truecaller: Spam Call Blocker,com.truecaller,Communication,3e2f3efa-366b-46c4-a4cb-fad5bc6d206c,Lokesh Zinjurde,5,,yes proud of you,0,26.28.5,2026-07-26T08:21:47,,
Truecaller: Spam Call Blocker,com.truecaller,Communication,5252bf30-f858-4e27-9a6b-53a301a04c2e,Sudha Kani,5,,good service,0,26.28.5,2026-07-26T08:17:09,,
Truecaller: Spam Call Blocker,com.truecaller,Communication,409e6f7f-6c44-452e-9387-763e7cd7cf58,Anany Agarwal,5,,wow,0,26.28.5,2026-07-26T08:14:24,,
Truecaller: Spam Call Blocker,com.truecaller,Communication,c186965d-5732-429a-9f97-50f8b47df0ff,Riad Hossain,5,,good,0,26.28.5,2026-07-26T08:13:56,,
Truecaller: Spam Call Blocker,com.truecaller,Communication,7c6479c7-6f03-4dec-8925-a2ebf7023072,Dharuni Angamuthu,4,,good,0,26.20.6,2026-07-26T08:12:42,,
Truecaller: Spam Call Blocker,com.truecaller,Communication,f1c2f0ee-7b2e-4a68-9146-13cf808025f9,Fakira Dandge,5,,Best,0,26.28.5,2026-07-26T08:06:43,,
Truecaller: Spam Call Blocker,com.truecaller,Communication,6b076d6b-7bda-47cb-9c60-c0a5606374ab,K t Kumara,5,,ok,0,26.28.5,2026-07-26T07:57:59,,
Truecaller: Spam Call Blocker,com.truecaller,Communication,bff31a88-6fd7-42ca-babd-87ab353bf095,Ab Cd,5,,good,0,26.28.5,2026-07-26T07:53:26,,
Truecaller: Spam Call Blocker,com.truecaller,Communication,c52cdb2f-df06-4f6c-ab10-573eef87704c,Sandeep Bind,5,,Good 👍👍👍,0,26.28.5,2026-07-26T07:49:06,,
Truecaller: Spam Call Blocker,com.truecaller,Communication,68d28c76-d982-411b-84d0-2ce16a71ea02,Strong Gaming,5,,Developer Is God.🙏,0,,2026-07-26T07:43:34,,
Truecaller: Spam Call Blocker,com.truecaller,Communication,7246f8fa-90a2-4cb8-b399-dffde73ad920,Rahul Kumar,5,,nice app,0,26.28.5,2026-07-26T07:28:31,,
Truecaller: Spam Call Blocker,com.truecaller,Communication,c60ed56d-0af6-4908-ad9d-5f2d7e000d50,Akash Brhanpure,5,,thank you,0,,2026-07-26T07:23:27,,
Truecaller: Spam Call Blocker,com.truecaller,Communication,be0e6edb-179d-4129-8c54-3228c1fb62d8,Venu N,1,,not answered Customer queries ..saying out of office hours,0,,2026-07-26T07:17:23,,
Truecaller: Spam Call Blocker,com.truecaller,Communication,76b6cfaa-1962-47e8-935e-039a103e608a,R k Sharma,5,,good👍,0,26.27.5,2026-07-26T07:06:18,,
Truecaller: Spam Call Blocker,com.truecaller,Communication,65173c99-a3d2-42f1-8236-e7d26e37c803,Nishant Maan,4,,ok,0,26.28.5,2026-07-26T06:59:35,,
Truecaller: Spam Call Blocker,com.truecaller,Communication,73f3dff1-28e2-4554-94d6-ba15ae2360ea,Shivanand gouri gouri,5,,Super,0,26.28.5,2026-07-26T06:59:22,,
Truecaller: Spam Call Blocker,com.truecaller,Communication,1f8fda87-b862-4e59-ac7c-a719d7cb31b7,Jagadeesh p,3,,good,0,26.28.5,2026-07-26T06:50:03,,
Truecaller: Spam Call Blocker,com.truecaller,Communication,f9c93ace-bbdf-461d-a672-91439dc932a2,Datta Gulve,5,,Super,0,,2026-07-26T06:47:53,,
Truecaller: Spam Call Blocker,com.truecaller,Communication,c239927c-34e8-4e2a-b195-6e692c9957ce,BHAANU PRIYA,5,,♥️♥️ super,0,26.26.6,2026-07-26T06:36:23,,
Truecaller: Spam Call Blocker,com.truecaller,Communication,6510c2bd-3871-469a-8408-dadf4e42c421,Raja Babu Official__1k,5,,hdvuv meem proposal saal la Kamaal,0,26.28.5,2026-07-26T06:25:46,,
Truecaller: Spam Call Blocker,com.truecaller,Communication,effdd1ce-45d4-44b8-8dcc-95dd5dd610d0,USMAN MOHAMMED,5,,Good,0,26.28.5,2026-07-26T05:51:10,,
Truecaller: Spam Call Blocker,com.truecaller,Communication,52ccf4b4-81c2-427e-acd2-8dec89a764ef,Adayeni Ebenezer,5,,good app,0,26.28.5,2026-07-26T05:49:20,,
Truecaller: Spam Call Blocker,com.truecaller,Communication,c9f3ba86-7b10-400d-927b-641d80c1460e,Shaikh Ayyub,5,,Excellent service app,0,26.28.5,2026-07-26T05:40:13,,
Truecaller: Spam Call Blocker,com.truecaller,Communication,c1171714-4b7c-43b5-9560-803837b24053,Atta Satyanarayana,5,,super,0,26.28.5,2026-07-26T05:23:33,,
Truecaller: Spam Call Blocker,com.truecaller,Communication,c6e106db-1233-40f6-975b-50a5d1106798,Agyapong David,5,,The best app in ever 🤣😂🤣😂,0,26.22.7,2026-07-26T05:11:22,,
Truecaller: Spam Call Blocker,com.truecaller,Communication,59d00540-58d6-467c-a146-a520c59bdf5e,Mona Singh,5,,good appe♥️♥️♥️♥️,0,26.27.5,2026-07-26T05:05:45,,
Truecaller: Spam Call Blocker,com.truecaller,Communication,fa1d37af-1b57-4747-9c67-4a5d0205a9c1,Tinashe Mambwa,5,,good app simple to use,0,26.28.5,2026-07-26T03:06:51,,
Truecaller: Spam Call Blocker,com.truecaller,Communication,9372b8bc-d6e5-473d-9a40-562a86e2a27c,Hello Bahi,5,,super,0,26.28.5,2026-07-26T02:44:58,,
Truecaller: Spam Call Blocker,com.truecaller,Communication,eba20183-8fcf-4a55-8d64-e1cb716109e4,Precious Duff,5,,understandable nd smart ai,0,26.23.6,2026-07-26T01:37:31,,
Truecaller: Spam Call Blocker,com.truecaller,Communication,76ff1cb5-8d5a-42e3-8995-df68e1a0240c,KAMAL KHAN,5,,best app for caller ID find a people 😀,0,,2026-07-26T01:36:14,,
Truecaller: Spam Call Blocker,com.truecaller,Communication,54eacdbd-264b-45fa-a448-0943180746f0,Imran Adem,5,,perfect,0,,2026-07-26T01:29:46,,
Truecaller: Spam Call Blocker,com.truecaller,Communication,e01d8142-1ec3-4bae-82df-5ad941479204,MOHAMED EL HARRK,5,,Super application,0,,2026-07-26T01:29:11,,
Truecaller: Spam Call Blocker,com.truecaller,Communication,4ecdeb71-5578-4a2e-831e-21d9963b626d,Jude Ezugwu,5,,I love this app since I have been using the app it keeps giving me joy,0,26.23.6,2026-07-26T01:20:24,,
Truecaller: Spam Call Blocker,com.truecaller,Communication,e6ff8633-63a9-487c-9967-deea6f31b700,Ans,1,,"You received my payment in July 26.Truecaller payment is due next year in July. Why do you keep on sending me messages to pay again.,...?",0,26.27.5,2026-07-26T01:19:14,,
Truecaller: Spam Call Blocker,com.truecaller,Communication,72b7f6c5-7287-4f98-ba5f-fadac848b44a,Olwethu TAC Driver,5,,good,0,26.27.5,2026-07-26T01:16:22,,
Truecaller: Spam Call Blocker,com.truecaller,Communication,9aa926a5-a23c-4277-8623-f05b1fd1a684,Tarun Chapri,4,,ok,0,26.28.5,2026-07-26T01:03:27,,
Truecaller: Spam Call Blocker,com.truecaller,Communication,5461179a-cfcf-47dc-9ab0-18d9c04452ef,Godpower Philip,5,,my experience perfect,0,26.22.7,2026-07-26T01:00:46,,
Truecaller: Spam Call Blocker,com.truecaller,Communication,596629f5-54e1-4c7e-84b9-026d1e974e7d,Kargwak Clement Stephen,5,,perfect,0,26.27.5,2026-07-26T00:45:40,,
Truecaller: Spam Call Blocker,com.truecaller,Communication,63e3ed62-8822-4584-82e8-df152aa1d0b1,Omobolanle Olayemi,5,,excellent,0,,2026-07-26T00:43:42,,
Truecaller: Spam Call Blocker,com.truecaller,Communication,ead13a0f-27e6-4422-ac5f-6a42383edbdf,Popoola Oluwapelumi,3,,good,0,26.27.5,2026-07-26T00:42:59,,
Truecaller: Spam Call Blocker,com.truecaller,Communication,c767586f-06b4-421e-ba6f-d9f90e3571ab,Ramesh Kumar,5,,okay,0,26.28.5,2026-07-26T00:35:29,,
Truecaller: Spam Call Blocker,com.truecaller,Communication,ece3c6be-a985-4fd8-adbd-4ca0c877356c,Mubarak M Barde,5,,like it,0,26.28.5,2026-07-26T00:34:49,,
Truecaller: Spam Call Blocker,com.truecaller,Communication,014d6f10-1548-4edc-8d7d-2cc33565d9bf,Perpetual Sunday,5,,good p,0,26.28.5,2026-07-26T00:30:42,,
Truecaller: Spam Call Blocker,com.truecaller,Communication,667c2f77-aeab-421c-b8ed-ffdad6b47ebb,Naser Khan,5,,🙏🙏🙏🙏,0,,2026-07-26T00:26:38,,
Truecaller: Spam Call Blocker,com.truecaller,Communication,b5509bcd-df07-4f6c-b68b-ed4efa9c0954,Revanth,5,,so nice,0,26.23.6,2026-07-26T00:20:33,,
Truecaller: Spam Call Blocker,com.truecaller,Communication,c4e143dc-7429-4ef5-977a-aff2025ac550,Okwepaschal Eneh,1,,nice,0,26.28.5,2026-07-26T00:05:41,,
Truecaller: Spam Call Blocker,com.truecaller,Communication,ea1011b1-4f70-40d7-b236-b577e04ce7bb,Soumyadeep Sarkar,1,,nice ☺️☺️,0,26.28.5,2026-07-25T23:44:10,,
Truecaller: Spam Call Blocker,com.truecaller,Communication,7486961a-87a8-484a-a06f-8137f1f738f5,AmR KasseM,2,,"I subscribed to Truecaller Premium for 3 months and paid for it only 25 days ago. The service worked for about 20 days and then suddenly stopped, even though my subscription is still valid and nowhere near its expiry date. What's even more frustrating is that this isn't the first time this has happened. I paid for a 3-month subscription, so I expect to receive the service for the entire period I paid for. Please fix this issue immediately and restore my Premium subscription.",0,26.28.5,2026-07-25T23:40:53,,
Truecaller: Spam Call Blocker,com.truecaller,Communication,3a2a01b9-28cb-4cd8-918a-38c41e1eb143,shabina khalid,5,,good,0,26.28.5,2026-07-25T23:36:49,,
Truecaller: Spam Call Blocker,com.truecaller,Communication,238aeb72-58d5-4e39-a4ae-9b08b234d0d8,Jeremiah Sikhondze,5,,very good,0,26.27.5,2026-07-25T23:26:27,,
Truecaller: Spam Call Blocker,com.truecaller,Communication,9360c470-a9fb-4905-89d4-6a8a2c5baf93,Kunal Patil,5,,nice application,0,,2026-07-25T23:13:50,,
Truecaller: Spam Call Blocker,com.truecaller,Communication,4443a731-492f-4630-9984-6d9d4a860b7f,John Anderson,1,,every number needs to be blocked or accepted. it does not block automatically,0,26.28.5,2026-07-25T23:07:50,,
Truecaller: Spam Call Blocker,com.truecaller,Communication,3c9cc348-f557-4b7a-958c-542bf1af3c91,Raiyan Alam,2,,avarage,0,,2026-07-25T23:05:11,,
Truecaller: Spam Call Blocker,com.truecaller,Communication,cc9f7c0c-7346-41ce-a84c-4d1a06f999c2,Vishali Priya,5,,good,0,26.28.5,2026-07-25T22:46:20,,
Truecaller: Spam Call Blocker,com.truecaller,Communication,7d5b4352-e36b-4e2d-a48c-210c41ba3b27,Jimmy John,1,,too many adds,0,26.20.6,2026-07-25T22:38:56,,
Truecaller: Spam Call Blocker,com.truecaller,Communication,d7ebab3e-9e43-4f79-a2d8-fff8bd9fb905,Local Max,1,,add more Options,0,26.27.5,2026-07-25T22:25:59,,
Truecaller: Spam Call Blocker,com.truecaller,Communication,72ac9839-e023-4f08-a8ac-6f5750b287a1,Sphumelele Mkhwanazi,4,,good,0,26.28.5,2026-07-25T22:21:20,,
Truecaller: Spam Call Blocker,com.truecaller,Communication,68ca3992-2e1d-48c4-9f2a-832c1fb3f161,Anima Bania,5,,Nice,0,,2026-07-25T22:19:58,,
Truecaller: Spam Call Blocker,com.truecaller,Communication,ec542abc-9b11-4d3f-94bb-1352b678ccb8,Kuku Patel,5,,nice,0,,2026-07-25T22:11:26,,
Truecaller: Spam Call Blocker,com.truecaller,Communication,16960982-4f0e-4cd6-9031-acba9320ae5b,Aaliya Majeed,5,,ഗുഡ്,0,26.28.5,2026-07-25T21:57:34,,
Truecaller: Spam Call Blocker,com.truecaller,Communication,6a82d441-d4a6-4eb0-816b-2b9414022654,Edwin Kipngetich,4,,good,0,,2026-07-25T21:53:01,,
Truecaller: Spam Call Blocker,com.truecaller,Communication,4b69d97a-fdee-4428-9010-9968c4cb5c4a,Sahil Yadav,5,,❤️,0,26.28.5,2026-07-25T21:52:51,,
Truecaller: Spam Call Blocker,com.truecaller,Communication,1294d812-ef9c-4884-b99c-6afec7c31c7b,IMRAN KHAN,5,,nice app,0,26.28.5,2026-07-25T21:51:50,,
Truecaller: Spam Call Blocker,com.truecaller,Communication,06766d3c-e02a-4bdc-99e9-a26d8e0a22c8,Vicky Kumar,5,,tuff check,0,26.28.5,2026-07-25T21:48:44,,
Truecaller: Spam Call Blocker,com.truecaller,Communication,39809140-2370-4773-bccc-d9dd973d8dba,Ramesh Pradhan,4,,nice🙂,0,26.11.7,2026-07-25T21:33:36,,
Truecaller: Spam Call Blocker,com.truecaller,Communication,e24054a9-f7dd-4b1a-81f0-f30ca47c530b,Steeple,5,,powerfull,0,,2026-07-25T21:28:50,,
Truecaller: Spam Call Blocker,com.truecaller,Communication,b66cd942-0fea-4b0d-9aec-6df523804eca,Melaku Girma biru,5,,5stars,0,26.28.5,2026-07-25T21:25:44,,
Truecaller: Spam Call Blocker,com.truecaller,Communication,6d0a6425-7bbe-46bd-b892-b22bcac53260,Tanuj Chaudhary,5,,nice,0,,2026-07-25T21:23:54,,
Truecaller: Spam Call Blocker,com.truecaller,Communication,d6a99b3a-94e1-405f-b4d1-8f41e192e2c3,Amit Bhatti,1,,"It is showing my BSNL mobile number as ""Likely Fraud"". Fix your app issue.",0,,2026-07-25T21:17:59,,
Truecaller: Spam Call Blocker,com.truecaller,Communication,d9cacba4-67da-402e-a086-7c33fb0334a9,Muhammad Yousof,5,,🌟🌟🌟🌟🌟,3,8.21,2026-07-25T21:15:37,Thank you for your feedback. Keep enjoying our services :)/ES,2025-03-03T22:00:05
Truecaller: Spam Call Blocker,com.truecaller,Communication,b3ae7130-764c-4496-b2fe-8b558ed5a93b,Manish Katariya,5,,nice,0,26.9.7,2026-07-25T21:15:02,,
Truecaller: Spam Call Blocker,com.truecaller,Communication,41eabda4-8b31-4193-8929-d2fad5a8f697,Bahati Karisa,3,,"DISAPPOINTMENT: The app is super cool. But, it doesn't have an auto record feature when having a conversation. You know, I am a security officer. so, this feature is a jewel for me. for its make my job (intelligence job) easier. Do something please.......",0,,2026-07-25T21:12:49,,
Truecaller: Spam Call Blocker,com.truecaller,Communication,b9b8cd5b-9225-4615-9ba3-04253f1e36dd,abdulkadir aliyu,5,,Nice one,1,26.27.5,2026-07-25T21:04:26,,
Truecaller: Spam Call Blocker,com.truecaller,Communication,48859bc2-4300-468a-b7a9-f08d6ca46cbc,Deepak Shroff,5,,😊👍,1,,2026-07-25T21:00:13,,
Truecaller: Spam Call Blocker,com.truecaller,Communication,8df20c93-940f-4076-a2fd-3e4efae42401,karambir singh sidhu,1,,"it's showing - ""likely fraud"" my Bsnl no.. why so",1,26.27.5,2026-07-25T20:58:56,,
Truecaller: Spam Call Blocker,com.truecaller,Communication,3498f19a-1016-42df-87ec-5ccbe81e689d,Anil Ani,4,,ok,1,26.28.5,2026-07-25T20:47:31,,
Truecaller: Spam Call Blocker,com.truecaller,Communication,a914436f-73e5-40db-88f9-f5f3a6e3a2b0,sonu kumar,4,,very good 👍,1,26.28.5,2026-07-25T20:45:36,,
Truecaller: Spam Call Blocker,com.truecaller,Communication,1c6c00d9-1f24-4953-bd75-fff3b6908f01,Surajit Talukdar,4,,good,1,26.27.5,2026-07-25T20:35:58,,
Truecaller: Spam Call Blocker,com.truecaller,Communication,905e5fd0-6c42-4f7a-bd63-a83ee6604764,Ramen Thakuria,5,,very good,1,26.28.5,2026-07-25T20:27:08,,
Truecaller: Spam Call Blocker,com.truecaller,Communication,7fb22525-cb13-4afd-8a01-2686def745af,Radhe Radhe,5,,radhe radhe 🤗🤝,1,26.28.5,2026-07-25T20:25:15,,
Truecaller: Spam Call Blocker,com.truecaller,Communication,bb11bd7a-34f5-4380-9aca-cd230cc5ef80,Antar Deep,5,,good,0,,2026-07-25T20:23:25,,
Truecaller: Spam Call Blocker,com.truecaller,Communication,22b2e2ae-c4a0-4701-85ba-24662f30e0e5,A K,1,,yearly subscription 25 percent discount offer at Rs 674 but Payment ke time 899 show karna. ye to cheating hai.,2,26.29.7,2026-07-25T20:21:51,,
Truecaller: Spam Call Blocker,com.truecaller,Communication,21d61638-0007-41ee-b9e7-64a3c9d26303,Arvind,3,,v.good,0,26.28.5,2026-07-25T20:20:53,,
Truecaller: Spam Call Blocker,com.truecaller,Communication,b34ffaa1-ded0-4699-9190-72c1f693fc79,Vishal Belwanshi,5,,good for truecaller,0,26.28.5,2026-07-25T20:19:46,,
Truecaller: Spam Call Blocker,com.truecaller,Communication,a54d76d1-acb3-4c99-b04d-277583d7f412,Suri Rx,5,,👑,0,26.28.5,2026-07-25T20:16:43,,
Truecaller: Spam Call Blocker,com.truecaller,Communication,b68b8dc2-3210-4e73-aeb1-b4995a182669,Ravindrasinh Rathore,5,,👍,0,,2026-07-25T20:16:21,,
Truecaller: Spam Call Blocker,com.truecaller,Communication,ac4ca02b-b2bd-4190-bb97-ed6c67af4476,Supriya Pati,5,,best app for call,0,26.28.5,2026-07-25T20:15:27,,
Truecaller: Spam Call Blocker,com.truecaller,Communication,3f00db34-c6ad-4211-b47a-dff140921e31,Atul Bhalerav,5,,nice 👌👌👌👌,0,26.28.5,2026-07-25T20:14:33,,
Truecaller: Spam Call Blocker,com.truecaller,Communication,2871ea2a-3891-4b4a-80ba-70a0c19abfa6,Lorenzo Ahmed Lanre,5,,perfect,0,26.28.5,2026-07-25T20:13:37,,
Truecaller: Spam Call Blocker,com.truecaller,Communication,04a3d42d-9c21-4ee4-b7ed-d5c373b5690a,benrahmah Kyalo,5,,amazing,0,26.27.5,2026-07-25T20:12:59,,
Truecaller: Spam Call Blocker,com.truecaller,Communication,36deb333-cbe6-4cbe-b8e7-a11b7279c3b0,Eliud Malongo,5,,I think good of you,0,26.28.5,2026-07-25T20:08:38,,
Truecaller: Spam Call Blocker,com.truecaller,Communication,08d7a7c1-418d-4fab-bd74-3e723703baa0,Yasin khan Khan,5,,good 👍,0,26.28.5,2026-07-25T20:02:21,,
Truecaller: Spam Call Blocker,com.truecaller,Communication,a78a8c8c-06a3-427e-bd0f-eae6e4d72e63,Blessing,3,,good,0,26.28.5,2026-07-25T20:01:33,,
Truecaller: Spam Call Blocker,com.truecaller,Communication,3ffde98b-1f5d-4f0e-aeb8-3421e2d8fcab,Bhoodev Jaat,5,,Bhoodev JAAT ❤️❤️,0,26.27.5,2026-07-25T19:57:50,,
Truecaller: Spam Call Blocker,com.truecaller,Communication,675014e4-38b9-4d78-bea8-06d9fd3c854c,Aman Rajput,3,,👍,0,,2026-07-25T19:56:34,,
Truecaller: Spam Call Blocker,com.truecaller,Communication,977de99a-00d2-4f9f-a7bc-4a18bd8c7820,Laxman Singh,3,,very nice,0,26.27.5,2026-07-25T19:53:26,,
Truecaller: Spam Call Blocker,com.truecaller,Communication,a9e19b50-f243-434f-812d-7c6a1538c19d,David chidiebere Ogu,5,,good,0,26.28.5,2026-07-25T19:47:37,,
Truecaller: Spam Call Blocker,com.truecaller,Communication,3c99bef7-5a55-436e-9a91-479d5fc4de33,Ravi K.Satpute,1,,hoples,0,26.25.8,2026-07-25T19:47:36,,
Truecaller: Spam Call Blocker,com.truecaller,Communication,d29d8b47-c7cb-4271-8a1b-0e2d7a96a7e0,Somanath Kale,3,,good,0,26.17.6,2026-07-25T19:47:11,,
Truecaller: Spam Call Blocker,com.truecaller,Communication,a151fc2c-62dc-4618-a890-35d5721810a2,Voltas Palani,5,,👍,0,26.28.5,2026-07-25T19:41:48,,
Truecaller: Spam Call Blocker,com.truecaller,Communication,8fe39dd5-e7a1-421c-9ef6-b93bf3ef4c7e,Sangam Vishwakarma,5,,good,0,26.28.5,2026-07-25T19:33:43,,
Truecaller: Spam Call Blocker,com.truecaller,Communication,d6a39da6-0a26-4583-8fb5-fa7ee1575b7d,Ismail Ismail,4,,good,0,26.28.5,2026-07-25T19:32:28,,
Truecaller: Spam Call Blocker,com.truecaller,Communication,e478530e-6c62-4f11-92ea-c7a95d892d9c,Ayan Ansari,5,,good,0,26.28.5,2026-07-25T19:20:35,,
Truecaller: Spam Call Blocker,com.truecaller,Communication,2fe676d7-eef7-47e4-ae01-14db24e0ee8e,Hassan Aliyu,5,,good,0,26.28.5,2026-07-25T19:07:24,,
Truecaller: Spam Call Blocker,com.truecaller,Communication,714b8c32-6e83-41fb-9f77-3fc1f6d17d59,Dhapu Dangi,5,,good 👍,0,26.28.5,2026-07-25T19:04:10,,
Truecaller: Spam Call Blocker,com.truecaller,Communication,b1358d49-cc33-4b9e-a651-09c98c65a6ba,Abubokar Sddik,1,,good,0,26.27.5,2026-07-25T18:58:23,,
Truecaller: Spam Call Blocker,com.truecaller,Communication,f7c5d5e0-8a93-4e51-bc4a-02274f7961aa,Priya,5,,acha hai,0,26.28.5,2026-07-25T18:56:45,,
Truecaller: Spam Call Blocker,com.truecaller,Communication,454486ef-0277-4ca8-b9a5-7e385447842e,Bishu Kumar,1,,nice,0,26.28.5,2026-07-25T18:55:34,,
Truecaller: Spam Call Blocker,com.truecaller,Communication,c41046a4-8452-4faa-8122-d163895bedcb,VODABUCKS REWARDS,5,,excellent,0,26.28.5,2026-07-25T18:53:17,,
Truecaller: Spam Call Blocker,com.truecaller,Communication,65f9ba10-de2e-4db0-b400-b765ee0186e4,Ejaz urfi,3,,OK perfect but whenever its come on screen people gotten iriteted,0,26.27.5,2026-07-25T18:51:31,,
Truecaller: Spam Call Blocker,com.truecaller,Communication,dcbcb764-ab33-4951-b970-08f4b2765b7e,Daniel Ugbede,5,,👍,0,26.28.5,2026-07-25T18:46:43,,
Truecaller: Spam Call Blocker,com.truecaller,Communication,0c75ae17-f266-4de9-b29f-cef70aad9555,Rakesh Yadav,4,,👍,0,26.27.5,2026-07-25T18:45:05,,
Truecaller: Spam Call Blocker,com.truecaller,Communication,14b8d8fc-39ae-4902-9a46-7f68ac75c67c,daniel Nallapu,5,,good app,0,26.28.5,2026-07-25T18:40:44,,
Truecaller: Spam Call Blocker,com.truecaller,Communication,865c1277-2c9b-4d09-af81-121c52ea737c,Gajula Younis,5,,good 👍,0,,2026-07-25T18:32:10,,
Truecaller: Spam Call Blocker,com.truecaller,Communication,520dd2e7-130e-4502-92e1-4514d77cf6d4,Vijay Ajan,1,,"Bad, it's hacks your mobile",0,26.28.5,2026-07-25T18:31:40,,
Truecaller: Spam Call Blocker,com.truecaller,Communication,55131532-c577-44e3-98f9-cc6de363b12e,DR YOGENDRA SINGH 24 HOURS EMERGENCY SERVICES,5,,very very nice 👍 super se bhi upar apps,0,26.27.5,2026-07-25T18:29:39,,
Truecaller: Spam Call Blocker,com.truecaller,Communication,fc50977e-4888-4b6b-afff-d4080a4a2e0b,Fida Malik (‫ملک صاحب‬‎),5,,good appp,0,26.28.5,2026-07-25T18:27:55,,
Truecaller: Spam Call Blocker,com.truecaller,Communication,80f36f4b-dc76-413e-aedc-76eee44c49ec,Raju Kanojiya,5,,"""Ever since I downloaded this app, I haven't faced any problems. In fact, it has made my work much easier. Thank you so much.""",0,26.28.5,2026-07-25T18:23:26,,
Truecaller: Spam Call Blocker,com.truecaller,Communication,1d4ae20d-b4fe-4797-8a63-604b3c8e09c8,Narayan Barik,5,,good,0,26.28.5,2026-07-25T18:23:11,,
Truecaller: Spam Call Blocker,com.truecaller,Communication,d8e32817-1e3f-4f9d-a49e-9cbf1fd2cef3,Furkan Bhat,5,,it is nice app because it blocks all scammer calls,0,,2026-07-25T18:14:59,,
Truecaller: Spam Call Blocker,com.truecaller,Communication,6501214e-f73f-4977-9fb5-44de85465e09,Abdullah Zayan,5,,good,0,,2026-07-25T18:14:14,,
Truecaller: Spam Call Blocker,com.truecaller,Communication,52955d16-19c1-421a-8dc1-36c5e12064af,Ibraheem ohinoyi Muhammed,5,,true caller defines truth,0,26.25.8,2026-07-25T18:12:50,,
Truecaller: Spam Call Blocker,com.truecaller,Communication,ccab6362-e967-437b-a567-da99e3bb4866,Umar Sagir,1,,This App is very Amazing and interesting I really appreciate it,0,26.28.5,2026-07-25T18:12:12,,
Truecaller: Spam Call Blocker,com.truecaller,Communication,ceef05e7-c3ca-428d-a678-90493f93a0c6,Harivansh Rajbhar,5,,nice 👍,0,26.28.5,2026-07-25T18:09:16,,
Truecaller: Spam Call Blocker,com.truecaller,Communication,20f6b254-79d9-40d8-a1c5-59fcebf1553c,Raees Ansari 786,5,,raees ansari 🥰🥰🥰,0,26.28.5,2026-07-25T18:08:59,,
Truecaller: Spam Call Blocker,com.truecaller,Communication,ba20d0b5-d62c-42fa-92dd-7e7b09271483,Mannu Kumar,5,,good service,0,26.26.6,2026-07-25T18:03:53,,
Truecaller: Spam Call Blocker,com.truecaller,Communication,d508bf8a-e040-413c-af33-abb224a8313f,Ramana Venkata,4,,good,0,26.28.5,2026-07-25T18:03:35,,
Truecaller: Spam Call Blocker,com.truecaller,Communication,b202c52b-6f91-4a0c-8f29-c9b922e27c59,Ikechukwu Favour,3,,is good,0,26.27.5,2026-07-25T17:57:22,,
Truecaller: Spam Call Blocker,com.truecaller,Communication,3011618f-902d-4254-899d-1b5827fb13e2,himangshu boruah,5,,Not working properly,0,14.0.5,2026-07-25T17:56:16,,
Truecaller: Spam Call Blocker,com.truecaller,Communication,1425215f-1d36-448c-9236-bdff33dc511b,Hamja Gaji123,5,,good,0,26.28.5,2026-07-25T17:53:11,,
Truecaller: Spam Call Blocker,com.truecaller,Communication,2555f1ab-1dcb-424d-bcc5-c1c26f167cf9,Arvind Kharat,4,,👍,0,26.28.5,2026-07-25T17:46:38,,
Truecaller: Spam Call Blocker,com.truecaller,Communication,bb6ce6d7-46bc-4ffd-8a28-60c0af1ed403,Praful Sonkusare,5,,All contact I can see,0,,2026-07-25T17:43:46,,
Truecaller: Spam Call Blocker,com.truecaller,Communication,e7ff2e79-bf73-40dd-bb86-09fb1a78a399,Samuel Joshua Owusu,5,,👍🏿 👌,0,26.27.5,2026-07-25T17:35:50,,
Truecaller: Spam Call Blocker,com.truecaller,Communication,ac417b53-c287-4993-bb57-a4c27514daa1,daniel uchechukwu,5,,great,0,26.28.5,2026-07-25T17:34:06,,
Truecaller: Spam Call Blocker,com.truecaller,Communication,9fbccbee-0848-46bb-b52d-cf1b4139b260,Mannamgopal,4,,Good for unknown number,0,,2026-07-25T17:31:11,,
Truecaller: Spam Call Blocker,com.truecaller,Communication,614ad82c-c45a-428b-8e75-623d46954eac,Alna joy,4,,good,0,,2026-07-25T17:25:06,,
Truecaller: Spam Call Blocker,com.truecaller,Communication,8607b006-6ed6-47a5-94e3-04169592744c,Rubul Kalita,5,,Good,0,26.28.5,2026-07-25T17:21:15,,
Truecaller: Spam Call Blocker,com.truecaller,Communication,8dd1fb27-79fa-47c6-8249-51c83324102e,Roshan Chhatre,5,,good👍,0,26.28.5,2026-07-25T17:15:06,,
Truecaller: Spam Call Blocker,com.truecaller,Communication,fc8a1fb3-9262-4f43-b22e-bf0e10bbf5e9,Sahil Kumar,2,,nice,0,26.28.5,2026-07-25T17:08:27,,
Truecaller: Spam Call Blocker,com.truecaller,Communication,02fcc94e-80df-4d1a-9bf7-66ba1508def4,satyam kumar,4,,good,0,26.27.5,2026-07-25T17:03:50,,
Truecaller: Spam Call Blocker,com.truecaller,Communication,46d0e52a-61dc-4835-858d-18fa9bcbab57,Omotayo Luqmon,1,,You guys scammed me by removing my yearly premium subscription after usage of just a few weeks and haven't responded to me in all the communication channels I've been trying to reach you. Meaning it was done on purpose?,0,26.28.5,2026-07-25T17:02:48,,
Truecaller: Spam Call Blocker,com.truecaller,Communication,3ced8813-f175-4f86-8a4c-a34a43d9d91a,Prem sahu Prem sahu,3,,good,0,,2026-07-25T16:58:18,,
Truecaller: Spam Call Blocker,com.truecaller,Communication,80cda5df-9b92-42cb-843e-6ff4c0f75fa1,Ram Singh,5,,download,0,,2026-07-25T16:54:47,,
Truecaller: Spam Call Blocker,com.truecaller,Communication,1c8ba2c3-0424-4e4b-8920-3f3b7448643f,Jalla James,3,,good,0,26.28.5,2026-07-25T16:53:20,,
Truecaller: Spam Call Blocker,com.truecaller,Communication,2f49f614-1abe-4388-963f-62c08560eb7f,Swazan,2,,low sound quality,0,26.28.5,2026-07-25T16:50:55,,
Truecaller: Spam Call Blocker,com.truecaller,Communication,7ab74084-9b47-4ec7-8b20-a2a78c75d3be,Muthu Mani,5,,good,0,26.28.5,2026-07-25T16:45:30,,
Truecaller: Spam Call Blocker,com.truecaller,Communication,d6c078ec-5b12-4a58-bab1-81385c9ba709,TERDOO NYAFA,5,,very good 💯,0,26.27.5,2026-07-25T16:44:36,,
Truecaller: Spam Call Blocker,com.truecaller,Communication,ffc52e42-1a16-4023-9250-d1244c985b46,Rajab Malik,5,,nice,0,26.26.6,2026-07-25T16:40:44,,
Truecaller: Spam Call Blocker,com.truecaller,Communication,bb0bde6f-66f7-4c93-a665-615298748e4e,Anil Kumar Mahawar,5,,good 👍,0,26.28.5,2026-07-25T16:37:27,,
Truecaller: Spam Call Blocker,com.truecaller,Communication,b0ea1f73-e765-4285-82ea-4e513f102ce2,Farookark Ark,5,,nise,0,26.28.5,2026-07-25T16:37:24,,
Truecaller: Spam Call Blocker,com.truecaller,Communication,d783ebb8-5fdf-41f5-a67f-64d5dce626ae,Danish Alam,5,,best app,0,26.28.5,2026-07-25T16:34:04,,
Truecaller: Spam Call Blocker,com.truecaller,Communication,dfb9ec10-5fcd-47ee-bf34-1ec6af5e0421,Gokul Maurya,3,,good,0,26.28.5,2026-07-25T16:29:43,,
Truecaller: Spam Call Blocker,com.truecaller,Communication,bb97616e-da3f-4b30-b28b-28d2d3fb2725,Narpat Jogsan,5,,good😊,0,26.28.5,2026-07-25T16:28:07,,
Truecaller: Spam Call Blocker,com.truecaller,Communication,7bd8c084-8d36-415b-bb90-c25c8abd5a45,Anwar Hussain Hussain,5,,very good,0,26.28.5,2026-07-25T16:16:28,,
Truecaller: Spam Call Blocker,com.truecaller,Communication,90a087ed-5053-49dd-b40b-0c5d7c649015,Lucas Ngubane,3,,True caller indeed,0,26.28.5,2026-07-25T16:13:28,,
Truecaller: Spam Call Blocker,com.truecaller,Communication,a8e210b3-942d-4e9c-8987-63bfd016b315,Vir Singh Rajput,5,,good 👍,0,26.27.5,2026-07-25T16:10:27,,
Truecaller: Spam Call Blocker,com.truecaller,Communication,5420ddc6-4740-4800-b561-c524f8114030,Jayesh FF,5,,vah Kya baat Kya baat,0,26.27.5,2026-07-25T15:51:38,,
Truecaller: Spam Call Blocker,com.truecaller,Communication,c9f33b8e-4a47-4ebd-be01-c01d5e890057,Mo Faiz,1,,jaldi download nhi ho Raha hai,0,,2026-07-25T15:50:37,,
Truecaller: Spam Call Blocker,com.truecaller,Communication,02ad2024-811b-4be1-a794-44d741699dd5,Yonas Dawit,5,,brand new 👍👍👍,1,26.24.6,2026-07-25T15:44:56,,
Truecaller: Spam Call Blocker,com.truecaller,Communication,db8e9d2a-aa06-441b-afa1-71fa156961e2,Santosh Jatiya,5,,good,0,15.11.6,2026-07-25T15:36:43,,
Truecaller: Spam Call Blocker,com.truecaller,Communication,8dfe2589-3511-4f9e-98f8-a392d11dc421,Ansar T,5,,ok,0,26.28.5,2026-07-25T15:33:11,,
Truecaller: Spam Call Blocker,com.truecaller,Communication,dab9416c-6d7f-4047-adea-e842fbbc76ac,Varsha Shah,5,,good,0,,2026-07-25T15:31:28,,
Truecaller: Spam Call Blocker,com.truecaller,Communication,2178c007-9873-49b8-b7cb-dcd2b75a3598,Nazmul Hasan Mithun,3,,Very good caller ID app it is.,0,,2026-07-25T15:19:19,,
Truecaller: Spam Call Blocker,com.truecaller,Communication,c93a4524-1e8a-41c3-be1c-bbd40557a4cd,idris senusi,5,,good,0,15.21.6,2026-07-25T15:15:50,,
Truecaller: Spam Call Blocker,com.truecaller,Communication,19c5a302-e6fd-42cb-8b45-506e3313690f,Rohit Kumar,5,,good,0,26.28.5,2026-07-25T15:15:08,,
Truecaller: Spam Call Blocker,com.truecaller,Communication,07f007ad-646b-4ee8-a790-7029c4dfa15f,M A N E S H,5,,❤️,0,26.28.5,2026-07-25T15:13:21,,
Truecaller: Spam Call Blocker,com.truecaller,Communication,5dcfc658-07b2-42aa-9c8b-575048628bd4,Kishor Potdar,4,,ok,0,26.27.5,2026-07-25T15:12:32,,
Truecaller: Spam Call Blocker,com.truecaller,Communication,095f2b58-d1a3-4e29-b87d-47990ded1336,Birju Kumar,5,,good,0,26.28.5,2026-07-25T15:08:43,,
Truecaller: Spam Call Blocker,com.truecaller,Communication,18785761-5b2b-4b2e-9da7-391c2ba4fa50,Rohit Singh,5,,nice,0,26.28.5,2026-07-25T15:07:00,,
Truecaller: Spam Call Blocker,com.truecaller,Communication,f1c860e9-9a19-4bb5-a985-1a5e2529fa9f,Abdulkadir Abubakar,5,,"How do I record call without automatically, notifying the receiver",0,26.28.5,2026-07-25T14:58:32,,
Truecaller: Spam Call Blocker,com.truecaller,Communication,d5c13914-ef7b-4bd0-8efa-07fba61dd86e,ryan sky,5,,Good,0,26.27.5,2026-07-25T14:55:26,,
Truecaller: Spam Call Blocker,com.truecaller,Communication,4156d772-6e9b-4555-8801-12d5a9e14f72,Hemant Nijhawan,5,,osm,0,26.28.5,2026-07-25T14:54:53,,
Truecaller: Spam Call Blocker,com.truecaller,Communication,682ba006-ea79-4fc3-9550-b9be193844f4,Loveless Inyang,5,,Helpful,0,,2026-07-25T14:51:07,,
Truecaller: Spam Call Blocker,com.truecaller,Communication,9ef657cb-8511-4054-abd8-4d4ebb942979,Hayati Yaakob,4,,voice is not clear,0,26.27.5,2026-07-25T14:46:12,,
Truecaller: Spam Call Blocker,com.truecaller,Communication,ab7e4872-db35-4257-a2e5-f5c32d6a9e87,Rohan Singh,5,,awesome,0,26.27.5,2026-07-25T14:46:07,,
Truecaller: Spam Call Blocker,com.truecaller,Communication,0172dc09-98ea-4fed-b366-c58c3c3f8c64,Ibrahim Mohd,5,,good condition,0,,2026-07-25T14:45:03,,
Truecaller: Spam Call Blocker,com.truecaller,Communication,e8f8be5e-9087-4300-9eef-f68404221564,Karishma Meena,5,,useful searches,0,26.23.6,2026-07-25T14:43:02,,
Truecaller: Spam Call Blocker,com.truecaller,Communication,9f56cbdb-dab6-4b40-a7b9-4d5b1f69036c,Kenny Musonda,4,,very impressive 👏,0,26.28.5,2026-07-25T14:42:52,,
Truecaller: Spam Call Blocker,com.truecaller,Communication,5a2bf076-edf1-422b-8c69-bc3e2ae311ef,himmat suthar,2,,call ke bich me devider lao,0,26.27.5,2026-07-25T14:41:20,,
Truecaller: Spam Call Blocker,com.truecaller,Communication,554cc515-87d3-475f-a180-01468dafeb23,Anto Joy,4,,audio is ok but not good,0,26.28.5,2026-07-25T14:39:29,,
Truecaller: Spam Call Blocker,com.truecaller,Communication,1ea281f4-9481-4009-a6a2-4fa22ac14d58,Dev Raghav,5,,wow 👌,0,26.28.5,2026-07-25T14:35:07,,
Truecaller: Spam Call Blocker,com.truecaller,Communication,810ae43f-94aa-4401-a181-8cc0af4c445d,MANISH YADAV Nawalpura,5,,good,0,26.27.5,2026-07-25T14:31:30,,
Truecaller: Spam Call Blocker,com.truecaller,Communication,f4c08dbb-dab8-43e9-b770-a73f90eb8adf,Ankush Kumar Gupta,5,,awesome 👍,0,26.27.5,2026-07-25T14:31:05,,
Truecaller: Spam Call Blocker,com.truecaller,Communication,f4131e92-b02c-46ae-841d-d8a0916675b0,parth paikrao,5,,good app,0,26.28.5,2026-07-25T14:30:18,,
Truecaller: Spam Call Blocker,com.truecaller,Communication,f9dc5ea4-59d1-4476-a236-68af48deb772,Mohd Yusuf,1,,It was leak all data Of consumer don't download,0,12.33.5,2026-07-25T14:29:13,,
Truecaller: Spam Call Blocker,com.truecaller,Communication,3d311d43-f22d-4ff8-a14c-cd2074b75ed4,SRINIVASA ma,5,,super,0,26.28.5,2026-07-25T14:05:35,,
Truecaller: Spam Call Blocker,com.truecaller,Communication,6eabd6a4-e189-4714-a78a-f31013e7b929,Relebohile Lelula,5,,good,1,26.28.5,2026-07-25T13:56:08,,
Truecaller: Spam Call Blocker,com.truecaller,Communication,d01ad49c-8633-40cc-a5ee-d76be3aa6b82,SARATH KUMAR,5,,good👍,1,26.28.5,2026-07-25T13:54:59,,
Truecaller: Spam Call Blocker,com.truecaller,Communication,dc1104e4-0209-459d-8c33-7a5f2d1c6964,Saima Ansari,5,,nice 🙏,0,26.28.5,2026-07-25T13:54:30,,
Truecaller: Spam Call Blocker,com.truecaller,Communication,2ec5d490-b18f-4add-b698-044f558143f2,Sanjay Beck,4,,good,0,26.28.5,2026-07-25T13:54:22,,
Truecaller: Spam Call Blocker,com.truecaller,Communication,6342f7d6-8d18-4233-ae8f-102ac95c9ac1,TOBIAS Onyango,5,,so great,0,26.26.6,2026-07-25T13:53:49,,
Truecaller: Spam Call Blocker,com.truecaller,Communication,46e5bb68-92a4-453a-aeae-51803fc78612,Kik pavi Pavi,5,,Good,0,26.28.5,2026-07-25T13:52:04,,
Truecaller: Spam Call Blocker,com.truecaller,Communication,7d4ae770-7c0c-427b-a9e3-0bf441b281cd,"Bad boy,",5,,nice,0,26.28.5,2026-07-25T13:51:18,,
Truecaller: Spam Call Blocker,com.truecaller,Communication,8c010e7a-9f4f-44d3-a020-c5dfa2719802,Padala Shiva,3,,good 👍,0,26.28.5,2026-07-25T13:48:46,,
Truecaller: Spam Call Blocker,com.truecaller,Communication,c8aeb939-4cb3-455a-95dc-d6911dc49bcf,icon Icon,5,,good,0,26.28.5,2026-07-25T13:47:42,,
Truecaller: Spam Call Blocker,com.truecaller,Communication,c889d776-47ec-42b0-8d94-abca01876969,Vijay kumar Verma ji,4,,good,0,26.27.5,2026-07-25T13:47:02,,
Truecaller: Spam Call Blocker,com.truecaller,Communication,3270b2c8-9bc3-4c04-8e55-28dd6b75d3d1,MD Rezaul Sheikh,5,,good,0,26.28.5,2026-07-25T13:44:36,,
Truecaller: Spam Call Blocker,com.truecaller,Communication,a5c6dea7-1b61-43d4-bdf6-26eb9b8c296a,SACHIN SONI,1,,unable to verify account in app from last one year,0,,2026-07-25T13:44:19,,
Truecaller: Spam Call Blocker,com.truecaller,Communication,bde4dd4c-4a15-40dd-968c-affd2cedae1b,Umang Yadav,5,,good working,0,26.27.5,2026-07-25T13:42:57,,
Truecaller: Spam Call Blocker,com.truecaller,Communication,4538e1e4-c76e-4c58-9d0e-bcdc92466c8e,Manish Khunte,5,,bhaiyaaan vasteknanehuiyaaa 😂,0,26.28.5,2026-07-25T13:42:12,,
Truecaller: Spam Call Blocker,com.truecaller,Communication,0e62a585-6c33-43c8-953a-cd17e3b2b596,Laxman Kumar,5,,think good service,0,26.28.5,2026-07-25T13:41:33,,
Truecaller: Spam Call Blocker,com.truecaller,Communication,60d0d2a9-b679-4417-a28b-5454b14bae37,Biraj Khudal,5,,Nice,0,26.28.5,2026-07-25T13:37:37,,
Truecaller: Spam Call Blocker,com.truecaller,Communication,5dec6c66-bee3-41a3-a320-70385bcc2812,Rohit Yadav,5,,truecaller download nahi ho raha hai,0,,2026-07-25T13:37:18,,
Truecaller: Spam Call Blocker,com.truecaller,Communication,bfccffdf-afba-416d-bc40-019e77af2688,Gidy Nesh,5,,reliable,0,26.28.5,2026-07-25T13:36:36,,
Truecaller: Spam Call Blocker,com.truecaller,Communication,ff346314-4f03-4567-a28e-d997388db042,Prianshu Rajkhowa,1,,vare bad,0,26.28.5,2026-07-25T13:28:54,,
Truecaller: Spam Call Blocker,com.truecaller,Communication,0a82ad0a-0d1f-4584-b94c-36ef12ea9b84,Sagarika Routray,5,,app is best,0,14.39.6,2026-07-25T13:28:23,,
Truecaller: Spam Call Blocker,com.truecaller,Communication,1b9d02b0-708d-48e1-b2bd-d2b0b044c376,Sourav Kumar,5,,very nice 👍,0,26.28.5,2026-07-25T13:25:44,,
Truecaller: Spam Call Blocker,com.truecaller,Communication,695e884d-e134-433b-8ce9-df7e149feee0,Mukesh Suryawanshi,5,,very nice 👍👍👍👍,0,26.27.5,2026-07-25T13:21:30,,
Truecaller: Spam Call Blocker,com.truecaller,Communication,d61df986-035b-4546-b6db-244f545b47ec,Salihu Abdulsamad,5,,okay 👌,0,26.28.5,2026-07-25T13:16:26,,
Truecaller: Spam Call Blocker,com.truecaller,Communication,bed9f701-44b1-4312-af34-2b8c4c6726a4,Arvind_ Mewada,3,,good,0,26.27.5,2026-07-25T13:15:41,,
Truecaller: Spam Call Blocker,com.truecaller,Communication,c86a96ae-ac7b-4911-8f61-871e579db9e0,Rajveer Singh,5,,👍,0,26.28.5,2026-07-25T13:12:41,,
Truecaller: Spam Call Blocker,com.truecaller,Communication,a6954ec3-9ae9-4e4a-aba3-1689e23a7a98,Rawat Bsingh Sir G,5,,Will it pose any threat or leak my data and will it be safe.,0,26.26.6,2026-07-25T13:12:14,,
Truecaller: Spam Call Blocker,com.truecaller,Communication,19b910ab-8582-4fee-b70b-4b486f3d44e5,Davies Banda,1,,"The app is good, but the owners need to stop overriding the systems settings on people's gadgets. The app has tons of ads and regardless of the times you restrict the app, it will still display over other apps. This feature is very inconveniencing and frustrating..",1,26.26.6,2026-07-25T13:11:01,,
Truecaller: Spam Call Blocker,com.truecaller,Communication,6495bb48-e90f-4017-a73d-6247c0f7ded1,Khatri Rahul Arora,5,,good,0,26.27.5,2026-07-25T13:09:56,,
Truecaller: Spam Call Blocker,com.truecaller,Communication,aae7b8bd-482a-4d36-9d88-af85b23da754,Shiv dutt Kumar,3,,better experience,0,26.14.6,2026-07-25T13:05:19,,
Truecaller: Spam Call Blocker,com.truecaller,Communication,ae44c5c8-9ba2-4d2d-8407-b88cd410b97c,Amit Pathak,5,,nice,0,26.26.6,2026-07-25T12:57:52,,
Truecaller: Spam Call Blocker,com.truecaller,Communication,e6f512ea-44fb-48e0-9adc-310ea071af96,Des Raj,5,,thanks🙏🙇 ji,0,26.27.5,2026-07-25T12:50:45,,
Truecaller: Spam Call Blocker,com.truecaller,Communication,2093a539-b293-45f4-86c1-fbe3f5539b26,queen lowole,5,,excellent,0,26.28.5,2026-07-25T12:50:37,,
Truecaller: Spam Call Blocker,com.truecaller,Communication,13986d5b-2c06-4e77-970f-6fddcdfd0ad6,Rani Sharma,5,,useful,0,26.28.5,2026-07-25T12:49:47,,
Truecaller: Spam Call Blocker,com.truecaller,Communication,7f7db637-9769-4b62-b570-cc01f613e0ab,Paradise Inn,5,,nice,0,26.28.5,2026-07-25T12:46:43,,
Truecaller: Spam Call Blocker,com.truecaller,Communication,5f125374-2123-4225-be5d-36abf653f5d1,Bishal Mandal,5,,Good jog,0,26.27.5,2026-07-25T12:40:48,,
Truecaller: Spam Call Blocker,com.truecaller,Communication,8ee9768c-24f4-4cf8-81ff-ce823f806aa9,Uttankar Sharma,5,,good,0,26.27.5,2026-07-25T12:38:19,,
Truecaller: Spam Call Blocker,com.truecaller,Communication,11b67912-04ba-45a4-a537-faaae3641d5c,Gopi Thapa,5,,excellent 👌👌👌,0,26.28.5,2026-07-25T12:34:07,,
Truecaller: Spam Call Blocker,com.truecaller,Communication,91d228a8-7d22-4a2b-85d1-85b79578d525,Pujari sreeja,5,,good,0,26.28.5,2026-07-25T12:33:31,,
Truecaller: Spam Call Blocker,com.truecaller,Communication,15af092b-bf29-4521-8f6e-0f8120de9f6a,Dilkhush kr Yadav,2,,varu vari Danger app,0,26.20.6,2026-07-25T12:31:09,,
Truecaller: Spam Call Blocker,com.truecaller,Communication,d62770d6-91a2-416e-9f88-25d7b3e9895a,Anurag Gupta,1,,interface ko aur smooth Karen aur jyada Se jyada Se jyada fraud call ko roken spammers ko hataye,0,26.27.5,2026-07-25T12:30:06,,
Truecaller: Spam Call Blocker,com.truecaller,Communication,04320a36-770a-47f3-9f2b-4cec541b7813,Sudamakumar,5,,bahut achcha itna achcha hai to colour bahut achcha hai bolane ka baat hai hi nahin bahut achcha bahut achcha bahut achcha bahut achcha,0,,2026-07-25T12:28:16,,
Truecaller: Spam Call Blocker,com.truecaller,Communication,ef5dd751-bb57-469f-a82a-962fb9b25df8,Kharis,5,,I works very well,0,26.28.5,2026-07-25T12:27:46,,
Truecaller: Spam Call Blocker,com.truecaller,Communication,0defd0e5-b633-4c3a-959e-21efc0571bc4,Caleb Logen,5,,perfect,0,26.28.5,2026-07-25T12:24:53,,
Truecaller: Spam Call Blocker,com.truecaller,Communication,ada932bb-422d-428c-b086-d84a3cfbbea6,Sajan Kumar Raj Raj Dehradun,5,,bahut Achcha app hai,0,26.28.5,2026-07-25T12:24:15,,
Truecaller: Spam Call Blocker,com.truecaller,Communication,66acb981-b86d-47a6-bbe7-eec28b9a8016,Saniya Ansari,5,,nice 👍🏻,0,26.28.5,2026-07-25T12:19:59,,
Truecaller: Spam Call Blocker,com.truecaller,Communication,7586d83a-afd4-42c4-8d87-32e69320ffbc,Keshav Reddy,5,,kk Good best,0,,2026-07-25T12:19:51,,
Truecaller: Spam Call Blocker,com.truecaller,Communication,7878eaee-b566-4f1f-845e-b57cfb854a24,Thirto Shil,5,,ok. Good app,0,26.27.5,2026-07-25T12:18:56,,
Truecaller: Spam Call Blocker,com.truecaller,Communication,ba8f12a8-6ef3-444c-8f5c-ec4b3d65ec6a,Siva Kumar,5,,good,0,26.28.5,2026-07-25T12:17:29,,
Truecaller: Spam Call Blocker,com.truecaller,Communication,b5994859-eddc-432e-a8bc-d7d645dbbb00,Jannatun Nahar,1,,Useless,0,26.27.5,2026-07-25T12:16:03,,
Truecaller: Spam Call Blocker,com.truecaller,Communication,476d4bd1-7acb-4b77-a553-205c94338160,Azim Alex,5,,good,0,26.27.5,2026-07-25T12:09:27,,
Truecaller: Spam Call Blocker,com.truecaller,Communication,132720da-2c32-4874-843a-546a878fd0c2,Rizwan Rizwan,5,,very good,0,26.28.5,2026-07-25T12:08:47,,
Truecaller: Spam Call Blocker,com.truecaller,Communication,dc1fd065-4f2f-42b3-81e1-10ed8376ec90,Aditya Pasi,5,,good,0,15.26.8,2026-07-25T12:06:48,,
Truecaller: Spam Call Blocker,com.truecaller,Communication,4e31cec7-3eaa-4919-a9eb-a58ba6fd2bea,Kamladevi Kamladevi,5,,very nice 👍 I'm very satisfied,0,26.28.5,2026-07-25T12:03:38,,
Truecaller: Spam Call Blocker,com.truecaller,Communication,4c320b8c-2f57-4b39-915b-f0352fadf476,Sandip Samal,5,,very good,0,,2026-07-25T12:02:26,,
Truecaller: Spam Call Blocker,com.truecaller,Communication,d2d0e21a-3bd9-4247-b89b-c4344fed321d,Pijus Maji,5,,good,0,26.27.5,2026-07-25T11:59:43,,
Truecaller: Spam Call Blocker,com.truecaller,Communication,4cbc3340-c5aa-4ee5-8063-2eca38e2e251,Husna Ara,5,,good,0,,2026-07-25T11:53:41,,
Truecaller: Spam Call Blocker,com.truecaller,Communication,da3013fb-baf2-4ee8-9dce-5805e08953d8,fabi kiptoo,5,,good app na,0,26.28.5,2026-07-25T11:53:23,,
Truecaller: Spam Call Blocker,com.truecaller,Communication,e9207a6a-562b-48e4-ab24-a07260d5226e,Durgesh Kumar,5,,good,0,26.28.5,2026-07-25T11:48:30,,
Truecaller: Spam Call Blocker,com.truecaller,Communication,14644ccd-ca5f-4c05-8f22-85e1f181ff68,Jhaman kumar,5,,His😍🥰,0,26.24.6,2026-07-25T11:48:02,,
Truecaller: Spam Call Blocker,com.truecaller,Communication,e7e84894-a7ba-4127-8405-6b06636ff8dd,wachiuri gakoma,5,,A companion in life. very useful in faltering and knowing your caller before the start of the conversation.,0,26.28.5,2026-07-25T11:45:36,,
Truecaller: Spam Call Blocker,com.truecaller,Communication,08f4e569-a754-4f3d-ab1e-f58a56bdd374,Are PRASHANTH,5,,good,0,26.23.6,2026-07-25T11:42:28,,
Truecaller: Spam Call Blocker,com.truecaller,Communication,7591353e-e29a-4413-abe8-548fe2434c57,Sunny Kumar,5,,excellent,0,26.28.5,2026-07-25T11:34:26,,
Truecaller: Spam Call Blocker,com.truecaller,Communication,3a2c1734-5ba9-47fc-9061-9b01e297c339,MAHAVIR SURANA,5,,don't advertisement,0,26.28.5,2026-07-25T11:34:03,,
Truecaller: Spam Call Blocker,com.truecaller,Communication,f7b83dbe-2340-426e-ae0a-397dc21fd682,Bhuneshwar Mahto,5,,Bhai ❣️❤️‍🩹❣️,0,,2026-07-25T11:32:38,,
Truecaller: Spam Call Blocker,com.truecaller,Communication,dee6f87d-67d8-4671-bb7d-6ac281e218a7,Ayub Khan,4,,Nice👍👍,2,26.27.5,2026-07-25T11:31:21,"Hi Ayub, we have discontinued the call recording feature in Truecaller, effective 11 May 2022 as per the new Google Developer Policy. We apologise for the inconvenience.  If you have any questions, please write us at support@truecaller.com /VP
",2023-10-18T15:53:22
Truecaller: Spam Call Blocker,com.truecaller,Communication,57425e16-7794-4004-9241-e6b28dc3819a,Junaid Khan,1,,good,0,26.27.5,2026-07-25T11:29:20,,
Truecaller: Spam Call Blocker,com.truecaller,Communication,8e349ae3-fb14-4006-8e82-eca03a57dcac,Alamgir Bhai,5,,অসাধারণ অ্যাপস👍❤️,0,15.16.7,2026-07-25T11:25:34,,
Truecaller: Spam Call Blocker,com.truecaller,Communication,17f0ee54-44e3-4194-bdbc-5cd6590504b2,VISHAL GUPTA,4,,great,0,26.28.5,2026-07-25T11:24:35,,
Truecaller: Spam Call Blocker,com.truecaller,Communication,49e9dae6-919a-45f4-b9ca-5bd333edd3f2,Ankit Kumar,4,,super 😊😍,0,26.28.5,2026-07-25T11:24:21,,
Truecaller: Spam Call Blocker,com.truecaller,Communication,f24dbae6-d8f1-46fb-aeb3-5a9a836f9755,Manoj S Chaudharii,5,,very good app,0,26.28.5,2026-07-25T11:21:01,,
Truecaller: Spam Call Blocker,com.truecaller,Communication,927f05fb-829e-4c43-9b97-80897bef0a46,Bhishm Pal Singh,5,,nice,1,26.28.5,2026-07-25T11:18:47,,
Truecaller: Spam Call Blocker,com.truecaller,Communication,475d0a56-dc88-48ce-b37d-eb4b9d9518b7,Mahmud Alam,5,,nice,0,26.28.5,2026-07-25T11:14:16,,
Truecaller: Spam Call Blocker,com.truecaller,Communication,3bbcf5c3-cb53-4a90-b892-1e1247ef1715,taofeek siyanbola,2,,"why this ur app is giving a lot of problems, am using it before and immediately I got second android phone,the one on this phone started giving me problems and I uninstalled it and try to re- install it back , when I got to Get started and click it and reply with I get stable network connection and I thought maybe my data sub has finished and I sub another data again and it still the same thing till now ,and I don't know what to do again",0,,2026-07-25T11:14:01,,
Truecaller: Spam Call Blocker,com.truecaller,Communication,2232f7dc-1776-4bce-a285-15ddf15e62de,USMAN KHAN,5,,super,0,26.28.5,2026-07-25T11:10:02,,
Truecaller: Spam Call Blocker,com.truecaller,Communication,bf4cb4e0-a4a7-408a-9695-ad84228b58c9,Ashish Kumar,1,,this betar,0,26.27.5,2026-07-25T11:06:15,,
Truecaller: Spam Call Blocker,com.truecaller,Communication,b90f5076-8d1c-4d7d-9947-39d751ddde07,Dhaka Dharmendra,5,,very good,0,26.28.5,2026-07-25T11:00:49,,
Truecaller: Spam Call Blocker,com.truecaller,Communication,a892da93-23ec-4b67-ab34-3aa4ea39184d,Sarita Devi,2,,nice,0,26.28.5,2026-07-25T11:00:39,,
Truecaller: Spam Call Blocker,com.truecaller,Communication,eedc1704-3c7e-472d-9ffa-2a3d8016503d,Balu Admane,1,,good app,0,26.28.5,2026-07-25T10:59:12,,
Truecaller: Spam Call Blocker,com.truecaller,Communication,2895cec0-e4ff-45d8-9232-f52dc219aaab,Niraj S Choudhary,5,,good 👍,0,26.27.5,2026-07-25T10:52:52,,
Truecaller: Spam Call Blocker,com.truecaller,Communication,21fa52c4-9eae-4b88-a632-80cd50fb2541,Kishore Mahtre,5,,app problem ho raha hai,0,,2026-07-25T10:52:27,,
Truecaller: Spam Call Blocker,com.truecaller,Communication,511ffee0-d312-419a-b1e6-2da14975098e,PURUSHOTTAM SAINI,5,,good 👍,0,26.28.5,2026-07-25T10:52:17,,
Truecaller: Spam Call Blocker,com.truecaller,Communication,fe8d2df9-4ce9-467c-b3e4-72744f3ace41,महाकाल बाबा जी बाबा जी,4,,thik he,0,26.28.5,2026-07-25T10:46:30,,
Truecaller: Spam Call Blocker,com.truecaller,Communication,edad98d2-c2e2-4fe6-8f4f-20876ed2c9b4,Ashish Ranjan,3,,"Suggestion: Also display the contact number below the caller’s name. People can change their display names to appear legitimate, so showing the number would make it easier to verify whether a call is coming from an authentic source, such as numbers starting with 1600.",0,,2026-07-25T10:42:15,,
Truecaller: Spam Call Blocker,com.truecaller,Communication,a28e628b-7f71-4376-ba7c-f41b8ddbfd24,Bikash Kumar Gupta,5,,good,0,26.28.5,2026-07-25T10:42:12,,
Truecaller: Spam Call Blocker,com.truecaller,Communication,fbe9ebec-4917-4689-9fea-d7bd373d07be,Deep Thacker,1,,Too many ads & too much phone is hanging because of this app,0,26.28.5,2026-07-25T10:41:13,,
Truecaller: Spam Call Blocker,com.truecaller,Communication,48122658-bed1-4bf1-8be3-af10936c50a9,Chandaka Srinu,5,,super,0,26.28.5,2026-07-25T10:39:30,,
Truecaller: Spam Call Blocker,com.truecaller,Communication,2decadf1-fa9b-41ed-8750-305e9023675d,Prince Asare,5,,Good in use,0,26.27.5,2026-07-25T10:31:49,,
Truecaller: Spam Call Blocker,com.truecaller,Communication,12b0d312-aef7-484f-95d8-1a98a3c8192e,Jose Silvester,4,,UI too intrusive. Not a lot of option to customize.,0,26.28.5,2026-07-25T10:29:35,,
Truecaller: Spam Call Blocker,com.truecaller,Communication,8490a636-f6b5-43a4-929b-c0baf1b4d43d,Rajesh Dosad,5,,very good,0,26.28.5,2026-07-25T10:27:02,,
Truecaller: Spam Call Blocker,com.truecaller,Communication,d893d12c-076e-4178-8bf5-c8a19eacfe9c,Sathish Kumar,5,,nice,0,26.28.5,2026-07-25T10:26:20,,
Truecaller: Spam Call Blocker,com.truecaller,Communication,08d6fcbf-0115-4d91-8641-83136b19b43e,Nasir Khan,3,,very happy😄😃😁,0,26.28.5,2026-07-25T10:26:09,,
Truecaller: Spam Call Blocker,com.truecaller,Communication,9d66e963-9872-4130-9174-7bfe4553af13,Naveen Kumar Navi,5,,so good,0,26.28.5,2026-07-25T10:24:45,,
Truecaller: Spam Call Blocker,com.truecaller,Communication,74d0a77f-1abb-4660-b8df-20ddf3a2ea4e,Ritik kumar Jha,1,,not showing my profile why another phone,0,26.28.5,2026-07-25T10:21:43,,
Truecaller: Spam Call Blocker,com.truecaller,Communication,4e8da3fb-d890-41d2-99c5-3b7f81d7a29a,Vijay Patibandla,3,,nice,0,26.20.6,2026-07-25T10:19:13,,
Truecaller: Spam Call Blocker,com.truecaller,Communication,63562875-648b-4e98-bebb-30581bb010eb,Gouri Sankar,5,,so simple,0,26.26.6,2026-07-25T10:16:35,,
Truecaller: Spam Call Blocker,com.truecaller,Communication,e3a8b71b-52ef-4743-afae-aaace3a3d704,Hari Krishnan,5,,best,0,26.26.6,2026-07-25T10:16:21,,
Truecaller: Spam Call Blocker,com.truecaller,Communication,517256e0-38f3-4a55-88ac-b8606a643553,Piyu Pari,4,,good 😊,0,26.28.5,2026-07-25T10:14:35,,
Truecaller: Spam Call Blocker,com.truecaller,Communication,dd9fe4dd-6ad2-4be3-b949-0edd8a067ec2,Ansh Pandey,5,,good,0,,2026-07-25T10:14:07,,
Truecaller: Spam Call Blocker,com.truecaller,Communication,f640c5dd-749a-4607-84d4-3c0e416d0872,Mukesh jat Mukesh jat,5,,NICE VREE GOOD,0,26.28.5,2026-07-25T10:12:32,,
Truecaller: Spam Call Blocker,com.truecaller,Communication,f8126d5c-bb33-4cda-a718-6d5f9c2abefe,Shivkanta Chhapra,5,,good,0,26.28.5,2026-07-25T10:04:15,,
Truecaller: Spam Call Blocker,com.truecaller,Communication,ec2ef98d-79be-4642-a0b5-7fe6f4003216,shital Jawale,5,,good 👍,0,26.28.5,2026-07-25T09:54:45,,
Truecaller: Spam Call Blocker,com.truecaller,Communication,a837bb54-a378-4462-9887-6b7bb18cae4d,Babasaheb Thorat,5,,🥰,0,26.28.5,2026-07-25T09:53:44,,
Truecaller: Spam Call Blocker,com.truecaller,Communication,bfd6cded-97b9-49f4-93b3-702953bff8d3,Aditi Yadav,5,,very useful app,1,26.28.5,2026-07-25T09:44:57,,
Truecaller: Spam Call Blocker,com.truecaller,Communication,b67746cb-a234-4dfd-946a-9ea94a649b46,bathini srikanth,5,,supp,0,26.28.5,2026-07-25T09:41:51,,
Truecaller: Spam Call Blocker,com.truecaller,Communication,0fdee268-cf5e-429b-8455-3e09975a1614,Thabiso Mkhize,5,,good,0,26.27.5,2026-07-25T09:39:29,,
Truecaller: Spam Call Blocker,com.truecaller,Communication,356a6701-1caa-40f2-a2fc-9d94073eab03,Saifuddin Mondal,5,,good,0,26.28.5,2026-07-25T09:36:07,,
Truecaller: Spam Call Blocker,com.truecaller,Communication,aa69c562-e46f-4584-bfe3-90689514328d,LAVI TYAGI ADVOCATE,1,,slow,0,26.28.5,2026-07-25T09:24:39,,
Truecaller: Spam Call Blocker,com.truecaller,Communication,5c54e724-bcd0-4130-9bcf-f6debd57ceb3,Prakash Mandal,5,,Best,0,26.27.5,2026-07-25T09:16:47,,
Truecaller: Spam Call Blocker,com.truecaller,Communication,440fc849-5a24-497e-88d7-4c985710ac34,Hena Naz,5,,very help full,0,26.24.6,2026-07-25T09:16:28,,
Truecaller: Spam Call Blocker,com.truecaller,Communication,a1abf469-f815-4e37-b4cc-859f6bed5cd0,Koteswararao Sappati,5,,nice working,0,26.28.5,2026-07-25T09:14:56,,
Truecaller: Spam Call Blocker,com.truecaller,Communication,84226bb6-c0c3-4f5b-94a9-fa42ddede2c9,Dîbÿä Přâšäđ,5,,very good,0,26.28.5,2026-07-25T09:14:55,,
Truecaller: Spam Call Blocker,com.truecaller,Communication,db46c013-0788-40f1-9778-fc41229941eb,Krellian Momin,4,,veryreliable app,0,,2026-07-25T09:11:10,,
Truecaller: Spam Call Blocker,com.truecaller,Communication,bce5583f-1522-4e8d-97c6-051aea10304c,Kurmarao Biddika,5,,good app 👍👍👍,0,26.28.5,2026-07-25T09:09:16,,
Truecaller: Spam Call Blocker,com.truecaller,Communication,8dbceecf-07be-4ab2-a2f4-1209f3250256,Arif Hussain,5,,good,0,26.28.5,2026-07-25T09:06:25,,
Truecaller: Spam Call Blocker,com.truecaller,Communication,4e446379-c6d6-4d2f-ad45-8b69970dfcbc,Yusuf Ezekiel,5,,good,0,26.19.7,2026-07-25T09:05:37,,
Truecaller: Spam Call Blocker,com.truecaller,Communication,4bc481cc-8ae8-49ad-8fe8-160125c2f1a7,kunal sharma,4,,ok,0,26.28.5,2026-07-25T09:03:05,,
Truecaller: Spam Call Blocker,com.truecaller,Communication,706d4200-a98e-4c41-ab1e-6e2353f651b4,Sonu Kumar,5,,best aap 🥰🥰,0,26.25.8,2026-07-25T08:59:10,,
Truecaller: Spam Call Blocker,com.truecaller,Communication,af5c27eb-0c03-4de2-984c-04d2d69c4e6c,Bishnu Murmu,5,,Nice 👍👍,0,26.25.8,2026-07-25T08:54:33,,
Truecaller: Spam Call Blocker,com.truecaller,Communication,cef14854-652d-4d93-a263-8b6041277ecf,"N,k b",5,,good,0,26.28.5,2026-07-25T08:42:55,,
Truecaller: Spam Call Blocker,com.truecaller,Communication,f5cb4035-942b-44a2-9410-254dea248f43,Ranjit,5,,good,0,14.28.8,2026-07-25T08:38:42,,
Truecaller: Spam Call Blocker,com.truecaller,Communication,ca14ad80-d6c2-4840-ace0-7c3ab1283fd4,Gireesh Hr,5,,nice experience,0,26.28.5,2026-07-25T08:35:14,,
Truecaller: Spam Call Blocker,com.truecaller,Communication,2efe4dee-d8ec-4ac6-b03b-6c10df01cc64,Satish Pawar,4,,good 👍,0,26.28.5,2026-07-25T08:32:22,,
Truecaller: Spam Call Blocker,com.truecaller,Communication,aee070d1-53ec-46d2-865a-d55ff9e75a6b,Sonu Sagar,5,,very good,0,26.28.5,2026-07-25T08:32:15,,
Truecaller: Spam Call Blocker,com.truecaller,Communication,62a9b376-767a-4762-b186-08efed85953f,Sumita Mandal,5,,good 👍🏼,0,26.28.5,2026-07-25T08:20:14,,
Truecaller: Spam Call Blocker,com.truecaller,Communication,fd92b09a-945e-4fa8-aaa2-db34bd3d599b,Ayush Ranjan,5,,very useful,0,26.28.5,2026-07-25T08:10:12,,
Truecaller: Spam Call Blocker,com.truecaller,Communication,53a36065-79a2-4a89-a2dd-6f5937474780,AVANISH YADAV,5,,Good,0,26.28.5,2026-07-25T08:09:11,,
Truecaller: Spam Call Blocker,com.truecaller,Communication,72a3fcd4-b538-41ee-b65a-c218efeb9e04,Arif Omor,5,,good 😊,0,26.28.5,2026-07-25T08:04:44,,
Truecaller: Spam Call Blocker,com.truecaller,Communication,0c00a658-0992-4c54-a7a2-e5181b896df1,Nilesh Kumar,5,,nice,0,26.28.5,2026-07-25T08:00:48,,
Truecaller: Spam Call Blocker,com.truecaller,Communication,8bb85f64-1e00-4884-a170-94b81101a738,Mahendra kumar Sonkar (Sonkar),5,,good,1,26.28.5,2026-07-25T07:51:34,,
Truecaller: Spam Call Blocker,com.truecaller,Communication,c1c82399-28a1-434d-a0f9-b7eb41e89423,vijay raj,5,,good,0,26.27.5,2026-07-25T07:35:41,,
Truecaller: Spam Call Blocker,com.truecaller,Communication,45a1f372-3946-48ee-86e9-6fccc176a0ac,Rajumoti Doley,5,,👍👍,0,,2026-07-25T07:35:06,,
Truecaller: Spam Call Blocker,com.truecaller,Communication,01c79ed3-bad1-41fb-87fb-97c9333ef673,venkatesan Mani,4,,super,0,26.28.5,2026-07-25T07:33:01,,
Truecaller: Spam Call Blocker,com.truecaller,Communication,fb646fd1-6f98-44cc-bebb-6a70553c6c1f,Mukesh Khatik,5,,osm,0,26.27.5,2026-07-25T07:22:07,,
Truecaller: Spam Call Blocker,com.truecaller,Communication,28b033b9-0b21-4d5a-9b33-ff3bdcf33326,RAM SINGH MAHALI,5,,👍👍👍👍,0,16.8.6,2026-07-25T07:17:15,,
Truecaller: Spam Call Blocker,com.truecaller,Communication,61e63332-a99f-40c3-b80f-6292054584ef,Mukesh Singh,5,,good,0,26.27.5,2026-07-25T07:01:04,,
Truecaller: Spam Call Blocker,com.truecaller,Communication,5ccde00a-6a3c-48cb-ad2e-d12d7cf0caea,Mohd Waseem,1,,good,0,26.28.5,2026-07-25T06:56:24,,
Truecaller: Spam Call Blocker,com.truecaller,Communication,1bc3f48d-34b0-4906-aa39-1b16c4a40386,Santosh chamtkari Baba,5,,very good,0,26.28.5,2026-07-25T06:52:00,,
Truecaller: Spam Call Blocker,com.truecaller,Communication,2af090ed-230f-432e-8a3d-cab147488964,MUHIRE Arsene,1,,good,0,26.28.5,2026-07-25T06:36:26,,
Truecaller: Spam Call Blocker,com.truecaller,Communication,d632b3ab-4890-4d16-b246-2a93ebb6a623,Abubakar yusuf usman,5,,perfect,0,26.28.5,2026-07-25T06:28:44,,
Truecaller: Spam Call Blocker,com.truecaller,Communication,7de1af9e-81e1-4afc-9d5b-28e2b2f3b93d,yash Netam,4,,nice,0,26.27.5,2026-07-25T06:21:14,,
Truecaller: Spam Call Blocker,com.truecaller,Communication,efe18ba1-ff0c-4d51-9cf0-14fad8ac0cd7,Vijay Kumar,5,,superb,0,26.28.5,2026-07-25T05:33:32,,
Truecaller: Spam Call Blocker,com.truecaller,Communication,1a66b89b-e00a-457e-8dab-1be43f0e1fd3,HOKAGE FF,1,,"i can't request reffund . because i don't use this app anymore , but they charge me monthly at RM9.99 , don't download this app guys",0,26.28.5,2026-07-25T04:45:53,,
Truecaller: Spam Call Blocker,com.truecaller,Communication,76eccf1e-6e21-4ba0-8454-18911191ed0f,Matt,1,,"Horrible App. Layout is terrible, too many ads. I wanted something to block spam, not put up with more. Can't speak on the scam call blocking, but it blocks MAYBE 1 out of every 20 spam/scam texts.",1,26.28.5,2026-07-25T04:29:16,,
Truecaller: Spam Call Blocker,com.truecaller,Communication,3f78ca89-7b41-4e10-87e8-32dd60f54167,Sophia Zalwango,3,,not bad,0,,2026-07-25T03:50:26,,
Truecaller: Spam Call Blocker,com.truecaller,Communication,a72fdddc-0bc4-4016-ac8d-5aeadb91ac69,shuaibu mzubairu,3,,good,0,26.6.8,2026-07-25T03:07:09,,
Truecaller: Spam Call Blocker,com.truecaller,Communication,63ec1674-eb79-47b3-85c9-503f8c087ba1,Comfort Quartey,5,,great,0,26.28.5,2026-07-25T03:01:18,,
Truecaller: Spam Call Blocker,com.truecaller,Communication,049d8893-f1df-424b-89d7-4bdaa38c7682,Akshay Kumar,5,,this app is good app,0,,2026-07-25T03:01:04,,
Truecaller: Spam Call Blocker,com.truecaller,Communication,b470823d-31f3-4a09-bad2-333589c9abeb,Lawal Yusuph,5,,doing good with me,0,26.28.5,2026-07-25T02:40:33,,
Truecaller: Spam Call Blocker,com.truecaller,Communication,1787ce2e-f552-4970-adb8-75cec40f24d7,H.M. Limbola,2,,bad experience,0,26.27.5,2026-07-25T02:38:14,,
Truecaller: Spam Call Blocker,com.truecaller,Communication,beacfb8d-3620-40d5-92f8-dd1532442117,Seth Tetteh (01230662D),1,,it's not everyone that can pay for the app to use as you want.,0,26.28.5,2026-07-25T02:18:22,,
Truecaller: Spam Call Blocker,com.truecaller,Communication,ed5f9eb1-4615-4acd-82b0-9ffacfd4004a,Shivanee Agrahari,1,,bad app they only want to earn money through this hate it,0,26.28.5,2026-07-25T02:17:00,,
Truecaller: Spam Call Blocker,com.truecaller,Communication,8e171f4d-991a-466e-9a2c-d50094792ff4,Yasmeen Shaik305,5,,thank you so much,0,26.28.5,2026-07-25T02:16:00,,
Truecaller: Spam Call Blocker,com.truecaller,Communication,c1b7f141-fa63-4ed0-97ec-ccd11320ce7f,Akash Kumar,5,,Bahut mast app hai aap log bhi eska upyog kare,1,26.27.5,2026-07-25T01:47:20,,
Truecaller: Spam Call Blocker,com.truecaller,Communication,66f19459-f01f-44b7-b0df-8e30cc9555d9,Jubayer Hossain,5,,helpfull app,0,26.27.5,2026-07-25T01:46:29,,
Truecaller: Spam Call Blocker,com.truecaller,Communication,f92da6f7-fc6a-4948-84c1-5051404f4a69,Safikoon Bano,5,,good,0,26.25.8,2026-07-25T01:42:50,,
Truecaller: Spam Call Blocker,com.truecaller,Communication,4832cbfc-60cb-46d8-9fac-c29b2421b830,Mahmoud Basheer,1,,bad,0,,2026-07-25T01:28:07,,
Truecaller: Spam Call Blocker,com.truecaller,Communication,47b05aaa-9a9e-48ec-a1ad-0c962abb4baf,Jessica Heck,5,,this is true,0,26.28.5,2026-07-25T01:15:09,,
Truecaller: Spam Call Blocker,com.truecaller,Communication,013a42fb-7bf3-4ccf-ad2c-815dbb52e41d,Ogundele Titilayo,1,,nice,0,26.28.5,2026-07-25T01:13:24,,
Truecaller: Spam Call Blocker,com.truecaller,Communication,df220f32-1836-4e95-8644-4f633576ef67,Fackson Ngulube,5,,cool app,0,,2026-07-25T01:10:25,,
Truecaller: Spam Call Blocker,com.truecaller,Communication,f859b131-768f-4d11-8c0f-b581d7e3f219,moyo ogundele,5,,👍,0,26.28.5,2026-07-25T01:09:02,,
Truecaller: Spam Call Blocker,com.truecaller,Communication,bb645ac8-465f-4297-a3d8-6a3a2c2a15f1,Md Parvez,5,,Very Nice,0,26.27.5,2026-07-25T00:54:36,,
Truecaller: Spam Call Blocker,com.truecaller,Communication,1941f623-d8bd-4b2a-85e3-100cf84e4fa7,emmanuel onyeka,5,,"nice app i have been using it for long but i don't know what is wrong with it today, it refused to open",0,26.27.5,2026-07-25T00:53:31,,
Truecaller: Spam Call Blocker,com.truecaller,Communication,5e4c49af-7f4c-4633-894c-c31e8f56b8b9,Brendan Mbah,5,,nice app,0,11.1.9,2026-07-25T00:46:48,,
Truecaller: Spam Call Blocker,com.truecaller,Communication,b85d07ca-b0ce-46aa-ae49-cca1d4d000b3,Bharat Batham,5,,मेरे को यह बहुत अच्छी लगा है इसलिए मुझको फाइव स्टार एडिटिंग देना चाहता हूं,0,26.26.6,2026-07-25T00:15:57,,
Truecaller: Spam Call Blocker,com.truecaller,Communication,8eee8389-3eb8-4c00-b66f-a8caebfef6d7,Fanele Mlotshwa,4,,sometimes It does not show the name,0,26.27.5,2026-07-25T00:12:16,,
Truecaller: Spam Call Blocker,com.truecaller,Communication,37e5dbbc-42c1-46e0-97ca-95550c88a349,Valeriea Bryant,3,,block literally on top of screen so you can't see shyt until it decides to move,1,26.28.5,2026-07-25T00:09:57,,
Truecaller: Spam Call Blocker,com.truecaller,Communication,812a8599-97d7-4cd1-b4cc-c8aa3597cb07,Martins Tochukwu,2,,you people should update the payment method to allow bank transfers,0,26.6.8,2026-07-25T00:01:33,,
Truecaller: Spam Call Blocker,com.truecaller,Communication,b01f33a8-c97d-4b09-902c-b4e1e24ccb4c,Dhormendra Hajong,2,,very nice,0,26.28.5,2026-07-24T23:37:51,,
Truecaller: Spam Call Blocker,com.truecaller,Communication,4716ab87-9b60-4259-8f22-48b0c6263282,super “Super lifestyle” Life style,5,,nice,0,26.28.5,2026-07-24T23:33:29,,
Truecaller: Spam Call Blocker,com.truecaller,Communication,139833fa-ff56-4100-8071-3c28527f7f12,T K Ray,5,,perfect app to identify the callers,0,26.28.5,2026-07-24T23:31:29,,
Truecaller: Spam Call Blocker,com.truecaller,Communication,fce27830-191d-4ab1-90fa-5c59f6550a8a,gahe Habta,5,,gode,0,26.27.5,2026-07-24T23:30:18,,
Truecaller: Spam Call Blocker,com.truecaller,Communication,6e73c7a5-6d00-437e-a465-8be9b81cea86,TEJSINH TEJ,1,,SERIOUSLY- we Request You to Please IMPROVE FREE FEATURES provide FREE AUTO CALL RECORDING feature -HONESTLY only After Then Gives You Five Star.,2,26.27.5,2026-07-24T23:24:45,"Hello Tej! Call recording is a Premium feature, and it needs to be enabled manually for each call. Refer below link for more info: https://support.truecaller.com/en/support/solutions/articles/81000412455-call-recording-troubleshooting
/VS",2026-07-01T10:40:38
Truecaller: Spam Call Blocker,com.truecaller,Communication,f991c57f-984d-4c6a-9b0f-96b086d580a1,KAMAL BARMASE,5,,supar,1,26.28.5,2026-07-24T23:15:42,,
Truecaller: Spam Call Blocker,com.truecaller,Communication,c83b5190-3c73-4ae6-9002-a8ee383743ce,Harshabardhan Mahata,1,,Apnara ki Vhivari Hoye gechen . je trucaller APPS E Number Dekte 10 Bar ADD Den ... TRUCALLER ITS BHEKARI APPS .............,1,26.28.5,2026-07-24T23:01:19,,
Truecaller: Spam Call Blocker,com.truecaller,Communication,8d93e3b3-72e5-4bdf-8f57-ea945045b4da,Lucky,5,,aap ise Thoda aur best banaa sakte ho,1,,2026-07-24T22:52:15,,
Truecaller: Spam Call Blocker,com.truecaller,Communication,77247553-053a-440b-b22a-a58eec55f84e,leago molly,1,,👍,1,26.28.5,2026-07-24T22:46:20,,
Truecaller: Spam Call Blocker,com.truecaller,Communication,3c354a0b-4bda-4bd3-8650-6c45c0aa6ff4,israfill islam,5,,nice,1,26.28.5,2026-07-24T22:44:40,,
Truecaller: Spam Call Blocker,com.truecaller,Communication,741455e8-acac-4284-b47d-b5f926aa8760,Naboth Riba,5,,the best 👌,0,26.28.5,2026-07-24T22:40:26,,
Truecaller: Spam Call Blocker,com.truecaller,Communication,2dd9e004-419b-437a-b62f-f3c171c748a3,Khune Amos Nyaka,5,,simple to use,0,26.27.5,2026-07-24T22:37:41,,
Truecaller: Spam Call Blocker,com.truecaller,Communication,07d23a5d-6212-4d7a-be74-37c392f6bfb8,Raja ram,5,,nice,0,26.7.6,2026-07-24T22:36:45,,
Truecaller: Spam Call Blocker,com.truecaller,Communication,a0a496b6-45ff-4e75-b8c5-d09d75794d26,Priti S Kucchin,5,,good,0,26.28.5,2026-07-24T22:21:39,,
Truecaller: Spam Call Blocker,com.truecaller,Communication,520922a3-8a22-463e-8cd8-2b3f83c9c92a,Ramkumar Sharma,5,,good,0,26.28.5,2026-07-24T22:16:52,,
Truecaller: Spam Call Blocker,com.truecaller,Communication,0a7f8d7f-995b-4002-9558-1c5f2cb759ef,Utsov Kanok,5,,nice app,0,26.27.5,2026-07-24T22:11:15,,
Truecaller: Spam Call Blocker,com.truecaller,Communication,af5e7b42-9221-4997-938c-5e522eb28770,Divine Romeo,5,,so beautiful app for all of us good to use,0,26.25.8,2026-07-24T22:05:01,,
Truecaller: Spam Call Blocker,com.truecaller,Communication,d251720c-2800-4b55-83a2-6151dc96395b,Prayer Generation International,5,,great,0,26.28.5,2026-07-24T22:04:22,,
Truecaller: Spam Call Blocker,com.truecaller,Communication,244c6f6b-e877-4543-9aa2-710199d0403f,FRANCIS ADEUSI,4,,😎,0,26.27.5,2026-07-24T22:04:04,,
Truecaller: Spam Call Blocker,com.truecaller,Communication,d5a70176-43fa-46f2-9019-4dfc5197ed61,Brendon Griffiths,5,,cool app,0,26.27.5,2026-07-24T22:00:59,,
Truecaller: Spam Call Blocker,com.truecaller,Communication,d1e1e8d5-55d6-40b7-9257-7e045b425e46,Jyanendu Kumar,5,,good,0,26.28.5,2026-07-24T22:00:46,,
Truecaller: Spam Call Blocker,com.truecaller,Communication,40249d7d-58c5-4875-8423-dbaaca5fb6fe,Chris Mbagwu,5,,Wonderful,0,,2026-07-24T21:56:32,,
Truecaller: Spam Call Blocker,com.truecaller,Communication,c6144d54-d279-4d42-a4e1-13dc4a4bd6e1,Sharath Chandra,5,,super,0,26.28.5,2026-07-24T21:53:18,,
Truecaller: Spam Call Blocker,com.truecaller,Communication,0a1f8765-cb93-45ea-84cb-8dee54c1fe88,Rahul Rahul,5,,good 😊😊👍,0,26.28.5,2026-07-24T21:52:42,,
Truecaller: Spam Call Blocker,com.truecaller,Communication,471d2f2b-f264-4511-a4a6-600cd82117cf,Vimal Shukla,3,,good,0,26.28.5,2026-07-24T21:50:38,,
Truecaller: Spam Call Blocker,com.truecaller,Communication,bb044bff-ece2-4c0f-9c99-c868ae675cf1,Duhimbaze,5,,no more wrong calls,1,26.28.5,2026-07-24T21:50:25,,
Truecaller: Spam Call Blocker,com.truecaller,Communication,bc61009a-c932-42fb-ad4f-94a77c570e68,Neelam Kumari,5,,best caller,0,26.13.7,2026-07-24T21:50:16,,
Truecaller: Spam Call Blocker,com.truecaller,Communication,bff008fc-598a-4252-84e7-615de161172a,Mahabubur Rahaman,5,,good,0,26.27.5,2026-07-24T21:47:53,,
Truecaller: Spam Call Blocker,com.truecaller,Communication,a85271d5-73c1-4463-b9d5-06483807cd15,Prince Jeevanath,5,,The best App so far. cheers,0,26.27.5,2026-07-24T21:43:48,,
Truecaller: Spam Call Blocker,com.truecaller,Communication,2e8720da-7f07-44cf-8fe1-0c440b874e58,AASIF KHAN,5,,good 👍,0,26.28.5,2026-07-24T21:37:56,,
Truecaller: Spam Call Blocker,com.truecaller,Communication,8ca4bd58-8138-4f42-8db9-7099580147d0,Shiva Rudra,5,,super,0,26.28.5,2026-07-24T21:37:53,,
Truecaller: Spam Call Blocker,com.truecaller,Communication,84fce996-16d1-4d58-808d-6469f27611f8,Rinki Rani,5,,ok,0,26.28.5,2026-07-24T21:33:38,,
Truecaller: Spam Call Blocker,com.truecaller,Communication,1cb9aaf8-4a21-4a54-9f0e-2b08a66b1acd,Sipho Gcina,5,,Great an it is accurate,0,26.27.5,2026-07-24T21:30:59,,
Truecaller: Spam Call Blocker,com.truecaller,Communication,3f4af94d-3d2a-4fb1-ab89-93c602c35626,Mwila Gilbert,5,,perfect,0,26.28.5,2026-07-24T21:28:31,,
Truecaller: Spam Call Blocker,com.truecaller,Communication,02e730a9-74ee-4100-8ea3-695591e54af0,MOHAMMED ANDANI,5,,cool,0,26.28.5,2026-07-24T21:18:07,,
Truecaller: Spam Call Blocker,com.truecaller,Communication,6b57903b-0c59-44dd-b36d-2621fd8808dc,pratibha mohadikar,5,,bad app,0,26.28.5,2026-07-24T21:17:07,,
Truecaller: Spam Call Blocker,com.truecaller,Communication,8d73b579-331a-4b19-9ef5-2ad395e7f8a0,Mithun Mithu,5,,super,0,26.28.5,2026-07-24T21:13:12,,
Truecaller: Spam Call Blocker,com.truecaller,Communication,540b2bbf-7604-40d3-a89e-6dd47f0c960a,Jacob LalRsa,2,,Good but too many ads ruins everything,1,26.27.5,2026-07-24T21:12:44,,
Truecaller: Spam Call Blocker,com.truecaller,Communication,d4eb55cf-625b-4b63-b3cb-b28c9a1da73f,Rafiu Raheem,3,,this app good 💯,0,,2026-07-24T21:03:39,,
Truecaller: Spam Call Blocker,com.truecaller,Communication,6b9c806a-7f37-4f29-aee6-7475209b251f,JjjJohn Mm Michael,5,,best,0,26.27.5,2026-07-24T21:02:35,,
Truecaller: Spam Call Blocker,com.truecaller,Communication,0435555f-1290-4653-8f3e-6f404c7ef81b,Raaj Gupta,4,,this likes 👍🏻,0,,2026-07-24T21:01:01,,
Truecaller: Spam Call Blocker,com.truecaller,Communication,7ab642e2-a78d-45a9-8361-10d42ca1cbc8,Chirag Puri,5,,very good,0,26.28.5,2026-07-24T20:47:24,,
Truecaller: Spam Call Blocker,com.truecaller,Communication,91b263bc-e8d6-46ed-ad26-716a1c44d108,Ananda mandal Ananda,5,,nice,0,26.27.5,2026-07-24T20:47:01,,
Truecaller: Spam Call Blocker,com.truecaller,Communication,67f339d4-72f1-4c04-a671-1e248696677a,Dheeraj Reddy Mallapu,4,,- Can you please provide an option to switch answer and end buttons position in the incoming call UI? - SIM (eg. jio) video call feature is missing (doesn't Android provide api for that?) - A separate ad-free plan would be nice (maybe like ₹49 per month). I don't have a need to pay ₹99 with all those years but I really want to get rid of those ads.,0,26.28.5,2026-07-24T20:44:56,,
Truecaller: Spam Call Blocker,com.truecaller,Communication,c66ede40-86e4-47f8-910a-159f963cf3d2,Zonix,1,,"Anybody can change your account name on this app, even if it's an offensive word. The app accepts it!!!",1,26.28.5,2026-07-24T20:37:51,,
Truecaller: Spam Call Blocker,com.truecaller,Communication,c785bf06-5832-4bdb-a82a-2560d12c9448,Ramesh Ramesh shinnur,5,,super,0,26.26.6,2026-07-24T20:36:56,,
Truecaller: Spam Call Blocker,com.truecaller,Communication,f9e943d8-1db0-46b7-a32f-03e36dae0de6,Abu hena,5,,excellent performance,0,26.28.5,2026-07-24T20:34:51,,
Truecaller: Spam Call Blocker,com.truecaller,Communication,77803f46-7f0f-47b9-8203-6996e1585118,Shivam Kumar,3,,good,0,26.28.5,2026-07-24T20:32:57,,
Truecaller: Spam Call Blocker,com.truecaller,Communication,85754432-4279-4e9f-9b27-fb093e765197,Durgaprasad Sahoo,5,,excellent,0,26.28.5,2026-07-24T20:23:18,,
Truecaller: Spam Call Blocker,com.truecaller,Communication,9eaf5278-4999-4e8b-93ac-90fd389cb0f1,Mareedhu venkateswararao,5,,exalted,0,26.23.6,2026-07-24T20:19:39,,
Truecaller: Spam Call Blocker,com.truecaller,Communication,59d06bbb-7389-478f-8242-1f2b7397b648,Kalpana Chaudhari,4,,good,0,,2026-07-24T20:17:05,,
Truecaller: Spam Call Blocker,com.truecaller,Communication,f234a86b-d2a2-4738-9722-7f8a2a5f15bc,Sanjay yadav yadav,5,,nice,0,,2026-07-24T20:16:14,,
Truecaller: Spam Call Blocker,com.truecaller,Communication,1a53da87-7897-4b42-aa1a-134a1fe4fa46,Sridam Bairagya,4,,good,0,26.27.5,2026-07-24T20:16:10,,
Truecaller: Spam Call Blocker,com.truecaller,Communication,4359e46b-43fa-4546-9e99-02549a3299e4,Sudhir Kumar,5,,good 👍,0,26.28.5,2026-07-24T20:15:01,,
Truecaller: Spam Call Blocker,com.truecaller,Communication,4da4d5b8-d33d-4211-a03c-612709e40a55,Tanatswa Glorification,4,,4 Star because of recording part it would have been nice if you make it free,0,26.24.6,2026-07-24T20:12:36,,
Truecaller: Spam Call Blocker,com.truecaller,Communication,04141dac-8921-4b7a-b7b0-496079207722,L x Sahariya,5,,nice app,0,26.27.5,2026-07-24T20:12:27,,
Truecaller: Spam Call Blocker,com.truecaller,Communication,4e4bdaa9-3075-4ee3-8e18-96498cf4a908,Mahesh Rajak,3,,nice 🙂,0,,2026-07-24T20:11:21,,
Truecaller: Spam Call Blocker,com.truecaller,Communication,b3f29249-89e7-466c-a42e-5dfb424d3205,Sheetal Bhardwaj,3,,very good,0,26.28.5,2026-07-24T20:07:25,,
Truecaller: Spam Call Blocker,com.truecaller,Communication,ec671e22-7a0a-439c-9354-159e9c94575d,Marloené Earle,5,,love this so much it help with scams very good 5star,0,26.28.5,2026-07-24T20:01:08,,
Truecaller: Spam Call Blocker,com.truecaller,Communication,30cbfb49-d1cc-4d6a-aa63-122d5a83b301,pappu Kumar,5,,ok,0,26.28.5,2026-07-24T19:57:42,,
Truecaller: Spam Call Blocker,com.truecaller,Communication,aeaa6908-ee34-4ae9-a3dc-560d77e4a4f9,Obaa Yaa,5,,good,0,,2026-07-24T19:56:55,,
Truecaller: Spam Call Blocker,com.truecaller,Communication,d9275677-55c1-427a-a9d9-103d6c539e77,Kirat Bhangu,5,,good,0,26.28.5,2026-07-24T19:56:31,,
Truecaller: Spam Call Blocker,com.truecaller,Communication,a5339e76-770c-4673-a148-633781e403b1,Shafi Ulla,5,,ok,0,26.20.6,2026-07-24T19:56:07,,
Truecaller: Spam Call Blocker,com.truecaller,Communication,c0873a3d-c5b4-4cd0-a8a6-ed35cf433218,Sagarvidya Minipoori,5,,ok,0,26.28.5,2026-07-24T19:49:47,,
Truecaller: Spam Call Blocker,com.truecaller,Communication,51d45cd7-d75e-4802-9880-bf718112c615,md dalower hossain,5,,‌good,0,12.8.6,2026-07-24T19:49:16,,
Truecaller: Spam Call Blocker,com.truecaller,Communication,2da607d9-f8ba-47ab-b828-cc0ddbdb93ff,Altaf Khan,5,,"Hi, Truecaller Team My Number Red Colour Showing And Potential Fraud"" Warning Please Remove",1,26.28.5,2026-07-24T19:48:14,,
Truecaller: Spam Call Blocker,com.truecaller,Communication,9c2e7dda-082b-495b-9daa-d39a6aeb7b80,Chetan Nikhade,5,,it's best aap,0,26.28.5,2026-07-24T19:42:24,,
Truecaller: Spam Call Blocker,com.truecaller,Communication,20db69ef-6cc1-4d04-aca6-a1085693c37b,Bijay Sing,5,,nice app,0,,2026-07-24T19:37:13,,
Truecaller: Spam Call Blocker,com.truecaller,Communication,3ee8e731-59be-4ee0-8a32-26ab535e840c,Hori Kol,5,,nice,0,15.29.7,2026-07-24T19:32:54,,
Truecaller: Spam Call Blocker,com.truecaller,Communication,87b490a8-8dfa-4b4c-b34d-088bcc50c24f,Avinash Pujari,5,,Wonderful,0,26.13.7,2026-07-24T19:16:06,,
Truecaller: Spam Call Blocker,com.truecaller,Communication,64a0bed4-af9d-45e4-935b-39b07faebcf0,Prem Nand,5,,thank,0,26.16.6,2026-07-24T19:12:37,,
Truecaller: Spam Call Blocker,com.truecaller,Communication,be04c456-fded-4844-bf3f-9e90526a8726,Neeraj kushwaha N. k,5,,very very awesome app,0,26.26.6,2026-07-24T19:08:37,,
Truecaller: Spam Call Blocker,com.truecaller,Communication,a20775ab-bb4a-4001-9538-b92efde68781,Rakesh Manjhi,5,,good app,0,26.26.6,2026-07-24T19:03:43,,
Truecaller: Spam Call Blocker,com.truecaller,Communication,6f7fa364-8557-4a53-a782-90f7c989a04b,James Chadewa,5,,beautiful,0,26.28.5,2026-07-24T19:01:55,,
Truecaller: Spam Call Blocker,com.truecaller,Communication,4eec1047-8a98-4751-ac54-08ffe11f2e46,Afam Demison,5,,Superb,0,16.3.6,2026-07-24T18:56:39,,
Truecaller: Spam Call Blocker,com.truecaller,Communication,8059605f-498d-447d-a25c-beb34a2cc420,Ranjeet Kanyal,5,,very nice 👍🏽,0,26.27.5,2026-07-24T18:55:03,,
Truecaller: Spam Call Blocker,com.truecaller,Communication,3a62d86b-ed06-4c93-85cd-802b4417550d,Temitope Stella,5,,so good and nice app love it 💯💯💯💯💯💯💯💯💯💯💯💯💯💯💯⭐⭐⭐⭐⭐⭐⭐⭐⭐⭐⭐⭐⭐⭐⭐⭐⭐❤️❤️🎊❤️❤️❤️❤️❤️❤️❤️❤️❤️❤️❤️❤️❤️❤️❤️❤️❤️❤️❤️❤️❤️🎉🎉🎉🎉🎉🎊🎊🎊🎊🎊🎉🎊🎉🎊🎊🎉🎉🎊🎊🎊🎉🎊🎉🎊🎉🎉🎊🎉🎉🎉🎊🎊💕💕💕💕💕💕,0,26.28.5,2026-07-24T18:51:08,,
Truecaller: Spam Call Blocker,com.truecaller,Communication,19323e73-bba7-4a54-a6e7-fe25aaa1b453,Tracy Akinyi (Tess),4,,nice,0,26.27.5,2026-07-24T18:39:20,,
Truecaller: Spam Call Blocker,com.truecaller,Communication,bda6e41d-3540-4f1d-8a75-752596a8f05a,Thato Henry,5,,service is well performed,0,26.27.5,2026-07-24T18:35:28,,
Truecaller: Spam Call Blocker,com.truecaller,Communication,581fda7d-b118-492f-8d4f-3c0d5e378d48,Rafiqul Islam,3,,good,0,26.27.5,2026-07-24T18:34:04,,
Truecaller: Spam Call Blocker,com.truecaller,Communication,7bfc8abf-4df5-49d3-a3ff-ac8f4a8edb37,david mucheru,5,,nice,0,,2026-07-24T18:33:49,,
Truecaller: Spam Call Blocker,com.truecaller,Communication,3a201243-009d-4676-ada0-96fdc05de094,Siphosihle Langa,5,,excellent 👌,0,26.28.5,2026-07-24T18:32:43,,
Truecaller: Spam Call Blocker,com.truecaller,Communication,b9205b6d-fef4-4a5f-aedd-0fe497ac72f7,Nitesh Kumar,5,,thank you,1,,2026-07-24T18:30:36,,
Truecaller: Spam Call Blocker,com.truecaller,Communication,79cc6bf5-d29b-436b-bf17-5a09fa1b915e,Mbah Ugochukwu,5,,very good,1,26.28.5,2026-07-24T18:23:07,,
Truecaller: Spam Call Blocker,com.truecaller,Communication,e7409601-3859-471a-9df3-51cc26a01397,Sanket Pasalkar,5,,👍,0,26.28.5,2026-07-24T18:20:55,,
Truecaller: Spam Call Blocker,com.truecaller,Communication,fd552f59-182d-4f38-af5d-7a9c046f152e,Annabella Chisom,5,,Good,0,26.28.5,2026-07-24T18:19:52,,
Truecaller: Spam Call Blocker,com.truecaller,Communication,7607c708-30e2-4654-9c8c-1864cd09a078,Micheal Rinnegan,1,,it doesn't work properly,0,26.28.5,2026-07-24T18:19:24,,
Truecaller: Spam Call Blocker,com.truecaller,Communication,1b0fa521-ed01-4826-8e36-dd6923677bc8,Lasco Tunje,5,,good app,0,26.26.6,2026-07-24T18:13:57,,
Truecaller: Spam Call Blocker,com.truecaller,Communication,288a0446-bc65-4765-a30a-0372f84720b9,Sunny Ameh,4,,good 👍,0,26.27.5,2026-07-24T18:10:46,,
Truecaller: Spam Call Blocker,com.truecaller,Communication,c4b9ab48-0ddf-486b-8754-f4297234e5ac,Abinaya Mary,5,,good,0,26.28.5,2026-07-24T18:10:44,,
Truecaller: Spam Call Blocker,com.truecaller,Communication,29ce66b2-486c-4110-8cff-8fcb30b4418b,Harimohan Sharma,5,,nice,0,26.28.5,2026-07-24T18:10:25,,
Truecaller: Spam Call Blocker,com.truecaller,Communication,b244d300-fb1a-4ab2-8623-2769bdfd7f87,REKHA Pareek,5,,Good 👍,0,26.28.5,2026-07-24T18:09:22,,
Truecaller: Spam Call Blocker,com.truecaller,Communication,e0747b8c-f64b-43ab-94bd-d0a547c2b3f5,Rahul Rathi,5,,very Good,1,26.28.5,2026-07-24T18:06:30,,
Truecaller: Spam Call Blocker,com.truecaller,Communication,5c76f10b-9078-468f-bceb-24e3d748d7cc,Henry Boy,5,,too good,1,,2026-07-24T18:00:47,,
Truecaller: Spam Call Blocker,com.truecaller,Communication,a73586e5-04fd-41b9-b103-6aa2a0e2b24d,Mosharof Hossain mujamdar,3,,nice,0,15.24.8,2026-07-24T18:00:46,,
Truecaller: Spam Call Blocker,com.truecaller,Communication,9f9bb782-03b9-4fc9-b9ff-77c707d938b2,MD Rabbani,5,,good,1,26.28.5,2026-07-24T17:52:21,,
Truecaller: Spam Call Blocker,com.truecaller,Communication,7c5885ec-f308-46bf-a487-63cd085d7fdb,Ghuran Sahu,5,,badhiya,1,26.28.5,2026-07-24T17:50:58,,
Truecaller: Spam Call Blocker,com.truecaller,Communication,d1dd85d9-fca1-43b4-82c3-439aa578569f,Aa Bb,5,,good information,1,26.27.5,2026-07-24T17:50:21,,
Truecaller: Spam Call Blocker,com.truecaller,Communication,d542e6cc-60d1-428e-96ac-badefab31199,Ananda Banerjee,1,,show phone no,0,26.28.5,2026-07-24T17:50:18,,
Truecaller: Spam Call Blocker,com.truecaller,Communication,af2663c6-c974-46c9-8024-568755893442,KRISHNENDU PAL,5,,Very GOOD app for number. Truecaller is the best app।,4,26.27.5,2026-07-24T17:45:49,We're thrilled to hear you're enjoying the app for managing numbers! Thank you for your support!,2026-02-27T13:20:22
Truecaller: Spam Call Blocker,com.truecaller,Communication,565a637e-84c3-4808-a9c8-5eab28464429,Dilij kumar Dilij kumar,5,,nise,0,26.28.5,2026-07-24T17:44:43,,
Truecaller: Spam Call Blocker,com.truecaller,Communication,57abfc2c-8123-43da-9c71-31829c944e30,Priyanshu Pal,5,,good app,0,26.28.5,2026-07-24T17:44:35,,
Truecaller: Spam Call Blocker,com.truecaller,Communication,065c3321-d17e-419c-9a35-329d45937095,Neethi Neethi,4,,good 👍,0,,2026-07-24T17:38:12,,
Truecaller: Spam Call Blocker,com.truecaller,Communication,b77b772a-0440-4cf8-8674-3419c8237ea9,Sehajpreet Singh,5,,very good app,0,,2026-07-24T17:34:55,,
Truecaller: Spam Call Blocker,com.truecaller,Communication,d8694f86-8d17-4904-a4ac-67618e70cfb8,Raqip Ali khan,5,,super apps,0,,2026-07-24T17:34:10,,
Truecaller: Spam Call Blocker,com.truecaller,Communication,17e9ae45-a7b6-42ef-87db-b906f9aafbd5,balamallesh “divyansh vedhansh” katabathini,2,,Good,0,26.28.5,2026-07-24T17:31:57,,
Truecaller: Spam Call Blocker,com.truecaller,Communication,1c6dbdd9-13b2-4d3a-9e9a-df3fd4992ef3,Amir Hamja,5,,Good 👍👍👍,1,26.20.6,2026-07-24T17:28:32,,
