app_name,app_id,category,review_id,username,rating,title,text,thumbs_up_count,review_created_version,at,reply_content,reply_at
"Calm - Sleep, Meditate, Relax",com.calm.android,Health,a7288154-5dc9-40e0-80e2-1ace21c138a1,April Furtick,5,,"I've found EMDR and I love it, I fall asleep fast and stay asleep, something I haven't been able to do in a VERY long time! THANK YOU",0,6.100.2,2026-07-26T13:25:42,,
"Calm - Sleep, Meditate, Relax",com.calm.android,Health,efdaa718-2241-4c9d-8c68-2e4c992eb5e3,Vicki Contreras,1,,"Use Medito it's free!! Calm App was clumsy, would not save things in order so you would forget what session you started . It was free with my insurance now it wants me to pay 80.00 a year for it.. WAY OVER PRICED !! Try medito it's free!",2,6.91,2026-07-26T06:49:36,,
"Calm - Sleep, Meditate, Relax",com.calm.android,Health,fe608127-a261-46c1-85f7-009805b65cb1,Saikosmiles!,5,,"it's perfect for sleeping! I love this! the music, stories, and sounds are really great! I totally recommend!",0,6.100.2,2026-07-25T15:22:51,,
"Calm - Sleep, Meditate, Relax",com.calm.android,Health,45d2bd42-4f75-4b91-93df-bf2797c7e17f,Blaze Johnson,5,,love it. Found this year's ago and my family still use it almost every night. give it a try and I ask really try it for a week maybe. Wish you all peace and blessings.,0,6.100.1,2026-07-24T10:51:30,,
"Calm - Sleep, Meditate, Relax",com.calm.android,Health,c122b160-85bc-4b02-aa12-aa3567e51433,Jennifer Perdue,5,,very relaxing and healthy,0,6.100.1,2026-07-24T09:20:04,,
"Calm - Sleep, Meditate, Relax",com.calm.android,Health,53920fb4-e02f-420e-b3ff-f57841ccbcca,Tamitha Baird (Tammy's),2,,I never really calm me down I don't know what this one's for,0,,2026-07-24T07:06:43,,
"Calm - Sleep, Meditate, Relax",com.calm.android,Health,e992332f-e436-442a-b055-2e12219ef73f,kim decelle,5,,Great app!,0,6.99.1,2026-07-23T21:35:48,,
"Calm - Sleep, Meditate, Relax",com.calm.android,Health,ff61b694-ec55-42af-9a48-a9650543ecec,Michelle Burke,5,,I love the variety of meditations and soundscapes on Calm. It is easy to find Favorites that became a fixed part of my daily sleep and relaxation routines.,0,6.100.1,2026-07-23T19:40:40,,
"Calm - Sleep, Meditate, Relax",com.calm.android,Health,e4c34b18-bfca-47e3-aead-80107516758c,Sharon Erkman,1,,"I have been unable to cancel this app. There os no way to cancel it when you are in the app. It says to go to Google play to cancel, but Google play says that I have no subscriptions.",0,,2026-07-23T05:47:31,,
"Calm - Sleep, Meditate, Relax",com.calm.android,Health,f48b0724-6017-4953-87bb-bcaf8748ebb2,Anthony Gio,1,,"If I'm doing a meditation or anything longer than my phone's screen sleep timer, which is virtually every meditation. The voice and bg noise begins to glitch out and stutter every other word. Extremely annoying bug that makes me regret signing up for a year subscription.",0,6.100.1,2026-07-22T22:48:42,,
"Calm - Sleep, Meditate, Relax",com.calm.android,Health,4a93856f-7594-4409-8f0d-df35cd64796b,Barbara Dominguez,5,,"I love Calm. I use mostly for their Sleep Stories. I have not had one fail me yet, some are so interesting that I want to hear the end before falling asleep..but then again, I'm glad that I don't.",0,6.100.1,2026-07-22T18:18:55,,
"Calm - Sleep, Meditate, Relax",com.calm.android,Health,3b1d7a1a-e7b8-4b17-ad1b-a38c5d878a0b,Naj Pirate,5,,"Beautifully designed app offering relaxing sleep stories, guided meditations, and stress management tools.",0,6.100.1,2026-07-22T04:43:38,,
"Calm - Sleep, Meditate, Relax",com.calm.android,Health,4f94f662-835b-42c7-b3bb-6deb2cb2aa8e,Lynn Hessley,5,,"I use Calm daily for Soundscapes for sleeping and Daily Takes with Jeff Warren. Calm has helped me. I feel sure it will help you, too. 🫂🧠💜🫂",0,6.100.1,2026-07-22T03:26:09,,
"Calm - Sleep, Meditate, Relax",com.calm.android,Health,7be0a7ed-ee7b-4aef-b4ec-248aca3d98fb,Jon Lusty,2,,Still no support for Google's Health Connect framework. Switched to a competitor until Calm adds Health Connect integration.,3,6.90,2026-07-21T21:03:00,,
"Calm - Sleep, Meditate, Relax",com.calm.android,Health,9347a73f-bb55-42ab-8b70-94e4d0e221b7,Gina McDaniel,1,,Be careful. I canceled this subscription a year ago and they just took $79.00 out of my account,1,6.100.1,2026-07-21T17:13:53,,
"Calm - Sleep, Meditate, Relax",com.calm.android,Health,302141e5-bb8d-4b78-9acf-7c8fe21ba82f,Roxsanna Mueller,5,,"Just what I need at night .. 8 hours of continuous ,calm frequencies to soothe my mind and body while I sleep . Hope to find more all nighters in different frequencies ..",0,6.99.1,2026-07-21T09:15:53,,
"Calm - Sleep, Meditate, Relax",com.calm.android,Health,56e312f7-5cd4-437d-9133-b4cc336443de,Koa Clark,5,,Absolutely calming Bob Ross' voice is so nostalgic,0,6.99.1,2026-07-21T01:13:11,,
"Calm - Sleep, Meditate, Relax",com.calm.android,Health,53346f21-bb1f-4e2b-bc24-bd386605af6c,Kim Colberg,5,,feeling a bit more chill.,0,6.99.1,2026-07-20T21:40:49,,
"Calm - Sleep, Meditate, Relax",com.calm.android,Health,954acb6b-dbf2-45b6-863b-d51817ea564e,massivemusicfan,5,,"I find this app does help me drift to sleep, highly recommend.",0,6.98.1,2026-07-20T20:22:53,,
"Calm - Sleep, Meditate, Relax",com.calm.android,Health,51536e4a-967d-4436-ac41-4c166f16c318,Katie Ecklund,5,,"This app is my go-to for falling asleep. The stories are soothing and I love the variety of subjects and voices. I've never made it to the end of ""Drifting off to Sheep"" because it works every time at putting me right out.",1,6.99.1,2026-07-20T18:39:47,,
"Calm - Sleep, Meditate, Relax",com.calm.android,Health,66ea9cf7-3482-401d-bd85-9cfb4d8a1046,John Murphy,1,,"I recently got a new phone (pixel 10). after switching, the audio glitches several times per meditation. it sounds like buffering, but isn't",0,6.99.1,2026-07-20T05:11:55,,
"Calm - Sleep, Meditate, Relax",com.calm.android,Health,68b90e35-02a8-4d2b-81b0-13bef21c9f3d,Richard Kiely,5,,cool,0,6.99.1,2026-07-20T04:11:45,,
"Calm - Sleep, Meditate, Relax",com.calm.android,Health,a02c9db2-acd6-4a13-bc92-db98b6924f1d,Steve Andrews,1,,Auto renews even when cancelled. Not easy to get a refund (emails and over an hour of clicking links and getting sent round in circles). issue still ongoing. feels like I'm being scammed,1,,2026-07-19T22:39:18,,
"Calm - Sleep, Meditate, Relax",com.calm.android,Health,7cd2d736-247d-4e1b-8c06-ae716adf82df,Lisa Solis,3,,Some sleep scapes are soothing and calming. Difficult to search for sessions to reduce stress. Many are a few minutes but don't offer much - they feel like an introduction but there is not part 2 or follow up. Likely will be cancelling after the trial.,1,6.100.1,2026-07-19T22:36:52,,
"Calm - Sleep, Meditate, Relax",com.calm.android,Health,9cca7f44-a8f7-48f7-8191-e58b0f36a583,A. Taylor,1,,too pricey. lots of free apps that offer more,1,,2026-07-19T22:20:57,,
"Calm - Sleep, Meditate, Relax",com.calm.android,Health,58317dc0-9e35-4b6f-92bf-faa2e7ba0458,safaa elserafy,2,,this app is good but every thing in it is paid I heard one free thing and that's it and when I click on anything else pay a subscription why of course there should be a subscription but where are the free like what Google ai said it's super bad,0,,2026-07-19T22:07:34,,
"Calm - Sleep, Meditate, Relax",com.calm.android,Health,44106467-525b-47f7-9b2c-12380b25b16c,Dallas Waldron,5,,"This app saved my sleep life. It has so many other amazing features but as someone who struggles with sleep the soundscapes have changed my life in the best way, especially the pink noise. Worth every nickel.",2,6.99.1,2026-07-19T14:35:26,,
"Calm - Sleep, Meditate, Relax",com.calm.android,Health,de710fe9-6dc0-41c5-8437-d7830e21ca4c,Debra D. Klatt,1,,never used,0,,2026-07-18T21:44:34,,
"Calm - Sleep, Meditate, Relax",com.calm.android,Health,990a54dc-1245-46ff-9c53-8fb4564f332c,Zoe GREGORY,5,,Brilliant just a few minutes makes all the difference 😉,0,6.100.1,2026-07-18T13:24:06,,
"Calm - Sleep, Meditate, Relax",com.calm.android,Health,8f0ab322-0cbf-492c-9eff-649efdda641f,Azariah,3,,"why do you need to subscribe to get music on repeat, when you can just listen to the music through the alarm system.",1,6.100.1,2026-07-18T00:06:00,,
"Calm - Sleep, Meditate, Relax",com.calm.android,Health,935f0a2d-34e2-43ce-8c53-b9624d35a2ec,Justin Cachola,5,,this app helps makes me sleep,0,,2026-07-17T23:12:11,,
"Calm - Sleep, Meditate, Relax",com.calm.android,Health,396ebadf-9d81-4945-a046-3089552fc501,Meranda,5,,"use it every day and i love it. would give 20 stars if I could, it's legit that great 👍🏼",0,6.99.1,2026-07-17T13:49:10,,
"Calm - Sleep, Meditate, Relax",com.calm.android,Health,6ff8ffe1-96d6-407e-ad39-8e7c697011b7,Susan Free,5,,Very relaxing. I am sleeping better and longer without waking up.. Wonderful app!,0,6.100,2026-07-17T11:18:59,,
"Calm - Sleep, Meditate, Relax",com.calm.android,Health,197c0911-d5d6-4a6a-8280-0bdafcb6b11c,K at Big K Pro,1,,"way overpriced for what little you get. sound or music selection is minimal. better off using Spotify because a much wider range of sounds, including ocean waves and rain on a tin roof. Don't waste your time or $$$$.",2,6.99.1,2026-07-17T08:12:43,,
"Calm - Sleep, Meditate, Relax",com.calm.android,Health,8bb932b7-a7da-45f6-8e4b-af8e2a20515d,Annemarie Banuelos,4,,"it's a fun app, to keep track of me and my feelings.",1,6.100.1,2026-07-17T07:14:05,,
"Calm - Sleep, Meditate, Relax",com.calm.android,Health,00719212-86a5-4e7c-b1a9-1c9555ad1723,Jay Schroeder,5,,the best meditation app ever invented I have had it for years and will never get rid of it,1,6.99.1,2026-07-16T22:57:18,,
"Calm - Sleep, Meditate, Relax",com.calm.android,Health,57a8e6c9-ab36-4262-8163-dd002f8ca026,Joanna Turner,1,,The cost was not expected. way too expensive,1,,2026-07-16T22:29:14,,
"Calm - Sleep, Meditate, Relax",com.calm.android,Health,a13fbcd3-a462-4a7f-8e7f-b4a66335d365,MeLinda Dahdah,5,,"I was skeptical of the true effectiveness, but I'm hooked. I'm so much happier and also I am not as anxious all day. 🙏 so much 🤩",1,6.98.1,2026-07-16T16:06:21,,
"Calm - Sleep, Meditate, Relax",com.calm.android,Health,8ed7ccfd-5ce2-490a-9969-e0ae5c3cd043,Byron Milton,5,,Day to of finding my inner self and becoming back one with self for the sake of being with my son again,1,6.99.1,2026-07-16T10:12:49,,
"Calm - Sleep, Meditate, Relax",com.calm.android,Health,391560b9-97ca-419f-83e9-3dca202300fd,Steffi Zottl,3,,"the reminders are not working, and with the library getting do big I would wish that there was a better way to organize or filter available sleep stories or music. I used to be a big fan of this 4-5 years ago, so I am sad the interface has not improved.",3,6.99.1,2026-07-16T03:00:27,,
"Calm - Sleep, Meditate, Relax",com.calm.android,Health,d61e1a44-959e-4226-bced-5391b428a287,Ted Smith,4,,"Horrible customer service. I tried to cancel autorenew , but they charged me anyway. i challenged the charge with my credit card company, but the cc company denied the charge back because the people at Calm had said , I voluntarily renewed. Not true. So Calm soaked me for $69.99 . i am definitely not calm now. update 7/26: they ultimately did refund my money.So I have upgraded the rating. i do think it is a good product. I just got bored with the music.",5,6.99.1,2026-07-15T09:01:38,,
"Calm - Sleep, Meditate, Relax",com.calm.android,Health,55741f74-5dc8-4952-ab1a-2c8cdf05c74e,Kristin White,3,,okay,0,,2026-07-15T08:29:45,,
"Calm - Sleep, Meditate, Relax",com.calm.android,Health,094f8203-3301-405d-ad1d-cc0043e9cfc9,Elliott Perez,5,,"really great App!! Constantly updated with new stories, sounds, and ideas. Really helps with my Anxiety and stress. thank you very much 😊",2,6.99.1,2026-07-14T11:21:29,,
"Calm - Sleep, Meditate, Relax",com.calm.android,Health,ccd36130-e2b1-4fc0-95af-601e5b9b6c3f,Suzann C.,1,,App is failing to deliver paid Premium subscription. Active Google Play token is rejected by the app for 10 days. Developer support has failed to resolve.,1,6.99.1,2026-07-14T10:08:54,,
"Calm - Sleep, Meditate, Relax",com.calm.android,Health,5a1f2024-6142-40cf-97da-968507d1f4e9,Eva Youngblood,1,,"Can't do anything without paying for Premium. Also can't look around the app without making an account first, which always bothers me.",1,,2026-07-14T06:16:41,,
"Calm - Sleep, Meditate, Relax",com.calm.android,Health,28ddacd5-fa2c-4f55-bd62-fce603073b63,Storm Falcon (Grand Master),1,,completely disappointed that this app is full pay just to listen to something for bedtime. I will stick to YouTube and other sites that are free over this and I was with this company from day one and this is retarded.,1,,2026-07-14T04:46:42,,
"Calm - Sleep, Meditate, Relax",com.calm.android,Health,52469d60-ecf7-4f63-88b5-aeb3955b7319,Hariom Srivastava,5,,"A wonderful app for meditation, relaxation, and better sleep. The guided sessions are very effective and easy to follow",0,,2026-07-14T01:47:03,,
"Calm - Sleep, Meditate, Relax",com.calm.android,Health,41811ae0-b186-43cc-ac8b-7cf947fd7899,Robin Stenger,5,,love,1,6.99.1,2026-07-14T00:53:46,,
"Calm - Sleep, Meditate, Relax",com.calm.android,Health,92a86024-8737-4727-9771-3b96713c2d59,Denise Madison,1,,too soon not enough time,1,6.99.1,2026-07-13T13:28:25,,
"Calm - Sleep, Meditate, Relax",com.calm.android,Health,f26d900e-0e26-4249-a412-06c5b954491b,Ben Bildstein,1,,The best things in life are free. But this app is neither!,1,,2026-07-13T12:13:56,,
"Calm - Sleep, Meditate, Relax",com.calm.android,Health,4e91099b-71be-4371-b470-b4d8c8b8c091,Susan Ladrie-Mackey,1,,I downloaded the calm app to try through my health insurance. I thought I had a free trial. I did not find the app helpful and did not use it. I thought I cancelled the subscription. I just noticed I have been charged for four months. I went in to cancel again and I noticed that the keep subscription was in the button and to cancel was in small print below it. I had to select submit three times before it went through. Then I got two more screens that were deceptive. I am anything but calm!,6,6.99.1,2026-07-12T20:40:11,,
"Calm - Sleep, Meditate, Relax",com.calm.android,Health,d0c7ed4d-3181-44a4-b331-56da40bbe593,Joyce Frey,1,,too expensive,1,,2026-07-12T15:28:26,,
"Calm - Sleep, Meditate, Relax",com.calm.android,Health,bc5a0189-2edb-4823-bb55-4d21bdebecf7,Mica Lovings,5,,trying to relax through a lot of weird PTSD deja vu plus head injuries and witch craft and voodoo on me tuing to relax my mind and rest oh plus love spells plus more thank you my name is Mica Lovings,1,6.99.1,2026-07-12T11:16:47,,
"Calm - Sleep, Meditate, Relax",com.calm.android,Health,188aad31-ee29-42a9-b12f-2aa7c91a546d,Joshua Roberts,5,,Very soothing,1,6.99.1,2026-07-12T07:05:39,,
"Calm - Sleep, Meditate, Relax",com.calm.android,Health,349b8f53-272b-437e-bfea-19043aaf4496,Gordon Freeman,1,,Garbage app. I never opened an account and I got charged 150$ for it so far. Google denied my request for refund and I cannot even request a refund directly because I dont have an account. clearly this is a money scheme for the users. 80+$ for this app in itself is ridiculous. STAY AWAY! Im contacting the BBB and the fraud team at my bank to fight this nonsense.,1,6.99.1,2026-07-12T02:45:32,,
"Calm - Sleep, Meditate, Relax",com.calm.android,Health,a6caf184-2fb5-4107-87db-c38dcc7d4dcf,BB Smiles,1,,Ŵorks for just seconds on the watch which makes it useless and opposite of calming,0,6.99.1,2026-07-11T13:27:12,,
"Calm - Sleep, Meditate, Relax",com.calm.android,Health,7dc47faf-a89d-489c-b7cc-d2f0b54b75fa,JM Billena,1,,app is full of bugs. slow and can't even play a full session.,1,,2026-07-11T10:07:55,,
"Calm - Sleep, Meditate, Relax",com.calm.android,Health,9cd96c86-ae44-45f1-a6d2-9cabbdd27d5d,Marie Mulready,5,,very good,0,,2026-07-11T04:39:59,,
"Calm - Sleep, Meditate, Relax",com.calm.android,Health,520c8431-c4e9-49e0-8550-ae465d9ab211,Clare Yu,3,,Latest update (for Android) is buggy and keeps logging me out every time I close my app. Very annoying.,2,6.99.1,2026-07-11T04:17:48,,
"Calm - Sleep, Meditate, Relax",com.calm.android,Health,544fc011-53e2-432c-9f22-3a915c6180da,Rowan Reedman,5,,"This app has helped me for a while now. at this moment, it has been roughly a year since my dad's passing and this has helped me go to sleep since then. Calm helps, as the name suggests, calms my mind and I could not be more grateful.",1,6.99.1,2026-07-11T02:29:33,,
"Calm - Sleep, Meditate, Relax",com.calm.android,Health,541a3410-5255-4f01-9b84-7b062a7e1e29,Preston Hoyt,1,,"scam in a sense. it says free, the ads on tv say free... but it's a subscription service and they only allow you 3 free uses until you have to pay. false advertisement.",1,,2026-07-10T20:02:08,,
"Calm - Sleep, Meditate, Relax",com.calm.android,Health,1589a81f-920d-4759-9f3b-0f46d9a4db7b,Lisa Wanjiku,5,,This app is amazing. It has so many sessions that helps me to keep mentally fit and focused.,1,6.46.1,2026-07-10T14:52:16,,
"Calm - Sleep, Meditate, Relax",com.calm.android,Health,8542ee5a-7fab-4ec6-a242-3ab7a210b897,Monica Ortiz Cruz,5,,exceptional love it it really does sound amazing thank you for sharing your amazing app.,1,6.99.1,2026-07-10T11:43:59,,
"Calm - Sleep, Meditate, Relax",com.calm.android,Health,951fc818-e2b7-40ff-ae61-84910f0be405,Krystle Graham,1,,update 6/10/26... so unaffordable now. not even an option for a monthly subscription for the times I would like to purchase it. I started using Calm in 2019. no more update 2/20/26... this app used to be easy to use and affordable. Now it's neither. while I can appreciate the additional classes/options/etc it's really hard to navigate the app now. I'm also sad this is no longer in my price range 😕 This app is wonderful. A very useful tool to use in combination with overall mental health care.,6,6.94,2026-07-10T10:04:30,,
"Calm - Sleep, Meditate, Relax",com.calm.android,Health,43602a2b-fb92-4a59-bdd1-32756de5a8b7,Nathan Marsteller,2,,a soundscape u was using was swapped to the payed premium option what the hell,1,6.99.1,2026-07-10T09:33:52,,
"Calm - Sleep, Meditate, Relax",com.calm.android,Health,5940c3f3-ad67-4d98-9e6e-0263d341a048,Jan Oliver,5,,the nature sounds on here lull us to sleep nicely,0,6.98.1,2026-07-10T08:35:51,,
"Calm - Sleep, Meditate, Relax",com.calm.android,Health,c3de9d47-4675-4202-a717-8b2d3afb7a45,Kasia Klimczak,4,,"I am updating my review that I getting crash on the ""Daily Sleep"" section again, but I am loving it. Although? I would like to use calm a lot more to feel I put my money's worth, but I would like more Ideas with the music. For example for me would be sound of bubbles popping (example from the game Colors sort) calms me. Or Jazz, but I can understand that other music I would have to go to YouTube for other type of music.",4,6.99.1,2026-07-10T08:07:42,,
"Calm - Sleep, Meditate, Relax",com.calm.android,Health,69862170-ccb3-4a5c-9d3d-ccf479bcc1fb,Keri Schregel,5,,"Really helps my mind focus outside of it's muttering so I can drift off to sleep. I really enjoy the sound of rain with light music, so soothing.",0,6.99.1,2026-07-10T08:06:08,,
"Calm - Sleep, Meditate, Relax",com.calm.android,Health,afe83682-a5b9-4713-a30b-35bdae3ea044,Eileen Davis,2,,"too many talking segments, not enough nature sounds",1,6.99.1,2026-07-10T06:42:06,,
"Calm - Sleep, Meditate, Relax",com.calm.android,Health,4588633e-55c0-41db-9bbb-8c2a3875ac5b,Adis C,1,,needs one time payment for app lifetime ...not subscription many companies are greedy wants to make thousands of dollars for something worth 30$ for lifetime.,1,,2026-07-09T18:18:12,,
"Calm - Sleep, Meditate, Relax",com.calm.android,Health,83731a54-12d9-43f9-afd9-9cae3a439c79,Tammi Douglas,1,,False advertisement! I got another suckered! Don't waist your time... Trying to cancel... They are making it almost impossible by claiming that that they have an error and to try again later 😤,1,6.99.1,2026-07-09T18:17:45,,
"Calm - Sleep, Meditate, Relax",com.calm.android,Health,727c3fdc-6c45-4cba-885a-8677ccc1ddb3,Debbie Mayes,5,,love this app,2,6.99.1,2026-07-09T14:12:06,,
"Calm - Sleep, Meditate, Relax",com.calm.android,Health,540df218-1d10-4970-b474-9331cb2678cf,Sophia Scalfano,4,,"it's good overall, has a ton of good audios but not a lot of availability for the non-premium side, you can only listen to a sound for a certain amount of time and after that it's locked for good and you have to find another audio, also most of the audios and all the books are locked for non-premium users, no ads though which is nice. completely understandable, the apps gotta make money somehow but I just wish there were better options for non-premium(good app tho)",5,,2026-07-09T08:19:24,,
"Calm - Sleep, Meditate, Relax",com.calm.android,Health,52f1f28d-144c-419c-996f-f84f213d4058,Elizabeth Casas,1,,was using a lot a year or so ago before getting YouTube premium. Went back to my account to see that almost everything including things from my recently played is hidden behind a paywall.,1,6.64,2026-07-09T02:44:51,,
"Calm - Sleep, Meditate, Relax",com.calm.android,Health,bccc165a-634d-44df-8071-7e146d752673,Mama Moomin18,5,,"Love Jeff Warren's voice in particular, it's so relaxing ❤️",0,6.98.1,2026-07-08T20:34:31,,
"Calm - Sleep, Meditate, Relax",com.calm.android,Health,96f9dc57-5827-4d63-af2a-b12672850984,Drew J,2,,Not much of a 15+ minute catalogue for the price (or any price),0,6.98.1,2026-07-08T20:26:01,,
"Calm - Sleep, Meditate, Relax",com.calm.android,Health,3843f150-364c-41c5-95b6-bfccf0f4a8e1,no name,1,,requires account to login,1,,2026-07-08T20:03:19,,
"Calm - Sleep, Meditate, Relax",com.calm.android,Health,80996d86-5fc3-427f-a80e-8ba4df7e58f9,Carl Schulstad,5,,This is just what I need!!!,0,6.98.1,2026-07-08T19:23:14,,
"Calm - Sleep, Meditate, Relax",com.calm.android,Health,472ece84-ac15-4dcd-87d6-71aac39017db,Len Meints,1,,"I didnt find it useful so I stopped using it. When renewal time came I got no advance notice and they automatically renewed the subscription, taking my money again foe another year. I dont use the app yet am stuck paying for yet another year...",2,,2026-07-08T18:41:38,,
"Calm - Sleep, Meditate, Relax",com.calm.android,Health,f60c88dc-4724-4607-a996-481ae0f673d3,samantha edell,5,,one of the best meditation and relaxation apps I have used.,0,6.98.1,2026-07-08T18:29:47,,
"Calm - Sleep, Meditate, Relax",com.calm.android,Health,0181a402-143e-448c-8d0e-26772477226f,Cathleen Otvos,5,,this helped morning and night. 😀,0,6.98.1,2026-07-08T10:17:59,,
"Calm - Sleep, Meditate, Relax",com.calm.android,Health,16b50dd3-7368-4967-b78b-e5510b396bd5,Julie DeHaven,5,,"I absolutely love this app. It has helped me reshape my life, improve my sleep and stay more present. It teaches me ways to be mindful and the sleep stories are my favorite. I try to listen to one every night. I highly recommend this app!!",2,6.98.1,2026-07-08T03:45:15,,
"Calm - Sleep, Meditate, Relax",com.calm.android,Health,bf7da8a0-bcaa-4e96-b37e-e64c83417f6c,Doc Schuler,5,,what i needed,1,6.99.1,2026-07-08T03:41:06,,
"Calm - Sleep, Meditate, Relax",com.calm.android,Health,40f05026-920b-4e6e-9619-9a03e968ee0c,Cindi,3,,"here it is 10 yrs later and still lots of techy issues. Songs don't autoplay to next song in an album, you have to manually go from song to song...Uninstaller, closed opened..same nonsense. I have the lifetime subscription and now there's new an improved Calm apps that aren't included. sad for longtime users",2,6.98.1,2026-07-07T21:06:36,,
"Calm - Sleep, Meditate, Relax",com.calm.android,Health,ca06fce9-1b13-45d1-832f-928e84cebb01,Yakob Desu,3,,very calm,0,6.98.1,2026-07-07T01:41:50,,
"Calm - Sleep, Meditate, Relax",com.calm.android,Health,c543752c-522b-4761-a08b-d58f610b026b,John Andrew Lavelle Lavelle,5,,calming and instructive,0,6.98.1,2026-07-06T19:18:32,,
"Calm - Sleep, Meditate, Relax",com.calm.android,Health,daf167a0-ef81-43ba-810a-007f192ea127,Dilshad Afroz,5,,"Excellent app for relaxation and better sleep. Simple, calming, and easy to use.",0,6.98.1,2026-07-06T00:33:10,,
"Calm - Sleep, Meditate, Relax",com.calm.android,Health,1877ae9c-7632-40e3-8e53-6468eb3bb466,Dawn Thompson,5,,need to cancel it,0,6.98.1,2026-07-06T00:26:11,,
"Calm - Sleep, Meditate, Relax",com.calm.android,Health,bb673fd4-ba2c-432e-b28b-cb573333d55e,Ross Fenton,1,,ca rap,1,6.98.1,2026-07-05T10:09:49,,
"Calm - Sleep, Meditate, Relax",com.calm.android,Health,d8156ef0-0453-49b2-add3-bac8e868f7bd,Leslie Lewis,2,,Boring. I sleep better listening to CBC radio,0,6.98.1,2026-07-05T05:18:09,,
"Calm - Sleep, Meditate, Relax",com.calm.android,Health,f6054f3a-8ba5-4c12-bcb9-af1d15b0ea8c,Tai Drummond,1,,Do not install. My passwords were leaked from this platform almost instantly after I made an account. Also they have removed the ability to delete your account from their website.,3,6.98.1,2026-07-05T04:11:41,,
"Calm - Sleep, Meditate, Relax",com.calm.android,Health,34249acc-bd2f-462a-9b2d-a939b29c89f3,Luke Phythian,1,,"SCAM!!!! DON'T DO THE TRIAL!!!!! SCAM SCAM SCAM!!!!!! FALSE ADVERTISING They advertise ""7 Day free trial, Cancel anytime 😁"".......😡 YOU CANCEL THE SUBSCRIPTION after 4 days of use, then they charge you for a full annual subscription after the 7 days!!!! ""you can cancel anytime after your 1st subscription!!!!!!!"" Raised a dispute with PayPal",3,6.98.1,2026-07-04T13:11:23,,
"Calm - Sleep, Meditate, Relax",com.calm.android,Health,81703fed-b58c-46ab-8c33-2f50e92628fc,Daniel Stinger,1,,charged me $85 after sub was canceled and won't refund me after 10 secs of charge scam,2,6.97,2026-07-04T09:23:44,,
"Calm - Sleep, Meditate, Relax",com.calm.android,Health,02f81ace-4d2e-46da-b5ad-de386c6bf587,Kate Hamilton,5,,Give yourself an opportunity to feel better. This is the warm hug your brain needs!,0,6.98.1,2026-07-04T09:06:52,,
"Calm - Sleep, Meditate, Relax",com.calm.android,Health,8a94a595-9479-413c-bc79-2b44f6f84a25,Alison Derrick,4,,I don't use as many of the elements of Calm as I want to. But listening to something before sleep is final part of wind down. Sometimes asleep before timer ends. I recommend it.,2,6.98.1,2026-07-03T19:31:28,,
"Calm - Sleep, Meditate, Relax",com.calm.android,Health,77181fbc-2eb9-44b8-a9ca-98bfe4d789c7,MJ Cole,3,,Nice! But would be better without the add on pop-ups,1,6.98.1,2026-07-03T02:36:05,,
"Calm - Sleep, Meditate, Relax",com.calm.android,Health,a66f1330-7cad-4817-96e9-056fb85e9af6,Kathy Tafel,5,,"I've only had it for 2 days, but I can see where this will help me a lot. EMDR and meditation sessions is what I've done so far.",1,6.98.1,2026-07-03T01:28:14,,
"Calm - Sleep, Meditate, Relax",com.calm.android,Health,9a85bffe-8498-4cce-ac1b-9e05c906c1f5,Cynethryth O,1,,Everything is locked because you have to pay for it. There is no way to only see the stuff that's free. Insight Timer is way way way better. Insight Timer has lots of free stuff. This Calm app is unusable unless you can pay for a subscription.,5,6.98.1,2026-07-02T19:34:27,,
"Calm - Sleep, Meditate, Relax",com.calm.android,Health,86f8b15d-6cd3-4ec8-a5e8-13734c8f917a,Jarrett Bowen,5,,there is something for everyone in this App! it has helped me with my PTSD greatly! highly recommend!!,2,6.98.1,2026-07-02T18:33:42,,
"Calm - Sleep, Meditate, Relax",com.calm.android,Health,89f437fc-5a0e-4275-be20-c5ca99617b68,Vanessa Stiller,5,,amazing 😍🤩,0,6.98.1,2026-07-02T17:20:48,,
"Calm - Sleep, Meditate, Relax",com.calm.android,Health,ee4284fb-1a99-4856-8902-1a1e74bfcd90,Dan VonBerg,5,,Helps me sleep,0,6.98.1,2026-07-02T03:09:59,,
"Calm - Sleep, Meditate, Relax",com.calm.android,Health,5f5fdbb8-829e-4b54-acd3-33aa56a2e818,Jackie Reed,1,,Says free. Set up an account then told there is a monthly subscription. No thanks. Uninstalled without even trying the app.,1,,2026-07-02T01:00:47,,
"Calm - Sleep, Meditate, Relax",com.calm.android,Health,08dd7282-59b1-4cc2-b715-5e9d4e48b493,Roqia Prevatte,5,,amazing app. I highly recommend it 👌,0,6.98.1,2026-07-01T21:04:45,,
"Calm - Sleep, Meditate, Relax",com.calm.android,Health,0e0e009e-9724-40c0-96c8-07a7a4e589f2,Christian Ignasiak,1,,total irritated me; mission failed,1,6.98.1,2026-07-01T20:10:22,,
"Calm - Sleep, Meditate, Relax",com.calm.android,Health,6fa39bfe-80ce-4209-915c-ae390471977f,Hector Hernandez,5,,Love to listen to piano music while I work.,0,6.98.1,2026-07-01T20:03:17,,
"Calm - Sleep, Meditate, Relax",com.calm.android,Health,4edfebc0-7228-4225-ae93-03bbdcf99475,Rawan Maha,1,,"stupid, irritating and disgusting app. not a single thing on this app can be opened without money . it costs a lot .",1,6.98.1,2026-07-01T12:32:58,,
"Calm - Sleep, Meditate, Relax",com.calm.android,Health,06cac2e4-b558-4148-bd22-c165437042b2,Randall Lewis,4,,"Does not create a conflict of interest, Facts",0,6.98.1,2026-07-01T11:08:54,,
"Calm - Sleep, Meditate, Relax",com.calm.android,Health,957bcff5-d359-4fa2-a620-0e50c7a17761,F M,1,,"I JUST WANT MUSIC. why they all have a creepy narrator I want all night music, who falls asleep in 3 minutes",1,6.98.1,2026-07-01T09:44:10,,
"Calm - Sleep, Meditate, Relax",com.calm.android,Health,c485adc9-18a2-4957-914a-f6ba4d0f56d9,Heather Anne Thomas,4,,Love the background music playing softly. 1,0,6.98.1,2026-07-01T08:04:31,,
"Calm - Sleep, Meditate, Relax",com.calm.android,Health,87ab0cb4-3761-4b2d-a863-95063d1c839c,Eugene Brevdo,5,,unexpectedly wonderful,0,6.98.1,2026-06-30T21:51:54,,
"Calm - Sleep, Meditate, Relax",com.calm.android,Health,d14ca484-45c4-4f67-a1c3-a10da7401060,Jose R. Romero,1,,"It starts by asking you to subscribe when you haven't even tried it. I am trying to sleep, but instead of falling asleep, I need to make an online transaction for an app. It made it worse.",2,,2026-06-30T11:00:01,,
"Calm - Sleep, Meditate, Relax",com.calm.android,Health,e89b7dcc-9bbd-475d-99fd-002c67b156af,Kat,2,,"It might be a great app but be aware only the ""7 day"" trial is ""free"". After 7 days you are auto charged and even then many items required the ""premium subscription"" Uninstalled the app after 5 min.",1,,2026-06-30T08:49:02,,
"Calm - Sleep, Meditate, Relax",com.calm.android,Health,43e874be-6309-41e9-9d59-c1a7d1e51166,Joshua Schwab,5,,I feel this will be helpful to anyone who's doing with anger problems or anxiety problems if you stick to it then you will notice a big difference and give it time. but this is helped me so far I like it I feel a little better and this is very useful to anyone who needs this.,0,6.98.1,2026-06-29T22:03:30,,
"Calm - Sleep, Meditate, Relax",com.calm.android,Health,f8452885-bc2d-4853-8ee1-57728e5461aa,Tiffani Nazarova,1,,Literally can't find anything free on here. Charging people who need help with stress is hilarious.,2,6.98.1,2026-06-29T16:23:22,,
"Calm - Sleep, Meditate, Relax",com.calm.android,Health,94838c34-44df-4828-9626-5189d8b2663b,Karen Summers,4,,trying to find my calm,2,6.98.1,2026-06-29T14:29:15,,
"Calm - Sleep, Meditate, Relax",com.calm.android,Health,85073da8-af21-4ae7-83ca-35b98566a1fc,Richard Denewiler,5,,I use this app every night to fall asleep,0,6.97,2026-06-29T08:21:51,,
"Calm - Sleep, Meditate, Relax",com.calm.android,Health,c25b526e-e127-49e4-8385-e11ec53b4192,Shirley Stevens,5,,love calm really relaxes me at night sleep stories are brilliant too ..,0,6.98.1,2026-06-29T04:25:36,,
"Calm - Sleep, Meditate, Relax",com.calm.android,Health,3efc12e0-a4f4-4bd3-96c8-f3bd755a8e47,Nur Insyirah,5,,"Calm is an excellent app for meditation, sleep, and relaxation with beautifully designed guided sessions.",2,6.98.1,2026-06-28T22:54:46,,
"Calm - Sleep, Meditate, Relax",com.calm.android,Health,62fc07fe-b67d-4cda-97f5-1598dee56c38,Farragh Diffie,1,,"everything is locked behind a subscription paywall, it is advertised ""download our free app today"" lol, the download is free, but literally every single feature requires nearly 20.00 a month subscription. 😕",3,,2026-06-28T19:37:32,,
"Calm - Sleep, Meditate, Relax",com.calm.android,Health,9ddf760f-1cd1-4b38-b66c-c25f8c601f7c,Katherine Ballard,3,,"Soundscapes, songs, etc. that have historically been free... are now premium access. 😑 Rude.",1,6.96.1,2026-06-28T19:29:43,,
"Calm - Sleep, Meditate, Relax",com.calm.android,Health,49223693-f590-4f51-8277-4288f73de102,Manpreet,5,,"Calm is an absolute masterpiece of an app for anyone looking to reduce stress and build a consistent mindfulness routine. The 'Daily Calm'—a fresh 10-minute guided meditation every morning—has completely changed how I start my day. It hits the perfect balance between teaching useful mindfulness techniques and providing a genuinely relaxing space to breathe. The user interface is gorgeous, smooth, and instantly soothing the second you open it. Truly a 5-star app for mental wellness!""",2,6.98.1,2026-06-28T18:30:20,,
"Calm - Sleep, Meditate, Relax",com.calm.android,Health,b46c71d4-2fb0-40ff-80c2-1d0f27c03ec2,Candice Robertson,4,,This app is comforting but I am unable to purchase the sounds I want to use. It may be worth the price but my income at this moment is limited.,1,,2026-06-28T12:04:57,,
"Calm - Sleep, Meditate, Relax",com.calm.android,Health,a6369385-a11b-44e3-95fb-178976138f92,Diane Lanesky,1,,please please please make this app better,2,,2026-06-28T07:34:43,,
"Calm - Sleep, Meditate, Relax",com.calm.android,Health,95750d42-d3e2-4778-9334-461fefc27466,Tania Roy,3,,"uodate 2: fixed the freezing for awhile, back again this is anything but calm. down star.Updated again: knocking off a star because freezes all the time now. Slow scrolling and other glitchy stuff. I think they got too big for our good anymore. Canceling subscription and just doing free stuff for awhile at least. Updated: Have used for yrs. I love Tamara's voice and earlier content-wish I could just get that stuff at a discount. Previous: For the free version, I am happy with what is available.",25,6.98,2026-06-28T05:28:30,,
"Calm - Sleep, Meditate, Relax",com.calm.android,Health,7536a39f-71be-43da-b106-3b9642eb36d7,Eleri Smith,2,,"very glitchy. customer service is exceptionally slow. I've had a few problems with the app and now it is not responding. I have a full subscription and it constantly pops up an add to recommend sharing with family. rather annoying. in addition, on opening, it takes some time to load, which when I want to find something to help me relax is just annoying",4,,2026-06-28T04:14:55,,
"Calm - Sleep, Meditate, Relax",com.calm.android,Health,080bdcb3-9806-46b9-89da-e7499042ce8a,Bevan,5,,"""This app is worth my time when I succeed in life I am going to pay for a year subscription for myself and my family. future."" 🥹🙃😉",0,6.98.1,2026-06-28T02:36:13,,
"Calm - Sleep, Meditate, Relax",com.calm.android,Health,a4046bfb-cf35-4039-90e2-0f2d54cf53d1,Azrul Azwan,5,,"Calm is a meditation and relaxation app designed to help users reduce stress, improve sleep, and practice mindfulness. It offers guided meditation sessions, breathing exercises, calming music, and sleep stories narrated by well-known voices. The app is suitable for beginners as well as experienced users who want to build a daily mindfulness routine. Overall, Calm is an effective wellness app for improving mental health and promoting relaxation.",0,,2026-06-28T02:01:43,,
"Calm - Sleep, Meditate, Relax",com.calm.android,Health,a79df7ed-00f8-4541-a9a2-e5ce34a86d12,SY• Aysa (Nana -chan),5,,my experience on the app calm are quite good cause it help me to meditate well on my 30 munite a day help me sleep well to,2,6.98.1,2026-06-28T01:30:43,,
"Calm - Sleep, Meditate, Relax",com.calm.android,Health,030ae6e3-564f-4805-bc2e-be2d0486981b,Diane Darrell,1,,this is the worst app I have out of many. I keep trying new scenarios but they all suck. some many have loud obnoxious piano many of them are supposed to be meditations they're short and somebody talks through the whole thing. last night I tried a sleep app again. this one had a very good narrator but the sleep sounds were supposed to be a train and instead it was the worst water recordings I ever heard and it was super loud. it is not my phone this is the third electronic I have tried it on. 6t,4,6.98,2026-06-27T22:13:54,,
"Calm - Sleep, Meditate, Relax",com.calm.android,Health,fed2983c-db29-456a-837c-6db6003b5bdb,Laura Brown,5,,👌🏻,0,6.98,2026-06-27T18:35:55,,
"Calm - Sleep, Meditate, Relax",com.calm.android,Health,5eed8a5c-652e-4541-8a44-773e86c9c2f9,Alexander Troup,1,,£14.99 a month for audio files is an absolute joke. It's clear that what the developers are most mindful of is how to lock their users in to annual subscriptions for glorified audio files.,2,3.1.1,2026-06-27T17:00:33,,
"Calm - Sleep, Meditate, Relax",com.calm.android,Health,f010784d-4ed9-40df-b247-21ed5b92d4d3,Leeanne Stoddart,1,,My friend gave me a link for a free thirty day trial. I did actually like the meditations and sleep stories. I WAS feeling relaxed until I tried to cancel. Despite enjoying the service I can't afford it and it is pissing me off that I have to jump through hoops to not be charged. It feels predatory. Even if I find myself in a better financial position I won't use this app again.,3,6.98,2026-06-27T12:48:12,,
"Calm - Sleep, Meditate, Relax",com.calm.android,Health,f76d6334-4c7d-41c2-bc3f-226161732911,Maryad Gunor,1,,too expensive,1,6.98,2026-06-27T12:45:36,,
"Calm - Sleep, Meditate, Relax",com.calm.android,Health,6c0b2116-77b9-4491-839a-96865ac8b3b4,Chris Morris,1,,"NOT FREE! Description says it's free, but it's only a for a 7 day trial. Was on it for about 3 minutes and uninstalled it because it wanted money.",2,,2026-06-27T11:19:12,,
"Calm - Sleep, Meditate, Relax",com.calm.android,Health,e14c427b-a9ff-4947-b988-9a4790200408,Michael,1,,Terrible experience. Fails to send email verification and crashes half the time. Would NOT recommend!,1,,2026-06-27T09:38:33,,
"Calm - Sleep, Meditate, Relax",com.calm.android,Health,68e7f2ab-6c87-4838-a32c-c9adf320ee7d,Leorl77,5,,ok 👌?¡¡¡¡¡,0,,2026-06-27T08:57:11,,
"Calm - Sleep, Meditate, Relax",com.calm.android,Health,114ae5ae-4884-40ee-97b4-f634c3e5be91,Teresa Drexler,5,,so much useful content for calm...,0,6.98,2026-06-27T06:02:28,,
"Calm - Sleep, Meditate, Relax",com.calm.android,Health,5de86895-cf3a-4d6f-a4a5-ed49262ad8f3,T. Destiny Rosario,5,,Helpful,0,6.98,2026-06-27T02:55:47,,
"Calm - Sleep, Meditate, Relax",com.calm.android,Health,a33641c8-1a38-4bff-8c9e-490b3bb681c1,Angela,5,,it actually helps.,1,6.98,2026-06-26T21:29:53,,
"Calm - Sleep, Meditate, Relax",com.calm.android,Health,6d9d6543-0ae1-418e-bb6f-f5a853861504,Bobbi Jo Holtz,5,,"Calming & Helpful I enjoy using many aspects of this app, especially the simple Gratitude log.",1,6.98,2026-06-26T17:05:05,,
"Calm - Sleep, Meditate, Relax",com.calm.android,Health,8bc88b1a-82a1-4bfb-891d-995d4ed2d161,J F L,1,,was not what I expected. I will be canceling in the morning.,1,6.98,2026-06-26T11:28:01,,
"Calm - Sleep, Meditate, Relax",com.calm.android,Health,fb95a6a5-951e-4e5f-ae30-b2e60ed6c752,Junia Wolford,5,,love this app and use it all the time!! i get the subscription for free due to the health care im on (Kizer) wish there was a spot for recommendations though 🫤,0,6.97,2026-06-25T20:05:00,,
"Calm - Sleep, Meditate, Relax",com.calm.android,Health,c3e37e23-32f2-405e-a55d-ae8d680ea0da,Sandra Richardson,5,,I realised I was highly anxious and couldn't work out why even after breathing exercises. straight onto calm tbrough YouTube for a 10 minute meditation. All I can say is... I am relaxed and happy. I have no installed the app to my phone ☺️.,0,,2026-06-25T19:01:41,,
"Calm - Sleep, Meditate, Relax",com.calm.android,Health,293e1955-a056-441e-93fa-8708b2979f95,Annemarie M,1,,"Great app, very relaxing. But I don't want it anymore. Can't cancel subscription - like going round in circles. HELP.",0,,2026-06-25T16:01:58,,
"Calm - Sleep, Meditate, Relax",com.calm.android,Health,243759e4-8c95-4d73-9a8b-7ab11d169624,Cheyenne Hardy,1,,claims to be a free app but makes you pay a subscription why is nothing free anymore just wanted to get but nights sleep,0,,2026-06-25T08:24:42,,
"Calm - Sleep, Meditate, Relax",com.calm.android,Health,417a9023-26e1-4a1a-825c-c35c3d680acd,M Greenwood,5,,I've only just begun but so far.....so darn good. I needed something that can help me remember to stop holding my breath. We cannot get into the flow without oxygen.......,2,6.98,2026-06-24T17:48:30,,
"Calm - Sleep, Meditate, Relax",com.calm.android,Health,f3e0879a-0ac3-49aa-9031-e6176029a739,Jennifer Hutnik,5,,Best app to help me sleep!,0,6.91,2026-06-24T14:18:09,,
"Calm - Sleep, Meditate, Relax",com.calm.android,Health,e56010f6-c7c0-4289-bb4e-97ac02cf9d6a,Rudolf Boogerman,3,,"The good: I have been using it for quite a while & like it although the interface is clunky, but you can set favourites making it easier to re-find the items you want. The Sleep section is versatile with good content. I like the timer for sleep music. The bad: 1) Subscription is expensive 2)Many trackers that look for device info, name, email, location, gender by 4 companies & this even goes on while the app isn't active. So best use a track blocker. 3) Calm drains my battery rather quickly.",2,,2026-06-24T13:31:50,,
"Calm - Sleep, Meditate, Relax",com.calm.android,Health,f5ed5afa-a393-4605-a1cb-2575c5c0840e,Maddie Stephenson,3,,There really isn't much to do here without a paid subscription.,0,6.98,2026-06-24T04:08:54,,
"Calm - Sleep, Meditate, Relax",com.calm.android,Health,f439add2-9d66-4ce4-8075-4ea3d46ea1df,Robin K Ota,5,,so many helpful tools if/when I choose to use them,0,6.98,2026-06-23T20:24:38,,
"Calm - Sleep, Meditate, Relax",com.calm.android,Health,862fe44e-ba77-40de-b813-576f4d2d6fb4,Michelle Venturelli,1,,hardly ever works on android. I wasted money on an app that works less than 50% of the time on my phone.,2,6.97,2026-06-23T17:35:06,,
"Calm - Sleep, Meditate, Relax",com.calm.android,Health,ccefbdc5-b519-4658-a3a5-87b6219ae92b,Liana Lalli,5,,"It helps me to start my day and end my day with purpose. I feel it's made a difference in my sleep quality. My days starts with a calm meditation and ends with either a sleep story or meditation. There is a variety of meditations, movement videos and sleep stories.",2,6.98,2026-06-23T16:25:59,,
"Calm - Sleep, Meditate, Relax",com.calm.android,Health,d44c5934-6776-4d63-a81c-78f163b671b3,Jessika,1,,"the only thing I have been struggling with, you want people to pay for.. good to know some people are struggling daily but they dont matter unless everybody makes a profit.. free app no ads.. unless you really want an app to read you [an adult] bedtime stories then this is everything you're looking for lol.",2,6.97,2026-06-23T16:15:24,,
"Calm - Sleep, Meditate, Relax",com.calm.android,Health,d19ebf5a-6fbe-416c-9817-476c717fe926,Sophie Latimer-sayer,5,,"I started Calm during lockdown in 2020. I love it, I've noticed a real difference in my life with showing empathy, patience and breathing through situations where I need to take a step back before responding.",0,6.97,2026-06-23T11:28:55,,
"Calm - Sleep, Meditate, Relax",com.calm.android,Health,86403b22-b0e9-4dad-931b-9f2556123ea1,Al 70,5,,best addition to my day,1,6.97,2026-06-23T10:17:08,,
"Calm - Sleep, Meditate, Relax",com.calm.android,Health,d3407db8-237c-4152-b79d-4534102180b9,Presley,5,,helps me go to sleep,0,6.97,2026-06-23T08:47:12,,
"Calm - Sleep, Meditate, Relax",com.calm.android,Health,c23a20bf-ff9e-42b5-ba5d-90abd5a5f076,Peter Buchholtz,5,,"Yes, I love Calm and have been using it for years.",0,6.97,2026-06-23T00:42:42,,
"Calm - Sleep, Meditate, Relax",com.calm.android,Health,98e6180e-481f-4b74-a46d-959cbc27c22d,Patti Brown,2,,"Only good for subscriptions. If you're looking for free content, there's not much here. If there is, it's not easy to find. Insight timer has more free meditations, etc. I only keep Calm because the background sound when the app is opened is a babbling brook which is nice white noise.",1,6.97,2026-06-22T19:18:23,,
"Calm - Sleep, Meditate, Relax",com.calm.android,Health,23359a9f-2c15-458e-8e64-d1bd0c869058,Charlene Larson,1,,don't like apps that say they are free but requires a subscription that isn't cheap. also a good chunk of the sleep sounds are people talking which wouldn't help me to sleep.,0,,2026-06-22T18:28:00,,
"Calm - Sleep, Meditate, Relax",com.calm.android,Health,e51da8be-11b8-4ca2-809c-402dc43743b0,Charlie May Burnz,5,,Amazing (:,1,6.95,2026-06-22T11:19:49,,
"Calm - Sleep, Meditate, Relax",com.calm.android,Health,5759cad3-63b1-465f-8890-3464f9f2ff30,Brent Baxter,1,,"Very unhappy with Calm app. First of all, I canceled my trial subscription but they charged me for a year's subscription anyway, no refund given. Also I have yet to figure out how I can play meditation pieces on repeat or create my own meditation playlist. The app is not straightforward about this at all.",5,6.97,2026-06-22T09:56:36,,
"Calm - Sleep, Meditate, Relax",com.calm.android,Health,a956e3dd-efd5-4e7b-ac2c-8b26e1f3ba22,Graeme,1,,garbage gave me stress not free deleted. garbage scam,0,,2026-06-22T07:32:00,,
"Calm - Sleep, Meditate, Relax",com.calm.android,Health,2c4f0209-46e8-440d-b92e-5f3f4d836bb8,Steven Novakovich,5,,Excellent! Stress and frustration relief!!,0,6.97,2026-06-22T06:28:10,,
"Calm - Sleep, Meditate, Relax",com.calm.android,Health,9e1fc7a6-c509-494e-a04e-dd6d3375fb08,Feron Gilmore,5,,sleepy,0,,2026-06-22T00:49:40,,
"Calm - Sleep, Meditate, Relax",com.calm.android,Health,e58496d6-4b7e-4dc3-901a-2bce623bd737,Christopher Cox,3,,"The app itself is good. what I can't stand is the stupid nature sounds when the app is opened. It helps us fall asleep as y night, and it also wakes my wife up as I turn on the phone and it opens the app and proceeds with a loud sound of water rushing with bug noises. I can't seem to turn it off. Why is this necessary?!?! Why can I not quietly have the app load?",12,6.97,2026-06-21T20:17:09,,
"Calm - Sleep, Meditate, Relax",com.calm.android,Health,290b440f-2b61-41fa-9e1a-e5f0307a10e8,SHYAM KUMAR,4,,recommended for good people,0,6.97,2026-06-21T14:20:26,,
"Calm - Sleep, Meditate, Relax",com.calm.android,Health,a60884ac-f9d5-47e5-bcd7-ae06e82523c4,Areyeh Ben-Barak,1,,Everything I wanted to listen to or try you had to pay for. Uninstalled it immediately. You can get free stuff like this on YouTube,0,,2026-06-20T21:42:06,,
"Calm - Sleep, Meditate, Relax",com.calm.android,Health,1f4f7c39-343d-49db-a704-5a27b68f97d4,MissBeeBee (MissBeeBee),5,,This is my Life-line every day! Going through depression and anxiety.,0,6.97,2026-06-20T19:08:04,,
"Calm - Sleep, Meditate, Relax",com.calm.android,Health,0371243e-fdfb-4ff1-a889-84a31c2cca79,Jonathan B,3,,not enough content,0,6.97,2026-06-20T18:24:39,,
"Calm - Sleep, Meditate, Relax",com.calm.android,Health,af1ea9b0-82bf-4bcf-90f4-2c8f2c9d323e,Jules T-M,5,,like a friend with a soothing voice when you need them near. 😌 ✨️ 💕,0,6.97,2026-06-20T16:36:17,,
"Calm - Sleep, Meditate, Relax",com.calm.android,Health,c37511ba-49f6-447d-a75a-b76257729802,Danny,1,,this app wasn't installed by me,0,,2026-06-20T05:21:48,,
"Calm - Sleep, Meditate, Relax",com.calm.android,Health,27d691c4-1b9e-4149-b005-d7038e77a0cf,Colin Dyckes,1,,"Won't actually let you try the supposedly 'free' items without signing up! Let users try some items as a trial, without a subscription signup if you have a genuinely good product! Uninstalled!",2,6.97,2026-06-19T20:55:25,,
"Calm - Sleep, Meditate, Relax",com.calm.android,Health,9237aae3-5090-4dab-ac2f-4b215d066836,Una Tonight,5,,This app very useful for me to stay calm set duration ideal time get enough sleep and reducing stress with anxiety.,1,6.97,2026-06-19T14:48:31,,
"Calm - Sleep, Meditate, Relax",com.calm.android,Health,0c28a9d1-cbdb-4b44-b427-359a67ecd26c,Jonny Wilson,2,,Some nice music but it's ruined by a stress inducing interface which makes everything hard to find. The irony isn't lost on me.,0,6.96.1,2026-06-19T06:03:24,,
"Calm - Sleep, Meditate, Relax",com.calm.android,Health,7c85fe2f-f2be-4664-b88d-2e400bf0b2f9,Jacquelyn Gonzalez,5,,awesome app for stress,0,6.97,2026-06-19T00:13:48,,
"Calm - Sleep, Meditate, Relax",com.calm.android,Health,39888e21-4982-4483-8d24-429208bccde2,John Heil,5,,Stressful,1,6.97,2026-06-18T19:53:41,,
"Calm - Sleep, Meditate, Relax",com.calm.android,Health,009e12c2-4c28-4caf-9aa0-59ead6f47e6c,Lisa Lisa,1,,do not care for this app. they make it extremely complicated and difficult to Unsubscribe and definitely not worth $80s a month!,1,,2026-06-18T16:59:12,,
"Calm - Sleep, Meditate, Relax",com.calm.android,Health,91fcdd93-f814-4a45-af6c-acc4baf0eb0b,D J,1,,They don't care about customers. the 'Take a deep breath' needs to be removed from the start. PTSD victim and it just sets me off. Calm app 0/100,1,,2026-06-18T06:51:04,,
"Calm - Sleep, Meditate, Relax",com.calm.android,Health,c1ea9feb-f5e2-4cc3-8c5b-ff5827e47a7c,Andrea R,3,,expensive but it has alot of stories and sounds,1,6.79.1,2026-06-18T01:57:56,,
"Calm - Sleep, Meditate, Relax",com.calm.android,Health,d37cd274-39f1-4172-a07f-a30df3f3ab41,Jess Zed,2,,Have used this app for years (and generally loved it) but lately it cuts out/ crashes/ freezes constantly. Have emailed the developers.,3,6.97,2026-06-17T18:18:43,,
"Calm - Sleep, Meditate, Relax",com.calm.android,Health,1fba43ea-fde4-45c6-889d-a48b0ad7ac74,Brad,5,,Part of my morning routine.,0,6.97,2026-06-17T17:35:44,,
"Calm - Sleep, Meditate, Relax",com.calm.android,Health,473d9bb9-9bb7-4281-8446-55969569563b,Naveen,3,,"this app is good for students like me who are struggling with life and want relief from Anxiety and stress . overall the app experience is good for me but I can't sign in this app 😭 whenever I try to sign in the app , it closes itself and it makes me more disappointed 😞 please give me a solution",1,6.97,2026-06-17T10:55:50,,
"Calm - Sleep, Meditate, Relax",com.calm.android,Health,5324f0ff-d953-445b-a614-2822c86ada30,Sherri House,5,,gets my gradbaby to sleep,0,6.96.1,2026-06-17T09:27:20,,
"Calm - Sleep, Meditate, Relax",com.calm.android,Health,9454d1d3-cd70-4c5e-91db-50f0f78a53cc,Madelyn,3,,"I'm very interested in a lot of the stories in the app or applications, but it's all locked under a premium subscription.",0,,2026-06-17T08:21:24,,
"Calm - Sleep, Meditate, Relax",com.calm.android,Health,2593e331-8b43-4791-a417-fb3e7890b766,Pandora Harvent,1,,"Useless apps, need real money to use it. DON'T RECOMMENDED, Uninstall it NOW!",2,6.97,2026-06-17T05:38:47,,
"Calm - Sleep, Meditate, Relax",com.calm.android,Health,e5cb9288-a3a1-45f7-b063-a524fdc8cedc,Tasneem qutbi,1,,boring,0,,2026-06-17T03:35:11,,
"Calm - Sleep, Meditate, Relax",com.calm.android,Health,de09faa8-a4d9-452a-8460-3974f8306455,traci knoll,4,,great app,1,6.97,2026-06-17T01:50:17,,
"Calm - Sleep, Meditate, Relax",com.calm.android,Health,caea516a-0f21-402d-95ac-f077a9ca9c99,Heather Holcomb,1,,Charged me for a year on the second day of the free trial!!!,1,6.97,2026-06-16T21:41:06,,
"Calm - Sleep, Meditate, Relax",com.calm.android,Health,c154d49f-f5be-4972-9c48-68c102b11846,J Wong,5,,so calming,0,6.97,2026-06-16T19:41:45,,
"Calm - Sleep, Meditate, Relax",com.calm.android,Health,d1bb4325-f508-4d37-b9d2-d7978b3a4856,Hafiz Amir,5,,"Calm is hands-down the best investment I’ve made for my mental wellness. The interface is incredibly soothing, and the ""Daily Calm"" sessions are the perfect way to anchor my mornings. Whether I need to decompress after a stressful workday or just find focus, this app delivers instant peace. A beautiful, essential daily companion!",0,,2026-06-16T14:39:49,,
"Calm - Sleep, Meditate, Relax",com.calm.android,Health,d4b757bf-61aa-4bd0-8e04-28e1baed2371,Lynne Ose,3,,"its okay but not very interesting choices . alot of water And birds , wind not so good either. If they could copy the sound of the surf pounding, on ,a powerful night at Rockaway Beach , Oregon, USA it might put me to sleep .",0,,2026-06-16T10:57:33,,
"Calm - Sleep, Meditate, Relax",com.calm.android,Health,5a8bd244-4366-49fd-addd-983dbce8d4f2,High Priest Phoenix Firestorm,1,,wow yall really gotta lie on your ads? I downloaded cause the add claimed free app I install it and it immediately asks me for 79.99 after I login shame on you do better,1,,2026-06-16T08:57:10,,
"Calm - Sleep, Meditate, Relax",com.calm.android,Health,922802f9-bc1c-4843-96a5-b9eb34daba86,Aria Staria,2,,"Free for 7 days, then subscription required",0,6.97,2026-06-16T07:05:41,,
"Calm - Sleep, Meditate, Relax",com.calm.android,Health,5c005ecd-f365-4012-a067-f0eb5f88d729,David Eisner,4,,nice calming sound,0,,2026-06-16T00:50:37,,
"Calm - Sleep, Meditate, Relax",com.calm.android,Health,ab340a26-8c1e-489d-adcd-035d8bd938b4,José Martín Álvarez Sotelo,2,,"This ""meditation"" app interrupts open-ended sessions with ads",2,6.97,2026-06-15T16:23:33,,
"Calm - Sleep, Meditate, Relax",com.calm.android,Health,96272e8e-2eda-43cf-b463-d39426902b09,Efrain Aguilar,5,,very relaxing 😌,0,6.97,2026-06-15T13:46:39,,
"Calm - Sleep, Meditate, Relax",com.calm.android,Health,f1662335-b636-4bfe-9448-05d114a7ab1f,Carlos Pardo,5,,Me ayuda mucho en momentos de ansiedad y preocupación.,1,6.97,2026-06-15T13:12:06,,
"Calm - Sleep, Meditate, Relax",com.calm.android,Health,e6b1af43-38a2-439c-a492-7b484ac0897d,Gavin Rodriguez,1,,ucla mindful better and free greedy ASF over here💀,0,,2026-06-15T03:56:09,,
"Calm - Sleep, Meditate, Relax",com.calm.android,Health,f163aec0-ffaf-4673-b6f7-09672878759d,Laura C,1,,keeps playing awful water noises in the background. uninstalled and lost subscription,0,,2026-06-14T13:22:29,,
"Calm - Sleep, Meditate, Relax",com.calm.android,Health,050a1afa-d3d8-4ccf-8f81-1fd6eff44ff6,Daniel Lord,5,,this is so calm I love it,1,6.97,2026-06-14T09:11:28,,
"Calm - Sleep, Meditate, Relax",com.calm.android,Health,10dc88fc-23c2-49e5-941f-48e714a4618d,Charlie Baratski,1,,can't even try it without subscribing. bogus!,0,,2026-06-14T04:57:50,,
"Calm - Sleep, Meditate, Relax",com.calm.android,Health,86f7d380-c535-43f4-a179-abdf358926c1,Craig Lofts,1,,why are u trying to charge my card $99 when i canceled my subscription in the free trial stage. r u trying to rip me off?,0,5.15,2026-06-13T15:08:08,,
"Calm - Sleep, Meditate, Relax",com.calm.android,Health,49c37d6d-b688-42c7-9dda-33d4ca81613a,L,2,,"As someone who is really struggling with stress and anxiety, I thought I would give this a go. I liked headspace and thought this would be similar, but I'm just not impressed. There seems to be a focus on big name celebrities rather than actual content. I don't care who's voice it is, I just need something that can help me to be calm, and there wasn't enough of that sort of thing on there",4,6.97,2026-06-13T04:36:06,,
"Calm - Sleep, Meditate, Relax",com.calm.android,Health,5bd87e37-2eb2-4eec-83be-edc381992924,Tammy Richardson,5,,awesome daily trips!! amazing and wise,0,6.96.1,2026-06-12T21:43:11,,
"Calm - Sleep, Meditate, Relax",com.calm.android,Health,e6ce50c5-243b-4f65-87e3-c0eb6b578add,Dominic Garcia,1,,trash is just a money grab,0,6.97,2026-06-12T16:07:41,,
"Calm - Sleep, Meditate, Relax",com.calm.android,Health,a04a53f8-b922-4f81-8285-1671f0411739,Howard Kuo,1,,"You removed Sonos ability to play Calm. Fine! However, Apple calm app can cast to Sonos, why can't Android do the same???",2,6.97,2026-06-12T12:48:56,,
"Calm - Sleep, Meditate, Relax",com.calm.android,Health,825ccb9f-6d88-492e-b1e8-59127c670d7a,Jason D. B,5,,"absolutely love love this app, been using it since 2016. Tamara voice is amazing in the daily calm. it's so inviting and relaxing. the app is worth ever bit of what it cost.",1,6.97,2026-06-12T07:11:20,,
"Calm - Sleep, Meditate, Relax",com.calm.android,Health,ac330848-c3c4-45da-8d5e-aed8f2497155,Hannah Dy,3,,its great,0,6.97,2026-06-12T06:22:41,,
"Calm - Sleep, Meditate, Relax",com.calm.android,Health,c5ce446f-4761-4a85-b56e-d8248c5f4790,Stephanie Malenfant,5,,"it helps me fall asleep at night or helps me calm down at night when I cry , this app helps me through a lot ❤️ therefore I love calm 😌❤️",0,6.97,2026-06-12T06:20:18,,
"Calm - Sleep, Meditate, Relax",com.calm.android,Health,e11724de-8b55-416a-86c7-32a643be1647,Megan Grove,2,,"Why am I paying so much for an app, that hardly ever gets new stories. Ripped off.",3,6.97,2026-06-11T16:39:30,,
"Calm - Sleep, Meditate, Relax",com.calm.android,Health,28bad0f8-1cc9-4a95-9a2a-f7112cabcfd5,Lucy Home,1,,This is not free at all as they claim. I get in app purchases but there is nothing free about this app. I can find the same thing on you tube and its actually free..,0,,2026-06-11T12:11:24,,
"Calm - Sleep, Meditate, Relax",com.calm.android,Health,9f09f2df-7119-4819-ab97-63ac4453a279,Deniz Gedik,3,,"too cluttered, hard to find good meditations, too much focus on sleep too little on meditations (except the random daily ones)",0,6.96,2026-06-11T04:01:01,,
"Calm - Sleep, Meditate, Relax",com.calm.android,Health,5914a255-96d1-45a3-bb70-dbf7334a24e5,A Google user,5,,I love this!!!,0,6.97,2026-06-10T21:35:14,,
"Calm - Sleep, Meditate, Relax",com.calm.android,Health,7b186e26-8e58-4cb3-86dc-14683cfe81ed,Ron,1,,shouldn't need to create account just to listen,0,,2026-06-10T16:42:08,,
"Calm - Sleep, Meditate, Relax",com.calm.android,Health,4e623b56-fed8-4131-b88a-3b4677c70cc3,Gigi Short,2,,Expensive and there's too much to navigate thru that you have to purchase.,1,6.96.1,2026-06-10T08:10:12,,
"Calm - Sleep, Meditate, Relax",com.calm.android,Health,a39cc03d-2c41-4622-b544-b07e3ded33cc,MelanatednGifted,5,,try it youll love it 😀,0,6.96.1,2026-06-10T00:12:33,,
"Calm - Sleep, Meditate, Relax",com.calm.android,Health,494afcd3-a28b-4e06-bc84-2dcc95c45930,Brenda M Picard,5,,Calm creates mediation moments of self care 😀,0,6.97,2026-06-09T21:12:10,,
"Calm - Sleep, Meditate, Relax",com.calm.android,Health,bb5ba19d-4ac4-42ef-bf04-ef0892525e0c,Sean Miera,1,,"calms login request does not comply with Google, so I can't log in. I have been a long time subscriber, but if this is not fixed I will have to cancel.",1,6.96.1,2026-06-09T18:42:53,,
"Calm - Sleep, Meditate, Relax",com.calm.android,Health,13b4085a-be6e-44e0-bb8f-d0e7e28c38cd,Tony Doe,5,,great app,0,6.96.1,2026-06-09T11:15:35,,
"Calm - Sleep, Meditate, Relax",com.calm.android,Health,319069a8-aba0-4921-bd05-7d0652b80f95,ASHLEY PARROTT,1,,Known Subscription Trap! Stay away from this app.,0,6.97,2026-06-09T11:09:15,,
"Calm - Sleep, Meditate, Relax",com.calm.android,Health,7315b3df-dd69-4f6c-b4a6-c34d709acf35,Claudia Flores,5,,I love it,0,6.96.1,2026-06-09T08:49:03,,
"Calm - Sleep, Meditate, Relax",com.calm.android,Health,f106a928-2da7-4f4b-bbaf-518025c4e6f4,bemidji57,5,,very relaxing,0,6.96.1,2026-06-09T07:57:35,,
"Calm - Sleep, Meditate, Relax",com.calm.android,Health,f8482c6b-4faa-4a7f-81d7-b04a79ecf842,Tony Zhang,3,,The apps crashed a few times. There's some bugs and the tool features. And it's not calm,0,6.95-xr,2026-06-09T07:39:00,,
"Calm - Sleep, Meditate, Relax",com.calm.android,Health,0a03bdbd-7ebd-4b20-94e2-03d25c717109,kristinporter,1,,"It's really great, wish I could delve deeper, but it's way too expensive for me, I had to uninstall it 😪",0,,2026-06-09T04:28:58,,
"Calm - Sleep, Meditate, Relax",com.calm.android,Health,3657456e-1a52-4b1a-a48a-272ddc6ca305,Steve Buechler,4,,"nice, believable app which I use daily. Well organized in terms of providing calm stories, mental well being at high level and relief from health problems 👍",2,6.96.1,2026-06-09T04:27:32,,
"Calm - Sleep, Meditate, Relax",com.calm.android,Health,42c57a03-2fb5-4bff-b794-bb08dd6c965a,Shannon Reynolds,1,,it says free app then when you install it it says 79.99 a year. false advertising!!!!!!!,0,,2026-06-09T03:18:19,,
"Calm - Sleep, Meditate, Relax",com.calm.android,Health,7922b1a9-953e-4792-94ae-9934b118514b,Mia Broadbridge,5,,Had to just leave this review. Struggling to sleep and opened the app for a little sleep story and saw the terms of service one and thought surely not. But it was exactly what it said on the tin. Ended up laughing so much I was nearly crying. Whoever decided on that has a great sense of humour. I am more awake now but 10/10,0,,2026-06-09T03:01:15,,
"Calm - Sleep, Meditate, Relax",com.calm.android,Health,5f9678ec-1981-4fcd-9983-af5cb7144e21,Uwe Hauck,3,,does not sync with Google health nor health connect,0,6.96.1,2026-06-09T00:49:48,,
"Calm - Sleep, Meditate, Relax",com.calm.android,Health,ced63c96-9f65-4cd0-b39e-0d6a8468e552,Mansour Alansaari,5,,صوت السلام في كل قلب يعشق الهدوء,0,6.96.1,2026-06-09T00:00:41,,
"Calm - Sleep, Meditate, Relax",com.calm.android,Health,9eb2a731-0555-4d49-a6f5-4f6c51bdf9f5,Vanessa Kaili,5,,Calm is a very soothing app. I like the meditation and sleep sounds for stress relief. it helps reduce stress and improve sleep. The guided meditations are very calming and easy to follow.,1,,2026-06-08T19:53:13,,
"Calm - Sleep, Meditate, Relax",com.calm.android,Health,06790be4-5f07-4b69-8792-c507d239c15b,fiaalatokk,5,,"Calm is a wellness app that helps users relax, reduce stress, and improve sleep through meditation, breathing exercises, and calming sounds. It is easy to use and offers useful sleep and mindfulness content, but many features require a paid subscription. Overall, Calm is a helpful app for improving mental well-being and sleep quality.",0,,2026-06-08T14:59:44,,
"Calm - Sleep, Meditate, Relax",com.calm.android,Health,dec3f707-a753-49fb-86b0-7f8ce1490124,Stacey Vance,5,,it really works,0,6.96.1,2026-06-08T11:19:30,,
"Calm - Sleep, Meditate, Relax",com.calm.android,Health,51bdf1c5-412d-49d8-ab8a-79ac8716ffeb,Samantha kay,5,,I didn't realize this app went that deep... this has become apart of my daily routine,0,6.96.1,2026-06-08T10:36:19,,
"Calm - Sleep, Meditate, Relax",com.calm.android,Health,4e131f0b-fc2f-4449-9c2f-954b424d7fc1,Jonathan Wildwood,1,,"I couldn't even get past the screen where it checks if you're a human or a bot. I held my thumb there, would get the checkmark, it would show three dots blinking, then ask me to try again. That is some trashy code that should have been cleaned up, refined, and debugged before being released to the public. It's trash",3,6.96.1,2026-06-08T08:38:36,,
"Calm - Sleep, Meditate, Relax",com.calm.android,Health,1eb26350-9903-47af-8a76-27507563e216,alif roslan,5,,"Beautifully designed app that works wonders for anxiety and sleep. The guided meditations, sleep stories, and ambient soundscapes are incredibly high quality.",1,,2026-06-07T15:12:52,,
"Calm - Sleep, Meditate, Relax",com.calm.android,Health,b9e08ea9-358f-4232-b341-a13d73ff8b26,mrs garcia,5,,a staple for the overwhelmingly anxious person who can hear a single note that will put her into a full ptsd paralysis + does not normally know how to relax because of years worth of tension in their body,0,6.96.1,2026-06-07T14:58:51,,
"Calm - Sleep, Meditate, Relax",com.calm.android,Health,39de5486-61ee-43ae-ba02-e769c9c5dba6,Kristin Foster,2,,says free but have to pay after a week,0,6.96.1,2026-06-07T09:09:35,,
"Calm - Sleep, Meditate, Relax",com.calm.android,Health,eb906a28-c170-4c6a-b608-f322ca052913,Debbie Riddel,4,,Lots of choices!,0,6.96.1,2026-06-07T08:37:26,,
"Calm - Sleep, Meditate, Relax",com.calm.android,Health,36f37a8c-3a6a-4ca4-97fe-b2703d23dc44,Michelle B.,5,,"Just listening to the ""beginner's' vid started my day off better than when I woke up. I live with chronic pain and this is an amazing app that truly helped me this morning 🌄 I look forward to using it daily! Thank you for creating this app that can help everyone. Especially with these times and the issues all of us face every day 😔 Be blessed 💜",1,6.96.1,2026-06-06T17:47:05,,
"Calm - Sleep, Meditate, Relax",com.calm.android,Health,ed18a0af-3933-4ff6-881e-6cbdb301a806,Justin Wakefield,1,,"Fully paid subscription, lost access to my paid content. 2 pages of garbage before you can land in the app. Stopped being able to cast to speakers, all other apps still can...",3,6.96.1,2026-06-06T13:10:06,,
"Calm - Sleep, Meditate, Relax",com.calm.android,Health,918c6759-a4dc-4f61-95a0-e13a6290655e,Jennifer Houston,1,,too hard to navigate confusing stressful not for me,0,6.96.1,2026-06-06T08:44:33,,
"Calm - Sleep, Meditate, Relax",com.calm.android,Health,0802eba2-3a51-4c87-9ae9-6e7e32b13748,Cheri Bibber,4,,I did my first step! I really DO feel balanced and energized!,0,6.96.1,2026-06-06T00:34:30,,
"Calm - Sleep, Meditate, Relax",com.calm.android,Health,2626e7f5-5c3c-4e07-a523-cc4d8aac2bfe,Claire Wormley,1,,They are a disgrace. They have taken money from me even though I don't have my phone anymore and can't access it and there is absolutely no way to cancel it anywhere. I have searched for an hour for a way to cancel it and there is nothing and no way of contacting a human. It's illegal and disgraceful. The opposite of calm.,1,,2026-06-05T18:29:45,,
"Calm - Sleep, Meditate, Relax",com.calm.android,Health,15a500d5-3e0e-4c17-91ed-cc8d290a3497,Susan Quarles,5,,Exceptional way to begin the day! 🌞,0,6.96.1,2026-06-05T16:03:19,,
"Calm - Sleep, Meditate, Relax",com.calm.android,Health,a7dea034-331b-48fc-b87e-3f97ea34da7e,Malcolm Anderson,5,,great focus,0,6.96.1,2026-06-05T11:43:37,,
"Calm - Sleep, Meditate, Relax",com.calm.android,Health,b269f07a-bdd6-455d-989b-a7fc142fdedd,Tia Pirrie,1,,if it was actually free I would have kept it but I don't do trials I can't afford them,0,,2026-06-05T11:07:53,,
"Calm - Sleep, Meditate, Relax",com.calm.android,Health,c940eb53-159c-4bc3-aa54-0a638b30b20c,Cheerio Koppelman,5,,Very helpful. Highly recommend.,0,6.71,2026-06-05T10:17:55,,
"Calm - Sleep, Meditate, Relax",com.calm.android,Health,25ac8fd3-2dc3-4d56-b157-eeae71b65a2e,Justin Corter,5,,"Very calming, and soothing. Defiantly recommend this app for relaxing meditation techniques. Thank you very much Calm!",2,6.96.1,2026-06-04T10:54:38,,
"Calm - Sleep, Meditate, Relax",com.calm.android,Health,b42b5fab-03b4-4e69-998f-1c862f5f56ac,Joni,2,,I'm sure there are some good meditations here but in the free trial there are so many constant pop ups and reminders to pay money that it ruins the experience.,1,,2026-06-04T08:33:21,,
"Calm - Sleep, Meditate, Relax",com.calm.android,Health,55c3fb12-cbff-4c1f-a240-96e5258e174c,Meredith,5,,"Lots of options to help you calm down, sleep, or get advice.",0,6.96.1,2026-06-04T07:53:51,,
"Calm - Sleep, Meditate, Relax",com.calm.android,Health,aa2f1302-7512-4545-87dd-62eed0a7a78f,Alex,1,,"This was a great app, untill the prices just kept going up and up. Greed is disgusting. My friends and family will NOT be renewing unless your price comes down.",1,5.15,2026-06-04T07:04:40,,
"Calm - Sleep, Meditate, Relax",com.calm.android,Health,3ecad3d2-9819-41b1-a5eb-32c48ab6de21,Jeff,1,,can't get past the bot test. keeps saying try again. uninstalled.,0,,2026-06-04T03:32:40,,
"Calm - Sleep, Meditate, Relax",com.calm.android,Health,a8848f65-f2eb-4d78-9181-bc6274fa50ac,No one,1,,This app is a scam. You literally get nothing in the free tier. Literally nothing. So you can't even try the app before you purchase a subscription. Blatant false advertising.,3,6.96.1,2026-06-03T13:40:53,,
"Calm - Sleep, Meditate, Relax",com.calm.android,Health,69055171-a2b1-45a2-9889-f96dd60391d5,Lorrie Rail,5,,Fantastic tips for caring for gorgeous you..😍,0,6.96.1,2026-06-03T08:44:41,,
"Calm - Sleep, Meditate, Relax",com.calm.android,Health,ac7ade16-ab61-4078-82cc-0700937fe608,Jana Hayes,4,,"I got an ad on Instagram to do the quiz for the EMDR stuff which I'm really interested in. but I already have a subscription. I'm unsure how to loggin on the quiz to say I have a subscription and if it's possible to use the ""plan"" it made for me with my current sub? id really like to give it a try.",4,6.96.1,2026-06-03T00:42:04,,
"Calm - Sleep, Meditate, Relax",com.calm.android,Health,b59f71cd-6f7c-4a74-a518-8e83cd6a4626,A Google user,1,,Unwanted!,0,,2026-06-02T20:35:14,,
"Calm - Sleep, Meditate, Relax",com.calm.android,Health,fcea888e-a3bd-434c-a71e-0dc6d6e553ba,Jim Cushing,1,,Trial? canceled a few days after installing but was charged for a full year! Well within the trial period! Be careful.,1,6.96.1,2026-06-02T18:42:07,,
"Calm - Sleep, Meditate, Relax",com.calm.android,Health,a473a255-b2a9-40d2-ba3b-b97306ea92f8,Robert Ramos,5,,I readly thought it was great,0,6.96.1,2026-06-02T09:57:59,,
"Calm - Sleep, Meditate, Relax",com.calm.android,Health,bdc79164-a870-40b7-8514-4b506f4c2f86,Kathi Welshans,3,,"have premium, wont letvme sign in",1,6.96.1,2026-06-02T04:29:49,,
"Calm - Sleep, Meditate, Relax",com.calm.android,Health,20c98ba4-8ef5-460d-ab56-4faa5676666e,G Brin,3,,"for some reason this app always freezes when I open it. Also, I hate the background sound effects of the crickets and I can't find a way to turn that off. When I play a meditation that same sound effects will remain in the background, so I just close the app because it bothers me so much.",3,6.96.1,2026-06-01T20:11:27,,
"Calm - Sleep, Meditate, Relax",com.calm.android,Health,a4fbd5a5-b92a-433e-bab0-4b6e532fa9ca,jon craven,2,,when this app first came out I used to use it all the time but now it's more difficult you can't adjust like before with the rain sounds thunder adding or maybe you can fit a fee now so I uninstalled it....918,0,,2026-06-01T09:55:35,,
"Calm - Sleep, Meditate, Relax",com.calm.android,Health,d540a5d5-7c93-4875-978d-dc0d27225987,Mds Mds,5,,Jay Shetty is fabulous!,0,6.96.1,2026-06-01T00:41:52,,
"Calm - Sleep, Meditate, Relax",com.calm.android,Health,ded967b2-c678-4fc2-b3a3-d5dc0ea9347f,Lois Kraemer,5,,"Excellent tools gor helping you live a mindful, complete life.",1,6.96.1,2026-06-01T00:17:28,,
"Calm - Sleep, Meditate, Relax",com.calm.android,Health,27f40298-8d5a-40a3-a30e-8e2a95b4d068,Skylight D,5,,Just like it says. App induces calmness and thought producing serenity,1,,2026-05-31T20:44:42,,
"Calm - Sleep, Meditate, Relax",com.calm.android,Health,8762e32f-5c27-4b6f-889d-3de2ea43b6d0,brokenrabbitsfoot S.,5,,"The calm app has been on my phone for years! I predominately use it for sleep, but it's great for writing when you need a certain ambiance as well.",0,6.96.1,2026-05-31T16:46:46,,
"Calm - Sleep, Meditate, Relax",com.calm.android,Health,b57a9d0b-2be1-4dc0-93d6-4d715feb6e98,Rebecca Blenker,5,,"Calm has done as much for my mental health as months of intended therapy in healing the trauma from my past. That is no exaggeration. This app is worth every single penny they charge for it if you are looking for a tool to help you grow. Try the EMDR Playlist for sleep and you will see exactly what I'm talking about right there! Plus, the sleep stories are a fantastic way to gently fall asleep each night. Then, I start the day with ten minutes of meditation.",13,6.96.1,2026-05-31T15:44:21,,
"Calm - Sleep, Meditate, Relax",com.calm.android,Health,1ade224d-a114-4928-badd-2630a2162b08,Rachel Sandlin,5,,peace,0,6.96.1,2026-05-31T15:02:45,,
"Calm - Sleep, Meditate, Relax",com.calm.android,Health,65504c0e-9475-4136-9e16-d3bcde72179d,Robbie,5,,it's wonderful and unconsciously changes your life for the better I meditated every night for a week at 58 years old and just went back to school and got my high school diploma and I had my issues with school I would say nope no school for me never and I did it without hesitation,1,6.96.1,2026-05-31T14:33:29,,
"Calm - Sleep, Meditate, Relax",com.calm.android,Health,835b9795-d79e-4440-86ed-a66a71a6a289,Shane Cybowicz,1,,They take money without you authorising them to! They've basically stolen my money.,0,,2026-05-31T12:16:39,,
"Calm - Sleep, Meditate, Relax",com.calm.android,Health,55e2b1d8-7fd8-44b2-99bf-5153e44cedbf,Falah,5,,"A Sanctuary for the Mind. An exceptionally designed health app that truly delivers peace of mind. The sleep stories narrated by celebrities, daily meditation guides, and relaxing soundscapes are incredibly effective at lowering stress and improving sleep quality.",1,,2026-05-31T09:21:43,,
"Calm - Sleep, Meditate, Relax",com.calm.android,Health,e710a18c-bead-4b5c-a08d-8aa47fb0633e,Upasaka Nyanasami,4,,timer keeps freezing at the same time 19:58,0,6.96.1,2026-05-31T05:35:35,,
"Calm - Sleep, Meditate, Relax",com.calm.android,Health,746a2c72-b8bd-41ff-9c4c-353a303f050c,Md Salim Sarkar,5,,nice apps,1,,2026-05-30T23:03:45,,
"Calm - Sleep, Meditate, Relax",com.calm.android,Health,bce93db1-140a-4fe1-902e-fa9273656d5e,Richard Harmer,5,,helps my girlfriend sleep better,0,,2026-05-30T22:28:12,,
"Calm - Sleep, Meditate, Relax",com.calm.android,Health,3d65d24d-fce6-4e05-a53e-a71fab963e49,FREEDOM_IS_NEVER_FREE,1,,IT'S A PAID APP SO BEWARE AND IT'S NOT THAT GREAT TOO MANY OTHERS ARE BETTER AND CHEAPER,1,,2026-05-30T22:23:52,,
"Calm - Sleep, Meditate, Relax",com.calm.android,Health,a8b00122-a49f-4686-9b83-ccbb71b19425,Dhruv Khanna,5,,An essential app that everybody should have!,0,6.96.1,2026-05-30T20:47:47,,
"Calm - Sleep, Meditate, Relax",com.calm.android,Health,5392119d-b0b0-419d-9862-2efdc984e338,Shelley Lewis,1,,"I hate that when I try to open this app to calm my child when I'm totally exhausted it just freezes on a blue screen for infinity saying 'take a deep breath', or some such infuriating nonsense. I can't describe how much I hate this feature. Regret getting a yearly membership.",1,6.96.1,2026-05-30T16:25:49,,
"Calm - Sleep, Meditate, Relax",com.calm.android,Health,f5ba0aac-e766-4b06-8254-f694a75294ef,Paul Morley,1,,"Requires that you make an account to use it, so uninstalled straight away.",1,6.96.1,2026-05-30T15:08:28,,
"Calm - Sleep, Meditate, Relax",com.calm.android,Health,ca097e51-8af6-47b5-aaf6-b4ce499e3503,Lanisha Mitchell,5,,Love this App❣️,0,6.96.1,2026-05-30T10:29:10,,
"Calm - Sleep, Meditate, Relax",com.calm.android,Health,7a3f32c1-faf2-4508-96b3-9e726e1ec2f1,Eunice Clark,5,,awesome thank you 😄,0,6.96.1,2026-05-30T09:50:32,,
"Calm - Sleep, Meditate, Relax",com.calm.android,Health,02acc018-97e6-4127-9d8c-fbddd93f40e7,Wendi,3,,uses a lot of battery life otherwise I love it!,1,,2026-05-30T03:29:16,,
"Calm - Sleep, Meditate, Relax",com.calm.android,Health,04bc3560-0ded-4896-a1e9-4c96cda853bf,Bee Hill,1,,This is a lie. About app says one can use the app for free but some things are paid use only. I found nothing here I could use without giving my payment info first.,2,,2026-05-29T14:26:59,,
"Calm - Sleep, Meditate, Relax",com.calm.android,Health,cdba2efa-aae0-475d-bcbe-d576f3d8fe11,Christopher Hughes,5,,"Very good. You can access premium for free by doing a code, which makes them lose money, but even without premium it is a very good app for meditation. Just wish it had yoga or stretching more in the app, rather than a 7 min stretch once a day, I find it a bit too easy! Overall, a lovely app helping me to fall asleep quickly.",6,6.96,2026-05-29T13:08:52,,
"Calm - Sleep, Meditate, Relax",com.calm.android,Health,ce41a9d0-1c0a-4ed4-894d-b734da838b4d,Ashen Jayakodi,5,,"This app is an absolute lifesaver when I need to decompress. When I'm up late debugging Python scripts or working on 3D particle systems for my FOC projects, my brain has a hard time winding down. The 'Sleep Stories' and nature soundscapes help me disconnect and fall asleep way faster than usual. The 'Breathe Bubble' is also great for quick 60-second breaks between coding sessions. Highly recommend it.",0,,2026-05-29T07:53:20,,
"Calm - Sleep, Meditate, Relax",com.calm.android,Health,a8ce5f16-5b26-4c7c-9a9e-020c8080936c,Jim Clendenen,1,,couldn't get pass the robot catcher process. not very calming. lol,1,,2026-05-29T03:18:39,,
"Calm - Sleep, Meditate, Relax",com.calm.android,Health,9115a585-7128-4b18-b89a-d96a45acdfa6,Liam McPherson,1,,Not free,1,6.96,2026-05-29T00:34:59,,
"Calm - Sleep, Meditate, Relax",com.calm.android,Health,c2c87857-979e-4f19-a0d8-4bc024056c17,Elizabeth Ong,5,,Offers peaceful music and quick guided meditation that are grounding and help me to connect with my body.,1,6.96,2026-05-28T23:49:02,,
"Calm - Sleep, Meditate, Relax",com.calm.android,Health,6d517cc8-7705-4338-8dbe-e7f10f01704b,ahnaf shahriar,5,,Feeling better after using the app,0,,2026-05-28T21:09:52,,
"Calm - Sleep, Meditate, Relax",com.calm.android,Health,75d78d1a-c658-45c5-839c-a014ed5562eb,Kris Tin,1,,there is nothing free to use in this app. only a free trial. it's like to at least try some free ones for a while before I decide to pay for a service. nothing calm about trying to figure out how to test it without a free trial I'll forget to cancel and give me more anxiety than I already have.,3,6.96,2026-05-28T11:07:14,,
"Calm - Sleep, Meditate, Relax",com.calm.android,Health,1e6f3325-9648-4fae-af45-bd70828a78cf,Karyn Breiner,1,,nothing is free and I don't have money to buy something I can't try before investing with credit card,2,,2026-05-28T00:13:35,,
"Calm - Sleep, Meditate, Relax",com.calm.android,Health,07edc21a-2e3a-44fc-80be-6996370bdfea,C Sullivan,3,,I can't use some of the apps features without having to go through a paywall to use them.,1,6.96,2026-05-27T21:07:48,,
"Calm - Sleep, Meditate, Relax",com.calm.android,Health,e1a490bf-e8e5-4e2f-b64e-972f1c7a52d4,James “Mcnn” McNabb,2,,terrible,1,6.96,2026-05-27T16:17:16,,
"Calm - Sleep, Meditate, Relax",com.calm.android,Health,1af784e8-9238-4d02-bf94-cc9a808224cd,Keven Martin,1,,"I am canceling the monthly subscription I just bought yesterday because I open the app, and it redirects me to get website after the take a deep breath loading screen. and it opens in the edge browser that isn't my default browser. fix it I wasted my money.",2,6.96,2026-05-27T05:44:14,,
"Calm - Sleep, Meditate, Relax",com.calm.android,Health,4511fdbc-d34e-4302-b4e3-e349fa788eb4,Beth C,1,,"Disappointed - false advertising. The ads running on FB and Instagram imply that they will give a specific plan, as opposed to what you actually get, which is a couple of binaural tracks and then a bunch of celebrity sleep podcast experiences. I've asked for my money back and received no reply.",4,6.96,2026-05-27T03:09:36,,
"Calm - Sleep, Meditate, Relax",com.calm.android,Health,6b7b5e63-c232-4fa1-9477-4b8a8e6b5ef2,Angela Glae,5,,"Great app, with many options. Very good quality meditations.",0,6.96,2026-05-26T23:01:40,,
"Calm - Sleep, Meditate, Relax",com.calm.android,Health,ce83f796-d00f-4c27-a696-bd1262e8e4ca,Stephanie M,2,,Not worth it as it didn't have the things advertised on it's ads and the offer for free days is a lie. It still charges you.,2,,2026-05-26T16:58:21,,
"Calm - Sleep, Meditate, Relax",com.calm.android,Health,0255bddc-41ca-4315-976c-23f1a070e43b,Samm Poseno,1,,I'm not paying a subscription fee just to hear sleep sounds Alexa usually plays. Forget that!,3,6.95,2026-05-26T12:20:46,,
"Calm - Sleep, Meditate, Relax",com.calm.android,Health,af5a02e8-27e9-4e72-b4e8-4f82c476ebc9,Milan,1,,very bad experience. I was on a trial period. tried to cancel it before trail period is over but app didn't allow. finally they took yearly charge. my biggest question is why did app show I am not eligible for cancellation even before seven days of trail period?? #scammers,2,,2026-05-26T10:25:57,,
"Calm - Sleep, Meditate, Relax",com.calm.android,Health,2f6fa4da-b63b-402f-b5a0-aaeddc78dea2,Ketry Miller,5,,best app,0,6.95,2026-05-26T10:16:39,,
"Calm - Sleep, Meditate, Relax",com.calm.android,Health,9be44afe-2978-4fe8-a318-23722b9d03e7,Linda Marshall,1,,I just want an alarm for 2am medication,1,,2026-05-26T00:05:04,,
"Calm - Sleep, Meditate, Relax",com.calm.android,Health,0e39c877-8b78-49f9-97db-e1406a30165d,Rachel Tobiasz Weiss,5,,The Hummingbird is the first time something clicked.,0,6.95,2026-05-25T19:44:53,,
"Calm - Sleep, Meditate, Relax",com.calm.android,Health,84a02111-169d-4e1f-8bd4-7a0fb23878c8,Angela Taylor,1,,im on a trial period and they took out money immediately from my bank. Trying to get refunded but you have to dig and dig for the option and even then they make it hard. I hate scammers,3,6.95,2026-05-25T17:46:53,,
"Calm - Sleep, Meditate, Relax",com.calm.android,Health,50e723bf-12ed-456e-af29-ac0943480f53,Joanne Lampron,5,,best purchase I ever made. love it at night put a story on and relax.,1,6.95,2026-05-25T16:59:02,,
"Calm - Sleep, Meditate, Relax",com.calm.android,Health,ed710b40-1af3-4f80-acdb-780655b5b178,Tim Orth (Timmy),5,,Excellent App so far! More LeBron James please!,0,6.95,2026-05-25T10:09:24,,
"Calm - Sleep, Meditate, Relax",com.calm.android,Health,79f38045-26d7-4295-913d-5e22da887852,Lauren Fox-Hall,5,,easy to use and my favorite sleep sounds app,1,6.95,2026-05-25T01:15:27,,
"Calm - Sleep, Meditate, Relax",com.calm.android,Health,b3d60871-35cc-40f1-a345-538a75c0a386,Dawn MM,5,,Daily Trip with Jeff is mindfulness meditation that has helped me immensely in my daily life.,1,6.95,2026-05-24T18:07:42,,
"Calm - Sleep, Meditate, Relax",com.calm.android,Health,da9b7494-8ec9-4550-8f05-dc8bef87ae5c,Michelle O'Sullivan,2,,I have used this app since 2020. Was great. Now it keeps stalling with he three dots just searching. Have uninstalled and reinstalled but it keeps happening. Will delete when subscription up and stick with Headspace as better if you want a paid app.,1,6.96,2026-05-24T03:46:25,,
"Calm - Sleep, Meditate, Relax",com.calm.android,Health,f9c72bb4-1200-41f0-b156-2d4c2183a00a,Atticus Hein,3,,sadly you have to pay to access most of the calm category,0,6.95,2026-05-24T02:47:05,,
"Calm - Sleep, Meditate, Relax",com.calm.android,Health,f2eaf8e0-e0ac-4138-9def-4dcc64fdbdb9,Clinton Reed,5,,"Great as an aid to spirituality but also as an exercise in awareness, which impacts overall health by stimulating the parasympathetic nervous system.",1,6.95,2026-05-24T02:04:00,,
"Calm - Sleep, Meditate, Relax",com.calm.android,Health,a7287844-d006-499d-8583-bde142b41881,Nancy Deal,5,,superb... just what it should be,0,,2026-05-23T13:30:15,,
"Calm - Sleep, Meditate, Relax",com.calm.android,Health,ff763aab-dd29-40c1-bc99-ee3d1d9942aa,Johnathan White,5,,Excellent App,0,,2026-05-23T05:02:10,,
"Calm - Sleep, Meditate, Relax",com.calm.android,Health,379f29dc-fee0-4ecb-9a30-f8f2b04cfc32,Richard Denney,1,,couldn't even get by the barrage of like me like me like me. uninstalled,0,,2026-05-22T22:15:14,,
"Calm - Sleep, Meditate, Relax",com.calm.android,Health,c5d9fee4-92aa-46f8-a4ba-f73a21e6ff65,Lamont Crane,5,,Very good App,0,6.95,2026-05-22T10:01:20,,
"Calm - Sleep, Meditate, Relax",com.calm.android,Health,890ff9a3-19ef-466f-bf87-4d566339ec3b,Alicia Wentz,1,,nothing new ever very boring not worth it,1,6.95,2026-05-22T08:45:55,,
"Calm - Sleep, Meditate, Relax",com.calm.android,Health,51493dd4-694b-45c8-b2be-bbe8920fb1d8,Sharon Sheppard,5,,Easy to use and the featured sounds are very relaxing.,2,6.95,2026-05-22T07:52:27,,
"Calm - Sleep, Meditate, Relax",com.calm.android,Health,02e382df-fc70-47d5-9e2c-2da6f208e6b3,Judith Reyes,5,,It was quick and made me feel good!!,0,6.95,2026-05-22T03:47:21,,
"Calm - Sleep, Meditate, Relax",com.calm.android,Health,d6891b94-a20d-4836-93fe-ae6bedefe2b5,Gene Silver,5,,kinda self evaluation that helps one think about ones feelings,0,6.95,2026-05-22T02:38:34,,
"Calm - Sleep, Meditate, Relax",com.calm.android,Health,91949f32-50af-40fd-bbac-a7029e11bed4,amanda see,5,,Jeff Warren's 30 day begginers guide of how to meditate and Daily Trips have changed my perspective and bettered my life.,1,6.95,2026-05-22T02:14:43,,
"Calm - Sleep, Meditate, Relax",com.calm.android,Health,c5a8033b-2c1c-4614-a9e0-172a009a69c1,Kyle Mccullough,5,,I have no nightmares now,0,6.95,2026-05-21T08:37:47,,
"Calm - Sleep, Meditate, Relax",com.calm.android,Health,7a13a3d2-1524-4fd7-90c3-471d19c5e7d5,Ruth Bergh,1,,There are almost no options in this app that are free anymore. An 'SOS for anxiety' meditation being blocked behind a paywall tells you everything you need to know about the ethical standing of this company. I'm so disappointed in the changes I've seen in recent years for this app.,2,,2026-05-21T04:10:25,,
"Calm - Sleep, Meditate, Relax",com.calm.android,Health,700a1453-f743-4b57-808a-828de596e719,Laura Bagwell,3,,asmr in you tube better to get you to sleep fast,1,6.74,2026-05-21T01:49:03,,
"Calm - Sleep, Meditate, Relax",com.calm.android,Health,eb701588-0eb3-4698-a112-43c7110530a0,Andy Wendt,5,,I use this app almost every day and have done so for years. It's part of my daily routine.,1,6.95,2026-05-20T15:44:17,,
"Calm - Sleep, Meditate, Relax",com.calm.android,Health,f7c6b5ae-471a-4357-aa75-80efe8c31cfc,P S,1,,"The app is completely broken. no content loads at all and there's an error that says the content is unavailable, but unfortunately it's for EVERYTHING. I tried reinstalling and there's an endless loop that takes me to the login over and over, wanting me to sign in. I guess I'll have to deal with emailing them now to try to get a refund. Don't bother.",11,,2026-05-20T14:10:44,,
"Calm - Sleep, Meditate, Relax",com.calm.android,Health,87df1808-b11c-4380-a193-243a646cc4d3,Cheys Little,1,,why so slow,0,6.95,2026-05-20T11:06:37,,
"Calm - Sleep, Meditate, Relax",com.calm.android,Health,b2471dfd-e859-41b6-bc18-0fdc01cfb97b,Carnivore Queen,1,,App doesn't work on my phone,2,6.95,2026-05-20T09:49:17,,
"Calm - Sleep, Meditate, Relax",com.calm.android,Health,9623b4b0-496e-46ec-b975-3e28b8bc82a7,Daniel Costelloe,1,,"Had to change my password, now I can't log back into the app!! Plus there is no support mechanism in the app for support help!!",2,6.95,2026-05-20T05:09:27,,
"Calm - Sleep, Meditate, Relax",com.calm.android,Health,e7b83825-a435-4598-bcfd-e9147363e15d,Gorman Gorman,1,,please be careful with this app I deleted because I did not use...... and there a hidden recurring subscription...... now they won't refund me even though I don't use the app .... be warned,2,,2026-05-19T23:24:45,,
"Calm - Sleep, Meditate, Relax",com.calm.android,Health,4fcce3c0-1c31-4842-9d48-1fb14618a6ef,NJRD,3,,"Getting frustrated with latency. the app (premium paid version) is great when it connects and works but it has become very noticeable over the last few months how often sleep stories sit on three dots trying to upload (I am on a measured 260mbps connection). If you are not prepared to upscale capacity to make it a stress free experience, I will be cancelling my renewal when it is due. Score will drop the longer this continues",2,6.95,2026-05-19T04:12:30,,
"Calm - Sleep, Meditate, Relax",com.calm.android,Health,e6694467-e376-4f68-be02-b5f26357dd8d,Andrea Brooks,1,,poor selection. not helpful at all. I tried to cancel for a refund but there is no option to do so,1,6.95,2026-05-19T01:49:43,,
"Calm - Sleep, Meditate, Relax",com.calm.android,Health,f67bf7bd-2c6e-44ce-837c-ad5029aee634,Hollie Gonzalez,1,,"I find it very sad that you are only able to provide less than 10% free content. even though you are a well-being based area, you have to understand that certain people cannot pay for your services. so you need to open up more free services as you used to do during covid. I will not pay for your services",0,,2026-05-18T23:07:42,,
"Calm - Sleep, Meditate, Relax",com.calm.android,Health,6029defe-9b3f-40c8-abc2-1937a539a642,Arita Rias,1,,They charged me for this and i never authorized or subscribed. I want a refund because I sleep good. I don't neep help going to sleep and i don't have anxiety issues. I give 0 stars because i know nothing at all about this app. They just took my money!,4,6.95,2026-05-18T22:12:22,,
"Calm - Sleep, Meditate, Relax",com.calm.android,Health,0a97457a-c86b-4607-a490-7216b72906fc,Illusionati,5,,"This has been a tremendously useful tool to help me out of a 6 month long panic loop. My fight or flight response has been stuck wide open, and my nervous system is wrecked. With the help of this app, I am slowly regaining my life back. I honestly can't say words to express my gratitude.",1,6.95,2026-05-18T21:52:37,,
"Calm - Sleep, Meditate, Relax",com.calm.android,Health,c373d0c7-1a2c-4b63-9065-b539ecf3d6ed,NAKUL KUMAR,5,,quite good for visualization and background music,1,6.95,2026-05-18T11:09:30,,
"Calm - Sleep, Meditate, Relax",com.calm.android,Health,786a4e79-167b-462f-a8d2-64770646aafa,Gwendolyn Filipski,5,,"High-quality soundscapes, wise tidbits of thought, and useful tools for sleep and wake. This is invaluable for anyone trying to keep their calm in a chaotic world.",1,6.95,2026-05-18T04:00:53,,
"Calm - Sleep, Meditate, Relax",com.calm.android,Health,431ef1fc-571b-4d7c-b153-298aea4f823a,Pauline Mould,4,,excellent but too expensive,2,6.94,2026-05-17T19:09:26,,
"Calm - Sleep, Meditate, Relax",com.calm.android,Health,af25d294-b3b8-4d2b-a38d-6245b09fe986,Yucel Yalim,1,,no free version found. read the reviews... not calming. uninstall.,1,,2026-05-17T19:01:29,,
"Calm - Sleep, Meditate, Relax",com.calm.android,Health,74d1fa5a-d16b-4ae9-b695-7a876ccf49bd,Timothy Wilson,1,,unable to stop auto renewal through the Website,1,6.95,2026-05-17T17:02:38,,
"Calm - Sleep, Meditate, Relax",com.calm.android,Health,3bad526f-438b-451b-b130-aa740bf68719,Lisa Waldron,5,,this calm app is changing my life,0,6.95,2026-05-17T13:21:56,,
"Calm - Sleep, Meditate, Relax",com.calm.android,Health,615bf1c0-27a7-4bd1-9c1a-bcbe95eb773c,Simon Chang,1,,The watch version of the daily calm may sound very good in theory but in reality the app is very unresponsive and freezes every minute and when you restart it freeze at the same point. Very disappointing because many other people have reviewed the same thing and it hasn't got fixed. Was very excited for this app but now very disappointed,5,5.15,2026-05-17T08:41:36,,
"Calm - Sleep, Meditate, Relax",com.calm.android,Health,2d1c50dc-93e8-497a-91ff-5dcf0ea43bcf,Kayla K,1,,really nothing to do on the app is free it requires a subscription to use any of the features,2,,2026-05-16T23:01:50,,
"Calm - Sleep, Meditate, Relax",com.calm.android,Health,327f5cb7-ac36-41a4-b4c0-3f9343ec26b4,Veil Gray,1,,"Received a gift sub from a friend. After deciding it's not for me, I cancelled on 2nd May (even checked Google subs) and got an email confirming this. On 13th May I get charged $79.99 USD. Turns out they bypassed all that and charged me through Paypal instead. Cust.sup. was great & they issued me a refund, but due to conversions I still got charged £2.76. 1 star, bc cancelling a sub should not be this difficult, nor should I be on guard if I'll be charged anyway. It's just not good practice.",3,6.92,2026-05-16T18:45:28,,
"Calm - Sleep, Meditate, Relax",com.calm.android,Health,3b079c29-c93d-4eee-b2d2-cc67509be247,Xavier Martinez,1,,it's sad that this whole app is basically a premium service,1,6.95,2026-05-16T08:24:37,,
"Calm - Sleep, Meditate, Relax",com.calm.android,Health,d44dbef1-fb24-4ddc-bab2-ec1b6ca31782,Rodney Lashane Williams,5,,excellent when I sit still and feel the water flow calming me down,1,6.95,2026-05-15T23:20:58,,
"Calm - Sleep, Meditate, Relax",com.calm.android,Health,de46672d-fe4e-4995-82a2-f98f1247a894,Elizabeth Sylvester,1,,Everything is locked behind an expensive subscription. There's only a few clips that are unlocked. Useless.,3,6.95,2026-05-15T12:32:40,,
"Calm - Sleep, Meditate, Relax",com.calm.android,Health,d1abc42a-38bc-446f-830c-62e85ccb2056,Joshua Kazlaskas,1,,paywall alert,1,6.95,2026-05-15T12:00:28,,
"Calm - Sleep, Meditate, Relax",com.calm.android,Health,3101f8e9-e5a5-45ce-a658-b758fe98f90a,Madelyn,3,,You can't continue without a subscription.,1,6.95,2026-05-15T06:12:57,,
"Calm - Sleep, Meditate, Relax",com.calm.android,Health,d71d4b10-d634-442c-9365-2da8ce6342ae,MJ DC,5,,excellent,0,6.95,2026-05-15T00:34:34,,
"Calm - Sleep, Meditate, Relax",com.calm.android,Health,4a5fe4e0-f15f-4475-b2d9-d67aa01bbbe0,Mary Cannon,5,,I go to Calm almost daily. I feel more relaxed and face the day with a different point of view.,0,6.95,2026-05-14T23:26:45,,
"Calm - Sleep, Meditate, Relax",com.calm.android,Health,b66e7a7b-0ede-44b3-85c6-602a4ad2ffa9,Kristine Oie Tibbits,5,,The sleep stories work every time!,1,6.95,2026-05-14T21:34:24,,
"Calm - Sleep, Meditate, Relax",com.calm.android,Health,9fd64f29-84f2-49f2-9172-02cfff8c7f41,Pola Gershon,1,,"You are generating really bad daily calm with ai, the sound is robotic I really loved the daily calm, but i can't concentrate anymore, every second word pulls you oyt Please check the meditation sound before releasing to the world",3,6.94,2026-05-14T13:49:09,,
"Calm - Sleep, Meditate, Relax",com.calm.android,Health,7594809e-f65f-4379-a8c4-ace6bc6939dc,Ava Diaz,1,,Waste of time. Cannot use with ear buds.,0,,2026-05-14T09:58:16,,
"Calm - Sleep, Meditate, Relax",com.calm.android,Health,28b05c9c-b567-4064-a6fd-1888ae284d64,Gabi Giraud,1,,"thanks you guys you saved me a lot of time energy and hassle ( funny how that a company named ""calm"" does anything but)",0,6.74,2026-05-14T08:41:21,,
"Calm - Sleep, Meditate, Relax",com.calm.android,Health,dcf28f2c-d909-40ad-8904-e47d5753af32,Pedro Garcia,5,,looking forward to new tools for mental health and clarity 💪,2,6.94,2026-05-13T23:12:50,,
"Calm - Sleep, Meditate, Relax",com.calm.android,Health,ed6ee0ae-772b-460b-80bb-0b03073f1b9b,Joseph H (Roy Lunar),1,,need a subscription to do anything at all,2,,2026-05-13T20:12:01,,
"Calm - Sleep, Meditate, Relax",com.calm.android,Health,2fb15931-1c3f-40db-a4f9-15d6987bc4ac,Emily B,1,,only subscription,0,,2026-05-13T16:31:42,,
"Calm - Sleep, Meditate, Relax",com.calm.android,Health,7aeda0ea-e688-482a-8203-2d4902bb8b80,Penny-Lee Lehualani Oshiro,5,,💕 Love the sounds.,0,6.94,2026-05-13T13:30:20,,
"Calm - Sleep, Meditate, Relax",com.calm.android,Health,e9134088-5c05-44d7-b1e5-c465e3c52962,Emma Walsh,3,,Could put age ranges on kids' stories to save tired parents time hunting for appropriate ones. grown stuff is great.,1,6.95,2026-05-13T01:41:14,,
"Calm - Sleep, Meditate, Relax",com.calm.android,Health,67390806-91b1-4a94-b047-2cbf47c62562,Aml Abdo,1,,"every music that used to be free is now not free and this app wants me to pay JUST FOR listening to the music? this so unfair and this app is greedy-money , if I open it tomorrow nothing will be free, this app is the worst app ever , I used to hear alot of music for free now there only few tracks counted on fingers are available and free , and tomorrow there will be no track for free, this is NON SENSE and UNFAIR",1,6.94,2026-05-12T21:25:32,,
"Calm - Sleep, Meditate, Relax",com.calm.android,Health,4af61cb5-25f2-47ad-b18e-eb1cfb06998a,Jamie Baier,5,,I have never meditated before and this taught me a simple way how in a short time. very good 😊.,1,6.95,2026-05-12T21:17:54,,
"Calm - Sleep, Meditate, Relax",com.calm.android,Health,f08180f1-f34e-43ea-a138-17fac2923f7e,Fred Wiggins,3,,"your first shoot to breath is way to long, should be short period of time should be able to adjust it, do you understand...",0,6.95,2026-05-12T16:23:11,,
"Calm - Sleep, Meditate, Relax",com.calm.android,Health,6a46e198-22c9-4b40-85a3-aea67f33eb1e,Ian McDonald,1,,I can't prove I'm a human and not a robot. unable to even create an account as a result.,0,6.94,2026-05-12T03:14:58,,
"Calm - Sleep, Meditate, Relax",com.calm.android,Health,6b707c3a-4614-4a7f-bfeb-aa5f6583869a,cherry,5,,"Absolutely wonderful app!! I've had this life changing app since I started grad school and I would definitely recommend it to anyone that wants to have a more, calm, peaceful life overall. The app teaches you to show down and breathe. Truly Amazing!! 🤩",5,6.95,2026-05-12T02:16:53,,
"Calm - Sleep, Meditate, Relax",com.calm.android,Health,0642e5ed-44f3-4976-9b7a-42e77d0451ce,Tustin Amole,1,,Couldn't sign in after many tries. Canceled subscription.,1,6.94,2026-05-11T22:24:18,,
"Calm - Sleep, Meditate, Relax",com.calm.android,Health,2d0046e7-069a-43cd-8afc-df935bdb12e4,Lynn Gleason,5,,"My doctor told me about this app, and I grudgingly decided to give it a try. What a surprise!! I'm sleeping better than I ever have, and waking up ready for the day. Thank you!!",0,6.85,2026-05-11T21:04:53,,
"Calm - Sleep, Meditate, Relax",com.calm.android,Health,a1c2665e-607a-4505-97cd-65e060dcb3dc,Renee H,5,,I have never slept so well. This app is money well spent. I listen to the stories every night to fall asleep. I no longer wake in the middle of the night and feel more rested in the mornings.,0,6.94,2026-05-11T19:35:44,,
"Calm - Sleep, Meditate, Relax",com.calm.android,Health,aefa2cca-842a-4ead-8dc6-aa958b5a9168,R Cooper,5,,"Many years ago I paid for lifetime membership. it's worth it! H/O, I wish the sleep playlists would be updated.",0,6.94,2026-05-11T17:06:03,,
"Calm - Sleep, Meditate, Relax",com.calm.android,Health,c81a51aa-990d-4215-8258-8caa8fb7ed12,Diego Pulgarín,1,,"It's a paid app, and the prices seem a bit high considering there are free options like Spotify podcasts or YouTube playlists. I'm not sure if it's really worth it, and you have to subscribe to get the 7-day trial. Next!",7,6.94,2026-05-11T05:40:07,,
"Calm - Sleep, Meditate, Relax",com.calm.android,Health,03fd72df-58b1-4d8d-a283-82d9a3886f50,Marianne Binion,5,,Nice easy relaxing. update: I'm trying to figure why the app keeps cutting out when I listen to it. This only happens in the evening with wifi and downloaded content. How can I solve this problem 🤔 😕,0,6.94,2026-05-11T04:27:05,,
"Calm - Sleep, Meditate, Relax",com.calm.android,Health,496d3615-ea37-46b0-a17d-c8ca957d6b26,M D,5,,I have found Calm a pleasant way to begin meditating!,2,6.94,2026-05-10T17:58:28,,
"Calm - Sleep, Meditate, Relax",com.calm.android,Health,5bb58db4-b135-4eee-b775-bae3f823b14e,Aysa L. Anzaldua,1,,too many adds,0,,2026-05-10T08:47:28,,
"Calm - Sleep, Meditate, Relax",com.calm.android,Health,54557469-b23c-441d-a4e1-162d425c79d9,Bryant Baker,5,,greatest,0,,2026-05-10T07:36:57,,
"Calm - Sleep, Meditate, Relax",com.calm.android,Health,ddc10346-c938-40ff-b92b-a235f55c4f0c,Tadiwa Makopa,4,,great sounds,0,6.94,2026-05-10T04:04:19,,
"Calm - Sleep, Meditate, Relax",com.calm.android,Health,32041444-0bf3-439f-92e1-c3fdfa658eff,Duku Wentrup,5,,Great but a bit expensive if you ask me,0,6.94,2026-05-09T23:34:11,,
"Calm - Sleep, Meditate, Relax",com.calm.android,Health,d5da3c43-5a47-43df-8dec-ff3fb3099b54,Brian Bowser,2,,don't work yet like I thought it would,0,,2026-05-09T20:24:28,,
"Calm - Sleep, Meditate, Relax",com.calm.android,Health,a5636f7f-ad87-4f0b-a9ba-48b059a078b5,Jennifer Morgan,5,,ok cool,0,6.94,2026-05-09T19:46:54,,
"Calm - Sleep, Meditate, Relax",com.calm.android,Health,172b23da-0850-489f-a2f2-a08ca828ae08,mare and filly herd,5,,best sleep with this app,0,6.94,2026-05-09T13:20:53,,
"Calm - Sleep, Meditate, Relax",com.calm.android,Health,aea301bc-22d1-417f-9a2b-1835dd280960,John Adelman,2,,don't understand,0,6.93,2026-05-08T20:06:58,,
"Calm - Sleep, Meditate, Relax",com.calm.android,Health,da351a8e-45aa-426e-a28a-0672e6c00770,Tanya Kloeffler,3,,edit since getting New Google Pixel 10 I've had nothing but issues with the sound on the app. sounds like the audio is stuttering which makes it hard to meditate. have uninstalled and reinstalled with no luck. disappointed ☹️ Love all the different types of meditations. It's nice to have a variety of choices. I can do whatever I'm feeling at the time and it really helps me with my anxiety,1,6.94,2026-05-08T09:31:12,,
"Calm - Sleep, Meditate, Relax",com.calm.android,Health,6f94515a-89de-4dd0-9784-aa01c17a889b,Emily Pablo Aguirre,5,,the best thing in the world,0,6.94,2026-05-08T07:06:26,,
"Calm - Sleep, Meditate, Relax",com.calm.android,Health,52d5ad9c-ffeb-4c13-a70f-15e4910495ee,Christine Brett,5,,"love this app, the sleep stories, meditations and daily movement sessions are brilliant for maintaining mental wellbeing",9,6.94,2026-05-07T21:08:24,,
"Calm - Sleep, Meditate, Relax",com.calm.android,Health,298b582b-b41f-4aec-8b1d-a5ade1dbfd66,Jason Medeiros,5,,Absolutely Dope Trust🫂,0,6.92,2026-05-07T04:26:13,,
"Calm - Sleep, Meditate, Relax",com.calm.android,Health,371b042a-4e7d-48c0-8496-9880ac2f6036,Kathleen Florkey,5,,"caused calmness,aided in sleep,and allowed me to meditate",1,6.94,2026-05-06T22:39:39,,
"Calm - Sleep, Meditate, Relax",com.calm.android,Health,2346b4d6-b396-47ff-9ee4-e616cf9a7108,Jo Lambson,3,,"Constantly stops during stories and meditations. I loved this app to begin with, but the glitches just get more and more frustrating. Might not renew next year... things got better but now it's saying content isn't available.",2,6.94,2026-05-06T11:46:36,,
"Calm - Sleep, Meditate, Relax",com.calm.android,Health,55d99e5b-5de8-4dbc-8acc-ce12eeb8e073,Tina,2,,I'd give it 5 stars but you have to pay for damn near everything and then if you listen to a certain sound after so many times they lock it and you have to pay for it they should have FREE sounds where you can listen to it as many times as you want,7,6.94,2026-05-06T06:51:01,,
"Calm - Sleep, Meditate, Relax",com.calm.android,Health,3a8c8a19-15b0-4a6e-8cae-c02571889e54,Mark J,1,,can't do anything without paying $200 a year lol garbage,1,6.94,2026-05-06T05:15:58,,
"Calm - Sleep, Meditate, Relax",com.calm.android,Health,88a157b0-8770-43f0-97fd-9c9ed0d53e15,L G,2,,"Hardly anything available for free to even try it out. One thing that keeps me from subscribing is the primary narrator voices are very annoying. Jay feels like he's shouting at me, it's grating. And the main woman - I forget her name - reads with a sort of condescending vocal fry affectation, like she is reading to children. I find it condescending and annoying. When you are experiencing stress, these are the last things you want.",29,6.94,2026-05-06T01:51:09,,
"Calm - Sleep, Meditate, Relax",com.calm.android,Health,1329594d-a6e1-4d4f-9d28-13fe836b453c,Greg,1,,everything requires money.,1,6.94,2026-05-06T01:26:41,,
"Calm - Sleep, Meditate, Relax",com.calm.android,Health,45563c3c-2937-4c1e-a634-2a0eeff98fdc,Laurie Spencer,5,,Awesome. I use it every night!,0,6.94,2026-05-05T21:30:15,,
"Calm - Sleep, Meditate, Relax",com.calm.android,Health,fa45837d-f8ec-4b7e-bd3d-c41d3dcd518f,J L D,1,,"Nothing on the site is available in 'free' status. before paying such a high subscription, would have been nice to see something to hint to its potential value.",2,6.94,2026-05-05T19:32:21,,
"Calm - Sleep, Meditate, Relax",com.calm.android,Health,b5157ebd-ed45-452f-a65c-66aaaf2f975f,Luke Dimech,1,,"this app used to be amazing. Now I can't find anything i used to use and I feel like almost everything is premium. I can't even locate the regular timer anymore. the last thing I now feel while using this app, is calm.",5,6.94,2026-05-04T14:08:00,,
"Calm - Sleep, Meditate, Relax",com.calm.android,Health,eca6b088-25dd-4a88-a159-4f0edd0619b2,Noor Pashaie,5,,Very beautiful ❤️,0,6.94,2026-05-04T08:12:27,,
"Calm - Sleep, Meditate, Relax",com.calm.android,Health,bdb424b1-1ea9-4fdc-963e-1306e13455ac,eric grant,1,,free but not,1,6.94,2026-05-04T07:59:32,,
"Calm - Sleep, Meditate, Relax",com.calm.android,Health,0a86f524-9694-4cd2-a729-144145836944,Tyler Owens,1,,$16 just to help me go to sleep no thank you,0,,2026-05-03T11:55:00,,
"Calm - Sleep, Meditate, Relax",com.calm.android,Health,7fbca6b0-ce87-4e83-b642-2b2c5a8e0541,Tuniska Parker,5,,"IT IS SUCH A GREAT,AND EXCELLENT WAY TO GET RID OF STRESS,AND DEPRESSION.TO THE CREATURE THAT CREATED THIS APP,THANK YOU SO MUCH FOR THINKING OF OTHER PEOPLE, AND THANKS SO MUCH FOR TAKING THE TIME TO CREATE A WONDERFUL, AMAZING,TERRIFIC APP SUCH AS THIS ONE.THANKS AGAIN.MUCH LOVE FROM MY HEART TO YOURS.KEEP UP THE EXCELLENT, HARD WORK THAT YOU ARE DOING.",0,,2026-05-03T11:18:29,,
"Calm - Sleep, Meditate, Relax",com.calm.android,Health,93e63416-d445-414d-bf1d-6ebcd98e0e10,jason sanders,1,,subscription bs app,2,6.94,2026-05-03T10:50:21,,
"Calm - Sleep, Meditate, Relax",com.calm.android,Health,df0a4f42-1e00-4966-bb4f-3c99d7432894,Abe L,1,,they just want to scam you. I get free subscription with blue cross blue shield. app requires you to sign up for paid subscription before you can sign up. then it tells you that you can't provide code because you have paid membership. then it auto rejected the code provided by BCBS of Michigan because it wants you to pay!,6,6.94,2026-05-02T20:35:40,,
"Calm - Sleep, Meditate, Relax",com.calm.android,Health,8ea98a77-ee1c-42b1-b6cb-dd0b857392a2,Thomas R Ryan Sr,1,,does not work at least for me!,0,,2026-05-02T18:33:55,,
"Calm - Sleep, Meditate, Relax",com.calm.android,Health,900d59f9-0a16-4937-83ba-5b98f8c1bc80,Tracey MacRobert,5,,"Great app . listening to different soothing music , so easy find & lots ĺ",2,6.93,2026-05-02T04:05:05,,
"Calm - Sleep, Meditate, Relax",com.calm.android,Health,d1df443c-066b-4472-a580-491c21f8f0fd,Alice Lenore,1,,Fantastic!,0,6.91,2026-05-01T18:44:37,,
"Calm - Sleep, Meditate, Relax",com.calm.android,Health,a8a6e22e-4047-41e3-afc9-c25bf04b4f0b,Melissa Harrison,1,,purchases...no thanks,0,,2026-05-01T07:38:57,,
"Calm - Sleep, Meditate, Relax",com.calm.android,Health,acefe3f0-c87e-44fc-87dc-9d816e92b056,Kimberly Executive Director STARS,1,,I was charged $20 for years. I do not recall ordering this,0,6.94,2026-04-30T20:05:27,,
"Calm - Sleep, Meditate, Relax",com.calm.android,Health,f4fa1468-2ca9-4e74-9b9b-964058079563,Oliver Demaree,1,,"If I could give a zero star review I would. This app offered me a 7 day free trial, and so I accepted the offer, and they charged me the free for the yearly subscription anyway. I clicked the offer for a 7 DAY FREE TRIAL and was IMMEDIATELY charged over $80. This app is a god damn scam.",11,6.94,2026-04-29T18:53:26,,
"Calm - Sleep, Meditate, Relax",com.calm.android,Health,2d87f9ec-c3d4-4602-8c4f-14ff2512a0eb,Melanie Norris,1,,free means free. not a trial period and then you get charged! won't even try the trial after reading these reviews.,4,,2026-04-28T22:45:03,,
"Calm - Sleep, Meditate, Relax",com.calm.android,Health,6ccbdb9a-4768-47e8-9081-b1e430190874,Cheryl Whittier,3,,Great music and great that it's free but the details say that they share your financial information and I think that is insane. Maybe that should be explained a little more😠 Can you Tell me how to opt out of that part?,5,6.94,2026-04-28T08:39:20,,
"Calm - Sleep, Meditate, Relax",com.calm.android,Health,a0166212-39ad-4970-9204-db2b853c1f75,Lexozan,2,,harus bayar,1,6.94,2026-04-28T06:19:14,,
"Calm - Sleep, Meditate, Relax",com.calm.android,Health,b76316ec-eab8-4c92-93ce-b470f33d13ff,G,2,,way too expensive and shouldn't automatically be charging people to renew...,2,6.93,2026-04-27T18:06:20,,
"Calm - Sleep, Meditate, Relax",com.calm.android,Health,d1b828a2-f931-43fc-bc9a-3ba4a6a1d07b,Nikhil Doshi,3,,I’ve been a Calm user for 6+ months but couldn’t find the basic breathing exercise—it’s hidden under Discover → Tools. Many users may assume it doesn’t exist. Core features like breathing should be easily accessible from the home screen or main menu. Improving visibility and navigation will greatly enhance user experience and retention.,0,6.94,2026-04-27T13:43:51,,
"Calm - Sleep, Meditate, Relax",com.calm.android,Health,50fe122d-c32e-4b9f-adce-ef94ec246b75,Gary Walls,5,,☝🏻It helps with my most innerself; to ease discomfort with in my true being as a human being. I do hope that it's not too much. discomfort with inn.🙏🏻,0,6.93,2026-04-27T07:58:47,,
"Calm - Sleep, Meditate, Relax",com.calm.android,Health,40c002d5-a66e-41ac-abfb-6c484bb0a84d,Marjory McLean,3,,bought a years membership wasn't impressed I can do the same thing with Spotify or another music app,0,6.64,2026-04-25T21:19:45,,
"Calm - Sleep, Meditate, Relax",com.calm.android,Health,5d3c68f8-ba87-4196-bc12-3432d7ffac04,Arti Kalra,1,,it does not let me cancel the subscription.,2,6.93,2026-04-25T16:54:47,,
"Calm - Sleep, Meditate, Relax",com.calm.android,Health,bbac7b63-d743-414b-bb4a-a9352352f781,HannahBear9624,1,,Everything is behind a paywall except for breathing exercises and a few sleep sounds. Not to mention the subscription plan is absolutely crazy expensive. No thanks.,2,,2026-04-25T08:53:09,,
"Calm - Sleep, Meditate, Relax",com.calm.android,Health,de20de05-f373-46b5-b2e9-ddf361afc8d5,danielle amero,1,,"Do not waste your money. The content is good but the app is a disaster. Hard to navigate and find things and constantly trying to get you to upgrade or share, so you have to click a bunch of times to get to a meditation. By then, my blood pressure is up, so it sort of defeats the calming. you can get EDMR on your music streaming, I wish I knew that. Will not be renewing this",19,6.93,2026-04-25T07:02:26,,
"Calm - Sleep, Meditate, Relax",com.calm.android,Health,117d2b03-2472-4a65-bb3f-a6810d5ed838,Lulu Hernandez,1,,Not happy at all with this app! When did they start charging you for something you can't even use now! There are plenty of free apps for relaxing!,2,,2026-04-24T12:29:38,,
"Calm - Sleep, Meditate, Relax",com.calm.android,Health,80bfdb60-519d-4838-8ca2-509f43fe49d5,Ben Duensing,1,,unless you want to pay don't waste ur time downloading this app,2,,2026-04-24T10:43:07,,
"Calm - Sleep, Meditate, Relax",com.calm.android,Health,99f28d21-8096-44e9-88e7-5e8b1aeddedc,Blake Rhodes,1,,everything is practical behind a paywall. Waste of time,3,,2026-04-24T04:18:53,,
"Calm - Sleep, Meditate, Relax",com.calm.android,Health,cc0585fa-3842-4105-9cd9-e561557d82c0,Jamie Small,2,,"For an app about wellbeing, I found it extremely disappointing that the developers rely on dark UX patterns to trick users. My flags started to go up at some of the messaging and UX during sign-up, but it was incredibly obvious when I tried to cancel my subscription. I had to click three or four ""are you sure"" type pages where the ""cancel"" button was tiny and hard to click at the bottom of the page. This is not how honest and reputable apps behave.",14,6.93,2026-04-23T05:36:29,,
"Calm - Sleep, Meditate, Relax",com.calm.android,Health,48a27842-68ac-461c-a0ed-bb3deeb70e7e,Kris Jacobson,5,,very relaxing good meditation,0,6.93,2026-04-23T05:34:43,,
"Calm - Sleep, Meditate, Relax",com.calm.android,Health,7cbdf8bb-7b01-465d-8c0f-809e0f324395,Lindsey Thomas,1,,Nothing is free. High monthly fee.,2,6.93,2026-04-22T08:36:51,,
"Calm - Sleep, Meditate, Relax",com.calm.android,Health,a60386b4-3e8c-431a-85fc-d8b8084eb2fe,Deirdre Haneman,1,,This is unheard of ! A relaxation app to stress me out . i need to cancel. I don't have the money to pay $87.00 I was tricked by a free trial. I want to cancel now .,3,6.93,2026-04-22T06:52:42,,
"Calm - Sleep, Meditate, Relax",com.calm.android,Health,cdcebea1-e226-4af9-ba93-20a64eb863a0,Cindy Ngu,4,,"I like the app but have a frequent problem. When I open calm and try to play something, it won't play and the sound of the crickets keep playing. I've tried different sounds and playlists, clearing caches, logging in and out, etc. The only thing that temporarily works is restarting the phone.",4,6.93,2026-04-21T18:48:13,,
"Calm - Sleep, Meditate, Relax",com.calm.android,Health,5eed1a58-fcdb-4e6b-a27b-69ef824b1cd2,Debra Wilson,1,,I want to unsubscribe from the Calm app,1,6.93,2026-04-21T17:08:14,,
"Calm - Sleep, Meditate, Relax",com.calm.android,Health,97c2799e-9653-48b0-a33d-11feebf9b628,Mariette Louw,4,,not enough free content,0,6.93,2026-04-21T07:13:17,,
"Calm - Sleep, Meditate, Relax",com.calm.android,Health,25b6a211-9b84-4575-a727-cb59f1702b3b,Joey Lujano,3,,I was unable to manage my subscription by reversing my request to cancel,2,6.93,2026-04-21T00:10:21,,
"Calm - Sleep, Meditate, Relax",com.calm.android,Health,344c4a26-297f-4b73-92f6-3d99ead30f7c,Jack Donald,1,,went through the bother of getting a 'personalised emdr plan' only to find that nothing was carried over. So I just provided Calm with a bunch of marketing information for no benefit at all.,4,6.93,2026-04-20T16:54:51,,
"Calm - Sleep, Meditate, Relax",com.calm.android,Health,c8cdf307-3a4f-4e28-ba2c-1e646c955da1,Thomas Pedersen,5,,outstanding app good for ur health,1,6.93,2026-04-20T04:27:32,,
"Calm - Sleep, Meditate, Relax",com.calm.android,Health,82fb8949-3e87-4b58-a9eb-3fc1d23584c0,Jennifer Lanea Head,2,,great app but of course it makes you pay and not everyone wants to pay for apps.,2,,2026-04-19T21:11:04,,
"Calm - Sleep, Meditate, Relax",com.calm.android,Health,ae9d3f03-b3da-4f6d-8e0c-f8fc0000ab87,Carole Johnson,2,,tried to cancel immediately but didnt manage to sort it. couldnt find much on app to help my sleep,0,6.92,2026-04-19T20:12:22,,
"Calm - Sleep, Meditate, Relax",com.calm.android,Health,f0da1e03-21f5-49a6-aabf-61ceb0f6068e,Anthony Moretti,5,,"This app is amazing, no matter what you're going through the Calm app really helps keep your mind right no matter what you're going through.",1,6.93,2026-04-19T20:11:35,,
"Calm - Sleep, Meditate, Relax",com.calm.android,Health,3d0df914-5401-43cb-afe9-a9b3ef86cad5,HEATHER PATRICK,5,,it's a whole lot better than I ever would have thought,1,6.93,2026-04-19T14:21:21,,
"Calm - Sleep, Meditate, Relax",com.calm.android,Health,c1d6559c-2777-41fc-afb7-66635a74afbe,moumita das,5,,"This is a wonderful app for bedtime stories n unwinding for me, even for my kids. I use Smartbabytoon youtube channel also for free bedtime stories for my kids, they love it.",2,6.93,2026-04-19T13:15:16,,
"Calm - Sleep, Meditate, Relax",com.calm.android,Health,e82bd9ee-cca4-46d9-966a-ea211f228bab,Leah Braaten,1,,so much is hidden behind a pay wall. browsing through actually made me more irritated and on edge.,1,,2026-04-19T11:50:06,,
"Calm - Sleep, Meditate, Relax",com.calm.android,Health,aef893bd-e2c0-4069-a5f6-9ae3b6a076ad,Juliet Castille-Cooke,5,,This music and incantation makes me relax totally! And makes me feel love and who ☺️,0,6.93,2026-04-19T07:19:47,,
"Calm - Sleep, Meditate, Relax",com.calm.android,Health,5c9c47e2-5fab-4305-bf0e-22354a7be9ec,Shark Dtwenty,5,,love it Soo much,0,,2026-04-19T04:21:23,,
"Calm - Sleep, Meditate, Relax",com.calm.android,Health,27a85a96-2592-4b9e-b36e-ee5d8c40d600,Sharon J.,5,,Chillin' and safe here,0,6.93,2026-04-19T02:40:38,,
"Calm - Sleep, Meditate, Relax",com.calm.android,Health,f80a18c2-a9f0-4967-b2a2-30ebe94b119b,Bonilynn,1,,it is very difficult to cancel the subscription.,2,,2026-04-19T01:25:19,,
"Calm - Sleep, Meditate, Relax",com.calm.android,Health,da6a4286-5f48-47cc-9c5b-ea231a50929c,Ebony Carpenter,5,,love it calms me,0,6.93,2026-04-18T21:11:26,,
"Calm - Sleep, Meditate, Relax",com.calm.android,Health,f00b1082-f537-499d-8da4-17e695e26920,Jayne Allison,1,,enjoy the app but disappointed to note that 2 payments have come out of my Bank £9.99 and £31.33. I have not signed up for premium as cannot afford so will be raising issues with the Bank.,4,6.93,2026-04-18T19:49:37,,
"Calm - Sleep, Meditate, Relax",com.calm.android,Health,10bc72d4-ecab-480f-b5f5-1d702f865d0f,Lea,5,,"Calm is a highly effective meditation and mental wellness app that helps create a more peaceful and balanced daily routine. I really like its wide variety of content, including guided meditations, sleep stories, breathing exercises, and relaxing music, which makes it easy to find something that fits your mood or needs.",0,,2026-04-18T07:14:35,,
"Calm - Sleep, Meditate, Relax",com.calm.android,Health,816e34b3-d069-4431-ae69-7e23295ae7a6,Heather Purcell,5,,"I love this app,everything about CALM. I actually need to get me a new CALM book, mine is wore out, lol.",0,,2026-04-18T06:45:48,,
"Calm - Sleep, Meditate, Relax",com.calm.android,Health,dd9db2ec-5e57-431c-bae2-22ad9008f32f,Habiba Ahmed,5,,"It's nice but it need you to pay, almost everything requires you to be a premium user",0,6.92,2026-04-18T04:38:41,,
"Calm - Sleep, Meditate, Relax",com.calm.android,Health,46acd32f-869e-418f-9c95-9406f101585f,Katie Van Petten,5,,I absolutely love the sleep stories and meditations. I wish they'd add more.,4,6.92,2026-04-18T02:23:40,,
"Calm - Sleep, Meditate, Relax",com.calm.android,Health,f6180375-262d-4bf0-bb9a-d2a6e352eb4e,susan hayes,1,,Terrible customer service. This experience has made me feel anything but calm. I purchased the annual subscription priced at £39.99. When I logged onto Calm my details showed that I was not subscribed and had no access even though the payment had been charged to my bank. When you reach out to the support team you get no reply. Terrible service. I want a refund and to cancel the subscription. It's honestly so badly managed. I would not recommend.,9,,2026-04-18T01:21:15,,
"Calm - Sleep, Meditate, Relax",com.calm.android,Health,8e2be269-ba7e-4307-9570-398d03f1948c,Lee Panas,2,,"everything remotely useful is behind paywalls and it's a pain to navigate. all I'm looking for is white noise type stuff to sleep to, not all the rest of this BS. good luck finding that. the ui is shiny but needlessly complicated. deleting immediately",1,6.93,2026-04-17T23:34:35,,
"Calm - Sleep, Meditate, Relax",com.calm.android,Health,2679e6ea-0914-4d6a-8ecf-94244e072918,Andrew Bickerstaff,5,,this app has changed my life. I could not imagine my life without it . at first I was surprised by how many thing you can do other then just meditate and try to sleep ! the sleep stories are great you can even listen to them just for enjoyment rather then sleep aid as well as that . I never tried another meditation app but that's because I never needed too. calm has everything I needed to begin and continue my mental health wellness journey .,4,6.92,2026-04-17T01:35:36,,
"Calm - Sleep, Meditate, Relax",com.calm.android,Health,00d020de-9f1d-4032-ae8d-4e6739ff64cf,Captain Perk,1,,talking sucks last thing some odd voice talking while I have insomnia 😂,1,,2026-04-17T01:21:24,,
"Calm - Sleep, Meditate, Relax",com.calm.android,Health,5ac64171-705a-48a3-b57c-40ecb0bdcb41,Gale,5,,I liked calm app a lot and can pay in monthly payments of $6.66 a month 4 a yearly sub. 4 a yr. starting on May 4 th. for sure. I've asked numerous times to do this with o response. asked the same 4 last month. April no response. plz. reply.,3,6.92,2026-04-17T00:10:40,,
"Calm - Sleep, Meditate, Relax",com.calm.android,Health,e35cf3d0-eb18-42fb-bd97-fb28e4ef8a86,Linda Corey,5,,Best sleep aid I ever used. it works!,0,,2026-04-16T10:52:08,,
"Calm - Sleep, Meditate, Relax",com.calm.android,Health,1afeed42-880b-46e6-a15c-6b108c196e5f,Marie Abigail Cabanglan,5,,"leading mental wellness app designed to reduce stress, improve sleep, and build mindfulness habits",0,6.92,2026-04-16T05:02:36,,
"Calm - Sleep, Meditate, Relax",com.calm.android,Health,20e53ced-bb6a-4192-bb99-2e6e85e8ea54,Joseph Long,5,,great listening to Christine Levitt,0,6.92,2026-04-16T03:39:37,,
"Calm - Sleep, Meditate, Relax",com.calm.android,Health,d934cfdc-bce0-4aab-94cc-9e5c14e62203,Karen Orr,1,,app does not open on ipad,0,6.92,2026-04-16T00:32:17,,
"Calm - Sleep, Meditate, Relax",com.calm.android,Health,834259b8-3fbc-45b5-b68e-ab0b62928690,Brandi Manuel,1,,"Great app if it was not a greedy money hungry app wanting to make you pay just to listen to sounds. Just use U-Tube instead, its free. I can see to pay to listen. to podcast but not just noise.",3,6.92,2026-04-15T16:43:41,,
"Calm - Sleep, Meditate, Relax",com.calm.android,Health,c46120d6-a6f0-4990-b83a-09a84d6c2331,Marion Pawlow,5,,Love this app,0,6.92,2026-04-15T16:09:35,,
"Calm - Sleep, Meditate, Relax",com.calm.android,Health,9f7b09b1-7e07-4303-98cc-dd0c1ad30bef,Lisa Hardman,5,,Awesome app.🧘🏾‍♀️,0,6.92,2026-04-15T16:05:28,,
"Calm - Sleep, Meditate, Relax",com.calm.android,Health,5c84db73-c7aa-41d2-9ddb-99816a7b11ef,Ben,1,,"huge pay wall and upon looking there's nothing geared towards ND persons. Everything is a little generic and when you're diagnosed with ASD and severe anxiety, that requires a flexible yet accurate tool set. Even if i paid for this, there's nothing of any benefit that isn't already known or available using free resources. and as for the supposed doctors that have featured On this during the preview, how did you choose them? By testing how condescending they can be?!",5,6.92,2026-04-15T07:09:56,,
"Calm - Sleep, Meditate, Relax",com.calm.android,Health,b33074cd-7f1b-46dd-8593-b44c615de56b,Brittany Flesner,5,,work provides premium for us and it helps me sleep SO much better,0,6.92,2026-04-15T05:38:36,,
"Calm - Sleep, Meditate, Relax",com.calm.android,Health,68cce457-5dd1-4a52-b260-1689eba6b545,Not Andrew,4,,4 stars for corporate mindfulness,0,6.92,2026-04-15T04:48:47,,
"Calm - Sleep, Meditate, Relax",com.calm.android,Health,3c14bc25-63ec-4c3b-9632-de1a0201a6b6,Stephen Sherlock,5,,practice makes perfect they say... don't expect miracles on day I e with his app but as you learn to control your breathing and learn to relax ... this app is a lifesaver 🙏🙏,1,6.92,2026-04-15T03:39:09,,
"Calm - Sleep, Meditate, Relax",com.calm.android,Health,82622fc1-92e4-4d17-9061-b4605739cb0a,Cathyann Josefosky,5,,"I never knew how much I needed or wanted the Calm app in my life I until I signed up...its truly a life saver and just a handy resource to have! Whether I'm using it for a daily dose of inspiration, insight or needing to calmly get back to sleep in the middle of the night, I just love it!👏 🙏 ☮️",1,6.92,2026-04-15T01:20:58,,
"Calm - Sleep, Meditate, Relax",com.calm.android,Health,e69b2f6c-5e61-477c-8d9b-86d6c05c105f,Kensley Schonauer,5,,amazing customer service and app!,1,6.13.1,2026-04-15T01:17:53,,
"Calm - Sleep, Meditate, Relax",com.calm.android,Health,55764396-6dbc-4917-af9e-f0b774c224a7,Amy Jusczak,5,,Excellent tool for stress and anxiety relief,0,6.92,2026-04-14T15:50:50,,
"Calm - Sleep, Meditate, Relax",com.calm.android,Health,c2f6d6f7-c352-4ad9-91ae-2715cb2ed917,Shrijnana Sering,1,,did not honor reduced subscription price and seems to be impossible to cancel. Programming is poor.,2,6.92,2026-04-14T15:22:17,,
"Calm - Sleep, Meditate, Relax",com.calm.android,Health,2fdb21cd-6aec-436c-8aa6-68f59d21fa8f,Alex :p,4,,"I love this app I have a hard time falling asleep without background noise such as rain because of constant brain chatter and I live in a basement apartment so theres really not much of a chance for me to hear rain sounds at all so this helps alot. The one downfall of this specific app is that on such a limited income, buying things in app isn't feasible for me or many others who use this. Other than that a great app.",0,,2026-04-14T07:12:32,,
"Calm - Sleep, Meditate, Relax",com.calm.android,Health,f7063ffc-e451-430a-9c61-1fc3dab843b0,Karina Jenkins,1,,"A therapeutic app gone wrong. How? These ads are outta hand, UGH 😤 tell me how barreling through 10 ads to get to the main UI any type of Calm? BROTHA NO. Not to mention all the locked features at the storefront, with no easy navigation towards a sample or two, pretty off put from the get-go. It's inconsiderate of our attention to incessantly shove these greedy tactics in while we're in search to literally stay CALM!!! Also gate-keeping 95% of everything is not a humane approach. Not awesome",2,,2026-04-14T06:58:33,,
"Calm - Sleep, Meditate, Relax",com.calm.android,Health,935580bc-f6cf-4d64-bdcf-18c3085886b1,Dan Durso,1,,incredibly hard to camcel,1,,2026-04-14T01:46:29,,
"Calm - Sleep, Meditate, Relax",com.calm.android,Health,a567c12c-d1bd-476e-8a6a-5cc491268d70,Rachel Penfold,2,,"awful, had to restart phone as the sound would not stop playing despite pressing stop and closing the app the sound still played, not a very intuitive app annoyed I spent money on it!",0,6.92,2026-04-14T00:35:32,,
"Calm - Sleep, Meditate, Relax",com.calm.android,Health,3b065365-d533-4fd2-a546-ce69afcafa84,Ree-ree Omadeli,2,,tbf haven't used since my Sound Maskers couldn't sinc up to wind down.,0,3.19.1,2026-04-13T21:03:54,,
"Calm - Sleep, Meditate, Relax",com.calm.android,Health,c542619a-0535-42c7-a20f-f3fdedacb6b5,Sandy Amon,5,,instant relief,0,6.92,2026-04-13T20:23:18,,
"Calm - Sleep, Meditate, Relax",com.calm.android,Health,7a41df88-c54a-4577-9148-ab9419d19aa5,ANGELA MAES,2,,Im mad because I paid for one month thinking it was a great deal... and now Im seeing I have to pay even more to have access to what I need. I dont even want to use it now. It ruined my desire to try it. I hate being deceived.,0,6.92,2026-04-13T18:57:21,,
"Calm - Sleep, Meditate, Relax",com.calm.android,Health,a771acaf-3ce2-4414-a435-ed4f97398fd2,Nur Alyani Mohamed Daud,5,,Calm is a beautifully designed app that helps reduce stress and improve sleep. The guided meditations and relaxing sounds are very effective. It’s perfect for anyone looking to unwind and take care of their mental health.,3,,2026-04-13T15:14:47,,
"Calm - Sleep, Meditate, Relax",com.calm.android,Health,e850e7c1-5eb2-4d0c-b342-62fdea2b828f,Albert Hill,5,,We LOVE Calm!! Find it hard to sleep without it!!!,0,6.92,2026-04-13T15:06:36,,
"Calm - Sleep, Meditate, Relax",com.calm.android,Health,1ca7bea8-6483-48c6-b72c-7a1902c4209c,MN King1399,5,,awesome app,0,6.92,2026-04-13T12:11:10,,
"Calm - Sleep, Meditate, Relax",com.calm.android,Health,7ec7d275-f6d7-478e-b57b-872f511f00de,Heather Hancock,2,,"I have had the Calm app for years on iPhone with no issues loved it and used Soo many different ways. I switched to Android and purchased a subscription in play store, have the app signed in with the same info worked for the 2 months, has not connected since, I have logged out and back in , I have deleted the app and reinstalled same error message that I need to log in with my play store account information. reached out to customer service 3xs no response.....very disappointed.",11,6.92,2026-04-13T08:50:15,,
"Calm - Sleep, Meditate, Relax",com.calm.android,Health,66533457-4f75-437b-87b6-7a1c9a4a6a0a,yo wats,5,,keeps me calm,0,6.92,2026-04-12T16:08:53,,
"Calm - Sleep, Meditate, Relax",com.calm.android,Health,87279480-29b0-4dfe-b0d3-09a69cc782ad,Cristy Scroggins,5,,love this app... sometimes you need a little bit help to relax or remember to be present.,3,6.92,2026-04-12T08:10:33,,
"Calm - Sleep, Meditate, Relax",com.calm.android,Health,cab4166e-af53-4837-94d9-d8869c5de7e2,david hunt,5,,calm is a beautiful app only just started using it and everything is so much better and more positive excellent for relaxation and meditation qhite simply a gorgeous app,3,6.92,2026-04-11T21:11:51,,
"Calm - Sleep, Meditate, Relax",com.calm.android,Health,2525ed05-9cb8-422b-87c8-85075c112dda,Glenn Griffiths,5,,good app,0,,2026-04-11T07:59:45,,
"Calm - Sleep, Meditate, Relax",com.calm.android,Health,e3516e47-c0e6-4426-be8d-9061e7eb1deb,Larry Wilson,1,,"This app didn't perform to my expectations. But the greater problem is they charge you $80 for the next 12 months after just a few days. You can not get that money back. Paypal won't help you, Google won't help you and Calm won't even respond to you. They got their money and they are keeping it. So, I paid $80 for an app that i don't even want. BUYER BEWARE!!!!!!!",4,,2026-04-11T04:26:00,,
"Calm - Sleep, Meditate, Relax",com.calm.android,Health,847737e0-c620-4397-a4b9-150370b2b1cf,Debora Adrian,1,,I obtained it through a promotion and cannot cancel it. I contacted them. It took forever for an email response which sent me to the same solution that I informed them did not work. Now I am paying for a product I do not wish to use any longer. Don't get it through a promotion.,4,6.92,2026-04-11T02:45:45,,
"Calm - Sleep, Meditate, Relax",com.calm.android,Health,823b380d-771a-4dfb-a227-09544885dc6c,susie wood,1,,cannot open and free on kp,1,6.92,2026-04-10T23:26:19,,
"Calm - Sleep, Meditate, Relax",com.calm.android,Health,7b3f132e-0b91-426b-a95d-2f7d23221ecd,Amanda Sommer,1,,"I only wanted 7 day trial 3 times I have been charged yet I can't install or use it and I can't cancel it, this is such a scam Definitely not calm.",4,,2026-04-10T14:42:29,,
"Calm - Sleep, Meditate, Relax",com.calm.android,Health,f1db082f-48fc-43ce-9727-b9c0d5dfddcd,Minna Girl,5,,"I’ve been using Calm to help me relax before sleep and the guided meditations really make it easier to unwind after a long day. Sometimes the best features are behind a subscription, but overall it’s a soothing app that helps reduce stress.",7,6.92,2026-04-10T10:47:50,,
"Calm - Sleep, Meditate, Relax",com.calm.android,Health,39397518-55c2-40f0-838b-3bac7033b414,Jovial Ramos,5,,Helpful for relaxation and meditation.,4,6.92,2026-04-10T06:46:35,,
"Calm - Sleep, Meditate, Relax",com.calm.android,Health,db8463e1-c1f7-4af4-bb5e-315aa38743ee,Shandria Smith,5,,relaxing and beautiful.😌🙏☕,0,6.92,2026-04-10T06:11:38,,
"Calm - Sleep, Meditate, Relax",com.calm.android,Health,63f014a5-f2cb-4449-ab68-0dfa832b9ef2,javier collazo,1,,don't use this app I canceled my subscription but still got charged even after I cancel weeks in advance,2,6.92,2026-04-10T04:22:45,,
"Calm - Sleep, Meditate, Relax",com.calm.android,Health,fe4a34ed-9468-4483-9e13-153e56ba3b17,Dennis Steiger,5,,does what it claims to do 😊,0,6.92,2026-04-10T04:11:43,,
"Calm - Sleep, Meditate, Relax",com.calm.android,Health,e9da987c-de77-49aa-b42a-5a1132a42a77,Claire Petty,1,,BUYER BEWARE: You cannot cancel your subscription through the app or website. Customer service is non-responsive and AI nonsense.,3,6.73 ,2026-04-10T03:24:17,,
"Calm - Sleep, Meditate, Relax",com.calm.android,Health,1faaece4-f5f0-4e04-93dc-a1b0cf2d9a59,Marcos Maa,5,,Awesome 😎,0,6.89,2026-04-10T02:10:16,,
"Calm - Sleep, Meditate, Relax",com.calm.android,Health,6ea93067-4dea-49bc-812a-403a851cb23e,Spongy Cupid,5,,soothing ☺️,0,6.92,2026-04-09T19:49:07,,
"Calm - Sleep, Meditate, Relax",com.calm.android,Health,795401c3-88d4-45d7-8e80-0b3196af66a6,Michael Gilmore,4,,Good first meditation experience,0,6.92,2026-04-09T17:05:47,,
"Calm - Sleep, Meditate, Relax",com.calm.android,Health,c9f68308-6041-4354-b329-32827de9add9,Alexandria Williams,3,,keep 🆒😎,0,6.92,2026-04-09T15:49:50,,
"Calm - Sleep, Meditate, Relax",com.calm.android,Health,c37b2322-d3f7-4d21-be1f-13e76fd4456a,Rachel Connor,2,,"I am locked out of Premium after paying and confirming my email. Chatbot useless, no helpful links. Is this a scam? The free access materials are good.",1,6.92,2026-04-09T14:03:13,,
"Calm - Sleep, Meditate, Relax",com.calm.android,Health,319d124d-c885-4178-a6aa-c66768cc21a0,tardis bleu,2,,have a hard time finding music/sounds that works for me.,0,,2026-04-09T06:13:12,,
"Calm - Sleep, Meditate, Relax",com.calm.android,Health,0f1b6006-3aa0-4984-92ae-21fa445343cd,Geo,1,,Paid for a lifetime subscription. It costs more than 12 monthly payments. Apparently that option was removed and they are forcing me to pay again. There seems to be mostly negative reviews now. Best to avoid this app.,4,6.92,2026-04-09T03:27:54,,
"Calm - Sleep, Meditate, Relax",com.calm.android,Health,821c0bca-b8f1-4bca-8eaf-3518f553151d,Jeff Quinn,1,,"what an aggravating app, pop ups everywhere you look, I thought this was supposed to be calming?",0,6.92,2026-04-09T03:09:43,,
"Calm - Sleep, Meditate, Relax",com.calm.android,Health,45fcfd4c-95de-4d9b-b80f-d3346cfd8bcc,Brian Credeur,2,,"Looks interesting, but never found any free content to try. Seems you have to sign up for the trial or just buy the premium package. I couldn't find anything that didn't have a lock on it.",0,,2026-04-09T00:46:45,,
"Calm - Sleep, Meditate, Relax",com.calm.android,Health,d51ce532-5f2c-4d98-b19b-cd94317ce74f,M E Farris Major,1,,They charge for this APP,1,6.68.1,2026-04-08T21:33:13,,
"Calm - Sleep, Meditate, Relax",com.calm.android,Health,f101f3f9-a6df-4f4b-95e4-048bcfd6095e,Abraham,1,,Support has not gotten back to me in a MONTH,2,6.92,2026-04-08T20:34:35,,
"Calm - Sleep, Meditate, Relax",com.calm.android,Health,d580bd1c-29a1-4190-92ed-833a4695db74,just being real,1,,do not use!! for some reason I can't get a refund of 89.00!! I cancelled my subscription the day before and I was still charged so be careful!!!!!!!!! I'm contacting a lawyer........,2,6.92,2026-04-08T20:30:14,,
"Calm - Sleep, Meditate, Relax",com.calm.android,Health,828b7f5c-8e5d-4abe-bd15-b18492d203af,karla olmedo,5,,"love it, helps so much if I get a few minutes or help me to sleep peacefully",0,6.92,2026-04-08T19:58:10,,
"Calm - Sleep, Meditate, Relax",com.calm.android,Health,ad755986-30d0-48ea-8f10-d788900d731a,Denise (Dee),5,,"My daughter loves the kids stories, can you make the calmling into plushies we can buy? I'm sure lots of people would buy",0,6.92,2026-04-08T19:16:43,,
"Calm - Sleep, Meditate, Relax",com.calm.android,Health,a0ddc7e8-7c2c-475a-aedb-16c23e0d968f,A. Cl,5,,"I love Calm. So much different content, always updated but my old favourites remain. The sleep stories, meditations , sondscapes are amazing. Kids section is fantastic! Really good value for what you pay",4,6.92,2026-04-08T12:33:21,,
"Calm - Sleep, Meditate, Relax",com.calm.android,Health,c74cf053-b6d7-4748-b3fb-6f672cecac18,Sarah Smith,5,,I have been avoiding it for a long time thinking it is too expensive to add into my life but I am enjoying exploring the app and learning more about me and what it has to give.,1,6.92,2026-04-08T12:24:03,,
"Calm - Sleep, Meditate, Relax",com.calm.android,Health,3682af7e-141b-4b5a-b5bf-529877e706b7,Helen Kilbride,1,,"I had rated the app 4 stars in July 2021 and loved it but now (March 2024) it doesn't play more than 1 sleep track at a time so the timer feature no longer works. It's been like this for a few weeks now and writing here as no fix seems to be forthcoming. The ""streak"" recording isn't saving either but that's not a major but the timer fault is a major issue. Fix urgently please. 1 update later: not fixed. Did get fixed but now in April 2026 timer isnt working again! (+ limited new content)",84,6.92,2026-04-08T01:43:56,,
"Calm - Sleep, Meditate, Relax",com.calm.android,Health,95d033e4-362d-4bdd-8a0b-fea8dd1d2655,Dan Jacko (Jako),1,,"Just Breath, I absolutely hate this. Each time I minimise the app and go back in there it is. Really Annoying for an app meant to calm you down. Overall havnt found any tracks that work.",2,6.92,2026-04-07T13:50:35,,
"Calm - Sleep, Meditate, Relax",com.calm.android,Health,4368418c-7c60-4a79-ac31-06bdae48f129,Twin Powers,5,,I love it. I can't wait to subscribe,0,6.89,2026-04-07T08:39:26,,
"Calm - Sleep, Meditate, Relax",com.calm.android,Health,91b2a807-ac17-4a3a-911a-c2fb629ee222,Megan Clary,5,,very tranquil voice...,0,6.86,2026-04-07T07:46:38,,
"Calm - Sleep, Meditate, Relax",com.calm.android,Health,c1d3ccc3-fc30-4c70-9682-8a5914893224,Mary Reid,5,,been using for 2yrs now with annual subscription. I've never had any issues with the app having ads or anything like that. I use it to go to sleep every night. so i pick a story to listen to and I'm usually asleep before the story ends. it helps shut my brain off so I can go to sleep and that to me is worth the cost.,8,6.92,2026-04-07T05:35:16,,
"Calm - Sleep, Meditate, Relax",com.calm.android,Health,a2969ce0-92c1-4097-b7fc-499b1f70ff24,Heriberto Maldonado,1,,"Horrible, of course you have to pay for it to be of any use for you.",1,5.15,2026-04-07T01:52:15,,
"Calm - Sleep, Meditate, Relax",com.calm.android,Health,b69b8107-b545-422a-b5e4-368625a39a39,Ty,5,,App has been invaluable in bringing calm to chaos at times. Great interface and so much to explore. Thanks! 🙏🏻👍🏻,0,6.92,2026-04-07T00:29:29,,
"Calm - Sleep, Meditate, Relax",com.calm.android,Health,a688d4a7-8ea8-41e3-b421-0013e6b1bf3b,Eli Adams,5,,"Probably the best one ever to come into existence. Love you guys, tik tok hmu bichhhhhh",0,6.92,2026-04-06T21:07:07,,
"Calm - Sleep, Meditate, Relax",com.calm.android,Health,077d4232-552e-438b-96fd-6b3cebc557ca,Gopal Joshi,1,,it is paid completely beware,1,,2026-04-06T20:29:43,,
"Calm - Sleep, Meditate, Relax",com.calm.android,Health,61afae8f-8c35-482b-bda7-471113647a7e,Karen Grainger,5,,very calming and relaxing exercises,3,6.92,2026-04-06T17:27:33,,
"Calm - Sleep, Meditate, Relax",com.calm.android,Health,dc48a31e-b4a0-4a51-bc50-8ac73b915abb,Janet Tyrie,3,,"I particularly love the sleep stories, however, as I listen to one every night I find I have to almost always play one I've heard many times before. I would love it if you were to present us with new stories more frequently. I'm becoming very bored with all the mindfulness and meditation stuff that there is so much of.",6,6.92,2026-04-06T17:18:22,,
"Calm - Sleep, Meditate, Relax",com.calm.android,Health,41153a67-09b4-422f-87da-611a70d35fef,Nicole Kelley,1,,hiding an emergency anxiety meditation behind a pay wall is just greed. it's like having an ad before showing a video of how to perform CPR.,2,,2026-04-06T11:42:10,,
"Calm - Sleep, Meditate, Relax",com.calm.android,Health,17669b53-5b20-4da2-b59b-c4568aebd164,Jean Mackonis,5,,love hearing the ocean waves...very soothing.,2,6.92,2026-04-06T07:38:28,,
"Calm - Sleep, Meditate, Relax",com.calm.android,Health,a5cf328a-0f58-424e-ba65-95f264bcc398,Praysha Puri,5,,useful yoga n medicine app,0,6.92,2026-04-05T20:47:57,,
"Calm - Sleep, Meditate, Relax",com.calm.android,Health,4bb42c3b-440d-4252-89f9-4248d4740b06,L. -Miche-,2,,"I've used this app for years to help me sleep. recently, regardless of what it says in the settings, the app auto plays whatever is next until you stop it manually. this is RIDICULOUS because what's next in the queue might be something loud and stimulating..... and the subsequent music ALWAYS wakes me up. fix this PLEASE! right now the app is actually a detriment to sleep!",2,,2026-04-05T18:34:37,,
"Calm - Sleep, Meditate, Relax",com.calm.android,Health,55a3e854-e9b8-4b81-9d14-a997d7c3b572,Synth R,1,,"pay wall/ ad wasteland for basically everything, terrible app",1,,2026-04-05T11:01:17,,
"Calm - Sleep, Meditate, Relax",com.calm.android,Health,07598244-f3c9-4996-ac6f-6dc19aab4d92,Love from Light,5,,Calm offers tools that relieve stress that are soothing and make one calm.,1,6.92,2026-04-05T09:45:43,,
"Calm - Sleep, Meditate, Relax",com.calm.android,Health,2b0b81e1-d93a-48b9-8b7a-1027970c985d,Gerri Farrand,4,,I sleep with this every night. I wish it had the function to play a story and then switch to music or soundscapes. oh well.,1,6.92,2026-04-05T06:02:44,,
"Calm - Sleep, Meditate, Relax",com.calm.android,Health,d58bbecb-96cf-4a9f-8521-01f965933a87,Rhonda Flack,1,,nightmare to get a refund from!,3,6.91,2026-04-05T04:17:02,,
"Calm - Sleep, Meditate, Relax",com.calm.android,Health,e22c99e7-8a01-48d7-8455-c7e5b9bcce98,Theresa Ruth,5,,I like the variety! Also like the shorter times under 10 minutes. Perfect for me!,2,6.92,2026-04-05T02:20:41,,
"Calm - Sleep, Meditate, Relax",com.calm.android,Health,b4f8a251-d26c-4cb2-b049-40006722dca4,Margaret Diop,3,,"I like the meditations a lot. However, I'm noticing that the background nature sounds (rain and birds) are quite loud and drown out the speaker's voice.",6,6.92,2026-04-04T21:32:01,,
"Calm - Sleep, Meditate, Relax",com.calm.android,Health,e17fa1a8-1a8e-45e7-bc34-010432acd6d0,James Lederle,5,,awesome,0,6.92,2026-04-04T18:33:58,,
"Calm - Sleep, Meditate, Relax",com.calm.android,Health,a3248265-007f-4de4-80d4-6e919eb51c82,Linda Cryer,4,,Good analogy.,0,6.92,2026-04-04T18:23:33,,
"Calm - Sleep, Meditate, Relax",com.calm.android,Health,4c669981-275f-46b6-b14f-7f9865e9274b,Orla Mc Guinness,1,,I have found the app useful but poor tech support around trying to upgrade to a family subscription has meant that they cancelled my subscription and failed to solve the issue so I have been without it for several weeks involuntarily. the new rate offered for an individual subscription is higher than the one they cancelled on me. alot of my time has been wasted exchanging emails which give me instructions all leading to the higher subscription option and it's deeply frustrating.,8,6.92,2026-04-04T14:16:22,,
"Calm - Sleep, Meditate, Relax",com.calm.android,Health,c26e0709-f3b5-466d-a21d-ac7c41a9a084,Angelika A. Stachnik,1,,please work.,0,6.92,2026-04-04T08:51:53,,
"Calm - Sleep, Meditate, Relax",com.calm.android,Health,2cd8db0d-db1a-4fba-aa1b-e488e6dd20f8,Brian Silliphant,1,,not gay enough,3,6.92,2026-04-04T06:46:56,,
"Calm - Sleep, Meditate, Relax",com.calm.android,Health,4be07b5f-cb07-4085-97b1-bd9d95edffff,Aubrey Mueller,2,,"Only tried the free version for a day. Everything I clicked on was behind the paywall, with no way of sorting/finding free content? This was confusing and frustrating. Not calming.",3,6.92,2026-04-04T00:53:08,,
"Calm - Sleep, Meditate, Relax",com.calm.android,Health,d432bd16-2c3e-4ab1-a278-bf6536d21cb2,Patrick Garant,5,,"First, let me say the app was not exactly what I was looking for. I couldn't make the format fit with my goals. However, the company and the product are both top shelf. When I realized I hadn't cancelled, I was anything but calm. I expected hoops to jump through for a refund, but a few clicks and a few minutes later all was well. I struggle with meditation, and am still looking for the right fit. But I will absolutely be recommending Calm to my friends and family.",9,6.92,2026-04-03T22:41:55,,
"Calm - Sleep, Meditate, Relax",com.calm.android,Health,048ba581-0979-4a53-9ef3-8bb6a9b31c93,Leanne Meier,4,,"The story seller's voice was wonderful. it took a while, but did put me to sleep",3,6.91,2026-04-03T17:20:44,,
"Calm - Sleep, Meditate, Relax",com.calm.android,Health,f7495b60-e0ca-463b-a07b-86096e633597,Phoenix Muhammad Jaynae,5,,"stop cheering, chargering me for everything . why did th music one take up forit , for you all .",0,6.92,2026-04-03T16:42:46,,
"Calm - Sleep, Meditate, Relax",com.calm.android,Health,cf72b6a3-bb40-4312-9978-ab721a997ae8,Ramesh Awasthi,5,,Calm has been a literal lifesaver for my workday stress in 2026. I love the 'Just One Step' daily activities—they are short enough to fit between meetings but effective enough to reset my mood.,2,,2026-04-03T14:41:03,,
"Calm - Sleep, Meditate, Relax",com.calm.android,Health,ab6c25b0-0bff-4d01-b167-9169f0db16f3,Nina Clausi,5,,awesome fell right to sleep,0,6.92,2026-04-03T11:39:10,,
"Calm - Sleep, Meditate, Relax",com.calm.android,Health,c4aa536c-10cd-4a04-9f69-e85720772889,Destiny,5,,this was very oblivious like it i give a ten thank you :),0,6.89,2026-04-03T09:53:49,,
"Calm - Sleep, Meditate, Relax",com.calm.android,Health,6e509c11-4fd9-4246-905b-7276188f7943,Barbara Shuwarger,1,,They charged me after I requested that it be canceled.,0,6.91,2026-04-03T03:30:56,,
"Calm - Sleep, Meditate, Relax",com.calm.android,Health,5ae5d822-eb17-45aa-aadc-8b4671a4759a,Kaye Davis,3,,This app works well for sleep and square breathing.,1,,2026-04-03T02:05:34,,
"Calm - Sleep, Meditate, Relax",com.calm.android,Health,594e6962-feca-4f48-ad11-947e24bc70af,Alveta,1,,"This app is hyped in commercials, but it's never mentioned that there's a cost associated with it.",1,,2026-04-02T23:51:41,,
"Calm - Sleep, Meditate, Relax",com.calm.android,Health,5e538355-f64d-409a-98e4-134b310a1f99,Christopher Chad Olson,5,,helpful,0,6.92,2026-04-02T23:44:57,,
"Calm - Sleep, Meditate, Relax",com.calm.android,Health,cc3837b5-1a8b-41a9-8d53-23c07df1afc4,Kari Taylor,5,,helps me better 😊,0,6.90,2026-04-02T15:16:03,,
"Calm - Sleep, Meditate, Relax",com.calm.android,Health,48968d1a-cbdf-4067-a67f-41639ddf0612,K A,1,,Makes you go through a long onboarding process just to tell you that you need to pay to use the app and then it signs you up to the email list and spams your email.,1,5.15,2026-04-02T07:35:05,,
"Calm - Sleep, Meditate, Relax",com.calm.android,Health,3e888229-f3e7-4c0f-934c-06ff9d2c378a,Amanda jagielo,3,,not enough material for sleep stories,0,6.91,2026-04-02T06:37:56,,
"Calm - Sleep, Meditate, Relax",com.calm.android,Health,67d4fd3d-6994-457b-9abc-bf8287d544ab,Pamela Thembi Mbatha,5,,"This is the best tool I have discovered to help me manage my sleep and my stress levels. I was always anxious before going to bed because I would be tossing and turning, but after I subscribed to this app I sleep like a baby. I love the stories with their soothing sounds. This app has helped me with tools to manage my sleep patterns and monitor my stress levels.",0,,2026-04-01T20:26:53,,
"Calm - Sleep, Meditate, Relax",com.calm.android,Health,acc74ded-275b-475c-83a8-67b8c7792291,Coreena Lilly,1,,I googled free. not free,2,6.91,2026-04-01T13:57:45,,
"Calm - Sleep, Meditate, Relax",com.calm.android,Health,7e89c19d-1633-4a4f-82f3-ecec4eddcf0e,Sami Whitworth,5,,"I used this app years ago and coming back to it now, it's amazing to see how much it's grown.",2,6.91,2026-04-01T10:55:06,,
"Calm - Sleep, Meditate, Relax",com.calm.android,Health,27dc5a6d-7caf-478a-98ee-a24c4af0ab49,Manu PJ,1,,Useless app for huge charges. Useless play lists. Better use free YouTube videos,3,,2026-04-01T10:52:41,,
"Calm - Sleep, Meditate, Relax",com.calm.android,Health,c29adc17-0cae-4ba2-96e3-a6fc0ce4e289,Kaylani,5,,very soothing and relaxing,0,6.92,2026-04-01T09:31:55,,
"Calm - Sleep, Meditate, Relax",com.calm.android,Health,7c0ea9e5-b2a2-4128-b544-a09ad3d34bac,Mike Jablonski,1,,why not be upfront on the price? and be reasonable,3,,2026-04-01T06:38:19,,
"Calm - Sleep, Meditate, Relax",com.calm.android,Health,ecd07bd4-edc7-4d15-b65c-dace08093d77,robert cocuzzi,1,,I'm not paying for noise that I can find for free,3,6.85,2026-03-31T21:52:49,,
"Calm - Sleep, Meditate, Relax",com.calm.android,Health,ac426e63-cb1b-4d2b-ad10-3ed16b75f88a,dominic smith,5,,"only giving this many stars so people will see, check the negative reviews, this is a disgusting, sneaky, scamming app, they are thieves who know nothing of the word calm",0,,2026-03-31T17:10:29,,
"Calm - Sleep, Meditate, Relax",com.calm.android,Health,46712b4d-c9de-414d-bacd-45c735f997ed,Tess Elian,1,,very useless. I pay to sleep ? idiots,3,6.91,2026-03-31T03:54:29,,
"Calm - Sleep, Meditate, Relax",com.calm.android,Health,4ea9b8d0-6e8f-47a9-ad88-a6d2ed4ef32c,Jonie Baily,1,,absolutely horrible because they say it's free and but it's not really,2,6.91,2026-03-30T20:05:17,,
"Calm - Sleep, Meditate, Relax",com.calm.android,Health,8d7af262-c04b-495c-bf8d-227f4011f199,Udish Shan,5,,"A total game-changer for my mental health. The Sleep Stories help me drift off in minutes, and the daily meditations are the perfect way to start my morning. It's beautifully designed and very soothing.",2,,2026-03-30T18:19:04,,
"Calm - Sleep, Meditate, Relax",com.calm.android,Health,d6d68313-b768-487d-9bf4-1e0b37dd26b1,Sheila McLaren,4,,Definitely felt calmer after the session. I liked how no one speaking.,2,6.91,2026-03-30T16:40:08,,
"Calm - Sleep, Meditate, Relax",com.calm.android,Health,6e23e7cd-926b-4e9b-9cf8-32a14cfd00a8,Clive Kennedy,5,,Always there when I needed it.,0,6.91,2026-03-30T13:33:35,,
"Calm - Sleep, Meditate, Relax",com.calm.android,Health,ffe6ee3a-36e8-4d78-88b7-8abfd28c0cf1,luke james,1,,you have to pay.,3,,2026-03-30T12:06:31,,
"Calm - Sleep, Meditate, Relax",com.calm.android,Health,e9ab068e-94ac-4ad6-90b4-eac3d2cf2b21,Joy Lichtman,1,,I asked for my money back! It's only been 3 days! And still no one has gotten back to me! I AM GOING TO MY BANK TO GET MY REFUND! THIS IS A SCAM,2,6.91,2026-03-30T01:36:56,,
"Calm - Sleep, Meditate, Relax",com.calm.android,Health,aff420bb-c289-4a8f-a5f0-85b82f7bfa27,Emily Hambrick,5,,amazing 😍,0,6.91,2026-03-29T21:44:47,,
"Calm - Sleep, Meditate, Relax",com.calm.android,Health,f3b558c9-bf4e-4363-8d0a-683db913f8e6,Deb Ward,3,,"very frustrating when, after listening to a story at 1 am to get to sleep, the app chimes me at 2 to see if the story helped me get some sleep!!",2,6.91,2026-03-29T13:41:58,,
"Calm - Sleep, Meditate, Relax",com.calm.android,Health,d700fc23-a725-4de4-8602-02bb00b052d6,Vanessa Redko,1,,deleted the app and changed my mind immediately about purchasing a subscription when I saw the amount of AI generated content,2,,2026-03-29T12:23:48,,
"Calm - Sleep, Meditate, Relax",com.calm.android,Health,2a5e545e-8b96-4abd-8224-713479902766,Ronnie Esquivel,1,,didn't use everything was locked.,2,6.91,2026-03-29T09:37:25,,
"Calm - Sleep, Meditate, Relax",com.calm.android,Health,f7b6eaff-213b-4dd5-b125-c2cf3f4ad12d,Janice,5,,I love the meditation and yoga and Mr sleep in the water is awesome,1,6.91,2026-03-29T08:33:05,,
"Calm - Sleep, Meditate, Relax",com.calm.android,Health,c16ab301-6335-484f-b1dd-9f6cf49df6f9,Wish Glasgow,5,,an excellent app well worth the subscription,0,6.91,2026-03-29T04:55:30,,
"Calm - Sleep, Meditate, Relax",com.calm.android,Health,6318a7cd-256b-4c72-8c54-bf5910114f8c,John Poor,3,,"Too many of the meditations focused on mindfulness as a pathway to productivity. I am not looking to be more productive through meditation, I'm seeking peace and connection. I want to develop the ability to see productivity as a manufactured word.",1,,2026-03-28T19:39:13,,
"Calm - Sleep, Meditate, Relax",com.calm.android,Health,63fee700-05fe-4385-9b93-4f0745dfa99f,Marnold52,1,,"first they offer 40% off annual subscription., but now they charge me additional 15$ every month. there is no way to contact them. where is customer service?",2,6.91,2026-03-28T16:51:05,,
"Calm - Sleep, Meditate, Relax",com.calm.android,Health,6ace72fb-23a2-4bc9-a9c7-c45fa59c55c8,DJ,5,,The first evening I used this app it really helped me to take my mind off all the thoughts racing through my head and get some rest.,0,6.91,2026-03-28T16:48:25,,
"Calm - Sleep, Meditate, Relax",com.calm.android,Health,74f3b521-dca8-466a-832e-07da47fd40fd,MEliz,5,,The best meditation app I've ever used.,0,6.91,2026-03-28T13:15:08,,
"Calm - Sleep, Meditate, Relax",com.calm.android,Health,81cbe7c3-7c7d-4b17-b643-4a5844905200,Lauriann Carrillo,5,,love the options!!,0,6.91,2026-03-28T10:31:05,,
"Calm - Sleep, Meditate, Relax",com.calm.android,Health,48f36d43-c8f2-44fc-a38f-0c7c1616c7b9,Jennifer Spada,1,,awful. used to have some good free selections.,1,,2026-03-28T09:55:13,,
"Calm - Sleep, Meditate, Relax",com.calm.android,Health,de83f5a9-ca75-4775-8a19-57047ec7f9ce,Matt Maloney,2,,Cluttered and confusing to navigate... I can't advance to the 2nd day in the mindfulness for beginners. Also the lessons are so short? What's the hurry?,2,6.91,2026-03-27T06:22:23,,
"Calm - Sleep, Meditate, Relax",com.calm.android,Health,ad56faf1-c125-4047-b435-3569184f6858,Justin Lund,5,,LoVe,0,6.91,2026-03-27T05:39:24,,
"Calm - Sleep, Meditate, Relax",com.calm.android,Health,ab46f681-80b3-419c-876e-5c12d5307556,Gabrielle,3,,one mini medi session....coming bk to this whole meditation and mindfulness thing should help me.,1,6.91,2026-03-26T06:06:35,,
"Calm - Sleep, Meditate, Relax",com.calm.android,Health,d653d21f-589c-4391-b58f-feb6e3b8f7cb,Joan Bredendick,1,,very bad with calm. now I want to cancel it but can't. buyer beware,2,6.89,2026-03-25T21:37:32,,
"Calm - Sleep, Meditate, Relax",com.calm.android,Health,a36b3d6f-6ff4-4803-9d97-200710119a86,Riddhi Shah,5,,very useful app . it helps relaxing mind,0,6.91,2026-03-25T17:41:11,,
"Calm - Sleep, Meditate, Relax",com.calm.android,Health,a51248ac-da22-42d8-ad08-ab1ce9a9c2dc,Rocky Spencer,1,,Requires a subscription,3,,2026-03-24T14:22:16,,
"Calm - Sleep, Meditate, Relax",com.calm.android,Health,3fd3498e-06ea-41fe-8830-f22150ac758a,Susan Wiggins,5,,Mr. McConaugheys' voice is so calming and mesmerizing you can't help but drift off to sleep.,2,6.91,2026-03-24T10:35:05,,
"Calm - Sleep, Meditate, Relax",com.calm.android,Health,5982e751-bf4c-4658-8c6d-6c3cb5c28583,Brian F,1,,waste of time,1,6.91,2026-03-24T09:41:16,,
"Calm - Sleep, Meditate, Relax",com.calm.android,Health,0df2b46b-93af-4173-9287-4cc1429c731c,Dianna Wilbur,5,,Not sure how this works but it very effective at brining me peace and calm.,0,6.91,2026-03-24T08:49:55,,
"Calm - Sleep, Meditate, Relax",com.calm.android,Health,21da4c2b-58fd-4eb2-a7d4-e6c3048590a0,Starr Hunt,5,,I love the sleeping sounds.,1,6.91,2026-03-24T02:00:57,,
"Calm - Sleep, Meditate, Relax",com.calm.android,Health,59416d34-d9b9-4aac-bf40-666c2e33d6dc,Sheri P,1,,"Did the free trial. Calm sent me an email for 40% off. Clicked, subscribed, was charged full price. Took forever to manage to send them an inquiry. They've been ""looking into it"" for 8 days now. After six days, I emailed again to cancel and get a refund. Received another generic email that they are experiencing significant delays in response times. So, obviously, they don't care about customer service at all. I guess I'm going to have to do a chargeback.",39,6.90,2026-03-23T23:49:28,,
"Calm - Sleep, Meditate, Relax",com.calm.android,Health,0f4eccd2-4bcd-44e3-a17d-0da7247ce6d7,Cheryl Bravo,5,,I love the calming meditations and smoothing nature sounds. So many to choose from. Thank you for this wonderful app.😻,1,6.78,2026-03-23T22:46:07,,
"Calm - Sleep, Meditate, Relax",com.calm.android,Health,9ab0984d-80ec-4da2-ad17-564846feca8d,Vuthy Va,2,,App is slow to load and play favorites. Please you help ensure that all favorites are downloaded.,0,6.91,2026-03-23T21:44:56,,
"Calm - Sleep, Meditate, Relax",com.calm.android,Health,bf23f461-162b-48b8-a34f-e582cae6edbf,Brian Plunkard,5,,helps with sleep,0,6.91,2026-03-23T21:37:03,,
"Calm - Sleep, Meditate, Relax",com.calm.android,Health,8fa16615-8610-4b86-9a70-2d63cfc1dfc3,Ruth Martinez,5,,excellent tool in stressful times,0,6.91,2026-03-23T21:31:18,,
"Calm - Sleep, Meditate, Relax",com.calm.android,Health,d366bb76-15e5-49f1-a91d-2281c8a7867f,Cindy King,1,,i was looking for the old calm with the brain and the pinging for EMDR... unfortunately this is not what I was expecting.,1,,2026-03-23T20:53:49,,
"Calm - Sleep, Meditate, Relax",com.calm.android,Health,e0c1e049-0910-4c3e-885e-6914d5b674c0,VAISHNAVI S,1,,paid app,2,6.91,2026-03-23T15:11:29,,
"Calm - Sleep, Meditate, Relax",com.calm.android,Health,f5db8bc1-4d25-4cbb-b96d-1235eb9d0660,Dona Colomb Nasr,2,,you barely can do anything if you don't subscribe,0,6.91,2026-03-23T08:07:07,,
"Calm - Sleep, Meditate, Relax",com.calm.android,Health,076d0027-f2b2-4822-85a2-3cef4458fae8,Transplant Girl,2,,Not helpful... initial screening offered a personalised programme which never eventuated... content appears no different from what one might find oneself,0,,2026-03-23T03:47:53,,
"Calm - Sleep, Meditate, Relax",com.calm.android,Health,66ab3d37-200a-40d7-80e3-363dd084f609,Debbie Green,5,,something about his voice....I just fall asleep so much faster!!!,1,6.91,2026-03-23T01:39:29,,
"Calm - Sleep, Meditate, Relax",com.calm.android,Health,5784e390-e091-4e23-a68c-f80c57a29b3f,Brandi Wright,1,,My mother bought a family membership that I clicked on and then when I downloaded the app and clicked on the link it did not work for me. It just sent me back to the Google app store where I could open the app up but it did not show anywhere on the app that I was on the family plan.,1,6.73 ,2026-03-22T20:57:32,,
"Calm - Sleep, Meditate, Relax",com.calm.android,Health,4a01723f-2381-4f2f-9fff-700224bd1b73,A Google user,5,,Deep breathing is essential,0,6.91,2026-03-22T20:42:45,,
"Calm - Sleep, Meditate, Relax",com.calm.android,Health,cc988bde-6b85-4318-8f06-9273f19b1ad3,Robert Simila,5,,Excellent app. Helps me Calm down. Pun intended.,0,6.91,2026-03-22T18:01:09,,
"Calm - Sleep, Meditate, Relax",com.calm.android,Health,51cb47fb-bf8b-4657-8ab5-e709fbcea019,Latteme94 Gmail,1,,lame.... gives you an expired offer that you cant get passed. then a stupid hold to verify you are human cant get past that...... even for a trial it just wants money... so pathetic.... take advantage of people who may be in need emotionally....,2,,2026-03-22T13:00:29,,
"Calm - Sleep, Meditate, Relax",com.calm.android,Health,e7673f44-4314-4c59-8c0c-860df0a6e553,J V,1,,the most annoying UX experience. Please remove splash screen that I have to dismiss everytime I open app. Please make the up search function better. You cannot find what u want most of the time.,2,6.91,2026-03-22T08:27:26,,
"Calm - Sleep, Meditate, Relax",com.calm.android,Health,d17a4441-8282-448c-b6ce-1700e7b24753,Ashley Higgins,5,,Love it! 🩷,0,6.91,2026-03-22T05:28:17,,
"Calm - Sleep, Meditate, Relax",com.calm.android,Health,10868790-b9c9-46b3-86dd-2761af669d9b,J Perkins,2,,"These folks are not on the level. I was drawn in through a sleep quiz that was supposed to send a customized program. Only AFTER they collected my data, my payment including the purchase of a guided journal did I learn that ""Calm Sleep"" is a completely separate app only available on Apple devices! While they refunded the payment for the app, I never received a refund for the journal and they never deleted my data.",4,,2026-03-21T23:23:11,,
"Calm - Sleep, Meditate, Relax",com.calm.android,Health,20171f05-3beb-47ed-ac71-1a057661179b,Amrit Sumati,5,,Love it,0,6.91,2026-03-21T16:19:43,,
"Calm - Sleep, Meditate, Relax",com.calm.android,Health,452ac151-50e5-483a-a706-d8656249d359,Chris V,1,,it wanted to charge me $6.66 a month,3,6.91,2026-03-21T14:46:54,,
"Calm - Sleep, Meditate, Relax",com.calm.android,Health,0a12c500-72e7-4b8f-8834-a52b16826dc2,Jenise Hart,4,,You have to pay for it to enjoy it,0,,2026-03-21T14:42:02,,
"Calm - Sleep, Meditate, Relax",com.calm.android,Health,0b0f14d6-b216-49a2-b55b-2d2371404a7c,Ankit Jagannath,2,,"Awesome app with fantastic content. I cannot for the life of me figure out why they thought this was the kind of navigation makes sense. but when I do find what I'm looking for, it's amazing",1,6.91,2026-03-21T13:31:01,,
"Calm - Sleep, Meditate, Relax",com.calm.android,Health,f4e4dc74-d5bc-474b-b108-a8852ae83575,Erica Tiziani,1,,bad,0,6.91,2026-03-20T17:23:41,,
