app_name,app_id,category,review_id,username,rating,title,text,thumbs_up_count,review_created_version,at,reply_content,reply_at
Call of Duty®: Mobile - Garena,com.garena.game.codm,Gaming,bad01fa0-e94d-4559-97e0-83ee7938cf8d,JOSH ALEXANDER Sumatra,1,,yawa ni dulaa ni yawa,0,1.6.56,2026-07-26T16:13:13,,
Call of Duty®: Mobile - Garena,com.garena.game.codm,Gaming,6f104972-d321-4f22-8fb7-a012658b1406,Minho Gernade,5,,this game change my life,0,1.6.56,2026-07-26T16:07:24,,
Call of Duty®: Mobile - Garena,com.garena.game.codm,Gaming,0a767f52-8726-4705-a7a6-9b39350ff213,Prince Dinmar Bustamante,1,,Bruh the storage this game is not playable for low devices this game is suck now because not everyone afford high end device so I suggest that u all can low the storage so we low devices can play low the storage,0,,2026-07-26T15:39:05,,
Call of Duty®: Mobile - Garena,com.garena.game.codm,Gaming,0f9cf5c4-34b6-444a-87cc-5fd94f17cf1e,Roy Galupo,3,,it goes back to my desktop,0,1.6.56,2026-07-26T15:29:57,,
Call of Duty®: Mobile - Garena,com.garena.game.codm,Gaming,1b479706-7c58-49f1-8f67-9313611401f1,Chona Ubaldo,3,,nakakaurat Kasi Hindi kaya ng low end device,0,1.6.54,2026-07-26T15:11:52,,
Call of Duty®: Mobile - Garena,com.garena.game.codm,Gaming,ff0b18ad-8bb0-41b5-90c5-71ef7e2d06fd,Vivian Añinon,5,,masaya mag larousse,0,1.6.56,2026-07-26T15:02:43,,
Call of Duty®: Mobile - Garena,com.garena.game.codm,Gaming,0a161ca8-fccc-4ce7-b278-82397c5b086a,NETH Hohoho,5,,sulid,0,1.6.56,2026-07-26T14:46:04,,
Call of Duty®: Mobile - Garena,com.garena.game.codm,Gaming,83fde994-ac30-405f-80d4-e8f6c5ea8150,Jaivy Algabre,1,,DAMING BUG,0,1.6.56,2026-07-26T14:14:30,,
Call of Duty®: Mobile - Garena,com.garena.game.codm,Gaming,36cbcd37-5f15-46c1-bcfc-82abccede669,Kaye Casinsinan,5,,so good,0,,2026-07-26T13:24:32,,
Call of Duty®: Mobile - Garena,com.garena.game.codm,Gaming,38e16c80-2499-448b-bac5-450283773eb4,Willchris Elmidor,5,,Best graphics and Functions,0,1.6.56,2026-07-26T13:04:17,,
Call of Duty®: Mobile - Garena,com.garena.game.codm,Gaming,518f0464-ecca-4137-966e-4e9a5bae0591,Jaycer Dhan Caparas,1,,"you know what? this is the worst game I've ever played, can you please back the dog tag? it's not more exciting unlike before, please have a concern to your player. thank you!!!",0,1.6.56,2026-07-26T12:56:36,,
Call of Duty®: Mobile - Garena,com.garena.game.codm,Gaming,1aa2e19f-ba61-46e0-9fa8-b0e89e7b71b6,Janel Candole,5,,I like this game and it has more free skin but u need to grind more 💪,0,,2026-07-26T12:42:59,,
Call of Duty®: Mobile - Garena,com.garena.game.codm,Gaming,8dc1815a-162e-4682-b5f0-39a35f5b0454,Zakk Wylde Lamigo,3,,i think it has a bug i play it normally and next game it has no firing botton,0,,2026-07-26T12:30:42,,
Call of Duty®: Mobile - Garena,com.garena.game.codm,Gaming,0e44c753-b3dc-4997-912b-cbdee3a19bc5,Geoff Padilla,2,,fixed review the bots in this game a super annoying especially if your playing mp I'm mp main the lobby on other game modes filled with bots that has auto aim that makes it auto lose fix it cod!!,0,1.6.56,2026-07-26T12:30:31,,
Call of Duty®: Mobile - Garena,com.garena.game.codm,Gaming,b01905d5-0222-4aca-86ad-aecdd0916d2e,VINCENT esmillarin,5,,good performance,0,,2026-07-26T12:28:37,,
Call of Duty®: Mobile - Garena,com.garena.game.codm,Gaming,e85798c7-f549-463a-9dae-85ded1769728,Ako Siclarence,1,,optimization suck.,0,1.6.56,2026-07-26T11:49:35,,
Call of Duty®: Mobile - Garena,com.garena.game.codm,Gaming,c9e814a6-ad47-4c1c-bcf8-b8cdce408a75,Karen Nonato,1,,"I was making my name then I got kicked out for no reason, I hate this, FIX THIS!",0,1.6.56,2026-07-26T11:45:13,,
Call of Duty®: Mobile - Garena,com.garena.game.codm,Gaming,72a804f8-e96f-4ba4-990b-bc33e39e440e,Christine Truya Christine Truya,4,,merpectttt 😂,0,,2026-07-26T11:24:58,,
Call of Duty®: Mobile - Garena,com.garena.game.codm,Gaming,683dc083-44ea-42ae-9e08-b603901c8e6e,Zeoush Carling,3,,"Good game,large storage,hackers in ranked,unfair for rookies",0,,2026-07-26T11:17:29,,
Call of Duty®: Mobile - Garena,com.garena.game.codm,Gaming,dbde8403-47e7-449a-bf2a-8f403e5b8a0f,Lyncejay Viajedor,1,,it cannot open,0,1.6.56,2026-07-26T11:03:14,,
Call of Duty®: Mobile - Garena,com.garena.game.codm,Gaming,5fdb618d-9fe4-4d90-a209-2729bfcb31ac,Rosniya Usman,5,,good.,0,,2026-07-26T10:56:56,,
Call of Duty®: Mobile - Garena,com.garena.game.codm,Gaming,0032fdf0-614b-4a1d-81b5-9fb58145cd2e,Lebron Castillo,1,,"im not satisfying,ayaw ma open yung cod,pag nag oopen ako,na iistock sa 0 ayaw gumalaw,tapos pag 99% stock narin dun,and isa pa laging may lumalabas na,google play mag sign in daw ako,talos ayaw parin,mataas naman GB ko,6/128 ako tapos ang free space is almost 78Gb,tapos pag nag 0 yung loading,mag lo-loading timeout,naka full bar naman yung wf ko,nag try narin ako ng,unli data,ayaw parin,kaya hindi ako satisfying,ayusin nyo yung technical problem,nag open naman sya isang 1time,after nun ayaw na!",0,1.6.56,2026-07-26T10:46:19,,
Call of Duty®: Mobile - Garena,com.garena.game.codm,Gaming,bf92730c-456d-4bb9-8f1f-1edbefab607b,Marc Ecko Velasco,1,,sama ng ugali mo codm,0,1.6.56,2026-07-26T10:42:00,,
Call of Duty®: Mobile - Garena,com.garena.game.codm,Gaming,f91b761a-e3ea-429e-ac12-978091f1e99d,Rod Christopher Sabay,3,,Not bad or that good,0,1.6.56,2026-07-26T10:41:49,,
Call of Duty®: Mobile - Garena,com.garena.game.codm,Gaming,04062835-cc05-4e1d-bf25-96acda1a24a6,Jan_Shallow Gabriel_Graveyard,5,,"Addictive Game... One of the Best FPS Game..,But its hard to win battle royale because there's so many best players.., its hard to win..",2,1.6.15,2026-07-26T10:38:24,,
Call of Duty®: Mobile - Garena,com.garena.game.codm,Gaming,a8c8d97b-97fd-4cd8-8789-e65ee37c040b,"Lance Gwapo,pogi",5,,YES THIS GAME IS THE G.O.A.T,0,1.6.56,2026-07-26T10:25:47,,
Call of Duty®: Mobile - Garena,com.garena.game.codm,Gaming,997091c3-29a3-42fb-91c0-f131981e2b07,Ardrie Dulay,5,,"Good Game very fun, I just want to say that call of duty should add ang leave button on the phantom thieves event",0,1.6.56,2026-07-26T10:23:03,,
Call of Duty®: Mobile - Garena,com.garena.game.codm,Gaming,761de05a-2ff5-4f45-a113-432568e79c33,Arlene Angel Aducal,5,,iloveyou papa codm,0,1.6.56,2026-07-26T10:08:44,,
Call of Duty®: Mobile - Garena,com.garena.game.codm,Gaming,5c847efc-7a94-4d14-916c-fa3c792dc6b6,Aaron Robles,5,,I hate this game u know why it will be deleted my money gove it backj,0,1.6.56,2026-07-26T09:46:26,,
Call of Duty®: Mobile - Garena,com.garena.game.codm,Gaming,c5a5a07a-86fb-4daa-b9b0-22d95122a83d,Melojean Rodriguez,1,,masaya at. nakakasamakoagn kaibagan,0,,2026-07-26T09:34:45,,
Call of Duty®: Mobile - Garena,com.garena.game.codm,Gaming,b4523cc3-e4de-49b4-a90a-a84e615f9710,Danish Faeyza,5,,better,0,1.6.56,2026-07-26T09:19:41,,
Call of Duty®: Mobile - Garena,com.garena.game.codm,Gaming,1e6014a1-9a36-4fc1-838e-d7ce4f7d0420,Jhanerish Crisologo,5,,soo good and so really relaxing,0,1.6.56,2026-07-26T08:51:29,,
Call of Duty®: Mobile - Garena,com.garena.game.codm,Gaming,cb26d72d-3d38-4cd5-960a-3388211f7ed5,Deejay Mata,5,,how to fix may world chat,0,1.6.56,2026-07-26T08:45:14,,
Call of Duty®: Mobile - Garena,com.garena.game.codm,Gaming,add5ebce-5273-4718-abec-93ad37fca690,Remuel Beato,1,,Pls down load,0,,2026-07-26T08:32:36,,
Call of Duty®: Mobile - Garena,com.garena.game.codm,Gaming,3b5fa0d7-234b-46d5-a4eb-23e97fdd8fc6,Hanna Mae Antonio,5,,good af,0,1.6.56,2026-07-26T08:25:51,,
Call of Duty®: Mobile - Garena,com.garena.game.codm,Gaming,1a327f35-fa92-49d7-9b32-9f56f3804a80,JB.Gaming,4,,There's a bug that reviving down teammate it freeze the game i can't do anything until i revive the teammate i though it's phone problem pls fix this codm.,0,1.6.56,2026-07-26T08:07:28,,
Call of Duty®: Mobile - Garena,com.garena.game.codm,Gaming,599894a4-b154-42a8-8f16-0bc2c90b4992,Ann Menez,5,,"maganda laruin, fav game ko 'to",0,,2026-07-26T07:48:52,,
Call of Duty®: Mobile - Garena,com.garena.game.codm,Gaming,62978d13-6f23-4df5-9d35-3ed3ddceeac5,John ismael Almoneda,5,,di maka laro,0,1.6.56,2026-07-26T07:30:33,,
Call of Duty®: Mobile - Garena,com.garena.game.codm,Gaming,cb4427f4-d890-4e72-bbee-2b46f5094604,Frenchynah Aaliyah Ferenal,4,,it takes long when updating and when it's 100% it doesn't let me play,0,1.6.55,2026-07-26T07:20:15,,
Call of Duty®: Mobile - Garena,com.garena.game.codm,Gaming,eee994f0-e0da-4b3a-af5f-11d14fd21606,_ ruth,5,,it's so fun,0,,2026-07-26T07:20:11,,
Call of Duty®: Mobile - Garena,com.garena.game.codm,Gaming,824158b3-e9a5-4461-8896-79fac9fef117,Ichigo Kageyama,3,,the bot in this game is needed to be nerf bro imean they are so better than player the bot in this game has good aim,0,1.6.56,2026-07-26T07:19:57,,
Call of Duty®: Mobile - Garena,com.garena.game.codm,Gaming,512a05c0-1c5b-433e-8496-668b97c3fdfb,Bitchoi Dexter,2,,this game was good but in low end device Soo sad because they are so lag and cannot play ang cdm developer not responding the graphics to be smoother,0,1.6.56,2026-07-26T07:04:01,,
Call of Duty®: Mobile - Garena,com.garena.game.codm,Gaming,97c23378-fa20-41c6-afc6-7bd65972d3df,Norma Pillos,5,,great game but I'm bad at lucky draw,0,1.6.56,2026-07-26T06:54:22,,
Call of Duty®: Mobile - Garena,com.garena.game.codm,Gaming,001950c9-d0fd-4b69-8da9-451c8d8aca2c,Rome Villadolid,1,,Kala ko magreconnect ako tas bigla ako pinaquit. bobo naman ah,0,1.6.56,2026-07-26T06:36:05,,
Call of Duty®: Mobile - Garena,com.garena.game.codm,Gaming,c4bbedac-dfc9-4052-a886-45e9e7a027ec,Kristoff Arcenal,5,,I just play this game like 3monts ago and it's pretty solid,0,,2026-07-26T06:21:36,,
Call of Duty®: Mobile - Garena,com.garena.game.codm,Gaming,7cae29d9-9965-4f97-9ee6-4af030c9941e,Jem Delacruz,5,,Puro reklamo mga newbie na walang bitaw Lala nasa phone nyo yan mga kengkoy,0,1.6.51,2026-07-26T06:03:58,,
Call of Duty®: Mobile - Garena,com.garena.game.codm,Gaming,aaacdd8f-7162-4305-9ab0-f0a94e158652,Liandro Suhot,5,,"nice but, log og low device",0,1.6.53,2026-07-26T04:26:35,,
Call of Duty®: Mobile - Garena,com.garena.game.codm,Gaming,235f1c8a-4771-4aef-839d-e5abd97f43c0,Clark Sala,1,,it's to big for an low device pleyers,0,,2026-07-26T03:41:50,,
Call of Duty®: Mobile - Garena,com.garena.game.codm,Gaming,a8ae1eb9-01b8-427e-8720-27ff117f5322,cabarles vinz,1,,cod of moBUG??,0,1.6.56,2026-07-26T02:18:10,,
Call of Duty®: Mobile - Garena,com.garena.game.codm,Gaming,c4e73579-5ff5-46d3-8720-e0e75e4e13e1,markjohn brozas,1,,"Please fix the bug in this game. Every time I try to enter, a ""download configuration failed"" error pops up. I’ve tried everything—switching from mobile data to Wi-Fi, force-stopping the app in the settings, clearing the data, and even uninstalling and reinstalling it—but I still can't play or even get into the game. Please fix this issue.",0,1.6.56,2026-07-26T02:16:24,,
Call of Duty®: Mobile - Garena,com.garena.game.codm,Gaming,04511ddb-af55-4953-a0c5-e61292d95f85,Bryle Sibulan,2,,disappointed at the download configuration failed,0,1.6.56,2026-07-26T02:09:23,,
Call of Duty®: Mobile - Garena,com.garena.game.codm,Gaming,5a0c85f6-61a8-4be6-9fbd-163ed71ca4f1,Zyrus Pondivida,5,,good game,0,1.6.56,2026-07-26T02:00:34,,
Call of Duty®: Mobile - Garena,com.garena.game.codm,Gaming,ddd2efc4-2a62-4b95-9165-179a27783462,BERT BILLS,1,,Poor quality after update. App doesn't work well. Just stuck in the loading screen,0,1.6.56,2026-07-26T01:59:51,,
Call of Duty®: Mobile - Garena,com.garena.game.codm,Gaming,19810d4c-5d26-4138-a32f-b3062e2840c1,Coco Melon,1,,downloading configuration failed what is this codm,0,1.6.56,2026-07-26T01:55:10,,
Call of Duty®: Mobile - Garena,com.garena.game.codm,Gaming,f71b486b-ea17-4e74-89f2-52fb250b2869,Christian Gonzaga,1,,too many freakin bugs.,0,1.6.56,2026-07-26T01:47:13,,
Call of Duty®: Mobile - Garena,com.garena.game.codm,Gaming,b27db8d0-a1e6-489d-96b9-7a65a5841882,john abuyog,5,,nc game rn,0,1.6.56,2026-07-26T01:41:50,,
Call of Duty®: Mobile - Garena,com.garena.game.codm,Gaming,a4ac1566-5050-4e80-bd76-2392f4d31339,Renzeel Arizala,2,,I downloaded all the resources I have a nice internet to run this game still there's a notice that the configuration download failed.,0,,2026-07-26T01:41:40,,
Call of Duty®: Mobile - Garena,com.garena.game.codm,Gaming,1739f43f-d414-48e1-bfac-d6ed4879fa70,KERAPU GAMING,1,,so bad in system this game,0,1.6.56,2026-07-26T01:39:56,,
Call of Duty®: Mobile - Garena,com.garena.game.codm,Gaming,9f9881f2-1292-45df-b7b9-9a9514a4b5d0,Muhamad Agus Rifai,1,,Sulit untuk mencari match di mode rank multiplayer,0,1.6.56,2026-07-26T01:33:11,,
Call of Duty®: Mobile - Garena,com.garena.game.codm,Gaming,4247e8ef-3fee-4a10-935a-b51f896befb9,Lourence Rebello,5,,It would be okay if the GB is high.,0,,2026-07-26T01:30:09,,
Call of Duty®: Mobile - Garena,com.garena.game.codm,Gaming,f139b0ad-96f1-40cc-84b0-592884558427,Badrul Amin,1,,"Hi CODM devs, I have an issue whereby when I clicked the game it stated ""download configuration failed, make sure you are connected to a network and restart your game"" I have tried both my wifi and mobile data and it is still currently giving me this issue please fix it:(",0,1.6.56,2026-07-26T01:27:37,,
Call of Duty®: Mobile - Garena,com.garena.game.codm,Gaming,fea8658a-eefb-4a6e-b574-a74873c64e32,Rey Gundran,2,,cant open codm,0,1.6.56,2026-07-26T01:23:30,,
Call of Duty®: Mobile - Garena,com.garena.game.codm,Gaming,c230cd2b-754f-4a90-a03d-5415b94a9834,Dephsel Martin,1,,won't let me in even when I have network,0,,2026-07-26T01:16:21,,
Call of Duty®: Mobile - Garena,com.garena.game.codm,Gaming,0e29b92e-432d-448a-85da-99d698ceb82e,Mc Jiel Penazo,3,,Please fix error 5027,0,1.6.56,2026-07-26T00:04:07,,
Call of Duty®: Mobile - Garena,com.garena.game.codm,Gaming,c47f83fc-018c-4259-b6bb-ce6e4bdc4a80,Rana Pascan,1,,"lagging and crashes out. ever since i updated this game, im always lagging and it crashes out mid game. and it affects my points 😡😡😡 i always have to restart and i cant rejoin the game. you always update this game yet its still not good.",0,1.6.56,2026-07-25T23:33:31,,
Call of Duty®: Mobile - Garena,com.garena.game.codm,Gaming,835104f2-b652-4c2d-b4d6-17afca7e4777,matt yap,1,,"bad match making , good gun skins , but overall the matchmaking and teams are so bad",0,1.6.56,2026-07-25T22:55:18,,
Call of Duty®: Mobile - Garena,com.garena.game.codm,Gaming,98ae1d77-e649-4a1e-a183-b00f166d79ef,Jenny Apales,5,,ang ganda,0,,2026-07-25T22:38:46,,
Call of Duty®: Mobile - Garena,com.garena.game.codm,Gaming,caff63ef-66f4-4546-910a-48ef6f130576,Tristan dwight Morales,1,,"Please fix the black house in battle royale and lower the storage, the others are too big and are stuck because they are low end and I hope the bugs are fixed before release.",0,,2026-07-25T22:30:25,,
Call of Duty®: Mobile - Garena,com.garena.game.codm,Gaming,c369aad2-6e75-47a6-940e-dcc1fe35754c,Tok Wang,5,,great!,0,,2026-07-25T22:21:13,,
Call of Duty®: Mobile - Garena,com.garena.game.codm,Gaming,7c45c8fb-6b03-4352-a42d-b99af1cdc1a0,Jo1 Ve,1,,please fix the timeout error in the login phase. Even I redownloaded my CODM at do YT vids it's still not working. I hope this will fix promptly. Thank you,0,,2026-07-25T21:57:32,,
Call of Duty®: Mobile - Garena,com.garena.game.codm,Gaming,6fe7ea40-f692-43c6-b26a-8278369e3d57,Jorros Ismael,2,,I loss my acc but I'm gonna start over,0,1.6.53,2026-07-25T21:37:24,,
Call of Duty®: Mobile - Garena,com.garena.game.codm,Gaming,dc036478-f762-4e14-87af-6549821f1ee8,Desalla CJAY,2,,Please optimize the battle Royal so lag bro i can be a pro but my phone gang so lag please optimize the game the battl royal,0,1.6.56,2026-07-25T21:09:07,,
Call of Duty®: Mobile - Garena,com.garena.game.codm,Gaming,f1091997-4f63-42a9-8374-6937710f5330,Ayin Padicio,5,,Its good and cool! Btw thisbis the best game I've ever played!,0,1.6.56,2026-07-25T20:38:38,,
Call of Duty®: Mobile - Garena,com.garena.game.codm,Gaming,dab9ce81-e720-4615-901d-93ed27197681,Carlo Raiz Handsom_ecarlo,1,,happy,0,1.6.56,2026-07-25T20:36:44,,
Call of Duty®: Mobile - Garena,com.garena.game.codm,Gaming,fddca405-827e-42f4-89f1-a1c164ef5887,Sharmainekimlynobenieta sharmainekimlynobenieta,5,,I love this game so much,0,1.6.55,2026-07-25T19:58:23,,
Call of Duty®: Mobile - Garena,com.garena.game.codm,Gaming,42accf6e-ace2-4714-b80f-8f675cf8263d,Svenn Panduma,4,,pls fix the time out and Google bug pls,0,1.6.56,2026-07-25T19:43:19,,
Call of Duty®: Mobile - Garena,com.garena.game.codm,Gaming,7e4b3ca6-1419-437a-ad8a-78c2c68f7f14,Julan Lunggang,3,,do you have a lite version??,0,,2026-07-25T19:33:44,,
Call of Duty®: Mobile - Garena,com.garena.game.codm,Gaming,a03ccddf-372f-47b8-910a-9183a1422999,Mark Gelu Esmas Rabanal,5,,nice,0,1.6.56,2026-07-25T19:32:35,,
Call of Duty®: Mobile - Garena,com.garena.game.codm,Gaming,1e4be3cd-53a4-4542-b1bc-39b576c0615a,carl villas,1,,fix the bugs. new update new bug the bug only gets fixed once the new update arives,0,,2026-07-25T19:31:53,,
Call of Duty®: Mobile - Garena,com.garena.game.codm,Gaming,471e088b-3d05-4ce0-bb34-8dcfa38b5b3e,Jay Arangorin,1,,habang nag lalaro ako nag oopen Google play nakaka ewan,0,1.6.56,2026-07-25T19:21:43,,
Call of Duty®: Mobile - Garena,com.garena.game.codm,Gaming,e44769b9-ce47-4153-bb14-f70d199aaeb8,M Fahri,1,,"idk where to report a bug so i write it here, there's a bug when reviving a team mate in br",0,1.6.56,2026-07-25T19:02:07,,
Call of Duty®: Mobile - Garena,com.garena.game.codm,Gaming,fd62759c-7524-4498-b9c1-bcc68e204290,Mahiru Shiina,5,,best game,0,1.6.56,2026-07-25T18:56:46,,
Call of Duty®: Mobile - Garena,com.garena.game.codm,Gaming,e81409d5-4d1a-4873-9b1d-0bd44099d63f,Ronnie Bading,1,,fix the lag when it rescue a teammate.,0,1.6.56,2026-07-25T18:53:22,,
Call of Duty®: Mobile - Garena,com.garena.game.codm,Gaming,9e92757c-d57e-4e74-8ed5-685cb54d6a24,James Rivera,3,,"good game, but this game is not giving a lucky draw like character and legendary gun, in depends in any player, but so unfair!!",0,1.6.56,2026-07-25T18:48:23,,
Call of Duty®: Mobile - Garena,com.garena.game.codm,Gaming,c7e9c01b-6244-45d5-8139-2fb0ff988bf2,Dashclinton Tresballes,1,,"Codm always give me poor teammates at rank mp, and i got 10 defeats because of it, it makes me crazy and angry and possible of doing school shooting and blame this game",0,1.6.56,2026-07-25T18:40:09,,
Call of Duty®: Mobile - Garena,com.garena.game.codm,Gaming,56c97d2b-524a-4996-8c18-4fec9f4ff8f1,Gian Caraan,3,,I just reached 5 level of legendary the MP - Honorable Legendary icon didn't change when i reach legendary. Is it a bug or something?,0,1.6.56,2026-07-25T18:37:17,,
Call of Duty®: Mobile - Garena,com.garena.game.codm,Gaming,5c2dfd77-beb1-450c-b6bc-e95d0a2e20b1,Totsky Belingan,1,,it's too good this app try it,0,1.6.55,2026-07-25T18:22:19,,
Call of Duty®: Mobile - Garena,com.garena.game.codm,Gaming,01124635-4c81-4338-9c68-86c04ccb0360,Keillan harlan Camonias,1,,stupid codm giving me bots as damn teammates and also giving bad updates,0,1.6.56,2026-07-25T18:21:28,,
Call of Duty®: Mobile - Garena,com.garena.game.codm,Gaming,84624c6c-0cdf-45f9-896c-9c2675c38d5a,Zean rayne angelo g Tolentino,5,,"My Childhood Game Just Fix The Bugs,And Other Then Bring Back 2020 Era I Miss The Memories I Shared With Mga Pinsan Ko. Thank You This Is The Most Greatest Game",0,1.6.56,2026-07-25T18:04:57,,
Call of Duty®: Mobile - Garena,com.garena.game.codm,Gaming,7b99735b-1bd7-4ff1-b2cc-812eab0831dd,Fuqri Zamri,1,,Phantom thieves trials event is error when i want to claim reward in 25/7 events. Its suck,0,1.6.56,2026-07-25T18:01:20,,
Call of Duty®: Mobile - Garena,com.garena.game.codm,Gaming,d7fdcca8-6ab7-4435-8adc-6a5e44bc8bf1,Harvey Coyokot,5,,maganda,0,1.6.51,2026-07-25T17:49:33,,
Call of Duty®: Mobile - Garena,com.garena.game.codm,Gaming,ccf0cfb5-1bdd-470c-abd0-1f23ae0c71fc,Zayne Nathan Callao,5,,My childhood,0,,2026-07-25T17:37:51,,
Call of Duty®: Mobile - Garena,com.garena.game.codm,Gaming,98269439-5a11-4f84-b03d-818c1ea3ddbf,Crister Jaz Magbago,1,,CODM BE LIKE: Problem: Bugs/cheaters. Solution: New draws and collab.,17,1.6.56,2026-07-25T17:29:20,,
Call of Duty®: Mobile - Garena,com.garena.game.codm,Gaming,bc4e4a84-7ca6-4c1d-b5aa-0a8c480febe8,Asnia Panalondong,5,,"I really like this game, it's been 3 years I've play this game if only I have cp then that would be awesome. but the storage is keeping getting bigger.",0,1.6.56,2026-07-25T17:17:51,,
Call of Duty®: Mobile - Garena,com.garena.game.codm,Gaming,8996e6fd-0cf8-431f-9219-99660617974d,vilasshine suresh,5,,Its really fun and exciting,0,1.6.55,2026-07-25T17:00:37,,
Call of Duty®: Mobile - Garena,com.garena.game.codm,Gaming,1a357643-745b-4c65-8cb7-61e99f18ba36,Arianna Grace Patubo,5,,yaaaaaa,0,1.6.56,2026-07-25T16:59:24,,
Call of Duty®: Mobile - Garena,com.garena.game.codm,Gaming,4e5186c0-ffc9-41fb-a219-0921028c62e8,DNM Gamer,5,,I hope you listen to me about the event that is free 10k cp. I hope it is free for players who can't afford to spend cp. There is no need to invite friends to get the 10k cp. Many people will be happy.,0,1.6.56,2026-07-25T16:45:50,,
Call of Duty®: Mobile - Garena,com.garena.game.codm,Gaming,627ea710-8d99-49e1-ae94-fbf236a6a091,The Real Jerk (ikitot),2,,first it is Nice but things get harder But it is Hard to Download,0,1.6.55,2026-07-25T16:37:33,,
Call of Duty®: Mobile - Garena,com.garena.game.codm,Gaming,08a3f4d7-c9e7-48ec-9ea8-55fa6fdd2845,Jeniel Rico,1,,walang gift kasi ehh kaya ito lang yung star,0,1.6.56,2026-07-25T16:17:10,,
Call of Duty®: Mobile - Garena,com.garena.game.codm,Gaming,d81fc74d-98a4-490c-a7af-effaa45c0355,Hannah Vhea Collado,1,,"the event sucks, i claimed the manta ray already but it didn't show in my collection",0,1.6.56,2026-07-25T16:14:50,,
Call of Duty®: Mobile - Garena,com.garena.game.codm,Gaming,720316eb-1177-4639-ac06-245ed85009df,Vince Lacaran,5,,"I love this game ,pero lag Ako dahil low device ako",0,1.6.52,2026-07-25T16:03:06,,
Call of Duty®: Mobile - Garena,com.garena.game.codm,Gaming,f2127821-d930-4d7f-9d5d-c837f1c04935,Mary ann Ergina,5,,apk nyo keren,0,,2026-07-25T16:02:40,,
Call of Duty®: Mobile - Garena,com.garena.game.codm,Gaming,b1824086-a92b-4905-8a23-12a624d3c906,Dimple Manganti,5,,it's sooo so good hope you install this app to enjoy😊😊,0,1.6.56,2026-07-25T16:01:52,,
Call of Duty®: Mobile - Garena,com.garena.game.codm,Gaming,4ca46b2b-2802-4865-b266-29837b3580e6,Andrea Fabian,5,,good,0,1.6.56,2026-07-25T15:53:06,,
Call of Duty®: Mobile - Garena,com.garena.game.codm,Gaming,cd61c92d-f6cc-47c7-bde4-9d44342b0586,Kai zeus,5,,it was fun and amazing i made friends and my best overall game,0,1.6.56,2026-07-25T15:50:37,,
Call of Duty®: Mobile - Garena,com.garena.game.codm,Gaming,9de9a57c-a7b1-426f-a675-1cff868eeee5,Jcjhon Torres,5,,it's fun and so good but i want cp,1,1.6.56,2026-07-25T15:23:43,,
Call of Duty®: Mobile - Garena,com.garena.game.codm,Gaming,fa209d40-8ae0-4eca-8a62-18b87e25a802,Ratings the Funniest moments,3,,pls lower the storage my device can't handle it anymore,1,,2026-07-25T15:22:04,,
Call of Duty®: Mobile - Garena,com.garena.game.codm,Gaming,9cb9147b-ad4d-4039-b59d-a4f3ba500fe1,Junemar Santos,5,,it's fun it has realistic graphics install this is fun to play 😊,1,1.6.56,2026-07-25T15:20:34,,
Call of Duty®: Mobile - Garena,com.garena.game.codm,Gaming,382dc507-955b-46b0-8d46-2078b44294e4,Kurapika Playz,2,,too much bug!! you have a big storage and yet fixing bugs!!,0,,2026-07-25T15:17:25,,
Call of Duty®: Mobile - Garena,com.garena.game.codm,Gaming,c30a1667-aab0-4389-a36b-7066becc61a0,Fighting Falcon,5,,can you make changing Avatars to Custom Avatars much easier pls,0,1.6.56,2026-07-25T15:15:50,,
Call of Duty®: Mobile - Garena,com.garena.game.codm,Gaming,938d00fe-e2a2-4dbc-8cfe-d9c369ad6b98,Jan Neroel Bod-oy,1,,storage size rank lowers down per season extra megabites to log in for the first time this is not play store bro this is a game,1,,2026-07-25T14:56:38,,
Call of Duty®: Mobile - Garena,com.garena.game.codm,Gaming,3ce121de-f79c-4fbb-88aa-4200184ec04e,Bengie Cuarteros,2,,daming cheater naman plss ban po nyo ka walang gana mag laro,0,1.6.56,2026-07-25T14:50:58,,
Call of Duty®: Mobile - Garena,com.garena.game.codm,Gaming,ff6451f8-cd2b-4ce9-8492-9a7e32a6472c,Arlan Briones,5,,codm kelan ba susuwertehin sa draw Nayan lala 4 years nako nag lalaro Wala pako nakukuha kahit Isa nakakatamad na mag laro kahit Isang legendary lang na barel ohh,1,1.6.55,2026-07-25T14:50:08,,
Call of Duty®: Mobile - Garena,com.garena.game.codm,Gaming,792d7b33-b810-424c-9431-00eb9911617c,Jenifer Wahingon,5,,balagbagan na tol,0,,2026-07-25T14:41:24,,
Call of Duty®: Mobile - Garena,com.garena.game.codm,Gaming,8b7a72e8-61fe-4c84-a3eb-28023768b7c4,Lewis Andrew Hermoso Aguado,1,,"CODM no longer opens quickly and keeps malfunctioning; it won't start and keeps closing on its own even without me quitting the app. It has become unplayable and unusable, taking two to four hours just to open. It’s throwing errors and not working properly due to the new update. It’s become too much to handle. I hope you can release an update to fix this so that no devices are negatively affected and there are no further issues with the app.",0,1.6.56,2026-07-25T14:40:11,,
Call of Duty®: Mobile - Garena,com.garena.game.codm,Gaming,da8adc43-0ec0-4ce0-9e8c-70b60c9357a5,daniel artificio,1,,can't download due to the high capacity of storage taken,0,,2026-07-25T14:40:08,,
Call of Duty®: Mobile - Garena,com.garena.game.codm,Gaming,488be326-e77d-472e-b329-8084ee5853ff,Day Light,1,,"My account got logged out and now even if I fill up the log in questions,it still won't work. I Hate this app, it has more cons than pros!. Never downloading this app again😠",0,,2026-07-25T14:33:11,,
Call of Duty®: Mobile - Garena,com.garena.game.codm,Gaming,485d1345-997b-4ccf-8c85-e01fcf3c5417,Madz,1,,can you fix bug in codm because when you open the character not download then when you use 1.1.1.1 it's downloaded like normal.,0,1.6.56,2026-07-25T14:28:17,,
Call of Duty®: Mobile - Garena,com.garena.game.codm,Gaming,7a6163d6-6ea0-4038-8af9-8bd8580f20d7,Raffy Clerigo,5,,wow,0,,2026-07-25T13:27:44,,
Call of Duty®: Mobile - Garena,com.garena.game.codm,Gaming,cba3f030-af59-49ad-9e1f-31e3a0a5dd74,Ethan Lyle Torio,5,,bro its soo good gameplay is too good yet its so hard,0,1.6.56,2026-07-25T12:51:36,,
Call of Duty®: Mobile - Garena,com.garena.game.codm,Gaming,12d121d9-eab6-4804-b2a9-f785d3ef66ed,Edlyn Corpuz,5,,ok lang Kaso lag pa fix,0,1.6.56,2026-07-25T12:41:48,,
Call of Duty®: Mobile - Garena,com.garena.game.codm,Gaming,948b807b-9c6d-4dcd-9877-8db8d788b54c,Francis Glenn Micabel,5,,excellent.,0,1.6.56,2026-07-25T12:41:15,,
Call of Duty®: Mobile - Garena,com.garena.game.codm,Gaming,f954195b-8fcf-4587-bec2-c6c09f926fcb,Justine arvist Mansibang,5,,cool,0,1.6.56,2026-07-25T12:38:34,,
Call of Duty®: Mobile - Garena,com.garena.game.codm,Gaming,1923f115-88d8-4c4f-9fad-05f80a5ac4d2,Rhyan Paul Sebastian,4,,Yung iba kong game yaw@,0,1.6.56,2026-07-25T12:24:21,,
Call of Duty®: Mobile - Garena,com.garena.game.codm,Gaming,14bed0fe-9805-4d16-87ce-c9773b9458dc,wayne tamano,1,,fuh your game while I was almost winning this mf crashed and I lost xp when I tried to reconnect fix your game garena make it compatible and optimize it for low end players,0,,2026-07-25T12:16:17,,
Call of Duty®: Mobile - Garena,com.garena.game.codm,Gaming,bdbd7942-0d44-4dc9-8bd5-70027a2d664b,MUHAMMAD KIQ lith,5,,Garena game ini terlalu hampir perfect fps,0,1.6.56,2026-07-25T12:10:25,,
Call of Duty®: Mobile - Garena,com.garena.game.codm,Gaming,1be82bea-e954-4d62-bccc-73967ad827c5,Jericho Esteban,1,,pangit ito not highly recommend,0,,2026-07-25T12:05:14,,
Call of Duty®: Mobile - Garena,com.garena.game.codm,Gaming,2436c7b3-36a2-4f05-b668-fb658730005f,Que's Internet,1,,Have a decent internet yet it keeps kicking me in the game saying unstable network.,2,1.6.56,2026-07-25T11:49:07,,
Call of Duty®: Mobile - Garena,com.garena.game.codm,Gaming,9af5267a-1b86-42ec-b1ec-467830a0c194,Roman Victor Delavega,5,,Lobby is so lag💀 bulok lobby puro connecting,0,1.6.56,2026-07-25T11:45:57,,
Call of Duty®: Mobile - Garena,com.garena.game.codm,Gaming,c2ea751b-ae15-4664-835c-6fe5c82d67d6,Jiel Mattheus Generoso,1,,is very bad,0,1.6.42,2026-07-25T11:43:53,,
Call of Duty®: Mobile - Garena,com.garena.game.codm,Gaming,3d4c370d-d8ea-4be1-ba4a-0d33859ab567,Jake Vladimir,5,,The game is so good,1,1.6.29,2026-07-25T11:36:39,,
Call of Duty®: Mobile - Garena,com.garena.game.codm,Gaming,20aa9b78-da4d-4a68-8786-b04bf294a9a5,Meljun Jr.,1,,"horrible bot management, full of bots with aimbot.",0,1.6.56,2026-07-25T11:22:23,,
Call of Duty®: Mobile - Garena,com.garena.game.codm,Gaming,e8aebec3-2ff3-4264-bea8-800c70c54937,jhon yael,1,,I don't like your game anymore there so many hackers and the slide fatigue codm is so trash now super trash,0,1.6.56,2026-07-25T10:53:13,,
Call of Duty®: Mobile - Garena,com.garena.game.codm,Gaming,3f662ff8-03a4-4033-911f-4ef0a62c22fb,Jaymark Baroja,4,,Maganda sya,0,1.6.55,2026-07-25T10:50:48,,
Call of Duty®: Mobile - Garena,com.garena.game.codm,Gaming,665fc928-575a-4a00-84d6-4bd3161ae64b,Andi Lagco,5,,SUPER AMAZINGGG!,0,,2026-07-25T10:44:47,,
Call of Duty®: Mobile - Garena,com.garena.game.codm,Gaming,3df1a330-9daf-4d15-ab85-fa6a10b5b3f3,Xian leyva,5,,best game ever,0,,2026-07-25T10:04:54,,
Call of Duty®: Mobile - Garena,com.garena.game.codm,Gaming,fa5dfe39-0e34-447b-b6fd-a3da79d504c0,Dwainedevone Cuenco,5,,wow bulldog,0,,2026-07-25T09:58:40,,
Call of Duty®: Mobile - Garena,com.garena.game.codm,Gaming,d04cab05-012e-4a7f-b512-d191eef6a512,Cristal Ashcroft,1,,fix the rescue button lag in br.,0,,2026-07-25T09:42:43,,
Call of Duty®: Mobile - Garena,com.garena.game.codm,Gaming,12dd83e8-971d-4f68-9df1-c1e1208a457e,louie jay delfin,2,,is good but I stop playing cause the mb become so large that my phone cant handle it can you bring it back to 1.0 gb?,0,,2026-07-25T09:37:43,,
Call of Duty®: Mobile - Garena,com.garena.game.codm,Gaming,4dcf3fc0-c86e-4ded-97a6-720168116fc8,sean Morados,5,,good for everything,0,1.6.56,2026-07-25T09:31:21,,
Call of Duty®: Mobile - Garena,com.garena.game.codm,Gaming,5e838868-17df-4b15-9afa-b627c88cb645,Alfaye Juanico,1,,ugly I practice my moves all day but when I test it in the game I look laggy I'm not even moving,0,,2026-07-25T09:18:26,,
Call of Duty®: Mobile - Garena,com.garena.game.codm,Gaming,400d8617-3787-4d5b-b7d7-4df7ab6e63d0,JoerizNathan Papa-Santos,5,,Realistic Game play,0,1.6.56,2026-07-25T08:44:14,,
Call of Duty®: Mobile - Garena,com.garena.game.codm,Gaming,582d1d63-bd68-436f-861f-c4cbe85acfee,Mnms Kruger,5,,codm can you extend the free FFAR 1 free legendary for 20 more days please this is my only wish I don't want to miss it again and I really want that skin so please can you guys extend the time this is my only wish that I want to come true that's because FFAR is my favorite gun and I really don't wanna miss it🙏🙏🙏,0,,2026-07-25T08:40:54,,
Call of Duty®: Mobile - Garena,com.garena.game.codm,Gaming,76e0fe9a-ac90-4c91-a681-72aa3dfc21b9,gio boy,3,,idk but this game is lit but something is just missing or smth,1,1.6.56,2026-07-25T07:44:04,,
Call of Duty®: Mobile - Garena,com.garena.game.codm,Gaming,5d3cd551-5bac-485f-8f65-edbf21503441,Ahmer Christian Esparas,1,,"This game just keeps getting downgraded every update, not a shooting game more of a barbie dress up, lots of unnecessary stuff ingame, instead of optimizing the game it prioritizes cash grab draws,",1,1.6.48,2026-07-25T07:26:19,,
Call of Duty®: Mobile - Garena,com.garena.game.codm,Gaming,2fef769e-ba1a-4983-92d2-b48a04649ccd,Eko Istiarto,5,,mulai sepi,0,1.6.56,2026-07-25T07:03:03,,
Call of Duty®: Mobile - Garena,com.garena.game.codm,Gaming,f847fe4b-0767-48c4-a597-9cb1a6cb79ae,Axille Ocampo,5,,so smooth,0,1.6.56,2026-07-25T06:59:37,,
Call of Duty®: Mobile - Garena,com.garena.game.codm,Gaming,7de277d6-9721-435e-8de6-7d067b27370b,Joseph Llanillo,1,,please fix your loading screen,1,1.6.56,2026-07-25T06:52:03,,
Call of Duty®: Mobile - Garena,com.garena.game.codm,Gaming,da60c900-1524-4e40-b30f-9ebaf9f42987,Golis Johnmar,2,,bugs,1,,2026-07-25T06:18:56,,
Call of Duty®: Mobile - Garena,com.garena.game.codm,Gaming,aa357ccc-ecb3-48c0-9e29-de3ec0c2b6ca,Ralph david Banay,3,,give back the garena app to change my acc in too garena,1,1.6.56,2026-07-25T05:42:28,,
Call of Duty®: Mobile - Garena,com.garena.game.codm,Gaming,025b1ec7-f386-4696-8f86-af6a7d96cc0b,Cyrus Afante,2,,nag lalag nako ang taas ng mb naaasar na ko,1,1.6.56,2026-07-25T05:24:33,,
Call of Duty®: Mobile - Garena,com.garena.game.codm,Gaming,c815a74f-0f6e-431b-a541-8a853a806992,Kervin Dumot,2,,ang daming bug dipa ma open kahit malakas signal mo nag error pa bwesit na laro to,1,1.6.56,2026-07-25T05:22:53,,
Call of Duty®: Mobile - Garena,com.garena.game.codm,Gaming,fdaf1ed5-4d61-4776-91c8-51659524e4f0,Justine Gaudel,5,,ganda nya,0,1.6.56,2026-07-25T05:19:01,,
Call of Duty®: Mobile - Garena,com.garena.game.codm,Gaming,37b84835-7306-4718-8cf5-2842c59a1da0,Samantha erika,5,,cause I want to play,0,,2026-07-25T03:34:28,,
Call of Duty®: Mobile - Garena,com.garena.game.codm,Gaming,1d489664-0d4a-4176-8252-25484434a612,Mark Clotario,5,,Verry nice game,0,1.6.56,2026-07-25T01:13:16,,
Call of Duty®: Mobile - Garena,com.garena.game.codm,Gaming,976a0f5d-d888-42d2-9d69-96f87cbb5522,Reymar Maminta,1,,the bot on early game are op i cant even win against bots especially on multiplayer mode you cant say its skill issue because the bots on this game are way too op im getting annoyed and considering deleting this game if it wasn't because of my account i would have deleted this games long before CODM fix this its not balance especially to does who are new why are the bots so op they can take me down in a split second i cant even fight back to annoying,0,1.6.56,2026-07-24T23:20:13,,
Call of Duty®: Mobile - Garena,com.garena.game.codm,Gaming,af8f91d7-0844-4355-bf0f-ebfaf6d00d0a,Gaspar Gales,5,,this game is very hard😎,1,,2026-07-24T23:06:58,,
Call of Duty®: Mobile - Garena,com.garena.game.codm,Gaming,c7606d3c-a95e-4a45-924f-4e0512c9a2de,Johnrick Escueta,1,,everytime i shot fire my character will stop moving and i cant press anything,1,1.6.56,2026-07-24T23:01:57,,
Call of Duty®: Mobile - Garena,com.garena.game.codm,Gaming,7bb97ba5-5f3b-48d8-a835-45ea3d673b9b,Justin Ais,5,,nc gamee,1,1.6.56,2026-07-24T22:19:48,,
Call of Duty®: Mobile - Garena,com.garena.game.codm,Gaming,9804b316-e955-4d4f-8a26-a31de1719fa7,Richielyn Macabontoc,5,,"labyou tito codm, pa libre cp, 5k lang",1,1.6.56,2026-07-24T21:22:38,,
Call of Duty®: Mobile - Garena,com.garena.game.codm,Gaming,a573101b-fe78-4a0c-91dc-954bff51e1b7,Ricky Madridejos,1,,Why i can't install this but i can install free fire? :( pls let me install this game i want to try this because im tired playing free fire,0,,2026-07-24T21:12:33,,
Call of Duty®: Mobile - Garena,com.garena.game.codm,Gaming,ac88c09a-4ca9-4056-84d8-9c2d41c1551d,Meara Amistad,2,,"Fun and time-consuming; however, the app alone requires large storage space in order to enjoy its full potential. Moreover, I suggest adding an account bind feature to backup game data. In the absence of the said feature, if a user's Facebook account gets suspended, they could lose access to their game progress, hard-earned items, and, worst of all, paid in-game purchases.",1,,2026-07-24T20:28:59,,
Call of Duty®: Mobile - Garena,com.garena.game.codm,Gaming,7a4c9b0f-cc8c-4f5c-8e59-fe3e99350fa5,Naizen Guira,5,,10/10 this app,1,1.6.56,2026-07-24T20:17:35,,
Call of Duty®: Mobile - Garena,com.garena.game.codm,Gaming,3a0f27ac-b34e-4a43-84e6-5dbee763e326,Màk zy,3,,"I can't find the LD & HD Battle royale map download resources on my codm, also it has a bug when entering on the game, it's like all black the houses, has no details, just pure black",1,1.6.56,2026-07-24T19:41:23,,
Call of Duty®: Mobile - Garena,com.garena.game.codm,Gaming,28284fde-e3bf-4085-9d98-78d43e1157ad,Jester Plazo (3C),5,,sure is so good,1,1.6.56,2026-07-24T19:27:00,,
Call of Duty®: Mobile - Garena,com.garena.game.codm,Gaming,de91391c-851a-40ee-b3d5-079405505690,JC BERNICE SALVADOR,1,,matchmaking is absolutely terrible,0,1.6.56,2026-07-24T19:04:02,,
Call of Duty®: Mobile - Garena,com.garena.game.codm,Gaming,9d317675-25f1-4d71-a4a7-f1996d00b5cf,꧁RJ PB꧂,5,,its cool but so Large mb(storage),0,1.6.47,2026-07-24T18:47:59,,
Call of Duty®: Mobile - Garena,com.garena.game.codm,Gaming,07cca6fd-8f6c-45b8-9c9c-feba58d07ba4,Cantor Kim Angela,1,,"Full of bugs. Google play store kept popping up during game, causing disturbance.",0,1.6.56,2026-07-24T18:44:21,,
Call of Duty®: Mobile - Garena,com.garena.game.codm,Gaming,733a1448-032e-4b98-980c-940eb8996797,Dave Dalauta,5,,very nice,0,1.6.56,2026-07-24T18:33:06,,
Call of Duty®: Mobile - Garena,com.garena.game.codm,Gaming,98004d3d-4d2a-41b6-b045-320093229daf,Ezekiel Laxamana,1,,Call of duty we need to talk so apparently i was just chilling spectating my teamtes like i sees a bots ignore at behind enemys then he cleary died even his planting a bomb too he refuse doing nothing i always lose of you remove the bots in rank i dont need conditions who created by that,0,1.6.56,2026-07-24T18:17:54,,
Call of Duty®: Mobile - Garena,com.garena.game.codm,Gaming,960f7b81-3eae-4410-81ab-7046a81c6a20,Alexander Macalindong,1,,inang laro to bulok,0,1.6.56,2026-07-24T18:15:49,,
Call of Duty®: Mobile - Garena,com.garena.game.codm,Gaming,d7e07c13-dea0-4cbc-be7c-2604bc65cc51,Gibo Hernandez,1,,i always get cursed by others,1,,2026-07-24T17:50:47,,
Call of Duty®: Mobile - Garena,com.garena.game.codm,Gaming,d6c049ae-bf10-4d50-b930-a7bed39e30f8,Paul Cedric Sanchez,5,,nice graphics,0,,2026-07-24T17:34:18,,
Call of Duty®: Mobile - Garena,com.garena.game.codm,Gaming,3b8e2c1d-b9f2-4232-af72-0c0ab3e7c702,Spidey,1,,trash game,1,,2026-07-24T17:10:55,,
Call of Duty®: Mobile - Garena,com.garena.game.codm,Gaming,6f697cb4-bb65-4c9f-876b-07cb928e7ac9,Toneth Motchi,5,,"this game is amazing, I really love the quality of this game download it now it's very satisfying to play.",0,,2026-07-24T17:02:11,,
Call of Duty®: Mobile - Garena,com.garena.game.codm,Gaming,730018f2-3a59-4b9b-ac59-40915168c29d,Henryjr Toledo,5,,Amazing game,0,,2026-07-24T17:00:59,,
Call of Duty®: Mobile - Garena,com.garena.game.codm,Gaming,f8a716e6-879f-42ea-bfe0-9d9cf358d7d8,Dionicio Rondina,5,,i give a 5 five star and plssss the low end divice can try the high quality of graphics plsss codm,0,1.6.56,2026-07-24T16:48:10,,
Call of Duty®: Mobile - Garena,com.garena.game.codm,Gaming,22ed9843-42f2-42d2-888f-125b9e5f5438,Eldrich Bandao,1,,codm buang,1,1.6.56,2026-07-24T16:07:48,,
Call of Duty®: Mobile - Garena,com.garena.game.codm,Gaming,3cda3b91-73f8-4d2c-acfb-93dc862536fa,Raiden Razon,5,,this is good bro,0,1.6.37,2026-07-24T16:07:21,,
Call of Duty®: Mobile - Garena,com.garena.game.codm,Gaming,48386ca9-9d84-4c7d-a20f-35a80224c799,Antolin 7890,1,,"The world worst game ever,after reach to grandmaster,all this game do is giving a useless teammates plus all pro enemies like this game think I can carry the whole battle... Unbelievably useless.",5,1.6.56,2026-07-24T16:06:34,,
Call of Duty®: Mobile - Garena,com.garena.game.codm,Gaming,9ad190ad-e649-45d1-9bff-6b141282cc74,PHILIP ROWEL JOYA,1,,make it playable for low end devices,0,1.6.56,2026-07-24T16:02:53,,
Call of Duty®: Mobile - Garena,com.garena.game.codm,Gaming,a6033dc9-6853-414c-a848-c77714966e0e,Kezzer Custodio,1,,turn the defusing time into 5 seconds exactly,0,1.6.56,2026-07-24T15:51:16,,
Call of Duty®: Mobile - Garena,com.garena.game.codm,Gaming,64b966ef-81a5-4531-96b3-7511a2c5ee26,Kyle Gabriel Antone,5,,is Good to play,0,1.6.56,2026-07-24T15:39:08,,
Call of Duty®: Mobile - Garena,com.garena.game.codm,Gaming,602ac197-0077-4f2a-a23b-9c617dfe39ae,dimangadap alhafidz,1,,When I try to login to my account using Facebook it says authorization error plss fix this 😡,0,1.6.56,2026-07-24T15:30:51,,
Call of Duty®: Mobile - Garena,com.garena.game.codm,Gaming,1d6c8552-e476-491c-84e3-b413fa401dea,Clint Aralar,1,,i cannot enter your game,0,1.6.56,2026-07-24T15:28:14,,
Call of Duty®: Mobile - Garena,com.garena.game.codm,Gaming,5c5008c1-009d-4fd9-81f1-911736065b5c,Myles Dumlao,5,,fun,0,1.6.56,2026-07-24T15:21:53,,
Call of Duty®: Mobile - Garena,com.garena.game.codm,Gaming,7686da67-d071-49c3-86c5-93ec9621f04f,Kid Jaena,5,,You won't let me rank up,0,1.6.56,2026-07-24T15:06:33,,
Call of Duty®: Mobile - Garena,com.garena.game.codm,Gaming,fb564f2c-d7b1-4c53-86d3-d2f388067b7a,Johndjelo Ponce De Leon,1,,best game ever,0,,2026-07-24T14:50:39,,
Call of Duty®: Mobile - Garena,com.garena.game.codm,Gaming,26ac9c49-e97d-41b2-984d-030724a48d95,Cherry Maniulit,1,,can you remove the maps you need to download so i give it one star because you need to remove the maps download,0,,2026-07-24T14:41:25,,
Call of Duty®: Mobile - Garena,com.garena.game.codm,Gaming,f06005d0-ea60-40ed-831c-ad929a278e82,Francis Insulia,5,,maganda laroin sobrang sulit sa graphics,0,1.6.56,2026-07-24T14:32:32,,
Call of Duty®: Mobile - Garena,com.garena.game.codm,Gaming,c0d94422-5725-4fa3-82dc-4ba42b42ee29,Alphonso,1,,"Came back to get an updated review, and just like last time Imma put a 1 star on it. Cause of the Bot games on Ranked Matches where they got tracking and aimbot.",13,1.6.30,2026-07-24T13:21:34,,
Call of Duty®: Mobile - Garena,com.garena.game.codm,Gaming,21a04d77-b6d8-494b-8082-1d392410e771,Danica Baldia,5,,perfect,0,1.6.56,2026-07-24T13:11:43,,
Call of Duty®: Mobile - Garena,com.garena.game.codm,Gaming,107656b7-d15c-4bf3-b131-e70e005ee7a2,Kirstien Jahn Batuyong,5,,good game,0,,2026-07-24T13:10:25,,
Call of Duty®: Mobile - Garena,com.garena.game.codm,Gaming,d26cdad9-be38-4f66-8134-5738903a4b4d,Jan lee ken Glodobe,1,,MP unfair grouping,1,1.6.54,2026-07-24T12:15:54,,
Call of Duty®: Mobile - Garena,com.garena.game.codm,Gaming,5f467a28-aa42-42db-bf0e-b80d78260d85,Trivinio Christopherpaul,1,,"bulok snowboard lumiliko ng kanya, ayusin nyo bug nyo",0,1.6.56,2026-07-24T11:22:48,,
Call of Duty®: Mobile - Garena,com.garena.game.codm,Gaming,e8df08f9-5746-47d9-afd7-f1003f44f03a,Generoso Bersales,5,,Good game,0,,2026-07-24T10:57:13,,
Call of Duty®: Mobile - Garena,com.garena.game.codm,Gaming,b73b5dbe-9432-4f48-94e8-a88b18b53157,Cent Bula,1,,please fex dmz fps drop for lowdivice,0,1.6.56,2026-07-24T10:26:12,,
Call of Duty®: Mobile - Garena,com.garena.game.codm,Gaming,2267833e-39c5-4280-abc8-aba0835f1b81,Rammel Pegarro,5,,so nice but not available now on my device huhu😭,0,,2026-07-24T10:22:58,,
Call of Duty®: Mobile - Garena,com.garena.game.codm,Gaming,9331156e-2e5e-4fd7-906e-030bbe83b44b,Robcaleb Coralde,5,,noice,0,,2026-07-24T09:58:36,,
Call of Duty®: Mobile - Garena,com.garena.game.codm,Gaming,48748e4c-92bb-47bf-952b-eb1f575ee23b,Masuma Yasmin,5,,"fun, addictive and easy access...love the graphics and advance weapon and last not but the least no need to pay for win💗",0,1.6.56,2026-07-24T09:45:08,,
Call of Duty®: Mobile - Garena,com.garena.game.codm,Gaming,9254f44f-0fb3-46aa-a1c1-0f25dcf17684,Jessa Seneca,5,,amazing earth,0,1.6.56,2026-07-24T08:06:58,,
Call of Duty®: Mobile - Garena,com.garena.game.codm,Gaming,eea6c4bc-ccc0-44b7-9242-56cf44d2f7fd,Francis glen Bertulfo,2,,"I'll edit my rating to 2, matchmaking isn't right in this game",13,1.6.56,2026-07-24T08:03:51,,
Call of Duty®: Mobile - Garena,com.garena.game.codm,Gaming,23405266-eae1-4b3f-9367-5d95702b71e9,Raythel Glenn B Legaspino,5,,call of duty is Soo cool,0,1.6.56,2026-07-24T07:36:29,,
Call of Duty®: Mobile - Garena,com.garena.game.codm,Gaming,83d236ca-80b4-4d32-a3ee-482a3ee05f6f,Timothy Jan Balico,5,,i just wish to have myth guns...,0,1.6.56,2026-07-24T06:48:17,,
Call of Duty®: Mobile - Garena,com.garena.game.codm,Gaming,28cad10f-7e4f-4fdb-aeb0-16c10d05cfa9,Muhammad Aghni,1,,Not Yet Release in My Area? WtH.. Really???!!? I've Played since 3 Days.. And the notif said that.,0,,2026-07-24T06:32:19,,
Call of Duty®: Mobile - Garena,com.garena.game.codm,Gaming,e90d6a1e-16b7-40e0-899f-544f616510ec,Joen Secoya,5,,codm my fav game now,0,1.6.55,2026-07-24T06:09:13,,
Call of Duty®: Mobile - Garena,com.garena.game.codm,Gaming,a6ecb19c-66f3-4d83-a639-1722cdac838e,Arn Pama,1,,"there a glitch where there's no sound, it's really frustrating...",0,1.6.56,2026-07-24T06:00:41,,
Call of Duty®: Mobile - Garena,com.garena.game.codm,Gaming,e730c142-1111-4f59-be21-1606511e8302,Ice Cream Sandwich,2,,Lagging on my device 🤤😘,0,1.6.56,2026-07-24T05:11:23,,
Call of Duty®: Mobile - Garena,com.garena.game.codm,Gaming,9c270e89-0b8b-47b0-8138-e183c6888f1a,Ramonet Ysulat,1,,always bug,0,1.6.56,2026-07-24T05:06:32,,
Call of Duty®: Mobile - Garena,com.garena.game.codm,Gaming,5605e9af-1eec-4cf7-9058-d98e165981e6,Rodrick Rull,5,,I LOVE YOU PO,0,1.6.55,2026-07-24T04:51:46,,
Call of Duty®: Mobile - Garena,com.garena.game.codm,Gaming,d91d7ad5-f3a4-44d3-958f-ad8097eb4aab,Gilbert Thepoopydoopy,5,,great,0,,2026-07-24T04:42:25,,
Call of Duty®: Mobile - Garena,com.garena.game.codm,Gaming,cbd55688-dac1-4d4c-96ab-8cece3abf177,santos micheal,5,,call of duty mobile 🇵🇭🏆🏆,1,1.6.56,2026-07-24T03:53:54,,
Call of Duty®: Mobile - Garena,com.garena.game.codm,Gaming,bbf9d620-6d02-400e-b856-939201151c24,Ronnie Pampuan,5,,this game is so amazing,0,,2026-07-24T02:40:29,,
Call of Duty®: Mobile - Garena,com.garena.game.codm,Gaming,8496ad3c-5e4d-4633-aab0-527e7fd0088e,Kakoli Thakur,2,,"I can't login with my cod account here on my new phone, collaboration with garena wasn't needed. In past there were 4 ways to login at least.",0,1.6.56,2026-07-24T01:06:43,,
Call of Duty®: Mobile - Garena,com.garena.game.codm,Gaming,5beb3c80-01a6-4df9-b87d-1b33b0a86007,"Oriel, Jake Bryan T.",1,,"Okay,you guys don't have to support this kind of monetization, just because you already put up your money there and have cook cosmetics you shouldn't protect its predatory behavior on consumers with those bad hypnotizing popularization. Not only the safety on this game is bad it also doesnt actually listen to community. So on no point to pick this game as hobby specially this being marked as ""realistic military shooter"" cmon lad, just let this game go, there's more things better than this s***",0,1.6.52,2026-07-24T00:56:19,,
Call of Duty®: Mobile - Garena,com.garena.game.codm,Gaming,4eb8ed30-1f52-4bc7-9633-0603e4181e99,James Cerrero,5,,berry nice game,0,1.6.56,2026-07-23T22:32:13,,
Call of Duty®: Mobile - Garena,com.garena.game.codm,Gaming,948b12fc-cd7a-4fa7-811e-45e18fa83b58,Marc Gilton Aguinaldo,1,,im always defeat in battle royale,0,1.6.56,2026-07-23T22:07:51,,
Call of Duty®: Mobile - Garena,com.garena.game.codm,Gaming,2230a922-dd93-430d-93b9-137bad6e7b0d,Richmar toribio,1,,Damot sa draw laging full draw,0,,2026-07-23T21:47:47,,
Call of Duty®: Mobile - Garena,com.garena.game.codm,Gaming,2ea5a5ae-22f4-4b38-9dfc-f5b8d30e3620,Jun Ringor,2,,"napaka damot mo tito codm, di mo man lang ako bigyan ng kahit anong legendary skin sa may phantom skin group anlala mo tito, antagal ko ng nag lalaro, habang mga kaibigan ko kelan lang sila nag laro napaka dami na nilang nakuha hasyt, nakaka tampo ka eto ang ign ko - kìjuuBAP.",0,1.6.56,2026-07-23T21:46:08,,
Call of Duty®: Mobile - Garena,com.garena.game.codm,Gaming,30564e0b-5124-4e86-a0ae-fa9f7e50d88e,Yvonne Reyes,1,,worst game ever. Teammates don't know how to communicate and how game strategy works. Codm likes to team you with some stupid teammates and everything. All the free are ugly. They don't like you getting lucky draw,0,,2026-07-23T20:53:09,,
Call of Duty®: Mobile - Garena,com.garena.game.codm,Gaming,a738eb4f-3a18-4114-8234-9c161b59122e,Khian Icat,5,,im the strongest player in codm,0,,2026-07-23T20:15:18,,
Call of Duty®: Mobile - Garena,com.garena.game.codm,Gaming,fdbed869-d731-4f3f-aab8-58553f7fb4eb,Licerio Bustilla,5,,so good but can you add look like warzone movement plss,0,1.6.56,2026-07-23T19:42:30,,
Call of Duty®: Mobile - Garena,com.garena.game.codm,Gaming,cecbb73c-bde3-49b4-90ab-ffff80a7b49d,John Matthew Zapanta,1,,Fix crash issue and teammates corrupt making,0,1.6.56,2026-07-23T19:28:45,,
Call of Duty®: Mobile - Garena,com.garena.game.codm,Gaming,673d293f-a8ef-43d6-8ae2-a48b410c52b0,Aerol Padriquela,1,,"so many player lost their account because of suspended fb account and codm don't have a solution, not even giving the player a chance to appeal for their account or option to remove the suspended fb account or switch to garena account many player spent money and time to the game. and just because of a suspended fb account players will lost hard earned account. and I think codm is turning a blind eye to this issue, cause I encountered it to a friend who lost his account back in 2023",0,1.6.56,2026-07-23T19:26:44,,
Call of Duty®: Mobile - Garena,com.garena.game.codm,Gaming,e191e41c-d626-47e1-ac39-7d0d4e5150ba,John Mendoza,5,,I like you to optimized a low device player to enjoy a experience,0,1.6.56,2026-07-23T19:07:03,,
Call of Duty®: Mobile - Garena,com.garena.game.codm,Gaming,17d9c928-314b-4dbf-8ac6-62405d906291,Maureen Rosary Guerrero (Roza),1,,I can't install been doing this forever,0,,2026-07-23T18:57:31,,
Call of Duty®: Mobile - Garena,com.garena.game.codm,Gaming,b1322210-33c7-469f-a7b4-68ffed9c7693,Jayjay Balisi,1,,full of bug Codm wasn't going to fi x it's trash,0,1.6.56,2026-07-23T18:51:27,,
Call of Duty®: Mobile - Garena,com.garena.game.codm,Gaming,ec8b8536-b6ad-40af-b41e-9531ab715511,Japhet Cardino,1,,yeah dmz is gonna die it's more your favoring the people with no life (unemployed) to enjoy the game like I can definitely guarantee that I was the better shooter but of course your stupid ultras I shot first out maneuvered but one clean 3 shot of an ultra fennec it's over,1,1.6.56,2026-07-23T18:41:21,,
Call of Duty®: Mobile - Garena,com.garena.game.codm,Gaming,5e27c5d2-0a17-4226-a961-094df0930dd0,"Pajarit Jr , Ronaldo , Burnos",5,,good,0,1.6.56,2026-07-23T18:39:25,,
Call of Duty®: Mobile - Garena,com.garena.game.codm,Gaming,3865b9be-248f-49cb-a42b-ebbcc5e40e7e,Prince Ian Wenceslao,1,,This Game Suck! when I'm Playing Good and you gave this stupid Players To play with hell no 1 star,0,1.6.56,2026-07-23T18:39:04,,
Call of Duty®: Mobile - Garena,com.garena.game.codm,Gaming,c0663437-2f69-433b-a53c-6d710df75083,John Romar Tesorero,5,,"The game is good, the best.",0,1.6.56,2026-07-23T18:36:49,,
Call of Duty®: Mobile - Garena,com.garena.game.codm,Gaming,b2a79ba0-a60e-4089-836e-88060ae3b105,Gabriel Ramos,1,,why I can't play bro?? it say need connection but I have connections,0,,2026-07-23T18:31:42,,
Call of Duty®: Mobile - Garena,com.garena.game.codm,Gaming,c3cf57cd-de57-475e-96e4-8b08a0fe968e,Sean Dueñas,5,,"Peak,just peak",0,1.6.56,2026-07-23T18:31:00,,
Call of Duty®: Mobile - Garena,com.garena.game.codm,Gaming,205e50c4-178c-4b43-9604-c4b1dfa42cea,Kyle Gelaga,4,,cool,0,1.6.56,2026-07-23T18:25:06,,
Call of Duty®: Mobile - Garena,com.garena.game.codm,Gaming,7819d284-1931-4ae5-ac81-df6e4fa17e5e,Patt Sam,1,,fix the bug....,0,1.6.56,2026-07-23T18:23:56,,
Call of Duty®: Mobile - Garena,com.garena.game.codm,Gaming,9368d869-99f0-4fbd-9977-a2038b0b4af5,Joevil Carreon,5,,I love Call of duty mobile,0,,2026-07-23T18:09:38,,
Call of Duty®: Mobile - Garena,com.garena.game.codm,Gaming,210c4036-92f6-4403-b051-7a8d693b2167,Lian Katniss Palencia,4,,this is the best game I ever played but there are many bugs,0,1.6.56,2026-07-23T18:04:47,,
Call of Duty®: Mobile - Garena,com.garena.game.codm,Gaming,7750c0bb-505c-4cca-b167-b7a783830a40,John Leyson,5,,Maganda sa pag marc,0,1.6.56,2026-07-23T18:01:04,,
Call of Duty®: Mobile - Garena,com.garena.game.codm,Gaming,3613939f-b037-4bdb-928b-d18c779abfed,Rheva,1,,no fairplay,0,1.6.56,2026-07-23T17:52:03,,
Call of Duty®: Mobile - Garena,com.garena.game.codm,Gaming,e2a4812a-1f39-44e2-b91c-495388aa010d,Jhunmar Bajo,5,,it's Soo nice I play it,0,1.6.56,2026-07-23T17:42:15,,
Call of Duty®: Mobile - Garena,com.garena.game.codm,Gaming,523f7e7f-ce0a-4322-98ae-9dde0fc834d4,John sachin Balasta,1,,it's so laggy it always says failed to join and bad quality not recommended,0,,2026-07-23T17:29:06,,
Call of Duty®: Mobile - Garena,com.garena.game.codm,Gaming,34e0a2d5-0ecc-445e-ad9b-b75e7e01cb6f,Donde Declara,1,,"it needs a lot of storage on your phone, I do not recommend cuz your just gonna get attached to the game and the next update you can't play anymore cuz of the storage need it's so annoying and sad your just gonna get disappointed",0,1.6.55,2026-07-23T17:27:30,,
Call of Duty®: Mobile - Garena,com.garena.game.codm,Gaming,6e9d8eed-ea3f-4577-9cc5-2f455712dc01,Baby Joy Acido,1,,unbalanced ranking teamates,0,1.6.56,2026-07-23T17:08:21,,
Call of Duty®: Mobile - Garena,com.garena.game.codm,Gaming,754fef93-bb89-4d98-a5d2-0b4e5351eec5,Lotsy,1,,"so this game became unfair forever as it is fun and exciting but once the game mode is ""domination"" these ""improved bots"" destroyed me and my team our score was 71 and the enemy team of the improved bots were 150 the point to winning nerf these guys at domination hopefully you'll find this text",0,1.6.56,2026-07-23T17:04:40,,
Call of Duty®: Mobile - Garena,com.garena.game.codm,Gaming,1cc2d73a-ce6f-41ca-b84a-a994f202ae7a,Ejan Shimano,1,,i wish this game was never updated the rank system is getting worse.,0,1.6.56,2026-07-23T16:48:24,,
Call of Duty®: Mobile - Garena,com.garena.game.codm,Gaming,f4deee2c-c6fd-4432-a56a-323ad41486dc,OmengSungYu,1,,after the latest update the game became screw lose.. and garena support are dumb af with the reply.. even tiktoker provided a quick fix but not the support themselves..,0,1.6.56,2026-07-23T16:32:47,,
Call of Duty®: Mobile - Garena,com.garena.game.codm,Gaming,17102873-3e89-48af-947b-5593ea604556,Tristan Stephen Gomez,5,,good luck 🤞,0,1.6.56,2026-07-23T15:26:11,,
Call of Duty®: Mobile - Garena,com.garena.game.codm,Gaming,a0c98a62-098a-4a97-b0af-b30861e91118,Jhon Dheybien Mag aso,5,,Thathe game is so nice,1,1.6.56,2026-07-23T14:14:41,,
Call of Duty®: Mobile - Garena,com.garena.game.codm,Gaming,0844bec6-cf62-4ff9-b010-6410abd48e41,Sonny Jr F. Dela,1,,madaming bug,0,1.6.56,2026-07-23T14:14:30,,
Call of Duty®: Mobile - Garena,com.garena.game.codm,Gaming,fc181f67-a9fe-4239-8f8a-3e2d318f0741,Francis Añonuevo,2,,broooo to many bug,0,,2026-07-23T13:49:53,,
Call of Duty®: Mobile - Garena,com.garena.game.codm,Gaming,a1ea7da1-e961-430d-bd26-d294c2674513,KM MOBIL SIBU- Augustine,3,,"Dear Developers, I don't like the new KRAI mode compared to the previous version. The biggest issue is the new rule that only allows two respawns. Being able to come back only 2 times makes the gameplay less fun and more frustrating, especially if you have teammates who disconnect or don't cooperate. Another major problem is the matchmaking system. Teams often feel very unbalanced, with average players matched against highly skilled squads. This makes many matches feel unfair and one-sided.",5,1.6.56,2026-07-23T13:20:33,,
Call of Duty®: Mobile - Garena,com.garena.game.codm,Gaming,eefb34e5-db1c-48b8-b3f2-f8175a5e2ce1,A Google user,5,,Sana babaan ang storage ng codm para lahat makaka pag laro ng codm,0,,2026-07-23T12:53:08,,
Call of Duty®: Mobile - Garena,com.garena.game.codm,Gaming,15f1326e-0ed2-4455-8c4f-f1ad4814ff0b,Joemar Tolentino,5,,good games sana mabigyan pako ng mga free legendary skin iloveyou codm,0,1.6.56,2026-07-23T12:50:18,,
Call of Duty®: Mobile - Garena,com.garena.game.codm,Gaming,46a6b370-3706-4140-85d5-905d72aee62d,Ronie Omo,2,,like,0,1.6.56,2026-07-23T12:43:18,,
Call of Duty®: Mobile - Garena,com.garena.game.codm,Gaming,63da5126-4aba-45c4-b956-48dd1b6f82cb,Matthew Uddin,3,,Have some bots in mp I'm so angry for this game,0,1.6.47,2026-07-23T12:13:18,,
Call of Duty®: Mobile - Garena,com.garena.game.codm,Gaming,b13e5760-1c38-433d-b94d-5c91394d035a,Reynaldo Dalawangbayan,5,,the best of game ever,0,,2026-07-23T12:09:47,,
Call of Duty®: Mobile - Garena,com.garena.game.codm,Gaming,0b803271-74c6-4b6a-a686-84b81272befe,Princess Danabobo,1,,"sometimes lagging by itself , the game is good , need bug fixes.",0,1.6.56,2026-07-23T12:07:13,,
Call of Duty®: Mobile - Garena,com.garena.game.codm,Gaming,0a5460ed-ac13-44bd-9522-530c050da420,Cerberus 91,1,,why codm never plan of getting new map for Battle Royale?,0,1.6.56,2026-07-23T11:14:20,,
Call of Duty®: Mobile - Garena,com.garena.game.codm,Gaming,f9eada6c-191f-4c56-bf50-037f57cef02d,Hanz Lanxel Jael,1,,its so bugging i hate it the download says 98% then suddenly it went back to 40% i waited 2 hrs already my connection is very great its just so irritating to download this app i already wasted 10 gb on it,0,,2026-07-23T10:57:15,,
Call of Duty®: Mobile - Garena,com.garena.game.codm,Gaming,62c718eb-08e3-43ab-81fe-40aea46e722f,Josh Evex D. Mercado,1,,"making the game worse each update, many bugs after each update, dumb new mechanics",0,1.6.56,2026-07-23T10:43:02,,
Call of Duty®: Mobile - Garena,com.garena.game.codm,Gaming,e9d4a7c1-d5a0-4842-9dd9-757ae7a89444,Cris Lacsamana,5,,magandang games ito para sa fps subrag Ganda,0,,2026-07-23T10:37:53,,
Call of Duty®: Mobile - Garena,com.garena.game.codm,Gaming,50811dc4-53f3-4f0a-adde-e38e4e925f4b,Von Von,1,,it's not good.,0,1.6.56,2026-07-23T10:00:54,,
Call of Duty®: Mobile - Garena,com.garena.game.codm,Gaming,ddf5eb98-a832-4519-836d-219de3608626,Rimpy Bondoc,2,,CODM bakit hindi ko ma open codm ko yung ml pwedi codm ayaw,0,1.6.56,2026-07-23T09:16:35,,
Call of Duty®: Mobile - Garena,com.garena.game.codm,Gaming,de197615-6e55-464b-bd34-58b652a2adaf,Glen Ditz,3,,"to many bug, all of a sudden you can't connect to the network. keep on reconnecting until your character die is zone. while in battle you will disconnect.",0,1.6.56,2026-07-23T08:37:17,,
Call of Duty®: Mobile - Garena,com.garena.game.codm,Gaming,a4329ce1-420e-4de3-92a5-5262488aa7f1,Francis Arenas,2,,"I'll rate this a 5 star, but u must bring back the profile picture on codm!!!!",0,1.6.56,2026-07-23T08:36:18,,
Call of Duty®: Mobile - Garena,com.garena.game.codm,Gaming,e621c39e-8550-40f4-a24a-09a36133c2d3,Rexmarth Roa,1,,very lag,0,1.6.56,2026-07-23T08:11:37,,
Call of Duty®: Mobile - Garena,com.garena.game.codm,Gaming,c222c146-8b9b-4b5b-a802-4603bf2ac603,Ridzqan Bara,5,,this is so awesome,0,1.6.56,2026-07-23T07:27:32,,
Call of Duty®: Mobile - Garena,com.garena.game.codm,Gaming,b3e3090d-1c22-44bc-a567-cfc332125d9a,raffy remandaban,5,,love this game,0,,2026-07-23T07:12:54,,
Call of Duty®: Mobile - Garena,com.garena.game.codm,Gaming,8b2f6d10-f726-40cd-9a66-05087c75bcdb,Vhianness Sison,2,,"laging time out, hindi na tuloy ako makapag laro😔😔",0,1.6.56,2026-07-23T05:54:25,,
Call of Duty®: Mobile - Garena,com.garena.game.codm,Gaming,827a474e-20cb-48b6-9e2b-36c5ac0cdd61,megumi mc,1,,"Hello Call of Duty: Mobile Garena Team, I would like to share a suggestion regarding the account login system. It would be very helpful if players could link multiple third-party login methods to a single account, such as Facebook, Google, Apple, Garena (where supported), or other secure login providers. Many players create their accounts using only one login method and later want to add another for convenience or as a backup.",0,,2026-07-23T05:10:28,,
Call of Duty®: Mobile - Garena,com.garena.game.codm,Gaming,a9d2ffcc-1e2f-4243-99a1-0c73eacefd80,Chris Stevanus Lekpey (juju),4,,"there's a bug when u revive your teammate the screen freeze, that bug make me die multiple time. pls fix it. ps. pls add dongle connection for controller, because for some device when turn on Bluetooth the internet connection becomes unstable. thx",0,,2026-07-23T04:49:50,,
Call of Duty®: Mobile - Garena,com.garena.game.codm,Gaming,1e4a50e6-1cb2-457e-91d9-38a92671b7c6,Wel Pelayo,5,,nagkakaroon Ng karakter,0,1.6.56,2026-07-23T03:08:37,,
Call of Duty®: Mobile - Garena,com.garena.game.codm,Gaming,e8178b1b-bc3c-4b5a-a343-527713f28bf0,paskaltraner 1243,3,,I just remembered how does this game look like at the first season it's amazing but now it have so many files to be downloaded I'm concerned for the people who couldn't get a good enough phone to playing this game ☺️☺️,0,1.6.54,2026-07-23T02:41:58,,
Call of Duty®: Mobile - Garena,com.garena.game.codm,Gaming,8c9b764c-e9de-4ecc-89f2-074d7596e619,Edrian Monreal,5,,crashing codm in infinix note 40b5g,0,1.6.56,2026-07-22T22:43:03,,
Call of Duty®: Mobile - Garena,com.garena.game.codm,Gaming,100132af-1411-4fba-9a86-af85b4e490cf,Larry Escalo,1,,"This game is absolute bs. Always giving worst teammates, when i see an enemy it always frozes lag its like using a rewind class so that's why pubg is better",0,1.6.56,2026-07-22T21:19:53,,
Call of Duty®: Mobile - Garena,com.garena.game.codm,Gaming,42aaebc3-2c94-4700-94e0-2004b68b478a,Nash Gonzalez,3,,You devs changed my nickname without consent. Why?!!,0,1.6.56,2026-07-22T21:02:42,,
Call of Duty®: Mobile - Garena,com.garena.game.codm,Gaming,13e775cc-d995-459f-b4d0-fe6ebac0aecc,Miko Lojera,1,,fps drop,0,1.6.56,2026-07-22T21:02:07,,
Call of Duty®: Mobile - Garena,com.garena.game.codm,Gaming,d2d38fb4-272c-4fba-a7bc-4cab284c2225,Vincent Palmerola,1,,Too many bugs. Can't play well because there's something that pops up every game which makes the gaming performance poor. Furthermore there are a lot of cheater.,0,1.6.56,2026-07-22T20:24:20,,
Call of Duty®: Mobile - Garena,com.garena.game.codm,Gaming,fec12df8-8f2c-48a1-9378-8efb5c52fe93,NUR SYAFIZA NISA BINTI ZAINAL,1,,Got a new bug while revive downed teammate. It will lag until 2 sec of the revive process which we can't cancel the process even when there is enemy ahead. Please fix this bug immediately since others player also seems to have these bug.,0,1.6.56,2026-07-22T20:15:45,,
Call of Duty®: Mobile - Garena,com.garena.game.codm,Gaming,9bff0de4-e907-45b2-af98-241c2400f4d7,Rheaa Lato,4,,high storage,0,,2026-07-22T19:40:50,,
Call of Duty®: Mobile - Garena,com.garena.game.codm,Gaming,77539e51-bdc0-4b57-a6f3-dc16f294a2b7,Tyron De Guzman,5,,madami akong natutunan at tungkol sa mga masayang naka sama ko yun lang salamat Sayo tito codm,0,,2026-07-22T19:37:14,,
Call of Duty®: Mobile - Garena,com.garena.game.codm,Gaming,727d8dcc-0111-4ca9-9592-19f2a54aa1e3,Daren Palomat,1,,the most loging game ever I hate this game,1,1.6.56,2026-07-22T19:30:52,,
Call of Duty®: Mobile - Garena,com.garena.game.codm,Gaming,6d46c943-7aca-4f0a-a6a2-04782096c8c0,Denjunic Agot,5,,goooddd,0,1.6.56,2026-07-22T19:28:09,,
Call of Duty®: Mobile - Garena,com.garena.game.codm,Gaming,064efce8-d312-4bd3-9690-9e5d67ac398c,KC Par,4,,not gonna recommend for kids below 10 years old,0,1.6.55,2026-07-22T18:55:38,,
Call of Duty®: Mobile - Garena,com.garena.game.codm,Gaming,589df169-e30f-41df-a91b-5df95a88c759,Sebastian Dela Cruz,5,,good,0,,2026-07-22T18:53:10,,
Call of Duty®: Mobile - Garena,com.garena.game.codm,Gaming,45bdf900-16e9-4f71-9c6c-58ee3b324ee4,Joshdrixel Arante,5,,this game is so many skin and creative,0,1.6.56,2026-07-22T18:31:23,,
Call of Duty®: Mobile - Garena,com.garena.game.codm,Gaming,0ad513aa-d795-4971-a0d0-17376263e2f7,Precy Galit,5,,sobrang Ganda po at favorite game kopo to!,0,1.6.56,2026-07-22T18:16:52,,
Call of Duty®: Mobile - Garena,com.garena.game.codm,Gaming,839af8e0-166c-4ba0-b593-0d36c2189d19,sherlyn brana,5,,I give this a five star because it's the best shooter game of all time except for other shooter games that has better graphics but I like cause it's my favorite game and it's the best action game I've seen over the years I've been playing this until I lost the game so I keep finding the game and it's here again,0,,2026-07-22T18:16:44,,
Call of Duty®: Mobile - Garena,com.garena.game.codm,Gaming,0c5d64b3-9094-4b7e-bdb3-048cc98dc20b,Zac Samad,1,,lahat ai baka gusto nyo 1v1 ko kayo lahat wag lang ai,0,1.6.56,2026-07-22T18:04:16,,
Call of Duty®: Mobile - Garena,com.garena.game.codm,Gaming,4c24faed-90f4-4188-935e-4f9089d54afb,Aljun Perales,5,,it's the best game,0,1.6.56,2026-07-22T17:56:27,,
Call of Duty®: Mobile - Garena,com.garena.game.codm,Gaming,5e0a1160-923e-4238-936c-a7a9aaeeafe5,daniel chan,5,,love this game,0,1.6.56,2026-07-22T17:47:54,,
Call of Duty®: Mobile - Garena,com.garena.game.codm,Gaming,44fb9bf8-7644-44fa-bbd0-25201e1b1f08,yxchirouu,3,,"Feature Request: Please allow players to link multiple login methods (such as Facebook, Garena, Google, or Apple) to a single account. This would improve account security, make account recovery easier, and help players avoid losing access if one login provider becomes unavailable.",0,,2026-07-22T17:47:10,,
Call of Duty®: Mobile - Garena,com.garena.game.codm,Gaming,aca99bc4-76f2-4406-b147-ca664eae3edc,Dongkoy,5,,this game is good,0,,2026-07-22T17:39:29,,
Call of Duty®: Mobile - Garena,com.garena.game.codm,Gaming,7746ef5b-a2e1-4cf1-bd4e-d181b1a408a0,Marc Zedrick Curan,4,,can you add 1 more player to battle royale mode need to be 5 players to play with my friends thank you. It's a nice game playing with friends and a challenging game it's the best,0,1.6.56,2026-07-22T17:36:26,,
Call of Duty®: Mobile - Garena,com.garena.game.codm,Gaming,3200891d-f49d-4f7e-ade2-392b9e071d76,Mhatt Ivan Cabang,5,,Codm give me a freaking skin of dlq 33,0,1.6.56,2026-07-22T17:32:55,,
Call of Duty®: Mobile - Garena,com.garena.game.codm,Gaming,e4a7ee19-175e-4f32-8d61-127cb1987dd4,Charen Jane,4,,"I've played this game since 2023. And yes, i can found it beautiful. But the one thing i hate about this game is the ""enternal storage"" like every year, the storage may grow bigger and bigger.",0,,2026-07-22T17:23:15,,
Call of Duty®: Mobile - Garena,com.garena.game.codm,Gaming,8b875c2f-91f6-408e-a660-92a517f14c2b,Jehiel Porteza,1,,not to good,0,,2026-07-22T17:15:29,,
Call of Duty®: Mobile - Garena,com.garena.game.codm,Gaming,e299582c-5ce4-42b2-8b51-bda29a89a8b9,Axl Estioco,1,,D ako sila sa turna ni sir😡,0,1.6.56,2026-07-22T17:09:54,,
Call of Duty®: Mobile - Garena,com.garena.game.codm,Gaming,6bebe54d-321c-4029-8f87-963d0a14f116,Montealoflores Sandro,5,,I like this game but my device is so ugly,0,1.6.56,2026-07-22T17:03:01,,
Call of Duty®: Mobile - Garena,com.garena.game.codm,Gaming,046b4fbe-876a-447f-84ca-56f46a8fe54f,Dante Mercado,5,,parang nag hahang,0,1.6.56,2026-07-22T16:38:49,,
Call of Duty®: Mobile - Garena,com.garena.game.codm,Gaming,056ca751-79fa-4b9a-a423-8aea23deaf32,Orly Aguilera,5,,best game ever,0,1.6.56,2026-07-22T16:32:49,,
Call of Duty®: Mobile - Garena,com.garena.game.codm,Gaming,26a05539-5c80-433f-9a43-bf47eb9018ce,Nozomi Misiona,1,,the recent update was trash.,0,,2026-07-22T15:51:38,,
Call of Duty®: Mobile - Garena,com.garena.game.codm,Gaming,fe63bc20-4f7e-4c91-aa64-35584773c389,Prince Eldon Canino,1,,not opening in our location,0,,2026-07-22T14:46:20,,
Call of Duty®: Mobile - Garena,com.garena.game.codm,Gaming,1e604445-e1fd-4f67-a177-928ef8f4ed88,Nicholas James Refugio,1,,fix the gameplay and stop adding draw and also fix the revive bug,0,1.6.56,2026-07-22T14:39:19,,
Call of Duty®: Mobile - Garena,com.garena.game.codm,Gaming,62ea817a-4e61-4de2-ab94-31efe8b19116,Aj Pasion,2,,there's a bug in this game. every the latest update there's a bug. when you're going to revive your teammate it will freeze for 1-2 seconds. it's so frustrating when your enemy is rushing towards you when you're trying to revive your teammates and then vwala you're dead. please fix this.,0,1.6.56,2026-07-22T14:22:51,,
Call of Duty®: Mobile - Garena,com.garena.game.codm,Gaming,87f18cde-517c-4895-b760-15cab6e8e52e,Alexis Dequena,3,,I can't open my codm because of a bug in the loading screen since the last big update,0,,2026-07-22T14:17:24,,
Call of Duty®: Mobile - Garena,com.garena.game.codm,Gaming,9d90b428-c5df-410c-a2e3-b4628999090e,Sherwin Abejero,1,,daming bug,0,1.6.56,2026-07-22T13:57:32,,
Call of Duty®: Mobile - Garena,com.garena.game.codm,Gaming,7aeaad37-66a2-41eb-9779-a3ce28cb96d7,Dale Matthew Amatong,1,,this is a bad game because it keeps lagging and glitching players to win a ranked match how it kept lag for a year and was dissatisfied ob this game but good game in its gunsmiths graphics and other,0,1.6.56,2026-07-22T13:54:44,,
Call of Duty®: Mobile - Garena,com.garena.game.codm,Gaming,accff6da-7d14-4bbd-aa46-01eb53b8b2fc,Joas drey Monares,1,,IT WAS SO AWFULL AND ANNOYING THERE'S ALWAYS A DUMB TEAMMATE AND AGRESSIVE ENEMIES IT'S UNFAIR YOU HAVE DUMB TEAMMATE AND YOU HAVE A AGGRESSIVE ENEMY? BRO CHANGE YOUR GAME IT'S NOT FUNNY.,0,1.6.56,2026-07-22T13:54:37,,
Call of Duty®: Mobile - Garena,com.garena.game.codm,Gaming,d6b2c884-7323-400a-9661-5920b8547804,Zyrus Quilloy,4,,"Hello Call of Duty: Mobile Team, I would like to share a suggestion regarding the account login system. It would be very helpful if players could link multiple third-party login methods to a single account, such as Facebook, Google, Apple, Garena (where supported), or other secure login providers. Many players create their accounts using only one login method and later want to add another for convenience or as a backup.",0,1.6.56,2026-07-22T13:14:02,,
Call of Duty®: Mobile - Garena,com.garena.game.codm,Gaming,f96c1aca-7be2-44d8-9855-86a403d6da42,Micky Micky,4,,see 🙈,0,,2026-07-22T12:41:12,,
Call of Duty®: Mobile - Garena,com.garena.game.codm,Gaming,e739e160-2a89-44d2-8e70-0806b59920b3,Maros Manalac,1,,"hirap mag pa rank-up dahil sa mga animal na system ng codm. Isipin mo napupunta sakanila Yung maayos na Kasama Sakin palubog ampota, ano Yun? ilang araw nakong LOSESTREAK sa mga papwet nayan",0,1.6.56,2026-07-22T11:57:12,,
Call of Duty®: Mobile - Garena,com.garena.game.codm,Gaming,b6dc3f4f-2d59-4df8-bf56-7c8ac2694b3f,Ailon Culala,5,,"When will be the rerun of AK117 mythic weapon? Grim Ending, Memento Mori",0,1.6.56,2026-07-22T11:36:23,,
Call of Duty®: Mobile - Garena,com.garena.game.codm,Gaming,87fb1d08-d4fb-4f45-98f9-d22627d71863,Jireh Steve,1,,SCAM,0,1.6.56,2026-07-22T11:21:27,,
Call of Duty®: Mobile - Garena,com.garena.game.codm,Gaming,34417d27-de27-4781-aad6-0bfbc75384e3,nash Asoy,5,,"I'm so happy with CODM because even though I'm sad, I just play to relieve myself even though my phone is broken.",0,1.6.56,2026-07-22T09:29:30,,
Call of Duty®: Mobile - Garena,com.garena.game.codm,Gaming,f0dd318b-9f28-4ab0-97bb-c54cdf2652be,mechillecarlos mabaquiao,1,,the game always rest start the game..wast of time hastle game app,0,,2026-07-22T09:14:13,,
Call of Duty®: Mobile - Garena,com.garena.game.codm,Gaming,0fcd9530-8881-403e-8c2d-130e2574ce30,Bacon Mones,5,,10/10 bc this game is so fun that I can waste my time,0,1.6.56,2026-07-22T09:07:17,,
Call of Duty®: Mobile - Garena,com.garena.game.codm,Gaming,48c85b9a-3ee3-4866-ae76-ddb4f65edcfb,Jimghost,1,,why the Google Play keep showing up in the mid of the game,1,1.6.56,2026-07-22T08:32:18,,
Call of Duty®: Mobile - Garena,com.garena.game.codm,Gaming,c490080b-c546-4fd0-8350-ec9829b95558,Denniell Credo,5,,This is so much fun and while you back you storage by this,0,1.6.55,2026-07-22T08:27:15,,
Call of Duty®: Mobile - Garena,com.garena.game.codm,Gaming,68951239-96ee-4c79-8606-63836b92cc22,Erik Joseph Jr. Palacios,1,,"Already high rank (grandmaster) and still playing against bots. The bots aim like they have hacks. Had this problem for a few years which is the reason why I always quit the game and not enjoy it, I play more against bots than actual players which makes the game no longer fun.",0,1.6.56,2026-07-22T08:09:26,,
Call of Duty®: Mobile - Garena,com.garena.game.codm,Gaming,bb731a6a-54e4-4e40-a34f-6626e2c8d08e,Jazly Zafri,3,,"The bug on the recent June update seems to be fixed where previously the game stuck everytime I click to watch the playback in history after each game. I would have to exit the game and relaunch just to watch the playback. It was really really annoying. But NOW, it stuck at the END of the playback after I watch it; which is technically better than getting stuck at the beginning but still annoying.",532,1.6.56,2026-07-22T06:34:31,,
Call of Duty®: Mobile - Garena,com.garena.game.codm,Gaming,eda08b7d-e834-4deb-bc06-058014fced90,Aries Hambre,5,,it's so challenging game and there's so many legendary free skin,0,1.6.55,2026-07-22T06:06:58,,
Call of Duty®: Mobile - Garena,com.garena.game.codm,Gaming,a0575f2e-65df-413a-9cdc-df982691b99b,Mh el Avila,2,,why I can't download this????????? how?,0,1.6.53,2026-07-22T05:52:44,,
Call of Duty®: Mobile - Garena,com.garena.game.codm,Gaming,7b1fcf80-9e1f-4498-aa42-e6efc92b9ea8,Mark erwin Paduata,5,,excellent,0,1.6.56,2026-07-22T05:29:08,,
Call of Duty®: Mobile - Garena,com.garena.game.codm,Gaming,bfc212ab-4989-41ec-b8e8-30c449d60d6a,Naj Pirate,5,,"Console-quality graphics, responsive controls, and intense multiplayer FPS action on mobile.",0,1.6.45,2026-07-22T05:15:44,,
Call of Duty®: Mobile - Garena,com.garena.game.codm,Gaming,e0323e56-1b3b-4fb7-8fe2-79740a3c7c44,TyRich Five,1,,"Don't waste your precious time playing this stupid broken game. They will pair you with novice level BOTS / teammates against nonsense BOTS with auto aim and a sort of map hack OR full team of sweat pro players. Full of map hack, aimbot cheaters, TOXIC SMURF accounts, shotgun + stim abusers, melee abusers, campers! Utterly awful & disgusting! Since they've updated 120 & 144 FPS features, this game become very displeasing & totally unfair. Save your time and money for your sanity & health mental.",3,1.6.56,2026-07-22T03:56:37,,
Call of Duty®: Mobile - Garena,com.garena.game.codm,Gaming,fb495487-a9cb-460c-95c0-b3e7d8109957,Aldwin Cuadra,2,,the damn revive lag caused me many games. it needs fixing asap,0,1.6.56,2026-07-22T03:49:00,,
Call of Duty®: Mobile - Garena,com.garena.game.codm,Gaming,7c0f34f0-5fb0-4f88-9fbf-dc7bccebf948,Rob Kenshin E. Atilano,5,,great game,0,1.6.56,2026-07-22T02:59:03,,
Call of Duty®: Mobile - Garena,com.garena.game.codm,Gaming,bd04f942-bd3f-404a-9fc4-82246f850bdb,Realme C71,5,,sangat bagus,0,,2026-07-22T01:16:43,,
Call of Duty®: Mobile - Garena,com.garena.game.codm,Gaming,4d9bc1b6-7ae4-449c-a1e3-34e9ebdd2092,Mark Anthony Alonzo,5,,beautiful game and excitement.,0,,2026-07-22T00:12:43,,
Call of Duty®: Mobile - Garena,com.garena.game.codm,Gaming,24912f54-bd58-4918-97ce-8822b79d5baa,Jp Penamante,2,,I'M USING TECNO CAMON 30 5G always crash 3 to 4 games please fix that i hope you fix that for my good performance in game thanks ❤,0,,2026-07-21T22:07:21,,
Call of Duty®: Mobile - Garena,com.garena.game.codm,Gaming,a5d4ceba-adc5-4a83-8b65-7710a6b393d7,Kynt cabasag,5,,laggy,0,,2026-07-21T21:57:08,,
Call of Duty®: Mobile - Garena,com.garena.game.codm,Gaming,8d610d11-00ec-4c0f-8c18-177b951e571c,Jegfred Niepes,1,,bugok mag drop,0,1.6.56,2026-07-21T21:29:37,,
Call of Duty®: Mobile - Garena,com.garena.game.codm,Gaming,0890f0ad-e89e-4f86-a490-149733250f4a,Astral,3,,"I WISH FOR THE NEXT UPDATE. THAT WE CAN JUST COPY SOMEONES HUD, AND SENSITIVITY CODES EASILY, LIKE WHEN CHECKING SOMEONES INFO THERE'S A BUTTON WHERE ALL THE CODES FOR THEIR HUDS AND SENSITIVITY",0,1.6.56,2026-07-21T20:32:05,,
Call of Duty®: Mobile - Garena,com.garena.game.codm,Gaming,00a04fd9-5f81-42f4-8092-0b933caf9838,NIXEE TV,5,,Best experience since 10/2020 never stopped always playing everyday. But I am wondering if You could remove the red light tags on both shoulders stating their enemies instead blue on comrades and lessen the sound of planting and defusing so anyone can ninja defuse. hahahha,0,1.6.56,2026-07-21T20:23:55,,
Call of Duty®: Mobile - Garena,com.garena.game.codm,Gaming,eccf3057-e52a-4651-9e8c-db009fa8a8f4,Jing Catiil,5,,great,0,1.6.56,2026-07-21T19:57:13,,
Call of Duty®: Mobile - Garena,com.garena.game.codm,Gaming,8111123f-e0d5-49ae-ace6-89a6d8ca00c2,Reiner Villalongja,2,,The game is engaging and good but the problem is the constant crash and the space it needs. Can't you do something about past event trashes that are stored in every players inventory? Please resolve such things.,0,1.6.56,2026-07-21T19:48:18,,
Call of Duty®: Mobile - Garena,com.garena.game.codm,Gaming,f173718d-63a0-48f3-9324-fc33cacf6605,Jediael Gacute,1,,fix mo naman mga bug mo nakakainis ka e,1,1.6.56,2026-07-21T19:25:15,,
Call of Duty®: Mobile - Garena,com.garena.game.codm,Gaming,2aa9a467-7f2e-4880-989b-46abdbfb2afd,Dylan Mallari,1,,don't download if your device is low,0,1.6.56,2026-07-21T19:24:00,,
Call of Duty®: Mobile - Garena,com.garena.game.codm,Gaming,efa6197b-efed-4aca-9338-d351aa11dc9c,Arjay Cuenca,5,,I'm so happy to playing codm,0,1.6.55,2026-07-21T19:23:20,,
Call of Duty®: Mobile - Garena,com.garena.game.codm,Gaming,adabaac3-eb60-4cc0-8bba-067fdfcf1298,Jmav Valenzuela,5,,nice hehehe,0,1.6.56,2026-07-21T19:16:31,,
Call of Duty®: Mobile - Garena,com.garena.game.codm,Gaming,0635261a-1cce-4a5d-8640-4e71cfe2e5ae,JeredWyane Detera,1,,umm we really should put some customization for low end devices,0,,2026-07-21T19:06:41,,
Call of Duty®: Mobile - Garena,com.garena.game.codm,Gaming,6a3f7802-cf72-4b45-9b31-4fe194545edc,Marlon Agananhindi,5,,super smooth,0,1.6.56,2026-07-21T18:53:22,,
Call of Duty®: Mobile - Garena,com.garena.game.codm,Gaming,f9a378de-b2d6-4fe2-9dc9-8ac660e90074,micaella moncadaa,1,,"Bug doesnt fix,its backing on my homescreen",0,1.6.56,2026-07-21T18:47:13,,
Call of Duty®: Mobile - Garena,com.garena.game.codm,Gaming,72356151-0c11-4d72-a77a-788c4a0ad102,Onyx Losao-na,5,,Super nice game🤩🤩this is amazing game try to play this game🤩,1,1.6.56,2026-07-21T18:21:42,,
Call of Duty®: Mobile - Garena,com.garena.game.codm,Gaming,88b9aaf9-c01d-4445-8e2e-0d941edb2d0c,Asyur Azaim14,5,,"game is so smooth,and its not pay to win and i got bunch of skin i really like this game and the gameplay make me feel so relax,the graphic not gonna lie its like in the movie,its the best fps of all the time.",0,1.6.56,2026-07-21T18:21:32,,
Call of Duty®: Mobile - Garena,com.garena.game.codm,Gaming,1df005ec-33b5-449c-acc5-be20ca978a82,nishiki,1,,"what a conglomerate of a mess this game is, I played this since 2021 and it has never been this bad of an optimization, fix your game dude the random crashing in the middle of the freaking match is really not cute, fix your game instead of focusing on the updates of skins but holy shyte maybe test it first before launching it? ain't no way you guys didn't experience the crash every so freaking often when you play this game, it's so damn annoying please please PLEASEEE get it together",7,1.6.56,2026-07-21T18:12:16,,
Call of Duty®: Mobile - Garena,com.garena.game.codm,Gaming,2c806c89-9c99-466c-ac9c-4cd6c3310372,Dylan Manzano,1,,pure of bugs,0,1.6.56,2026-07-21T17:59:49,,
Call of Duty®: Mobile - Garena,com.garena.game.codm,Gaming,9686dd09-591f-49db-a411-ccd924fb68a3,Ezikiel Tariagao,4,,good,0,1.6.56,2026-07-21T17:55:27,,
Call of Duty®: Mobile - Garena,com.garena.game.codm,Gaming,35f11cf0-74da-4c32-a1ca-8ad8b9bc59e5,Jonel Tabang sacamay,4,,Good game for solo,0,1.6.56,2026-07-21T17:41:46,,
Call of Duty®: Mobile - Garena,com.garena.game.codm,Gaming,d86cbde9-a46f-4525-9dfc-b2368671f26d,Xian Magsayo,1,,idk my fckng internet was slow and the teammates are so bad,0,,2026-07-21T17:38:13,,
Call of Duty®: Mobile - Garena,com.garena.game.codm,Gaming,fe6b3c09-fedb-416d-97cb-94b7089f64a0,Joeros Cortez,5,,Good,0,1.6.56,2026-07-21T17:21:45,,
Call of Duty®: Mobile - Garena,com.garena.game.codm,Gaming,044f3116-04b9-4d25-bd3b-692d283fafbd,jolina balbosa,5,,I love this game i've been playing since 2020,0,,2026-07-21T16:23:46,,
Call of Duty®: Mobile - Garena,com.garena.game.codm,Gaming,1165ed0c-ed13-4fb6-8984-27b34a91ab95,Terran Moy,5,,nice,0,1.6.53,2026-07-21T16:14:46,,
Call of Duty®: Mobile - Garena,com.garena.game.codm,Gaming,da106c1b-93e1-4559-99ad-e0dc25993442,Boyet Mendoza,5,,this is the best game I played this in 2018,0,,2026-07-21T16:11:02,,
Call of Duty®: Mobile - Garena,com.garena.game.codm,Gaming,0c9edb67-9c55-4f1e-a717-35df81fa9dab,Joshua Jaro,3,,I can't open the app here in Philippines Mindanao koronadal city,0,1.6.56,2026-07-21T15:42:27,,
Call of Duty®: Mobile - Garena,com.garena.game.codm,Gaming,82b39ac9-ddaf-40c7-abff-d26527424a46,Joshua Cabales,1,,ang Ganda nito pag may kasamang kaibigan napaka Ganda sana may pansin,0,,2026-07-21T15:10:22,,
Call of Duty®: Mobile - Garena,com.garena.game.codm,Gaming,cd7d31ed-1693-490e-a884-3787b9e77a88,Carl michael Del Rosario,1,,i hate this game ever since i played this game the longer i pkay the more hatred and rage i get and my attitude begin to worsen and my mental state because of rage in yhe game people would blame u on anything and yhis game has alot of hit marks bugs and othet things and random teammates that are noobs gets in the same match as u even if ur in a higher rank. i once loved this game so much i play it almost yhe enyire day but as the days gine by i slowly loose my emotional awareness.,0,,2026-07-21T14:57:39,,
Call of Duty®: Mobile - Garena,com.garena.game.codm,Gaming,db6d791f-df94-48c2-8e88-d2b6b1b9ebda,Tokyo,1,,The game was not good. To many bugs in the game. And the developer is favoritism THIS GAME SUCKS!,1,1.6.56,2026-07-21T14:17:20,,
Call of Duty®: Mobile - Garena,com.garena.game.codm,Gaming,e0752a64-9c4d-4e75-9476-9e7875628526,Cheryl Batle,1,,I can't open my account,0,1.6.56,2026-07-21T13:52:24,,
Call of Duty®: Mobile - Garena,com.garena.game.codm,Gaming,3081175b-a437-4a9c-8fde-464200b7118a,Eugene Alen Pascual,1,,the games is so greedy,0,1.6.47,2026-07-21T13:35:18,,
Call of Duty®: Mobile - Garena,com.garena.game.codm,Gaming,6948aaf2-13ce-4a9a-9a98-3a3ffa0ccb9b,Allen Layug,1,,most of the copycat cod games have tactical sprint but the original codm doesn't have it?? ugh that's disgusting,0,,2026-07-21T12:49:55,,
Call of Duty®: Mobile - Garena,com.garena.game.codm,Gaming,6cb00524-dd52-4c26-b6a7-9adc15985322,Henry Jr. Arana,1,,pangit ng new update daming bugs,0,1.6.56,2026-07-21T12:41:40,,
Call of Duty®: Mobile - Garena,com.garena.game.codm,Gaming,4d46f67c-8354-45b9-8d89-c0c6d87605f4,Anne Calimag,1,,maganda siya kaso hindi makapag-online kasi ewan ko kung bakit Meron kasi lalabas 'pag mag-o-online like sabi thank you for your ano this wait it's coming soon again naka five weeks na siya pero hindi pa talaga nabalik,0,,2026-07-21T12:27:22,,
Call of Duty®: Mobile - Garena,com.garena.game.codm,Gaming,74bc011d-48f5-4124-bc23-2c0b1dfc0797,Syrielle Kyle America,5,,best game,0,,2026-07-21T11:55:57,,
Call of Duty®: Mobile - Garena,com.garena.game.codm,Gaming,164cdb70-6463-4b91-a8b3-3de414901fa1,Zana Johorean,5,,"fantastic mobile game with impressive graphics, smooth gameplay and exciting multiplayer modes",0,1.6.56,2026-07-21T11:55:11,,
Call of Duty®: Mobile - Garena,com.garena.game.codm,Gaming,dd78ee3e-7251-4bfe-be09-1ec5ffa0fd36,Saigel Ramos,1,,It's a nice game but some of futures make my device lag because the storage increasing until some people device can't play this game anymore because we're low end devices can the owner update the game without adding some alot amount of storage or just make it free storage bri,0,1.6.54,2026-07-21T11:50:53,,
Call of Duty®: Mobile - Garena,com.garena.game.codm,Gaming,e1b42e3d-0fa5-4a6c-8859-d3af92165ce0,John Luis Espinas,5,,bro like you don't put Dead scene in br hey Coke would I know who killed me or how did I die I hope you pix it,1,1.6.56,2026-07-21T11:49:41,,
Call of Duty®: Mobile - Garena,com.garena.game.codm,Gaming,41d29814-2435-4f0a-a8de-092800093839,Bien Edison Lacandazo,1,,I've been redownloading this game cuz of so many bugs idk if it is a bug but there's something weird going on base on my experience and it's while I'm playing the game suddenly relogs in and it's ruining my game it happened 3 times for 1 month and second is that everytime I open the app the loading is slow and keeps disconnecting me while I play saying my internet is bad when it's actually is stable and no problem at all,0,,2026-07-21T11:16:08,,
Call of Duty®: Mobile - Garena,com.garena.game.codm,Gaming,c8df3c4c-2d98-43d1-996b-80c386c4f959,J-boy Tinio,1,,i hate the time out bug,0,,2026-07-21T11:14:04,,
Call of Duty®: Mobile - Garena,com.garena.game.codm,Gaming,fdb295bf-fd3a-460b-a251-de7265932344,king bryan Bringas,1,,Bulok laging malas,0,1.6.56,2026-07-21T10:56:51,,
Call of Duty®: Mobile - Garena,com.garena.game.codm,Gaming,1826fa73-ca7f-4900-b8ec-43ea40999b54,Gabriel Ambas,5,,this is very nice and high quality,0,,2026-07-21T10:48:08,,
Call of Duty®: Mobile - Garena,com.garena.game.codm,Gaming,19e147df-392c-4b3d-8ecb-92398a8c6c1e,Revina Bilag,5,,happy,0,1.6.56,2026-07-21T09:54:55,,
Call of Duty®: Mobile - Garena,com.garena.game.codm,Gaming,804acbb1-57fb-428e-9e98-ded447621175,mico nagac,5,,this game is good,0,1.6.39,2026-07-21T09:36:43,,
Call of Duty®: Mobile - Garena,com.garena.game.codm,Gaming,5a44eb57-906b-4d4f-9773-64d4c6ca5add,Mark Laurence S. Reño,2,,why can't I get a legendary skins I spend so much money on this game even dough I am broke I really want a skin and I play this morning to evening why Call Of Duty mobile,0,1.6.56,2026-07-21T09:12:55,,
Call of Duty®: Mobile - Garena,com.garena.game.codm,Gaming,6d6aae3e-715c-4e4a-97c1-c4d36abe01d5,Twice Naomi,1,,google play bug,0,1.6.56,2026-07-21T07:38:10,,
Call of Duty®: Mobile - Garena,com.garena.game.codm,Gaming,f431b778-14e4-4668-8f88-c8264c489662,Ian Dador,1,,Poor matchmaking and lot of bugs. Stupid game,0,1.6.56,2026-07-21T07:35:28,,
Call of Duty®: Mobile - Garena,com.garena.game.codm,Gaming,8af5cacc-8284-40e6-b5e3-c976a0b9248b,Suc joo Chang,5,,👍,0,1.6.56,2026-07-21T06:05:02,,
Call of Duty®: Mobile - Garena,com.garena.game.codm,Gaming,6423fdb5-1898-4f99-86e1-160e3d633206,Jeathro Garmay,1,,free draw are scams,0,1.6.56,2026-07-21T06:00:33,,
Call of Duty®: Mobile - Garena,com.garena.game.codm,Gaming,c5f6cb62-8a40-423b-b94a-7c6fc4a917d6,Roger Maluay,5,,nice,0,,2026-07-21T04:59:01,,
Call of Duty®: Mobile - Garena,com.garena.game.codm,Gaming,14cef160-9cb1-45a8-a298-28a89e00f478,Marites Acojedo,5,,Noice,0,,2026-07-21T04:57:35,,
Call of Duty®: Mobile - Garena,com.garena.game.codm,Gaming,75db08e9-2d25-480c-9ac4-fd3942069768,Renzky Alga,1,,to long to download,0,1.6.33,2026-07-21T04:31:38,,
Call of Duty®: Mobile - Garena,com.garena.game.codm,Gaming,ec5a1318-b73d-4f39-abed-1f985022dfaf,Marcel Maglupay,5,,Pas smooth anggrapich,0,1.6.56,2026-07-21T04:11:25,,
Call of Duty®: Mobile - Garena,com.garena.game.codm,Gaming,ecae3104-dba4-4ed7-b8e6-0819d12822cf,Iso,5,,PLEASE BRING BACK HIGH RISE IN SND,0,1.6.56,2026-07-21T04:09:23,,
Call of Duty®: Mobile - Garena,com.garena.game.codm,Gaming,b2c0b263-c240-48be-a0a9-8981cfb0cc3b,Saanoding Palao,3,,Mai cheater na cod Ang Daya,0,1.6.56,2026-07-21T01:15:52,,
Call of Duty®: Mobile - Garena,com.garena.game.codm,Gaming,bb54e156-45e7-43f1-b762-6f0d61c75611,AFIQ HAZIQ BIN ABD HALIM,5,,"The graphics on this game are absolutely insane for mobile phone-it feels like playing on a console. The shooting controls are super smooth and responsive, and the multiplayer matches are always intense and fun. I feel like I'm playing the real deal here",0,,2026-07-20T23:31:19,,
Call of Duty®: Mobile - Garena,com.garena.game.codm,Gaming,f829afe4-86c5-4278-a26d-a4d3e06a9cfc,Baren Sale Baren sale,5,,so nice and I feal happy,0,,2026-07-20T23:16:22,,
Call of Duty®: Mobile - Garena,com.garena.game.codm,Gaming,04e6ab16-971a-4f30-8015-2f4d22eb5f73,Cris Balisi,1,,my experience ok sana Ang game pero pag sa draw na pa balik balik lang Yung nakukuha walang chance na Maka kuha ng dream skin mo kasi pang nag draw ka nakuha Mona e babalik pa sayang lang Pera sayang Ang cp mayayaman lang pwede kumoha Pano Naman Yung maheherap na nag aantay ng free tickets grabi lala nyu codm,0,1.6.56,2026-07-20T23:14:33,,
Call of Duty®: Mobile - Garena,com.garena.game.codm,Gaming,4f42f3dc-19c3-435e-b667-7bb96b59a363,Edith Gabaga,4,,Can you put a way to bind to anotber acc cause my facebook got disabled and i want my acc to keep on playing on my acc please put another binding way,0,1.6.56,2026-07-20T23:08:02,,
Call of Duty®: Mobile - Garena,com.garena.game.codm,Gaming,6d35c4fe-c79b-4bf1-851b-5ebe7ee44c14,Ariane Juan,2,,"the 5027 keeps on showing, so if I have an expensive account can I recover it?. because I can't enter the game.",0,1.6.56,2026-07-20T22:33:11,,
Call of Duty®: Mobile - Garena,com.garena.game.codm,Gaming,c0b480a4-6847-45dc-8e21-d321a7906b09,Eiji Airu Jimeno,1,,your game is full of bugs even i adjust my settings it causes lag and freezes the screen kindly fix it because i report it many times,0,,2026-07-20T22:27:31,,
Call of Duty®: Mobile - Garena,com.garena.game.codm,Gaming,911bc1ca-53af-4a9a-aed9-2d944731eb58,John ivan Competente,5,,MASAYA SYA.,0,1.6.56,2026-07-20T22:25:51,,
Call of Duty®: Mobile - Garena,com.garena.game.codm,Gaming,65453876-0c77-4720-ac6d-5f04d3e38f75,Sam Parala,5,,👍,0,1.6.56,2026-07-20T21:23:14,,
Call of Duty®: Mobile - Garena,com.garena.game.codm,Gaming,53d22601-5804-45bc-8d0e-12699e520075,vincentia ve,3,,Menurut gw ni game grafik nya bagus banget dan updatenya bagus-bagus tapi yang bikin masalah selalu ngelag pas main,0,1.6.34,2026-07-20T20:42:34,,
Call of Duty®: Mobile - Garena,com.garena.game.codm,Gaming,708279ad-5d36-479d-bdf0-01417a86aa51,Zef Ereza,1,,It is getting harder every day to play PvP against players with better internet connections who constantly use the slide-shotgun method. Please nerf the slide mechanic itself instead of nerfing the weapons. This would make fights much fairer. It feels like our complaints are never taken into consideration.,1,1.6.56,2026-07-20T20:37:26,,
Call of Duty®: Mobile - Garena,com.garena.game.codm,Gaming,ae73c4df-1906-4dad-b279-049d37db248e,Reibelle,1,,it's so log and the aim of the scope is late,0,,2026-07-20T20:30:13,,
Call of Duty®: Mobile - Garena,com.garena.game.codm,Gaming,e5bfe8a1-04a3-4e1a-9362-9de43a344104,Natsu Dragneel,2,,"Over powered bot in MP, 2 bullet hits only what the h",1,1.6.56,2026-07-20T20:26:00,,
Call of Duty®: Mobile - Garena,com.garena.game.codm,Gaming,cf1d56d4-d7e1-4ebf-b8f1-c24e041b13ad,Gavin Parba,1,,Game full of bots and the bots has better aim the most the actual players fix your system lazy ahh company,1,,2026-07-20T20:15:27,,
Call of Duty®: Mobile - Garena,com.garena.game.codm,Gaming,c3c69196-02c8-4572-b03d-1224203c4e81,Kim Aljune Tamobado,1,,kupall,0,,2026-07-20T20:13:56,,
Call of Duty®: Mobile - Garena,com.garena.game.codm,Gaming,e0bcbd21-d9eb-430e-b3d0-39e00a8306ab,June Barce,1,,Ultra frame rate but only 60fps really?,0,1.6.47,2026-07-20T20:13:02,,
Call of Duty®: Mobile - Garena,com.garena.game.codm,Gaming,0a7fd8a6-6145-4a7a-a1d7-c74b7c6c948d,Lazar Justin,2,,"constant lagging after the update, it got so heavy I couldn't even play battle royale properly. before the update, the game feel smoother and better. there's even a google play games that pops up everytime even in midgame. fix this please.",0,1.6.56,2026-07-20T19:53:12,,
Call of Duty®: Mobile - Garena,com.garena.game.codm,Gaming,6fcbe1ac-2211-4efe-a4d1-a6dfba56e007,Noah Ezekiel,1,,game kontol,0,1.6.56,2026-07-20T19:39:42,,
Call of Duty®: Mobile - Garena,com.garena.game.codm,Gaming,0bf98c38-c90c-41bd-8c3e-bf687ae13841,Jayden Delapeña,5,,I like it,0,1.6.56,2026-07-20T19:25:28,,
Call of Duty®: Mobile - Garena,com.garena.game.codm,Gaming,240f9830-e2ea-4a91-b5ef-06395f51f3fa,John Paul Abasula,5,,nice game ang I am enjoy in gsme,0,1.6.56,2026-07-20T19:22:09,,
Call of Duty®: Mobile - Garena,com.garena.game.codm,Gaming,88dbb931-3ac1-49fd-914c-491ccc2f10c1,Jaime Lagsit,4,,i love this game but i had to delete my fav apps to install it but still peak tho,0,1.6.51,2026-07-20T19:17:45,,
Call of Duty®: Mobile - Garena,com.garena.game.codm,Gaming,f5cc9852-cab2-452c-9d46-b1627cc1d0fb,John Matthew Manas,3,,3likes lang kasi hindi ma-ayus ang mga ibang kakampi,0,1.6.56,2026-07-20T19:06:44,,
Call of Duty®: Mobile - Garena,com.garena.game.codm,Gaming,43d2177f-181d-421a-96d3-dd79287195fd,Sharrif Parales,1,,"so many bug, you cant shoot(wallbang) on Bosh or fins and you cant clim on the new update wft",0,1.6.49,2026-07-20T18:55:05,,
Call of Duty®: Mobile - Garena,com.garena.game.codm,Gaming,5d9c2d46-08ab-4664-ba7b-22bbed009b9b,Vicky Onate,4,,I have been a player on this game since 2021veryy nice game because it strengthten my eyesight lmao also my skills in gaming. the only thing that upset me is that I can't download it anymore because my phone storage is about to give up😭😭 need better phone next time.,0,,2026-07-20T18:52:20,,
Call of Duty®: Mobile - Garena,com.garena.game.codm,Gaming,271794fa-ff73-47e2-b890-3fb150fcc2fe,Jhulian gabriel Labinghisa,5,,good,0,1.6.56,2026-07-20T18:23:28,,
Call of Duty®: Mobile - Garena,com.garena.game.codm,Gaming,5b1e8353-76ae-4bb2-9724-df558e339f53,Zett Andrew Bayrante,1,,"the game is not bad but when there's an update or new released skins the others need to be downloaded to,it's a laggy game to much problems and connecting to server.And I can't even claim something without waiting.Cant even plant properly.Since I updated this game Is now laggy too much bugs and glitches.",0,1.6.56,2026-07-20T18:21:20,,
Call of Duty®: Mobile - Garena,com.garena.game.codm,Gaming,04384474-65c2-4edc-a856-5e313ff66791,Allen Macaraig,5,,I just like this game,0,,2026-07-20T18:13:48,,
Call of Duty®: Mobile - Garena,com.garena.game.codm,Gaming,15f0e376-4527-4d6f-996d-c40832643808,Deehan Molejon,1,,pangit ang daming bug pag nag uup,0,1.6.56,2026-07-20T18:08:56,,
Call of Duty®: Mobile - Garena,com.garena.game.codm,Gaming,70bb1046-2961-44b6-aa51-17a8a2bd7403,Ella Mae Malones,5,,its so good to play,0,1.6.55,2026-07-20T17:48:26,,
Call of Duty®: Mobile - Garena,com.garena.game.codm,Gaming,46ff73e2-68cd-4522-928b-4afc4dd26ec5,Aleater ann Llenado,5,,I love this game even if I don't know how to play this but I practice how to play,0,1.6.56,2026-07-20T17:42:22,,
Call of Duty®: Mobile - Garena,com.garena.game.codm,Gaming,4ebc451a-58c4-4642-9fad-b7aed6010852,Arjay Flores,1,,Battle Royal bug is too annoying,0,1.6.56,2026-07-20T17:38:00,,
Call of Duty®: Mobile - Garena,com.garena.game.codm,Gaming,b9898200-e26e-4b2f-9938-bf99cb82593b,Lara Bajado,5,,Just support,0,1.6.56,2026-07-20T17:37:48,,
Call of Duty®: Mobile - Garena,com.garena.game.codm,Gaming,c1d8bfcd-a72c-48eb-8a16-a882d3a48ad7,Lemuel Otordoz,1,,"there is so many bugs, there is a bug color of house in br! it's so annoying, i think it's only on low graphics!? now I can't play normal now cause i have only low end device",0,1.6.56,2026-07-20T17:32:08,,
Call of Duty®: Mobile - Garena,com.garena.game.codm,Gaming,68718541-4952-448e-b6ac-1f4952ca7426,Marvin Potectan,5,,it's very very fun to play specialy with friends,0,1.6.56,2026-07-20T17:19:16,,
Call of Duty®: Mobile - Garena,com.garena.game.codm,Gaming,e134bfbb-4bb1-4d0f-8020-15069a05be4e,Shizuoka,1,,please FIX THE DAMN REVIVE SCENARIO WHY TF IT'S FREEZE WHEN I'M HELPING MY TEAMMATES!,0,,2026-07-20T17:11:18,,
Call of Duty®: Mobile - Garena,com.garena.game.codm,Gaming,a702c6d0-20dd-4450-8855-8e6889d3afee,Lomocso Greg John C.,5,,Nice game.,0,1.6.56,2026-07-20T17:10:51,,
Call of Duty®: Mobile - Garena,com.garena.game.codm,Gaming,c59adcfa-977e-45ce-a6c7-59238bbb2139,Ivan Canales,5,,this is so good and I enjoy to play this game,0,1.6.56,2026-07-20T17:07:10,,
Call of Duty®: Mobile - Garena,com.garena.game.codm,Gaming,554e7c7a-e7f2-4460-b937-03fcfbc9b6c0,Prudencio Pino,5,,good game,0,,2026-07-20T17:03:12,,
Call of Duty®: Mobile - Garena,com.garena.game.codm,Gaming,5d4ace7d-a0f4-4955-830a-f2bd2a07430e,Marissa Pasquito,5,,potang ina inin yo sodrabg hagda nito,0,,2026-07-20T16:57:45,,
Call of Duty®: Mobile - Garena,com.garena.game.codm,Gaming,93e1b931-7a2b-454b-8f80-a96871c0cf82,Kendrick G. Pesa,1,,TANG INA NAPAKA TANGA NG RANK SYSTEM PURO NLNG KASE DRAW INAAYOS NAPAKADMOT PA SA SERIES ARMORY TANG INA MAG RARANK KA 2 WINSTREAK 10 LOSESTREAK TANG INA WAG NA KAYO MAGLARO NITO,0,1.6.56,2026-07-20T16:21:04,,
Call of Duty®: Mobile - Garena,com.garena.game.codm,Gaming,b6091d12-402c-413d-9725-86edd600370d,Vince Rayven Alison,1,,tang Ina Isang araw lang Yung load kaka download ng recourses buloo bulbul,0,1.6.56,2026-07-20T16:13:57,,
Call of Duty®: Mobile - Garena,com.garena.game.codm,Gaming,e5cc7970-913f-4fe0-b402-4e35aef1bcd4,Jan Adrian Valenzuela,1,,slow to download,0,1.6.55,2026-07-20T15:54:52,,
Call of Duty®: Mobile - Garena,com.garena.game.codm,Gaming,aed22d30-4693-4468-a002-be733f6e74d3,nica gabertan,5,,it makes my daughter happy because we enjoying our play with codm,0,1.6.55,2026-07-20T15:24:41,,
Call of Duty®: Mobile - Garena,com.garena.game.codm,Gaming,d48b567e-adf8-4b41-aeb9-0c1a9141c230,Melvin Oroceo,3,,it's so gorgeous 🙂,0,,2026-07-20T15:19:41,,
Call of Duty®: Mobile - Garena,com.garena.game.codm,Gaming,22b904a4-a7c9-427c-a526-fd5db04c478b,Arlin Clavecillas,5,,Tnx for cod its nice,0,1.6.56,2026-07-20T14:49:13,,
Call of Duty®: Mobile - Garena,com.garena.game.codm,Gaming,3d2f90c3-a106-4aed-afde-f9e05c90fa9d,Tiarah Bacolod,5,,ganda nya fav app so far,0,1.6.56,2026-07-20T14:45:08,,
Call of Duty®: Mobile - Garena,com.garena.game.codm,Gaming,0369c76d-c4d4-4619-8d10-4f54444a636c,Kd Malijan,5,,cool game,0,1.6.56,2026-07-20T14:40:34,,
Call of Duty®: Mobile - Garena,com.garena.game.codm,Gaming,de52e9e9-82e8-410b-b0db-7ef84dbbddc7,Mark Angelo Fuenzalida,1,,Loading lang lagi codm ko tangina bag niyo kainis,0,1.6.56,2026-07-20T14:19:59,,
Call of Duty®: Mobile - Garena,com.garena.game.codm,Gaming,0a30c5ef-612c-4107-be28-7f2cfbee383c,Robi Laranga,1,,My acc got hacked and im quiting this game,0,,2026-07-20T11:46:44,,
Call of Duty®: Mobile - Garena,com.garena.game.codm,Gaming,70a4b0de-ab45-4c23-834a-8f475b36fae2,Mandy dela Rosa,2,,always broken😮‍💨,0,,2026-07-20T10:54:06,,
Call of Duty®: Mobile - Garena,com.garena.game.codm,Gaming,44bd5c29-51a7-4198-ba0f-5ed4672fd22c,Aldwyn Legolas Belmonte,1,,ayos matchmaking ano? puro bobo kakampi ko lagi tas kalaban ko maayos mag laro tanga nyo din eh noh,0,1.6.56,2026-07-20T10:39:44,,
Call of Duty®: Mobile - Garena,com.garena.game.codm,Gaming,1ec96c84-f989-413f-be5a-a38a238d3d85,Jovic Staana,1,,unbalanced match,0,,2026-07-20T10:18:48,,
Call of Duty®: Mobile - Garena,com.garena.game.codm,Gaming,9275af6d-ff20-4072-88f4-84decb494531,Kent Jasper Hulguin,1,,so many bug,0,1.6.56,2026-07-20T10:11:51,,
Call of Duty®: Mobile - Garena,com.garena.game.codm,Gaming,75ec3913-24b1-47ca-8e1c-c34000ac374d,Erwin Jay Guillermo,1,,Codm now is full of characters. evere 2 games i always encounter chearter on the enemy's team. the matchmaking also suck. i always get the worst teamates ever time I'm planning this game i always hard cary my teammates even tho they have higher rank than me. please fix this issue i keno reporting those cheater but they never get banned. i just want to play this game peaceful not to get stressed because of hiw terrible the game is.,1,1.6.56,2026-07-20T09:47:59,,
Call of Duty®: Mobile - Garena,com.garena.game.codm,Gaming,868c986e-7ebf-47cb-957c-694501cbec2b,reyson Molina,5,,this my favorite games of all online games,0,1.6.56,2026-07-20T09:08:34,,
Call of Duty®: Mobile - Garena,com.garena.game.codm,Gaming,3b8eadfa-05b1-460e-bb96-00ab6046f8b0,Jolito Lobero,5,,this game is insane,0,1.6.56,2026-07-20T08:30:57,,
Call of Duty®: Mobile - Garena,com.garena.game.codm,Gaming,287e7e33-2f8c-4e6a-8334-19f988e6a042,Marjan Haris,3,,I only give this game three star because of the spawning position because first of all enemies usually spawning behind me it's pretty annoying and second of all I hate it when I get into a match suddenly pop out of nowhere suddenly I'm in a losing team it's like enemies have been eliminate this random teammate 123 and somehow my sudden team was only 100 or perhaps 60 kills it's pissing me off please Garena fix this problem,0,,2026-07-20T08:30:39,,
Call of Duty®: Mobile - Garena,com.garena.game.codm,Gaming,cb12fbdb-c041-445b-a3ba-f3f25b0f8c88,Frevian Emanuel (Noel),2,,"Every 5 minutes,this game crashes.. like no joke before this update,this game worked perfectly fine but now it's completely unplayable!!",17,1.6.56,2026-07-20T06:28:06,,
Call of Duty®: Mobile - Garena,com.garena.game.codm,Gaming,0ada2e07-31b1-4c77-aa3c-dbcea28b25f7,Jyhann BX,5,,this game is so godamn fun you gotta play this game,0,1.6.56,2026-07-20T06:22:24,,
Call of Duty®: Mobile - Garena,com.garena.game.codm,Gaming,eae45534-f874-467d-a99c-d677fb81bfd1,Klint William Valencia,1,,corruption gaming everyone players have first draw but me I don't experience 1 draw,0,1.6.56,2026-07-20T05:39:04,,
Call of Duty®: Mobile - Garena,com.garena.game.codm,Gaming,5426696a-6489-42e4-b8ef-0abf9c4fba0e,Johndel Demonarca,5,,im enjoy this game if i play the br or the other rules the games,0,,2026-07-20T05:16:50,,
Call of Duty®: Mobile - Garena,com.garena.game.codm,Gaming,7f097752-e47f-4d60-8ceb-def880a7b839,Mark dave Sardonidos,5,,kakainis,0,1.6.56,2026-07-20T04:07:01,,
Call of Duty®: Mobile - Garena,com.garena.game.codm,Gaming,daa9b083-003d-45b7-b584-0c2bb4e92ab2,Sheyee Manaltag,5,,good game.,0,1.6.56,2026-07-20T03:46:06,,
Call of Duty®: Mobile - Garena,com.garena.game.codm,Gaming,db361d78-271a-4109-8349-118936bb06ea,John davie Arevalo,1,,sobrang laki ng GB na kinukuha kawawa yung mga low amd device,0,1.6.56,2026-07-20T03:08:21,,
Call of Duty®: Mobile - Garena,com.garena.game.codm,Gaming,accffa0c-4b6c-445d-acf3-2d77d9fe130a,Dylan Cardinal,5,,"The game was fun not until the maps and camos are starting to eat your storage, please help those who has low end devices like us to play the game without having this kind of issue and it is still unfixed....",2,1.6.55,2026-07-20T01:13:51,,
Call of Duty®: Mobile - Garena,com.garena.game.codm,Gaming,ddd96fc5-4c15-4d72-a353-51044f6b4c9e,Lao The Great,4,,all i can day is its peak but sometimes i ragequit cuz im low end device and it lags so badly,0,1.6.56,2026-07-20T00:45:40,,
Call of Duty®: Mobile - Garena,com.garena.game.codm,Gaming,9937db02-84c7-4e9e-95b6-32689aff4625,Stinger Blox,4,,I played this game and it was super cool,0,,2026-07-19T23:58:30,,
Call of Duty®: Mobile - Garena,com.garena.game.codm,Gaming,2a382f03-a931-444c-ae35-b2266bf099c6,Reymark Calanao,1,,"too many bug what the heck every update always bug trash update and optimization compare to blood strike ,pubg my device can run smoothly but this codm is suck",0,1.6.56,2026-07-19T23:30:19,,
Call of Duty®: Mobile - Garena,com.garena.game.codm,Gaming,43c603a8-e5f7-417c-84c2-eb16a815fdc0,Rangga Mahesa,1,,"tidak bisa login menggunakan akun garena padahal password sudah benar,saat mau ganti password baru dialihkan ke pengambilan tiket pelaporan, tapi pelaporan tiket harus login,tidak masuk logika dev nya mabok. mau login make akun google ngga bisa,aneh",0,1.6.56,2026-07-19T22:05:37,,
Call of Duty®: Mobile - Garena,com.garena.game.codm,Gaming,5ada281e-3b94-46f6-8694-7aea541513a5,Kupal Inst,1,,please fix your game when I revive my teammates my screen is freezing even my device is high end device. this is annoying,1,,2026-07-19T21:38:52,,
Call of Duty®: Mobile - Garena,com.garena.game.codm,Gaming,572cc4e2-66a3-47d8-97df-d1f158ce7d10,Joseph Erone Cedrick Pawal,1,,Lala may Google service pop up while playing,0,1.6.56,2026-07-19T21:36:48,,
Call of Duty®: Mobile - Garena,com.garena.game.codm,Gaming,c18b05ca-7fde-42f8-939f-04fe4e7df392,RagaRoh,5,,kapan bisa dimainkan lagi di Indonesia min?ayo min kangen maen codm cuma game fps ini yg bikin ak addict,0,,2026-07-19T20:23:04,,
Call of Duty®: Mobile - Garena,com.garena.game.codm,Gaming,4889b2fc-5c0c-4f8a-a6ed-f159ea79cb81,bruno minor,1,,"This is a pay to win game, if ur device is low specs don't even try to install it, it lacks on performance either mp or br. If u're new in this game, it's gonna be a pay to win.",1,1.6.56,2026-07-19T20:06:57,,
Call of Duty®: Mobile - Garena,com.garena.game.codm,Gaming,1b5335a7-39fe-4d9f-98c6-03fdfc6345e1,LOVING ARROWS,1,,"Boring, full of bugs. Players abusing bugs.",1,1.6.54,2026-07-19T20:00:31,,
Call of Duty®: Mobile - Garena,com.garena.game.codm,Gaming,b53a7841-0f32-4bb1-9571-4eccf15bdf96,"Pili, Lance Patrick C.",1,,The new update is rigged i can no longer fight high ranks with only 60 fps. It supposedly works at 120 fps on my current phone.,0,1.6.56,2026-07-19T19:58:41,,
Call of Duty®: Mobile - Garena,com.garena.game.codm,Gaming,7461b020-ba7c-471a-91b9-9dd971a7a282,Ron Ace Banagan,1,,fix goole play services and play games bug in game,0,1.6.34,2026-07-19T19:57:41,,
Call of Duty®: Mobile - Garena,com.garena.game.codm,Gaming,381b88e0-0946-445c-b0d6-f90573a3ee71,Zaynx gheth1fvck,1,,i all ready in 83 percent and suddenly it's back to 40 percent bug,0,,2026-07-19T18:58:10,,
Call of Duty®: Mobile - Garena,com.garena.game.codm,Gaming,3bffa43d-34da-446f-911d-25ba869e0dcc,Donnamae Dayo,1,,Optimize your resources. Low storage cannot install or download the game. Pls need help thankyou. 32gb only,0,,2026-07-19T18:45:12,,
Call of Duty®: Mobile - Garena,com.garena.game.codm,Gaming,d5cd1da9-2a6e-4d28-967f-621fefd4af52,"JOHN MICHAEL, MAGISTRADO D.",3,,corny na ng game.. walang bagong map.. wala na yung mga skin na naka ghillie suit.. taas na din masyado ng storage..,0,,2026-07-19T18:43:57,,
Call of Duty®: Mobile - Garena,com.garena.game.codm,Gaming,017d343b-463a-4876-8b66-2a9e4e1bb833,REYFRANZ LAO,1,,yawa ka codm lose streak Nako demonyo ka yawa ka hatagi kog tarong nga kauban pisteng yawa ka magabaan ra unya Kang yawaa ka,0,1.6.56,2026-07-19T18:19:41,,
Call of Duty®: Mobile - Garena,com.garena.game.codm,Gaming,866167e2-a87f-4c49-ac7e-f672165e765e,AxelAce Antipolo,1,,Taena codm. Yung google play lumalabas midnfight,0,1.6.56,2026-07-19T18:13:14,,
Call of Duty®: Mobile - Garena,com.garena.game.codm,Gaming,10d8dc48-39c2-4686-bcfc-e3c89e0836ce,Accel jan Malasaga,3,,it's quite buggy especially when you activate a trial skin but if you don't own or have a trial of the gun and the skin that I should have a trial skin didn't appear to have a trial skin which means I activated the trial skin but I don't own or have a trial gun before activating the skin,0,1.6.56,2026-07-19T18:09:07,,
Call of Duty®: Mobile - Garena,com.garena.game.codm,Gaming,cdd7d255-ebb5-4cc3-9a74-ae0b5e90e76c,Joed gabasa,4,,The game is nice and also cool and fun. The problem is that it takes many storage and some players can't download it because their storage can't handle it. It is nice and cool though.,0,1.6.56,2026-07-19T18:07:50,,
Call of Duty®: Mobile - Garena,com.garena.game.codm,Gaming,5fa4c631-78ea-462f-9107-21d31210c76b,Kelly Ranes,5,,nice,0,1.6.56,2026-07-19T18:05:06,,
Call of Duty®: Mobile - Garena,com.garena.game.codm,Gaming,59a0e577-a0de-40b6-a373-a915ceb4ab3c,Matttyron Del rosario,5,,it's so fun and funny because of my teammates that are noob,0,1.6.56,2026-07-19T17:39:25,,
Call of Duty®: Mobile - Garena,com.garena.game.codm,Gaming,ad89040c-0aad-4531-b2ff-f06ff9cee2c9,Uriel Hinayon,1,,trash,0,1.6.55,2026-07-19T17:39:10,,
Call of Duty®: Mobile - Garena,com.garena.game.codm,Gaming,fb440407-db98-4c20-ba66-19fa6ed4d67d,Kent Arevalo,1,,fix the bug 5027,0,1.6.56,2026-07-19T17:38:56,,
Call of Duty®: Mobile - Garena,com.garena.game.codm,Gaming,5c6de164-5c01-48fe-bfe3-34446e725e5b,Wendel Ivan,1,,"When I open CODM while in the lobby, it suddenly blacks out, and when I swipe down on the phone panel, it blacks out, then when the game starts, it blacks out.",0,1.6.56,2026-07-19T17:17:13,,
Call of Duty®: Mobile - Garena,com.garena.game.codm,Gaming,f4c4a845-6904-4f3b-872f-a2cf295de6f6,Gerald Uno,2,,Why are you giving free legendary guns to the players that dosent deserve it? that is so unfair so I only give this an 2 star.,0,,2026-07-19T16:07:52,,
Call of Duty®: Mobile - Garena,com.garena.game.codm,Gaming,70fbad13-786e-40ff-98c5-bae45159fded,Miguel Pinili,4,,It's really made for legend 🔥,0,,2026-07-19T15:19:40,,
Call of Duty®: Mobile - Garena,com.garena.game.codm,Gaming,7bf3bd88-e8b4-4bdf-ad17-9b4acfadfd96,John robert Cauguiran,5,,it's good and it's many good at sniping it's like a pilipines eagle scope,0,,2026-07-19T15:11:54,,
Call of Duty®: Mobile - Garena,com.garena.game.codm,Gaming,f8a27b8a-cc5f-43bd-8ae7-b141ce9c8a2c,Jobel Bayhon,5,,nothing to say just an excellent and addictive app,0,1.6.56,2026-07-19T14:59:59,,
Call of Duty®: Mobile - Garena,com.garena.game.codm,Gaming,07f136a1-2981-493a-b90b-bafa3c51a60a,Ed Jellica Austria Jusi,5,,My stress reliever game since 2019. 🫶,0,1.6.55,2026-07-19T14:53:29,,
Call of Duty®: Mobile - Garena,com.garena.game.codm,Gaming,a9d3304d-b682-4ff7-9813-81754854cc95,cong tims,5,,its so good I wish I have many cp but I don't hahaha just kidding ahahah this game its so fun like trolling people,0,,2026-07-19T14:46:52,,
Call of Duty®: Mobile - Garena,com.garena.game.codm,Gaming,ade85c5e-b071-415b-8158-25c2acdf79b0,Junjun Datuin,2,,so smoth,0,,2026-07-19T14:33:25,,
Call of Duty®: Mobile - Garena,com.garena.game.codm,Gaming,5b23b505-0c12-4eb5-a4e2-58f58930eb59,Henry Raz,5,,good gume,0,1.6.56,2026-07-19T14:29:44,,
Call of Duty®: Mobile - Garena,com.garena.game.codm,Gaming,cfa21a15-2a09-4d21-89b6-4e55f422c3da,Sardido Lixiel,5,,nice game,0,1.6.56,2026-07-19T14:27:59,,
Call of Duty®: Mobile - Garena,com.garena.game.codm,Gaming,8b8a5b8d-b05c-4aae-bc26-677d08d6735e,DannyBoy Bedonia,3,,can u fix the log in system,0,1.6.56,2026-07-19T14:18:57,,
Call of Duty®: Mobile - Garena,com.garena.game.codm,Gaming,aee35579-710b-4fdb-aa25-200082bedd64,Florencia Abo abo,1,,you made me lose streak,0,1.6.56,2026-07-19T13:48:29,,
Call of Duty®: Mobile - Garena,com.garena.game.codm,Gaming,79e31be2-edab-493c-82f0-5853b8a77014,Jan Gujelde,1,,STILL FOREVER CALL OF STUPID MOBILE,0,1.6.56,2026-07-19T13:33:25,,
Call of Duty®: Mobile - Garena,com.garena.game.codm,Gaming,863efd36-34c9-4995-890a-79bc5c84e049,jhon rayquel,5,,legend 🙌🙌,0,1.6.56,2026-07-19T13:26:11,,
Call of Duty®: Mobile - Garena,com.garena.game.codm,Gaming,63b7ce42-818b-4c92-9216-3ceb6cb86e2c,Tan Jay,5,,I enjoyed it a lot,0,,2026-07-19T13:22:53,,
Call of Duty®: Mobile - Garena,com.garena.game.codm,Gaming,12f79ad9-7e05-4235-8fa5-5a9c8c1b8e02,II HorheH (Gong),5,,nice,0,1.6.56,2026-07-19T12:56:29,,
Call of Duty®: Mobile - Garena,com.garena.game.codm,Gaming,974f84cf-faf5-4911-b568-843bb190de25,Jayven Cabale,1,,Codm nyo bolok,0,1.6.56,2026-07-19T12:35:18,,
Call of Duty®: Mobile - Garena,com.garena.game.codm,Gaming,9f4ae0b4-0dd0-4fef-b1b8-aab10a875dff,Rain Hart Castillano,5,,so good,0,,2026-07-19T12:23:52,,
Call of Duty®: Mobile - Garena,com.garena.game.codm,Gaming,c826cfc6-229f-4c1d-8be7-0c4591631591,Jenard Matienzo,1,,low graphics,0,1.6.56,2026-07-19T12:15:13,,
Call of Duty®: Mobile - Garena,com.garena.game.codm,Gaming,574020b5-706b-4dd4-b79a-e066c367089a,Sam Barcibal,1,,everytime I start the game crashed,0,,2026-07-19T11:59:51,,
Call of Duty®: Mobile - Garena,com.garena.game.codm,Gaming,5b0c2179-7ac1-4f4b-84ba-41d21c42d690,Michael John Sioco,3,,"Hey codm, your game is good, but I gave you a 3 star rating because I have a problem with the audio or audio files, sometimes the sound of the guns, music, grenades, and even in br, its like the audio is sometimes double sounds, and sometimes cracky sounds, please codm fix this problem because i love your game and i dont wanna delete it or get annoyed to some audio files getting so cracky or double sounds. please fix this codm i beg you, what do i do?. Please i beg you.",0,1.6.56,2026-07-19T11:56:17,,
Call of Duty®: Mobile - Garena,com.garena.game.codm,Gaming,efa5298d-945a-4b9d-9787-56b9a0e20bb3,Elvin Rosales,1,,not gonna lie this game sucks already because of the storage and the gameplay I like the old one but this is 1000x bad,0,,2026-07-19T11:49:16,,
Call of Duty®: Mobile - Garena,com.garena.game.codm,Gaming,00935d95-f004-408c-8cf5-7f5763d661c6,Terry Baguisa,5,,cannot login,0,1.6.56,2026-07-19T11:39:21,,
Call of Duty®: Mobile - Garena,com.garena.game.codm,Gaming,9b421ff7-6048-4f66-bd45-674888815bdb,Xian Soneja,1,,this game has unfair teaming selection codm does not balance play styles of players I always lose because of some teamates not even contributing and just trolling I hope this gets notice and fix your game team selection and balance it and your game bugs,0,1.6.56,2026-07-19T11:39:19,,
Call of Duty®: Mobile - Garena,com.garena.game.codm,Gaming,dc8e8313-8f01-4f1f-bbeb-0bba711e610c,PRINCE,1,,bug of duty🥀🥀🥀,0,1.6.56,2026-07-19T11:30:37,,
Call of Duty®: Mobile - Garena,com.garena.game.codm,Gaming,be817b74-3c17-4d3b-910c-6d4c01709c05,Sernt ramhan Torres,5,,firee,0,1.6.56,2026-07-19T11:23:49,,
Call of Duty®: Mobile - Garena,com.garena.game.codm,Gaming,890fdbfe-c9ad-4222-adae-1b512381ee65,Erin Aguas,2,,"It was fun but can you stop with all the updates? because I live in the Philippines and it keeps giving me the error saying it isn't ready for my region yet, I waited 2 weeks for this stupid update and it still won't work. (Upd: it still won't work until now.)",0,,2026-07-19T11:21:49,,
Call of Duty®: Mobile - Garena,com.garena.game.codm,Gaming,a2fb84a7-71bd-4ba1-b246-4a26e49daa1f,Ariel Modena,5,,nice,0,,2026-07-19T11:20:05,,
Call of Duty®: Mobile - Garena,com.garena.game.codm,Gaming,79b7e399-78b8-4c27-921f-170db235b309,suzette amistoso,5,,"5/5 This game is amazing! The graphics are great, the gameplay is smooth, and the shooting mechanics feel satisfying. There are many weapons, modes, and challenges that keep the game fun and exciting. I really enjoyed playing it and would recommend it to anyone who likes action-packed shooting games. Definitely one of the best games I’ve played!",0,,2026-07-19T11:18:59,,
Call of Duty®: Mobile - Garena,com.garena.game.codm,Gaming,cc8d08e2-4c28-40ef-8b4a-a759416bf3fd,Angelus seth Barota,2,,the game keeps exiting on my device even though I have 256GB of storage and it lags a little exits in the middle of the game also,0,,2026-07-19T10:55:16,,
Call of Duty®: Mobile - Garena,com.garena.game.codm,Gaming,9fe87cea-8213-4f46-870f-4668e1ea2eb3,Luise Lavilla,1,,Bug game,0,1.6.56,2026-07-19T10:53:06,,
Call of Duty®: Mobile - Garena,com.garena.game.codm,Gaming,9031c56c-59a1-4c20-89b2-e6ef1824a8a7,ARBIE CORPUZ,1,,I hope you can reduce the storage of Call of Duty Mobile because there are many low-end devices that can't play the game because of the excessive storage.,0,,2026-07-19T10:40:26,,
Call of Duty®: Mobile - Garena,com.garena.game.codm,Gaming,82cb0c6e-a100-481c-a516-8d94bbbdfce1,kyle abraham galang,5,,can I have skins of lucos one skins,0,1.6.56,2026-07-19T10:39:17,,
Call of Duty®: Mobile - Garena,com.garena.game.codm,Gaming,15f17e35-7ff6-4a47-9625-dff7712aa6ac,Juvy Gavino,5,,it's good so many friends and stranger,0,1.6.54,2026-07-19T10:34:39,,
Call of Duty®: Mobile - Garena,com.garena.game.codm,Gaming,4f775dbe-415a-48d4-8c5a-d7e58232e536,John vince Castro,5,,best game ever,1,1.6.56,2026-07-19T10:31:17,,
Call of Duty®: Mobile - Garena,com.garena.game.codm,Gaming,e2b9e37f-c67f-437e-b29f-5ff810eb65a6,Sophia Daliwan,5,,so fun to play call of duty (=^･ω･^=)（＾・ω・＾✿）(^._.^)ﾉ☆,0,,2026-07-19T10:23:31,,
Call of Duty®: Mobile - Garena,com.garena.game.codm,Gaming,4061069e-9571-42f4-b2b4-31f9d61888d6,Jong Ortiz,5,,I love this game but can u add some CP coins in quest,0,1.6.56,2026-07-19T10:18:39,,
Call of Duty®: Mobile - Garena,com.garena.game.codm,Gaming,77eeb798-16e8-4023-8e55-70e633079362,ChaiChai Siangco,1,,Pangit ng uupdate niyo,0,1.6.56,2026-07-19T10:03:07,,
Call of Duty®: Mobile - Garena,com.garena.game.codm,Gaming,536660d4-3f5c-491d-9397-dc72cb6fd162,Johnz Nems,5,,GOODGAME,0,1.6.56,2026-07-19T10:02:37,,
Call of Duty®: Mobile - Garena,com.garena.game.codm,Gaming,fffede6e-7d07-4091-9cec-cb61b3ae063b,Eric Aro,1,,daming lumalabas na Google promotion badtrip,0,1.6.56,2026-07-19T09:46:20,,
Call of Duty®: Mobile - Garena,com.garena.game.codm,Gaming,f80cbda2-d52b-4861-8252-c328ccfb4012,Adrianne Celestino,5,,i Love this skill TikTok zigzag movement I can't do zigzag I only silde and sniper,0,1.6.55,2026-07-19T09:29:15,,
Call of Duty®: Mobile - Garena,com.garena.game.codm,Gaming,dea2a8a8-788f-4ccb-b577-3712ac7bf87f,Dianara Mapalo,5,,it ahs tge best graphics my son loves it,0,,2026-07-19T09:09:48,,
Call of Duty®: Mobile - Garena,com.garena.game.codm,Gaming,df27bf8c-32ac-4d48-a20e-adc733d7c863,Julia Martin,1,,bad update,0,1.6.56,2026-07-19T09:07:14,,
Call of Duty®: Mobile - Garena,com.garena.game.codm,Gaming,75ba16cd-7392-4b80-bdd7-6198120bc440,Mildred Reyes Mandac,2,,"So far I'm having fun with the game but, there also has been alot of issues. It always says ""waiting"" when my wifi is really strong, when i disconnect from a game and i try to reconnect it just says ""Failed to join the match, the game is over"" when it just started. There are still alot more bugs in the game, I hope you all devs fix these bugs asap.",3,1.6.56,2026-07-19T08:52:56,,
Call of Duty®: Mobile - Garena,com.garena.game.codm,Gaming,28578385-656d-4984-880f-a6412065fbad,Jhon Micheal Rey B. Cabrera,5,,it's so good,0,,2026-07-19T08:46:50,,
Call of Duty®: Mobile - Garena,com.garena.game.codm,Gaming,c0b895eb-826f-4f04-ad49-0efafc5546e7,ALAISSA MARIE BARTOLOME,1,,is bad,0,1.6.56,2026-07-19T08:40:36,,
Call of Duty®: Mobile - Garena,com.garena.game.codm,Gaming,83e7f716-f7ab-4d13-8389-29c033b6a92a,Eros Pesigan,1,,smh matchmaking is now clearly Unfair as a solo player i hate how its now unfair and whenever i shoot my game freezes which is so laggy when the fact my phone is a good device hope the devs knows how to reduce lag as the mp rg matchmaking is Clearly and not to mention the hit boxes of bullet i dont get why they don't Hit even though im using USS 9 though im aiming at them please fix your game im tired of getting lagged and staying silent of this,0,,2026-07-19T08:33:35,,
Call of Duty®: Mobile - Garena,com.garena.game.codm,Gaming,1875da97-3616-44d7-acee-08294f831436,Justin Rivero (NEXJustin12),4,,"Good, but the updates is insane i had delete some storage.",0,1.6.55,2026-07-19T08:32:12,,
Call of Duty®: Mobile - Garena,com.garena.game.codm,Gaming,987e7747-b160-4571-a268-79c3c1e5c16b,Rhaiza Lanuza,5,,good gameplay and graphics+sensitivity my rate is ∞∞∞∞∞∞∞∞∞∞∞∞∞∞∞∞∞∞∞∞∞∞∞∞∞∞∞∞∞∞∞/10,0,,2026-07-19T08:32:01,,
Call of Duty®: Mobile - Garena,com.garena.game.codm,Gaming,0d240136-79c8-4b20-be42-338e042d428e,Ulrich Gaven Lasig,1,,bots aim are better than players this game is trash even if the bot is far away they can still hit you and kill you,0,1.6.56,2026-07-19T08:19:07,,
Call of Duty®: Mobile - Garena,com.garena.game.codm,Gaming,a097c475-7eab-4e07-a6a5-70bbd5da1a9c,Alice Peralta,1,,pangit like legit,0,1.6.55,2026-07-19T07:54:21,,
Call of Duty®: Mobile - Garena,com.garena.game.codm,Gaming,fad6e0f3-85db-41a1-993b-025ea61f8205,MNSTR MRNNGSTR,1,,Bugs that are still not fixed -reviving teammate screen freeze -climbing/vaulting still faulty -google play popup in the middle of game,1,,2026-07-19T07:06:00,,
Call of Duty®: Mobile - Garena,com.garena.game.codm,Gaming,77227a5e-3da5-4710-92cc-fb932d6dda39,Rendo,2,,"I’ve been playing this game for years without any storage or Wi-Fi issues. However, after a recent login change, the game has become unplayable. I am constantly stuck on the loading screen. Worse, whenever I start matchmaking, the game freezes and only reconnects after the match is already over. This bug just cost me my win streak. Please fix this issue as soon as possible. (am i the only one having this prob?😭)",0,,2026-07-19T07:01:47,,
Call of Duty®: Mobile - Garena,com.garena.game.codm,Gaming,423ed258-626d-4e9d-a642-618b4b67325f,Ven Mercado,5,,is good apps very nice,0,,2026-07-19T06:54:37,,
Call of Duty®: Mobile - Garena,com.garena.game.codm,Gaming,e484c2b0-a381-42b2-8cda-c43729a42a4b,Alhafiz Safaruddin,5,,🎖️,0,1.6.56,2026-07-19T05:59:45,,
Call of Duty®: Mobile - Garena,com.garena.game.codm,Gaming,d5a3c527-f1a2-4609-acf9-412fbb8bcdb7,Jeuf Ivan Narbasa,5,,overall good but storage is so much to handle,0,,2026-07-19T05:55:28,,
Call of Duty®: Mobile - Garena,com.garena.game.codm,Gaming,8e7d9647-91e8-434f-b4df-99ebf17ee1cd,Bobby Alayon,5,,I love this game ♥️♥️♥️♥️♥️♥️♥️♥️,0,,2026-07-19T05:30:48,,
Call of Duty®: Mobile - Garena,com.garena.game.codm,Gaming,1808b3ca-6715-4481-8a72-008dbac9ba59,OcheaJustine Carl,4,,codm Pls Let me have your Rooze rook skins I want Her so bad Broo Come on I Like This Game So much If You Give Me Rooze In my Next 3 spin!!,0,1.6.56,2026-07-19T05:14:58,,
Call of Duty®: Mobile - Garena,com.garena.game.codm,Gaming,51dd9d8c-24d3-4fc1-9a3f-6e92728e0867,Vilourd Apit,5,,Very nice game,0,1.6.56,2026-07-19T01:08:19,,
Call of Duty®: Mobile - Garena,com.garena.game.codm,Gaming,c2a3bda6-320f-4837-b043-ac6c50c63f9e,ernist baloyut,5,,so col,0,1.6.56,2026-07-19T00:58:29,,
Call of Duty®: Mobile - Garena,com.garena.game.codm,Gaming,a0a64b8f-e486-489e-8f39-beadabeec3cf,Aemon Amahan,2,,"I don't know what is going on but I can't play this game anymore,right after I updated it,i'm still using the same account I use to play way back then. It keeps saying "" will be available in my area soon"". what the hell happen or did you guys announced something that somehow did not reach me!",264,1.6.34,2026-07-19T00:46:21,,
Call of Duty®: Mobile - Garena,com.garena.game.codm,Gaming,d8600653-5ef0-447f-b3ac-298c3fa28521,Kurt Dude,3,,"Meh, it's good. Although, i sadly have to stop playing this since the skins and the theme ain't it for me. No hate though, it's quite good. Good character designs, good guns and skins, but maybe not make too much colorful characters. Like example, Tactical captain price, or take a look at default skins in cod warzone and mw old games. so, I'll have to change into a new game. It's been fun being with you and playing this game for years, Bye.",19,1.6.56,2026-07-18T23:31:39,,
Call of Duty®: Mobile - Garena,com.garena.game.codm,Gaming,35916db9-267d-4bda-82b4-f87c842f526e,Jat Alcala,1,,"TRAITOR! I stepped away from this game for so long, now I can't login to my account!",0,,2026-07-18T23:30:15,,
Call of Duty®: Mobile - Garena,com.garena.game.codm,Gaming,24c58d60-b56d-4a85-ac36-df05e4a3f14f,Vinz VERGARA Barba,1,,lalang bug Yan codm,0,1.6.56,2026-07-18T23:08:47,,
Call of Duty®: Mobile - Garena,com.garena.game.codm,Gaming,3c0ab45f-c3a6-457e-885b-6f9a66becf5b,Charles Cadiz,1,,There's so many bug,0,1.6.56,2026-07-18T22:18:31,,
Call of Duty®: Mobile - Garena,com.garena.game.codm,Gaming,4ec46abc-5965-4eb9-b800-b98515333b18,Ambot ay Jamjam guro,1,,it took me 4 days just for 98% bro make the files be 200MB bro my wifis full it's going in 91Gb and bro make the files tiner,0,,2026-07-18T22:17:04,,
Call of Duty®: Mobile - Garena,com.garena.game.codm,Gaming,a96cb722-615f-42c0-9e26-03ae946c723c,Reyna jean Calimbo,5,,"it's my birthday next week and I tried codm and it was good please forgive me and can you make another game just like codm because other people don't have a stable connection like my cousin that only uses phone with load needed because they don't have wifi otherwise this is a great game (and make a offline game just like this,pls🙏🙏🙏",0,,2026-07-18T21:27:52,,
Call of Duty®: Mobile - Garena,com.garena.game.codm,Gaming,bc87e08f-d45b-455a-99b9-1a24a2d3c234,Samantha Lontok,2,,"This morning, the game suddenly started closing by itself. At first, I thought I had accidentally swiped it away, but it kept exiting on its own every time I launched it. The only explanation I can think of is that this is a bug or a compatibility issue. I have enough storage, a stable Wi-Fi connection, and I've already tried clearing the cache, reinstalling the game, and other troubleshooting steps, but nothing worked. All of my other games run normally, only CODM has this problem. Fix it, pls!",1,1.6.56,2026-07-18T21:14:33,,
Call of Duty®: Mobile - Garena,com.garena.game.codm,Gaming,6894d372-eb8b-44f6-a293-cf2c768dce7e,Erika Mae Cleofe,1,,"Hello, I needed help. My Garena account in CoDM was banned for 30 days for illegal gameplay behavior. I just got back to gaming right now, and the system notified me that I was banned without any information.",0,1.6.56,2026-07-18T21:06:41,,
Call of Duty®: Mobile - Garena,com.garena.game.codm,Gaming,214b495a-264c-488a-a8c6-ce69bf5e0eb0,Yanjan Dela Cruz,5,,bugs may codm how Tito codm please ayusin mo,0,1.6.56,2026-07-18T20:51:11,,
Call of Duty®: Mobile - Garena,com.garena.game.codm,Gaming,d8da85c2-f6e6-4e61-ab2d-52b5334dbd63,Ken Shedrick ACUESTA,1,,call of duty is very fun but what is fun if you can even switch your fb acc because I lost my og acc and that made me quit but I made 2 more acc on 2024 and now is still fun but I quit again because I had no one to play with and I played the game again on 2026 but the game has bugs now my game keep kicking me out when playing I can even download the resources because of this bug so if you're reading pls fix the bugs and let your player switch there fb to another fb acc that there using now.,0,,2026-07-18T20:42:21,,
Call of Duty®: Mobile - Garena,com.garena.game.codm,Gaming,0b1cc2cf-450c-40cc-ab9a-0f3145489359,Carl Dave Monteron,5,,I bean playing for two years and know I am pro,0,1.6.56,2026-07-18T20:37:30,,
Call of Duty®: Mobile - Garena,com.garena.game.codm,Gaming,73f22dca-ac7c-44fb-b335-45031873f1b8,Ramil Ciria,1,,they said my connection is poor but I'm the only using our wifi,0,1.6.56,2026-07-18T20:28:58,,
Call of Duty®: Mobile - Garena,com.garena.game.codm,Gaming,48eceace-c381-46f6-8396-8f1c28300f47,Kiejan Gundran,5,,good,0,,2026-07-18T20:25:42,,
Call of Duty®: Mobile - Garena,com.garena.game.codm,Gaming,952405cd-5c50-4154-a662-8702dafbeb2f,Aaron Jared,1,,bulok,0,1.6.56,2026-07-18T19:38:04,,
Call of Duty®: Mobile - Garena,com.garena.game.codm,Gaming,95610126-e37b-4909-ab0a-561f16dc92dc,Kanzu RVG KANZU,5,,lagging 🥲,0,,2026-07-18T19:36:00,,
Call of Duty®: Mobile - Garena,com.garena.game.codm,Gaming,7f9a81df-db41-4219-8ed2-18c7038c2481,Christian dave Rañeses,3,,tang Ina ihiwalay mo Yung mga bano sa magaling Ang ramdom masyado mga kakampi tas mga walang totok nangyan lipat nalange ml may bitaw pa Sila sa sa ml eh kesa codm eh Ang ramdom sa totoo lang hihiway,0,,2026-07-18T18:55:13,,
Call of Duty®: Mobile - Garena,com.garena.game.codm,Gaming,7a697c5f-9889-4083-9654-8c99b9c9b326,Aj Briones,1,,my grapics is so low and the new update is so hard to fix grapics,0,1.6.56,2026-07-18T18:49:08,,
Call of Duty®: Mobile - Garena,com.garena.game.codm,Gaming,d2629900-d8e3-4a0a-b232-1f3b70e18fca,Clark Khent Alonzo,2,,"Bug after bug after bug after every update, takes forever to fix it",0,1.6.56,2026-07-18T18:47:48,,
Call of Duty®: Mobile - Garena,com.garena.game.codm,Gaming,4ff56204-9b01-410a-9167-5539d315b8dc,Jeanne Vierre Estoconing,5,,I'm back of codm b!tches!!!,1,,2026-07-18T18:43:47,,
Call of Duty®: Mobile - Garena,com.garena.game.codm,Gaming,85805788-0e19-4a73-ac57-21304e8c9c4e,CATH TUNGAY,2,,ayaww ma open,0,1.6.56,2026-07-18T18:09:25,,
Call of Duty®: Mobile - Garena,com.garena.game.codm,Gaming,f7c1a2c5-30cf-4dc7-99b9-53aba35de860,Mabel Morla,1,,it can't download it's only pending,0,,2026-07-18T17:55:58,,
Call of Duty®: Mobile - Garena,com.garena.game.codm,Gaming,04a93946-fcfc-4da2-ba47-3744933e5c62,James L Alinicado,5,,bro I have the best life ever when I play this game,0,1.6.56,2026-07-18T17:26:47,,
Call of Duty®: Mobile - Garena,com.garena.game.codm,Gaming,5f7e5fdc-5d38-483c-b0f8-a09cc7fc48be,Vjkent123 Ciervo,5,,What is dis,0,1.6.56,2026-07-18T17:18:47,,
Call of Duty®: Mobile - Garena,com.garena.game.codm,Gaming,f6a82b4b-bd3b-41b1-a05b-3e39463901e1,Kaira Malbas,2,,I can't download it Idk if it's my problem but when I download it ang when I play I can't because it's always loading idk if my phone problem or it's just the game but I will rate this 3/5 I'm not hating the game but I just want you play again cause it's been 2yrs I can't play the game pls,0,,2026-07-18T17:15:41,,
Call of Duty®: Mobile - Garena,com.garena.game.codm,Gaming,203bed00-e827-485e-aec6-83d9d1d4da96,Jopiter,1,,"not good for low end decive, unlike before.",0,1.6.56,2026-07-18T17:00:34,,
Call of Duty®: Mobile - Garena,com.garena.game.codm,Gaming,a1f5215f-b01a-4aae-8e3a-8be75af89fbc,Mercedita Garcia,5,,i love this game because they have super super like the sniper SG and some cool gun's,0,,2026-07-18T16:59:21,,
Call of Duty®: Mobile - Garena,com.garena.game.codm,Gaming,2a949c2b-dfc6-4223-b786-82547bcbc07b,Jonathan Valdez,1,,Pangit,0,1.6.56,2026-07-18T16:42:49,,
Call of Duty®: Mobile - Garena,com.garena.game.codm,Gaming,c5d8ee25-2a38-4abb-b584-cf3e27c69bf0,Louise Anne,4,,"maganda naman kaso ang laki ng kinukuha pag sa storage, ma-full storage talaga hehe",0,1.6.56,2026-07-18T16:39:50,,
Call of Duty®: Mobile - Garena,com.garena.game.codm,Gaming,adfd2406-1829-4348-82f4-d48d185b4038,Onyx,5,,good experience,0,,2026-07-18T16:18:01,,
Call of Duty®: Mobile - Garena,com.garena.game.codm,Gaming,242dc48c-d84d-4243-95ca-145a4e67c15f,Richard Saludares,5,,i really want to play this game so i tried to game boost it now I can't log in because of the Google play service it's bugging fix it please codm and I can not see enemy from away,1,,2026-07-18T16:05:18,,
Call of Duty®: Mobile - Garena,com.garena.game.codm,Gaming,45790d08-6f5c-43ad-b85e-3f9b2bdb0955,John Paul Isaiah Sanchez,5,,a great game of call of Duty 👍👍👍👍,0,1.6.56,2026-07-18T15:59:02,,
Call of Duty®: Mobile - Garena,com.garena.game.codm,Gaming,9452b746-b999-4bc5-96e2-fee03fa16c83,Danish Irvine,2,,this game is difficult for me because every match I was bad at it and every player are annoying of it and movement fast and broke the game some of player are playing like a cheater beside there are too many players are glaze of the newest weapon of there loadout i hope every cheating player must getting some reported,2,1.6.56,2026-07-18T15:44:45,,
Call of Duty®: Mobile - Garena,com.garena.game.codm,Gaming,17ce6a7f-a861-4b0f-b2b6-26b00dbc8a03,Yron Ravanes,5,,its very fun to play,0,1.6.55,2026-07-18T15:40:32,,
Call of Duty®: Mobile - Garena,com.garena.game.codm,Gaming,5ec508ad-82dc-462d-b510-b0ef14c803fb,jeroleint,1,,Dumbass rank system,0,1.6.56,2026-07-18T15:34:14,,
Call of Duty®: Mobile - Garena,com.garena.game.codm,Gaming,95f420f1-0431-47df-8c70-2b6a7a7da2a1,Jenylle Kyle Mendoza,5,,I've been playing this for 1 year and I get why it was put on mobile because it's freaking awesome!,0,1.6.55,2026-07-18T15:16:36,,
Call of Duty®: Mobile - Garena,com.garena.game.codm,Gaming,3a8bf6e4-53a0-44a7-9e71-653907d7e193,Jastin Eisma,5,,very nice game in the Philippines,0,,2026-07-18T15:01:08,,
Call of Duty®: Mobile - Garena,com.garena.game.codm,Gaming,d6088b96-6293-4360-a9d0-616d345eabcb,Abdul Hadi,1,,this games for RICH PEOPLE...HAVE MONEY CAN WIN THIS GAMES...LOW CLASS server COD...SERVER VERY2 LOW CLASS😡😡😡😡😡😡,0,1.6.56,2026-07-18T14:37:47,,
Call of Duty®: Mobile - Garena,com.garena.game.codm,Gaming,936fd02b-ff37-407f-966c-5c90c8b449c1,Kevin Domingo,5,,LOVE THIS GAME its high grphics and smooth for gaming try to download it its high quality performance CODM i like it DOWNLOAD NOW!!!!!!!!,0,1.6.56,2026-07-18T14:35:44,,
Call of Duty®: Mobile - Garena,com.garena.game.codm,Gaming,c238cfa5-06f0-4426-9f18-d498690a8c8f,Floranch Enanoria,1,,This game is cool down load it now,0,1.6.56,2026-07-18T14:01:13,,
Call of Duty®: Mobile - Garena,com.garena.game.codm,Gaming,d0a43844-8f47-48f6-9c61-883262308b1f,Annabelle Ortiz,2,,bro why 2.1 GB while mobile legend is just like 1.5GB and mobile legends have a good quality and graphics like CODM but the different is the GB bro why that's why some people connot afford CODM,0,,2026-07-18T13:43:32,,
Call of Duty®: Mobile - Garena,com.garena.game.codm,Gaming,f0fbe601-5ff7-4856-a882-10aaf5f73751,Alexander Angulo,3,,pls fix the tour game immediately I automatically get out of the game couple of times and I have multiple violations because of your game pls fix it,0,1.6.56,2026-07-18T13:25:09,,
Call of Duty®: Mobile - Garena,com.garena.game.codm,Gaming,d0cfb3f7-a185-4487-8f23-c4df98390675,Capongcol Jie,3,,worst matchmaking but good skins and guns i enjoyed it but annoyed of the matchmaking,0,1.6.56,2026-07-18T13:21:32,,
Call of Duty®: Mobile - Garena,com.garena.game.codm,Gaming,72a9bc3b-5bc3-4a58-812d-558beb62e041,NIGHT THEME INTO THE DARK,1,,it's an awesome game I played the game for years but when you have a low end device you can't met the standards of the game so do fix the game on low end device's,0,,2026-07-18T12:52:38,,
Call of Duty®: Mobile - Garena,com.garena.game.codm,Gaming,55407a43-127b-4957-8cf7-c1be427152f1,Sannder Nicolas,5,,it's laggy but it's so addicting😀😀😀,0,,2026-07-18T12:30:47,,
Call of Duty®: Mobile - Garena,com.garena.game.codm,Gaming,ff797924-e96d-4d98-9a99-64f9ccffd26c,Mariss Princess Angel Cabural,1,,"Late bullet fire, bad game.",0,1.6.56,2026-07-18T12:28:41,,
Call of Duty®: Mobile - Garena,com.garena.game.codm,Gaming,e17962cb-d309-4e62-9344-25a4fec8e6bb,DARWIN Pana,5,,awesome,0,,2026-07-18T12:26:15,,
Call of Duty®: Mobile - Garena,com.garena.game.codm,Gaming,65c3fc37-b702-4961-98c7-d458703ab100,Felix Matthew Castillo,5,,"i enjoy playing this game and its the best shooter games out there but theres one issue that i dont like, i cant switch my linked account or like i cant make it a garena account, its really hard for me to find that one specific account and im scared that my account would one day disappear leaving me no choice but to restart because i dont have any other way to get my account back.",0,1.6.56,2026-07-18T12:14:50,,
Call of Duty®: Mobile - Garena,com.garena.game.codm,Gaming,a8276bab-7150-4b42-9b65-bacb0160b33e,Lorence Mesia,5,,Hindi ma open,0,1.6.56,2026-07-18T11:57:41,,
Call of Duty®: Mobile - Garena,com.garena.game.codm,Gaming,fb96472a-4d44-408f-ac8f-7dbdb5a55923,Youhan Timothy,5,,super cool!,0,,2026-07-18T11:49:11,,
Call of Duty®: Mobile - Garena,com.garena.game.codm,Gaming,ae35c6a7-9f54-4ac3-a1b1-e5e39905233b,Ivy Casimiro,1,,"It keeps kicking me out of the game, and I cant play properly cause again it just kicks me out of the game you have to fix that.",1,1.6.56,2026-07-18T11:48:49,,
Call of Duty®: Mobile - Garena,com.garena.game.codm,Gaming,f9238e18-aee2-42f7-808b-7486a17913b5,John Lienard Morera,5,,more tricks more free skins good quality but he best mobile game there is a slide and u can do any movement,0,,2026-07-18T11:18:40,,
Call of Duty®: Mobile - Garena,com.garena.game.codm,Gaming,1fe260f1-57a9-4fb0-b702-7ff3e56eb0aa,Psalm Kyrie Carrasca,5,,so peak,0,,2026-07-18T11:17:56,,
Call of Duty®: Mobile - Garena,com.garena.game.codm,Gaming,99e53d38-603c-4c0c-a3ef-cf3d073d4a1a,Franz Zine,5,,"been playing for codm for many years now each update brings new skins more characters and even collaboration with others. but the game mb or storage also increases , although you can just not download some skins. plus I'm always getting time-out when I open the game even though my connection is good, overall good game",0,1.6.56,2026-07-18T11:17:14,,
Call of Duty®: Mobile - Garena,com.garena.game.codm,Gaming,e5ca619f-677b-4058-8ecd-122d1012df20,Jan Pratss,2,,plss² fix ur anti cheat system there are so many players using soft hacks and it will be dead game if there are so many cheaters.,0,,2026-07-18T10:43:18,,
Call of Duty®: Mobile - Garena,com.garena.game.codm,Gaming,4f1893fa-585e-4418-b8f4-06a13bdb5f76,Jay ar Duque,5,,good,0,1.6.56,2026-07-18T10:33:43,,
Call of Duty®: Mobile - Garena,com.garena.game.codm,Gaming,bc23f962-9b44-4cce-8032-3d347aec59e1,Yasser Nasa,5,,"CODM is rigged—especially with the secret cache guns and the daily challenges, which usually just give out camos or Battle Pass items. Who wouldn't get annoyed by that? It’s especially frustrating when playing ranked matches; that’s when you realize someone is cheating or fully geared up, plus there’s the lag. Honestly, I should have been able to get the newly released gun from the Secret Cache after July, but it seems Garena doesn't want to release it, or perhaps they're planning to cheat—it's",0,1.6.56,2026-07-18T10:27:07,,
Call of Duty®: Mobile - Garena,com.garena.game.codm,Gaming,6f494aa6-800c-40c1-933b-584f8eb65c83,Art Diama,5,,UHMMM GOOD,0,1.6.56,2026-07-18T10:17:19,,
Call of Duty®: Mobile - Garena,com.garena.game.codm,Gaming,76bf4394-9442-4af5-ac7f-3dcf946e836d,Zeus Vincent M Orteza,1,,Codm balik Mona yung dating lobby yung mga ibang players nag rereklamo dahil sa bagong lobby🙏🏼,0,1.6.56,2026-07-18T10:14:30,,
Call of Duty®: Mobile - Garena,com.garena.game.codm,Gaming,02cacdcc-0e85-4f8c-9b76-e54a5108e729,Chris Alexis Sicat,1,,glitchy mf,0,1.6.56,2026-07-18T09:49:45,,
Call of Duty®: Mobile - Garena,com.garena.game.codm,Gaming,da7cd4f7-258d-4b96-9b30-7f05da6b10f9,Charles Bagtoen,5,,i love this game but when i try wifi it just stop to 99% but when i try data it quickly open can you fix that my wifi is strong though but it just stop I don't know why pls someone help me,0,1.6.56,2026-07-18T09:38:24,,
Call of Duty®: Mobile - Garena,com.garena.game.codm,Gaming,2be159c4-6be9-4f87-baf3-444f5b33e6dd,Joseph Lugtu,4,,is very high MB,0,,2026-07-18T09:34:15,,
Call of Duty®: Mobile - Garena,com.garena.game.codm,Gaming,a4ffefff-028c-4e7c-b4e8-b4b27253c923,Clark Jasper Ramos (CJ),1,,"Hey, there’s a bug in DMZ - when I extract a blueprint or Kuiji Box, it doesn’t show up in my inventory. It’s happened multiple times and it’s gotten to the point where it’s making the mode frustrating to play. Please look into it and fix it.",1,1.6.56,2026-07-18T09:29:30,,
Call of Duty®: Mobile - Garena,com.garena.game.codm,Gaming,280fc8f0-4c3d-4522-8a86-491b3ae9395e,Lester Guillermo,1,,vey low graphics,0,,2026-07-18T09:08:33,,
Call of Duty®: Mobile - Garena,com.garena.game.codm,Gaming,42d336a5-c7d5-4960-b3ca-bd76c06f50a8,Airplanedude,5,,great game i was an og it became boring and im redownloading it now,0,,2026-07-18T09:07:07,,
Call of Duty®: Mobile - Garena,com.garena.game.codm,Gaming,5be71599-dca7-409d-b950-58bb5ad6ed87,David nathaniel Timbal,5,,download codm right now because this is the this is the coolest game,0,,2026-07-18T08:33:50,,
Call of Duty®: Mobile - Garena,com.garena.game.codm,Gaming,fc04843d-5c92-4f0a-9390-647364db6c19,Gary Taray,1,,you. dont give me. free. cp,0,1.6.56,2026-07-18T08:32:40,,
Call of Duty®: Mobile - Garena,com.garena.game.codm,Gaming,8251b622-46cc-4c8d-952e-b9a9ad8aa69d,John Vincent Herbieto,1,,💩💩💩,0,1.6.56,2026-07-18T08:27:38,,
Call of Duty®: Mobile - Garena,com.garena.game.codm,Gaming,671a52bf-ca15-49dc-996f-8e9a60c457af,alexis drequito,5,,i luv this game sm,0,1.6.53,2026-07-18T08:03:09,,
