app_name,app_id,category,review_id,username,rating,title,text,thumbs_up_count,review_created_version,at,reply_content,reply_at
Shopee 8.8 Merdeka Sale,com.shopee.my,Shopping,77b3effb-d10b-4ab4-af40-59ecdb8c6772,Oppo Remy,5,,good,0,3.78.28,2026-07-26T16:15:47,"Thank you for rating us Oppo Remy !
If you need assistance in the future, feel free to contact us via your Shopee App through Me > Help Centre and choose between Chat or Internet Call.",2026-07-26T18:12:14
Shopee 8.8 Merdeka Sale,com.shopee.my,Shopping,acede944-49ce-4294-a1c3-3041ed68e03b,Agnes ZC,1,,no real human assistants can help you when problems occured,0,3.78.28,2026-07-26T16:01:20,"We're sorry to hear about this review, Agnes ZC. 😢 We would like to understand more about the issues you've encountered. Could you please provide additional details or contact our support team? You can access via your Shopee App through Me > Help Centre and choose between Chat or Free Internet Call.",2026-07-26T18:11:06
Shopee 8.8 Merdeka Sale,com.shopee.my,Shopping,bfed694a-54c0-46ff-98ac-a9a625a33fc9,Anita Farzana,5,,skrg shopee teruk akaun lama tak bole masuk Lepas Tu balance tak bole Mbil sebab pasport tamat tempoh tolong pihak shoppe buat jalan lain untuk urusan balance pindah uang ke bank teruk teruk teruk,1,3.78.28,2026-07-26T15:31:58,"Kami kesal mendengar ulasan ini, Anita Farzana. 😢 Kami ingin menyelesaikan masalah ini dan membantu anda dengan selanjutnya.
Sila hubungi kami dan berikan kami informasi lanjut supaya kami boleh membantu anda melalui Aplikasi Shopee dan klik ""Saya"" > ""Pusat Bantuan"" dan pilih antara Chat ataupun Panggilan Internet.",2025-07-24T23:34:41
Shopee 8.8 Merdeka Sale,com.shopee.my,Shopping,4d7186f4-04a3-42bd-a8f5-c60936bde8b6,pascaLLL_,1,,"misleading, intrusive and annoying popup advertisment in another app",0,3.78.28,2026-07-26T15:23:08,"We're sorry to hear about this review, pascaLLL_. 😢 We would like to understand more about the issues you've encountered. Could you please provide additional details or contact our support team? You can access via your Shopee App through Me > Help Centre and choose between Chat or Free Internet Call.",2026-07-26T16:26:57
Shopee 8.8 Merdeka Sale,com.shopee.my,Shopping,e1322ff4-f07f-469d-a69a-480c49f47ea7,Adrian shah,3,,boleh la,0,,2026-07-26T14:40:43,"Terima kasih atas rating ini, Adrian shah !
Jika anda mempunyai sebarang cadangan atau pandangan, sila hubungi kami melalui Aplikasi Shopee dan klik ""Saya"" > ""Pusat Bantuan"" dan pilih antara Chat atau Panggilan Internet Percuma.",2026-07-26T16:29:59
Shopee 8.8 Merdeka Sale,com.shopee.my,Shopping,228b9ad9-6156-4682-bfec-fe44c2f6b38d,Protap Mondal,5,,very very nice app shopee,0,3.78.28,2026-07-26T14:38:03,"Thank you for rating us Protap Mondal !
If you need assistance in the future, feel free to contact us via your Shopee App through Me > Help Centre and choose between Chat or Internet Call.",2026-07-26T16:29:42
Shopee 8.8 Merdeka Sale,com.shopee.my,Shopping,81a2a2f6-549c-4648-ba62-0c1a84ee0287,Ammar Danish,5,,senang beli,0,3.78.28,2026-07-26T14:31:38,"Terima kasih atas rating ini, Ammar Danish !
Jika anda mempunyai sebarang cadangan atau pandangan, sila hubungi kami melalui Aplikasi Shopee dan klik ""Saya"" > ""Pusat Bantuan"" dan pilih antara Chat atau Panggilan Internet Percuma.",2026-07-26T16:29:21
Shopee 8.8 Merdeka Sale,com.shopee.my,Shopping,fbe3862c-d0f3-4ba4-9ceb-0b7d87feb2ce,suraikahengkin31,5,,"Easy to shop, great deals, and a user-friendly app. Highly recommended!",0,3.75.24,2026-07-26T14:14:46,"We're happy to hear that you're enjoying Shopee, suraikahengkin31! If you have any suggestions or if there's anything specific you love about the app, feel free to let us know. If you need assistance, feel free to contact us via your Shopee App through Me > Help Centre and choose between Chat or Free Internet Call.",2026-07-26T14:55:48
Shopee 8.8 Merdeka Sale,com.shopee.my,Shopping,31bdd1d8-3813-45cd-bbfc-c047b634e739,Nur Kasi00,5,,Bagus😍,0,3.77.25,2026-07-26T12:53:48,"Terima kasih atas rating ini, Nur Kasi00 !
Jika anda mempunyai sebarang cadangan atau pandangan, sila hubungi kami melalui Aplikasi Shopee dan klik ""Saya"" > ""Pusat Bantuan"" dan pilih antara Chat atau Panggilan Internet Percuma.",2026-07-26T13:44:22
Shopee 8.8 Merdeka Sale,com.shopee.my,Shopping,790432ab-89db-4e74-a464-c00426db5e67,Haikal Zul,1,,"Shopee, please reduce the number of ads. I'm trying to edit something, and suddenly an ad pops up even though I didn't tap anything. I don't even want to buy anything. Please don't make the ads so long. It's tiring having to wait for them to finish. Please, Shopee.",0,3.78.28,2026-07-26T12:47:06,"We're sorry to hear about this review, Haikal Zul. 😢 We would like to understand more about the issues you've encountered. Could you please provide additional details or contact our support team? You can access via your Shopee App through Me > Help Centre and choose between Chat or Free Internet Call.",2026-07-26T13:44:04
Shopee 8.8 Merdeka Sale,com.shopee.my,Shopping,332c5738-e5a7-4edb-8e83-e7de2e959fb2,Muhyi Basir,5,,Platform paling okay untuj pembelian online,0,,2026-07-26T12:12:59,"Kami gembira mendengar ulasan ini Muhyi Basir ! Maklum balas positif memberi motivasi untuk kami terus memberikan anda pengalaman terbaik.
Jika anda mempunyai sebarang cadangan atau pandangan, sila hubungi kami melalui Aplikasi Shopee dan klik ""Saya"" > ""Pusat Bantuan"" dan pilih antara Chat atau Panggilan Internet.",2026-07-26T14:12:17
Shopee 8.8 Merdeka Sale,com.shopee.my,Shopping,8b9797a9-a05c-4493-be78-7739f6742a84,Aris Mohd Zainal,5,,been very good so far for more than 5 years now accomodating my purchase for household items,0,3.78.28,2026-07-26T12:09:30,"We're happy to hear that you're enjoying Shopee, Aris Mohd Zainal! If you have any suggestions or if there's anything specific you love about the app, feel free to let us know. If you need assistance, feel free to contact us via your Shopee App through Me > Help Centre and choose between Chat or Free Internet Call.",2026-07-26T14:11:13
Shopee 8.8 Merdeka Sale,com.shopee.my,Shopping,ee3a3127-205e-4d93-bc73-888dab2a05b8,ashraf alias,5,,👍,0,3.78.28,2026-07-26T11:41:02,"We're happy to hear that you're enjoying Shopee, ashraf alias! If you have any suggestions or if there's anything specific you love about the app, feel free to let us know. If you need assistance, feel free to contact us via your Shopee App through Me > Help Centre and choose between Chat or Free Internet Call.",2026-07-26T12:46:02
Shopee 8.8 Merdeka Sale,com.shopee.my,Shopping,96620042-0247-4432-81be-3e24a12a89bc,Muhammad Shahriman,2,,"apahal lately ni tengok video untuk dapat coin, tapi dapat sikit je? sebelum ni dapat beratus coin kalau 20 atau 30 kali scroll,",0,3.78.28,2026-07-26T11:40:05,"Kami gembira mendengar ulasan ini Muhammad Shahriman ! Maklum balas positif memberi motivasi untuk kami terus memberikan anda pengalaman terbaik.
Jika anda mempunyai sebarang cadangan atau pandangan, sila hubungi kami melalui Aplikasi Shopee dan klik ""Saya"" > ""Pusat Bantuan"" dan pilih antara Chat atau Panggilan Internet.",2026-07-26T12:48:47
Shopee 8.8 Merdeka Sale,com.shopee.my,Shopping,f1cfbff4-2fc8-42f2-8ebd-747125452277,Vincent Lim,5,,Ok,0,3.78.28,2026-07-26T10:26:18,"We're happy to hear that you're enjoying Shopee, Vincent Lim! If you have any suggestions or if there's anything specific you love about the app, feel free to let us know. If you need assistance, feel free to contact us via your Shopee App through Me > Help Centre and choose between Chat or Free Internet Call.",2026-07-26T12:19:16
Shopee 8.8 Merdeka Sale,com.shopee.my,Shopping,badac0cb-91f3-449b-9427-49d49207d16e,Danial Hakim,1,,"why would you give false notification like update about order/wallet, but when clicked, it goes to product. advertisment by lying???",0,3.78.28,2026-07-26T09:48:31,"We're sorry to hear about this review, Danial Hakim. 😢 We would like to understand more about the issues you've encountered. Could you please provide additional details or contact our support team? You can access via your Shopee App through Me > Help Centre and choose between Chat or Free Internet Call.",2026-07-26T12:18:12
Shopee 8.8 Merdeka Sale,com.shopee.my,Shopping,1c353eb4-dea1-4f9a-a24a-504212d74eeb,Adif Ashraf,5,,sangat membantu dalam mencari barang dan dipercayai.,0,,2026-07-26T09:47:55,"Kami gembira mendengar ulasan ini Adif Ashraf ! Maklum balas positif memberi motivasi untuk kami terus memberikan anda pengalaman terbaik.
Jika anda mempunyai sebarang cadangan atau pandangan, sila hubungi kami melalui Aplikasi Shopee dan klik ""Saya"" > ""Pusat Bantuan"" dan pilih antara Chat atau Panggilan Internet.",2026-07-26T12:17:33
Shopee 8.8 Merdeka Sale,com.shopee.my,Shopping,65ed30d7-49f3-4282-95ae-8185867d9221,winnie Lee,5,,"W app, I use it for shopping all the time👍✌️",0,3.78.28,2026-07-26T09:17:03,"We're happy to hear that you're enjoying Shopee, winnie Lee! If you have any suggestions or if there's anything specific you love about the app, feel free to let us know. If you need assistance, feel free to contact us via your Shopee App through Me > Help Centre and choose between Chat or Free Internet Call.",2026-07-26T11:10:10
Shopee 8.8 Merdeka Sale,com.shopee.my,Shopping,13528dba-3a34-4f45-ab83-0ebf9195b09d,Aston Martin,1,,"Way way WAY too many forceful ads, they're also unoriginal anyways",0,3.78.28,2026-07-26T08:35:22,"Kami kesal mendengar ulasan ini, Aston Martin. 😢 Kami ingin menyelesaikan masalah ini dan membantu anda dengan selanjutnya.
Sila hubungi kami dan berikan kami informasi lanjut supaya kami boleh membantu anda melalui Aplikasi Shopee dan klik ""Saya"" > ""Pusat Bantuan"" dan pilih antara Chat ataupun Panggilan Internet.",2026-07-26T11:07:39
Shopee 8.8 Merdeka Sale,com.shopee.my,Shopping,658b1a25-22ea-4728-a878-4116560c2675,Remy ramlan,5,,very good,0,3.78.28,2026-07-26T08:25:51,"We're happy to hear that you're enjoying Shopee, Remy ramlan! If you have any suggestions or if there's anything specific you love about the app, feel free to let us know. If you need assistance, feel free to contact us via your Shopee App through Me > Help Centre and choose between Chat or Free Internet Call.",2026-07-26T10:07:50
Shopee 8.8 Merdeka Sale,com.shopee.my,Shopping,1b6b0b44-8e81-4640-9481-a45984bb5629,Sharmaine Yen,5,,Good discounts.,0,,2026-07-26T08:11:03,"We're happy to hear that you're enjoying Shopee, Sharmaine Yen! If you have any suggestions or if there's anything specific you love about the app, feel free to let us know. If you need assistance, feel free to contact us via your Shopee App through Me > Help Centre and choose between Chat or Free Internet Call.",2026-03-13T17:38:23
Shopee 8.8 Merdeka Sale,com.shopee.my,Shopping,663c7cc9-fc20-4983-b67d-624cfa078351,Lei Kam Yat Lei,1,,cannot register. shopped restricted my account from buying.,0,3.78.28,2026-07-26T07:54:23,"We're sorry to hear about this review, Lei Kam Yat Lei. 😢 We would like to understand more about the issues you've encountered. Could you please provide additional details or contact our support team? You can access via your Shopee App through Me > Help Centre and choose between Chat or Free Internet Call.",2026-07-26T10:00:13
Shopee 8.8 Merdeka Sale,com.shopee.my,Shopping,2cdbaaa1-35ff-436c-a0e6-87e97ae845f1,Chai Jin Xin,5,,"Easy to use with plenty of great deals and promotions. The app is user-friendly, and delivery is usually fast and reliable.",0,3.78.28,2026-07-26T07:33:12,"We're happy to hear that you're enjoying Shopee, Chai Jin Xin! If you have any suggestions or if there's anything specific you love about the app, feel free to let us know. If you need assistance, feel free to contact us via your Shopee App through Me > Help Centre and choose between Chat or Free Internet Call.",2026-07-26T09:59:15
Shopee 8.8 Merdeka Sale,com.shopee.my,Shopping,395d6ebc-7b10-47bc-9def-56e3530313f2,karmab,1,,"All is nice til u wanna return/refund, shopee will come up with all sort excuses to prevent u from doing that. In my case, i arranged pickup that never come to take the return parcel til the date expired. Ended up buying & keeping the wrong item. Lazada it is from now on, shopee is a scam.",0,3.78.28,2026-07-26T07:33:07,"We're sorry to hear about this review, karmab. 😢 We would like to understand more about the issues you've encountered. Could you please provide additional details or contact our support team? You can access via your Shopee App through Me > Help Centre and choose between Chat or Free Internet Call.",2026-07-26T09:58:44
Shopee 8.8 Merdeka Sale,com.shopee.my,Shopping,e6256e25-58c9-46fc-8f74-8ec4493287f5,andrew lim,1,,Stop forcing video ads on us when the app starts. It's so annoying. You are not TikTok.,0,3.78.28,2026-07-26T06:52:04,"We're sorry to hear about this review, andrew lim. 😢 We would like to understand more about the issues you've encountered. Could you please provide additional details or contact our support team? You can access via your Shopee App through Me > Help Centre and choose between Chat or Free Internet Call.",2026-07-26T10:08:48
Shopee 8.8 Merdeka Sale,com.shopee.my,Shopping,5e5744a5-3486-4540-8f43-9de67faa09c2,Sam Mohamed,1,,i believe shopee is fooling the people with mid moth sales and pay day banners. i took the vip membership and not able to use any promotion coupons in the application. only getting free delivery coupons. not sure why shopee publishing these banners if they really cant keep the promises. even i raised the case with shopee. As for today(26-7-26) no update from shopee support on the ticket. surprisingly i dont see any normal non vip coupons also. i have tried uninstalling the app. but no luck,0,3.78.28,2026-07-26T06:48:38,"We're sorry to hear about this review, Sam Mohamed. 😢 We would like to understand more about the issues you've encountered. Could you please provide additional details or contact our support team? You can access via your Shopee App through Me > Help Centre and choose between Chat or Free Internet Call.",2026-07-25T14:23:58
Shopee 8.8 Merdeka Sale,com.shopee.my,Shopping,51899d48-1d29-4f09-b715-bc3f7b9bdbb7,Muhammad Farid Ramdan,5,,good apps,0,3.78.28,2026-07-26T02:06:46,"We're happy to hear that you're enjoying Shopee, Muhammad Farid Ramdan! If you have any suggestions or if there's anything specific you love about the app, feel free to let us know. If you need assistance, feel free to contact us via your Shopee App through Me > Help Centre and choose between Chat or Free Internet Call.",2026-07-26T03:23:43
Shopee 8.8 Merdeka Sale,com.shopee.my,Shopping,d80f0a5e-3e12-46a3-82c6-c015521a67f3,A A,2,,"Annoying random videos after launching the app, especially in public where the video's audio suddenly disrupts a quiet environment (eg. office, bookstore).",0,3.78.28,2026-07-26T01:53:33,"We're sorry to hear about this review, A A. 😢 We would like to understand more about the issues you've encountered. Could you please provide additional details or contact our support team? You can access via your Shopee App through Me > Help Centre and choose between Chat or Free Internet Call.",2026-07-26T02:48:18
Shopee 8.8 Merdeka Sale,com.shopee.my,Shopping,32c61c3b-65b6-416a-9a1c-5cee867517f7,Dunia Iecak,5,,terbaik segala barang keperluan semua ada dalam shopee..senang dan banyak pilihan,0,3.78.28,2026-07-25T23:20:03,"Kami gembira mendengar ulasan ini Dunia Iecak ! Maklum balas positif memberi motivasi untuk kami terus memberikan anda pengalaman terbaik.
Jika anda mempunyai sebarang cadangan atau pandangan, sila hubungi kami melalui Aplikasi Shopee dan klik ""Saya"" > ""Pusat Bantuan"" dan pilih antara Chat atau Panggilan Internet.",2026-07-26T00:47:50
Shopee 8.8 Merdeka Sale,com.shopee.my,Shopping,970d56a7-11ea-4789-8180-104f1429b960,sl tin,1,,"Ordered 4 bottles of shampoo. Seller sent 2 only, one open and leaking. Got partial refund but shopee refuse to refund the extra RM3 shipping I paid for FOUR bottles. Not only one is leaking I also paid extra RM 3 for that TWO bottles that was actually sent. Contacted their ""priority"" customer service ten times all they give is you're refunded nothing we can do bla bla bla.",0,,2026-07-25T23:03:07,"We're sorry to hear about this review, sl tin. 😢 We would like to understand more about the issues you've encountered. Could you please provide additional details or contact our support team? You can access via your Shopee App through Me > Help Centre and choose between Chat or Free Internet Call.",2026-07-25T23:53:53
Shopee 8.8 Merdeka Sale,com.shopee.my,Shopping,d169b414-a71b-4e7c-991f-08ea66ba00d8,Fathul Rih,5,,"Shopee is one of the leading e-commerce platforms in Southeast Asia, offering an enormous variety of products alongside daily deals, vouchers, and a highly gamified shopping experience. Features such as Shopee Mall, SPayLater, Shopee Live, free-shipping vouchers, and built-in seller chat make the platform extremely convenient for everyday online shopping. Its competitive pricing, strong buyer protection through Shopee Guarantee, and frequent promotional campaigns such as 9.9 and 11.11 event",0,3.78.28,2026-07-25T22:31:17,"We're happy to hear that you're enjoying Shopee, Fathul Rih! If you have any suggestions or if there's anything specific you love about the app, feel free to let us know. If you need assistance, feel free to contact us via your Shopee App through Me > Help Centre and choose between Chat or Free Internet Call.",2026-07-26T00:45:57
Shopee 8.8 Merdeka Sale,com.shopee.my,Shopping,01b67818-f479-49f6-b19b-b2f9952ec9e6,Kyly Kyly,5,,pilihan terbaik untuk online shoping...☺️,0,2.86.42,2026-07-25T21:09:54,"Kami gembira mendengar ulasan ini Kyly Kyly ! Maklum balas positif memberi motivasi untuk kami terus memberikan anda pengalaman terbaik.
Jika anda mempunyai sebarang cadangan atau pandangan, sila hubungi kami melalui Aplikasi Shopee dan klik ""Saya"" > ""Pusat Bantuan"" dan pilih antara Chat atau Panggilan Internet.",2026-07-25T21:40:43
Shopee 8.8 Merdeka Sale,com.shopee.my,Shopping,e4878b85-a131-4f3e-a892-1da63d1c811e,Esther sern,1,,Keep hack by scammer,0,3.79.24,2026-07-25T21:03:54,"We're sorry to hear about this review, Esther sern. 😢 We would like to understand more about the issues you've encountered. Could you please provide additional details or contact our support team? You can access via your Shopee App through Me > Help Centre and choose between Chat or Free Internet Call.",2026-07-25T21:40:18
Shopee 8.8 Merdeka Sale,com.shopee.my,Shopping,21acc210-1680-4381-9312-960f0f7a6399,Jonathan Selvaraj David (Jonathan),1,,"bad support and vouchers even for late delivery which cant be used for all stores and have minimum spend, other vouchers are better. Better off using other platforms.",0,3.78.28,2026-07-25T20:22:18,"We're sorry to hear about this review, Jonathan Selvaraj David (Jonathan). 😢 We would like to understand more about the issues you've encountered. Could you please provide additional details or contact our support team? You can access via your Shopee App through Me > Help Centre and choose between Chat or Free Internet Call.",2026-07-25T20:33:35
Shopee 8.8 Merdeka Sale,com.shopee.my,Shopping,e0278690-f13b-491a-ac00-6981655f6a2a,haniff zue,1,,Hati² proses refund anda.. Duit tak masuk tapi sistem mark complete lol... Refund process problems.. Duit Hangus,0,3.78.28,2026-07-25T19:14:49,"Kami kesal mendengar ulasan ini, haniff zue. 😢 Kami ingin menyelesaikan masalah ini dan membantu anda dengan selanjutnya.
Sila hubungi kami dan berikan kami informasi lanjut supaya kami boleh membantu anda melalui Aplikasi Shopee dan klik ""Saya"" > ""Pusat Bantuan"" dan pilih antara Chat ataupun Panggilan Internet.",2026-07-25T20:06:25
Shopee 8.8 Merdeka Sale,com.shopee.my,Shopping,75078d6a-b12b-4f52-a2a8-d55c104c5de5,Jamal Y71,5,,❤️,0,3.78.28,2026-07-25T19:10:19,"We're happy to hear that you're enjoying Shopee, Jamal Y71! If you have any suggestions or if there's anything specific you love about the app, feel free to let us know. If you need assistance, feel free to contact us via your Shopee App through Me > Help Centre and choose between Chat, Email or Free Internet Call.",2024-08-16T05:48:40
Shopee 8.8 Merdeka Sale,com.shopee.my,Shopping,29fb620f-1e92-461c-a9dc-5c868d3e4e8a,Chuah Shiue Dong,1,,"Shopee notification running background hiddenly even app was force stop/deep sleep. this already against user right, also suspicious stealing voice or user uses on screen.report to DEV and google waiting for feedback. also they don't bear consiquences if u got replica false stuff. u request refund need wait them open case let u files but problem is they can close anything or open anytime base on ur request not their file case timestamp. end up when I try to ask and see my case already closed",2,3.78.28,2026-07-25T18:36:32,"We're sorry to hear about this review, Chuah Shiue Dong. 😢 We would like to understand more about the issues you've encountered. Could you please provide additional details or contact our support team? You can access via your Shopee App through Me > Help Centre and choose between Chat or Free Internet Call.",2025-12-25T06:57:08
Shopee 8.8 Merdeka Sale,com.shopee.my,Shopping,e5717115-4069-4b24-a1c5-7e1b30d0199c,Munira Rohana,1,,xsuke. sikit sikit aku main game iklan shopee ISSHHHHHH GERAM.,0,3.78.28,2026-07-25T17:53:02,"Kami kesal mendengar ulasan ini, Munira Rohana. 😢 Kami ingin menyelesaikan masalah ini dan membantu anda dengan selanjutnya.
Sila hubungi kami dan berikan kami informasi lanjut supaya kami boleh membantu anda melalui Aplikasi Shopee dan klik ""Saya"" > ""Pusat Bantuan"" dan pilih antara Chat ataupun Panggilan Internet.",2026-07-25T19:09:46
Shopee 8.8 Merdeka Sale,com.shopee.my,Shopping,ccd2d37a-ec6c-4ff5-9372-21f861f7cb87,hayati 97,5,,awesom,0,3.67.27,2026-07-25T17:36:20,"We're happy to hear that you're enjoying Shopee, hayati 97! If you have any suggestions or if there's anything specific you love about the app, feel free to let us know. If you need assistance, feel free to contact us via your Shopee App through Me > Help Centre and choose between Chat or Free Internet Call.",2026-07-25T19:09:18
Shopee 8.8 Merdeka Sale,com.shopee.my,Shopping,f732f4aa-1075-4582-8825-307e33d0a67f,tintil ethan,5,,Excellent,0,3.78.28,2026-07-25T17:13:51,"We're happy to hear that you're enjoying Shopee, tintil ethan! If you have any suggestions or if there's anything specific you love about the app, feel free to let us know. If you need assistance, feel free to contact us via your Shopee App through Me > Help Centre and choose between Chat or Free Internet Call.",2026-07-25T19:07:58
Shopee 8.8 Merdeka Sale,com.shopee.my,Shopping,c094c49b-4f5a-4c89-895c-65a3d6b15287,MAN MANSOR,5,,"PLATFORM E-DAGANG YANG TERBAIK DENGAN SISTEM NAVIGASI YANG MUDAH, MANTAP..SHOPEE SEMEMANGNYA ONLINE SHOPPING PILIHAN RAMAI. **EDIT DAH BANYAK KALI, DAH BAGI 5 BINTANG PUN, CUMA PENGURUSAN SHOPEE SAJA YG XPERNAH NAK MASUK TGK & BACA REVIEWS**😃😃 *REVIEWS INI DI TELAH EDIT KALI YG KE-38 @ KALI YG KE-11 UNTUK TAHUN 2026*🤔🤔🤔🤔🤔",0,3.79.24,2026-07-25T16:50:59,"Kami kesal mendengar ulasan ini, Mansor Mukayar. 😢 Kami ingin menyelesaikan masalah ini dan membantu anda dengan selanjutnya.
Sila hubungi kami dan berikan kami informasi lanjut supaya kami boleh membantu anda melalui Aplikasi Shopee dan klik ""Saya"" > ""Pusat Bantuan"" dan pilih antara Chat ataupun Panggilan Internet.",2024-06-02T09:58:56
Shopee 8.8 Merdeka Sale,com.shopee.my,Shopping,aeae2e61-86ad-4e62-941b-6be217d81093,Khairul Azlan,5,,"help me shopping, enjoying and eating, yeah....",0,,2026-07-25T16:13:46,"We're happy to hear that you're enjoying Shopee, Khairul Azlan! If you have any suggestions or if there's anything specific you love about the app, feel free to let us know. If you need assistance, feel free to contact us via your Shopee App through Me > Help Centre and choose between Chat or Free Internet Call.",2026-07-25T16:47:40
Shopee 8.8 Merdeka Sale,com.shopee.my,Shopping,58b8edbe-539d-4ef6-8611-d0777875288b,Mastura Zakaria,5,,senang beli. xda scammer,0,3.78.28,2026-07-25T16:08:18,"Kami gembira mendengar ulasan ini Mastura Zakaria ! Maklum balas positif memberi motivasi untuk kami terus memberikan anda pengalaman terbaik.
Jika anda mempunyai sebarang cadangan atau pandangan, sila hubungi kami melalui Aplikasi Shopee dan klik ""Saya"" > ""Pusat Bantuan"" dan pilih antara Chat atau Panggilan Internet.",2026-07-25T16:51:19
Shopee 8.8 Merdeka Sale,com.shopee.my,Shopping,3189d57e-4d27-487c-bc27-9bcf2fd8ac7e,shah zulkifli,5,,Pantas,0,,2026-07-25T15:50:23,"Kami gembira mendengar ulasan ini shah zulkifli ! Maklum balas positif memberi motivasi untuk kami terus memberikan anda pengalaman terbaik.
Jika anda mempunyai sebarang cadangan atau pandangan, sila hubungi kami melalui Aplikasi Shopee dan klik ""Saya"" > ""Pusat Bantuan"" dan pilih antara Chat atau Panggilan Internet.",2026-07-25T16:51:05
Shopee 8.8 Merdeka Sale,com.shopee.my,Shopping,e6ad774b-4908-4883-862f-b93fd8fb3470,Mohamad Aizat,1,,sapa pernah kena sekat account wallet..ngn shopee..dlm akaun ada rm200 ....permohonan rayuan dah hantar..still diorang senyap dah 4 bulan,0,3.76.27,2026-07-25T15:49:02,"Kami kesal mendengar ulasan ini, Mohamad Aizat. 😢 Kami ingin menyelesaikan masalah ini dan membantu anda dengan selanjutnya.
Sila hubungi kami dan berikan kami informasi lanjut supaya kami boleh membantu anda melalui Aplikasi Shopee dan klik ""Saya"" > ""Pusat Bantuan"" dan pilih antara Chat ataupun Panggilan Internet.",2026-07-25T16:50:48
Shopee 8.8 Merdeka Sale,com.shopee.my,Shopping,949ddfa5-c9b8-44f2-b6b4-16b43015a455,hua siak,5,,An excellent shopping app so far in Malaysia,0,3.78.28,2026-07-25T15:35:55,"We're happy to hear that you're enjoying Shopee, hua siak! If you have any suggestions or if there's anything specific you love about the app, feel free to let us know. If you need assistance, feel free to contact us via your Shopee App through Me > Help Centre and choose between Chat or Free Internet Call.",2026-07-25T16:50:05
Shopee 8.8 Merdeka Sale,com.shopee.my,Shopping,4d1def78-0622-4101-929c-b143d48ee584,Nurul Aisyah,5,,terbaikkk,0,3.78.28,2026-07-25T15:13:52,"Kami gembira mendengar ulasan ini Nurul Aisyah ! Maklum balas positif memberi motivasi untuk kami terus memberikan anda pengalaman terbaik.
Jika anda mempunyai sebarang cadangan atau pandangan, sila hubungi kami melalui Aplikasi Shopee dan klik ""Saya"" > ""Pusat Bantuan"" dan pilih antara Chat atau Panggilan Internet.",2026-07-25T16:48:21
Shopee 8.8 Merdeka Sale,com.shopee.my,Shopping,02671378-d699-470c-aba0-0774a8c23c60,Jonathan 1523,5,,great,0,3.78.28,2026-07-25T15:07:35,"We're happy to hear that you're enjoying Shopee, Jonathan 1523! If you have any suggestions or if there's anything specific you love about the app, feel free to let us know. If you need assistance, feel free to contact us via your Shopee App through Me > Help Centre and choose between Chat or Free Internet Call.",2026-07-25T16:48:06
Shopee 8.8 Merdeka Sale,com.shopee.my,Shopping,498593b1-0c9e-4379-9600-480434bb0434,Ahmad Mubarak,5,,Awesome,0,3.77.25,2026-07-25T12:52:31,"We're happy to hear that you're enjoying Shopee, Ahmad Mubarak! If you have any suggestions or if there's anything specific you love about the app, feel free to let us know. If you need assistance, feel free to contact us via your Shopee App through Me > Help Centre and choose between Chat or Free Internet Call.",2026-07-25T14:04:08
Shopee 8.8 Merdeka Sale,com.shopee.my,Shopping,f95f9570-4652-4669-a412-f98cdd5973d2,Azacktron7 Zack ZainaL,5,,Shopee memang terbaik dengan tawaran rewards coins cashback mantap,0,3.78.28,2026-07-25T12:26:06,"Kami gembira mendengar ulasan ini Azacktron7 Zack ZainaL ! Maklum balas positif memberi motivasi untuk kami terus memberikan anda pengalaman terbaik.
Jika anda mempunyai sebarang cadangan atau pandangan, sila hubungi kami melalui Aplikasi Shopee dan klik ""Saya"" > ""Pusat Bantuan"" dan pilih antara Chat atau Panggilan Internet.",2026-07-25T14:18:05
Shopee 8.8 Merdeka Sale,com.shopee.my,Shopping,c33645e2-2815-4001-8bf9-f5375080d691,Amhd Sapiee,5,,wow,0,3.77.25,2026-07-25T12:04:07,"We're happy to hear that you're enjoying Shopee, Amhd Sapiee! If you have any suggestions or if there's anything specific you love about the app, feel free to let us know. If you need assistance, feel free to contact us via your Shopee App through Me > Help Centre and choose between Chat or Free Internet Call.",2026-07-25T14:15:34
Shopee 8.8 Merdeka Sale,com.shopee.my,Shopping,cc32acfe-9398-4246-9e3b-6569bcb65b4a,m shaiful B,5,,excellant,0,3.78.28,2026-07-25T12:01:51,"We're happy to hear that you're enjoying Shopee, m shaiful B! If you have any suggestions or if there's anything specific you love about the app, feel free to let us know. If you need assistance, feel free to contact us via your Shopee App through Me > Help Centre and choose between Chat or Free Internet Call.",2026-07-25T14:15:04
Shopee 8.8 Merdeka Sale,com.shopee.my,Shopping,f8c89edf-bec5-47b8-8682-e070464b1d1d,kuo Ua (io),5,,"team payment refunds scam duit saya ARN CODE Plasu, EJEN berkomplot",1,3.78.28,2026-07-25T11:27:39,"Kami kesal mendengar ulasan ini, kuo Ua (io). 😢 Kami ingin menyelesaikan masalah ini dan membantu anda dengan selanjutnya.
Sila hubungi kami dan berikan kami informasi lanjut supaya kami boleh membantu anda melalui Aplikasi Shopee dan klik ""Saya"" > ""Pusat Bantuan"" dan pilih antara Chat ataupun Panggilan Internet.",2026-07-19T11:10:34
Shopee 8.8 Merdeka Sale,com.shopee.my,Shopping,92630654-90cb-42ce-ab51-60cd96a60baf,Amaran Lentoni,5,,"Beli kat shopee harga barang sangat murah, terbaik shopee",0,,2026-07-25T11:17:43,"Kami gembira mendengar ulasan ini Amaran Lentoni ! Maklum balas positif memberi motivasi untuk kami terus memberikan anda pengalaman terbaik.
Jika anda mempunyai sebarang cadangan atau pandangan, sila hubungi kami melalui Aplikasi Shopee dan klik ""Saya"" > ""Pusat Bantuan"" dan pilih antara Chat atau Panggilan Internet.",2026-07-25T14:25:27
Shopee 8.8 Merdeka Sale,com.shopee.my,Shopping,f9181325-b47b-46a2-b138-9adf31c128bf,Hazali Abdul Hamid,5,,easy,0,3.78.28,2026-07-25T11:11:58,"We're happy to hear that you're enjoying Shopee, Hazali Abdul Hamid! If you have any suggestions or if there's anything specific you love about the app, feel free to let us know. If you need assistance, feel free to contact us via your Shopee App through Me > Help Centre and choose between Chat or Free Internet Call.",2026-07-25T14:23:40
Shopee 8.8 Merdeka Sale,com.shopee.my,Shopping,daeb9101-55f8-4ced-b739-0d374d6f328a,Noorman Nizam,5,,best,0,3.79.23,2026-07-25T11:04:43,"We're happy to hear that you're enjoying Shopee, Noorman Nizam! If you have any suggestions or if there's anything specific you love about the app, feel free to let us know. If you need assistance, feel free to contact us via your Shopee App through Me > Help Centre and choose between Chat or Free Internet Call.",2026-07-25T14:19:31
Shopee 8.8 Merdeka Sale,com.shopee.my,Shopping,4a4044c1-ea76-4979-b7b7-213ed6da1d69,goldwood.resourcesm sdnbhd,5,,Good to.,0,,2026-07-25T11:02:01,"We're happy to hear that you're enjoying Shopee, goldwood.resourcesm sdnbhd! If you have any suggestions or if there's anything specific you love about the app, feel free to let us know. If you need assistance, feel free to contact us via your Shopee App through Me > Help Centre and choose between Chat or Free Internet Call.",2026-07-25T14:19:14
Shopee 8.8 Merdeka Sale,com.shopee.my,Shopping,0b79672a-f348-485c-8938-e6f13f37acf1,aqim aqim,1,,bad,0,,2026-07-25T10:54:19,"We're happy to hear that you're enjoying Shopee, aqim aqim! If you have any suggestions or if there's anything specific you love about the app, feel free to let us know. If you need assistance, feel free to contact us via your Shopee App through Me > Help Centre and choose between Chat, Email or Free Internet Call.",2024-05-27T12:36:00
Shopee 8.8 Merdeka Sale,com.shopee.my,Shopping,2ecd57f7-15ff-4c01-8440-95d2b1781dfa,Ahmad hafidzi,1,,Asyik keluar iklan xiaomi,0,,2026-07-25T10:37:34,"Kami kesal mendengar ulasan ini, Ahmad hafidzi. 😢 Kami ingin menyelesaikan masalah ini dan membantu anda dengan selanjutnya.
Sila hubungi kami dan berikan kami informasi lanjut supaya kami boleh membantu anda melalui Aplikasi Shopee dan klik ""Saya"" > ""Pusat Bantuan"" dan pilih antara Chat ataupun Panggilan Internet.",2026-07-25T14:18:37
Shopee 8.8 Merdeka Sale,com.shopee.my,Shopping,6be26de9-fa5d-4bb4-818a-6f04634f1740,Ahmad Radzi,5,,good apps,0,3.78.28,2026-07-25T10:31:01,"We're happy to hear that you're enjoying Shopee, Ahmad Radzi! If you have any suggestions or if there's anything specific you love about the app, feel free to let us know. If you need assistance, feel free to contact us via your Shopee App through Me > Help Centre and choose between Chat or Free Internet Call.",2026-07-25T14:18:19
Shopee 8.8 Merdeka Sale,com.shopee.my,Shopping,0ca67469-c1cc-489c-a39c-06d3aed7c2bf,Oo Hau Tan,4,,To accept self collection for higher limits than existing.,0,3.78.28,2026-07-25T09:19:48,,
Shopee 8.8 Merdeka Sale,com.shopee.my,Shopping,1ffbfd7e-4805-4b5f-8ab8-f2e9fa259e18,Pann Eii,5,,👍,0,3.78.28,2026-07-25T09:14:24,"We're happy to hear that you're enjoying Shopee, Pann Eii! If you have any suggestions or if there's anything specific you love about the app, feel free to let us know. If you need assistance, feel free to contact us via your Shopee App through Me > Help Centre and choose between Chat or Free Internet Call.",2026-07-25T09:43:44
Shopee 8.8 Merdeka Sale,com.shopee.my,Shopping,f52ea534-e2a0-4c40-b1e8-e01aac92d6b6,veroneca dave,5,,"I always using shoppe to order my stuff ,it's very convenient,and fastest delivery 💚",0,3.77.25,2026-07-25T09:11:34,,
Shopee 8.8 Merdeka Sale,com.shopee.my,Shopping,89066a06-83bd-4b10-9411-dad35c1f8091,Norhafidzi Ahmad Rafaai,5,,"Shopee offers a dynamic, engaging, and cost-effective online shopping experience. With frequent discount vouchers, free shipping deals, interactive games, and robust buyer protection via Shopee Guarantee, shopping feels rewarding and secure. The app’s intuitive search and live-streaming features bring buyers and sellers together seamlessly.",0,3.56.28,2026-07-25T09:08:15,"We're happy to hear that you're enjoying Shopee, Norhafidzi Ahmad Rafaai! If you have any suggestions or if there's anything specific you love about the app, feel free to let us know. If you need assistance, feel free to contact us via your Shopee App through Me > Help Centre and choose between Chat or Free Internet Call.",2026-07-25T09:44:27
Shopee 8.8 Merdeka Sale,com.shopee.my,Shopping,79a7b593-a6e5-4934-bc3a-a0961e15baff,Poorna Shanmugom,5,,good,0,3.76.27,2026-07-25T09:06:47,"We're happy to hear that you're enjoying Shopee, Poorna Shanmugom! If you have any suggestions or if there's anything specific you love about the app, feel free to let us know. If you need assistance, feel free to contact us via your Shopee App through Me > Help Centre and choose between Chat or Free Internet Call.",2026-07-25T09:37:40
Shopee 8.8 Merdeka Sale,com.shopee.my,Shopping,8fb518dc-7821-4537-88b9-c5a579640e72,Noor Suhaidee,4,,Senang berurusan,0,3.72.31,2026-07-25T08:45:10,"Kami gembira mendengar ulasan ini Noor Suhaidee ! Maklum balas positif memberi motivasi untuk kami terus memberikan anda pengalaman terbaik.
Jika anda mempunyai sebarang cadangan atau pandangan, sila hubungi kami melalui Aplikasi Shopee dan klik ""Saya"" > ""Pusat Bantuan"" dan pilih antara Chat atau Panggilan Internet.",2026-07-25T09:37:20
Shopee 8.8 Merdeka Sale,com.shopee.my,Shopping,083eb973-4ff0-4b79-8edc-ecbee3512f99,Fouziah Hamzah,2,,Refund policy is terrible especially on regarding pick up. Time 8am to 8am and no one comes nor any update. Miserable,0,3.79.24,2026-07-25T08:16:04,"We're sorry to hear about this review, Fouziah Hamzah. 😢 We would like to understand more about the issues you've encountered. Could you please provide additional details or contact our support team? You can access via your Shopee App through Me > Help Centre and choose between Chat or Free Internet Call.",2026-07-25T12:03:31
Shopee 8.8 Merdeka Sale,com.shopee.my,Shopping,5c1813b1-722b-474f-bac9-f0ab768262d9,Aqil Eddy,5,,Soy good,0,,2026-07-25T07:05:17,"We're happy to hear that you're enjoying Shopee, Aqil Eddy! If you have any suggestions or if there's anything specific you love about the app, feel free to let us know. If you need assistance, feel free to contact us via your Shopee App through Me > Help Centre and choose between Chat or Free Internet Call.",2026-07-25T12:04:44
Shopee 8.8 Merdeka Sale,com.shopee.my,Shopping,044a2b10-3893-4ad3-8522-4c654ac33028,bumbl3 b33,1,,"This company doesn't listen to customers' complaints about the delivery issues. Appointing just one company (useless jnt) to do delivery which is extremely slow, exceeding the shopee guarantee duration. Updated review - It's a huge online market no doubt but Shopee must weed out scammers from their platform. I've been scammed twice from fake counterfeit supplements. I refused to return fake products because the scammers will just resell them to unsuspecting customers. Beware when you shop.",0,3.77.25,2026-07-25T06:47:04,"Kami kesal mendengar ulasan ini, bumbl3 b33. 😢 Kami ingin menyelesaikan masalah ini dan membantu anda dengan selanjutnya.
Sila hubungi kami dan berikan kami informasi lanjut supaya kami boleh membantu anda melalui Aplikasi Shopee dan klik ""Saya"" > ""Pusat Bantuan"" dan pilih antara Chat ataupun Panggilan Internet.",2026-07-25T12:05:20
Shopee 8.8 Merdeka Sale,com.shopee.my,Shopping,6fd51091-cb21-4167-b4d7-fe9d07e769a8,slomorida,1,,"be careful with subscription things they charged with auto renew. i lost money twice, 1st misleading subscription, 2nd auto money deduction in my sopipay acc.",0,,2026-07-25T06:31:34,"We're sorry to hear about this review, slomorida. 😢 We would like to understand more about the issues you've encountered. Could you please provide additional details or contact our support team? You can access via your Shopee App through Me > Help Centre and choose between Chat or Free Internet Call.",2026-07-25T12:03:48
Shopee 8.8 Merdeka Sale,com.shopee.my,Shopping,d47ac4df-086b-4e0d-bb63-632713c80a17,ZUKAFLE HASSAN,5,,"Harap hanya Agent yang mesra pelanggan sahaja dipilih. Sikap Agent sombong, angkoh & tidak mesra pelanggan perlu ditamatkan serta merta. Wakil Agent pungutan percuma 'frond desk' bagi Shopee. Pelanggan lari kerana agent sombong..",0,3.78.28,2026-07-25T06:31:10,"Kami gembira mendengar ulasan ini ZUKAFLE HASSAN ! Maklum balas positif memberi motivasi untuk kami terus memberikan anda pengalaman terbaik.
Jika anda mempunyai sebarang cadangan atau pandangan, sila hubungi kami melalui Aplikasi Shopee dan klik ""Saya"" > ""Pusat Bantuan"" dan pilih antara Chat atau Panggilan Internet.",2026-06-16T18:51:43
Shopee 8.8 Merdeka Sale,com.shopee.my,Shopping,3c25e2b1-04d1-493c-9d3a-86857f0e1b3c,MBA Izam,2,,delivery takda masalah.tp bila beli item ke 2 jd lambat nak dihantar.siapa yang harus dipersalahkan.shopee x memantau ke benda mcm ni.shopee seolah olah dah x relevan. turun lagi 1 star rating.,0,3.78.28,2026-07-25T05:29:33,"We're sorry to hear about this review, MBA Izam. 😢 We would like to understand more about the issues you've encountered. Could you please provide additional details or contact our support team? You can access via your Shopee App through Me > Help Centre and choose between Chat or Free Internet Call.",2024-08-04T14:49:09
Shopee 8.8 Merdeka Sale,com.shopee.my,Shopping,89f29924-7ffd-4f1c-9986-6e7999614583,Shivnandan Rajbanshi,1,,video playing very annoying and ads like cheap app business can't stop playing setting i want to decide which product i need but everytime play video and disturbing with wasting time😡😡😡😡,0,3.78.28,2026-07-25T04:39:08,"Kami kesal mendengar ulasan ini, Shivnandan Rajbanshi. 😢 Kami ingin menyelesaikan masalah ini dan membantu anda dengan selanjutnya.
Sila hubungi kami dan berikan kami informasi lanjut supaya kami boleh membantu anda melalui Aplikasi Shopee dan klik ""Saya"" > ""Pusat Bantuan"" dan pilih antara Chat ataupun Panggilan Internet.",2026-07-25T06:13:25
Shopee 8.8 Merdeka Sale,com.shopee.my,Shopping,cd689bf3-aa4e-42ae-8fc2-0298d659be0d,kokyinhau,5,,"Thank you Shopee for your courtesy. I enjoyed visiting shopee. I m proud of you. Harap boss dapat untung yang semakin banyak, business semakin baik.",0,3.78.28,2026-07-25T03:40:13,"We're happy to hear that you're enjoying Shopee, kokyinhau! If you have any suggestions or if there's anything specific you love about the app, feel free to let us know. If you need assistance, feel free to contact us via your Shopee App through Me > Help Centre and choose between Chat, Email or Free Internet Call.",2024-05-30T10:14:59
Shopee 8.8 Merdeka Sale,com.shopee.my,Shopping,e60ee1bd-4057-424a-88b2-b0be8b18034a,zaidah kadir,5,,Very satisfied with the service.,1,3.79.24,2026-07-25T02:03:47,"Hi,

Greetings from Shopee! 😊

Your awesome review made our day! 😃

Stay tuned for greater deals soon 🧡",2023-05-22T23:09:17
Shopee 8.8 Merdeka Sale,com.shopee.my,Shopping,d766264e-56d5-4677-a622-51211fe8063f,Rohiezat Baba,5,,cara barang molek pantas dsbg,0,,2026-07-25T00:30:08,"Kami gembira mendengar ulasan ini Rohiezat Baba ! Maklum balas positif memberi motivasi untuk kami terus memberikan anda pengalaman terbaik.
Jika anda mempunyai sebarang cadangan atau pandangan, sila hubungi kami melalui Aplikasi Shopee dan klik ""Saya"" > ""Pusat Bantuan"" dan pilih antara Chat atau Panggilan Internet.",2026-07-25T00:55:26
Shopee 8.8 Merdeka Sale,com.shopee.my,Shopping,0f3b4d6d-f82b-41c4-97b9-226aa9c7c835,muhamad kamiludin,5,,Berpuas hati dengan barang yang diterima. Tak tomyam tak kawan. Vrooommm koyak kota raya pakai paip tomyam ni. Tak rugi beli tau kawan kawan. Nak lebih murah beli.la ketika ada diskaun atau pon ada sale. Yiippriiii,0,3.78.28,2026-07-24T23:48:36,"Kami gembira mendengar ulasan ini muhamad kamiludin ! Maklum balas positif memberi motivasi untuk kami terus memberikan anda pengalaman terbaik.
Jika anda mempunyai sebarang cadangan atau pandangan, sila hubungi kami melalui Aplikasi Shopee dan klik ""Saya"" > ""Pusat Bantuan"" dan pilih antara Chat atau Panggilan Internet.",2026-07-25T01:29:36
Shopee 8.8 Merdeka Sale,com.shopee.my,Shopping,d6f56e61-89e0-48b2-9170-91e7782c0a70,Mustaqim Aqil Iman,5,,senang nak guna,0,3.78.28,2026-07-24T23:30:33,"Kami gembira mendengar ulasan ini Mustaqim Aqil Iman ! Maklum balas positif memberi motivasi untuk kami terus memberikan anda pengalaman terbaik.
Jika anda mempunyai sebarang cadangan atau pandangan, sila hubungi kami melalui Aplikasi Shopee dan klik ""Saya"" > ""Pusat Bantuan"" dan pilih antara Chat atau Panggilan Internet.",2026-07-25T00:54:46
Shopee 8.8 Merdeka Sale,com.shopee.my,Shopping,edb8cd52-0efa-4647-bdef-41755599cfa9,Ayzha Darlina,5,,good many discount and cheap,0,3.77.25,2026-07-24T22:32:38,"We're happy to hear that you're enjoying Shopee, Ayzha Darlina! If you have any suggestions or if there's anything specific you love about the app, feel free to let us know. If you need assistance, feel free to contact us via your Shopee App through Me > Help Centre and choose between Chat or Free Internet Call.",2026-07-25T01:30:12
Shopee 8.8 Merdeka Sale,com.shopee.my,Shopping,73e3d2dc-32da-4ddf-9bb3-6251daae9a6d,Nurul Aqilah,5,,dark mode please..sakit mata buka waktu malam.. hmm. terima kasih☺,0,,2026-07-24T21:48:55,"Kami gembira mendengar ulasan ini Nurul Aqilah ! Maklum balas positif memberi motivasi untuk kami terus memberikan anda pengalaman terbaik.
Jika anda mempunyai sebarang cadangan atau pandangan, sila hubungi kami melalui Aplikasi Shopee dan klik ""Saya"" > ""Pusat Bantuan"" dan pilih antara Chat atau Panggilan Internet.",2026-07-24T22:33:00
Shopee 8.8 Merdeka Sale,com.shopee.my,Shopping,88cf60ef-979d-4c08-a56b-d60f1a91fd49,Ishak Ahmad,5,,shopee best ..banyak diskaun ..barang jauh lebih murah dari tiktok😎,0,3.78.28,2026-07-24T21:47:06,"Kami gembira mendengar ulasan ini Ishak Ahmad ! Maklum balas positif memberi motivasi untuk kami terus memberikan anda pengalaman terbaik.
Jika anda mempunyai sebarang cadangan atau pandangan, sila hubungi kami melalui Aplikasi Shopee dan klik ""Saya"" > ""Pusat Bantuan"" dan pilih antara Chat atau Panggilan Internet.",2026-07-24T22:32:13
Shopee 8.8 Merdeka Sale,com.shopee.my,Shopping,453e8e08-f232-47ee-84b1-000a8d39aefd,kera946,5,,Terbaik.,13,3.78.28,2026-07-24T21:24:37,"Kami gembira mendengar ulasan ini kera946 ! Maklum balas positif memberi motivasi untuk kami terus memberikan anda pengalaman terbaik.
Jika anda mempunyai sebarang cadangan atau pandangan, sila hubungi kami melalui Aplikasi Shopee dan klik ""Saya"" > ""Pusat Bantuan"" dan pilih antara Chat atau Panggilan Internet.",2026-07-24T21:39:49
Shopee 8.8 Merdeka Sale,com.shopee.my,Shopping,5dce30bc-ed04-42c9-9300-ed9dc9bc1e26,Hennabelle,1,,"service out,courrier service out,agent service out,cant work well,many customer case not settle...",0,3.73.27,2026-07-24T21:12:50,"We're sorry to hear about this review, Hennabelle. 😢 We would like to understand more about the issues you've encountered. Could you please provide additional details or contact our support team? You can access via your Shopee App through Me > Help Centre and choose between Chat or Free Internet Call.",2026-07-24T21:41:54
Shopee 8.8 Merdeka Sale,com.shopee.my,Shopping,14165f83-82fe-4735-9b0e-4185145266fe,Epy ars,5,,Mudah dan Cepat,0,,2026-07-24T20:59:39,"Kami gembira mendengar ulasan ini Epy ars ! Maklum balas positif memberi motivasi untuk kami terus memberikan anda pengalaman terbaik.
Jika anda mempunyai sebarang cadangan atau pandangan, sila hubungi kami melalui Aplikasi Shopee dan klik ""Saya"" > ""Pusat Bantuan"" dan pilih antara Chat atau Panggilan Internet.",2026-07-24T21:40:47
Shopee 8.8 Merdeka Sale,com.shopee.my,Shopping,4aae95d0-cc06-4427-b997-f55e6ddc5532,one upright,5,,great,0,3.78.28,2026-07-24T20:50:35,"We're happy to hear that you're enjoying Shopee, one upright! If you have any suggestions or if there's anything specific you love about the app, feel free to let us know. If you need assistance, feel free to contact us via your Shopee App through Me > Help Centre and choose between Chat or Free Internet Call.",2026-07-24T21:42:56
Shopee 8.8 Merdeka Sale,com.shopee.my,Shopping,46fc0482-ea04-4a3d-9903-f0a6674dea0f,Afizul mohamad,5,,sila kembalikan free shipping seperti biasa.bukan ikut quoto sapa cepat dia dapat.dan sila benarkan buyer pilih kurier sendiri.,0,3.78.28,2026-07-24T20:37:37,"Terima kasih atas rating ini, Afizul mohamad !
Jika anda mempunyai sebarang cadangan atau pandangan, sila hubungi kami melalui Aplikasi Shopee dan klik ""Saya"" > ""Pusat Bantuan"" dan pilih antara Chat atau Panggilan Internet Percuma.",2026-07-24T21:36:57
Shopee 8.8 Merdeka Sale,com.shopee.my,Shopping,f490d417-3501-4296-b674-6b18198e47ed,zahirulhaqq,5,,"Shopee is one of the most popular e-commerce platforms in Southeast Asia. It offers a wide range of products, secure payment options, and frequent promotions.",0,3.78.28,2026-07-24T19:35:12,"We're happy to hear that you're enjoying Shopee, zahirulhaqq! If you have any suggestions or if there's anything specific you love about the app, feel free to let us know. If you need assistance, feel free to contact us via your Shopee App through Me > Help Centre and choose between Chat or Free Internet Call.",2026-07-24T21:34:43
Shopee 8.8 Merdeka Sale,com.shopee.my,Shopping,cc7bb952-c958-4b46-8c5f-30a21c2395c5,Tayyeb Tayyeb,5,,", ok",0,3.77.25,2026-07-24T18:03:08,"Kami gembira mendengar ulasan ini Tayyeb Tayyeb ! Maklum balas positif memberi motivasi untuk kami terus memberikan anda pengalaman terbaik.
Jika anda mempunyai sebarang cadangan atau pandangan, sila hubungi kami melalui Aplikasi Shopee dan klik ""Saya"" > ""Pusat Bantuan"" dan pilih antara Chat atau Panggilan Internet.",2026-07-24T18:44:08
Shopee 8.8 Merdeka Sale,com.shopee.my,Shopping,dd64ce94-e0eb-462f-8307-8749709767bf,mia Azwaaa,5,,love it,0,,2026-07-24T17:51:41,"We're happy to hear that you're enjoying Shopee, mia Azwaaa! If you have any suggestions or if there's anything specific you love about the app, feel free to let us know. If you need assistance, feel free to contact us via your Shopee App through Me > Help Centre and choose between Chat or Free Internet Call.",2026-07-24T18:42:35
Shopee 8.8 Merdeka Sale,com.shopee.my,Shopping,1afede1e-ff2c-4bcc-9340-a7ae386a333b,Shahamuddin Metali,5,,best online shopping,0,3.78.28,2026-07-24T17:16:35,"Thank you for rating us Shahamuddin Metali !
If you need assistance in the future, feel free to contact us via your Shopee App through Me > Help Centre and choose between Chat or Internet Call.",2026-07-24T18:37:28
Shopee 8.8 Merdeka Sale,com.shopee.my,Shopping,8e97e522-0fec-42a0-b7d2-465b6f89203b,Hidayah Husain,5,,Good,0,3.77.25,2026-07-24T17:15:04,"Thank you for rating us Hidayah Husain !
If you need assistance in the future, feel free to contact us via your Shopee App through Me > Help Centre and choose between Chat or Internet Call.",2026-07-24T18:33:50
Shopee 8.8 Merdeka Sale,com.shopee.my,Shopping,00985204-0dd7-4587-b0b3-d2b165c76bee,rohana abdulrahman,5,,Pilihan terbaik daripada pelbagai produk di pasaran,0,3.78.28,2026-07-24T17:04:50,"Terima kasih atas rating ini, rohana abdulrahman !
Jika anda mempunyai sebarang cadangan atau pandangan, sila hubungi kami melalui Aplikasi Shopee dan klik ""Saya"" > ""Pusat Bantuan"" dan pilih antara Chat atau Panggilan Internet Percuma.",2026-07-24T18:33:30
Shopee 8.8 Merdeka Sale,com.shopee.my,Shopping,ea8d2424-c44a-42bf-ae3a-f6ebc07057bf,tarmizi mat,5,,"Excellent experience with shopee fully satisfied, life get easy with shopee",0,3.78.28,2026-07-24T16:48:21,"Thank you for rating us tarmizi mat !
If you need assistance in the future, feel free to contact us via your Shopee App through Me > Help Centre and choose between Chat or Internet Call.",2026-07-24T18:31:53
Shopee 8.8 Merdeka Sale,com.shopee.my,Shopping,f8c4f363-49ef-457c-b8c9-982baa4bd694,NOR RAZLAN NOR HASHIM,5,,good app,0,3.78.28,2026-07-24T16:46:51,"Thank you for rating us NOR RAZLAN NOR HASHIM !
If you need assistance in the future, feel free to contact us via your Shopee App through Me > Help Centre and choose between Chat or Internet Call.",2026-07-24T18:32:18
Shopee 8.8 Merdeka Sale,com.shopee.my,Shopping,ac3627c5-d578-4ea4-9169-2ee6ab39d5f6,muhd fairoze,5,,"Shopee adalah aplikasi membeli-belah dalam talian yang sangat mudah digunakan. Banyak pilihan produk, harga berpatutan, banyak promosi menarik, dan proses pembayaran sangat mudah",0,,2026-07-24T16:43:52,"Terima kasih atas rating ini, muhd fairoze !
Jika anda mempunyai sebarang cadangan atau pandangan, sila hubungi kami melalui Aplikasi Shopee dan klik ""Saya"" > ""Pusat Bantuan"" dan pilih antara Chat atau Panggilan Internet Percuma.",2026-07-24T18:30:43
Shopee 8.8 Merdeka Sale,com.shopee.my,Shopping,287ebdd7-da75-4090-b83a-545fc409ecc8,Yinsiento,2,,"So your irritating invasive spamming video ad is back again, don't you think your customers deserve some privacy, pretty ridiculous don't you think?? Do away with your stupid loud videos open right in front of me, they're damn irritating, this is truly an invasion of my privacy, buying from you does not entitled you to spam your users endlessly, I'm sure there are other less intrusive ways to do your abusive advertisements",0,,2026-07-24T16:32:31,"Thank you for rating us Yinsiento!
If you need assistance in the future, feel free to contact us via your Shopee App through Me > Help Centre and choose between Chat or Internet Call.",2025-11-18T20:34:37
Shopee 8.8 Merdeka Sale,com.shopee.my,Shopping,fd50eca9-1080-46c1-a9c5-9433c58b29b9,Tin Tin,5,,very satisfied for every purchase experience,0,,2026-07-24T16:12:19,"Thank you for rating us Tin Tin !
If you need assistance in the future, feel free to contact us via your Shopee App through Me > Help Centre and choose between Chat or Internet Call.",2026-07-24T18:34:28
Shopee 8.8 Merdeka Sale,com.shopee.my,Shopping,95838ee5-5796-4bbd-9b3b-0e74ed8dbb5a,Abd Ghaffar Abd Rasip,5,,Good,0,3.79.23,2026-07-24T15:58:48,"Thank you for rating us Abd Ghaffar Abd Rasip !
If you need assistance in the future, feel free to contact us via your Shopee App through Me > Help Centre and choose between Chat or Internet Call.",2026-07-24T18:39:21
Shopee 8.8 Merdeka Sale,com.shopee.my,Shopping,1cfdbb34-89e9-4a0b-bda4-4efa412d47b4,ardi rafizi,5,,good,0,3.77.25,2026-07-24T15:58:02,"Thank you for rating us ardi rafizi !
If you need assistance in the future, feel free to contact us via your Shopee App through Me > Help Centre and choose between Chat or Internet Call.",2026-07-24T18:38:59
Shopee 8.8 Merdeka Sale,com.shopee.my,Shopping,d20daf97-ac97-4922-98cb-43e7006d0c28,Ana Kamal,1,,tak boleh pulak pakai spaylater. teruknya,0,3.78.28,2026-07-24T15:44:47,"Kami kesal mendengar ulasan ini, Ana Kamal. 😢 Kami ingin menyelesaikan masalah ini dan membantu anda dengan selanjutnya.
Sila hubungi kami dan berikan kami informasi lanjut supaya kami boleh membantu anda melalui Aplikasi Shopee dan klik ""Saya"" > ""Pusat Bantuan"" dan pilih antara Chat ataupun Panggilan Internet.",2026-07-24T18:38:20
Shopee 8.8 Merdeka Sale,com.shopee.my,Shopping,9ca15864-9755-441c-8516-adcdd3ae10b0,Ranjit Oli,5,,very good and nice app,0,3.78.28,2026-07-24T15:41:59,"Thank you for rating us Ranjit Oli !
If you need assistance in the future, feel free to contact us via your Shopee App through Me > Help Centre and choose between Chat or Internet Call.",2026-07-24T18:35:13
Shopee 8.8 Merdeka Sale,com.shopee.my,Shopping,a7249795-7e14-413f-a751-743aa05f4bd0,apek mansor,5,,kualiti item sepadan dgn harga.. servis penghantaran lancar..,0,3.78.28,2026-07-24T15:35:14,"Kami gembira mendengar ulasan ini apek mansor! Maklum balas positif memberi motivasi untuk kami terus memberikan anda pengalaman terbaik.
Jika anda mempunyai sebarang cadangan atau pandangan, sila hubungi kami melalui Aplikasi Shopee dan klik ""Saya"" > ""Pusat Bantuan"" dan pilih antara Chat atau Panggilan Internet.",2024-10-27T23:18:34
Shopee 8.8 Merdeka Sale,com.shopee.my,Shopping,6da2073f-be78-4709-a14e-505e046be1f5,Hann Seto,1,,gtg worse. not following instructions by buyer. drop items in storage box without contacting owner first. app to top up wallet in app doesnt work cos the space to type OTP doesnt work. Shoppe needs to get its act together!,0,3.78.28,2026-07-24T15:33:07,"We're sorry to hear about this review, Hann Seto. 😢 We would like to understand more about the issues you've encountered. Could you please provide additional details or contact our support team? You can access via your Shopee App through Me > Help Centre and choose between Chat or Free Internet Call.",2026-07-24T18:36:29
Shopee 8.8 Merdeka Sale,com.shopee.my,Shopping,a204eda6-e076-459a-968f-727c5b4c41cf,Lei,2,,item saw for 30rm and there's below say subscribe vip to get the item for 0Rm then I subscribe there's no 0Rm 🤦,0,3.78.28,2026-07-24T15:00:37,"We're sorry to hear about this review, Lei. 😢 We would like to understand more about the issues you've encountered. Could you please provide additional details or contact our support team? You can access via your Shopee App through Me > Help Centre and choose between Chat or Free Internet Call.",2026-07-24T18:09:11
Shopee 8.8 Merdeka Sale,com.shopee.my,Shopping,dbd392bf-ad4b-4538-ba81-658aec300f88,Nor Azam,4,,still have bug,0,,2026-07-24T14:55:36,"We're sorry to hear about this review, Nor Azam. 😢 We would like to understand more about the issues you've encountered. Could you please provide additional details or contact our support team? You can access via your Shopee App through Me > Help Centre and choose between Chat or Free Internet Call.",2026-07-24T18:40:22
Shopee 8.8 Merdeka Sale,com.shopee.my,Shopping,588141c8-cbfc-4278-bf81-a791a4b36824,Garyn Tan,5,,"The app is basically 50% online store, 50% virtual video game, and 100% addictive. I will spend 20 minutes water-harvesting virtual trees and checking in daily just to collect 5 cents worth of Shopee Coins—and then immediately apply those 5 cents toward a random kitchen gadget I will use twice. Unbeatable deals, super fast shipping, and endless entertainment. Best of the Best",1,3.78.28,2026-07-24T14:24:32,"We're happy to hear that you're enjoying Shopee, Ivin Tan! If you have any suggestions or if there's anything specific you love about the app, feel free to let us know. If you need assistance, feel free to contact us via your Shopee App through Me > Help Centre and choose between Chat or Free Internet Call.",2026-07-24T15:39:20
Shopee 8.8 Merdeka Sale,com.shopee.my,Shopping,61d6c5fe-e285-4171-83be-a8572b9675bd,Sabri Mohd Noor,5,,ok ok,1,3.78.28,2026-07-24T14:20:16,"Kami gembira mendengar ulasan ini Sabri Mohd Noor! Maklum balas positif memberi motivasi untuk kami terus memberikan anda pengalaman terbaik.
Jika anda mempunyai sebarang cadangan atau pandangan, sila hubungi kami melalui Aplikasi Shopee dan klik ""Saya"" > ""Pusat Bantuan"" dan pilih antara Chat, E-mel, atau Panggilan Internet.",2024-03-30T15:36:09
Shopee 8.8 Merdeka Sale,com.shopee.my,Shopping,7f8da252-c01e-4dc2-bb79-0b8ce1c6a52f,Chan Yong Fatt,5,,full satisfaction,0,,2026-07-24T14:19:33,"Thank you for rating us Chan Yong Fatt !
If you need assistance in the future, feel free to contact us via your Shopee App through Me > Help Centre and choose between Chat or Internet Call.",2026-07-24T15:38:36
Shopee 8.8 Merdeka Sale,com.shopee.my,Shopping,4af71b23-65d4-43c4-9ac7-f341c6fab5eb,Sean Wong,1,,I just want to plant trees in peace. Why does it have to be a competition?,4,3.78.28,2026-07-24T14:13:00,"We're sorry to hear about this review, Sean Wong. 😢 We would like to understand more about the issues you've encountered. Could you please provide additional details or contact our support team? You can access via your Shopee App through Me > Help Centre and choose between Chat or Free Internet Call.",2026-07-24T14:08:08
Shopee 8.8 Merdeka Sale,com.shopee.my,Shopping,fbdbc7ff-9380-4358-b5c3-432ec091c9f2,Muhammad Hairiey Bin Abd Razak,5,,Tukar balik yg asal,0,3.78.28,2026-07-24T13:59:14,"Kami kesal mendengar ulasan ini, Muhammad Hairiey Bin Abd Razak. 😢 Kami ingin menyelesaikan masalah ini dan membantu anda dengan selanjutnya.
Sila hubungi kami dan berikan kami informasi lanjut supaya kami boleh membantu anda melalui Aplikasi Shopee dan klik ""Saya"" > ""Pusat Bantuan"" dan pilih antara Chat ataupun Panggilan Internet.",2026-07-24T15:37:39
Shopee 8.8 Merdeka Sale,com.shopee.my,Shopping,1b040205-8672-4c00-8d25-af9bfc335928,albert boyz,5,,Very satisfied & recommended..tq..,0,3.78.28,2026-07-24T13:46:52,"Hi,

Greetings from Shopee! :)

Thank you for your awesome review! :D

We're glad you're loving our app! :D

Stay tuned to us for more great deals :)
",2022-02-09T08:05:05
Shopee 8.8 Merdeka Sale,com.shopee.my,Shopping,41b58bdd-4138-49b4-add2-ea3ab06e43df,Nantz Nanthine,1,,"Unhappy with poslaju delivery. I have mentioned so many time ""do not deliver in the boxplus"" but the delivery person still put all my parcels in the boxplus. WTH do the poslaju doing this kind of delivery? Already clearly mentioned the can't they just follow the customer's instructions? Is it too difficult? Shoppe need to take action.",1,3.78.28,2026-07-24T13:14:12,"We're sorry to hear about this review, Nantz Nanthine. 😢 We would like to understand more about the issues you've encountered. Could you please provide additional details or contact our support team? You can access via your Shopee App through Me > Help Centre and choose between Chat or Free Internet Call.",2026-07-24T14:12:53
Shopee 8.8 Merdeka Sale,com.shopee.my,Shopping,1a8a6e4f-2f79-4384-9d46-1235242bc29f,Abigail Magandai,5,,very friendly to use,0,3.61.28,2026-07-24T12:38:54,"Thank you for rating us Abigail Magandai !
If you need assistance in the future, feel free to contact us via your Shopee App through Me > Help Centre and choose between Chat or Internet Call.",2026-07-24T14:13:13
Shopee 8.8 Merdeka Sale,com.shopee.my,Shopping,adf7bdfe-1f7c-4953-9e31-d24eed725292,FADZLIFIZARI MOHD ARIFFIN,5,,good .,0,3.79.23,2026-07-24T12:37:11,"Thank you for rating us FADZLIFIZARI MOHD ARIFFIN !
If you need assistance in the future, feel free to contact us via your Shopee App through Me > Help Centre and choose between Chat or Internet Call.",2026-07-24T14:15:00
Shopee 8.8 Merdeka Sale,com.shopee.my,Shopping,5e3abe0b-0114-4c59-8b17-26cdd52c7f4c,M. Osman Zaman,5,,Good product. reasonable pricing,0,3.78.28,2026-07-24T11:58:43,"We're happy to hear that you're enjoying Shopee, M. Osman Zaman! If you have any suggestions or if there's anything specific you love about the app, feel free to let us know. If you need assistance, feel free to contact us via your Shopee App through Me > Help Centre and choose between Chat or Free Internet Call.",2026-07-24T14:04:55
Shopee 8.8 Merdeka Sale,com.shopee.my,Shopping,4d7d7d07-ece9-428c-b8d2-a5ec2a95e20c,Azuan Azuan,5,,terbaik,0,3.77.25,2026-07-24T11:40:14,"Kami gembira mendengar ulasan ini Azuan Azuan ! Maklum balas positif memberi motivasi untuk kami terus memberikan anda pengalaman terbaik.
Jika anda mempunyai sebarang cadangan atau pandangan, sila hubungi kami melalui Aplikasi Shopee dan klik ""Saya"" > ""Pusat Bantuan"" dan pilih antara Chat atau Panggilan Internet.",2026-07-24T14:04:21
Shopee 8.8 Merdeka Sale,com.shopee.my,Shopping,147d6d9c-bc13-4394-86ba-46f1f5bb89ca,Jewelmate J,5,,nice... but should offer more free delivery,0,3.29.24,2026-07-24T11:33:04,"We're happy to hear that you're enjoying Shopee, Jewelmate J! If you have any suggestions or if there's anything specific you love about the app, feel free to let us know. If you need assistance, feel free to contact us via your Shopee App through Me > Help Centre and choose between Chat or Free Internet Call.",2026-07-24T14:03:29
Shopee 8.8 Merdeka Sale,com.shopee.my,Shopping,58843e30-7c64-46c1-a2b9-6521c12bb3f2,utube,5,,very helpful,0,3.74.34,2026-07-24T11:01:16,"Thank you for rating us utube !
If you need assistance in the future, feel free to contact us via your Shopee App through Me > Help Centre and choose between Chat or Internet Call.",2026-07-24T14:10:08
Shopee 8.8 Merdeka Sale,com.shopee.my,Shopping,d23d0fc0-6394-4b92-ad3d-89af21594b86,Shahrul Nizam,5,,Best Shoping Online Platform today,0,3.78.28,2026-07-24T10:29:08,"We're happy to hear that you're enjoying Shopee, Shahrul Nizam! If you have any suggestions or if there's anything specific you love about the app, feel free to let us know. If you need assistance, feel free to contact us via your Shopee App through Me > Help Centre and choose between Chat or Free Internet Call.",2026-07-24T11:17:45
Shopee 8.8 Merdeka Sale,com.shopee.my,Shopping,a6e04c55-58ac-4e62-81d3-e7a3e6b94e5c,Frodt Flavin,1,,too much ads can make all people uncomfortable about that and stop make fake x skip ads button.,0,,2026-07-24T10:22:21,"We're sorry to hear about this review, Frodt Flavin. 😢 We would like to understand more about the issues you've encountered. Could you please provide additional details or contact our support team? You can access via your Shopee App through Me > Help Centre and choose between Chat or Free Internet Call.",2026-07-24T11:19:23
Shopee 8.8 Merdeka Sale,com.shopee.my,Shopping,a891fd71-d90c-4e7e-9d67-7879f692b261,Mohammad Hanif,5,,nice app good,0,,2026-07-24T10:21:52,"We're happy to hear that you're enjoying Shopee, Mohammad Hanif! If you have any suggestions or if there's anything specific you love about the app, feel free to let us know. If you need assistance, feel free to contact us via your Shopee App through Me > Help Centre and choose between Chat or Free Internet Call.",2026-07-24T11:18:31
Shopee 8.8 Merdeka Sale,com.shopee.my,Shopping,0e037b9b-236a-45ae-9776-899031101c0a,PeiKeon Woon (温旆君),5,,2020.7.24: 5 star. 👍🏻💖 2023.2.12: Minus 2 stars from 5 as it crashed too many times lately.,1,3.75.23,2026-07-24T09:17:02,"Hi there,

We hear you and would want to make things right. We’re always ready to help via:

- Hotline number at +603 2777 9222
- Live Chat via Shopee app
- Email us at help@support.shopee.com.my

Looking forward to serving you better! 🧡",2023-02-13T00:36:09
Shopee 8.8 Merdeka Sale,com.shopee.my,Shopping,cc86c86b-75d0-424c-b317-268c232344c5,Hadi RWTP,1,,wallet problem,0,3.78.28,2026-07-24T08:47:44,"We're sorry to hear about this review, Hadi RWTP. 😢 We would like to understand more about the issues you've encountered. Could you please provide additional details or contact our support team? You can access via your Shopee App through Me > Help Centre and choose between Chat or Free Internet Call.",2026-07-24T10:16:17
Shopee 8.8 Merdeka Sale,com.shopee.my,Shopping,74f8c3dd-5e4b-4101-997c-c434cd878d92,Ancens Beta,1,,bodoh lah mcm ambil sea shipping ja apa benda 2-3 hari tpi proses airport pun belum,0,,2026-07-24T08:43:27,"Kami kesal mendengar ulasan ini, Ancens Beta. 😢 Kami ingin menyelesaikan masalah ini dan membantu anda dengan selanjutnya.
Sila hubungi kami dan berikan kami informasi lanjut supaya kami boleh membantu anda melalui Aplikasi Shopee dan klik ""Saya"" > ""Pusat Bantuan"" dan pilih antara Chat ataupun Panggilan Internet.",2026-07-24T10:14:50
Shopee 8.8 Merdeka Sale,com.shopee.my,Shopping,c43d57b0-422f-4625-974e-a17a7a0bc2be,Zeru,5,,"For Malaysia, this is the best shopping app. Period.",0,3.78.28,2026-07-24T08:18:09,"We're happy to hear that you're enjoying Shopee, Zeru! If you have any suggestions or if there's anything specific you love about the app, feel free to let us know. If you need assistance, feel free to contact us via your Shopee App through Me > Help Centre and choose between Chat or Free Internet Call.",2026-07-24T08:44:38
Shopee 8.8 Merdeka Sale,com.shopee.my,Shopping,5c0ede18-2a78-47b1-bfab-277e0d21b6b1,Natasha Hassan,5,,"easy to look at goods and equipment for housewives,",0,3.78.28,2026-07-24T07:53:49,"We're happy to hear that you're enjoying Shopee, Natasha Hassan! If you have any suggestions or if there's anything specific you love about the app, feel free to let us know. If you need assistance, feel free to contact us via your Shopee App through Me > Help Centre and choose between Chat or Free Internet Call.",2026-07-24T08:55:22
Shopee 8.8 Merdeka Sale,com.shopee.my,Shopping,d3d8de25-3f1d-4acb-af1b-28509a23e905,albert cheong,5,,Wonderful shopping here. Always a fantastic Guarantee that i will get my fair deal as we can always request for a Full Refund!,0,,2026-07-24T07:41:20,"We're happy to hear that you're enjoying Shopee, albert cheong! If you have any suggestions or if there's anything specific you love about the app, feel free to let us know. If you need assistance, feel free to contact us via your Shopee App through Me > Help Centre and choose between Chat or Free Internet Call.",2026-06-10T14:45:39
Shopee 8.8 Merdeka Sale,com.shopee.my,Shopping,1c41c2ed-55d5-4fba-8fb3-02181a37edd5,acik_mem,5,,pembelian yg sangat menyenang kan...,0,3.77.25,2026-07-24T07:30:55,"Kami gembira mendengar ulasan ini acik_mem ! Maklum balas positif memberi motivasi untuk kami terus memberikan anda pengalaman terbaik.
Jika anda mempunyai sebarang cadangan atau pandangan, sila hubungi kami melalui Aplikasi Shopee dan klik ""Saya"" > ""Pusat Bantuan"" dan pilih antara Chat atau Panggilan Internet.",2026-07-24T08:52:15
Shopee 8.8 Merdeka Sale,com.shopee.my,Shopping,3c9c8cdb-d4da-4d6b-a154-fed994f95c16,globing dacco,5,,Excellent!,0,3.78.28,2026-07-24T07:09:43,"We're happy to hear that you're enjoying Shopee, globing dacco! If you have any suggestions or if there's anything specific you love about the app, feel free to let us know. If you need assistance, feel free to contact us via your Shopee App through Me > Help Centre and choose between Chat or Free Internet Call.",2026-07-24T08:53:49
Shopee 8.8 Merdeka Sale,com.shopee.my,Shopping,1023ee28-0fc9-4b51-b236-b92baf0b86dd,Aisha Al-amari,5,,Good,0,3.78.28,2026-07-24T07:03:12,"We're happy to hear that you're enjoying Shopee, Aisha Al-amari! If you have any suggestions or if there's anything specific you love about the app, feel free to let us know. If you need assistance, feel free to contact us via your Shopee App through Me > Help Centre and choose between Chat or Free Internet Call.",2026-07-24T08:55:02
Shopee 8.8 Merdeka Sale,com.shopee.my,Shopping,46f0b318-fc5c-4063-86b3-033faa6bcc7f,RasulQairi,5,,👍,0,3.77.25,2026-07-24T05:50:23,"We're happy to hear that you're enjoying Shopee, RasulQairi! If you have any suggestions or if there's anything specific you love about the app, feel free to let us know. If you need assistance, feel free to contact us via your Shopee App through Me > Help Centre and choose between Chat or Free Internet Call.",2026-07-24T08:53:14
Shopee 8.8 Merdeka Sale,com.shopee.my,Shopping,2553eca2-75b4-4faa-8ca0-3b8c05affb7b,Narasimma Rao,3,,Can't use any vouchers... If you make it to people can't use then why you give us vouchers you better not give it?,1,3.78.28,2026-07-24T00:43:11,"We're sorry to hear about this review, Narasimma Rao. 😢 We would like to understand more about the issues you've encountered. Could you please provide additional details or contact our support team? You can access via your Shopee App through Me > Help Centre and choose between Chat or Free Internet Call.",2026-07-24T02:21:13
Shopee 8.8 Merdeka Sale,com.shopee.my,Shopping,40c43431-a978-4322-91ba-9c3d5a80d2e3,Syain Syafea,4,,"bagus tapi slalu sgt masuk apps ni sendiri, padahal tak tekan apa² pun. boleh buat sakit hati kalau jadi banyak kali.",0,3.79.23,2026-07-24T00:07:49,"Kami kesal mendengar ulasan ini, Syain Syafea. 😢 Kami ingin menyelesaikan masalah ini dan membantu anda dengan selanjutnya.
Sila hubungi kami dan berikan kami informasi lanjut supaya kami boleh membantu anda melalui Aplikasi Shopee dan klik ""Saya"" > ""Pusat Bantuan"" dan pilih antara Chat ataupun Panggilan Internet.",2026-07-24T00:33:30
Shopee 8.8 Merdeka Sale,com.shopee.my,Shopping,db3dcf3b-5f09-4a4e-b5e3-f46eda837f40,Jennie,1,,"Very disappointing ShopeeFood service. I provided clear evidence that my order was delivered to the wrong location. The delivery photo obviously wasn't my house, yet my refund was still declined without any proper explanation. I even saw the refund was being processed, so I compensated the rider first. Thankfully, the rider was honest and personally paid me back. I really appreciate him, but ShopeeFood seriously needs to improve its refund investigation process and customer service!",2,3.78.28,2026-07-23T23:15:57,"We're sorry to hear about this review, Gcj.  We would like to understand more about the issues you've encountered. Could you please provide additional details or contact our support team? You can access via your Shopee App through Me > Help Centre and choose between Chat or Free Internet Call.",2024-10-16T13:36:59
Shopee 8.8 Merdeka Sale,com.shopee.my,Shopping,d4424a1d-7453-4f9a-a6ae-07ab1e5b6024,Universal_Character Universal_Character,5,,best apps.terbaik besttt,0,,2026-07-23T23:06:23,"We're happy to hear that you're enjoying Shopee, Universal_Character Universal_Character! If you have any suggestions or if there's anything specific you love about the app, feel free to let us know. If you need assistance, feel free to contact us via your Shopee App through Me > Help Centre and choose between Chat or Free Internet Call.",2026-07-23T23:34:04
Shopee 8.8 Merdeka Sale,com.shopee.my,Shopping,baaeb667-f3c7-48dd-aa91-fe8dc439a93a,Mudah Cemerlang,5,,best,0,3.78.28,2026-07-23T23:01:44,"We're happy to hear that you're enjoying Shopee, Mudah Cemerlang! If you have any suggestions or if there's anything specific you love about the app, feel free to let us know. If you need assistance, feel free to contact us via your Shopee App through Me > Help Centre and choose between Chat or Free Internet Call.",2026-07-23T23:50:02
Shopee 8.8 Merdeka Sale,com.shopee.my,Shopping,82044d2d-14d7-49a2-bf90-6ce3b1ba2620,Mark Singh,5,,great choice for shopping,0,,2026-07-23T22:34:35,"We're happy to hear that you're enjoying Shopee, Mark Singh! If you have any suggestions or if there's anything specific you love about the app, feel free to let us know. If you need assistance, feel free to contact us via your Shopee App through Me > Help Centre and choose between Chat or Free Internet Call.",2026-07-23T23:31:48
Shopee 8.8 Merdeka Sale,com.shopee.my,Shopping,040816b3-5548-4722-bd96-06a53d4645d5,muhd syamil,1,,bad,0,3.77.25,2026-07-23T21:29:24,"We're sorry to hear about this review, muhd syamil. 😢 We would like to understand more about the issues you've encountered. Could you please provide additional details or contact our support team? You can access via your Shopee App through Me > Help Centre and choose between Chat or Free Internet Call.",2026-07-23T21:33:41
Shopee 8.8 Merdeka Sale,com.shopee.my,Shopping,6e99ccff-60b8-4a34-aa68-3e918a3a551b,Razu Yadav,5,,well,0,3.78.28,2026-07-23T21:16:54,"Thank you for rating us Razu Yadav !
If you need assistance in the future, feel free to contact us via your Shopee App through Me > Help Centre and choose between Chat or Internet Call.",2026-07-23T21:36:33
Shopee 8.8 Merdeka Sale,com.shopee.my,Shopping,b9181bf4-8f27-4029-b1cd-3c55315d5453,Iqbal Mazhar,5,,I like to much shopeee,0,3.78.28,2026-07-23T21:09:27,"We're happy to hear that you're enjoying Shopee, Iqbal Mazhar! If you have any suggestions or if there's anything specific you love about the app, feel free to let us know. If you need assistance, feel free to contact us via your Shopee App through Me > Help Centre and choose between Chat or Free Internet Call.",2026-07-23T21:44:23
Shopee 8.8 Merdeka Sale,com.shopee.my,Shopping,405015e4-43af-44bf-bed9-344e84e34e78,jaypeeevanez litak,1,,"Dulu memang suka shopee.15 tahun dh guna shopee. Tapi selepas spx ambil alih sbg courier sangat teruk. Barang hilang, ada yg dikembalikkan sebelum sampai alamat. Bukan sekali tapi banyak kali. Especially SPX sandakan. Rosak perbiagaan org. Bye2 shopee.",0,3.78.28,2026-07-23T20:41:57,"Kami kesal mendengar ulasan ini, jaypeeevanez litak. 😢 Kami ingin menyelesaikan masalah ini dan membantu anda dengan selanjutnya.
Sila hubungi kami dan berikan kami informasi lanjut supaya kami boleh membantu anda melalui Aplikasi Shopee dan klik ""Saya"" > ""Pusat Bantuan"" dan pilih antara Chat ataupun Panggilan Internet.",2026-07-23T21:33:18
Shopee 8.8 Merdeka Sale,com.shopee.my,Shopping,2e97d183-6ea2-495d-8a14-597be5f8c5ed,Whona Ze,1,,too much ads and it's literally everywhere!,0,,2026-07-23T20:17:50,"We're sorry to hear about this review, Whona Ze. 😢 We would like to understand more about the issues you've encountered. Could you please provide additional details or contact our support team? You can access via your Shopee App through Me > Help Centre and choose between Chat or Free Internet Call.",2026-07-23T21:45:53
Shopee 8.8 Merdeka Sale,com.shopee.my,Shopping,e8b71e86-1de2-47b3-aac3-6942ac2431d3,Afnan Zaini,1,,"I hate when opening the app, it directs you to video shorts. Its distracting. Give us the option to disable it!",0,3.77.25,2026-07-23T19:47:51,"We're sorry to hear about this review, Afnan Zaini. 😢 We would like to understand more about the issues you've encountered. Could you please provide additional details or contact our support team? You can access via your Shopee App through Me > Help Centre and choose between Chat or Free Internet Call.",2026-07-23T20:40:53
Shopee 8.8 Merdeka Sale,com.shopee.my,Shopping,de01110d-da07-44bd-999f-407429fba931,Ernathy Jounis,5,,good,0,3.78.28,2026-07-23T19:43:58,"We're happy to hear that you're enjoying Shopee, Ernathy Jounis! If you have any suggestions or if there's anything specific you love about the app, feel free to let us know. If you need assistance, feel free to contact us via your Shopee App through Me > Help Centre and choose between Chat or Free Internet Call.",2026-07-23T20:39:57
Shopee 8.8 Merdeka Sale,com.shopee.my,Shopping,f798d76b-2868-406a-ac6a-7da2234964fa,MUHAMMAD HAKIMI,5,,"""User-friendly app with many product choices and attractive promotions. The ordering process is quick and simple.""",0,3.76.27,2026-07-23T19:42:10,"We're happy to hear that you're enjoying Shopee, MUHAMMAD HAKIMI! If you have any suggestions or if there's anything specific you love about the app, feel free to let us know. If you need assistance, feel free to contact us via your Shopee App through Me > Help Centre and choose between Chat or Free Internet Call.",2026-07-23T21:04:26
Shopee 8.8 Merdeka Sale,com.shopee.my,Shopping,fda58276-1cf5-4bff-8d15-12b5fdf413fb,Akmal Abdullah,5,,i loike,0,,2026-07-23T19:11:34,"Thank you for rating us Akmal Abdullah !
If you need assistance in the future, feel free to contact us via your Shopee App through Me > Help Centre and choose between Chat or Internet Call.",2026-07-23T20:05:30
Shopee 8.8 Merdeka Sale,com.shopee.my,Shopping,6db4768b-721e-4fe1-af14-2f8a4af11225,Jutawan Kedz,5,,Ini app saya suka,0,3.78.28,2026-07-23T18:43:26,"Kami gembira mendengar ulasan ini Jutawan Kedz ! Maklum balas positif memberi motivasi untuk kami terus memberikan anda pengalaman terbaik.
Jika anda mempunyai sebarang cadangan atau pandangan, sila hubungi kami melalui Aplikasi Shopee dan klik ""Saya"" > ""Pusat Bantuan"" dan pilih antara Chat atau Panggilan Internet.",2026-07-23T20:04:26
Shopee 8.8 Merdeka Sale,com.shopee.my,Shopping,ce79da20-c6bb-43fd-98fa-926875ec76b7,Daniel Appai,5,,ok la,0,3.78.28,2026-07-23T18:41:10,"Kami gembira mendengar ulasan ini Daniel Appai ! Maklum balas positif memberi motivasi untuk kami terus memberikan anda pengalaman terbaik.
Jika anda mempunyai sebarang cadangan atau pandangan, sila hubungi kami melalui Aplikasi Shopee dan klik ""Saya"" > ""Pusat Bantuan"" dan pilih antara Chat atau Panggilan Internet.",2026-07-23T20:04:04
Shopee 8.8 Merdeka Sale,com.shopee.my,Shopping,cd222856-6175-422c-b600-6c849c6924dc,Md Zailani,5,,Happy,0,3.78.28,2026-07-23T18:08:15,"Hi,

Greetings from Shopee! :)

Your awesome review made our day! :D

Stay tuned for greater deals soon :)
",2022-11-29T13:38:32
Shopee 8.8 Merdeka Sale,com.shopee.my,Shopping,bae1cf44-c579-4baf-8592-cc88cef3487f,Siti CHia,5,,What i want i need i wish all i can get from shopee!!!Love,0,3.78.28,2026-07-23T17:39:19,"We're happy to hear that you're enjoying Shopee, Siti CHia! If you have any suggestions or if there's anything specific you love about the app, feel free to let us know. If you need assistance, feel free to contact us via your Shopee App through Me > Help Centre and choose between Chat or Free Internet Call.",2026-07-23T18:48:37
Shopee 8.8 Merdeka Sale,com.shopee.my,Shopping,382a7a2c-61bc-47e2-8fd6-d726f6ac0df8,Abdul aziz Jamal,5,,good,0,3.77.25,2026-07-23T17:36:01,"We're happy to hear that you're enjoying Shopee, Abdul aziz Jamal! If you have any suggestions or if there's anything specific you love about the app, feel free to let us know. If you need assistance, feel free to contact us via your Shopee App through Me > Help Centre and choose between Chat or Free Internet Call.",2026-07-23T18:53:13
Shopee 8.8 Merdeka Sale,com.shopee.my,Shopping,28cc45f4-1bdd-4475-bd05-8fd59cc6f454,KC Ng,4,,"The app does its job of promoting products. However, there is no ""Search Function"" in the Grocery Store page. It would be better to incorporate a ""Search"" button on this page without having to scroll through all the pages and ultimately unable to find the products I want to purchase. Kindly look into this request. Tq",1,3.78.28,2026-07-23T17:35:21,"We're happy to hear that you're enjoying Shopee, KC Ng! If you have any suggestions or if there's anything specific you love about the app, feel free to let us know. If you need assistance, feel free to contact us via your Shopee App through Me > Help Centre and choose between Chat or Free Internet Call.",2026-07-23T19:21:03
Shopee 8.8 Merdeka Sale,com.shopee.my,Shopping,8cab7b07-4977-496d-92f8-d111f67e152c,Gorge Soros,1,,"After spending a lot on the platform. All my platform vouchers gone. I also was denied to use my shopee vip subscription. After complaining, the same reason I got from all agents. My activities was suspected not inclined with shopee policy. But they didn't want to state clearly which activity. The reason is due to privacy. It looks like I was punished without reasons. I suspect it is because I use a lot of vouchers. Is it wrong to use vouchers given from shopee? If it's was wrong why you give?",1,3.78.28,2026-07-23T17:07:06,"We're sorry to hear about this review, Gorge Soros. 😢 We would like to understand more about the issues you've encountered. Could you please provide additional details or contact our support team? You can access via your Shopee App through Me > Help Centre and choose between Chat or Free Internet Call.",2026-07-23T18:55:09
Shopee 8.8 Merdeka Sale,com.shopee.my,Shopping,94367ef3-7cc7-4c44-af07-8337c0690123,Ravi Kant Pandit,5,,is good shopping app I think but have check rating and sold numbers before buying things,0,3.79.23,2026-07-23T17:04:42,"We're happy to hear that you're enjoying Shopee, Ravi Kant Pandit! If you have any suggestions or if there's anything specific you love about the app, feel free to let us know. If you need assistance, feel free to contact us via your Shopee App through Me > Help Centre and choose between Chat or Free Internet Call.",2026-07-23T18:54:44
Shopee 8.8 Merdeka Sale,com.shopee.my,Shopping,e68dda55-b939-42f8-ba09-756ede8a49a5,MOHD SYUKRI,5,,Woww,0,3.78.28,2026-07-23T16:59:06,"We're happy to hear that you're enjoying Shopee, MOHD SYUKRI! If you have any suggestions or if there's anything specific you love about the app, feel free to let us know. If you need assistance, feel free to contact us via your Shopee App through Me > Help Centre and choose between Chat or Free Internet Call.",2026-07-23T18:54:27
Shopee 8.8 Merdeka Sale,com.shopee.my,Shopping,c0a627da-746a-4814-83b0-765194654c5c,Alia Muzik Cover,5,,Nice platform,0,,2026-07-23T16:35:39,"We're happy to hear that you're enjoying Shopee, Alia Muzik Cover! If you have any suggestions or if there's anything specific you love about the app, feel free to let us know. If you need assistance, feel free to contact us via your Shopee App through Me > Help Centre and choose between Chat or Free Internet Call.",2026-07-23T18:53:49
Shopee 8.8 Merdeka Sale,com.shopee.my,Shopping,535524b1-7c5b-45a4-b43f-e378fe897662,L24 Yana,5,,good,0,3.77.25,2026-07-23T16:34:40,"We're happy to hear that you're enjoying Shopee, L24 Yana! If you have any suggestions or if there's anything specific you love about the app, feel free to let us know. If you need assistance, feel free to contact us via your Shopee App through Me > Help Centre and choose between Chat or Free Internet Call.",2026-07-23T18:53:32
Shopee 8.8 Merdeka Sale,com.shopee.my,Shopping,f4b8e68f-63b3-40c9-97e9-ba5929aebbde,Yehya,5,,"trusted app, makes life easier",0,3.78.28,2026-07-23T16:10:44,"We're happy to hear that you're enjoying Shopee, Yehya! If you have any suggestions or if there's anything specific you love about the app, feel free to let us know. If you need assistance, feel free to contact us via your Shopee App through Me > Help Centre and choose between Chat or Free Internet Call.",2026-07-23T16:44:11
Shopee 8.8 Merdeka Sale,com.shopee.my,Shopping,cf4d42aa-565e-47f5-9984-eaf8a9fc0e83,Rudiansyah R_D,5,,terbaik,0,3.78.28,2026-07-23T15:39:54,"Kami gembira mendengar ulasan ini Rudiansyah R_D ! Maklum balas positif memberi motivasi untuk kami terus memberikan anda pengalaman terbaik.
Jika anda mempunyai sebarang cadangan atau pandangan, sila hubungi kami melalui Aplikasi Shopee dan klik ""Saya"" > ""Pusat Bantuan"" dan pilih antara Chat atau Panggilan Internet.",2026-07-23T16:44:26
Shopee 8.8 Merdeka Sale,com.shopee.my,Shopping,72db9677-a933-4877-9251-8de4f4837b57,Adrian Chai,5,,Great!,0,,2026-07-23T15:28:54,"We're happy to hear that you're enjoying Shopee, Adrian Chai! If you have any suggestions or if there's anything specific you love about the app, feel free to let us know. If you need assistance, feel free to contact us via your Shopee App through Me > Help Centre and choose between Chat or Free Internet Call.",2026-07-23T15:52:43
Shopee 8.8 Merdeka Sale,com.shopee.my,Shopping,8d710c7e-7606-45c7-97f8-5a9cfb2ab29f,sitisalwa,5,,"I like this app for shopping because there are many offers and rewards given, and there is even free shipping, I really recommend",0,3.78.28,2026-07-23T15:25:42,"We're happy to hear that you're enjoying Shopee, sitisalwa! If you have any suggestions or if there's anything specific you love about the app, feel free to let us know. If you need assistance, feel free to contact us via your Shopee App through Me > Help Centre and choose between Chat or Free Internet Call.",2026-07-23T15:52:27
Shopee 8.8 Merdeka Sale,com.shopee.my,Shopping,fc64b6e6-426b-4dcf-979b-7b8c70014efe,Alan Lok,1,,the app forces my landing page to the video screen and doesn't give me an option to change that. will leave this as a 1 star until they include an option for that.,0,3.78.28,2026-07-23T15:23:26,"We're sorry to hear about this review, Alan Lok. 😢 We would like to understand more about the issues you've encountered. Could you please provide additional details or contact our support team? You can access via your Shopee App through Me > Help Centre and choose between Chat or Free Internet Call.",2026-07-23T15:52:13
Shopee 8.8 Merdeka Sale,com.shopee.my,Shopping,00154933-8c73-4861-9965-faecd7bd1a1d,jusrry jaapar,5,,Not a good platform to purchase things. I have a bad experience shopping here. Try to avoid it if you can. I had bought quite a few products those are low quality and fake products.,0,3.78.28,2026-07-23T14:55:46,"We're sorry to hear about this review, jusrry jaapar. 😢 We would like to understand more about the issues you've encountered. Could you please provide additional details or contact our support team? You can access via your Shopee App through Me > Help Centre and choose between Chat or Free Internet Call.",2026-07-23T15:51:39
Shopee 8.8 Merdeka Sale,com.shopee.my,Shopping,f91214d4-1d10-41d3-bc95-5cb03d10da37,Wanfaizul,5,,aplikasi yang baik sekali ini mantap aplikasi aplikasi bye bye bye bye bye bye punya,0,3.78.28,2026-07-23T14:45:15,"Kami gembira mendengar ulasan ini Wanfaizul ! Maklum balas positif memberi motivasi untuk kami terus memberikan anda pengalaman terbaik.
Jika anda mempunyai sebarang cadangan atau pandangan, sila hubungi kami melalui Aplikasi Shopee dan klik ""Saya"" > ""Pusat Bantuan"" dan pilih antara Chat atau Panggilan Internet.",2026-07-23T15:51:21
Shopee 8.8 Merdeka Sale,com.shopee.my,Shopping,1c78a8dc-42cd-4556-8c81-7852003ae5d9,XJ Chou (KUAN),1,,"home page keep showing repetitive products that I already searched for, leading to home page never show me new things that I might be interested. ai photos and videos of misleading product functions and features, false advertisement almost everywhere. way to abuse ai so greatly that is sickening and disgusting.",6,3.79.23,2026-07-23T14:19:02,"We're sorry to hear about this review, XJ Chou (KUAN). 😢 We would like to understand more about the issues you've encountered. Could you please provide additional details or contact our support team? You can access via your Shopee App through Me > Help Centre and choose between Chat or Free Internet Call.",2025-02-22T02:36:48
Shopee 8.8 Merdeka Sale,com.shopee.my,Shopping,dcf2de46-b4a1-4f3e-8f38-4442e0c43c47,Parimala Muniandy,5,,very good,0,3.78.28,2026-07-23T14:04:14,"We're happy to hear that you're enjoying Shopee, Parimala Muniandy! If you have any suggestions or if there's anything specific you love about the app, feel free to let us know. If you need assistance, feel free to contact us via your Shopee App through Me > Help Centre and choose between Chat or Free Internet Call.",2026-07-23T14:41:35
Shopee 8.8 Merdeka Sale,com.shopee.my,Shopping,5024a240-d029-4ec1-a3bf-9c41ca9696db,Qwerty,1,,bad,0,3.77.25,2026-07-23T13:57:59,"We're sorry to hear about this review, Qwerty. 😢 We would like to understand more about the issues you've encountered. Could you please provide additional details or contact our support team? You can access via your Shopee App through Me > Help Centre and choose between Chat or Free Internet Call.",2026-07-23T14:32:20
Shopee 8.8 Merdeka Sale,com.shopee.my,Shopping,27f14f8e-e285-4ce7-a1da-af16dcb09048,sheuefang lim,5,,great,0,3.78.28,2026-07-23T13:49:13,"We're happy to hear that you're enjoying Shopee, sheuefang lim! If you have any suggestions or if there's anything specific you love about the app, feel free to let us know. If you need assistance, feel free to contact us via your Shopee App through Me > Help Centre and choose between Chat or Free Internet Call.",2026-07-23T14:41:15
Shopee 8.8 Merdeka Sale,com.shopee.my,Shopping,3fcb79dc-c65a-4e88-8f9a-11747273eada,Mohd aznor alhaffis Mohd azlan,5,,mantap,0,3.78.28,2026-07-23T13:20:36,"Kami gembira mendengar ulasan ini Mohd aznor alhaffis Mohd azlan ! Maklum balas positif memberi motivasi untuk kami terus memberikan anda pengalaman terbaik.
Jika anda mempunyai sebarang cadangan atau pandangan, sila hubungi kami melalui Aplikasi Shopee dan klik ""Saya"" > ""Pusat Bantuan"" dan pilih antara Chat atau Panggilan Internet.",2026-07-23T13:56:39
Shopee 8.8 Merdeka Sale,com.shopee.my,Shopping,65cbd0f3-6a92-4d24-8ceb-7f3f7ffa0895,Suleiman 6111,5,,so good and easy,0,3.78.28,2026-07-23T13:11:14,"We're happy to hear that you're enjoying Shopee, Suleiman 6111! If you have any suggestions or if there's anything specific you love about the app, feel free to let us know. If you need assistance, feel free to contact us via your Shopee App through Me > Help Centre and choose between Chat or Free Internet Call.",2026-07-23T13:54:57
Shopee 8.8 Merdeka Sale,com.shopee.my,Shopping,11acb583-8a86-40ab-8199-af5dd87d987f,Sofy Hairunnisa,5,,Penghantaran barang yg lekas dan pantas dng harga tiap2 barang pembelian sangat murah dan berpatutan Tahniah,0,3.78.28,2026-07-23T12:49:01,"Kami gembira mendengar ulasan ini Sofy Hairunnisa ! Maklum balas positif memberi motivasi untuk kami terus memberikan anda pengalaman terbaik.
Jika anda mempunyai sebarang cadangan atau pandangan, sila hubungi kami melalui Aplikasi Shopee dan klik ""Saya"" > ""Pusat Bantuan"" dan pilih antara Chat atau Panggilan Internet.",2026-07-23T14:01:19
Shopee 8.8 Merdeka Sale,com.shopee.my,Shopping,d9c85292-8f30-4229-9112-6ffe7a987a00,Adams Maris,5,,bagus,0,3.78.28,2026-07-23T12:47:38,"Kami gembira mendengar ulasan ini Adams Maris ! Maklum balas positif memberi motivasi untuk kami terus memberikan anda pengalaman terbaik.
Jika anda mempunyai sebarang cadangan atau pandangan, sila hubungi kami melalui Aplikasi Shopee dan klik ""Saya"" > ""Pusat Bantuan"" dan pilih antara Chat atau Panggilan Internet.",2026-07-23T14:01:47
Shopee 8.8 Merdeka Sale,com.shopee.my,Shopping,facdade0-f634-4566-9e30-51317c948ede,Maama Eyna,5,,terbaik,0,3.78.28,2026-07-23T12:44:57,"Kami gembira mendengar ulasan ini Maama Eyna ! Maklum balas positif memberi motivasi untuk kami terus memberikan anda pengalaman terbaik.
Jika anda mempunyai sebarang cadangan atau pandangan, sila hubungi kami melalui Aplikasi Shopee dan klik ""Saya"" > ""Pusat Bantuan"" dan pilih antara Chat atau Panggilan Internet.",2026-07-23T14:02:16
Shopee 8.8 Merdeka Sale,com.shopee.my,Shopping,0b1ac65e-c059-40d9-b105-adc610398195,Ruby Wahab,5,,best offer ever,0,3.78.28,2026-07-23T12:43:56,"We're happy to hear that you're enjoying Shopee, Ruby Wahab! If you have any suggestions or if there's anything specific you love about the app, feel free to let us know. If you need assistance, feel free to contact us via your Shopee App through Me > Help Centre and choose between Chat or Free Internet Call.",2026-07-23T14:03:34
Shopee 8.8 Merdeka Sale,com.shopee.my,Shopping,2a66a6f4-ea6d-43de-8b61-3773a07f2abd,Dhiyyauddeen Zaidi,5,,so far so good items in shopee and SPX much better for the courier service.,0,3.78.28,2026-07-23T12:41:35,"We're happy to hear that you're enjoying Shopee, Dhiyyauddeen Zaidi! If you have any suggestions or if there's anything specific you love about the app, feel free to let us know. If you need assistance, feel free to contact us via your Shopee App through Me > Help Centre and choose between Chat or Free Internet Call.",2026-07-23T14:00:47
Shopee 8.8 Merdeka Sale,com.shopee.my,Shopping,7a8f4e06-259f-41e1-a3f8-4218bda316f1,Kris,1,,I genuinely don't understand how shopee keeps making these insane decisions about their app. Why does the app open to Live instead of Home? Why does clicking on a product open a video instead of the listing? Why is there a floating video on every product I try to look at? Is this a shopping app or a video app? also the sheer amount of counterfeit products listing themselves as official is insane. why is there no verification process,1,,2026-07-23T12:36:54,"We're sorry to hear about this review, Kris. 😢 We would like to understand more about the issues you've encountered. Could you please provide additional details or contact our support team? You can access via your Shopee App through Me > Help Centre and choose between Chat or Free Internet Call.",2026-07-23T13:59:21
Shopee 8.8 Merdeka Sale,com.shopee.my,Shopping,a0479432-cdda-45fe-882c-8a54c239fa51,Waxx Waxx,1,,Tiada makluman berapa lama tempoh spay kena block. Dah call..balik2 call pun tak release lagi.,0,3.78.28,2026-07-23T12:27:52,"Kami kesal mendengar ulasan ini, Waxx Waxx. 😢 Kami ingin menyelesaikan masalah ini dan membantu anda dengan selanjutnya.
Sila hubungi kami dan berikan kami informasi lanjut supaya kami boleh membantu anda melalui Aplikasi Shopee dan klik ""Saya"" > ""Pusat Bantuan"" dan pilih antara Chat ataupun Panggilan Internet.",2025-08-17T19:14:38
Shopee 8.8 Merdeka Sale,com.shopee.my,Shopping,08dcfc89-703e-40a9-bf29-e6363d8f4a4f,Sifou Mer,5,,great,0,3.78.28,2026-07-23T12:15:33,"We're happy to hear that you're enjoying Shopee, Sifou Mer! If you have any suggestions or if there's anything specific you love about the app, feel free to let us know. If you need assistance, feel free to contact us via your Shopee App through Me > Help Centre and choose between Chat or Free Internet Call.",2026-07-23T12:33:51
Shopee 8.8 Merdeka Sale,com.shopee.my,Shopping,89ce749c-7046-464b-ae9f-ea1f46f8031a,Thilla Ling,5,,Convenient Easy Smooth Fast Reliable Affordable Budget-friendly Satisfying Enjoyable Hassle-free User-friendly Efficient Trustworthy Seamless Excellent,0,,2026-07-23T12:08:04,"We're happy to hear that you're enjoying Shopee, Thilla Ling! If you have any suggestions or if there's anything specific you love about the app, feel free to let us know. If you need assistance, feel free to contact us via your Shopee App through Me > Help Centre and choose between Chat or Free Internet Call.",2026-07-23T12:33:37
Shopee 8.8 Merdeka Sale,com.shopee.my,Shopping,e92257eb-3d91-48ed-8c33-37d89692f6f6,Ariff Daniel,5,,"My favourite shopping app, faster delivery",0,3.78.28,2026-07-23T11:41:26,,
Shopee 8.8 Merdeka Sale,com.shopee.my,Shopping,a7a08cba-5f61-4497-9b8d-de69e3930769,Kimmy Kerry,2,,Can you guys make a setting that when open apps are not directed to Live & Video. I don't want to open shoppe and music blasting on my ears.,0,3.77.25,2026-07-23T11:41:18,"We're sorry to hear about this review, Kimmy Kerry. 😢 We would like to understand more about the issues you've encountered. Could you please provide additional details or contact our support team? You can access via your Shopee App through Me > Help Centre and choose between Chat or Free Internet Call.",2026-07-23T12:32:58
Shopee 8.8 Merdeka Sale,com.shopee.my,Shopping,42662f43-c7d3-4106-8f29-45b674acdbce,Adlin A George,5,,Shopee helps and give opportunity for consumers. Extremely enjoy shopee. no body should miss it.,0,,2026-07-23T11:40:46,"We're happy to hear that you're enjoying Shopee, Adlin A George! If you have any suggestions or if there's anything specific you love about the app, feel free to let us know. If you need assistance, feel free to contact us via your Shopee App through Me > Help Centre and choose between Chat or Free Internet Call.",2026-07-23T12:32:30
Shopee 8.8 Merdeka Sale,com.shopee.my,Shopping,012e3bef-76b9-4c6e-ba65-b1eb7c711047,Mohd zamri Noordin,5,,terbaik shopee.. terima kasih,0,3.77.25,2026-07-23T10:55:10,"Terima kasih atas rating ini, Mohd zamri Noordin !
Jika anda mempunyai sebarang cadangan atau pandangan, sila hubungi kami melalui Aplikasi Shopee dan klik ""Saya"" > ""Pusat Bantuan"" dan pilih antara Chat atau Panggilan Internet Percuma.",2026-07-23T12:29:04
Shopee 8.8 Merdeka Sale,com.shopee.my,Shopping,028d2ae5-3002-4dc0-8ca9-f8650ab20fae,Boy Fairus,5,,Shopee Sekarang ni memang menyusahkan aku sungguh... tiba² dtg suis kil apa benda... nak beli barang pun susah nak transfer pun susah nak Topup pun lagi susah... dah buat berkali² dalam setting tak boleh jugak... suka buat bagi Rosak Otak aku... macam² benda lain nak kena buat... tiba² yg ni pulak mslah....,0,3.78.28,2026-07-23T10:49:24,"Kami kesal mendengar ulasan ini, Boy Fairus. 😢 Kami ingin menyelesaikan masalah ini dan membantu anda dengan selanjutnya.
Sila hubungi kami dan berikan kami informasi lanjut supaya kami boleh membantu anda melalui Aplikasi Shopee dan klik ""Saya"" > ""Pusat Bantuan"" dan pilih antara Chat ataupun Panggilan Internet.",2026-07-23T12:30:17
Shopee 8.8 Merdeka Sale,com.shopee.my,Shopping,6ef928d1-c22b-4ab6-80fb-cc77d3950fdc,Life_Stream,5,,easy to use,1,2.84.31,2026-07-23T10:45:04,"Thank you for rating us Life_Stream !
If you need assistance in the future, feel free to contact us via your Shopee App through Me > Help Centre and choose between Chat or Internet Call.",2026-07-23T12:29:20
Shopee 8.8 Merdeka Sale,com.shopee.my,Shopping,e0ca190c-2aa3-4092-a4a1-e650e43dcc67,Nure Yamaguchi,5,,barang ok . penghantaran ke sarawak pon laju,0,3.78.28,2026-07-23T10:41:40,"Terima kasih atas rating ini, Nure Yamaguchi !
Jika anda mempunyai sebarang cadangan atau pandangan, sila hubungi kami melalui Aplikasi Shopee dan klik ""Saya"" > ""Pusat Bantuan"" dan pilih antara Chat atau Panggilan Internet Percuma.",2026-07-23T12:29:45
Shopee 8.8 Merdeka Sale,com.shopee.my,Shopping,abd55dc0-7908-4095-9dcb-c881b76ff3d6,Nizam Nasir,5,,Good and good service,0,3.78.28,2026-07-23T10:31:09,"Thank you for rating us Nizam Nasir !
If you need assistance in the future, feel free to contact us via your Shopee App through Me > Help Centre and choose between Chat or Internet Call.",2026-07-23T12:28:49
Shopee 8.8 Merdeka Sale,com.shopee.my,Shopping,84d80d53-2c21-4611-9555-b183010e4507,Yan Min,4,,goodjob,0,3.77.25,2026-07-23T10:15:36,"We're happy to hear that you're enjoying Shopee, Yan Min! If you have any suggestions or if there's anything specific you love about the app, feel free to let us know. If you need assistance, feel free to contact us via your Shopee App through Me > Help Centre and choose between Chat or Free Internet Call.",2026-07-23T10:37:58
Shopee 8.8 Merdeka Sale,com.shopee.my,Shopping,a4fd9467-fabe-420c-9bcc-e181338d38aa,MintyChoco,2,,"Shopping online okay, but getting the free coins is getting harder than before🙂‍↔️ Wym just want to check in the video to get the coins need to watch for 10 minutes? ridiculous😂",0,3.77.25,2026-07-23T08:34:41,"We're sorry to hear about this review, MintyChoco. 😢 We would like to understand more about the issues you've encountered. Could you please provide additional details or contact our support team? You can access via your Shopee App through Me > Help Centre and choose between Chat or Free Internet Call.",2026-07-23T10:38:22
Shopee 8.8 Merdeka Sale,com.shopee.my,Shopping,063f8468-29d2-43fd-8203-4178e7872f58,khoo kuan yih,5,,good cheap fast,0,3.78.28,2026-07-23T08:16:47,"We're happy to hear that you're enjoying Shopee, khoo kuan yih! If you have any suggestions or if there's anything specific you love about the app, feel free to let us know. If you need assistance, feel free to contact us via your Shopee App through Me > Help Centre and choose between Chat or Free Internet Call.",2026-07-23T09:11:01
Shopee 8.8 Merdeka Sale,com.shopee.my,Shopping,d91b77d1-5a44-4b79-a623-8e349b780f5d,Mohammad Asri Ali,5,,Great,0,3.79.23,2026-07-23T06:57:20,"We're happy to hear that you're enjoying Shopee, Mohammad Asri Ali! If you have any suggestions or if there's anything specific you love about the app, feel free to let us know. If you need assistance, feel free to contact us via your Shopee App through Me > Help Centre and choose between Chat or Free Internet Call.",2026-07-23T09:11:45
Shopee 8.8 Merdeka Sale,com.shopee.my,Shopping,91779738-2bba-4e2b-8281-880f4b7e85f6,Muhammad Shukri,1,,my shoppe pay later has frozen untill now.. i already settle the bill since 2years ago,0,3.78.28,2026-07-23T06:52:34,"We're sorry to hear about this review, Muhammad Shukri. 😢 We would like to understand more about the issues you've encountered. Could you please provide additional details or contact our support team? You can access via your Shopee App through Me > Help Centre and choose between Chat or Free Internet Call.",2026-07-23T09:13:19
Shopee 8.8 Merdeka Sale,com.shopee.my,Shopping,ab3ebfe0-a6d2-433d-b1b3-f1f05d4b71f6,Zd Znl,4,,"in general preforming good. but lately autoplay sound is very disturbing. more refinement for efficiency is required.. group search, search in trolley, etc",0,3.78.28,2026-07-23T06:01:39,"Thank you for rating us Zd Znl !
If you need assistance in the future, feel free to contact us via your Shopee App through Me > Help Centre and choose between Chat or Internet Call.",2026-07-23T07:50:28
Shopee 8.8 Merdeka Sale,com.shopee.my,Shopping,8521dcbf-5f4c-46c3-98a1-af26fd7a7d4b,本当 alan,1,,"dari dlu smpai skrg sistem still cam buto mcm made in china pakai tenet laju pon kau sistem mmg down, budk downsyndrom lagi laju la",0,,2026-07-23T05:10:03,"Kami kesal mendengar ulasan ini, 本当 alan. 😢 Kami ingin menyelesaikan masalah ini dan membantu anda dengan selanjutnya.
Sila hubungi kami dan berikan kami informasi lanjut supaya kami boleh membantu anda melalui Aplikasi Shopee dan klik ""Saya"" > ""Pusat Bantuan"" dan pilih antara Chat ataupun Panggilan Internet.",2026-07-23T05:54:37
Shopee 8.8 Merdeka Sale,com.shopee.my,Shopping,103c7b76-be01-425a-8583-8efaf3afd5d8,Marygin Ramos,5,,verry satisfied and good items,0,3.78.28,2026-07-23T05:09:47,"We're happy to hear that you're enjoying Shopee, Marygin Ramos! If you have any suggestions or if there's anything specific you love about the app, feel free to let us know. If you need assistance, feel free to contact us via your Shopee App through Me > Help Centre and choose between Chat or Free Internet Call.",2026-07-23T05:55:43
Shopee 8.8 Merdeka Sale,com.shopee.my,Shopping,f1be5b30-75c9-49b6-a522-e6b4e868eff7,Iman Jebat,5,,Ok,0,3.78.28,2026-07-23T04:53:34,"We're happy to hear that you're enjoying Shopee, Iman Jebat! If you have any suggestions or if there's anything specific you love about the app, feel free to let us know. If you need assistance, feel free to contact us via your Shopee App through Me > Help Centre and choose between Chat or Free Internet Call.",2026-07-23T05:56:06
Shopee 8.8 Merdeka Sale,com.shopee.my,Shopping,5e35fd34-5e78-4d11-8838-c24699aaffa8,kcirtap nikab,5,,banyak kali sudah beli tiada masalah klu ada pun pasti kena refund tq shopee,1,3.78.28,2026-07-23T04:45:49,"Kami gembira mendengar ulasan ini kcirtap nikab ! Maklum balas positif memberi motivasi untuk kami terus memberikan anda pengalaman terbaik.
Jika anda mempunyai sebarang cadangan atau pandangan, sila hubungi kami melalui Aplikasi Shopee dan klik ""Saya"" > ""Pusat Bantuan"" dan pilih antara Chat atau Panggilan Internet.",2026-07-23T05:56:29
Shopee 8.8 Merdeka Sale,com.shopee.my,Shopping,cd96e80c-1a43-41fe-aa99-2e9a52984bf4,Yerly Chong,5,,good,0,3.78.28,2026-07-23T04:33:15,"We're happy to hear that you're enjoying Shopee, Yerly Chong! If you have any suggestions or if there's anything specific you love about the app, feel free to let us know. If you need assistance, feel free to contact us via your Shopee App through Me > Help Centre and choose between Chat or Free Internet Call.",2026-07-23T05:46:39
Shopee 8.8 Merdeka Sale,com.shopee.my,Shopping,13942fea-f862-4b50-b3cc-0a2f87c86ff2,Qwerty 01,2,,"don't get me wrong, it's good to buy cheap products online, The interface is from my experience way way more user friendly compared to let's say Lazada or Taobao for instance. The Shopee coins on the other hand, borderline gambling, house always wind kind of gambling, it's pretty unfair and kinda borderline scams in giving rewards. I could say a lot of things, but I'm reaching the word limit here",0,,2026-07-23T02:36:00,"We're sorry to hear about this review, Qwerty 01. 😢 We would like to understand more about the issues you've encountered. Could you please provide additional details or contact our support team? You can access via your Shopee App through Me > Help Centre and choose between Chat or Free Internet Call.",2026-07-23T03:31:32
Shopee 8.8 Merdeka Sale,com.shopee.my,Shopping,423c2c30-663e-450c-9c84-5aef8ecc7ee4,Syukri Amin,5,,Macam2 ade. antara pandai buat pilihan dari segi kualiti barang & nafsu yg mampu dikawal oleh rambangan mata dari sudut pilihan yg melimpah ruah seluas lautan dalam apps ni.,0,3.78.28,2026-07-22T22:24:56,"Kami gembira mendengar ulasan ini Syukri Amin ! Maklum balas positif memberi motivasi untuk kami terus memberikan anda pengalaman terbaik.
Jika anda mempunyai sebarang cadangan atau pandangan, sila hubungi kami melalui Aplikasi Shopee dan klik ""Saya"" > ""Pusat Bantuan"" dan pilih antara Chat atau Panggilan Internet.",2026-07-22T22:37:32
Shopee 8.8 Merdeka Sale,com.shopee.my,Shopping,b8947cb8-10c6-4c90-9544-a4619bcdb075,Saif,5,,Good vibes,0,,2026-07-22T22:24:47,"We're happy to hear that you're enjoying Shopee, Saif! If you have any suggestions or if there's anything specific you love about the app, feel free to let us know. If you need assistance, feel free to contact us via your Shopee App through Me > Help Centre and choose between Chat or Free Internet Call.",2026-07-22T22:56:44
Shopee 8.8 Merdeka Sale,com.shopee.my,Shopping,5b652166-5e1d-465c-be39-21aa0191288d,mohd faizulr,5,,good,0,3.78.28,2026-07-22T22:13:55,"We're happy to hear that you're enjoying Shopee, mohd faizulr! If you have any suggestions or if there's anything specific you love about the app, feel free to let us know. If you need assistance, feel free to contact us via your Shopee App through Me > Help Centre and choose between Chat or Free Internet Call.",2026-07-22T22:49:51
Shopee 8.8 Merdeka Sale,com.shopee.my,Shopping,6fb3f7f9-656e-4ab0-87f7-d8669b5f28f1,littlek4za,1,,"u put the price divide by 3, divide by 6, user misunderstood on the price before they really click in, humanize anot? just put the full price without dividing please, change the way displaying it, if it can be pay monthly, just out monthly payment available up to 6 month, u think pressing inside boost up the interest? no it just make ppl feel frustrated, please change this marketing trick, holy moly",1,3.78.28,2026-07-22T22:01:06,"We're sorry to hear about this review, littlek4za. 😢 We would like to understand more about the issues you've encountered. Could you please provide additional details or contact our support team? You can access via your Shopee App through Me > Help Centre and choose between Chat or Free Internet Call.",2026-04-05T09:41:48
Shopee 8.8 Merdeka Sale,com.shopee.my,Shopping,373fe67b-d0ed-421b-8c9b-f8da4fb76f91,yasar,3,,"still not update to night mode, in Lazada they give night mode option. I review on 2023 to add night mode features now already 3yrs gone still no night mode option in shopee... please add this feature",0,3.78.28,2026-07-22T21:45:13,"We're sorry to hear about this review, yasar. 😢 We would like to understand more about the issues you've encountered. Could you please provide additional details or contact our support team? You can access via your Shopee App through Me > Help Centre and choose between Chat or Free Internet Call.",2026-07-22T22:36:52
Shopee 8.8 Merdeka Sale,com.shopee.my,Shopping,5bcbdd48-4670-4963-ad9f-a5b98e4ea8f8,MZ ZOOL,5,,good,0,,2026-07-22T21:26:56,"We're happy to hear that you're enjoying Shopee, MZ ZOOL! If you have any suggestions or if there's anything specific you love about the app, feel free to let us know. If you need assistance, feel free to contact us via your Shopee App through Me > Help Centre and choose between Chat or Free Internet Call.",2026-07-22T21:31:52
Shopee 8.8 Merdeka Sale,com.shopee.my,Shopping,4743f414-758e-4883-8b44-5d2cb658b435,Jafrey Mohd Noor,5,,sangat bagus,0,3.78.28,2026-07-22T20:44:40,"Kami gembira mendengar ulasan ini Jafrey Mohd Noor ! Maklum balas positif memberi motivasi untuk kami terus memberikan anda pengalaman terbaik.
Jika anda mempunyai sebarang cadangan atau pandangan, sila hubungi kami melalui Aplikasi Shopee dan klik ""Saya"" > ""Pusat Bantuan"" dan pilih antara Chat atau Panggilan Internet.",2026-07-22T21:38:24
Shopee 8.8 Merdeka Sale,com.shopee.my,Shopping,3ab12e3d-ecb0-4ee4-ba82-3e67aa106768,Techzone KID,5,,Best shopping App in Malaysia. Need I say more?,0,,2026-07-22T20:08:01,"We're happy to hear that you're enjoying Shopee, Techzone KID! If you have any suggestions or if there's anything specific you love about the app, feel free to let us know. If you need assistance, feel free to contact us via your Shopee App through Me > Help Centre and choose between Chat or Free Internet Call.",2026-07-22T20:47:27
Shopee 8.8 Merdeka Sale,com.shopee.my,Shopping,8e461280-98f6-4fc6-b9c9-66cf59fbbc90,Siti kahdizah Yahya,5,,fantastic thanks,0,3.78.27,2026-07-22T19:46:04,"Kami gembira mendengar ulasan ini Siti kahdizah Yahya! Maklum balas positif memberi motivasi untuk kami terus memberikan anda pengalaman terbaik.
Jika anda mempunyai sebarang cadangan atau pandangan, sila hubungi kami melalui Aplikasi Shopee dan klik ""Saya"" > ""Pusat Bantuan"" dan pilih antara Chat, E-mel, atau Panggilan Internet.",2024-09-13T02:32:33
Shopee 8.8 Merdeka Sale,com.shopee.my,Shopping,dd25b309-ddbc-4db8-b31e-27eb57278d04,Aiie,1,,Peliklah.. kalau ada masalah selalu je 'SELESAI' tanpa penyelesaian. Lepastu kenapa barang dari syarikat lain pun dihantar juga. Barang dari scammer pun kenapa boleh masuk juga. Tak fahamlah system shoppe ni.,0,3.78.28,2026-07-22T19:21:51,"Kami kesal mendengar ulasan ini, Aiie. 😢 Kami ingin menyelesaikan masalah ini dan membantu anda dengan selanjutnya.
Sila hubungi kami dan berikan kami informasi lanjut supaya kami boleh membantu anda melalui Aplikasi Shopee dan klik ""Saya"" > ""Pusat Bantuan"" dan pilih antara Chat ataupun Panggilan Internet.",2026-07-22T19:39:14
Shopee 8.8 Merdeka Sale,com.shopee.my,Shopping,42f7de74-4c8c-4742-a636-372f144a539f,nik mohd azhar nik hassan,5,,aplikasi yang bagus dan memudahkan kita untuk membeli keperluan harian,0,,2026-07-22T18:43:11,"Kami gembira mendengar ulasan ini nik mohd azhar nik hassan ! Maklum balas positif memberi motivasi untuk kami terus memberikan anda pengalaman terbaik.
Jika anda mempunyai sebarang cadangan atau pandangan, sila hubungi kami melalui Aplikasi Shopee dan klik ""Saya"" > ""Pusat Bantuan"" dan pilih antara Chat atau Panggilan Internet.",2026-07-22T19:38:25
Shopee 8.8 Merdeka Sale,com.shopee.my,Shopping,209022d9-40c3-4c94-a9a9-7a3bc4d32ce6,0099 NURUL SYAZWANI BINTI GHAZALI,5,,"Shopee is one of the best online shopping platforms. The app is easy to use, products are available in many categories, and the vouchers, discounts, and free shipping offers are very helpful. The ordering process is smooth, delivery is fast, and the customer service is reliable. Highly recommended for anyone who loves online shopping.",0,3.77.25,2026-07-22T18:03:07,"We're happy to hear that you're enjoying Shopee, 0099 NURUL SYAZWANI BINTI GHAZALI! If you have any suggestions or if there's anything specific you love about the app, feel free to let us know. If you need assistance, feel free to contact us via your Shopee App through Me > Help Centre and choose between Chat or Free Internet Call.",2026-07-22T19:26:09
Shopee 8.8 Merdeka Sale,com.shopee.my,Shopping,f12c723d-6611-4ff3-8e4e-408d4619e7a6,HM Loke,1,,"first time using ShopeePay Balance, never informed that there will be 12 hours cooldown. when I try to pay for the product it says error because of cooldown. something I was never informed of. as a result, I not only had to wait, I miss out on a good deal. poor design poor system. Edit: as to their reply here, when I reached out to them they told me to wait, no other option but to wait. also just recently (I know it also happened multiple times), price on page different to checkout.",7,3.78.28,2026-07-22T17:09:22,"We're sorry to hear about this review, HM Loke. 😢 We would like to understand more about the issues you've encountered. Could you please provide additional details or contact our support team? You can access via your Shopee App through Me > Help Centre and choose between Chat or Free Internet Call.",2025-12-10T20:31:07
Shopee 8.8 Merdeka Sale,com.shopee.my,Shopping,5dc6f13e-6478-4186-93e5-f3730319c87e,lanjb76,5,,good services,0,3.78.28,2026-07-22T17:00:40,"We're happy to hear that you're enjoying Shopee, lanjb76! If you have any suggestions or if there's anything specific you love about the app, feel free to let us know. If you need assistance, feel free to contact us via your Shopee App through Me > Help Centre and choose between Chat or Free Internet Call.",2026-07-22T18:04:28
Shopee 8.8 Merdeka Sale,com.shopee.my,Shopping,9b7ed905-0fd7-4baa-911c-e0edf240845c,azra irdina,4,,"bagi 4 bintang sbb X DE TOUCH N GO, OWNER SHOPEE AKU MERAYU YA AMAT II TOLONG TAMBAH TNG E WALLET, TOLONG LAAAA😭",0,3.72.29,2026-07-22T16:55:58,"Kami kesal mendengar ulasan ini, azra irdina. 😢 Kami ingin menyelesaikan masalah ini dan membantu anda dengan selanjutnya.
Sila hubungi kami dan berikan kami informasi lanjut supaya kami boleh membantu anda melalui Aplikasi Shopee dan klik ""Saya"" > ""Pusat Bantuan"" dan pilih antara Chat ataupun Panggilan Internet.",2026-07-22T08:45:51
Shopee 8.8 Merdeka Sale,com.shopee.my,Shopping,269e08f4-5eb1-45ef-8612-b9750ddc25d4,SHAKIR ZUFAYRI BIN ABDUL RAZAK,1,,"please give the old shoppe video coins amount , we need more coins",1,3.78.28,2026-07-22T16:47:58,"We're sorry to hear about this review, SHAKIR ZUFAYRI BIN ABDUL RAZAK. 😢 We would like to understand more about the issues you've encountered. Could you please provide additional details or contact our support team? You can access via your Shopee App through Me > Help Centre and choose between Chat or Free Internet Call.",2026-07-14T01:37:05
Shopee 8.8 Merdeka Sale,com.shopee.my,Shopping,3f5369d7-a816-464a-b957-6ad8e27bc4ff,P A N D A C O M E L,5,,Suka beli dekat shopee sebab harga yang berpatutan..,0,3.78.28,2026-07-22T16:31:31,"Kami gembira mendengar ulasan ini P A N D A C O M E L ! Maklum balas positif memberi motivasi untuk kami terus memberikan anda pengalaman terbaik.
Jika anda mempunyai sebarang cadangan atau pandangan, sila hubungi kami melalui Aplikasi Shopee dan klik ""Saya"" > ""Pusat Bantuan"" dan pilih antara Chat atau Panggilan Internet.",2026-07-22T18:15:20
Shopee 8.8 Merdeka Sale,com.shopee.my,Shopping,a37be37b-9b3f-4cc5-849c-b9003fbc6510,Yin hui Tan,1,,worst experience for refund request.,0,3.78.28,2026-07-22T16:24:03,"We're sorry to hear about this review, Yin hui Tan. 😢 We would like to understand more about the issues you've encountered. Could you please provide additional details or contact our support team? You can access via your Shopee App through Me > Help Centre and choose between Chat or Free Internet Call.",2026-07-22T17:00:34
Shopee 8.8 Merdeka Sale,com.shopee.my,Shopping,962036da-3ce4-469c-b08b-d0a46f9674a4,ADITYA SAHANI,5,,very good,0,3.77.25,2026-07-22T15:45:33,"We're happy to hear that you're enjoying Shopee, ADITYA SAHANI! If you have any suggestions or if there's anything specific you love about the app, feel free to let us know. If you need assistance, feel free to contact us via your Shopee App through Me > Help Centre and choose between Chat or Free Internet Call.",2026-07-22T17:00:47
Shopee 8.8 Merdeka Sale,com.shopee.my,Shopping,515f6327-24fc-48c9-a181-3e08a5fe6634,Sheena Sheena,5,,Appreciate your excellent service...,0,3.61.28,2026-07-22T14:31:55,,
Shopee 8.8 Merdeka Sale,com.shopee.my,Shopping,1a655451-078d-48c4-8ff5-35cb3e72c4a6,Misah,5,,"suka shopping kat sini,ada coins lg seronok shopping ☺️.",1,3.78.28,2026-07-22T13:25:55,"Kami gembira mendengar ulasan ini Misah ! Maklum balas positif memberi motivasi untuk kami terus memberikan anda pengalaman terbaik.
Jika anda mempunyai sebarang cadangan atau pandangan, sila hubungi kami melalui Aplikasi Shopee dan klik ""Saya"" > ""Pusat Bantuan"" dan pilih antara Chat atau Panggilan Internet.",2026-07-22T13:41:54
Shopee 8.8 Merdeka Sale,com.shopee.my,Shopping,86574e91-bc37-4954-abd7-55d9b2715cd5,Er Er,5,,very useful,0,3.78.28,2026-07-22T13:14:41,"We're happy to hear that you're enjoying Shopee, Er Er! If you have any suggestions or if there's anything specific you love about the app, feel free to let us know. If you need assistance, feel free to contact us via your Shopee App through Me > Help Centre and choose between Chat or Free Internet Call.",2026-07-22T14:25:54
Shopee 8.8 Merdeka Sale,com.shopee.my,Shopping,98789ab0-fa46-4045-bc2b-d6a2d5c17f79,Ashikur Rohman,5,,good,0,3.77.25,2026-07-22T12:40:54,"We're happy to hear that you're enjoying Shopee, Ashikur Rohman! If you have any suggestions or if there's anything specific you love about the app, feel free to let us know. If you need assistance, feel free to contact us via your Shopee App through Me > Help Centre and choose between Chat or Free Internet Call.",2026-07-22T14:16:42
Shopee 8.8 Merdeka Sale,com.shopee.my,Shopping,981040b1-b3be-48f2-81b2-5ce1b773f649,Nur Safina,5,,Nur Safina sokong. belanja dgn mudah. kemudahan yang menyenangkan. terima kasih,0,3.77.25,2026-07-22T12:29:48,"Kami gembira mendengar ulasan ini Nur Safina ! Maklum balas positif memberi motivasi untuk kami terus memberikan anda pengalaman terbaik.
Jika anda mempunyai sebarang cadangan atau pandangan, sila hubungi kami melalui Aplikasi Shopee dan klik ""Saya"" > ""Pusat Bantuan"" dan pilih antara Chat atau Panggilan Internet.",2026-07-22T12:33:56
Shopee 8.8 Merdeka Sale,com.shopee.my,Shopping,dae01304-7c61-4538-91ab-e15b4511713c,Koh Teng Gee,5,,Fast shipping and good services.,0,3.78.28,2026-07-22T12:25:02,"We're happy to hear that you're enjoying Shopee, Koh Teng Gee! If you have any suggestions or if there's anything specific you love about the app, feel free to let us know. If you need assistance, feel free to contact us via your Shopee App through Me > Help Centre and choose between Chat or Free Internet Call.",2026-07-22T12:33:40
Shopee 8.8 Merdeka Sale,com.shopee.my,Shopping,57f7b874-481b-44a7-84ca-678f3a69382a,SUGIT WILSON,5,,Good service,0,3.78.28,2026-07-22T12:22:42,"We're happy to hear that you're enjoying Shopee, SUGIT WILSON! If you have any suggestions or if there's anything specific you love about the app, feel free to let us know. If you need assistance, feel free to contact us via your Shopee App through Me > Help Centre and choose between Chat or Free Internet Call.",2026-07-22T12:33:24
Shopee 8.8 Merdeka Sale,com.shopee.my,Shopping,676217ef-237f-4245-9c92-522f23ec1e14,ahmadafiqsyahmi,5,,memang terbaik,0,3.78.28,2026-07-22T11:32:05,"Kami gembira mendengar ulasan ini ahmadafiqsyahmi ! Maklum balas positif memberi motivasi untuk kami terus memberikan anda pengalaman terbaik.
Jika anda mempunyai sebarang cadangan atau pandangan, sila hubungi kami melalui Aplikasi Shopee dan klik ""Saya"" > ""Pusat Bantuan"" dan pilih antara Chat atau Panggilan Internet.",2026-07-22T12:35:59
Shopee 8.8 Merdeka Sale,com.shopee.my,Shopping,8105868d-2a82-40ad-952c-7375afb18141,Zaza Izzati,5,,ok,0,3.78.28,2026-07-22T11:02:37,"We're happy to hear that you're enjoying Shopee, Zaza Izzati! If you have any suggestions or if there's anything specific you love about the app, feel free to let us know. If you need assistance, feel free to contact us via your Shopee App through Me > Help Centre and choose between Chat or Free Internet Call.",2026-07-22T13:48:09
Shopee 8.8 Merdeka Sale,com.shopee.my,Shopping,9a168868-911b-412d-988b-8b10e9ca6907,Lokey,1,,"I spent 45 whole minutes fighting with the checkout button on shopeefood, including reinstalling, forcestopping, resetting the app data, and restarting my phone, only to end up crashing to homescreen each time I tap the button. Please do better.",0,3.78.28,2026-07-22T09:45:37,"We're sorry to hear about this review, Lokey. 😢 We would like to understand more about the issues you've encountered. Could you please provide additional details or contact our support team? You can access via your Shopee App through Me > Help Centre and choose between Chat or Free Internet Call.",2026-07-22T12:13:11
Shopee 8.8 Merdeka Sale,com.shopee.my,Shopping,83719dcf-b1f7-4fa9-8355-cb3f4fc7bc28,Ruzaini Abd Hamid,5,,"The payment process is secure and well-structured, giving customers confidence and reducing the risk of scams. If the product quality does not match the advertised specifications, customers are entitled to return the item for a refund or replacement.",0,3.77.25,2026-07-22T09:43:13,"We're happy to hear that you're enjoying Shopee, Ruzaini Abd Hamid! If you have any suggestions or if there's anything specific you love about the app, feel free to let us know. If you need assistance, feel free to contact us via your Shopee App through Me > Help Centre and choose between Chat or Free Internet Call.",2026-07-22T13:48:41
Shopee 8.8 Merdeka Sale,com.shopee.my,Shopping,c810fa0d-9b0d-4b5d-9807-eb87acdb5f76,Omey Oreo,1,,shoppee harga display dan lepas add to cart utk bayar.. harga jd tak sama dan mahal.. x pernah pakai cashback voucher tetiba cuba nk pakai cashback takde.. tpi kat sticker tu ada cashback 10%,0,3.78.28,2026-07-22T08:52:58,"Kami kesal mendengar ulasan ini, Omey Oreo. 😢 Kami ingin menyelesaikan masalah ini dan membantu anda dengan selanjutnya.
Sila hubungi kami dan berikan kami informasi lanjut supaya kami boleh membantu anda melalui Aplikasi Shopee dan klik ""Saya"" > ""Pusat Bantuan"" dan pilih antara Chat ataupun Panggilan Internet.",2026-07-22T10:50:58
Shopee 8.8 Merdeka Sale,com.shopee.my,Shopping,2655e387-27fd-4d28-84ee-2b159d722728,Alia Nazihah,3,,whyyy is it crashing so much,0,3.77.25,2026-07-22T08:35:35,"We're sorry to hear about this review, Alia Nazihah. 😢 We would like to understand more about the issues you've encountered. Could you please provide additional details or contact our support team? You can access via your Shopee App through Me > Help Centre and choose between Chat or Free Internet Call.",2026-07-22T10:51:58
Shopee 8.8 Merdeka Sale,com.shopee.my,Shopping,d3412968-6b9e-43ab-88f6-98ff77597174,BECKY,3,,Cannot manually key in address for Shopee Food in this update.,2,3.78.28,2026-07-22T08:29:20,"Hi there,

We hear you and would want to make things right. We’re always ready to help via:

- Hotline number at +603 2777 9222
- Live Chat via Shopee app
- Email us at help@support.shopee.com.my

Looking forward to serve you better!
",2022-10-10T18:34:53
Shopee 8.8 Merdeka Sale,com.shopee.my,Shopping,997db890-7f3b-4555-bb02-24a12ab9ccbf,S H,1,,"dah berzaman tak fix bug walau dh bgtahu lama. kena jugak bagi 1 star baru nk baca review kot. orang search benda lain, dok keluar xiaomi kat search bar pulak. benda ni jadi selalu tau, setiap kali bukak shopee. tak search pertama, search kedua atau ketiga. bukan dh 10 kali search baru jadi. mana taknya pembeli lari, bosan dari rasa nk beli hilang mood bila asyik keluar search lain. ini bugs ni, dh lama tak fix",17,3.78.28,2026-07-22T08:11:10,"Hi,

Thank you for your awesome review. Shopee
strives to be one of the top E-commerce
platform thus your feedback is greatly
appreciated. Stay tuned for more campaigns
and awesome offers from us. Feel free to
contact us if you are facing any problem
at help@support.shopee.com.my. Thank you!",2022-01-02T05:50:10
Shopee 8.8 Merdeka Sale,com.shopee.my,Shopping,3768bc75-f96c-4e51-9840-00bec01775b5,Mrs Queen,5,,very good apps,0,3.78.28,2026-07-22T08:05:39,"We're happy to hear that you're enjoying Shopee, Mrs Queen! If you have any suggestions or if there's anything specific you love about the app, feel free to let us know. If you need assistance, feel free to contact us via your Shopee App through Me > Help Centre and choose between Chat or Free Internet Call.",2026-07-22T08:46:42
Shopee 8.8 Merdeka Sale,com.shopee.my,Shopping,185e04f9-b2da-4838-a8a9-eef1805ae77f,Heartless Angel (Kipas_Lipas),4,,Tolong lah bagi semula shipping method yg lama. Customer boleh pilih nak pakai courier apa. Tak semua courier bagus pada certain tempat. Hanya buyers tau courier apa yg terbaik kat kawasan masing2. Nak tgk promo apa pun skrg takde mood langsung. Bila nk beli barang je tgk standard delivery. Alahaiiii,0,3.78.28,2026-07-22T07:19:17,"Kami kesal mendengar ulasan ini, Heartless Angel (Kipas_Lipas). 😢 Kami ingin menyelesaikan masalah ini dan membantu anda dengan selanjutnya.
Sila hubungi kami dan berikan kami informasi lanjut supaya kami boleh membantu anda melalui Aplikasi Shopee dan klik ""Saya"" > ""Pusat Bantuan"" dan pilih antara Chat ataupun Panggilan Internet.",2026-07-22T08:45:07
Shopee 8.8 Merdeka Sale,com.shopee.my,Shopping,3361ea30-531a-47c3-91f6-655c07f67129,Nonoy 588,5,,good,0,3.76.27,2026-07-22T05:36:57,"We're happy to hear that you're enjoying Shopee, Nonoy 588! If you have any suggestions or if there's anything specific you love about the app, feel free to let us know. If you need assistance, feel free to contact us via your Shopee App through Me > Help Centre and choose between Chat or Free Internet Call.",2026-07-22T06:57:45
Shopee 8.8 Merdeka Sale,com.shopee.my,Shopping,256f5573-ed66-44b6-ae24-56a3027f851f,boo jae,1,,ever since shoppee use filipino customer service none of the issue or complain is solved. both agents and even the supervisor are useless. eventho they speak english but they just dont understand basic request. reported rider whose a thief even with evidence the rider still working and not even an apologies was given.,6,3.78.28,2026-07-22T05:32:14,"We're sorry to hear about this review, boo jae. 😢 We would like to understand more about the issues you've encountered. Could you please provide additional details or contact our support team? You can access via your Shopee App through Me > Help Centre and choose between Chat or Free Internet Call.",2026-07-22T06:57:22
Shopee 8.8 Merdeka Sale,com.shopee.my,Shopping,4d057e1c-7926-4ab3-8d13-5bceeefc54b0,Shahrol Zuhaili,5,,❤️❤️,0,,2026-07-22T05:02:01,"We're happy to hear that you're enjoying Shopee, Shahrol Zuhaili! If you have any suggestions or if there's anything specific you love about the app, feel free to let us know. If you need assistance, feel free to contact us via your Shopee App through Me > Help Centre and choose between Chat or Free Internet Call.",2026-07-22T05:46:43
Shopee 8.8 Merdeka Sale,com.shopee.my,Shopping,8d2692e3-cc4c-4c06-9d46-8098709238fd,Didi Bolhassan,1,,"stop AI video promo product, please! we want to see real product ads, not an AI trash..",0,3.78.28,2026-07-22T04:42:16,"Kami kesal mendengar ulasan ini, Didi Bolhassan. 😢 Kami ingin menyelesaikan masalah ini dan membantu anda dengan selanjutnya.
Sila hubungi kami dan berikan kami informasi lanjut supaya kami boleh membantu anda melalui Aplikasi Shopee dan klik ""Saya"" > ""Pusat Bantuan"" dan pilih antara Chat ataupun Panggilan Internet.",2024-12-13T04:36:45
Shopee 8.8 Merdeka Sale,com.shopee.my,Shopping,05a41d89-0ba7-472f-b9b3-d7cb034e7d54,SherlockS,3,,I love using Shopee but the problem is sometimes it is the top up system. I always use Maybank to pay and I have to link my account to Shopee but every time I leave Shopee for a minute it keeps resetting my link processing. I also know there's a reason why Shopee doesn't support window mode but resetting the process is actually pretty annoying.,0,3.75.24,2026-07-22T04:31:39,"We're sorry to hear about this review, SherlockS. 😢 We would like to understand more about the issues you've encountered. Could you please provide additional details or contact our support team? You can access via your Shopee App through Me > Help Centre and choose between Chat or Free Internet Call.",2026-07-22T05:46:12
Shopee 8.8 Merdeka Sale,com.shopee.my,Shopping,c1cf4d9b-7287-4f1f-b35f-04a1e1b8a085,ewan morshidi,5,,puas,0,3.78.28,2026-07-22T04:00:48,"Kami gembira mendengar ulasan ini ewan morshidi ! Maklum balas positif memberi motivasi untuk kami terus memberikan anda pengalaman terbaik.
Jika anda mempunyai sebarang cadangan atau pandangan, sila hubungi kami melalui Aplikasi Shopee dan klik ""Saya"" > ""Pusat Bantuan"" dan pilih antara Chat atau Panggilan Internet.",2026-07-22T05:06:20
Shopee 8.8 Merdeka Sale,com.shopee.my,Shopping,a73cc1ec-7b85-431b-8c0e-114e96582f10,Hakim Farhan456,5,,terbaik,0,3.77.25,2026-07-21T22:25:44,"Kami gembira mendengar ulasan ini Hakim Farhan456 ! Maklum balas positif memberi motivasi untuk kami terus memberikan anda pengalaman terbaik.
Jika anda mempunyai sebarang cadangan atau pandangan, sila hubungi kami melalui Aplikasi Shopee dan klik ""Saya"" > ""Pusat Bantuan"" dan pilih antara Chat atau Panggilan Internet.",2026-07-21T22:48:02
Shopee 8.8 Merdeka Sale,com.shopee.my,Shopping,60aee0d5-ab7a-4d5e-83ca-21eea845ae21,Mohd Azhar,5,,Easy to shop with competitive prices and lots of deals. The app is well-designed and offers a great shopping experience.,0,3.78.28,2026-07-21T21:52:47,"We're happy to hear that you're enjoying Shopee, Mohd Azhar! If you have any suggestions or if there's anything specific you love about the app, feel free to let us know. If you need assistance, feel free to contact us via your Shopee App through Me > Help Centre and choose between Chat or Free Internet Call.",2026-07-21T22:48:42
Shopee 8.8 Merdeka Sale,com.shopee.my,Shopping,d0373d33-5de7-4c40-8388-a4da4a222f56,Blasius Thadeus,5,,Great shopping app. Lots of improvement done. Very impressive. Keep it up👍,1,3.78.28,2026-07-21T21:27:59,"Hi,

Greetings from Shopee! :)

Thank you for your awesome review! :D

We're glad you're loving our app! :D

Stay tuned to us for more great deals :)",2020-05-16T16:05:10
Shopee 8.8 Merdeka Sale,com.shopee.my,Shopping,6e61dd11-6474-4dae-a1b5-ce8f397d4fe7,Lyly,5,,"Super easy to navigate, works great, and makes my life so much easier.",0,,2026-07-21T21:08:07,"We're happy to hear that you're enjoying Shopee, Lyly! If you have any suggestions or if there's anything specific you love about the app, feel free to let us know. If you need assistance, feel free to contact us via your Shopee App through Me > Help Centre and choose between Chat or Free Internet Call.",2026-07-21T21:32:54
Shopee 8.8 Merdeka Sale,com.shopee.my,Shopping,40662f33-f351-41c3-8d18-3b7bde5a717f,Angel mawite,5,,this app is the best online shopping,0,3.78.28,2026-07-21T21:01:16,"We're happy to hear that you're enjoying Shopee, Angel mawite! If you have any suggestions or if there's anything specific you love about the app, feel free to let us know. If you need assistance, feel free to contact us via your Shopee App through Me > Help Centre and choose between Chat or Free Internet Call.",2026-07-21T21:35:30
Shopee 8.8 Merdeka Sale,com.shopee.my,Shopping,656e5d0e-5570-4231-95ec-0818a061b082,Harman Preet,5,,for shoping this. is good app,0,3.78.28,2026-07-21T20:36:59,"We're happy to hear that you're enjoying Shopee, Harman Preet! If you have any suggestions or if there's anything specific you love about the app, feel free to let us know. If you need assistance, feel free to contact us via your Shopee App through Me > Help Centre and choose between Chat or Free Internet Call.",2026-07-21T22:33:52
Shopee 8.8 Merdeka Sale,com.shopee.my,Shopping,99591f7e-7fef-4a83-a1ca-07b7492ee497,Dulal Hasan,5,,yes very nice 🙂👍👍👍,0,3.63.26,2026-07-21T20:32:12,"We're happy to hear that you're enjoying Shopee, Dulal Hasan! If you have any suggestions or if there's anything specific you love about the app, feel free to let us know. If you need assistance, feel free to contact us via your Shopee App through Me > Help Centre and choose between Chat or Free Internet Call.",2026-07-21T21:33:58
Shopee 8.8 Merdeka Sale,com.shopee.my,Shopping,44f228c0-747e-4961-876f-3da56f85841b,Puspa Krishnan,3,,thank you shopee,0,3.74.31,2026-07-21T20:21:52,"Thank you for rating us Puspa Krishnan !
If you need assistance in the future, feel free to contact us via your Shopee App through Me > Help Centre and choose between Chat or Internet Call.",2026-07-21T20:35:57
Shopee 8.8 Merdeka Sale,com.shopee.my,Shopping,ec098b0f-8ae9-497d-b130-58549a628522,swee swee ng,2,,since last update it's so frustrating everything as now when you open the apps the a annoying live video autopsy and couldn't be switch off or volume lower down!!!,2,3.78.28,2026-07-21T20:15:54,"We're sorry to hear about this review, swee swee ng. 😢 We would like to understand more about the issues you've encountered. Could you please provide additional details or contact our support team? You can access via your Shopee App through Me > Help Centre and choose between Chat or Free Internet Call.",2026-07-21T20:32:43
Shopee 8.8 Merdeka Sale,com.shopee.my,Shopping,c0b63391-b349-449a-a69d-1d820224219d,Christian Shadrach,5,,easy to buy,0,3.78.25,2026-07-21T20:07:29,"We're happy to hear that you're enjoying Shopee, Christian Shadrach! If you have any suggestions or if there's anything specific you love about the app, feel free to let us know. If you need assistance, feel free to contact us via your Shopee App through Me > Help Centre and choose between Chat or Free Internet Call.",2026-07-21T20:32:51
Shopee 8.8 Merdeka Sale,com.shopee.my,Shopping,55ec07ae-d19e-4293-956d-cab7ba1b776e,jimmy xXx,5,,good,0,3.77.25,2026-07-21T19:51:32,"We're happy to hear that you're enjoying Shopee, jimmy xXx! If you have any suggestions or if there's anything specific you love about the app, feel free to let us know. If you need assistance, feel free to contact us via your Shopee App through Me > Help Centre and choose between Chat or Free Internet Call.",2026-07-21T20:35:36
Shopee 8.8 Merdeka Sale,com.shopee.my,Shopping,7b5d8b40-b788-42e7-babe-2c208f7863fc,Khairuzzaman Mintu,5,,good,0,3.76.27,2026-07-21T19:46:00,"We're happy to hear that you're enjoying Shopee, Khairuzzaman Mintu! If you have any suggestions or if there's anything specific you love about the app, feel free to let us know. If you need assistance, feel free to contact us via your Shopee App through Me > Help Centre and choose between Chat or Free Internet Call.",2026-07-21T20:32:03
Shopee 8.8 Merdeka Sale,com.shopee.my,Shopping,9cc66723-e2e3-43ef-9c4c-b1fa2d5b6760,Aiza Mohd,5,,Good..,0,3.78.28,2026-07-21T19:17:28,"We're happy to hear that you're enjoying Shopee, Aiza Mohd! If you have any suggestions or if there's anything specific you love about the app, feel free to let us know. If you need assistance, feel free to contact us via your Shopee App through Me > Help Centre and choose between Chat or Free Internet Call.",2026-07-21T19:34:01
Shopee 8.8 Merdeka Sale,com.shopee.my,Shopping,cc6e55af-9228-4640-8b14-fe086e075404,Martin Eddy Lai,1,,"Please stop the landing on the Live Video page already, so many people have complained about it and nothing has been done about if t, what is wrong with your app developer, got some sort of sadomasochistic tendencies that requires negative feedback to get a rush?",5,3.78.28,2026-07-21T18:37:10,"We're sorry to hear about this review, Martin Eddy Lai. 😢 We would like to understand more about the issues you've encountered. Could you please provide additional details or contact our support team? You can access via your Shopee App through Me > Help Centre and choose between Chat or Free Internet Call.",2025-08-04T06:03:31
Shopee 8.8 Merdeka Sale,com.shopee.my,Shopping,896bafe5-584e-45b5-b84f-c67f5570fbda,Noor Ida,5,,service yang bagus dan cekap,0,3.78.28,2026-07-21T18:32:46,"Kami gembira mendengar ulasan ini Noor Ida ! Maklum balas positif memberi motivasi untuk kami terus memberikan anda pengalaman terbaik.
Jika anda mempunyai sebarang cadangan atau pandangan, sila hubungi kami melalui Aplikasi Shopee dan klik ""Saya"" > ""Pusat Bantuan"" dan pilih antara Chat atau Panggilan Internet.",2026-07-21T20:12:15
Shopee 8.8 Merdeka Sale,com.shopee.my,Shopping,c908971b-a86e-40af-acd9-bec1fc18c95f,Abdul Qayyum,1,,always startup with live video,1,3.78.28,2026-07-21T18:21:21,"We're sorry to hear about this review, Abdul Qayyum. 😢 We would like to understand more about the issues you've encountered. Could you please provide additional details or contact our support team? You can access via your Shopee App through Me > Help Centre and choose between Chat or Free Internet Call.",2026-07-21T18:43:44
Shopee 8.8 Merdeka Sale,com.shopee.my,Shopping,2acaea26-7a9b-461a-bd21-3eb981993426,Ween Braim,4,,Shoppe is available to all Malaysian. Offering a lot of benifits.Its great and the best parts is shoopee pay later.... No interest if three months payment.,0,3.74.34,2026-07-21T17:58:54,"We're happy to hear that you're enjoying Shopee, Ween Braim! If you have any suggestions or if there's anything specific you love about the app, feel free to let us know. If you need assistance, feel free to contact us via your Shopee App through Me > Help Centre and choose between Chat or Free Internet Call.",2026-07-21T18:46:32
Shopee 8.8 Merdeka Sale,com.shopee.my,Shopping,2f4d69a1-fae3-40de-ab91-6f542245c13e,Khairani Asykeen,5,,best apps!,0,3.78.28,2026-07-21T17:58:07,"We're happy to hear that you're enjoying Shopee, Khairani Asykeen! If you have any suggestions or if there's anything specific you love about the app, feel free to let us know. If you need assistance, feel free to contact us via your Shopee App through Me > Help Centre and choose between Chat or Free Internet Call.",2026-07-21T18:46:56
Shopee 8.8 Merdeka Sale,com.shopee.my,Shopping,5a9fe6de-0fde-4e0a-9b0a-6fe67d0a4624,Melisa Hairi,5,,great,0,3.78.28,2026-07-21T17:31:41,"We're happy to hear that you're enjoying Shopee, Melisa Hairi! If you have any suggestions or if there's anything specific you love about the app, feel free to let us know. If you need assistance, feel free to contact us via your Shopee App through Me > Help Centre and choose between Chat or Free Internet Call.",2026-07-21T18:47:19
Shopee 8.8 Merdeka Sale,com.shopee.my,Shopping,3508a4cc-77f3-435d-b6cc-49c639f538b1,Ahmad Faizal Mohamad,5,,puas hati..👍😎terbaik 👍😎😎,0,3.78.28,2026-07-21T17:15:32,"Kami gembira mendengar ulasan ini Ahmad Faizal Mohamad ! Maklum balas positif memberi motivasi untuk kami terus memberikan anda pengalaman terbaik.
Jika anda mempunyai sebarang cadangan atau pandangan, sila hubungi kami melalui Aplikasi Shopee dan klik ""Saya"" > ""Pusat Bantuan"" dan pilih antara Chat atau Panggilan Internet.",2026-07-21T18:17:24
Shopee 8.8 Merdeka Sale,com.shopee.my,Shopping,9dc1d68a-2749-48be-b3fc-009509e7fdc8,Mosharof Hossain,5,,good,0,,2026-07-21T17:02:48,"We're happy to hear that you're enjoying Shopee, Mosharof Hossain! If you have any suggestions or if there's anything specific you love about the app, feel free to let us know. If you need assistance, feel free to contact us via your Shopee App through Me > Help Centre and choose between Chat or Free Internet Call.",2026-07-21T18:18:27
Shopee 8.8 Merdeka Sale,com.shopee.my,Shopping,12d20497-6045-4729-9873-af6584b13be6,mamu mydin,5,,harap dapat menjadi platform terbaik utk pembelian online..senang..mudah..cepat..senang berurusan utk pembatalan dan pemulangan barang..jika salah atau tak ok..thanks Shopee,0,3.78.28,2026-07-21T16:23:32,"Hai mamu mydin,

Pihak Shopee amat menitik berat sebarang masalah yang boleh kami bantu bagi memudahkan pihak anda.
Kami amat menghargai sekiranya anda dapat menghubungi pihak kami di emel help@support.shopee.com.my supaya kami dapat membantu anda secara lanjut 😊

NH",2022-11-07T17:40:26
Shopee 8.8 Merdeka Sale,com.shopee.my,Shopping,7aede394-762f-4054-893f-663f11c16a31,Amir Hamzah Ismail,5,,Overseas seller sent promptly. Sadly local shipper is playing the fool. Stupid excuses are given until I have to cancel order and demand refund. Daze and confuse with shopee lately.,0,3.78.28,2026-07-21T15:54:01,"Hi there,

We hear you and would want to make things right. We’re always ready to help via:

- Hotline number at +603 2777 9222
- Live Chat via Shopee app
- Email us at help@support.shopee.com.my

Looking forward to serving you better! 🧡",2023-03-25T22:17:13
Shopee 8.8 Merdeka Sale,com.shopee.my,Shopping,2e4f3e2c-8e0a-413a-a7f5-a9c43c7527b9,Me The,3,,This is a shopping app not a freaking TikTok. The amount of autoplay videos in this app is frustrating plus the AI slops,0,3.78.27,2026-07-21T15:37:21,"We're sorry to hear about this review, Me The. 😢 We would like to understand more about the issues you've encountered. Could you please provide additional details or contact our support team? You can access via your Shopee App through Me > Help Centre and choose between Chat or Free Internet Call.",2026-07-21T15:45:23
Shopee 8.8 Merdeka Sale,com.shopee.my,Shopping,c1dc645e-0dd6-4dcd-b5fd-f4bb5f976482,Dara Singh,5,,good service,0,3.78.28,2026-07-21T15:08:39,"We're happy to hear that you're enjoying Shopee, Dara Singh! If you have any suggestions or if there's anything specific you love about the app, feel free to let us know. If you need assistance, feel free to contact us via your Shopee App through Me > Help Centre and choose between Chat or Free Internet Call.",2026-07-21T15:35:34
Shopee 8.8 Merdeka Sale,com.shopee.my,Shopping,edc3d267-76e7-4f3d-89e2-189d94861eb5,Shereen Cheah,5,,👍,0,3.78.28,2026-07-21T15:06:00,"We're happy to hear that you're enjoying Shopee, Shereen Cheah! If you have any suggestions or if there's anything specific you love about the app, feel free to let us know. If you need assistance, feel free to contact us via your Shopee App through Me > Help Centre and choose between Chat or Free Internet Call.",2026-07-21T16:25:21
Shopee 8.8 Merdeka Sale,com.shopee.my,Shopping,5a730323-c0ea-4924-818d-06a51d978890,ahalim ms,5,,All like a single fingers tip.,0,3.78.28,2026-07-21T14:55:00,"We're happy to hear that you're enjoying Shopee, ahalim ms! If you have any suggestions or if there's anything specific you love about the app, feel free to let us know. If you need assistance, feel free to contact us via your Shopee App through Me > Help Centre and choose between Chat or Free Internet Call.",2026-07-21T15:45:50
Shopee 8.8 Merdeka Sale,com.shopee.my,Shopping,b1e5f550-ca5c-4dda-afd1-023bd1e08230,mirul hafiz,5,,Ok,0,3.78.28,2026-07-21T14:45:54,"We're happy to hear that you're enjoying Shopee, mirul hafiz! If you have any suggestions or if there's anything specific you love about the app, feel free to let us know. If you need assistance, feel free to contact us via your Shopee App through Me > Help Centre and choose between Chat or Free Internet Call.",2026-07-21T15:35:18
Shopee 8.8 Merdeka Sale,com.shopee.my,Shopping,80fb2d90-0d48-4269-b714-84d385c60c61,Shirley Teoh,1,,Most of the games In the shopee pet not functioning properly. Please check it out and fix it ASAP.,21,3.78.28,2026-07-21T14:45:42,"We're sorry to hear about this review, Shirley Teoh. 😢 We would like to understand more about the issues you've encountered. Could you please provide additional details or contact our support team? You can access via your Shopee App through Me > Help Centre and choose between Chat or Free Internet Call.",2026-07-21T16:24:12
Shopee 8.8 Merdeka Sale,com.shopee.my,Shopping,7211a268-38b0-4941-be6e-260129e6f9b6,Bad Sham,5,,terbaik,0,3.78.28,2026-07-21T14:31:30,"Kami gembira mendengar ulasan ini Bad Sham ! Maklum balas positif memberi motivasi untuk kami terus memberikan anda pengalaman terbaik.
Jika anda mempunyai sebarang cadangan atau pandangan, sila hubungi kami melalui Aplikasi Shopee dan klik ""Saya"" > ""Pusat Bantuan"" dan pilih antara Chat atau Panggilan Internet.",2026-07-21T15:35:00
Shopee 8.8 Merdeka Sale,com.shopee.my,Shopping,f2d37d62-7c7b-47a6-88a6-65b5f757c482,Yanty Hisham,5,,good shopping app.,0,2.98.22,2026-07-21T14:01:55,"We're happy to hear that you're enjoying Shopee, Yanty Hisham! If you have any suggestions or if there's anything specific you love about the app, feel free to let us know. If you need assistance, feel free to contact us via your Shopee App through Me > Help Centre and choose between Chat or Free Internet Call.",2026-07-21T14:45:48
Shopee 8.8 Merdeka Sale,com.shopee.my,Shopping,2df32638-1226-4ffe-b3f2-2a09cc814f66,Lynn Chin,5,,the best,0,3.78.28,2026-07-21T13:35:20,"We're happy to hear that you're enjoying Shopee, Lynn Chin! If you have any suggestions or if there's anything specific you love about the app, feel free to let us know. If you need assistance, feel free to contact us via your Shopee App through Me > Help Centre and choose between Chat or Free Internet Call.",2026-07-21T14:42:02
Shopee 8.8 Merdeka Sale,com.shopee.my,Shopping,95abf488-9a49-4f53-b63a-59871c71ed06,Neem Rashid,5,,shopping apps that is very useful and offers the best pricw of all ! i use shopee almost for everything. there are things i couldn't get outside and it is very convinient that shopee have the items. the delivery fees is also very awesome because mostly it give free shipping. shopee also offers spaylater which is very very helpful because we can pay it monthly.,0,,2026-07-21T13:06:09,"We're happy to hear that you're enjoying Shopee, Neem Rashid! If you have any suggestions or if there's anything specific you love about the app, feel free to let us know. If you need assistance, feel free to contact us via your Shopee App through Me > Help Centre and choose between Chat or Free Internet Call.",2026-07-21T14:13:08
Shopee 8.8 Merdeka Sale,com.shopee.my,Shopping,fcb7ee32-eb4a-4ab6-8f36-b484b737ee95,Tinie U,5,,Useful and helpful,0,,2026-07-21T13:04:26,"We're happy to hear that you're enjoying Shopee, Tinie U! If you have any suggestions or if there's anything specific you love about the app, feel free to let us know. If you need assistance, feel free to contact us via your Shopee App through Me > Help Centre and choose between Chat or Free Internet Call.",2026-07-21T14:13:22
Shopee 8.8 Merdeka Sale,com.shopee.my,Shopping,a10c594a-ef81-45b3-85b3-12c515a73f68,Zulamri Jamil,5,,Good,0,3.78.28,2026-07-21T12:14:48,"We're happy to hear that you're enjoying Shopee, Zulamri Jamil! If you have any suggestions or if there's anything specific you love about the app, feel free to let us know. If you need assistance, feel free to contact us via your Shopee App through Me > Help Centre and choose between Chat or Free Internet Call.",2026-07-21T13:14:01
Shopee 8.8 Merdeka Sale,com.shopee.my,Shopping,05f9ad33-c00a-4a19-a770-c96e0521702c,SAIDAH NUR NABILAH SULAIMAN,5,,best apps ever,0,3.78.28,2026-07-21T12:08:46,"We're happy to hear that you're enjoying Shopee, SAIDAH NUR NABILAH SULAIMAN! If you have any suggestions or if there's anything specific you love about the app, feel free to let us know. If you need assistance, feel free to contact us via your Shopee App through Me > Help Centre and choose between Chat or Free Internet Call.",2026-07-21T12:52:16
Shopee 8.8 Merdeka Sale,com.shopee.my,Shopping,75f565d5-e8ae-44e0-aaa5-2e6e4561b348,aizat nazri,5,,"Shopee is an excellent online shopping platform with a wide range of products at affordable prices. The app is easy to use, offers secure payment options, and frequently provides discounts and free shipping promotions. Delivery is generally fast, and customer service is fast reply and good.",1,3.77.25,2026-07-21T11:00:55,"We're happy to hear that you're enjoying Shopee, aizat nazri! If you have any suggestions or if there's anything specific you love about the app, feel free to let us know. If you need assistance, feel free to contact us via your Shopee App through Me > Help Centre and choose between Chat or Free Internet Call.",2026-07-21T12:25:52
Shopee 8.8 Merdeka Sale,com.shopee.my,Shopping,5c67f3b1-3902-489b-8d02-1ec4bd19333f,LagiLagi Fairuz,1,,runs by bunch of monkeys,0,3.78.28,2026-07-21T10:55:06,"We're sorry to hear about this review, LagiLagi Fairuz. 😢 We would like to understand more about the issues you've encountered. Could you please provide additional details or contact our support team? You can access via your Shopee App through Me > Help Centre and choose between Chat or Free Internet Call.",2026-07-21T12:23:19
Shopee 8.8 Merdeka Sale,com.shopee.my,Shopping,dd7e8493-753b-4ba1-94c6-65ac98e7e294,nur aqilah,4,,so easy to used this apps,0,3.31.18,2026-07-21T10:38:13,"We're happy to hear that you're enjoying Shopee, nur aqilah! If you have any suggestions or if there's anything specific you love about the app, feel free to let us know. If you need assistance, feel free to contact us via your Shopee App through Me > Help Centre and choose between Chat or Free Internet Call.",2026-07-21T12:21:42
Shopee 8.8 Merdeka Sale,com.shopee.my,Shopping,5ecad29f-1c55-4e0a-8d70-00c4398b0a9a,umairahnadhira umairahnadhira,3,,tq shopee..,0,3.76.27,2026-07-21T09:38:03,"We're happy to hear that you're enjoying Shopee, umairahnadhira umairahnadhira! If you have any suggestions or if there's anything specific you love about the app, feel free to let us know. If you need assistance, feel free to contact us via your Shopee App through Me > Help Centre and choose between Chat or Free Internet Call.",2026-07-21T11:37:15
Shopee 8.8 Merdeka Sale,com.shopee.my,Shopping,865abab6-07ee-4da5-a557-ae6661d9cbac,Simon Yew,5,,fast delivery and products quality is good,0,3.78.28,2026-07-21T09:30:55,"We're happy to hear that you're enjoying Shopee, Simon Yew! If you have any suggestions or if there's anything specific you love about the app, feel free to let us know. If you need assistance, feel free to contact us via your Shopee App through Me > Help Centre and choose between Chat or Free Internet Call.",2026-07-21T11:35:46
Shopee 8.8 Merdeka Sale,com.shopee.my,Shopping,6076c5c1-851d-418b-8d85-76b8d5447a9b,muhd farouq,2,,buatlah diskaun bawah 5 ringgit lebih banyak baru aku bagi 5 bintang dan semua barang boleh guna diskaun tersebut.,0,3.57.31,2026-07-21T09:19:02,"Kami kesal mendengar ulasan ini, muhd farouq. 😢 Kami ingin menyelesaikan masalah ini dan membantu anda dengan selanjutnya.
Sila hubungi kami dan berikan kami informasi lanjut supaya kami boleh membantu anda melalui Aplikasi Shopee dan klik ""Saya"" > ""Pusat Bantuan"" dan pilih antara Chat ataupun Panggilan Internet.",2026-07-21T10:13:34
Shopee 8.8 Merdeka Sale,com.shopee.my,Shopping,19466923-b52c-4bc5-97ce-116ebbcb9e43,SUHAIMI HARUN,5,,best,0,3.78.28,2026-07-21T08:47:14,"We're happy to hear that you're enjoying Shopee, SUHAIMI HARUN! If you have any suggestions or if there's anything specific you love about the app, feel free to let us know. If you need assistance, feel free to contact us via your Shopee App through Me > Help Centre and choose between Chat or Free Internet Call.",2026-07-21T09:21:57
Shopee 8.8 Merdeka Sale,com.shopee.my,Shopping,10f7a816-dc1d-4442-bc90-cd34f991877a,Ikazue 89,1,,bad because shopee freez my account compare to tik tok i can use 1 number for two account,0,3.78.28,2026-07-21T08:28:38,"We're sorry to hear about this review, Ikazue 89. 😢 We would like to understand more about the issues you've encountered. Could you please provide additional details or contact our support team? You can access via your Shopee App through Me > Help Centre and choose between Chat or Free Internet Call.",2026-07-21T08:49:00
Shopee 8.8 Merdeka Sale,com.shopee.my,Shopping,7147bfc0-3b0a-47f1-8ac6-e64c2cdc3f41,dnia.,5,,I GENUINELY LOVE SHOPEE SO MUCH SO MANY DISCOUNTS SO MANY VOUCHERS BARANG SEMUA DRPD ADA YG MAHAL TERUS JADI AFFORDABLE I FW TS BRO NGL AKU PRINT LOGI SHOPEE TAMPAL DALAM BILIK IM GONNA KISS IT EVERY MORNING FROM HOW I LOVE SHOPEE DELIVERY FAST PULAK TU OMG PERFECTION,0,3.77.25,2026-07-21T08:24:54,"We're happy to hear that you're enjoying Shopee, dnia.! If you have any suggestions or if there's anything specific you love about the app, feel free to let us know. If you need assistance, feel free to contact us via your Shopee App through Me > Help Centre and choose between Chat or Free Internet Call.",2026-07-21T08:49:26
Shopee 8.8 Merdeka Sale,com.shopee.my,Shopping,90e64a8a-2717-473b-9144-c96e418d528b,ِ,5,,I love shopee.... 🤣🤣🤣🤣🤣,0,3.78.28,2026-07-21T07:35:08,"We're happy to hear that you're enjoying Shopee, ِ! If you have any suggestions or if there's anything specific you love about the app, feel free to let us know. If you need assistance, feel free to contact us via your Shopee App through Me > Help Centre and choose between Chat or Free Internet Call.",2026-07-21T08:50:34
Shopee 8.8 Merdeka Sale,com.shopee.my,Shopping,413d1070-c5e7-4e90-be6a-bcd4921b2de9,Iban The Sea Dayak,1,,"Please add an option to turn off video and live stream autoplay! It is incredibly annoying to open the app and immediately have loud videos playing. It drains my mobile data, eats up battery, and makes a loud noise when I am out in public. Every other major app lets you disable autoplay. I am giving 1 star until Shopee adds a toggle switch to turn this feature off.",1,3.78.28,2026-07-21T07:26:48,"We're happy to hear that you're enjoying Shopee, Iban The Sea Dayak! If you have any suggestions or if there's anything specific you love about the app, feel free to let us know. If you need assistance, feel free to contact us via your Shopee App through Me > Help Centre and choose between Chat or Free Internet Call.",2026-07-21T11:53:38
Shopee 8.8 Merdeka Sale,com.shopee.my,Shopping,25fefa29-4f7b-4a46-b13c-5511a4a07a0d,ChezZYChaZ mcDee,5,,the best platform for online shopping,0,2.57.13,2026-07-21T06:41:14,"We're happy to hear that you're enjoying Shopee, ChezZYChaZ mcDee! If you have any suggestions or if there's anything specific you love about the app, feel free to let us know. If you need assistance, feel free to contact us via your Shopee App through Me > Help Centre and choose between Chat or Free Internet Call.",2026-07-21T11:53:58
Shopee 8.8 Merdeka Sale,com.shopee.my,Shopping,65cdc069-4629-40f6-9495-beb571c06af4,ZulPes,5,,niceee,0,3.78.28,2026-07-21T05:28:08,"We're happy to hear that you're enjoying Shopee, ZulPes! If you have any suggestions or if there's anything specific you love about the app, feel free to let us know. If you need assistance, feel free to contact us via your Shopee App through Me > Help Centre and choose between Chat or Free Internet Call.",2026-07-21T06:03:44
Shopee 8.8 Merdeka Sale,com.shopee.my,Shopping,72b1c9e9-1b5d-478f-9dd5-3310dc0d8491,Qistina Batrisyia,5,,"Amazing app! Everything runs smoothly, and it's clear the developers put a lot of effort into making it user-friendly.""",1,3.78.28,2026-07-21T01:11:32,"We're happy to hear that you're enjoying Shopee, Qistina Batrisyia! If you have any suggestions or if there's anything specific you love about the app, feel free to let us know. If you need assistance, feel free to contact us via your Shopee App through Me > Help Centre and choose between Chat or Free Internet Call.",2026-07-21T01:33:25
Shopee 8.8 Merdeka Sale,com.shopee.my,Shopping,4268f83e-f4df-47c5-bfa1-b272d8651a58,zirah binti,5,,the shopeepay apps cant exist on my country to download..,0,3.78.28,2026-07-20T23:35:55,"Thank you for rating us zirah binti !
If you need assistance in the future, feel free to contact us via your Shopee App through Me > Help Centre and choose between Chat or Internet Call.",2026-07-21T00:44:37
Shopee 8.8 Merdeka Sale,com.shopee.my,Shopping,9ae7e110-d897-426c-846e-3f448d2bcd10,MUHD NAQIUDDIN,5,,"Easy to shop with amazing deals, fast delivery, and a user-friendly interface. Highly recommended.",0,3.78.28,2026-07-20T23:23:38,"We're happy to hear that you're enjoying Shopee, MUHD NAQIUDDIN! If you have any suggestions or if there's anything specific you love about the app, feel free to let us know. If you need assistance, feel free to contact us via your Shopee App through Me > Help Centre and choose between Chat or Free Internet Call.",2026-07-20T23:36:42
Shopee 8.8 Merdeka Sale,com.shopee.my,Shopping,59a07bb2-7a81-47bf-8b80-a17628a34f16,AFIQ HAZIQ BIN ABD HALIM,5,,"Shopping here is almost like a game. The free shipping vouchers and daily coins make it highly addictive. It's super easy to chat directly with sellers if you have questions, and you can find literally anything on here for a cheap price.",0,3.78.28,2026-07-20T23:16:52,"We're happy to hear that you're enjoying Shopee, AFIQ HAZIQ BIN ABD HALIM! If you have any suggestions or if there's anything specific you love about the app, feel free to let us know. If you need assistance, feel free to contact us via your Shopee App through Me > Help Centre and choose between Chat or Free Internet Call.",2026-07-20T23:34:47
Shopee 8.8 Merdeka Sale,com.shopee.my,Shopping,e2122b26-a27f-4e88-9e4b-01d81ae1596f,Mathan Ctzen,5,,always My choice,0,3.78.28,2026-07-20T22:52:18,"We're happy to hear that you're enjoying Shopee, Mathan Ctzen! If you have any suggestions or if there's anything specific you love about the app, feel free to let us know. If you need assistance, feel free to contact us via your Shopee App through Me > Help Centre and choose between Chat or Free Internet Call.",2026-07-20T23:36:11
Shopee 8.8 Merdeka Sale,com.shopee.my,Shopping,0d19b0e5-c7cc-43c8-8860-97a644bc7d08,Jibril Mahadi,1,,stupid app try to be tiktok...open2. play video ...mostly stupid video,0,3.77.25,2026-07-20T21:48:22,"We're sorry to hear about this review, Jibril Mahadi. 😢 We would like to understand more about the issues you've encountered. Could you please provide additional details or contact our support team? You can access via your Shopee App through Me > Help Centre and choose between Chat or Free Internet Call.",2026-07-20T22:40:56
Shopee 8.8 Merdeka Sale,com.shopee.my,Shopping,54447c7a-342d-4c64-8560-2fd67979bfb5,Bijay Kumar chaurasiya,5,,good product give shopee in malasiya,0,3.78.28,2026-07-20T20:46:37,"We're happy to hear that you're enjoying Shopee, Bijay Kumar chaurasiya! If you have any suggestions or if there's anything specific you love about the app, feel free to let us know. If you need assistance, feel free to contact us via your Shopee App through Me > Help Centre and choose between Chat or Free Internet Call.",2026-07-20T21:45:04
Shopee 8.8 Merdeka Sale,com.shopee.my,Shopping,5faaf883-9daa-49ed-872e-1a16c47d9ebd,NUR AFIQAH,5,,Pengalaman membeli-belah yang menyeronokkan dengan banyak diskaun dan pilihan produk yang pelbagai. Sangat terbaik apps shopee,0,3.77.25,2026-07-20T20:23:09,"Kami gembira mendengar ulasan ini NUR AFIQAH ! Maklum balas positif memberi motivasi untuk kami terus memberikan anda pengalaman terbaik.
Jika anda mempunyai sebarang cadangan atau pandangan, sila hubungi kami melalui Aplikasi Shopee dan klik ""Saya"" > ""Pusat Bantuan"" dan pilih antara Chat atau Panggilan Internet.",2026-07-20T20:54:31
Shopee 8.8 Merdeka Sale,com.shopee.my,Shopping,dfa873be-93a5-499f-9747-ea2bf1080b97,myworld story,5,,sangat bagus untuk membeli barang online di talian.,0,,2026-07-20T19:40:31,"Kami gembira mendengar ulasan ini myworld story ! Maklum balas positif memberi motivasi untuk kami terus memberikan anda pengalaman terbaik.
Jika anda mempunyai sebarang cadangan atau pandangan, sila hubungi kami melalui Aplikasi Shopee dan klik ""Saya"" > ""Pusat Bantuan"" dan pilih antara Chat atau Panggilan Internet.",2026-07-20T20:54:10
Shopee 8.8 Merdeka Sale,com.shopee.my,Shopping,a2b25970-b78f-438d-8f88-d033e65762f5,Mohd Haziq,2,,"i like shopee but why shopee ads always put fake ""x""? that's illegal, pls improve and take action. If shopee don't take action, consequences will happen",0,3.77.25,2026-07-20T18:19:24,"We're sorry to hear about this review, Mohd Haziq. 😢 We would like to understand more about the issues you've encountered. Could you please provide additional details or contact our support team? You can access via your Shopee App through Me > Help Centre and choose between Chat or Free Internet Call.",2026-07-20T20:10:04
Shopee 8.8 Merdeka Sale,com.shopee.my,Shopping,22c98dc8-7c77-4b22-a7f3-1d71111fdf19,Limb Live,5,,nice,0,,2026-07-20T18:17:29,"We're happy to hear that you're enjoying Shopee, Limb Live! If you have any suggestions or if there's anything specific you love about the app, feel free to let us know. If you need assistance, feel free to contact us via your Shopee App through Me > Help Centre and choose between Chat or Free Internet Call.",2026-07-20T20:09:40
Shopee 8.8 Merdeka Sale,com.shopee.my,Shopping,ed33d3f6-795a-4644-b164-470a182b5bc5,Y-Mi Wong,1,,"Shopee has been quietly charging my card for their ShopeeVIP subscription without my knowledge. Now I am looking for the ""Cancel Subscription"" button and it is missing.",2,3.78.28,2026-07-20T17:54:46,"We're sorry to hear about this review, Y-Mi Wong. 😢 We would like to understand more about the issues you've encountered. Could you please provide additional details or contact our support team? You can access via your Shopee App through Me > Help Centre and choose between Chat or Free Internet Call.",2026-07-20T20:08:48
Shopee 8.8 Merdeka Sale,com.shopee.my,Shopping,e10715c5-eb9e-48bf-8907-8e56c767ca75,Rimmy Lenggat,5,,nice app..,0,3.77.25,2026-07-20T17:47:09,"We're happy to hear that you're enjoying Shopee, Rimmy Lenggat! If you have any suggestions or if there's anything specific you love about the app, feel free to let us know. If you need assistance, feel free to contact us via your Shopee App through Me > Help Centre and choose between Chat or Free Internet Call.",2026-07-20T20:08:30
Shopee 8.8 Merdeka Sale,com.shopee.my,Shopping,139aa22b-22df-49b9-a106-6053c1893fef,Mohd Faizal,5,,just ok,0,3.78.28,2026-07-20T17:22:31,"We're happy to hear that you're enjoying Shopee, Mohd Faizal! If you have any suggestions or if there's anything specific you love about the app, feel free to let us know. If you need assistance, feel free to contact us via your Shopee App through Me > Help Centre and choose between Chat or Free Internet Call.",2026-07-20T18:12:29
Shopee 8.8 Merdeka Sale,com.shopee.my,Shopping,fbb5be88-db57-4db2-abed-383b7d534bb9,Syahiera Razali,5,,Shopee is easy to navigate and offers fantastic discounts. Shopping is enjoyable thanks to the wide product selection and secure payment options.,0,3.77.25,2026-07-20T16:39:59,"We're happy to hear that you're enjoying Shopee, Syahiera Razali! If you have any suggestions or if there's anything specific you love about the app, feel free to let us know. If you need assistance, feel free to contact us via your Shopee App through Me > Help Centre and choose between Chat or Free Internet Call.",2026-07-20T18:01:35
Shopee 8.8 Merdeka Sale,com.shopee.my,Shopping,296b6ec0-0685-4843-b3f5-bfc016f1663a,Tuhin,1,,👎,0,3.77.25,2026-07-20T16:33:52,"We're sorry to hear about this review, Tuhin. 😢 We would like to understand more about the issues you've encountered. Could you please provide additional details or contact our support team? You can access via your Shopee App through Me > Help Centre and choose between Chat or Free Internet Call.",2026-07-20T18:00:08
Shopee 8.8 Merdeka Sale,com.shopee.my,Shopping,5e3b986d-6e7f-47d0-9e0a-6885ba75fd4d,Zuff Jamal,1,,Kecewa dgn shopee. Sloans early full settle kena block. Spaylater pun kena block..No Outstanding Payment. Carian pun tak cekap macam dulu. 👎👎👎👎👎,1,3.78.28,2026-07-20T16:13:46,"Kami kesal mendengar ulasan ini, Zuff Jamal. 😢 Kami ingin menyelesaikan masalah ini dan membantu anda dengan selanjutnya.
Sila hubungi kami dan berikan kami informasi lanjut supaya kami boleh membantu anda melalui Aplikasi Shopee dan klik ""Saya"" > ""Pusat Bantuan"" dan pilih antara Chat ataupun Panggilan Internet.",2026-07-20T17:21:00
Shopee 8.8 Merdeka Sale,com.shopee.my,Shopping,5ba30f36-afcc-4f47-b056-d0519c153a68,Nio Swee Khiang,4,,"my first attempt, app took long time at payment stage n i attempt payment 3 times. at the end reorder n git thru in one attempt.",0,3.78.28,2026-07-20T15:59:04,"We're sorry to hear about this review, Nio Swee Khiang. 😢 We would like to understand more about the issues you've encountered. Could you please provide additional details or contact our support team? You can access via your Shopee App through Me > Help Centre and choose between Chat or Free Internet Call.",2026-07-20T16:55:32
Shopee 8.8 Merdeka Sale,com.shopee.my,Shopping,ab1fa9be-b1b7-4e68-868d-ecd2f394437d,ridzuan handar,5,,👍cun abis brg berkualiti,0,3.78.28,2026-07-20T15:25:08,"Kami gembira mendengar ulasan ini ridzuan handar ! Maklum balas positif memberi motivasi untuk kami terus memberikan anda pengalaman terbaik.
Jika anda mempunyai sebarang cadangan atau pandangan, sila hubungi kami melalui Aplikasi Shopee dan klik ""Saya"" > ""Pusat Bantuan"" dan pilih antara Chat atau Panggilan Internet.",2026-04-14T02:54:55
Shopee 8.8 Merdeka Sale,com.shopee.my,Shopping,3533ec13-a99a-4415-ba3c-2241c4004fbd,Tuan Nazirah,4,,use it by sop it I saw d,0,3.71.31,2026-07-20T15:17:02,"We're happy to hear that you're enjoying Shopee, Tuan Nazirah! If you have any suggestions or if there's anything specific you love about the app, feel free to let us know. If you need assistance, feel free to contact us via your Shopee App through Me > Help Centre and choose between Chat or Free Internet Call.",2026-07-20T16:29:42
Shopee 8.8 Merdeka Sale,com.shopee.my,Shopping,27e21a39-f259-4dfd-bc9a-0a4ad8a2fa4d,Nur Anis,5,,very helpful for me as a student ... tqvm shopeee❤️❤️❤️❤️❤️,0,3.77.25,2026-07-20T15:15:16,"We're happy to hear that you're enjoying Shopee, Nur Anis! If you have any suggestions or if there's anything specific you love about the app, feel free to let us know. If you need assistance, feel free to contact us via your Shopee App through Me > Help Centre and choose between Chat or Free Internet Call.",2026-04-02T16:01:27
Shopee 8.8 Merdeka Sale,com.shopee.my,Shopping,f385fcda-b889-4aa5-9630-094e2283f3a5,Suheib Md Rom (Md3iB),5,,bleh ke up spaylater saya jadi 15k 🙏🙏🙏🥺🥺🥺🥺,0,3.77.25,2026-07-20T15:08:55,"Kami gembira mendengar ulasan ini Suheib Md Rom (Md3iB) ! Maklum balas positif memberi motivasi untuk kami terus memberikan anda pengalaman terbaik.
Jika anda mempunyai sebarang cadangan atau pandangan, sila hubungi kami melalui Aplikasi Shopee dan klik ""Saya"" > ""Pusat Bantuan"" dan pilih antara Chat atau Panggilan Internet.",2026-07-20T16:17:17
Shopee 8.8 Merdeka Sale,com.shopee.my,Shopping,4f63ac55-d7bd-4716-bb16-0df7aca65675,Sarmaloshiny Sathivell,5,,"Shopee is a popular and convenient shopping app with many products at affordable prices. The app is easy to navigate, and features like vouchers and reviews help make shopping easier.",0,3.78.28,2026-07-20T15:08:13,"We're happy to hear that you're enjoying Shopee, Sarmaloshiny Sathivell! If you have any suggestions or if there's anything specific you love about the app, feel free to let us know. If you need assistance, feel free to contact us via your Shopee App through Me > Help Centre and choose between Chat or Free Internet Call.",2026-07-20T16:15:53
Shopee 8.8 Merdeka Sale,com.shopee.my,Shopping,dfaa17d0-5f91-4852-a053-59b5c78c712e,Nili John,5,,"value for money...easy, Hussle free",0,3.78.28,2026-07-20T14:56:27,"We're happy to hear that you're enjoying Shopee, Nili John! If you have any suggestions or if there's anything specific you love about the app, feel free to let us know. If you need assistance, feel free to contact us via your Shopee App through Me > Help Centre and choose between Chat or Free Internet Call.",2026-07-20T16:14:38
Shopee 8.8 Merdeka Sale,com.shopee.my,Shopping,01233360-0db3-439d-9f5e-0eb49bf9edf7,uh cha,5,,Not bad,0,3.78.28,2026-07-20T13:16:31,"Thank you for rating us uh cha !
If you need assistance in the future, feel free to contact us via your Shopee App through Me > Help Centre and choose between Chat or Internet Call.",2026-07-20T13:57:47
Shopee 8.8 Merdeka Sale,com.shopee.my,Shopping,07c88abe-18dd-4e24-a015-a52e5ed3e694,Usman Ghouri,5,,Good and valuable product,0,,2026-07-20T13:12:01,"We're happy to hear that you're enjoying Shopee, Usman Ghouri! If you have any suggestions or if there's anything specific you love about the app, feel free to let us know. If you need assistance, feel free to contact us via your Shopee App through Me > Help Centre and choose between Chat or Free Internet Call.",2026-07-20T13:40:54
Shopee 8.8 Merdeka Sale,com.shopee.my,Shopping,9ddc6f03-5e5f-45e0-9632-122081afe59d,bicara hati,5,,pesanan cepat sampai Dan harga berbaloi baloi,0,3.78.28,2026-07-20T12:51:53,"Kami gembira mendengar ulasan ini bicara hati ! Maklum balas positif memberi motivasi untuk kami terus memberikan anda pengalaman terbaik.
Jika anda mempunyai sebarang cadangan atau pandangan, sila hubungi kami melalui Aplikasi Shopee dan klik ""Saya"" > ""Pusat Bantuan"" dan pilih antara Chat atau Panggilan Internet.",2026-07-20T13:40:40
Shopee 8.8 Merdeka Sale,com.shopee.my,Shopping,b9042227-ad40-48b8-b1bd-5e6ce6af6b32,Mohd Shakir,5,,my experience very good app. smooth and easy to use. work well with me,0,3.43.40,2026-07-20T12:24:45,"We're happy to hear that you're enjoying Shopee, Mohd Shakir! If you have any suggestions or if there's anything specific you love about the app, feel free to let us know. If you need assistance, feel free to contact us via your Shopee App through Me > Help Centre and choose between Chat or Free Internet Call.",2026-07-20T13:34:39
Shopee 8.8 Merdeka Sale,com.shopee.my,Shopping,33f735a4-2895-4f68-b849-e04557cc1e9b,qistina Izwan,5,,semua barang murah gile,0,,2026-07-20T11:54:20,"Kami gembira mendengar ulasan ini qistina Izwan ! Maklum balas positif memberi motivasi untuk kami terus memberikan anda pengalaman terbaik.
Jika anda mempunyai sebarang cadangan atau pandangan, sila hubungi kami melalui Aplikasi Shopee dan klik ""Saya"" > ""Pusat Bantuan"" dan pilih antara Chat atau Panggilan Internet.",2026-07-20T13:31:54
Shopee 8.8 Merdeka Sale,com.shopee.my,Shopping,3400b13b-0d41-4607-a1b8-b0e1573d8ef8,Abdul Razak Mariat,5,,Convenient shopping experience with Shopee!,0,3.71.31,2026-07-20T11:02:06,"We're happy to hear that you're enjoying Shopee, Abdul Razak Mariat! If you have any suggestions or if there's anything specific you love about the app, feel free to let us know. If you need assistance, feel free to contact us via your Shopee App through Me > Help Centre and choose between Chat or Free Internet Call.",2026-07-20T12:28:26
Shopee 8.8 Merdeka Sale,com.shopee.my,Shopping,04a816e5-a658-476a-8ba9-8fa4d57e4569,Viji Kumar,5,,Good,0,3.71.31,2026-07-20T09:47:08,"We're happy to hear that you're enjoying Shopee, Viji Kumar! If you have any suggestions or if there's anything specific you love about the app, feel free to let us know. If you need assistance, feel free to contact us via your Shopee App through Me > Help Centre and choose between Chat or Free Internet Call.",2026-07-20T11:05:38
Shopee 8.8 Merdeka Sale,com.shopee.my,Shopping,8890f4c5-53fa-42bd-b101-f1eecda5df47,lutfi camom,3,,SHOPEE MISION KALAU BROWSE TAK SEMUA BOLEH CLAIM.DAN LAGI 1 BOLEH TAK ADJUST KALAU BUKAK APPS TU TERUS JANGAN KE BAHAGIAN LIVE.,0,3.78.28,2026-07-20T09:40:54,"Kami kesal mendengar ulasan ini, lutfi camom. 😢 Kami ingin menyelesaikan masalah ini dan membantu anda dengan selanjutnya.
Sila hubungi kami dan berikan kami informasi lanjut supaya kami boleh membantu anda melalui Aplikasi Shopee dan klik ""Saya"" > ""Pusat Bantuan"" dan pilih antara Chat ataupun Panggilan Internet.",2026-07-20T11:32:40
Shopee 8.8 Merdeka Sale,com.shopee.my,Shopping,f2743172-b454-4bc7-90eb-d5e1a8ca3162,Aryanzhafran,5,,layang gang yang puas,0,3.73.27,2026-07-20T09:24:09,"Kami gembira mendengar ulasan ini Aryanzhafran ! Maklum balas positif memberi motivasi untuk kami terus memberikan anda pengalaman terbaik.
Jika anda mempunyai sebarang cadangan atau pandangan, sila hubungi kami melalui Aplikasi Shopee dan klik ""Saya"" > ""Pusat Bantuan"" dan pilih antara Chat atau Panggilan Internet.",2026-07-20T11:45:22
Shopee 8.8 Merdeka Sale,com.shopee.my,Shopping,603a95e1-6e2a-4583-bfd6-de41c254e9f8,Andrew Lu,5,,very user friendly and afyersales service in general is very helpful. however there was a case where seller not selling items as per illustrated which the application staff failed to notice the difference. but apart from that incident everything is perfect and secure.,0,3.78.28,2026-07-20T09:15:58,"We're happy to hear that you're enjoying Shopee, Andrew Lu! If you have any suggestions or if there's anything specific you love about the app, feel free to let us know. If you need assistance, feel free to contact us via your Shopee App through Me > Help Centre and choose between Chat or Free Internet Call.

",2026-07-20T09:38:25
Shopee 8.8 Merdeka Sale,com.shopee.my,Shopping,cd37ec34-71cf-4c6a-b1b6-fee339d6c2ac,faiz sabarijan,1,,unsatisfactory service,0,,2026-07-20T09:04:44,"We're happy to hear that you're enjoying Shopee, faiz sabarijan! If you have any suggestions or if there's anything specific you love about the app, feel free to let us know. If you need assistance, feel free to contact us via your Shopee App through Me > Help Centre and choose between Chat or Free Internet Call.",2026-07-20T11:44:25
Shopee 8.8 Merdeka Sale,com.shopee.my,Shopping,9b0c987b-4a06-4d93-949b-efd1d400e558,Toto Toti,5,,mashallah Good ❤️😁👍,0,3.78.28,2026-07-20T08:54:37,"Kami gembira mendengar ulasan ini Toto Toti ! Maklum balas positif memberi motivasi untuk kami terus memberikan anda pengalaman terbaik.
Jika anda mempunyai sebarang cadangan atau pandangan, sila hubungi kami melalui Aplikasi Shopee dan klik ""Saya"" > ""Pusat Bantuan"" dan pilih antara Chat atau Panggilan Internet.",2026-07-20T11:43:24
Shopee 8.8 Merdeka Sale,com.shopee.my,Shopping,d1407fc0-90da-4eb5-bb8f-680124214e30,MD SHAIN,5,,ok,0,,2026-07-20T08:33:38,"Kami gembira mendengar ulasan ini MD SHAIN ! Maklum balas positif memberi motivasi untuk kami terus memberikan anda pengalaman terbaik.
Jika anda mempunyai sebarang cadangan atau pandangan, sila hubungi kami melalui Aplikasi Shopee dan klik ""Saya"" > ""Pusat Bantuan"" dan pilih antara Chat atau Panggilan Internet.",2026-07-20T11:43:05
Shopee 8.8 Merdeka Sale,com.shopee.my,Shopping,631a556c-4958-40bb-9547-081701ef3d7f,Eng Jian Tan,5,,easy to use,0,3.78.28,2026-07-20T08:15:11,"We're happy to hear that you're enjoying Shopee, Eng Jian Tan! If you have any suggestions or if there's anything specific you love about the app, feel free to let us know. If you need assistance, feel free to contact us via your Shopee App through Me > Help Centre and choose between Chat or Free Internet Call.",2026-07-20T09:49:12
Shopee 8.8 Merdeka Sale,com.shopee.my,Shopping,ea57ec00-d099-4916-b9bc-ba4a7299578f,Nikolai Fyodor,1,,So many freaking ads when your trying to play games boom a shoppee ad trying to search info on websites boom ad how much more people do you want to download the ad you already have so many people using this app and its super annoying and when i press on the 'X' button it'll bring me to the shoppee website or play store,1,3.63.24,2026-07-20T08:09:19,"We're sorry to hear about this review, Nikolai Fyodor. 😢 We would like to understand more about the issues you've encountered. Could you please provide additional details or contact our support team? You can access via your Shopee App through Me > Help Centre and choose between Chat or Free Internet Call.",2026-07-20T09:48:01
Shopee 8.8 Merdeka Sale,com.shopee.my,Shopping,a27907a7-d875-47a4-907a-b950c309699e,Microsoft Copilot Google Gimini,5,,"(3.1952, 113.0555)",1,,2026-07-20T07:08:12,"We're happy to hear that you're enjoying Shopee, Microsoft Copilot Google Gimini! If you have any suggestions or if there's anything specific you love about the app, feel free to let us know. If you need assistance, feel free to contact us via your Shopee App through Me > Help Centre and choose between Chat or Free Internet Call.",2026-07-20T07:32:17
Shopee 8.8 Merdeka Sale,com.shopee.my,Shopping,9a4ea189-53c5-481c-a12a-eab45f711422,Matt Dagang,5,,very useful,1,3.78.28,2026-07-20T05:57:37,"We're happy to hear that you're enjoying Shopee, Matt Dagang! If you have any suggestions or if there's anything specific you love about the app, feel free to let us know. If you need assistance, feel free to contact us via your Shopee App through Me > Help Centre and choose between Chat or Free Internet Call.",2026-07-20T07:03:33
Shopee 8.8 Merdeka Sale,com.shopee.my,Shopping,a6bbcfd6-cca8-4aef-946d-e3f886a085b5,manaf revspeed,5,,Lebih Baik dgn shopee kannnn,0,3.78.28,2026-07-20T05:25:30,"Kami gembira mendengar ulasan ini manaf revspeed ! Maklum balas positif memberi motivasi untuk kami terus memberikan anda pengalaman terbaik.
Jika anda mempunyai sebarang cadangan atau pandangan, sila hubungi kami melalui Aplikasi Shopee dan klik ""Saya"" > ""Pusat Bantuan"" dan pilih antara Chat atau Panggilan Internet.",2026-07-20T06:24:27
Shopee 8.8 Merdeka Sale,com.shopee.my,Shopping,25ff6b68-ec41-4ca6-a046-afccbf272ac1,prvnkmr,3,,the mini video that auto plays right on top of every product I'm viewing is blocking my view and is annoying. remove it or do something about it,1,3.78.28,2026-07-20T04:10:29,"We're sorry to hear about this review, prvnkmr. 😢 We would like to understand more about the issues you've encountered. Could you please provide additional details or contact our support team? You can access via your Shopee App through Me > Help Centre and choose between Chat or Free Internet Call.",2026-07-20T05:04:10
Shopee 8.8 Merdeka Sale,com.shopee.my,Shopping,8e6bca82-cf32-46da-9d8c-f7149965f7b7,Farhan Farhan,5,,good,0,3.78.28,2026-07-20T03:38:35,"We're happy to hear that you're enjoying Shopee, Farhan Farhan! If you have any suggestions or if there's anything specific you love about the app, feel free to let us know. If you need assistance, feel free to contact us via your Shopee App through Me > Help Centre and choose between Chat or Free Internet Call.",2026-07-20T04:57:16
Shopee 8.8 Merdeka Sale,com.shopee.my,Shopping,25d4bd67-9797-42c9-a71c-76ab2984b65b,Siti nurul ain Abdul manan,5,,fast topup,1,3.78.28,2026-07-19T23:55:00,"We're happy to hear that you're enjoying Shopee, Siti nurul ain Abdul manan! If you have any suggestions or if there's anything specific you love about the app, feel free to let us know. If you need assistance, feel free to contact us via your Shopee App through Me > Help Centre and choose between Chat or Free Internet Call.",2026-07-20T00:31:55
Shopee 8.8 Merdeka Sale,com.shopee.my,Shopping,2304d188-6220-4c91-89b0-08ce9d965927,Rania,5,,hey shoppe i want to request dark theme on this app . cause it help people eye's from feeling tired on night while scrolling shop. .. 🙏🏻,1,3.78.28,2026-07-19T23:03:54,"We're happy to hear that you're enjoying Shopee, Rania! If you have any suggestions or if there's anything specific you love about the app, feel free to let us know. If you need assistance, feel free to contact us via your Shopee App through Me > Help Centre and choose between Chat or Free Internet Call.",2026-07-19T23:31:48
Shopee 8.8 Merdeka Sale,com.shopee.my,Shopping,f509ca52-493a-4d35-8b83-38c0ae96f19a,Muthu Jack,5,,easy shopping plate form,0,3.78.28,2026-07-19T22:43:37,"We're happy to hear that you're enjoying Shopee, Muthu Jack! If you have any suggestions or if there's anything specific you love about the app, feel free to let us know. If you need assistance, feel free to contact us via your Shopee App through Me > Help Centre and choose between Chat or Free Internet Call.",2026-07-19T23:34:14
Shopee 8.8 Merdeka Sale,com.shopee.my,Shopping,0693c61c-1d7a-4a05-bc80-c0d3227d9ec2,PAN POH LEONG,5,,Excellent,0,3.78.28,2026-07-19T21:40:05,"We're happy to hear that you're enjoying Shopee, PAN POH LEONG! If you have any suggestions or if there's anything specific you love about the app, feel free to let us know. If you need assistance, feel free to contact us via your Shopee App through Me > Help Centre and choose between Chat or Free Internet Call.",2026-07-19T22:36:35
Shopee 8.8 Merdeka Sale,com.shopee.my,Shopping,77cfef09-729d-4f87-8822-7e8859ec9aed,Syfq Chewy,3,,"can make like tiktok, can make early payment for shopee pay later (can put Repayment amount and pay little )",0,3.78.28,2026-07-19T20:19:37,"Thank you for rating us Syfq Chewy !
If you need assistance in the future, feel free to contact us via your Shopee App through Me > Help Centre and choose between Chat or Internet Call.",2026-07-19T20:42:17
Shopee 8.8 Merdeka Sale,com.shopee.my,Shopping,76a9f501-3a7f-4828-b42f-fa03f6e9ef8f,Krishna Gurung,5,,Good,0,3.78.28,2026-07-19T19:56:11,"We're happy to hear that you're enjoying Shopee, Krishna Gurung! If you have any suggestions or if there's anything specific you love about the app, feel free to let us know. If you need assistance, feel free to contact us via your Shopee App through Me > Help Centre and choose between Chat or Free Internet Call.",2026-07-19T20:58:14
Shopee 8.8 Merdeka Sale,com.shopee.my,Shopping,1d7a6309-db35-4e97-86ba-0c62b1823c12,Nangmu Wai,5,,good,0,3.77.25,2026-07-19T19:54:11,"We're happy to hear that you're enjoying Shopee, Nangmu Wai! If you have any suggestions or if there's anything specific you love about the app, feel free to let us know. If you need assistance, feel free to contact us via your Shopee App through Me > Help Centre and choose between Chat or Free Internet Call.",2026-07-19T20:41:02
Shopee 8.8 Merdeka Sale,com.shopee.my,Shopping,62c0f211-da3a-4a59-9ce8-47dab7e5219a,King Hisyam,5,,Very satisfied so far for every items that I've bought.. Good delivery service! ❤️,1,3.78.28,2026-07-19T19:51:35,"We're happy to hear that you're enjoying Shopee, King Hisyam! If you have any suggestions or if there's anything specific you love about the app, feel free to let us know. If you need assistance, feel free to contact us via your Shopee App through Me > Help Centre and choose between Chat or Free Internet Call.",2026-07-19T20:57:55
Shopee 8.8 Merdeka Sale,com.shopee.my,Shopping,eb4def4a-bcaa-4336-a30c-1ddf7fb59152,roslan md nor,5,,Enjoy,0,3.78.28,2026-07-19T19:45:34,"We're happy to hear that you're enjoying Shopee, roslan md nor! If you have any suggestions or if there's anything specific you love about the app, feel free to let us know. If you need assistance, feel free to contact us via your Shopee App through Me > Help Centre and choose between Chat or Free Internet Call.",2026-07-19T20:40:47
Shopee 8.8 Merdeka Sale,com.shopee.my,Shopping,7e03cdd0-d310-47fe-9764-ab081ed419f4,Shah Shah,5,,app terbaik,0,3.77.25,2026-07-19T19:09:55,"Kami gembira mendengar ulasan ini Shah Shah ! Maklum balas positif memberi motivasi untuk kami terus memberikan anda pengalaman terbaik.
Jika anda mempunyai sebarang cadangan atau pandangan, sila hubungi kami melalui Aplikasi Shopee dan klik ""Saya"" > ""Pusat Bantuan"" dan pilih antara Chat atau Panggilan Internet.",2026-07-19T20:04:07
Shopee 8.8 Merdeka Sale,com.shopee.my,Shopping,5472c223-c865-4bee-b5d3-c41e7f36d21c,Ceksu Mahmood,5,,Good,0,3.78.28,2026-07-19T18:11:24,"We're happy to hear that you're enjoying Shopee, Ceksu Mahmood! If you have any suggestions or if there's anything specific you love about the app, feel free to let us know. If you need assistance, feel free to contact us via your Shopee App through Me > Help Centre and choose between Chat or Free Internet Call.",2026-07-19T19:33:19
Shopee 8.8 Merdeka Sale,com.shopee.my,Shopping,01e39312-6ec4-4626-87d7-a2c6d8d3081e,Nurazlin Mohamed,5,,This app is user-friendly and helps me find everything I need in one place.,0,,2026-07-19T17:45:16,"We're happy to hear that you're enjoying Shopee, Nurazlin Mohamed! If you have any suggestions or if there's anything specific you love about the app, feel free to let us know. If you need assistance, feel free to contact us via your Shopee App through Me > Help Centre and choose between Chat or Free Internet Call.",2026-07-19T19:40:17
Shopee 8.8 Merdeka Sale,com.shopee.my,Shopping,86a25381-7924-4b3e-aa8b-f02db2cf7cd5,Wardina Anuar,5,,Best,0,3.77.25,2026-07-19T16:41:17,,
Shopee 8.8 Merdeka Sale,com.shopee.my,Shopping,1bacddcf-cd39-4560-98f4-9ea47445a42a,Md Hasan,5,,good apps,0,3.76.27,2026-07-19T16:02:47,"Thank you for rating us Md Hasan !
If you need assistance in the future, feel free to contact us via your Shopee App through Me > Help Centre and choose between Chat or Internet Call.",2026-07-19T17:27:08
Shopee 8.8 Merdeka Sale,com.shopee.my,Shopping,8633074a-191c-4c68-90ea-8bfb6db955cb,Ang Zee xiang,1,,I cancelled a order yesterday and the platform said it refunded me my money but I didn't receive any,1,3.78.28,2026-07-19T15:13:52,"We're sorry to hear about this review, Ang Zee xiang. 😢 We would like to understand more about the issues you've encountered. Could you please provide additional details or contact our support team? You can access via your Shopee App through Me > Help Centre and choose between Chat or Free Internet Call.",2026-07-19T17:28:52
Shopee 8.8 Merdeka Sale,com.shopee.my,Shopping,5413eb1d-cafa-470e-8a59-2058b6c579c8,Rasel khan,5,,"Shopee is one of my favorite online shopping apps because it's easy and fun to use. I like that there are many choices of products at different prices, and I can find almost anything I need. The reviews and ratings also help me choose better products. Overall, Shopee makes online shopping more convenient and enjoyable",1,3.78.28,2026-07-19T14:39:39,"We're happy to hear that you're enjoying Shopee, Rasel khan! If you have any suggestions or if there's anything specific you love about the app, feel free to let us know. If you need assistance, feel free to contact us via your Shopee App through Me > Help Centre and choose between Chat or Free Internet Call.",2026-07-19T17:27:40
Shopee 8.8 Merdeka Sale,com.shopee.my,Shopping,e6f168b7-0a90-465c-8c2d-3a24c310db62,Ebrahim,5,,some product are good and some product bad and I think you have some fake product seller why i called them fake because i received some product are really not nice,0,3.78.28,2026-07-19T14:37:41,"We're sorry to hear about this review, Ebrahim. 😢 We would like to understand more about the issues you've encountered. Could you please provide additional details or contact our support team? You can access via your Shopee App through Me > Help Centre and choose between Chat or Free Internet Call.",2026-07-19T17:27:25
Shopee 8.8 Merdeka Sale,com.shopee.my,Shopping,9cc80280-1507-4600-8aae-644be11c3145,Muhammad Aqil Shamsuddin,5,,👍🏻👍🏻,0,3.78.28,2026-07-19T14:04:25,"We're happy to hear that you're enjoying Shopee, Muhammad Aqil Shamsuddin! If you have any suggestions or if there's anything specific you love about the app, feel free to let us know. If you need assistance, feel free to contact us via your Shopee App through Me > Help Centre and choose between Chat or Free Internet Call.",2026-07-19T14:41:56
Shopee 8.8 Merdeka Sale,com.shopee.my,Shopping,d0a96598-265d-4cc2-b0a9-28eac986e155,Hana Maryam,5,,mudah nak cari barang,0,3.73.29,2026-07-19T13:52:32,"Kami gembira mendengar ulasan ini Hana Maryam ! Maklum balas positif memberi motivasi untuk kami terus memberikan anda pengalaman terbaik.
Jika anda mempunyai sebarang cadangan atau pandangan, sila hubungi kami melalui Aplikasi Shopee dan klik ""Saya"" > ""Pusat Bantuan"" dan pilih antara Chat atau Panggilan Internet.",2026-07-19T14:42:13
Shopee 8.8 Merdeka Sale,com.shopee.my,Shopping,1c2c6efa-5c52-4501-8acf-2540a474670e,kamarul hafiz shaari,5,,Macam-macam ada! Alat ganti dan Aksesori kereta ada jual.Boleh bayar pakai online banking/Pembayaran di Kedai Runcit-KK Mart dan 7 Eleven(Shopee bagi BARCODE),1,3.78.28,2026-07-19T13:50:05,"Kami gembira mendengar ulasan ini kamarul hafiz shaari ! Maklum balas positif memberi motivasi untuk kami terus memberikan anda pengalaman terbaik.
Jika anda mempunyai sebarang cadangan atau pandangan, sila hubungi kami melalui Aplikasi Shopee dan klik ""Saya"" > ""Pusat Bantuan"" dan pilih antara Chat atau Panggilan Internet.",2026-07-19T14:41:44
Shopee 8.8 Merdeka Sale,com.shopee.my,Shopping,95b975e8-35d1-4c47-a3b9-6c8c9813c304,Duan Chang,5,,Terbaik,0,3.77.25,2026-07-19T13:48:33,"Kami gembira mendengar ulasan ini Duan Chang ! Maklum balas positif memberi motivasi untuk kami terus memberikan anda pengalaman terbaik.
Jika anda mempunyai sebarang cadangan atau pandangan, sila hubungi kami melalui Aplikasi Shopee dan klik ""Saya"" > ""Pusat Bantuan"" dan pilih antara Chat atau Panggilan Internet.",2026-07-19T14:41:25
Shopee 8.8 Merdeka Sale,com.shopee.my,Shopping,2851f91d-e598-43a3-a93d-8e71fb0b717f,nurien shauqiena,5,,Recommended,0,3.78.28,2026-07-19T13:40:11,"We're happy to hear that you're enjoying Shopee, nurien shauqiena! If you have any suggestions or if there's anything specific you love about the app, feel free to let us know. If you need assistance, feel free to contact us via your Shopee App through Me > Help Centre and choose between Chat or Free Internet Call.",2026-07-19T14:40:47
Shopee 8.8 Merdeka Sale,com.shopee.my,Shopping,c5e8e122-386b-4173-a3c3-76b7dcd1d881,Muhammad Atif,4,,the app is good but some time it becomes slow except this thing app is perfect,0,3.78.28,2026-07-19T13:39:35,"We're happy to hear that you're enjoying Shopee, Muhammad Atif! If you have any suggestions or if there's anything specific you love about the app, feel free to let us know. If you need assistance, feel free to contact us via your Shopee App through Me > Help Centre and choose between Chat or Free Internet Call.",2026-07-19T14:40:31
Shopee 8.8 Merdeka Sale,com.shopee.my,Shopping,e1e3c710-2d41-4c70-addc-568c0c2488ff,Kaito Jack,1,,Tak habis habis dgn bug. app tk respond stop responding. apa masalah pun tkthu,0,3.78.28,2026-07-19T13:38:52,"Kami kesal mendengar ulasan ini, Kaito Jack. 😢 Kami ingin menyelesaikan masalah ini dan membantu anda dengan selanjutnya.
Sila hubungi kami dan berikan kami informasi lanjut supaya kami boleh membantu anda melalui Aplikasi Shopee dan klik ""Saya"" > ""Pusat Bantuan"" dan pilih antara Chat ataupun Panggilan Internet.",2026-07-19T14:40:08
Shopee 8.8 Merdeka Sale,com.shopee.my,Shopping,5d88619f-efff-4818-83de-eb0b996b80f3,Main Grain,1,,"I am extremely disappointed with how Shopee handles fraud. I received a counterfeit cosmetic product, and the shop was explicitly banned by Shopee before my order even finished. I contacted live chat, provided clear evidence, and was promised a proper resolution. After waiting 3 days, they did absolutely nothing except issue a generic automated command forcing me to mail a fake, dangerous chemical product back.Unacceptable service that completely ignores evidence and protects fraudulent stores!",2,3.78.28,2026-07-19T13:27:32,"We're sorry to hear about this review, Main Grain. 😢 We would like to understand more about the issues you've encountered. Could you please provide additional details or contact our support team? You can access via your Shopee App through Me > Help Centre and choose between Chat or Free Internet Call.",2026-07-19T13:38:20
Shopee 8.8 Merdeka Sale,com.shopee.my,Shopping,6a942f0f-5d14-49f9-83d0-82be2049f8c2,Goh Yinn Theng,1,,"seller didnt ship my order in 1 week, i request to cancel but seller not agree then cancel my request, icant make 2nd time request and only can chat with AI robot, AI robot didnt solute my problem... disapointed",2,3.78.28,2026-07-19T13:26:58,"Hi there,

We hear you and would want to make things right. We’re always ready to help via:

- Hotline number at +603 2777 9222
- Live Chat via Shopee app
- Email us at help@support.shopee.com.my

Looking forward to serving you better! 🧡",2023-03-13T14:10:16
Shopee 8.8 Merdeka Sale,com.shopee.my,Shopping,92eb6bed-00b1-48a6-ba41-4ce097981afe,Mohammad Danish,1,,barang asyik delay waktu nak hantaq,0,3.77.25,2026-07-19T13:23:08,,
Shopee 8.8 Merdeka Sale,com.shopee.my,Shopping,4d9b2907-152c-47a6-be32-b04fb4700323,Hanisah Hasan,5,,shopee memang terbaik,0,3.78.28,2026-07-19T12:14:28,"Kami gembira mendengar ulasan ini Hanisah Hasan ! Maklum balas positif memberi motivasi untuk kami terus memberikan anda pengalaman terbaik.
Jika anda mempunyai sebarang cadangan atau pandangan, sila hubungi kami melalui Aplikasi Shopee dan klik ""Saya"" > ""Pusat Bantuan"" dan pilih antara Chat atau Panggilan Internet.",2026-07-19T12:34:10
Shopee 8.8 Merdeka Sale,com.shopee.my,Shopping,82bfeea4-ecb6-493e-acab-ea9779fce5fe,Nur Nuha,5,,"Love the user interface and the frequent vouchers! It’s very easy to track my orders, and the platform feels safe for shopping and finding good deals.",0,3.77.25,2026-07-19T12:09:01,"We're happy to hear that you're enjoying Shopee, Nur Nuha! If you have any suggestions or if there's anything specific you love about the app, feel free to let us know. If you need assistance, feel free to contact us via your Shopee App through Me > Help Centre and choose between Chat or Free Internet Call.",2026-07-19T12:33:52
Shopee 8.8 Merdeka Sale,com.shopee.my,Shopping,8da851f1-32fe-4a07-9808-55f69da911eb,nu Xee,5,,"good, I like this app very easy",0,3.78.28,2026-07-19T10:15:11,"We're happy to hear that you're enjoying Shopee, nu Xee! If you have any suggestions or if there's anything specific you love about the app, feel free to let us know. If you need assistance, feel free to contact us via your Shopee App through Me > Help Centre and choose between Chat or Free Internet Call.",2026-07-19T12:33:26
Shopee 8.8 Merdeka Sale,com.shopee.my,Shopping,e2dbc6fd-fd3c-4e45-8cb1-7c8395a3222c,PUTRA AKIEF ZIQRI BIN ZULFADLY,5,,A reliable app with great discounts and promotions.,0,3.73.27,2026-07-19T09:42:23,"We're happy to hear that you're enjoying Shopee, PUTRA AKIEF ZIQRI BIN ZULFADLY! If you have any suggestions or if there's anything specific you love about the app, feel free to let us know. If you need assistance, feel free to contact us via your Shopee App through Me > Help Centre and choose between Chat or Free Internet Call.",2026-07-19T11:53:22
Shopee 8.8 Merdeka Sale,com.shopee.my,Shopping,95b4ba9d-25a7-4c89-9828-8826c43e64fb,Tresno,5,,promosi dan penghantaran yang cepat. Sangat berpuas hati.,0,3.77.25,2026-07-19T09:27:13,"Kami gembira mendengar ulasan ini Tresno ! Maklum balas positif memberi motivasi untuk kami terus memberikan anda pengalaman terbaik.
Jika anda mempunyai sebarang cadangan atau pandangan, sila hubungi kami melalui Aplikasi Shopee dan klik ""Saya"" > ""Pusat Bantuan"" dan pilih antara Chat atau Panggilan Internet.",2026-07-19T12:05:15
Shopee 8.8 Merdeka Sale,com.shopee.my,Shopping,ec63757c-f275-415f-b39d-be457591aba5,nur asykin,5,,"Memudahkan sangat-sangat, nak beli barang pon senang hanya di hujung jari dan dapat menikmati pelbagai diskaun yang menarik. sangat suka menggunakan apps Shopee 🥰. .",0,3.78.28,2026-07-19T09:21:55,"Kami gembira mendengar ulasan ini nur asykin ! Maklum balas positif memberi motivasi untuk kami terus memberikan anda pengalaman terbaik.
Jika anda mempunyai sebarang cadangan atau pandangan, sila hubungi kami melalui Aplikasi Shopee dan klik ""Saya"" > ""Pusat Bantuan"" dan pilih antara Chat atau Panggilan Internet.",2026-07-19T12:04:49
Shopee 8.8 Merdeka Sale,com.shopee.my,Shopping,3b0b584d-1616-45aa-afe5-7a432fe79ecc,Tracie Vts,5,,"Shopee is an excellent shopping app with affordable prices, attractive discounts, and many product choices. The interface is simple, making browsing and purchasing enjoyable. Secure payment options and reliable delivery improve the overall experience. It is a convenient platform for finding great deals on everyday products online.",0,3.78.28,2026-07-19T09:15:07,"We're happy to hear that you're enjoying Shopee, Tracie Vts! If you have any suggestions or if there's anything specific you love about the app, feel free to let us know. If you need assistance, feel free to contact us via your Shopee App through Me > Help Centre and choose between Chat or Free Internet Call.",2026-07-19T13:46:13
Shopee 8.8 Merdeka Sale,com.shopee.my,Shopping,cb97847e-9882-4883-8a17-5a39630b4fbe,Addy Zain,5,,Good shopping app with affordable prices and many discounts.,0,3.77.25,2026-07-19T09:01:10,"We're happy to hear that you're enjoying Shopee, Addy Zain! If you have any suggestions or if there's anything specific you love about the app, feel free to let us know. If you need assistance, feel free to contact us via your Shopee App through Me > Help Centre and choose between Chat or Free Internet Call.",2026-07-19T13:45:23
Shopee 8.8 Merdeka Sale,com.shopee.my,Shopping,8f7a444a-c986-4e29-b448-debc0f604f39,Nia Saad,5,,shoppe tempat shopping best..senangg cari barang.banyak voucher,1,3.78.28,2026-07-19T07:57:23,"Kami gembira mendengar ulasan ini Nia Saad ! Maklum balas positif memberi motivasi untuk kami terus memberikan anda pengalaman terbaik.
Jika anda mempunyai sebarang cadangan atau pandangan, sila hubungi kami melalui Aplikasi Shopee dan klik ""Saya"" > ""Pusat Bantuan"" dan pilih antara Chat atau Panggilan Internet.",2026-07-19T11:13:26
Shopee 8.8 Merdeka Sale,com.shopee.my,Shopping,2b487738-0fa9-4ae1-94e1-6c21e7ccd603,ataf Afif,5,,shopeee mantaappll,0,3.78.28,2026-07-19T07:07:57,"Kami gembira mendengar ulasan ini ataf Afif ! Maklum balas positif memberi motivasi untuk kami terus memberikan anda pengalaman terbaik.
Jika anda mempunyai sebarang cadangan atau pandangan, sila hubungi kami melalui Aplikasi Shopee dan klik ""Saya"" > ""Pusat Bantuan"" dan pilih antara Chat atau Panggilan Internet.",2026-07-19T07:51:04
Shopee 8.8 Merdeka Sale,com.shopee.my,Shopping,6668866d-ddbf-4bee-819a-7d778258b966,WAN MOHD ROSLEEN (halimbee),5,,nice buying online services,0,3.77.25,2026-07-19T06:29:14,"We're happy to hear that you're enjoying Shopee, WAN MOHD ROSLEEN (halimbee)! If you have any suggestions or if there's anything specific you love about the app, feel free to let us know. If you need assistance, feel free to contact us via your Shopee App through Me > Help Centre and choose between Chat or Free Internet Call.",2025-10-18T00:25:17
Shopee 8.8 Merdeka Sale,com.shopee.my,Shopping,b836a35c-1b9a-4e0c-b814-cce3406a2cca,Adib Zuhyr,1,,AKU NK MAIN GAME DOK KELUAQ IKLAN PA HAMPA NI. TK DK SAPA NK BELI.DOK SPAM IKLAN PA.HARITU AKU BELI BOW MEMANAH. PATAH HABIS. HAMPA HANTAQ MCM MNA,1,,2026-07-19T06:23:37,"Kami kesal mendengar ulasan ini, Adib Zuhyr. 😢 Kami ingin menyelesaikan masalah ini dan membantu anda dengan selanjutnya.
Sila hubungi kami dan berikan kami informasi lanjut supaya kami boleh membantu anda melalui Aplikasi Shopee dan klik ""Saya"" > ""Pusat Bantuan"" dan pilih antara Chat ataupun Panggilan Internet.",2026-05-25T13:53:31
Shopee 8.8 Merdeka Sale,com.shopee.my,Shopping,9eeb1cda-0b8e-48a7-b1de-945803abfc40,Ismail Hashim,5,,"terbaik...harga paling byk discount...coins pun byk,kena rajin ja 😁",0,3.78.27,2026-07-19T03:41:36,"Kami gembira mendengar ulasan ini Ismail Hashim ! Maklum balas positif memberi motivasi untuk kami terus memberikan anda pengalaman terbaik.
Jika anda mempunyai sebarang cadangan atau pandangan, sila hubungi kami melalui Aplikasi Shopee dan klik ""Saya"" > ""Pusat Bantuan"" dan pilih antara Chat atau Panggilan Internet.",2026-07-19T05:28:22
Shopee 8.8 Merdeka Sale,com.shopee.my,Shopping,5ee7d477-49f9-457d-9ad0-5570f5f8106a,Roger Sarves,5,,best place to shop...eazy for self pick up...tq shopee,0,,2026-07-19T00:27:20,"We're happy to hear that you're enjoying Shopee, Roger Sarves! If you have any suggestions or if there's anything specific you love about the app, feel free to let us know. If you need assistance, feel free to contact us via your Shopee App through Me > Help Centre and choose between Chat or Free Internet Call.",2026-07-19T00:55:42
Shopee 8.8 Merdeka Sale,com.shopee.my,Shopping,4010a241-1532-4170-9dc3-3605dfda098a,Rokiah Hashim,5,,So many thing that we can choose with diffrent price,0,3.76.25,2026-07-18T23:50:22,"We're happy to hear that you're enjoying Shopee, Rokiah Hashim! If you have any suggestions or if there's anything specific you love about the app, feel free to let us know. If you need assistance, feel free to contact us via your Shopee App through Me > Help Centre and choose between Chat or Free Internet Call.",2026-07-19T00:55:30
Shopee 8.8 Merdeka Sale,com.shopee.my,Shopping,c3aa7843-c3ff-4f48-ad4f-a2fa4858c024,Syauqi Radzi,5,,can't choose sender,0,3.47.40,2026-07-18T23:15:52,"We're sorry to hear about this review, Syauqi Radzi. 😢 We would like to understand more about the issues you've encountered. Could you please provide additional details or contact our support team? You can access via your Shopee App through Me > Help Centre and choose between Chat or Free Internet Call.",2026-07-19T00:07:08
Shopee 8.8 Merdeka Sale,com.shopee.my,Shopping,411483ea-31fe-4c01-a7b8-bcf7c6786309,Engku Amira,5,,"Convenient shopping, lots of great deals, and the payment system feels very safe.",0,3.77.25,2026-07-18T22:53:27,"We're happy to hear that you're enjoying Shopee, Engku Amira! If you have any suggestions or if there's anything specific you love about the app, feel free to let us know. If you need assistance, feel free to contact us via your Shopee App through Me > Help Centre and choose between Chat or Free Internet Call.",2026-07-19T00:06:46
Shopee 8.8 Merdeka Sale,com.shopee.my,Shopping,3ae2633a-a3a7-426a-a0c1-6a0a8eccb427,Anis Batrisyia,5,,Easy shopping experience with great deals and fast delivery,0,3.62.40,2026-07-18T21:24:01,"We're happy to hear that you're enjoying Shopee, Anis Batrisyia! If you have any suggestions or if there's anything specific you love about the app, feel free to let us know. If you need assistance, feel free to contact us via your Shopee App through Me > Help Centre and choose between Chat or Free Internet Call.",2026-07-19T00:23:39
Shopee 8.8 Merdeka Sale,com.shopee.my,Shopping,7495d28f-eb80-452b-ac97-d8f9e2ded4b4,Mev,1,,"shoppee, so many ads ,so we just can give 1 star, so anoiying!",1,3.77.25,2026-07-18T20:31:02,"We're sorry to hear about this review, Mev. 😢 We would like to understand more about the issues you've encountered. Could you please provide additional details or contact our support team? You can access via your Shopee App through Me > Help Centre and choose between Chat or Free Internet Call.",2026-07-19T00:23:17
Shopee 8.8 Merdeka Sale,com.shopee.my,Shopping,255969c0-fd80-4b58-a620-1f2f9fafbb6c,عين,5,,the best app for shopping very recommended,0,3.57.31,2026-07-18T20:12:16,"We're happy to hear that you're enjoying Shopee, عين! If you have any suggestions or if there's anything specific you love about the app, feel free to let us know. If you need assistance, feel free to contact us via your Shopee App through Me > Help Centre and choose between Chat or Free Internet Call.",2026-07-18T21:26:28
Shopee 8.8 Merdeka Sale,com.shopee.my,Shopping,6ee078b3-b18c-4085-85c0-86db4fa85e3a,Marzuadi Bob,5,,terbaikkkkkkk,0,3.78.28,2026-07-18T19:31:32,"Kami gembira mendengar ulasan ini Marzuadi Bob ! Maklum balas positif memberi motivasi untuk kami terus memberikan anda pengalaman terbaik.
Jika anda mempunyai sebarang cadangan atau pandangan, sila hubungi kami melalui Aplikasi Shopee dan klik ""Saya"" > ""Pusat Bantuan"" dan pilih antara Chat atau Panggilan Internet.",2026-07-18T21:26:04
Shopee 8.8 Merdeka Sale,com.shopee.my,Shopping,39bab956-4647-4e75-af4e-6d29d8b99c7d,Anko Janan,1,,"ads like a virus, invading all my other apps and automatically opening shopee without even needing to touch the screen. ridiculous.",1,3.78.25,2026-07-18T18:27:55,"We're sorry to hear about this review, Anko Janan. 😢 We would like to understand more about the issues you've encountered. Could you please provide additional details or contact our support team? You can access via your Shopee App through Me > Help Centre and choose between Chat or Free Internet Call.",2026-07-18T19:57:26
Shopee 8.8 Merdeka Sale,com.shopee.my,Shopping,7278bd2e-69fd-445d-9754-d53911c29de6,محمد لقمان,5,,Shopee is currently the best online Shopping platform in Malaysia imho. Keep up the good work. Always support.,1,3.78.28,2026-07-18T18:23:19,"We're happy to hear that you're enjoying Shopee, محمد لقمان! If you have any suggestions or if there's anything specific you love about the app, feel free to let us know. If you need assistance, feel free to contact us via your Shopee App through Me > Help Centre and choose between Chat or Free Internet Call.",2026-07-18T19:57:47
Shopee 8.8 Merdeka Sale,com.shopee.my,Shopping,c083abbc-43bd-44f1-99c3-4f4bda678c31,Izz,1,,tunjuk ada coupon discount bila try pakai cakap tk blh nk guna,1,,2026-07-18T18:20:22,"Kami kesal mendengar ulasan ini, Izz. 😢 Kami ingin menyelesaikan masalah ini dan membantu anda dengan selanjutnya.
Sila hubungi kami dan berikan kami informasi lanjut supaya kami boleh membantu anda melalui Aplikasi Shopee dan klik ""Saya"" > ""Pusat Bantuan"" dan pilih antara Chat ataupun Panggilan Internet.",2026-07-18T19:58:06
Shopee 8.8 Merdeka Sale,com.shopee.my,Shopping,f5f287df-572c-49ac-8666-f824e399e01d,Accu Cat,2,,"Manipulative coupons/promos that are severely limited & maybe even fake. Video (with irritating audio) AD spamming - not interested, we just want to get in and out to get things that are needed, but obviously the people behind are lacking ethics and values. Lack of and slow riders compared to others. Lack of restaurant choices and variety even, especially for Hindus (don't eat beef or buy from those who serve them), Vegetarians (egg or no egg) and Pescetarians - bested by Grab in many ways.",42,3.78.28,2026-07-18T17:41:13,"We're sorry to hear about this review, Accu Cat. 😢 We would like to understand more about the issues you've encountered. Could you please provide additional details or contact our support team? You can access via your Shopee App through Me > Help Centre and choose between Chat or Free Internet Call.",2026-07-18T19:59:23
Shopee 8.8 Merdeka Sale,com.shopee.my,Shopping,10f40e26-161c-4dbf-abe0-2c25200a2103,Muhammad safwan,5,,Good,0,3.78.28,2026-07-18T16:53:36,"We're happy to hear that you're enjoying Shopee, Muhammad safwan! If you have any suggestions or if there's anything specific you love about the app, feel free to let us know. If you need assistance, feel free to contact us via your Shopee App through Me > Help Centre and choose between Chat or Free Internet Call.",2026-07-18T17:51:11
Shopee 8.8 Merdeka Sale,com.shopee.my,Shopping,63d5924f-0878-495c-b077-e2f58a030d33,Phone Services,5,,Best online platform and best apps for all user. Easy to use and great experience.,0,,2026-07-18T16:22:13,"We're happy to hear that you're enjoying Shopee, Phone Services! If you have any suggestions or if there's anything specific you love about the app, feel free to let us know. If you need assistance, feel free to contact us via your Shopee App through Me > Help Centre and choose between Chat or Free Internet Call.",2026-07-18T17:52:24
Shopee 8.8 Merdeka Sale,com.shopee.my,Shopping,0fd81b8f-a683-4b1d-bfd9-f4fc3e53db64,Shiwraj Singh,5,,nice service good app fast delivery,0,3.77.25,2026-07-18T15:55:15,"We're happy to hear that you're enjoying Shopee, Shiwraj Singh! If you have any suggestions or if there's anything specific you love about the app, feel free to let us know. If you need assistance, feel free to contact us via your Shopee App through Me > Help Centre and choose between Chat or Free Internet Call.",2026-07-18T17:51:58
Shopee 8.8 Merdeka Sale,com.shopee.my,Shopping,a9a2fa08-5eaf-488f-a870-49b5e9159664,karamjit singh,3,,Best online shopping platform always need upgrading from malaysia,0,3.77.25,2026-07-18T15:36:19,"We're happy to hear that you're enjoying Shopee, karamjit singh! If you have any suggestions or if there's anything specific you love about the app, feel free to let us know. If you need assistance, feel free to contact us via your Shopee App through Me > Help Centre and choose between Chat, Email or Free Internet Call.",2024-03-12T04:34:42
Shopee 8.8 Merdeka Sale,com.shopee.my,Shopping,415a4f44-f582-48ff-b6ab-de20fa5ae047,Titi Asmirah,5,,All this time I like and enjoy shopping at Shopee.. but after no courier option I started thinking many times to buy.. 18/07/2026 Now.. i give 5 Star.. I enjoy and happy shopping with Shopee because they have more courier option now.. dan shipping very fast dn safe with Spx.. 🫶🏻,0,,2026-07-18T15:32:40,"We're happy to hear that you're enjoying Shopee, Titi Asmirah! If you have any suggestions or if there's anything specific you love about the app, feel free to let us know. If you need assistance, feel free to contact us via your Shopee App through Me > Help Centre and choose between Chat or Free Internet Call.",2026-07-18T17:45:55
Shopee 8.8 Merdeka Sale,com.shopee.my,Shopping,2c0da0ff-1178-477a-bc64-d957241d7441,muhd sufyan,3,,"shopee app terbaru ini ada, error, masa saya membeli tiada dalam list atau tanda pada to ship. terbaru Dari SHOPEE applikasi masalah ini telah diselesaikan oleh pihak dev. terima kasih shopee.",0,3.73.29,2026-07-18T15:12:26,"Kami kesal mendengar ulasan ini, muhd sufyan. 😢 Kami ingin menyelesaikan masalah ini dan membantu anda dengan selanjutnya.
Sila hubungi kami dan berikan kami informasi lanjut supaya kami boleh membantu anda melalui Aplikasi Shopee dan klik ""Saya"" > ""Pusat Bantuan"" dan pilih antara Chat ataupun Panggilan Internet.",2026-07-18T15:09:33
Shopee 8.8 Merdeka Sale,com.shopee.my,Shopping,a142e27d-3b21-48c8-8d33-133aafd9414f,Soft AbS,5,,"Well, the support team is very helpful and have good understanding attitude towards customers.",1,3.78.28,2026-07-18T15:07:38,"We're happy to hear that you're enjoying Shopee, Soft AbS! If you have any suggestions or if there's anything specific you love about the app, feel free to let us know. If you need assistance, feel free to contact us via your Shopee App through Me > Help Centre and choose between Chat or Free Internet Call.",2026-07-18T17:46:52
Shopee 8.8 Merdeka Sale,com.shopee.my,Shopping,954079b7-7519-4409-a13a-1ef2cc2ba351,Vir Gil,5,,nice,0,,2026-07-18T14:43:06,"We're happy to hear that you're enjoying Shopee, Vir Gil! If you have any suggestions or if there's anything specific you love about the app, feel free to let us know. If you need assistance, feel free to contact us via your Shopee App through Me > Help Centre and choose between Chat or Free Internet Call.",2026-07-18T17:46:33
Shopee 8.8 Merdeka Sale,com.shopee.my,Shopping,3c2f76eb-0213-41da-b04f-af3aa5ca5932,Nick Ryan,1,,"Shopee's delayed tracking update caused me to lose my parcel unnecessarily. My parcel had been stuck at ""Customs Declaration at Port Klang"" since 29 June with no updates. The expected delivery date was 17 July, so on 18 July at around 2:40 PM, I submitted a ""Parcel Not Received"" refund request because the tracking suggested the parcel was lost or severely delayed. Less than an hour later, at 3:29 PM, the tracking suddenly updated to show that the parcel had already reached the Sarawak Sorting",1,3.77.25,2026-07-18T14:06:53,"We're sorry to hear about this review, Nick Ryan. 😢 We would like to understand more about the issues you've encountered. Could you please provide additional details or contact our support team? You can access via your Shopee App through Me > Help Centre and choose between Chat or Free Internet Call.",2026-07-18T14:47:19
Shopee 8.8 Merdeka Sale,com.shopee.my,Shopping,e0d5e46c-c247-4db1-b609-1672309123fc,Adi Azam,5,,Sangat membantu,0,,2026-07-18T13:50:34,"Kami gembira mendengar ulasan ini Adi Azam ! Maklum balas positif memberi motivasi untuk kami terus memberikan anda pengalaman terbaik.
Jika anda mempunyai sebarang cadangan atau pandangan, sila hubungi kami melalui Aplikasi Shopee dan klik ""Saya"" > ""Pusat Bantuan"" dan pilih antara Chat atau Panggilan Internet.",2026-07-18T14:47:54
Shopee 8.8 Merdeka Sale,com.shopee.my,Shopping,f9a0090e-070a-418a-bd70-81b53414c787,Thng Fred,4,,is a quick way of accessing to product that are useful to me,0,3.77.25,2026-07-18T13:26:35,"We're happy to hear that you're enjoying Shopee, Thng Fred! If you have any suggestions or if there's anything specific you love about the app, feel free to let us know. If you need assistance, feel free to contact us via your Shopee App through Me > Help Centre and choose between Chat or Free Internet Call.",2026-07-18T14:49:43
Shopee 8.8 Merdeka Sale,com.shopee.my,Shopping,04375cb4-d42a-4b70-b591-950f0f962ee1,Tim,5,,love it,0,,2026-07-18T13:01:45,"We're happy to hear that you're enjoying Shopee, Get 50 Dollar Sign Up Bonus - FanDuelBonus.Mobile! If you have any suggestions or if there's anything specific you love about the app, feel free to let us know. If you need assistance, feel free to contact us via your Shopee App through Me > Help Centre and choose between Chat or Free Internet Call.",2026-07-18T14:48:33
Shopee 8.8 Merdeka Sale,com.shopee.my,Shopping,74c68b8e-c295-441d-bba7-b246d1635c87,Low Seng Kuang,4,,"Your collection centre is a good start. It helps to minimise the use of office address for delivery, reduce interruption to works. Provide a safe keeping of item before collection, minimise damage due to rain water due after delivery. New trend for sellers to demonstrate the performance and quality of the products in video clip is a remarkable improvement that enable the buyer to make the right buying decision, thus saving the trouble of returning the goods which is costly for the buyer.",39,3.77.25,2026-07-18T13:01:22,"We're happy to hear that you're enjoying Shopee, Low Seng Kuang! If you have any suggestions or if there's anything specific you love about the app, feel free to let us know. If you need assistance, feel free to contact us via your Shopee App through Me > Help Centre and choose between Chat or Free Internet Call.",2026-07-18T14:48:16
Shopee 8.8 Merdeka Sale,com.shopee.my,Shopping,e13b0d4a-4ea8-42bc-bbe3-7ee1fdd05d3d,zc m,1,,Please don't force users to watch live video when opening the app.,2,3.78.28,2026-07-18T13:00:36,"We're sorry to hear about this review, zc m. 😢 We would like to understand more about the issues you've encountered. Could you please provide additional details or contact our support team? You can access via your Shopee App through Me > Help Centre and choose between Chat or Free Internet Call.",2026-07-18T14:54:23
Shopee 8.8 Merdeka Sale,com.shopee.my,Shopping,e8e13ee7-2b38-4ccd-b1dc-c26cfc09463c,Xiang Əng,1,,i hate so much videos live showing on my first loading to shopee!! just disturbing me to listen the music!!,2,3.78.28,2026-07-18T12:55:10,"We're sorry to hear about this review, Xiang Əng. 😢 We would like to understand more about the issues you've encountered. Could you please provide additional details or contact our support team? You can access via your Shopee App through Me > Help Centre and choose between Chat or Free Internet Call.",2026-07-18T14:56:55
Shopee 8.8 Merdeka Sale,com.shopee.my,Shopping,9e617e77-4be3-48d0-94e8-a9bb3f7c5bdd,Shafi Ehsan,5,,Good,0,3.77.25,2026-07-18T12:44:28,"We're happy to hear that you're enjoying Shopee, Shafi Ehsan! If you have any suggestions or if there's anything specific you love about the app, feel free to let us know. If you need assistance, feel free to contact us via your Shopee App through Me > Help Centre and choose between Chat or Free Internet Call.",2026-07-18T14:54:51
Shopee 8.8 Merdeka Sale,com.shopee.my,Shopping,07805a55-196e-4b67-8666-2b9634ba98e3,Fauziah Rasyid,5,,Good,0,3.77.25,2026-07-18T12:42:53,"We're happy to hear that you're enjoying Shopee, Fauziah Rasyid! If you have any suggestions or if there's anything specific you love about the app, feel free to let us know. If you need assistance, feel free to contact us via your Shopee App through Me > Help Centre and choose between Chat or Free Internet Call.",2026-07-18T14:54:38
Shopee 8.8 Merdeka Sale,com.shopee.my,Shopping,e7821ffc-6697-437b-8224-a7f07ab293e6,Kurnia Kadir,2,,"⭐ 👍👍 Unauthorised charges despite Kill Switch - case closed without probe. Two unauthorised transactions (RMX.XX each) were deducted from my eWallet. I immediately activated the Kill Switch to protect my ShopeePay account, which locked me out entirely—yet deductions still occurred without my permission. This is a serious security flaw.",0,3.68.34,2026-07-18T12:09:25,"We're happy to hear that you're enjoying Shopee, Kurnia Kadir! If you have any suggestions or if there's anything specific you love about the app, feel free to let us know. If you need assistance, feel free to contact us via your Shopee App through Me > Help Centre and choose between Chat or Free Internet Call.",2026-05-26T22:07:26
Shopee 8.8 Merdeka Sale,com.shopee.my,Shopping,55ef023c-3188-47bd-a6e8-32f3b172032e,Faizal faizal omar,4,,nice,0,3.78.25,2026-07-18T11:56:21,"We're happy to hear that you're enjoying Shopee, Faizal faizal omar! If you have any suggestions or if there's anything specific you love about the app, feel free to let us know. If you need assistance, feel free to contact us via your Shopee App through Me > Help Centre and choose between Chat or Free Internet Call.",2026-07-18T14:57:32
Shopee 8.8 Merdeka Sale,com.shopee.my,Shopping,d6d88820-7ac8-4b6f-b7a8-fee99cb51042,Shion Uzuki,1,,"crazy app put so many ad and video there, everytime frustrating browsing with so many pop up and silly video",0,3.76.24,2026-07-18T11:27:18,"We're sorry to hear about this review, Shion Uzuki. 😢 We would like to understand more about the issues you've encountered. Could you please provide additional details or contact our support team? You can access via your Shopee App through Me > Help Centre and choose between Chat or Free Internet Call.",2026-07-18T15:00:26
Shopee 8.8 Merdeka Sale,com.shopee.my,Shopping,281e8dd5-f6e8-48a9-be0a-abefd48c99ad,Vasanthi Punirselvam,5,,good,0,3.77.25,2026-07-18T10:42:43,"We're happy to hear that you're enjoying Shopee, Vasanthi Punirselvam! If you have any suggestions or if there's anything specific you love about the app, feel free to let us know. If you need assistance, feel free to contact us via your Shopee App through Me > Help Centre and choose between Chat or Free Internet Call.",2026-07-18T15:09:46
Shopee 8.8 Merdeka Sale,com.shopee.my,Shopping,93a48de6-926b-44c2-98e9-9407ec2dc071,Ian Ross Bakit,1,,so hard to even change your email... like you purposefully made it hard,0,,2026-07-18T10:28:45,"We're sorry to hear about this review, Ian Ross Bakit. 😢 We would like to understand more about the issues you've encountered. Could you please provide additional details or contact our support team? You can access via your Shopee App through Me > Help Centre and choose between Chat or Free Internet Call.",2026-07-18T15:14:24
Shopee 8.8 Merdeka Sale,com.shopee.my,Shopping,8f0735f3-9048-4a40-ac0f-38c8e954255f,Nor Azlan,1,,"Lagi kita update,lagi teruk ini shopee dia pun ganguan system ""ngok betul",1,3.78.28,2026-07-18T10:03:56,"Kami kesal mendengar ulasan ini, Nor Azlan. 😢 Kami ingin menyelesaikan masalah ini dan membantu anda dengan selanjutnya.
Sila hubungi kami dan berikan kami informasi lanjut supaya kami boleh membantu anda melalui Aplikasi Shopee dan klik ""Saya"" > ""Pusat Bantuan"" dan pilih antara Chat ataupun Panggilan Internet.",2026-07-18T15:06:28
Shopee 8.8 Merdeka Sale,com.shopee.my,Shopping,00e255b6-2d00-457b-8ae3-860af90cb961,Cikgu IZZATY IZZATY,1,,"Why suddenly some image product look so blur when I zoom,???? Please fix it ASAP 👁️👁️😏",2,3.78.28,2026-07-18T10:03:52,"Kami kesal mendengar ulasan ini, Cikgu IZZATY IZZATY. 😢 Kami ingin menyelesaikan masalah ini dan membantu anda dengan selanjutnya.
Sila hubungi kami dan berikan kami informasi lanjut supaya kami boleh membantu anda melalui Aplikasi Shopee dan klik ""Saya"" > ""Pusat Bantuan"" dan pilih antara Chat ataupun Panggilan Internet.",2026-05-31T21:07:14
Shopee 8.8 Merdeka Sale,com.shopee.my,Shopping,a77913e1-5638-40cc-bb43-d2db2a755cf2,Geoura Kim,1,,i sent review but app didnt even update my review. stupid app,0,,2026-07-18T09:45:50,"We're sorry to hear about this review, Geoura Kim. 😢 We would like to understand more about the issues you've encountered. Could you please provide additional details or contact our support team? You can access via your Shopee App through Me > Help Centre and choose between Chat or Free Internet Call.",2026-07-18T15:14:05
Shopee 8.8 Merdeka Sale,com.shopee.my,Shopping,d5a03020-1de4-400d-8d8f-9d5f80fa8b9e,Muhd Firdaus,5,,Good,0,,2026-07-18T08:32:32,"We're happy to hear that you're enjoying Shopee, Muhd Firdaus! If you have any suggestions or if there's anything specific you love about the app, feel free to let us know. If you need assistance, feel free to contact us via your Shopee App through Me > Help Centre and choose between Chat or Free Internet Call.",2026-07-18T15:07:28
Shopee 8.8 Merdeka Sale,com.shopee.my,Shopping,27191b26-1dc2-4033-8245-6515314ea87a,Danish Firash,5,,good,0,3.77.25,2026-07-18T07:39:08,"We're happy to hear that you're enjoying Shopee, Danish Firash! If you have any suggestions or if there's anything specific you love about the app, feel free to let us know. If you need assistance, feel free to contact us via your Shopee App through Me > Help Centre and choose between Chat or Free Internet Call.",2026-07-18T16:49:23
Shopee 8.8 Merdeka Sale,com.shopee.my,Shopping,6862a7f7-48ec-4ba7-811f-32b0eda1d5de,Mohd Nasri,1,,latest update difficult to check out and can't chat to seller also no notification,1,3.78.28,2026-07-18T07:31:01,"We're sorry to hear about this review, Mohd Nasri. 😢 We would like to understand more about the issues you've encountered. Could you please provide additional details or contact our support team? You can access via your Shopee App through Me > Help Centre and choose between Chat or Free Internet Call.",2026-07-18T16:47:36
Shopee 8.8 Merdeka Sale,com.shopee.my,Shopping,b7ade3c3-0fda-4701-af86-3e5d667fa90e,Alger Keh,4,,Shopping makes easier with Shoppee,0,3.77.25,2026-07-18T07:18:48,"We're happy to hear that you're enjoying Shopee, Alger Keh! If you have any suggestions or if there's anything specific you love about the app, feel free to let us know. If you need assistance, feel free to contact us via your Shopee App through Me > Help Centre and choose between Chat or Free Internet Call.",2026-07-18T12:58:31
Shopee 8.8 Merdeka Sale,com.shopee.my,Shopping,176d4997-ee99-44e8-8a21-dd110575f90d,Jefrey Martin,1,,balik' hilang acc,0,3.78.28,2026-07-18T06:43:00,"Kami kesal mendengar ulasan ini, Jefrey Martin. 😢 Kami ingin menyelesaikan masalah ini dan membantu anda dengan selanjutnya.
Sila hubungi kami dan berikan kami informasi lanjut supaya kami boleh membantu anda melalui Aplikasi Shopee dan klik ""Saya"" > ""Pusat Bantuan"" dan pilih antara Chat ataupun Panggilan Internet.",2026-07-18T13:24:55
Shopee 8.8 Merdeka Sale,com.shopee.my,Shopping,83643869-e6a8-4800-85de-22fa1cc124d9,H.A.K (H.A.K),3,,"Can log-in now, but the rewards for video scrolling is bugged now.",6,3.78.28,2026-07-18T06:35:46,"Hi there,

We understand that this is not the experience we want you to go through while using our app.

Please share us your feedback at help@support.shopee.com.my in order for us to look into this further and we'll work on making things right.

We look forward to serve you better!
",2021-10-14T11:11:18
Shopee 8.8 Merdeka Sale,com.shopee.my,Shopping,f5870de2-60a3-4e4b-bd3a-972970753709,Alimuda Ali,5,,Good App,0,3.77.25,2026-07-18T06:23:56,"We're happy to hear that you're enjoying Shopee, Alimuda Ali! If you have any suggestions or if there's anything specific you love about the app, feel free to let us know. If you need assistance, feel free to contact us via your Shopee App through Me > Help Centre and choose between Chat or Free Internet Call.",2026-07-18T13:40:47
Shopee 8.8 Merdeka Sale,com.shopee.my,Shopping,5db991e7-b53d-48c4-bdaa-3fda172e63f5,angelina jolyie,1,,shoppe currently has no COD delivery option....,0,,2026-07-18T06:10:53,"We're sorry to hear about this review, angelina jolyie. 😢 We would like to understand more about the issues you've encountered. Could you please provide additional details or contact our support team? You can access via your Shopee App through Me > Help Centre and choose between Chat or Free Internet Call.",2026-07-18T13:15:00
Shopee 8.8 Merdeka Sale,com.shopee.my,Shopping,ba180f46-b4bb-4370-a12a-dc816888ea60,Md Khalid,5,,Very Convenient,0,3.77.25,2026-07-18T06:03:15,"We're happy to hear that you're enjoying Shopee, Md Khalid! If you have any suggestions or if there's anything specific you love about the app, feel free to let us know. If you need assistance, feel free to contact us via your Shopee App through Me > Help Centre and choose between Chat or Free Internet Call.",2026-07-18T12:56:39
Shopee 8.8 Merdeka Sale,com.shopee.my,Shopping,fc42744f-9087-4061-ae8e-244323220f5a,Syahmi Thaqif,2,,"Shopee really gives me such a hard time when I want to order things, the vouchers are useless anyway. Wanting to buy books on Shopee is really 'no function' (pointless) 😤""",0,3.77.25,2026-07-18T05:45:05,"We're sorry to hear about this review, Syahmi Thaqif. 😢 We would like to understand more about the issues you've encountered. Could you please provide additional details or contact our support team? You can access via your Shopee App through Me > Help Centre and choose between Chat or Free Internet Call.",2026-07-18T13:34:18
Shopee 8.8 Merdeka Sale,com.shopee.my,Shopping,c525ce3b-0656-43b6-ab1f-af0ca4eb3e4f,Dr Ammal Dzulfiqar Ismail,1,,software is haywired since last update yesterday,0,,2026-07-18T05:43:06,"We're sorry to hear about this review, Dr Ammal Dzulfiqar Ismail. 😢 We would like to understand more about the issues you've encountered. Could you please provide additional details or contact our support team? You can access via your Shopee App through Me > Help Centre and choose between Chat or Free Internet Call.",2026-07-18T12:56:55
Shopee 8.8 Merdeka Sale,com.shopee.my,Shopping,51432d64-3d8d-4c89-bed5-5dcd2fce6372,Zehn Arep,2,,as usual regret on worse customer service experience. not recommend,0,,2026-07-18T05:11:53,"We're sorry to hear about this review, Zehn Arep. 😢 We would like to understand more about the issues you've encountered. Could you please provide additional details or contact our support team? You can access via your Shopee App through Me > Help Centre and choose between Chat or Free Internet Call.",2026-07-18T13:26:58
Shopee 8.8 Merdeka Sale,com.shopee.my,Shopping,58739d6d-3f0a-4897-851b-c93ea51f57a3,hossen saruji,4,,ok 4 the time being,0,3.78.28,2026-07-18T05:06:12,"We're happy to hear that you're enjoying Shopee, hossen saruji! If you have any suggestions or if there's anything specific you love about the app, feel free to let us know. If you need assistance, feel free to contact us via your Shopee App through Me > Help Centre and choose between Chat or Free Internet Call.",2026-07-18T13:31:33
Shopee 8.8 Merdeka Sale,com.shopee.my,Shopping,92bea93a-6f63-4714-bf80-970b9522e61b,Imz Ltfz,5,,Terbaik Shopee.,1,3.78.28,2026-07-18T04:54:56,"Kami gembira mendengar ulasan ini Imz Ltfz ! Maklum balas positif memberi motivasi untuk kami terus memberikan anda pengalaman terbaik.
Jika anda mempunyai sebarang cadangan atau pandangan, sila hubungi kami melalui Aplikasi Shopee dan klik ""Saya"" > ""Pusat Bantuan"" dan pilih antara Chat atau Panggilan Internet.",2026-07-18T13:04:10
Shopee 8.8 Merdeka Sale,com.shopee.my,Shopping,ac01399f-c2df-42b3-b163-b1e11652dfe8,Nik Muhammad Syafiq Nik Mohamed Jaffar,5,,cannot login,1,3.78.28,2026-07-18T04:51:15,"We're sorry to hear about this review,  Nik Muhammad Syafiq Nik Mohamed Jaffar. 😢 We would like to understand more about the issues you've encountered. Could you please provide additional details or contact our support team? You can access via your Shopee App through Me > Help Centre and choose between Chat or Free Internet Call.",2026-07-18T12:58:03
Shopee 8.8 Merdeka Sale,com.shopee.my,Shopping,6b25744c-4df4-4d88-b3ed-2848f32a8e06,Mizu chan,1,,"ejah byk lgi iklan brua, dhla la kalu tekan pngkah iklan tu trus msuk shopee ni, sumph menyirap siaw",0,,2026-07-18T04:42:21,"Kami kesal mendengar ulasan ini, Mizu chan. 😢 Kami ingin menyelesaikan masalah ini dan membantu anda dengan selanjutnya.
Sila hubungi kami dan berikan kami informasi lanjut supaya kami boleh membantu anda melalui Aplikasi Shopee dan klik ""Saya"" > ""Pusat Bantuan"" dan pilih antara Chat ataupun Panggilan Internet.",2026-07-18T13:03:03
Shopee 8.8 Merdeka Sale,com.shopee.my,Shopping,7aa02150-053d-497c-a201-f901939bcc33,Hilirry Ang Anak Jalai,1,,Kenapa saya kena force log out?Selain saya ada juga orang lain yang kena force log out and dia orang cakap force log out ni berlaku 18 July 2026 sekitar 5:00 am ~?:?? am.Lepas try log in app cakap system error.. Adakah saya kena banned ke apa ni dan macam mana saya nak tekan sudah bayar COD kalau barang dah sampai dekat saya kalau saya tak dapat log in? . Bodohlah.. Ni last saya guna shoppe,0,,2026-07-18T04:39:31,"Kami kesal mendengar ulasan ini, Hilirry Ang Anak Jalai. 😢 Kami ingin menyelesaikan masalah ini dan membantu anda dengan selanjutnya.
Sila hubungi kami dan berikan kami informasi lanjut supaya kami boleh membantu anda melalui Aplikasi Shopee dan klik ""Saya"" > ""Pusat Bantuan"" dan pilih antara Chat ataupun Panggilan Internet.",2024-10-14T05:34:28
Shopee 8.8 Merdeka Sale,com.shopee.my,Shopping,98705ec4-cf4f-47d6-a4dc-69e7c2284b67,Azwar Bunyamin Abdul Aziz,3,,"unable to sign in this morning, I use shopee a lot.",15,3.78.28,2026-07-18T04:36:35,"We're sorry to hear about this review, Azwar Bunyamin Abdul Aziz. 😢 We would like to understand more about the issues you've encountered. Could you please provide additional details or contact our support team? You can access via your Shopee App through Me > Help Centre and choose between Chat or Free Internet Call.",2026-07-18T12:57:38
Shopee 8.8 Merdeka Sale,com.shopee.my,Shopping,d06bc7dc-691b-4a5d-a7be-f92b242e9a50,Sq,1,,"Shopee worldwide is down, affecting every country, everyone's accounts are being logged out. It maybe done by hackers because normally server down would only by 1 country not worldwide.",3,3.72.31,2026-07-18T04:34:18,"We're sorry to hear about this review, Sq. 😢 We would like to understand more about the issues you've encountered. Could you please provide additional details or contact our support team? You can access via your Shopee App through Me > Help Centre and choose between Chat or Free Internet Call.",2026-07-18T13:32:00
Shopee 8.8 Merdeka Sale,com.shopee.my,Shopping,24e4a089-701e-4176-8e1d-a4ef4413872b,li Eyli Féng,1,,is shopee crashing out? I can't open my shopee app and I also can't open my account without it being an error.,1,3.78.28,2026-07-18T04:33:20,"We're sorry to hear about this review, li Eyli Féng. 😢 We would like to understand more about the issues you've encountered. Could you please provide additional details or contact our support team? You can access via your Shopee App through Me > Help Centre and choose between Chat or Free Internet Call.",2026-07-18T13:03:37
Shopee 8.8 Merdeka Sale,com.shopee.my,Shopping,9d11a5b2-27ce-4c9d-855d-8060330bbfe9,Dy Dy,5,,I liked you,0,3.34.40,2026-07-18T04:32:53,"We're happy to hear that you're enjoying Shopee, Dy Dy! If you have any suggestions or if there's anything specific you love about the app, feel free to let us know. If you need assistance, feel free to contact us via your Shopee App through Me > Help Centre and choose between Chat, Email or Free Internet Call.",2024-09-26T22:57:20
Shopee 8.8 Merdeka Sale,com.shopee.my,Shopping,e97bc933-36f1-4596-a74e-68063c581f18,Aliskandar Daniel,1,,the latest version were suck! Log me off and can't signing in anymore. You don't want my money ok I find other developers,0,,2026-07-18T04:32:00,"We're sorry to hear about this review, Aliskandar Daniel. 😢 We would like to understand more about the issues you've encountered. Could you please provide additional details or contact our support team? You can access via your Shopee App through Me > Help Centre and choose between Chat or Free Internet Call.",2026-07-18T13:02:27
Shopee 8.8 Merdeka Sale,com.shopee.my,Shopping,5f20850f-085d-47f4-b83a-6bb7df1ef8d5,Ajib Gamez,2,,asal tk boleh log in ni . lepastu sesuka hati je log out acc orang,0,3.78.28,2026-07-18T04:28:16,"Kami kesal mendengar ulasan ini, Ajib Gamez. 😢 Kami ingin menyelesaikan masalah ini dan membantu anda dengan selanjutnya.
Sila hubungi kami dan berikan kami informasi lanjut supaya kami boleh membantu anda melalui Aplikasi Shopee dan klik ""Saya"" > ""Pusat Bantuan"" dan pilih antara Chat ataupun Panggilan Internet.",2026-07-18T13:07:49
Shopee 8.8 Merdeka Sale,com.shopee.my,Shopping,942622b1-798a-4f5e-979b-abad1c22ec21,Ro han,2,,My Shopee Malaysia account was automatically logged out and I cannot log back in using my Google account The app keeps returning me to the login screen I have already tried clearing the cache reinstalling the app and restarting my phone Please check what problem and advise I already tried to contact Shopee Malaysia Customer Service it's not working,1,3.78.28,2026-07-18T04:24:22,"We're sorry to hear about this review, Ro han. 😢 We would like to understand more about the issues you've encountered. Could you please provide additional details or contact our support team? You can access via your Shopee App through Me > Help Centre and choose between Chat or Free Internet Call.",2026-07-18T13:15:37
Shopee 8.8 Merdeka Sale,com.shopee.my,Shopping,f5358e45-320b-433d-bdca-ea81d7a8a96d,Syafiq liew,1,,"shopee as of 18 July 2026 log out all account from every phone, this happen to all my family. I am giving 1 star to get shopee attention. I hope this problem can be solved immediately",0,3.78.28,2026-07-18T04:23:17,"We're sorry to hear about this review, Syafiq liew. 😢 We would like to understand more about the issues you've encountered. Could you please provide additional details or contact our support team? You can access via your Shopee App through Me > Help Centre and choose between Chat or Free Internet Call.",2026-07-18T13:23:42
Shopee 8.8 Merdeka Sale,com.shopee.my,Shopping,8b11f46d-2d35-489d-910f-38c28f66de7a,hanapi sapwan,1,,cannot log in,0,3.78.28,2026-07-18T04:23:04,"We're sorry to hear about this review, hanapi sapwan. 😢 We would like to understand more about the issues you've encountered. Could you please provide additional details or contact our support team? You can access via your Shopee App through Me > Help Centre and choose between Chat or Free Internet Call.",2026-07-18T13:03:19
Shopee 8.8 Merdeka Sale,com.shopee.my,Shopping,9dac0872-841a-4f23-b0d5-4b00d15d3ed7,Fazlan Ahmad,1,,The latest version were log off and can't access anymore. Maybe about time to explore others shopping apps,0,,2026-07-18T04:20:57,"We're sorry to hear about this review, Fazlan Ahmad. 😢 We would like to understand more about the issues you've encountered. Could you please provide additional details or contact our support team? You can access via your Shopee App through Me > Help Centre and choose between Chat or Free Internet Call.",2026-07-18T13:24:30
Shopee 8.8 Merdeka Sale,com.shopee.my,Shopping,ca5a0a3c-bafa-40e7-91de-32ec3bccba88,Adhwa Hazzimie,2,,tidak dapat meng log in semula account yang Masih ada barangan yang di oder selepas update apps,0,3.78.28,2026-07-18T04:17:20,"Kami kesal mendengar ulasan ini, Adhwa Hazzimie. 😢 Kami ingin menyelesaikan masalah ini dan membantu anda dengan selanjutnya.
Sila hubungi kami dan berikan kami informasi lanjut supaya kami boleh membantu anda melalui Aplikasi Shopee dan klik ""Saya"" > ""Pusat Bantuan"" dan pilih antara Chat ataupun Panggilan Internet.",2026-07-18T13:00:25
Shopee 8.8 Merdeka Sale,com.shopee.my,Shopping,34708e31-c40e-4f88-8a4d-2acfdc48799a,Sea Tube,1,,"after change to new phone, this apps keep getting sign out by itself and cannot be sign in anymore..always show message saying error, please try again later..",1,3.78.28,2026-07-18T04:14:54,"We're sorry to hear about this review, Sea Tube. 😢 We would like to understand more about the issues you've encountered. Could you please provide additional details or contact our support team? You can access via your Shopee App through Me > Help Centre and choose between Chat or Free Internet Call.",2026-07-18T13:15:56
Shopee 8.8 Merdeka Sale,com.shopee.my,Shopping,2cd89c30-602b-48fd-b5ed-11706cecae22,Musashi,1,,"NEW 18/07/2026 -6:40AM Today suddenly I cannot login. it show message 'system error, please try again' . Fix your app please. Suddenly out of nowhere, the app ignores phone's system dark mode. Now it's in light mode but most of the text are not visible.",7,3.78.28,2026-07-18T04:13:49,"We're sorry to hear about this review, Musashi. 😢 We would like to understand more about the issues you've encountered. Could you please provide additional details or contact our support team? You can access via your Shopee App through Me > Help Centre and choose between Chat, Email or Free Internet Call.",2024-01-19T11:34:56
Shopee 8.8 Merdeka Sale,com.shopee.my,Shopping,44b4da33-dc78-4a3e-8b23-32fe98b7b556,M. Niezarmo Prod,1,,what the hell wrong with your apps suddenly it's log off and can't sign in again,2,3.78.28,2026-07-18T04:12:29,"We're sorry to hear about this review, M. Niezarmo Prod. 😢 We would like to understand more about the issues you've encountered. Could you please provide additional details or contact our support team? You can access via your Shopee App through Me > Help Centre and choose between Chat or Free Internet Call.",2026-07-18T16:09:56
Shopee 8.8 Merdeka Sale,com.shopee.my,Shopping,b16ab522-6a63-4cc5-b085-622c77ad31ac,maki Sala,1,,poor app.. i didnt log out my account.. but early this morning i try to open my shoppe app it fount my accnt already log out.. amd worst thing is i cant log in anymore i have a lot of paid order.. disgusting app is this,2,3.78.28,2026-07-18T04:09:32,"We're sorry to hear about this review, maki Sala. 😢 We would like to understand more about the issues you've encountered. Could you please provide additional details or contact our support team? You can access via your Shopee App through Me > Help Centre and choose between Chat or Free Internet Call.",2026-07-18T15:54:33
Shopee 8.8 Merdeka Sale,com.shopee.my,Shopping,2a3aedf1-d512-4460-9ce1-528b8e0a2060,Norul Asyikin Rasid,2,,akaun shoppe aku kenapa tak boleh bukak hawau,0,3.77.25,2026-07-18T04:04:43,"Kami kesal mendengar ulasan ini, Norul Asyikin Rasid. 😢 Kami ingin menyelesaikan masalah ini dan membantu anda dengan selanjutnya.
Sila hubungi kami dan berikan kami informasi lanjut supaya kami boleh membantu anda melalui Aplikasi Shopee dan klik ""Saya"" > ""Pusat Bantuan"" dan pilih antara Chat ataupun Panggilan Internet.",2026-07-18T15:51:20
Shopee 8.8 Merdeka Sale,com.shopee.my,Shopping,c7992e5d-985a-4f6b-bda6-7bff0bd796c7,Baby Anqi,1,,why system error?? i cant login my shopee acc.,0,3.23.36,2026-07-18T04:04:31,"We're sorry to hear about this review, Baby Anqi. 😢 We would like to understand more about the issues you've encountered. Could you please provide additional details or contact our support team? You can access via your Shopee App through Me > Help Centre and choose between Chat or Free Internet Call.",2026-07-18T16:48:56
Shopee 8.8 Merdeka Sale,com.shopee.my,Shopping,d32661ca-1c9e-41f7-8b45-e1dc8f27b5ce,halo,1,,Can't login now what happen?!,1,3.78.28,2026-07-18T04:03:55,"We're sorry to hear about this review, halo. 😢 We would like to understand more about the issues you've encountered. Could you please provide additional details or contact our support team? You can access via your Shopee App through Me > Help Centre and choose between Chat or Free Internet Call.",2026-07-18T15:51:37
Shopee 8.8 Merdeka Sale,com.shopee.my,Shopping,e04e8664-3749-4b5f-9166-1c3c1103aae3,mo shaf,1,,logout automatically. when login it's system error. please fix immediately. I need to check my order.,2,3.78.28,2026-07-18T04:01:33,"Hi there,

We hear you and would want to make things right. We’re always ready to help via:

- Hotline number at +603 2777 9222
- Live Chat via Shopee app
- Email us at help@support.shopee.com.my

Looking forward to serve you better!
",2022-12-22T19:47:52
Shopee 8.8 Merdeka Sale,com.shopee.my,Shopping,6cda85fe-7a24-46d2-9beb-47a584056ea2,dahlia david abdullah,3,,what's wrong with this apps? suddenly it was log out from my account and i can't log in.,1,3.78.28,2026-07-18T04:01:00,"We're sorry to hear about this review, dahlia david abdullah. 😢 We would like to understand more about the issues you've encountered. Could you please provide additional details or contact our support team? You can access via your Shopee App through Me > Help Centre and choose between Chat or Free Internet Call.",2026-07-18T15:52:44
Shopee 8.8 Merdeka Sale,com.shopee.my,Shopping,6d2e8604-7f20-46ed-b404-7bc406e6e707,peter chek,4,,I can't login to my account. anything wrong with the system?,1,3.78.28,2026-07-18T03:55:29,"We're sorry to hear about this review, peter chek. 😢 We would like to understand more about the issues you've encountered. Could you please provide additional details or contact our support team? You can access via your Shopee App through Me > Help Centre and choose between Chat or Free Internet Call.",2026-07-18T16:09:23
Shopee 8.8 Merdeka Sale,com.shopee.my,Shopping,cc61a212-c235-4072-9ff6-8c887827e150,I S,1,,apa kena dengan shopee app Malaysia ni.?tiba tiba log out sendiri bila nak login balik system error plak.?,3,3.78.28,2026-07-18T03:51:31,"Kami kesal mendengar ulasan ini, I S. 😢 Kami ingin menyelesaikan masalah ini dan membantu anda dengan selanjutnya.
Sila hubungi kami dan berikan kami informasi lanjut supaya kami boleh membantu anda melalui Aplikasi Shopee dan klik ""Saya"" > ""Pusat Bantuan"" dan pilih antara Chat ataupun Panggilan Internet.",2026-07-18T16:07:02
Shopee 8.8 Merdeka Sale,com.shopee.my,Shopping,06b8e94c-80e1-4963-b283-eb9a1c680794,pusak kenja,1,,"tetiba saja lag lepas tu tidak dapat login,..dah cuba macam2 cara tapi tetap xdpat login",1,3.78.28,2026-07-18T03:51:12,"Kami kesal mendengar ulasan ini, pusak kenja. 😢 Kami ingin menyelesaikan masalah ini dan membantu anda dengan selanjutnya.
Sila hubungi kami dan berikan kami informasi lanjut supaya kami boleh membantu anda melalui Aplikasi Shopee dan klik ""Saya"" > ""Pusat Bantuan"" dan pilih antara Chat ataupun Panggilan Internet.",2026-07-18T16:08:12
Shopee 8.8 Merdeka Sale,com.shopee.my,Shopping,fd7304bf-4bb5-4694-8d43-ac6b30073263,Hana,1,,"Stuck everyday, lag forever. Each time you update the app, the more storage it takes, sometimes even takes 1G+ of the storage! Resulted you need to uninstall it often n redownload!",0,3.07.09,2026-07-18T03:48:04,"We're sorry to hear about this review, Hana. 😢 We would like to understand more about the issues you've encountered. Could you please provide additional details or contact our support team? You can access via your Shopee App through Me > Help Centre and choose between Chat or Free Internet Call.",2026-03-11T18:36:48
Shopee 8.8 Merdeka Sale,com.shopee.my,Shopping,f605f749-9730-4afd-a69d-cd6d75a123f4,Hellc chin,1,,why suddenly log me out and no allow me sign in back,1,3.78.28,2026-07-18T03:47:41,"We're sorry to hear about this review, Hellc chin. 😢 We would like to understand more about the issues you've encountered. Could you please provide additional details or contact our support team? You can access via your Shopee App through Me > Help Centre and choose between Chat or Free Internet Call.",2026-07-18T15:49:07
Shopee 8.8 Merdeka Sale,com.shopee.my,Shopping,5d0d9a32-1893-4c9f-b969-50845007ebdb,farid nuaiman zaini,5,,why sudden sign out and couldnt sign in back?,0,,2026-07-18T03:45:22,"We're sorry to hear about this review, farid nuaiman zaini. 😢 We would like to understand more about the issues you've encountered. Could you please provide additional details or contact our support team? You can access via your Shopee App through Me > Help Centre and choose between Chat or Free Internet Call.",2026-07-18T15:49:40
Shopee 8.8 Merdeka Sale,com.shopee.my,Shopping,1b159b81-b7e5-464d-8976-bab107b69240,hans kreko,1,,Buat hal dah x boleh login acc... Tiba2 log out bila nak login system error,1,3.78.28,2026-07-18T03:44:00,"Kami kesal mendengar ulasan ini, hans kreko. 😢 Kami ingin menyelesaikan masalah ini dan membantu anda dengan selanjutnya.
Sila hubungi kami dan berikan kami informasi lanjut supaya kami boleh membantu anda melalui Aplikasi Shopee dan klik ""Saya"" > ""Pusat Bantuan"" dan pilih antara Chat ataupun Panggilan Internet.",2026-07-18T15:50:21
Shopee 8.8 Merdeka Sale,com.shopee.my,Shopping,5bc56cdf-69b3-4ce1-90fd-b90e80546200,Mohdridzuan Wan,2,,bug ralat tak bole buka kasut aq belom smpai tolong fix,1,3.78.28,2026-07-18T03:42:27,"Kami kesal mendengar ulasan ini, Mohdridzuan Wan. 😢 Kami ingin menyelesaikan masalah ini dan membantu anda dengan selanjutnya.
Sila hubungi kami dan berikan kami informasi lanjut supaya kami boleh membantu anda melalui Aplikasi Shopee dan klik ""Saya"" > ""Pusat Bantuan"" dan pilih antara Chat ataupun Panggilan Internet.",2026-07-18T15:54:10
Shopee 8.8 Merdeka Sale,com.shopee.my,Shopping,2d5e445b-71d9-4c8a-bdcb-7fe8a4c7ded6,Vũ Đức Huy,1,,"why can't i even log in into my account and it always suddenly logs out my account. when i try to log in it responded ""system error, please try again"" what do you means by that? and please fix it. i had already lost one of my account because of this app keeping log out. too bad for a common app",2,3.78.28,2026-07-18T03:36:10,"We're sorry to hear about this review, Vũ Đức Huy. 😢 We would like to understand more about the issues you've encountered. Could you please provide additional details or contact our support team? You can access via your Shopee App through Me > Help Centre and choose between Chat or Free Internet Call.",2026-07-18T15:53:49
Shopee 8.8 Merdeka Sale,com.shopee.my,Shopping,c81bf1f6-639d-48b8-bf40-f922943c38c1,Aziman Bin Azmi,1,,"tiba² akaun jd log out secara automatik, pastu bila nk log in balik, dia tulis ""system error""... shopee mabuk todi ke pil kuda ke ataupon mabuk ketum?",0,3.78.28,2026-07-18T03:34:09,"Kami kesal mendengar ulasan ini, Aziman Bin Azmi. 😢 Kami ingin menyelesaikan masalah ini dan membantu anda dengan selanjutnya.
Sila hubungi kami dan berikan kami informasi lanjut supaya kami boleh membantu anda melalui Aplikasi Shopee dan klik ""Saya"" > ""Pusat Bantuan"" dan pilih antara Chat ataupun Panggilan Internet.",2026-07-18T15:56:12
Shopee 8.8 Merdeka Sale,com.shopee.my,Shopping,aed851e2-6a2c-4e29-9cbb-2bc5c5f872b5,Aishah Moon,1,,APA MASALAH SUKA2 LOG OUT ACC ORG EH??? MENTANG2 COINS KITA DH BYK.. NAK LOG IN SEMUA METHOD X BOLEH! DAH KENAPA????? BRU JE BUKAK 5 MINIT LEPAS.. PASTU BUKAK BALIK NK REDEEM COIN.. TIBA2 LOG OUT KAN ACC ORG!!!!,0,3.54.23,2026-07-18T03:32:08,"Kami kesal mendengar ulasan ini, Aishah Moon. 😢 Kami ingin menyelesaikan masalah ini dan membantu anda dengan selanjutnya.
Sila hubungi kami dan berikan kami informasi lanjut supaya kami boleh membantu anda melalui Aplikasi Shopee dan klik ""Saya"" > ""Pusat Bantuan"" dan pilih antara Chat ataupun Panggilan Internet.",2026-07-18T15:49:24
Shopee 8.8 Merdeka Sale,com.shopee.my,Shopping,8660fac5-69e4-4247-b3ef-c87478b08856,yui ogawa,1,,banyak bug error,0,,2026-07-18T03:26:56,"Kami kesal mendengar ulasan ini, yui ogawa. 😢 Kami ingin menyelesaikan masalah ini dan membantu anda dengan selanjutnya.
Sila hubungi kami dan berikan kami informasi lanjut supaya kami boleh membantu anda melalui Aplikasi Shopee dan klik ""Saya"" > ""Pusat Bantuan"" dan pilih antara Chat ataupun Panggilan Internet.",2026-07-18T15:48:36
Shopee 8.8 Merdeka Sale,com.shopee.my,Shopping,f6af431c-2a59-4706-af46-ccc5c923f567,iyda yaacob,4,,best app for shopping,0,3.77.25,2026-07-18T03:05:19,"We're happy to hear that you're enjoying Shopee, iyda yaacob! If you have any suggestions or if there's anything specific you love about the app, feel free to let us know. If you need assistance, feel free to contact us via your Shopee App through Me > Help Centre and choose between Chat or Free Internet Call.",2026-07-18T16:48:26
Shopee 8.8 Merdeka Sale,com.shopee.my,Shopping,a7a4a8bb-a4f5-41f6-b71d-9829d9d58264,Maxskin Maxskin,5,,Good servis,0,3.75.24,2026-07-17T22:43:03,"We're happy to hear that you're enjoying Shopee, Maxskin Maxskin! If you have any suggestions or if there's anything specific you love about the app, feel free to let us know. If you need assistance, feel free to contact us via your Shopee App through Me > Help Centre and choose between Chat or Free Internet Call.",2026-07-18T00:10:24
Shopee 8.8 Merdeka Sale,com.shopee.my,Shopping,bf4e543a-ae02-4cf6-8b9d-ffad52bb66de,Joy Islam,4,,good,0,3.77.25,2026-07-17T22:26:36,"We're happy to hear that you're enjoying Shopee, Joy Islam! If you have any suggestions or if there's anything specific you love about the app, feel free to let us know. If you need assistance, feel free to contact us via your Shopee App through Me > Help Centre and choose between Chat or Free Internet Call.",2026-07-17T22:40:06
Shopee 8.8 Merdeka Sale,com.shopee.my,Shopping,45987095-867f-410b-9bd5-c4a340dc3eaf,nurmunirah binti maruwan,1,,worst app ever..always crashing,1,3.77.25,2026-07-17T22:16:15,"We're sorry to hear about this review, nurmunirah binti maruwan. 😢 We would like to understand more about the issues you've encountered. Could you please provide additional details or contact our support team? You can access via your Shopee App through Me > Help Centre and choose between Chat or Free Internet Call.",2026-07-17T22:33:37
Shopee 8.8 Merdeka Sale,com.shopee.my,Shopping,c7ba17db-1517-4dd3-a78a-04b82b9255ff,MOHD ZAKI,5,,Terbaik.👍,0,3.77.25,2026-07-17T21:50:54,"Kami gembira mendengar ulasan ini MOHD ZAKI ! Maklum balas positif memberi motivasi untuk kami terus memberikan anda pengalaman terbaik.
Jika anda mempunyai sebarang cadangan atau pandangan, sila hubungi kami melalui Aplikasi Shopee dan klik ""Saya"" > ""Pusat Bantuan"" dan pilih antara Chat atau Panggilan Internet.",2026-07-17T22:33:57
Shopee 8.8 Merdeka Sale,com.shopee.my,Shopping,1aa093af-b883-49e1-8ae1-803257af4f50,Mohd Faizal,5,,Good,0,3.77.25,2026-07-17T21:41:52,"We're happy to hear that you're enjoying Shopee, Mohd Faizal! If you have any suggestions or if there's anything specific you love about the app, feel free to let us know. If you need assistance, feel free to contact us via your Shopee App through Me > Help Centre and choose between Chat or Free Internet Call.",2026-07-18T00:40:35
Shopee 8.8 Merdeka Sale,com.shopee.my,Shopping,1175f702-ca20-4c8b-bd98-87d50a5656c3,Sunny Lee,1,,"Recently the app FORCE landing on Live and Video. I come to shop, not to see you random videos!!! I saw some reviews recently with same feedback. Admin reply beautifully that we can go to app > live chat for support. so, what the support reply? hi, miss. this is default to 'support' the seller. there is NO OPTION to change to home screen instead. HELLO?? why dont you just reply the reviews here the truth that there is NO OPTION. pretending ask us go find support for something that is DEFAULT",1,3.78.25,2026-07-17T21:27:05,"We're sorry to hear about this review, Sunny Lee. 😢 We would like to understand more about the issues you've encountered. Could you please provide additional details or contact our support team? You can access via your Shopee App through Me > Help Centre and choose between Chat or Free Internet Call.",2026-07-17T22:02:44
Shopee 8.8 Merdeka Sale,com.shopee.my,Shopping,583984c6-4a82-4543-89fa-d9f0dbf0b834,Michaeltan Kim Loong,5,,The best,0,3.77.25,2026-07-17T21:02:00,"We're happy to hear that you're enjoying Shopee, Michaeltan Kim Loong! If you have any suggestions or if there's anything specific you love about the app, feel free to let us know. If you need assistance, feel free to contact us via your Shopee App through Me > Help Centre and choose between Chat or Free Internet Call.",2026-07-17T22:01:22
Shopee 8.8 Merdeka Sale,com.shopee.my,Shopping,71f6ef5b-4d4d-4a29-a1b5-8bf77a62a3e7,Mohd Robain,5,,.so far so good.,0,3.77.25,2026-07-17T20:49:49,"We're happy to hear that you're enjoying Shopee, Mohd Robain! If you have any suggestions or if there's anything specific you love about the app, feel free to let us know. If you need assistance, feel free to contact us via your Shopee App through Me > Help Centre and choose between Chat or Free Internet Call.",2026-07-17T22:00:12
Shopee 8.8 Merdeka Sale,com.shopee.my,Shopping,593e76ab-986d-43c9-afeb-951a783c0e25,asrie tu,5,,Fast delivery.,0,3.76.27,2026-07-17T20:44:29,"We're happy to hear that you're enjoying Shopee, asrietuyi Mohd Asri! If you have any suggestions or if there's anything specific you love about the app, feel free to let us know. If you need assistance, feel free to contact us via your Shopee App through Me > Help Centre and choose between Chat, Email or Free Internet Call.",2024-01-27T13:02:21
Shopee 8.8 Merdeka Sale,com.shopee.my,Shopping,cbc14318-84f3-4f49-9b6a-66b61c14faaa,Sukmacukma619 Cukma619,5,,Good,0,3.77.25,2026-07-17T20:26:58,"We're happy to hear that you're enjoying Shopee, Sukmacukma619 Cukma619! If you have any suggestions or if there's anything specific you love about the app, feel free to let us know. If you need assistance, feel free to contact us via your Shopee App through Me > Help Centre and choose between Chat or Free Internet Call.",2026-07-17T20:42:19
Shopee 8.8 Merdeka Sale,com.shopee.my,Shopping,e755c2cd-75bf-4e80-a185-ea5e1d086472,Siti Mariam,1,,Bad Cancellation and FPX refund policy currently. Drag more than 5 Working days promise. Live agent Vien Lloyd leaving chat inquiry abruptly without asking customer permission and clear reason on why the problem still not be solved.,2,3.78.28,2026-07-17T20:19:56,"We're sorry to hear about this review, Siti Mariam. 😢 We would like to understand more about the issues you've encountered. Could you please provide additional details or contact our support team? You can access via your Shopee App through Me > Help Centre and choose between Chat or Free Internet Call.",2026-07-17T21:17:03
Shopee 8.8 Merdeka Sale,com.shopee.my,Shopping,974d4f2e-f156-4b68-9d4b-213a71d476b5,Mahmood Kasim,5,,i like this shopy,0,3.77.25,2026-07-17T20:18:17,"We're happy to hear that you're enjoying Shopee, Mahmood Kasim! If you have any suggestions or if there's anything specific you love about the app, feel free to let us know. If you need assistance, feel free to contact us via your Shopee App through Me > Help Centre and choose between Chat or Free Internet Call.",2026-07-17T20:47:26
Shopee 8.8 Merdeka Sale,com.shopee.my,Shopping,505c1005-2bc7-4cb2-8cd2-b7809515914a,MDMonir Hossain,4,,nice,0,,2026-07-17T19:19:46,"We're happy to hear that you're enjoying Shopee, MDMonir Hossain! If you have any suggestions or if there's anything specific you love about the app, feel free to let us know. If you need assistance, feel free to contact us via your Shopee App through Me > Help Centre and choose between Chat or Free Internet Call.",2026-07-17T20:09:05
Shopee 8.8 Merdeka Sale,com.shopee.my,Shopping,be8fb55c-dd07-4752-8f1a-37e983745dc7,Chek Muhammad akil Chek hassan,1,,taip kali nak belajar ad je iklan sampai banyak masa sia sia dngan iklan,1,,2026-07-17T18:22:28,"Kami kesal mendengar ulasan ini, Chek Muhammad akil Chek hassan. 😢 Kami ingin menyelesaikan masalah ini dan membantu anda dengan selanjutnya.
Sila hubungi kami dan berikan kami informasi lanjut supaya kami boleh membantu anda melalui Aplikasi Shopee dan klik ""Saya"" > ""Pusat Bantuan"" dan pilih antara Chat ataupun Panggilan Internet.",2026-07-17T18:53:00
Shopee 8.8 Merdeka Sale,com.shopee.my,Shopping,02b1c221-97c3-4f87-aabf-fcb2b97368af,Mr Civic,5,,Terbaik,0,3.77.25,2026-07-17T17:49:11,"Kami gembira mendengar ulasan ini Mr Civic ! Maklum balas positif memberi motivasi untuk kami terus memberikan anda pengalaman terbaik.
Jika anda mempunyai sebarang cadangan atau pandangan, sila hubungi kami melalui Aplikasi Shopee dan klik ""Saya"" > ""Pusat Bantuan"" dan pilih antara Chat atau Panggilan Internet.",2026-07-17T18:34:00
Shopee 8.8 Merdeka Sale,com.shopee.my,Shopping,a7b6e85a-73de-4dd8-a62c-ae9d68124317,Shahrul Rais,5,,good,0,3.77.25,2026-07-17T17:46:40,"We're happy to hear that you're enjoying Shopee, Shahrul Rais! If you have any suggestions or if there's anything specific you love about the app, feel free to let us know. If you need assistance, feel free to contact us via your Shopee App through Me > Help Centre and choose between Chat or Free Internet Call.",2026-07-17T18:34:21
Shopee 8.8 Merdeka Sale,com.shopee.my,Shopping,71aa5644-b71d-4ed5-bbce-bf3640031c66,Redmi,1,,the ad is so annoying,0,,2026-07-17T17:41:09,"We're sorry to hear about this review, Redmi. 😢 We would like to understand more about the issues you've encountered. Could you please provide additional details or contact our support team? You can access via your Shopee App through Me > Help Centre and choose between Chat or Free Internet Call.",2026-07-17T18:35:02
Shopee 8.8 Merdeka Sale,com.shopee.my,Shopping,06a1062a-4513-4d45-bdce-ddbed377494f,NURUL ATIQAH BINTI HALIM,1,,"⭐☆☆☆☆ (1/5) Shopee's security is very disappointing. RM179.90 was deducted from my Spaylater without my knowledge or authorization. I later discovered I had been hacked and a Sfinancing amount of about RM4000 was created under my account without any action and authorization from me.I report to shopee and they ask me to submit 3 same report and take 1 month to say I need to pay. Shopee needs stronger security, better identity verification, and faster fraud prevention to protect users from scams.",0,3.76.25,2026-07-17T17:39:45,"We're sorry to hear about this review, NURUL ATIQAH BINTI HALIM. 😢 We would like to understand more about the issues you've encountered. Could you please provide additional details or contact our support team? You can access via your Shopee App through Me > Help Centre and choose between Chat or Free Internet Call.",2026-07-17T18:51:31
Shopee 8.8 Merdeka Sale,com.shopee.my,Shopping,1ddbaba0-9bf4-434d-aede-18bd43217bd4,Inifnix GT20PRO,5,,power rangers.. champion🏆 produk,0,,2026-07-17T17:31:51,"Kami gembira mendengar ulasan ini Inifnix GT20PRO ! Maklum balas positif memberi motivasi untuk kami terus memberikan anda pengalaman terbaik.
Jika anda mempunyai sebarang cadangan atau pandangan, sila hubungi kami melalui Aplikasi Shopee dan klik ""Saya"" > ""Pusat Bantuan"" dan pilih antara Chat atau Panggilan Internet.",2026-07-17T18:33:25
Shopee 8.8 Merdeka Sale,com.shopee.my,Shopping,d2a55895-a990-46d7-bd75-bbcd73a20bdc,Omg,2,,so many Ai video that is pissing me off,0,3.77.25,2026-07-17T17:30:27,"We're sorry to hear about this review, Omg. 😢 We would like to understand more about the issues you've encountered. Could you please provide additional details or contact our support team? You can access via your Shopee App through Me > Help Centre and choose between Chat or Free Internet Call.",2026-07-17T18:33:42
Shopee 8.8 Merdeka Sale,com.shopee.my,Shopping,224aa8d9-53a6-422f-9eff-251a75f66207,Epy,5,,good,0,,2026-07-17T17:26:09,"We're happy to hear that you're enjoying Shopee, Epy! If you have any suggestions or if there's anything specific you love about the app, feel free to let us know. If you need assistance, feel free to contact us via your Shopee App through Me > Help Centre and choose between Chat or Free Internet Call.",2026-07-17T18:02:32
Shopee 8.8 Merdeka Sale,com.shopee.my,Shopping,fd367e23-5988-4718-80cf-743e1a2f01cd,alissa maisarah,5,,baguss,0,3.76.27,2026-07-17T17:01:21,"Kami gembira mendengar ulasan ini alissa maisarah ! Maklum balas positif memberi motivasi untuk kami terus memberikan anda pengalaman terbaik.
Jika anda mempunyai sebarang cadangan atau pandangan, sila hubungi kami melalui Aplikasi Shopee dan klik ""Saya"" > ""Pusat Bantuan"" dan pilih antara Chat atau Panggilan Internet.",2026-07-17T17:56:45
Shopee 8.8 Merdeka Sale,com.shopee.my,Shopping,d6ff9c1d-88bc-4185-91a0-eb4ea0a129a0,mooneyes Mooneyes,5,,good,0,3.77.25,2026-07-17T16:37:26,"We're happy to hear that you're enjoying Shopee, mooneyes Mooneyes! If you have any suggestions or if there's anything specific you love about the app, feel free to let us know. If you need assistance, feel free to contact us via your Shopee App through Me > Help Centre and choose between Chat or Free Internet Call.",2026-07-17T17:57:35
Shopee 8.8 Merdeka Sale,com.shopee.my,Shopping,b4d3d619-6cae-4aa1-88c2-22631099b24b,yopbana isa,5,,this app cost me money..too good to be true,0,3.77.25,2026-07-17T16:26:58,"We're happy to hear that you're enjoying Shopee, yopbana isa! If you have any suggestions or if there's anything specific you love about the app, feel free to let us know. If you need assistance, feel free to contact us via your Shopee App through Me > Help Centre and choose between Chat or Free Internet Call.",2026-07-17T16:36:16
Shopee 8.8 Merdeka Sale,com.shopee.my,Shopping,6229ca14-ca1f-469e-bc30-5fbbc504c5b8,Bubuuu,1,,"I'm seriously considering moving completely off shopee. The video tab as a homepage startup is way too disruptive, and it's so annoying that I can't even fathom how annoyed and angry i was. Imagine you're just playing some music, wanting to scroll shopee for shoping, and then the live video or some affiliate videos about random products you don't care about popped up, being shoved in your face , and the music stopped. And it happens every time. I probably would stop using it very soon.",1,3.77.25,2026-07-17T16:20:19,"We're sorry to hear about this review, Bubuuu. 😢 We would like to understand more about the issues you've encountered. Could you please provide additional details or contact our support team? You can access via your Shopee App through Me > Help Centre and choose between Chat or Free Internet Call.",2026-07-17T16:44:11
Shopee 8.8 Merdeka Sale,com.shopee.my,Shopping,1071fc72-73fe-46e2-b67c-2f6e6f89cf69,Aryana,1,,"this ads are so annoying. I don't understand why every one of my games have these ads. not once, not twice. everyday.",0,,2026-07-17T16:19:10,"We're sorry to hear about this review, Aryana. 😢 We would like to understand more about the issues you've encountered. Could you please provide additional details or contact our support team? You can access via your Shopee App through Me > Help Centre and choose between Chat or Free Internet Call.",2026-07-17T18:17:01
Shopee 8.8 Merdeka Sale,com.shopee.my,Shopping,92426196-f937-4441-b2f5-bf2ef470ac5f,Noor Kholima,5,,"Good quality products at affordable prices. Fast delivery, even for long-distance orders. Highly recommended!",0,3.77.25,2026-07-17T16:17:51,"We're happy to hear that you're enjoying Shopee, Noor Kholima! If you have any suggestions or if there's anything specific you love about the app, feel free to let us know. If you need assistance, feel free to contact us via your Shopee App through Me > Help Centre and choose between Chat or Free Internet Call.",2026-07-17T16:38:32
Shopee 8.8 Merdeka Sale,com.shopee.my,Shopping,18d00b4f-1977-4d1d-bfd4-2ec7daee8d2e,Mual Landa,5,,ok,0,,2026-07-17T15:55:45,"Kami gembira mendengar ulasan ini Mual Landa ! Maklum balas positif memberi motivasi untuk kami terus memberikan anda pengalaman terbaik.
Jika anda mempunyai sebarang cadangan atau pandangan, sila hubungi kami melalui Aplikasi Shopee dan klik ""Saya"" > ""Pusat Bantuan"" dan pilih antara Chat atau Panggilan Internet.",2026-07-17T16:37:24
Shopee 8.8 Merdeka Sale,com.shopee.my,Shopping,79763536-a2a3-476d-962e-4796275e8b86,Ida Aida,5,,I am very satisfied with this application because it makes it easy for me to shop online.,0,3.76.25,2026-07-17T15:25:57,"We're happy to hear that you're enjoying Shopee, Ida Aida! If you have any suggestions or if there's anything specific you love about the app, feel free to let us know. If you need assistance, feel free to contact us via your Shopee App through Me > Help Centre and choose between Chat or Free Internet Call.",2026-07-17T15:53:00
Shopee 8.8 Merdeka Sale,com.shopee.my,Shopping,f33afcbd-c8c7-4691-974c-097a0bb29151,Black Arrow,1,,"shopee is so desperate for attention that it will automatically open it self just like virus and it's very annoying, the other shopping app is not as desperate and annoying as shopee",0,,2026-07-17T15:21:13,"We're sorry to hear about this review, Black Arrow. 😢 We would like to understand more about the issues you've encountered. Could you please provide additional details or contact our support team? You can access via your Shopee App through Me > Help Centre and choose between Chat or Free Internet Call.",2026-07-17T15:55:34
Shopee 8.8 Merdeka Sale,com.shopee.my,Shopping,6ba3988f-cacb-4c15-a359-eb148c87da04,Aaron Mackenzie,1,,"this stupid app has not been transparent in their way of operating their business. parcel can be delayed but no action in improving their logistic. remember, if you don't want any delay in your parcel delivery, do not use this e- commerce app.",1,,2026-07-17T15:03:41,"We're sorry to hear about this review, Aaron Mackenzie. 😢 We would like to understand more about the issues you've encountered. Could you please provide additional details or contact our support team? You can access via your Shopee App through Me > Help Centre and choose between Chat or Free Internet Call.",2026-07-17T15:39:44
Shopee 8.8 Merdeka Sale,com.shopee.my,Shopping,a78c4140-d4fb-4654-9058-e8ea219737cc,erol khaiz,5,,very nice apps,0,3.77.25,2026-07-17T14:30:17,"Thank you for rating us erol khaiz !
If you need assistance in the future, feel free to contact us via your Shopee App through Me > Help Centre and choose between Chat or Internet Call.",2026-07-17T15:55:17
Shopee 8.8 Merdeka Sale,com.shopee.my,Shopping,af7d6229-ed7a-4bf6-8c85-ed8a92765262,Hadi Aziz,1,,bila kau nak ada dark mode ni. dah 2026 ni. outdate betul la. sakit mata nak scroll malam2 tau tak,0,3.77.25,2026-07-17T14:24:11,"Kami kesal mendengar ulasan ini, Hadi Aziz. 😢 Kami ingin menyelesaikan masalah ini dan membantu anda dengan selanjutnya.
Sila hubungi kami dan berikan kami informasi lanjut supaya kami boleh membantu anda melalui Aplikasi Shopee dan klik ""Saya"" > ""Pusat Bantuan"" dan pilih antara Chat ataupun Panggilan Internet.",2026-07-17T14:57:58
Shopee 8.8 Merdeka Sale,com.shopee.my,Shopping,4a0d9c41-b987-4ba9-8029-7f80c9a9f344,josh,2,,"app is good but there's alot of fake advertising of products, like they show a video of a cool product but when going to they're page it doesn't look anything like the advertising",0,,2026-07-17T14:20:28,"We're sorry to hear about this review, josh. 😢 We would like to understand more about the issues you've encountered. Could you please provide additional details or contact our support team? You can access via your Shopee App through Me > Help Centre and choose between Chat or Free Internet Call.",2026-07-17T14:46:05
Shopee 8.8 Merdeka Sale,com.shopee.my,Shopping,0a076cf4-e55b-4309-aa51-a94aafdde1dc,Siti Zawani,5,,Very good !,0,3.78.25,2026-07-17T14:02:20,"Thank you for rating us Siti Zawani !
If you need assistance in the future, feel free to contact us via your Shopee App through Me > Help Centre and choose between Chat or Internet Call.",2026-07-17T14:45:08
Shopee 8.8 Merdeka Sale,com.shopee.my,Shopping,efa666b7-f3aa-4c81-9c72-5d981e344480,Mister My08,5,,Awesome.. Platform yang mudah Dan mesra PENGGUNAAN..,0,3.77.25,2026-07-17T14:01:50,"Kami gembira mendengar ulasan ini Mister My08 ! Maklum balas positif memberi motivasi untuk kami terus memberikan anda pengalaman terbaik.
Jika anda mempunyai sebarang cadangan atau pandangan, sila hubungi kami melalui Aplikasi Shopee dan klik ""Saya"" > ""Pusat Bantuan"" dan pilih antara Chat atau Panggilan Internet.",2026-07-17T14:57:26
Shopee 8.8 Merdeka Sale,com.shopee.my,Shopping,124a78be-d986-4e75-b1a7-3478634ce30f,kirtana_ kirti,1,,"It's very difficult to return items on Shopee. Even if we provide proof, they don't give us a fair resolution. I'm telling the seller that I am an important person, and if this keeps happening, no one will come to Shopee to buy things.",1,3.77.25,2026-07-17T14:01:17,"We're sorry to hear about this review, kirtana_ kirti. 😢 We would like to understand more about the issues you've encountered. Could you please provide additional details or contact our support team? You can access via your Shopee App through Me > Help Centre and choose between Chat or Free Internet Call.",2026-07-17T14:44:20
Shopee 8.8 Merdeka Sale,com.shopee.my,Shopping,e22331e5-707d-4841-af09-b4ae8a1001e7,Kyrol Ezham,5,,very good,0,3.77.25,2026-07-17T13:40:22,"Thank you for rating us Kyrol Ezham !
If you need assistance in the future, feel free to contact us via your Shopee App through Me > Help Centre and choose between Chat or Internet Call.",2026-07-17T14:43:55
Shopee 8.8 Merdeka Sale,com.shopee.my,Shopping,7542229c-e065-4eb2-bc3c-021c04cb9a2b,zaidibudi 227,5,,good,0,3.78.25,2026-07-17T13:32:29,"Thank you for rating us zaidibudi 227 !
If you need assistance in the future, feel free to contact us via your Shopee App through Me > Help Centre and choose between Chat or Internet Call.",2026-07-17T14:43:36
Shopee 8.8 Merdeka Sale,com.shopee.my,Shopping,5ab2470c-dec0-46ab-b957-63f276553685,Mohd Apis,5,,terbaik,0,3.77.25,2026-07-17T13:29:54,"Kami gembira mendengar ulasan ini Mohd Apis ! Maklum balas positif memberi motivasi untuk kami terus memberikan anda pengalaman terbaik.
Jika anda mempunyai sebarang cadangan atau pandangan, sila hubungi kami melalui Aplikasi Shopee dan klik ""Saya"" > ""Pusat Bantuan"" dan pilih antara Chat atau Panggilan Internet.",2026-07-17T13:45:19
Shopee 8.8 Merdeka Sale,com.shopee.my,Shopping,7991691f-7bcc-45a8-9389-9c1864364bcc,FrostyDiamond,4,,"PLEASE I BEG, ADD AN OPTION TO PAY VIA TOUCH N GO (TNG) PLSSS 😭🙏",0,,2026-07-17T13:29:19,"We're happy to hear that you're enjoying Shopee, FrostyDiamond! If you have any suggestions or if there's anything specific you love about the app, feel free to let us know. If you need assistance, feel free to contact us via your Shopee App through Me > Help Centre and choose between Chat or Free Internet Call.",2026-07-17T13:44:08
Shopee 8.8 Merdeka Sale,com.shopee.my,Shopping,fe2a3004-0522-455a-aeb9-fec40a8bccd7,Diana Aileen,5,,fast delivery,0,3.77.25,2026-07-17T13:27:13,"We're happy to hear that you're enjoying Shopee, Diana Aileen! If you have any suggestions or if there's anything specific you love about the app, feel free to let us know. If you need assistance, feel free to contact us via your Shopee App through Me > Help Centre and choose between Chat or Free Internet Call.",2026-07-17T13:43:17
Shopee 8.8 Merdeka Sale,com.shopee.my,Shopping,b5b54d63-a427-4719-9829-bfbfa24e3a85,Saiful Balok,5,,good apps,0,3.78.25,2026-07-17T13:12:24,"We're happy to hear that you're enjoying Shopee, Saiful Balok! If you have any suggestions or if there's anything specific you love about the app, feel free to let us know. If you need assistance, feel free to contact us via your Shopee App through Me > Help Centre and choose between Chat or Free Internet Call.",2026-07-17T13:42:35
Shopee 8.8 Merdeka Sale,com.shopee.my,Shopping,9ffd31df-9fec-490f-9089-82276d8f1fb3,Princess Miza,5,,I like to shopping in this apps... very helpful for me because I'm lazy to go shopping mall,0,3.77.25,2026-07-17T11:35:01,"We're happy to hear that you're enjoying Shopee, Princess Miza! If you have any suggestions or if there's anything specific you love about the app, feel free to let us know. If you need assistance, feel free to contact us via your Shopee App through Me > Help Centre and choose between Chat or Free Internet Call.",2026-07-17T12:43:31
Shopee 8.8 Merdeka Sale,com.shopee.my,Shopping,a7a28846-3c13-428b-b26d-bd19396b34c6,Sailou Lin,5,,Nice,0,3.77.25,2026-07-17T11:22:55,"We're happy to hear that you're enjoying Shopee, Sailou Lin! If you have any suggestions or if there's anything specific you love about the app, feel free to let us know. If you need assistance, feel free to contact us via your Shopee App through Me > Help Centre and choose between Chat or Free Internet Call.",2026-07-17T11:57:22
Shopee 8.8 Merdeka Sale,com.shopee.my,Shopping,adee679a-f6b4-4144-b75e-3017b4f3e4da,adrieo,1,,"trash app, trash deliver drivers, too much notifications",1,3.77.25,2026-07-17T10:27:01,"We're sorry to hear about this review, adrieo. 😢 We would like to understand more about the issues you've encountered. Could you please provide additional details or contact our support team? You can access via your Shopee App through Me > Help Centre and choose between Chat or Free Internet Call.",2026-04-25T16:47:03
Shopee 8.8 Merdeka Sale,com.shopee.my,Shopping,a83b62f8-e001-4033-8d92-2d15783663ee,aqlil swag,1,,17 July 2026 : refund skrg ambil masa terlalu lama n nk contact agent skrg mmg susah duit refund mereka pernah x diberi balik boikot shopee,1,3.77.25,2026-07-17T10:14:32,"Kami kesal mendengar ulasan ini, aqlil swag.  Kami ingin menyelesaikan masalah ini dan membantu anda dengan selanjutnya.
Sila hubungi kami dan berikan kami informasi lanjut supaya kami boleh membantu anda melalui Aplikasi Shopee dan klik ""Saya"" > ""Pusat Bantuan"" dan pilih antara Chat ataupun Panggilan Internet.",2024-11-02T15:36:54
Shopee 8.8 Merdeka Sale,com.shopee.my,Shopping,8e5487e2-304a-42c9-8ed1-5db346623fda,Yumi Sung,5,,"I like all the features, keep up and let it be my best shopping platform ya, tq😘😘😘",0,3.77.25,2026-07-17T09:46:27,"We're happy to hear that you're enjoying Shopee, Yumi Sung! If you have any suggestions or if there's anything specific you love about the app, feel free to let us know. If you need assistance, feel free to contact us via your Shopee App through Me > Help Centre and choose between Chat or Free Internet Call.",2026-07-17T14:06:33
Shopee 8.8 Merdeka Sale,com.shopee.my,Shopping,6a43a237-190f-45fb-abba-bdc59724a9fa,Shasha Abu bakar,1,,"Very disappointing customer service. I have been facing the same SPayLater KYC verification issue since May until July, with no resolution at all. I have submitted my original MyKad multiple times, ensuring that both the front and back are clear, complete, and follow all the instructions provided. Despite this, every escalation ends with the exact same template response: ""IC photo is invalid."" No one explains what is actually wrong with my submission or which part is considered invalid.",2,3.78.25,2026-07-17T09:26:18,"We're sorry to hear about this review, Shasha Abu bakar. 😢 We would like to understand more about the issues you've encountered. Could you please provide additional details or contact our support team? You can access via your Shopee App through Me > Help Centre and choose between Chat or Free Internet Call.",2026-07-17T09:34:23
Shopee 8.8 Merdeka Sale,com.shopee.my,Shopping,e1b6d702-0187-4c3b-877a-6883dce5604e,Azraimi Azrai,5,,Ok terbaik.,0,3.77.25,2026-07-17T08:25:51,"Kami gembira mendengar ulasan ini Azraimi Azrai ! Maklum balas positif memberi motivasi untuk kami terus memberikan anda pengalaman terbaik.
Jika anda mempunyai sebarang cadangan atau pandangan, sila hubungi kami melalui Aplikasi Shopee dan klik ""Saya"" > ""Pusat Bantuan"" dan pilih antara Chat atau Panggilan Internet.",2026-07-17T09:09:09
Shopee 8.8 Merdeka Sale,com.shopee.my,Shopping,dee206cb-f621-4ba8-85e7-5711e1a96f01,Yoshi Iyoshi,5,,mantap!! sentiasa ada coin free yang banyak,0,3.78.27,2026-07-17T06:52:32,"Kami gembira mendengar ulasan ini Yoshi Iyoshi ! Maklum balas positif memberi motivasi untuk kami terus memberikan anda pengalaman terbaik.
Jika anda mempunyai sebarang cadangan atau pandangan, sila hubungi kami melalui Aplikasi Shopee dan klik ""Saya"" > ""Pusat Bantuan"" dan pilih antara Chat atau Panggilan Internet.",2026-07-17T07:34:53
Shopee 8.8 Merdeka Sale,com.shopee.my,Shopping,9b72373f-56bc-4980-b614-063d74e60e7b,Mason Tay,1,,"Very disappointed with Shopee Customer Service. My RM20 voucher could not be used even though I met the requirements. Once I selected a payment method, the voucher was automatically removed. I topped up ShopeePay, but it still could not be used. I also tried paying with my credit card, but the payment failed. I contacted Customer Service, but received no proper explanation or solution. Please fix this issue and improve your customer support.",1,,2026-07-17T05:24:00,"We're sorry to hear about this review, Mason Tay. 😢 We would like to understand more about the issues you've encountered. Could you please provide additional details or contact our support team? You can access via your Shopee App through Me > Help Centre and choose between Chat or Free Internet Call.",2026-07-17T06:55:24
Shopee 8.8 Merdeka Sale,com.shopee.my,Shopping,4b97883f-b123-42ed-8c47-2b9b5515d042,samsurizal anuar,5,,all in one,0,3.77.25,2026-07-17T05:03:33,"We're happy to hear that you're enjoying Shopee, samsurizal anuar! If you have any suggestions or if there's anything specific you love about the app, feel free to let us know. If you need assistance, feel free to contact us via your Shopee App through Me > Help Centre and choose between Chat or Free Internet Call.",2026-07-17T06:55:06
Shopee 8.8 Merdeka Sale,com.shopee.my,Shopping,941d4a49-97c0-451d-8878-79954ee1cd18,Firdaus Jufri,4,,good,0,3.77.25,2026-07-17T01:40:43,"We're happy to hear that you're enjoying Shopee, Firdaus Jufri! If you have any suggestions or if there's anything specific you love about the app, feel free to let us know. If you need assistance, feel free to contact us via your Shopee App through Me > Help Centre and choose between Chat or Free Internet Call.",2026-07-17T02:37:02
Shopee 8.8 Merdeka Sale,com.shopee.my,Shopping,d56b282a-50eb-42a6-bfb3-851f30ca755d,Anand Zack,5,,"Hai Shopee Support, Saya telah memohon SPayLater dan telah mengisi semua maklumat yang diperlukan dengan betul. Namun, permohonan saya telah ditolak serta-merta selepas saya menghantar permohonan. Boleh saya tahu apakah sebab permohonan saya ditolak? Jika ada dokumen atau maklumat tambahan yang diperlukan, sila maklumkan kepada saya. Saya juga ingin mengetahui bila saya boleh memohon semula. Terima kasih.",0,,2026-07-17T01:27:37,"Kami kesal mendengar ulasan ini, Anand Zack. 😢 Kami ingin menyelesaikan masalah ini dan membantu anda dengan selanjutnya.
Sila hubungi kami dan berikan kami informasi lanjut supaya kami boleh membantu anda melalui Aplikasi Shopee dan klik ""Saya"" > ""Pusat Bantuan"" dan pilih antara Chat ataupun Panggilan Internet.",2026-07-17T02:42:26
Shopee 8.8 Merdeka Sale,com.shopee.my,Shopping,ba5f3125-a0c3-474f-a9dc-5b2b6ca3a05a,Md Saddam Pathan (Ali),5,,"I love using shopee, whatever I need I buy everything from shopee and I get a lot of vouchers, I use lazada also but Shopee is my favourite. Thank you!",0,3.77.25,2026-07-16T23:43:01,"We're happy to hear that you're enjoying Shopee, Md Saddam Pathan (Ali)! If you have any suggestions or if there's anything specific you love about the app, feel free to let us know. If you need assistance, feel free to contact us via your Shopee App through Me > Help Centre and choose between Chat or Free Internet Call.",2026-07-17T00:32:44
Shopee 8.8 Merdeka Sale,com.shopee.my,Shopping,e87458ee-476d-4ae5-9b2e-74121d518e5f,Firdaus,5,,good,0,3.77.25,2026-07-16T23:24:24,"We're happy to hear that you're enjoying Shopee, Firdaus! If you have any suggestions or if there's anything specific you love about the app, feel free to let us know. If you need assistance, feel free to contact us via your Shopee App through Me > Help Centre and choose between Chat or Free Internet Call.",2026-07-17T00:02:35
Shopee 8.8 Merdeka Sale,com.shopee.my,Shopping,f98028f4-1c2f-4edd-83ef-8fa03deda01a,Deva S,1,,"when refund don't want shoppe pay ,later will install lazada better, please check your supplier, all products are duplicates, buy after return only ,what 🙏",2,3.77.25,2026-07-16T23:16:06,"We're sorry to hear about this review, Deva S. 😢 We would like to understand more about the issues you've encountered. Could you please provide additional details or contact our support team? You can access via your Shopee App through Me > Help Centre and choose between Chat or Free Internet Call.",2026-07-16T23:43:47
Shopee 8.8 Merdeka Sale,com.shopee.my,Shopping,2ebd4156-24df-4c2c-a6e0-73cb7756490b,Zulfiqar Ali,5,,nice👍,0,,2026-07-16T23:03:26,"We're happy to hear that you're enjoying Shopee, Zulfiqar Ali! If you have any suggestions or if there's anything specific you love about the app, feel free to let us know. If you need assistance, feel free to contact us via your Shopee App through Me > Help Centre and choose between Chat or Free Internet Call.",2026-07-16T23:42:45
Shopee 8.8 Merdeka Sale,com.shopee.my,Shopping,b0150052-93d8-431e-b6cf-716ac1145428,Cithra Maniam,5,,The only shopping platform I trust and use for long time 👍,0,3.76.27,2026-07-16T22:46:04,"We're happy to hear that you're enjoying Shopee, Cithra Maniam! If you have any suggestions or if there's anything specific you love about the app, feel free to let us know. If you need assistance, feel free to contact us via your Shopee App through Me > Help Centre and choose between Chat or Free Internet Call.",2026-07-17T00:01:23
Shopee 8.8 Merdeka Sale,com.shopee.my,Shopping,80271694-4642-4360-9053-17bf698bc07c,hussain hussain,5,,very good,1,3.77.25,2026-07-16T22:34:44,"We're happy to hear that you're enjoying Shopee, hussain hussain! If you have any suggestions or if there's anything specific you love about the app, feel free to let us know. If you need assistance, feel free to contact us via your Shopee App through Me > Help Centre and choose between Chat or Free Internet Call.",2026-07-16T23:31:01
Shopee 8.8 Merdeka Sale,com.shopee.my,Shopping,6bd9767a-39d9-4c88-a22e-fb1448951a43,hazimmnf,5,,app yang bagus untuk kita yang malas keluar mencari barang-barang👍,0,3.77.25,2026-07-16T21:50:19,"Hi,

Greetings from Shopee! 😊

Your awesome review made our day! 😃

Stay tuned for greater deals soon 🧡",2023-05-25T21:49:50
Shopee 8.8 Merdeka Sale,com.shopee.my,Shopping,b13ab578-d965-4c0e-89c4-8cde961a5417,Aryan Iskandar,1,,takpayah la bagi iklan barua engko tu aku tengah main game pun kau bagi iklan barua,0,3.78.25,2026-07-16T21:09:44,"Kami kesal mendengar ulasan ini, Aryan Iskandar. 😢 Kami ingin menyelesaikan masalah ini dan membantu anda dengan selanjutnya.
Sila hubungi kami dan berikan kami informasi lanjut supaya kami boleh membantu anda melalui Aplikasi Shopee dan klik ""Saya"" > ""Pusat Bantuan"" dan pilih antara Chat ataupun Panggilan Internet.",2026-07-16T21:34:33
Shopee 8.8 Merdeka Sale,com.shopee.my,Shopping,50e15c60-b5f6-4ccb-8c51-b721d3b0e5cd,Azwaan Zakariah,5,,padu,0,3.77.25,2026-07-16T19:40:52,"Kami gembira mendengar ulasan ini Azwaan Zakariah ! Maklum balas positif memberi motivasi untuk kami terus memberikan anda pengalaman terbaik.
Jika anda mempunyai sebarang cadangan atau pandangan, sila hubungi kami melalui Aplikasi Shopee dan klik ""Saya"" > ""Pusat Bantuan"" dan pilih antara Chat atau Panggilan Internet.",2026-07-16T20:59:59
Shopee 8.8 Merdeka Sale,com.shopee.my,Shopping,ab0bf495-5e73-4109-9230-34d623025d9b,Shelly Madson,1,,The most annoying pop-up ads in Malaysia,2,3.77.25,2026-07-16T19:28:31,,
Shopee 8.8 Merdeka Sale,com.shopee.my,Shopping,91dc62cf-a76a-4eb6-a8fe-4475856b3f93,NUR ADLINA BATRISYIA,5,,Aplikasi beli-belah kegemaran saya kerana banyak menawarkan baucar penghantaran percuma dan jualan kilat yang murah. Ciri ringkasan ulasan berasaskan AI juga sangat memudahkan saya menilai barang sebelum membeli. Penghantaran pun cepat!,0,3.77.25,2026-07-16T19:24:23,"Kami gembira mendengar ulasan ini NUR ADLINA BATRISYIA ! Maklum balas positif memberi motivasi untuk kami terus memberikan anda pengalaman terbaik.
Jika anda mempunyai sebarang cadangan atau pandangan, sila hubungi kami melalui Aplikasi Shopee dan klik ""Saya"" > ""Pusat Bantuan"" dan pilih antara Chat atau Panggilan Internet.",2026-07-16T19:48:40
Shopee 8.8 Merdeka Sale,com.shopee.my,Shopping,254bbfc3-d2c4-4cca-9b51-32753c36f770,Keon nisa,5,,Selalu guna untuk shopping. Banyak promosi dan proses pembelian sangat mudah.,0,,2026-07-16T19:15:32,"Kami gembira mendengar ulasan ini Keon nisa ! Maklum balas positif memberi motivasi untuk kami terus memberikan anda pengalaman terbaik.
Jika anda mempunyai sebarang cadangan atau pandangan, sila hubungi kami melalui Aplikasi Shopee dan klik ""Saya"" > ""Pusat Bantuan"" dan pilih antara Chat atau Panggilan Internet.",2026-07-16T19:48:23
Shopee 8.8 Merdeka Sale,com.shopee.my,Shopping,f4042832-1f3a-47b8-93f4-058ea4e7251a,Shahril Wahab,5,,good,0,3.77.25,2026-07-16T18:49:06,"We're happy to hear that you're enjoying Shopee, Shahril Wahab! If you have any suggestions or if there's anything specific you love about the app, feel free to let us know. If you need assistance, feel free to contact us via your Shopee App through Me > Help Centre and choose between Chat or Free Internet Call.",2026-07-16T19:47:41
Shopee 8.8 Merdeka Sale,com.shopee.my,Shopping,33fcefe6-a502-4a59-814c-6cdbdaf1ebd4,Kyukake,4,,"it's good and all, but every time I upload a picture or a photo to review a product it's always 50/50 for me, Because sometimes it will stuck at 95%",0,,2026-07-16T18:48:12,"Thank you for rating us Kyukake !
If you need assistance in the future, feel free to contact us via your Shopee App through Me > Help Centre and choose between Chat or Internet Call.",2026-07-16T19:47:23
Shopee 8.8 Merdeka Sale,com.shopee.my,Shopping,2dbbe273-47b8-430a-b850-8ce57ea1b13a,Brian Teng,5,,really good shipping,0,3.77.25,2026-07-16T18:26:57,"We're happy to hear that you're enjoying Shopee, Brian Teng! If you have any suggestions or if there's anything specific you love about the app, feel free to let us know. If you need assistance, feel free to contact us via your Shopee App through Me > Help Centre and choose between Chat or Free Internet Call.",2026-07-16T19:56:19
Shopee 8.8 Merdeka Sale,com.shopee.my,Shopping,00bffd57-ab55-49f2-aa4f-4bf036835413,NOREHAN ABDUL GHANI,5,,good,0,3.77.25,2026-07-16T18:24:11,"We're happy to hear that you're enjoying Shopee, NOREHAN ABDUL GHANI! If you have any suggestions or if there's anything specific you love about the app, feel free to let us know. If you need assistance, feel free to contact us via your Shopee App through Me > Help Centre and choose between Chat or Free Internet Call.",2026-07-16T19:56:39
Shopee 8.8 Merdeka Sale,com.shopee.my,Shopping,ed4054a6-f3fc-4fb3-a6c8-3204fbffdce2,ikkie natsuke,1,,PERKHIDMATAN LAMBAT SANGAT,1,,2026-07-16T18:06:46,"Kami kesal mendengar ulasan ini, ikkie natsuke. 😢 Kami ingin menyelesaikan masalah ini dan membantu anda dengan selanjutnya.
Sila hubungi kami dan berikan kami informasi lanjut supaya kami boleh membantu anda melalui Aplikasi Shopee dan klik ""Saya"" > ""Pusat Bantuan"" dan pilih antara Chat ataupun Panggilan Internet.",2026-07-16T19:57:07
Shopee 8.8 Merdeka Sale,com.shopee.my,Shopping,ec24eae1-56f5-466c-b882-da1cff0c9021,ikmal hilmi,5,,good,0,3.75.24,2026-07-16T17:45:30,"We're happy to hear that you're enjoying Shopee, ikmal hilmi! If you have any suggestions or if there's anything specific you love about the app, feel free to let us know. If you need assistance, feel free to contact us via your Shopee App through Me > Help Centre and choose between Chat or Free Internet Call.",2026-07-16T19:55:50
Shopee 8.8 Merdeka Sale,com.shopee.my,Shopping,eb68eced-7d5c-43ca-a3ad-c99acdb8dd4c,Shima Afandi,5,,best,0,3.77.25,2026-07-16T17:20:35,"We're happy to hear that you're enjoying Shopee, Shima Afandi! If you have any suggestions or if there's anything specific you love about the app, feel free to let us know. If you need assistance, feel free to contact us via your Shopee App through Me > Help Centre and choose between Chat or Free Internet Call.",2026-07-16T20:04:27
Shopee 8.8 Merdeka Sale,com.shopee.my,Shopping,0a1970f0-e829-45d0-b027-913a52a82dd8,pritha yash0506,5,,👍 good,0,3.77.25,2026-07-16T17:05:53,"We're happy to hear that you're enjoying Shopee, pritha yash0506! If you have any suggestions or if there's anything specific you love about the app, feel free to let us know. If you need assistance, feel free to contact us via your Shopee App through Me > Help Centre and choose between Chat or Free Internet Call.",2026-07-16T20:04:05
Shopee 8.8 Merdeka Sale,com.shopee.my,Shopping,549a415c-913f-49bf-b114-4e2a349d0caa,Muhammad Firdaus Sujo MFBS,5,,terbaik,0,3.77.25,2026-07-16T16:50:30,"Kami gembira mendengar ulasan ini Muhammad Firdaus Sujo MFBS ! Maklum balas positif memberi motivasi untuk kami terus memberikan anda pengalaman terbaik.
Jika anda mempunyai sebarang cadangan atau pandangan, sila hubungi kami melalui Aplikasi Shopee dan klik ""Saya"" > ""Pusat Bantuan"" dan pilih antara Chat atau Panggilan Internet.",2026-07-16T20:03:33
Shopee 8.8 Merdeka Sale,com.shopee.my,Shopping,50effd59-49b4-4397-81b0-2ab0cc70a665,Sari Panglima,5,,In Shoppee it is always easy to find your required products and easy payment methods with many selection,0,,2026-07-16T16:50:01,"We're happy to hear that you're enjoying Shopee, Sari Panglima! If you have any suggestions or if there's anything specific you love about the app, feel free to let us know. If you need assistance, feel free to contact us via your Shopee App through Me > Help Centre and choose between Chat or Free Internet Call.",2026-07-16T20:03:14
Shopee 8.8 Merdeka Sale,com.shopee.my,Shopping,75a1f34b-7981-412d-b36b-37a177ba38f4,Puteri Hazirah,5,,best,0,3.77.25,2026-07-16T16:37:14,"We're happy to hear that you're enjoying Shopee, Puteri Hazirah! If you have any suggestions or if there's anything specific you love about the app, feel free to let us know. If you need assistance, feel free to contact us via your Shopee App through Me > Help Centre and choose between Chat or Free Internet Call.",2026-07-16T20:02:36
Shopee 8.8 Merdeka Sale,com.shopee.my,Shopping,f6857ea3-5468-46e0-8a3c-e49da0c9e578,AdTrade,5,,very good service,0,,2026-07-16T16:29:47,"We're happy to hear that you're enjoying Shopee, AdTrade! If you have any suggestions or if there's anything specific you love about the app, feel free to let us know. If you need assistance, feel free to contact us via your Shopee App through Me > Help Centre and choose between Chat or Free Internet Call.",2026-07-16T16:54:03
Shopee 8.8 Merdeka Sale,com.shopee.my,Shopping,1ba6c6a0-3f31-41cb-b621-90bd2d6e276d,qq Q.Q,5,,Nice,0,3.77.25,2026-07-16T16:10:16,"We're happy to hear that you're enjoying Shopee, qq Q.Q! If you have any suggestions or if there's anything specific you love about the app, feel free to let us know. If you need assistance, feel free to contact us via your Shopee App through Me > Help Centre and choose between Chat or Free Internet Call.",2026-07-16T16:52:33
Shopee 8.8 Merdeka Sale,com.shopee.my,Shopping,16a26749-6704-440c-ad8c-fc1bf6b8876b,Lim Evelyn,5,,good,0,3.78.27,2026-07-16T15:25:06,"We're happy to hear that you're enjoying Shopee, Lim Evelyn! If you have any suggestions or if there's anything specific you love about the app, feel free to let us know. If you need assistance, feel free to contact us via your Shopee App through Me > Help Centre and choose between Chat or Free Internet Call.",2026-07-16T15:53:18
Shopee 8.8 Merdeka Sale,com.shopee.my,Shopping,43a4f4ad-67a7-49df-8159-9610dc832971,Kas Wen,5,,hanya return lambat baliknya duit.tunggu 5 hari.tak serupa tiktok.barang ditrima sama kurir duit trus auto masuk,0,3.77.25,2026-07-16T15:10:48,"Kami kesal mendengar ulasan ini, Kas Wen. 😢 Kami ingin menyelesaikan masalah ini dan membantu anda dengan selanjutnya.
Sila hubungi kami dan berikan kami informasi lanjut supaya kami boleh membantu anda melalui Aplikasi Shopee dan klik ""Saya"" > ""Pusat Bantuan"" dan pilih antara Chat ataupun Panggilan Internet.",2026-07-16T15:54:03
Shopee 8.8 Merdeka Sale,com.shopee.my,Shopping,dc6f3856-063e-4494-b283-53d804aa5c95,Ag Ismail Md Yassin,5,,senang dan mudah dikendalikan,0,3.78.25,2026-07-16T14:54:04,"Kami gembira mendengar ulasan ini Ag Ismail Md Yassin ! Maklum balas positif memberi motivasi untuk kami terus memberikan anda pengalaman terbaik.
Jika anda mempunyai sebarang cadangan atau pandangan, sila hubungi kami melalui Aplikasi Shopee dan klik ""Saya"" > ""Pusat Bantuan"" dan pilih antara Chat atau Panggilan Internet.",2026-07-16T15:54:49
Shopee 8.8 Merdeka Sale,com.shopee.my,Shopping,4740d694-8b73-4c37-b595-cc3b421350a7,Nadzmine Noordin,5,,dah banyak.kali oder Vasia ni....best sgt²,0,3.78.27,2026-07-16T14:14:14,"Kami gembira mendengar ulasan ini Nadzmine Noordin ! Maklum balas positif memberi motivasi untuk kami terus memberikan anda pengalaman terbaik.
Jika anda mempunyai sebarang cadangan atau pandangan, sila hubungi kami melalui Aplikasi Shopee dan klik ""Saya"" > ""Pusat Bantuan"" dan pilih antara Chat atau Panggilan Internet.",2026-07-16T14:44:27
Shopee 8.8 Merdeka Sale,com.shopee.my,Shopping,0d069e13-9508-4dbc-8478-6924f9da4ee7,Muhammad Jazmi Wafiq,5,,"Weird experience old acc no free shipping, new acc have free shipping all the time about 6 mont it still available in some time",0,,2026-07-16T14:06:05,"We're happy to hear that you're enjoying Shopee, Muhammad Jazmi Wafiq! If you have any suggestions or if there's anything specific you love about the app, feel free to let us know. If you need assistance, feel free to contact us via your Shopee App through Me > Help Centre and choose between Chat or Free Internet Call.",2026-07-16T14:43:43
Shopee 8.8 Merdeka Sale,com.shopee.my,Shopping,2fcaf325-62f3-47f9-bdbb-38db2335e40c,Shaharul Izuwan,5,,convenient.. easy pay.. fast delivery..,0,,2026-07-16T13:22:41,"We're happy to hear that you're enjoying Shopee, Shaharul Izuwan! If you have any suggestions or if there's anything specific you love about the app, feel free to let us know. If you need assistance, feel free to contact us via your Shopee App through Me > Help Centre and choose between Chat or Free Internet Call.",2025-07-13T18:39:23
Shopee 8.8 Merdeka Sale,com.shopee.my,Shopping,4f359bcb-a7ef-44c3-8472-58893c754362,Abdul Rahim Ibrahim,5,,Always best choice.!,0,3.77.25,2026-07-16T12:41:31,"We're happy to hear that you're enjoying Shopee, Abdul Rahim Ibrahim! If you have any suggestions or if there's anything specific you love about the app, feel free to let us know. If you need assistance, feel free to contact us via your Shopee App through Me > Help Centre and choose between Chat or Free Internet Call.",2026-07-16T14:59:20
Shopee 8.8 Merdeka Sale,com.shopee.my,Shopping,949e59a8-fc52-4b6c-98db-f876f3b06c64,Pats Juni,4,,Ok,0,,2026-07-16T12:27:02,"We're happy to hear that you're enjoying Shopee, Pats Juni! If you have any suggestions or if there's anything specific you love about the app, feel free to let us know. If you need assistance, feel free to contact us via your Shopee App through Me > Help Centre and choose between Chat or Free Internet Call.",2026-07-16T12:36:32
Shopee 8.8 Merdeka Sale,com.shopee.my,Shopping,aa85fa7c-2ff1-4912-aff7-b4198bc7f014,黄李黄李,5,,good,0,3.78.27,2026-07-16T12:20:34,"We're happy to hear that you're enjoying Shopee, 黄李黄李! If you have any suggestions or if there's anything specific you love about the app, feel free to let us know. If you need assistance, feel free to contact us via your Shopee App through Me > Help Centre and choose between Chat or Free Internet Call.",2026-07-16T14:32:06
Shopee 8.8 Merdeka Sale,com.shopee.my,Shopping,34ef4b60-d721-43cd-9d71-7e44b425c675,MD JONY AKTER,5,,very good,0,,2026-07-16T12:19:03,"We're happy to hear that you're enjoying Shopee, MD JONY AKTER! If you have any suggestions or if there's anything specific you love about the app, feel free to let us know. If you need assistance, feel free to contact us via your Shopee App through Me > Help Centre and choose between Chat or Free Internet Call.",2026-07-16T13:35:45
Shopee 8.8 Merdeka Sale,com.shopee.my,Shopping,698ff830-c3c6-42d7-9ed2-133de6ff09ba,Jason Jay Shen,1,,"Really feeling so bad experience,if have 0 stars I would rate 0. Poor shipping service - SPX express 1. Slow respond for every complain! 2. Robotic customers services system, even in call still get the similar answer from different person ends up with no solution! 3. Enhancement with online call but even worst! 4. Item missing without any valid reason and the compensation agreement against their ""policy"" is not reasonable. Valueble of the item not even equivalent with the compensation!!!",1,3.77.25,2026-07-16T12:09:40,"We're sorry to hear about this review, Jason Jay Shen. 😢 We would like to understand more about the issues you've encountered. Could you please provide additional details or contact our support team? You can access via your Shopee App through Me > Help Centre and choose between Chat or Free Internet Call.",2026-07-16T14:32:21
Shopee 8.8 Merdeka Sale,com.shopee.my,Shopping,6612fbaa-f983-4276-ada2-2c08e5c51294,Megat Syazwan,5,,very happy & easy to use,0,3.77.25,2026-07-16T11:53:12,"We're happy to hear that you're enjoying Shopee, Megat Syazwan! If you have any suggestions or if there's anything specific you love about the app, feel free to let us know. If you need assistance, feel free to contact us via your Shopee App through Me > Help Centre and choose between Chat or Free Internet Call.",2026-07-16T13:43:56
Shopee 8.8 Merdeka Sale,com.shopee.my,Shopping,eeac01c3-de5c-4356-b6b1-228201a9a29b,zikry gunners,5,,hampir menepati piawaian,0,3.77.25,2026-07-16T11:21:33,"Kami gembira mendengar ulasan ini zikry gunners ! Maklum balas positif memberi motivasi untuk kami terus memberikan anda pengalaman terbaik.
Jika anda mempunyai sebarang cadangan atau pandangan, sila hubungi kami melalui Aplikasi Shopee dan klik ""Saya"" > ""Pusat Bantuan"" dan pilih antara Chat atau Panggilan Internet.",2026-07-16T11:56:29
Shopee 8.8 Merdeka Sale,com.shopee.my,Shopping,3ce92577-f5e9-493c-91a2-121a025605c4,Khair El Hafiz,5,,nice,0,3.77.25,2026-07-16T11:12:35,"We're happy to hear that you're enjoying Shopee, Khair El Hafiz! If you have any suggestions or if there's anything specific you love about the app, feel free to let us know. If you need assistance, feel free to contact us via your Shopee App through Me > Help Centre and choose between Chat or Free Internet Call.",2026-07-16T11:55:56
Shopee 8.8 Merdeka Sale,com.shopee.my,Shopping,a8c9524e-7ff4-46e6-922e-bd76e02ffb5d,Zhi Gun,1,,always misleading info,0,,2026-07-16T10:33:03,"We're sorry to hear about this review, #{UserSocialMedia}. 😢 We would like to understand more about the issues you've encountered. Could you please provide additional details or contact our support team? You can access via your Shopee App through Me > Help Centre and choose between Chat or Free Internet Call.",2026-07-16T11:55:41
Shopee 8.8 Merdeka Sale,com.shopee.my,Shopping,324bb7a9-2f2b-418b-826a-3b16fcc9d895,Hxrxf Hqf,1,,"iklan bersepah2 dlm game ada, youtube ada. SEMAK ! benda kdg tak tekan pun iklan tu tp dia pegi direct masuk shopee jugak. cambodoh.",69,3.77.25,2026-07-16T10:07:37,"Kami kesal mendengar ulasan ini, Hxrxf Hqf. 😢 Kami ingin menyelesaikan masalah ini dan membantu anda dengan selanjutnya.
Sila hubungi kami dan berikan kami informasi lanjut supaya kami boleh membantu anda melalui Aplikasi Shopee dan klik ""Saya"" > ""Pusat Bantuan"" dan pilih antara Chat ataupun Panggilan Internet.",2025-09-27T10:44:22
Shopee 8.8 Merdeka Sale,com.shopee.my,Shopping,5825ba45-fc94-42bc-94a0-0089889b4ff2,Ateeq Awan,5,,good shopping app,0,3.77.25,2026-07-16T09:53:09,"We're happy to hear that you're enjoying Shopee, Ateeq Awan! If you have any suggestions or if there's anything specific you love about the app, feel free to let us know. If you need assistance, feel free to contact us via your Shopee App through Me > Help Centre and choose between Chat or Free Internet Call.",2026-07-16T11:56:45
Shopee 8.8 Merdeka Sale,com.shopee.my,Shopping,ff438198-53a8-4d0b-8da1-7ada80f94190,sa,3,,no shipping fee claimed.. LEHH WHATEVER I BOUGHT I STILL NEED TO PAY FOR THE SHIPPINGG?? YOU LIAR,1,,2026-07-16T08:57:56,"We're sorry to hear about this review, sa. 😢 We would like to understand more about the issues you've encountered. Could you please provide additional details or contact our support team? You can access via your Shopee App through Me > Help Centre and choose between Chat or Free Internet Call.",2026-07-16T10:07:35
Shopee 8.8 Merdeka Sale,com.shopee.my,Shopping,aaca1a30-dd31-40e7-a6ab-3081191c0c29,Siti Asmak,5,,Terbaik,0,3.78.25,2026-07-16T08:40:28,"Terima kasih atas rating ini, Siti Asmak !
Jika anda mempunyai sebarang cadangan atau pandangan, sila hubungi kami melalui Aplikasi Shopee dan klik ""Saya"" > ""Pusat Bantuan"" dan pilih antara Chat atau Panggilan Internet Percuma.",2026-07-16T10:06:54
Shopee 8.8 Merdeka Sale,com.shopee.my,Shopping,3289def2-fbcf-4750-8e93-fbef2ffca159,Declan Cheah Yun Keat,5,,Please keep up the good work. Thank you.,1,3.77.25,2026-07-16T08:23:39,"We're happy to hear that you're enjoying Shopee, Declan Cheah Yun Keat! If you have any suggestions or if there's anything specific you love about the app, feel free to let us know. If you need assistance, feel free to contact us via your Shopee App through Me > Help Centre and choose between Chat or Free Internet Call.",2025-09-18T18:59:20
Shopee 8.8 Merdeka Sale,com.shopee.my,Shopping,0ab72b28-e275-4948-a7b0-cf3eed62e1c6,Ammirul Hakim,5,,👏🏽,0,3.77.25,2026-07-16T08:15:33,"We're happy to hear that you're enjoying Shopee, Ammirul Hakim! If you have any suggestions or if there's anything specific you love about the app, feel free to let us know. If you need assistance, feel free to contact us via your Shopee App through Me > Help Centre and choose between Chat or Free Internet Call.",2026-07-16T10:19:35
Shopee 8.8 Merdeka Sale,com.shopee.my,Shopping,0895b3f3-493b-43da-aa36-854e334ab5d3,Alipi,3,,"tak bole ke apps kau ni buat dark mode , warna oren hitam ke ? memalam dalam gelap org nak tgk tgk kau ni bole sakit mata tau tak ,",0,3.77.25,2026-07-16T08:14:41,"Terima kasih atas rating ini, Alipi !
Jika anda mempunyai sebarang cadangan atau pandangan, sila hubungi kami melalui Aplikasi Shopee dan klik ""Saya"" > ""Pusat Bantuan"" dan pilih antara Chat atau Panggilan Internet Percuma.",2026-07-16T10:35:22
Shopee 8.8 Merdeka Sale,com.shopee.my,Shopping,06ed6ad0-e5f4-4f5a-a072-8511e023d97a,Johari Jaini,5,,Shoppe sgt² membantu bila kewangan kritikal,0,3.77.25,2026-07-16T07:40:56,"Kami gembira mendengar ulasan ini Johari Jaini ! Maklum balas positif memberi motivasi untuk kami terus memberikan anda pengalaman terbaik.
Jika anda mempunyai sebarang cadangan atau pandangan, sila hubungi kami melalui Aplikasi Shopee dan klik ""Saya"" > ""Pusat Bantuan"" dan pilih antara Chat atau Panggilan Internet.",2026-07-16T10:34:52
Shopee 8.8 Merdeka Sale,com.shopee.my,Shopping,578b738b-5e8b-4432-b3fd-46aa01d7e69c,ABDUL BATEN,3,,"gfgtcfcyx🤥🤥😑f..m.f3 f' ccআী ;। ী ুর৷. ন,dd 😚",0,3.77.25,2026-07-16T07:10:02,"Thank you for rating us ABDUL BATEN !
If you need assistance in the future, feel free to contact us via your Shopee App through Me > Help Centre and choose between Chat or Internet Call.",2026-07-16T08:15:31
Shopee 8.8 Merdeka Sale,com.shopee.my,Shopping,b4428921-0cd8-43d5-9681-836525be5f26,Lumieree,4,,it srsly would b perfect if can use tng... easier fo students in high school,0,3.77.25,2026-07-16T06:58:42,"Thank you for rating us Lumieree !
If you need assistance in the future, feel free to contact us via your Shopee App through Me > Help Centre and choose between Chat or Internet Call.",2026-07-16T08:16:01
Shopee 8.8 Merdeka Sale,com.shopee.my,Shopping,91aaca74-23ce-42df-b6c4-94e256f717dd,Sasa Aisy,5,,korang malas nak keluar rumah beli je dari sini macam² ada 😁 bila boring boleh main game shopee😂,0,,2026-07-16T06:55:49,"Kami gembira mendengar ulasan ini Sasa Aisy ! Maklum balas positif memberi motivasi untuk kami terus memberikan anda pengalaman terbaik.
Jika anda mempunyai sebarang cadangan atau pandangan, sila hubungi kami melalui Aplikasi Shopee dan klik ""Saya"" > ""Pusat Bantuan"" dan pilih antara Chat atau Panggilan Internet.",2026-07-16T08:17:55
Shopee 8.8 Merdeka Sale,com.shopee.my,Shopping,16f6f034-5d6c-4a5a-a2b6-0b119f994354,Djai Roma,5,,Easy to use and navigate through all the products on sale. Lots of vouchers and discounts and free deliveries and lots more.,0,3.77.25,2026-07-16T06:04:01,"We're happy to hear that you're enjoying Shopee, Djai Roma! If you have any suggestions or if there's anything specific you love about the app, feel free to let us know. If you need assistance, feel free to contact us via your Shopee App through Me > Help Centre and choose between Chat or Free Internet Call.",2026-07-16T07:23:56
Shopee 8.8 Merdeka Sale,com.shopee.my,Shopping,1c2829ea-4bd4-4c70-96e8-ec00b326c019,cb t,5,,lots of varieties and shops to choose from. payment n refund process very simple. its endless shopping.,0,3.65.24,2026-07-16T05:49:38,"We're happy to hear that you're enjoying Shopee, cb t! If you have any suggestions or if there's anything specific you love about the app, feel free to let us know. If you need assistance, feel free to contact us via your Shopee App through Me > Help Centre and choose between Chat or Free Internet Call.",2026-07-16T07:24:42
Shopee 8.8 Merdeka Sale,com.shopee.my,Shopping,28bb88d7-7ef4-4169-932c-cda591e018cb,Mustaqim Mohd Nazari,5,,goodd and best,0,,2026-07-16T04:31:26,"We're happy to hear that you're enjoying Shopee, Mustaqim Mohd Nazari! If you have any suggestions or if there's anything specific you love about the app, feel free to let us know. If you need assistance, feel free to contact us via your Shopee App through Me > Help Centre and choose between Chat or Free Internet Call.",2026-07-16T07:21:48
Shopee 8.8 Merdeka Sale,com.shopee.my,Shopping,eeb35be4-d279-4dca-be49-e94eb1b637eb,Sunil Mukhiya,5,,this is the best app for shopping online ❤️❤️❤️,0,,2026-07-16T03:32:58,"We're happy to hear that you're enjoying Shopee, Sunil Mukhiya! If you have any suggestions or if there's anything specific you love about the app, feel free to let us know. If you need assistance, feel free to contact us via your Shopee App through Me > Help Centre and choose between Chat or Free Internet Call.",2026-07-16T07:22:57
Shopee 8.8 Merdeka Sale,com.shopee.my,Shopping,1eb39444-115b-4d54-86b6-3b4c345abd80,Nurquraini alia Abdullah,5,,Good shopping experience,0,3.78.27,2026-07-16T03:00:40,"We're happy to hear that you're enjoying Shopee, Nurquraini alia Abdullah! If you have any suggestions or if there's anything specific you love about the app, feel free to let us know. If you need assistance, feel free to contact us via your Shopee App through Me > Help Centre and choose between Chat or Free Internet Call.",2026-07-16T03:43:08
Shopee 8.8 Merdeka Sale,com.shopee.my,Shopping,4e2fc4a5-5119-482a-a6a0-0ad57a1666f0,Qamarina 77,5,,Good,0,3.77.25,2026-07-16T02:01:01,"We're happy to hear that you're enjoying Shopee, Qamarina 77! If you have any suggestions or if there's anything specific you love about the app, feel free to let us know. If you need assistance, feel free to contact us via your Shopee App through Me > Help Centre and choose between Chat or Free Internet Call.",2026-07-16T02:31:53
Shopee 8.8 Merdeka Sale,com.shopee.my,Shopping,1b54e7c1-5c0c-44bf-b3d7-8ca3b91aa749,John Deadman,3,,its good but could the push notifications stop i want the notification of orders or wishlist stuff is push than the random sales of stuff i dont buy.,0,3.77.25,2026-07-16T00:36:19,"We're sorry to hear about this review, John Deadman. 😢 We would like to understand more about the issues you've encountered. Could you please provide additional details or contact our support team? You can access via your Shopee App through Me > Help Centre and choose between Chat or Free Internet Call.",2026-07-16T01:59:51
Shopee 8.8 Merdeka Sale,com.shopee.my,Shopping,4db9c1e1-23f3-47d1-98e0-724b3b437b77,amir farhan,5,,shopee terbaik,0,3.78.25,2026-07-16T00:31:26,"Kami gembira mendengar ulasan ini amir farhan ! Maklum balas positif memberi motivasi untuk kami terus memberikan anda pengalaman terbaik.
Jika anda mempunyai sebarang cadangan atau pandangan, sila hubungi kami melalui Aplikasi Shopee dan klik ""Saya"" > ""Pusat Bantuan"" dan pilih antara Chat atau Panggilan Internet.",2026-07-16T02:38:40
Shopee 8.8 Merdeka Sale,com.shopee.my,Shopping,c90556f3-58a9-4205-96be-91458785bed2,Nqzahra 09,5,,bagus,0,3.77.25,2026-07-16T00:06:20,"Kami gembira mendengar ulasan ini Nqzahra 09 ! Maklum balas positif memberi motivasi untuk kami terus memberikan anda pengalaman terbaik.
Jika anda mempunyai sebarang cadangan atau pandangan, sila hubungi kami melalui Aplikasi Shopee dan klik ""Saya"" > ""Pusat Bantuan"" dan pilih antara Chat atau Panggilan Internet.",2026-07-16T01:38:43
Shopee 8.8 Merdeka Sale,com.shopee.my,Shopping,80a2d066-f497-47c4-aa60-2aa5b3e4ddcc,Bonnyazrul Bonny,5,,Good Shopping App,0,3.77.25,2026-07-15T23:30:08,"We're happy to hear that you're enjoying Shopee, Bonnyazrul Bonny! If you have any suggestions or if there's anything specific you love about the app, feel free to let us know. If you need assistance, feel free to contact us via your Shopee App through Me > Help Centre and choose between Chat or Free Internet Call.",2026-07-15T23:32:37
Shopee 8.8 Merdeka Sale,com.shopee.my,Shopping,8e058173-7846-488c-91d3-e36730942e88,muhammad syafiq mohamed sani,5,,Good shopping App,0,3.75.24,2026-07-15T23:23:31,"We're happy to hear that you're enjoying Shopee, muhammad syafiq mohamed sani! If you have any suggestions or if there's anything specific you love about the app, feel free to let us know. If you need assistance, feel free to contact us via your Shopee App through Me > Help Centre and choose between Chat or Free Internet Call.",2026-07-16T00:01:05
Shopee 8.8 Merdeka Sale,com.shopee.my,Shopping,217c6fce-efe3-4d29-8217-cac7f89628cd,Noor Hazwaniha Jafri,5,,"Shopee provides an excellent online shopping experience with a user-friendly interface, a wide selection of products, and competitive prices. The app is easy to navigate, transactions are secure, and the checkout process is smooth. Delivery is generally prompt, and customer service is responsive and helpful when assistance is required. Overall, I am very satisfied with the quality of service and would highly recommend Shopee to others.",0,3.77.25,2026-07-15T22:10:35,"We're happy to hear that you're enjoying Shopee, Noor Hazwaniha Jafri! If you have any suggestions or if there's anything specific you love about the app, feel free to let us know. If you need assistance, feel free to contact us via your Shopee App through Me > Help Centre and choose between Chat or Free Internet Call.",2026-07-15T22:37:27
Shopee 8.8 Merdeka Sale,com.shopee.my,Shopping,21f699bb-a08f-45f5-a8ae-c28c3372de2e,Nur syaqirah,5,,"Shopee is one of the best online shopping platforms. It offers a wide range of products at affordable prices, and the app is easy to use.",0,3.77.25,2026-07-15T20:38:13,"We're happy to hear that you're enjoying Shopee, Nur syaqirah! If you have any suggestions or if there's anything specific you love about the app, feel free to let us know. If you need assistance, feel free to contact us via your Shopee App through Me > Help Centre and choose between Chat or Free Internet Call.",2026-07-15T21:35:22
Shopee 8.8 Merdeka Sale,com.shopee.my,Shopping,e6864963-0163-4de7-8895-ceabb05e10d0,Darwisy Juss,3,,"All is good but the discover video option kept recommending me nonsense videos, how do I remove it all?",0,3.64.48,2026-07-15T20:06:39,"We're sorry to hear about this review, Darwisy Juss. 😢 We would like to understand more about the issues you've encountered. Could you please provide additional details or contact our support team? You can access via your Shopee App through Me > Help Centre and choose between Chat or Free Internet Call.",2026-07-15T20:32:00
Shopee 8.8 Merdeka Sale,com.shopee.my,Shopping,75ff31cd-55c6-4314-bba6-4cff1dc10c3d,Jeff Ding,5,,Great shopping from the comfort of our own home,0,,2026-07-15T20:06:23,"We're happy to hear that you're enjoying Shopee, Jeff Ding! If you have any suggestions or if there's anything specific you love about the app, feel free to let us know. If you need assistance, feel free to contact us via your Shopee App through Me > Help Centre and choose between Chat or Free Internet Call.",2026-07-15T20:54:43
Shopee 8.8 Merdeka Sale,com.shopee.my,Shopping,47f30d76-5633-4943-9464-19d38d305d23,Sanam Pakhrin,5,,very good.,0,3.77.25,2026-07-15T19:45:46,"We're happy to hear that you're enjoying Shopee, Sanam Pakhrin! If you have any suggestions or if there's anything specific you love about the app, feel free to let us know. If you need assistance, feel free to contact us via your Shopee App through Me > Help Centre and choose between Chat or Free Internet Call.",2026-07-15T20:33:38
Shopee 8.8 Merdeka Sale,com.shopee.my,Shopping,276a5cfb-6db4-4734-bf03-ef37715c5d8a,J C,3,,all good 👍 except start-up page is live and video 👎,1,3.78.27,2026-07-15T19:03:25,"We're sorry to hear about this review, J C. 😢 We would like to understand more about the issues you've encountered. Could you please provide additional details or contact our support team? You can access via your Shopee App through Me > Help Centre and choose between Chat or Free Internet Call.",2026-07-15T19:33:51
Shopee 8.8 Merdeka Sale,com.shopee.my,Shopping,3b49d4cd-80d4-4e9b-ab33-03b13e118ab1,Muhammad Alif,3,,Apps bagus brg berkualiti....tp sila kurangkan promosi iklan yang memaksa masuk ke dalam apps nie.....tolong fix kan masalah dan jgn bg fake hope butang X palsu,0,3.76.25,2026-07-15T19:00:32,"Terima kasih atas rating ini, Muhammad Alif !
Jika anda mempunyai sebarang cadangan atau pandangan, sila hubungi kami melalui Aplikasi Shopee dan klik ""Saya"" > ""Pusat Bantuan"" dan pilih antara Chat atau Panggilan Internet Percuma.",2026-07-15T19:54:17
Shopee 8.8 Merdeka Sale,com.shopee.my,Shopping,7959be1a-d423-470a-83d4-9a6908c9fa70,Wand Nur,5,,Terbaik dan sangat puas hati berurusan.....😍,2,3.77.25,2026-07-15T18:16:43,"Hai,

Salam sejahtera dari Shopee! 😊

Terima kasih atas penilaian anda!

Nantikan promosi lebih hebat akan datang dari Shopee. 🤩

Selamat menggunakan Shopee! 🧡",2023-05-27T17:44:35
Shopee 8.8 Merdeka Sale,com.shopee.my,Shopping,ca565274-bdce-49e9-8557-4bd4e28b1b1d,Hasmas Yahaya,5,,good 😊💯,0,3.76.25,2026-07-15T18:13:44,"We're happy to hear that you're enjoying Shopee, Hasmas Yahaya! If you have any suggestions or if there's anything specific you love about the app, feel free to let us know. If you need assistance, feel free to contact us via your Shopee App through Me > Help Centre and choose between Chat or Free Internet Call.",2026-07-15T19:20:10
Shopee 8.8 Merdeka Sale,com.shopee.my,Shopping,7ad43746-652c-49ea-a7eb-36f37a648e24,QUSHIERI,1,,"There is a bug in this app needs to be fix, I can't choose my videos and pictures from my gallery i keeps crashing the apps please fix it.",0,,2026-07-15T17:43:20,"We're sorry to hear about this review, QUSHIERI. 😢 We would like to understand more about the issues you've encountered. Could you please provide additional details or contact our support team? You can access via your Shopee App through Me > Help Centre and choose between Chat or Free Internet Call.",2026-07-15T16:49:21
Shopee 8.8 Merdeka Sale,com.shopee.my,Shopping,a9fda41b-d57b-4718-9dd4-b1e034182a71,Ainza Harith,5,,Excellent quality! The item matches the photos and description. Very satisfied with my purchase.,0,3.51.25,2026-07-15T17:14:15,"We're happy to hear that you're enjoying Shopee, Ainza Harith! If you have any suggestions or if there's anything specific you love about the app, feel free to let us know. If you need assistance, feel free to contact us via your Shopee App through Me > Help Centre and choose between Chat or Free Internet Call.",2026-07-15T17:44:03
Shopee 8.8 Merdeka Sale,com.shopee.my,Shopping,efe97b4c-1ceb-4d99-814c-c7e86178443e,Azrina A. Aziz,5,,great interface easy to understand,0,3.77.25,2026-07-15T16:55:53,"We're happy to hear that you're enjoying Shopee, Azrina A. Aziz! If you have any suggestions or if there's anything specific you love about the app, feel free to let us know. If you need assistance, feel free to contact us via your Shopee App through Me > Help Centre and choose between Chat or Free Internet Call.",2026-07-15T17:42:41
Shopee 8.8 Merdeka Sale,com.shopee.my,Shopping,f9408eba-f0a3-46d2-bafb-7573d551244b,Muda Kamaludin,5,,to much dicount,0,3.77.25,2026-07-15T16:47:13,"We're happy to hear that you're enjoying Shopee, Muda Kamaludin! If you have any suggestions or if there's anything specific you love about the app, feel free to let us know. If you need assistance, feel free to contact us via your Shopee App through Me > Help Centre and choose between Chat or Free Internet Call.",2026-07-15T17:48:25
Shopee 8.8 Merdeka Sale,com.shopee.my,Shopping,36e5ff7a-ee18-40bb-8706-2ddf60566712,saliza salleh,1,,"terrible customer service. not relevant to continue shopping in this platform anymore unless you need it urgently. i heard the seller in this app also had a bad experience. fortunately, another platform become trending rn. goodluck shopee",1,3.77.25,2026-07-15T16:23:33,"We're sorry to hear about this review, saliza salleh. 😢 We would like to understand more about the issues you've encountered. Could you please provide additional details or contact our support team? You can access via your Shopee App through Me > Help Centre and choose between Chat or Free Internet Call.",2026-07-15T16:50:48
Shopee 8.8 Merdeka Sale,com.shopee.my,Shopping,dd145097-160d-4845-9f07-57e87ba3dfc4,Airiel Iskandar,5,,default online shopping app in malaysia with endless product variety,0,3.76.27,2026-07-15T16:13:11,"We're happy to hear that you're enjoying Shopee, Airiel Iskandar! If you have any suggestions or if there's anything specific you love about the app, feel free to let us know. If you need assistance, feel free to contact us via your Shopee App through Me > Help Centre and choose between Chat or Free Internet Call.",2026-07-15T16:49:06
Shopee 8.8 Merdeka Sale,com.shopee.my,Shopping,5e65b050-3447-4460-b924-66fc9544e632,Fadzli is typing,5,,"Mudah, barang banyak pilihan...ok sangat laaa dan pastinya lebih murahhhh. ini best. barang barang jualan pun ada kualiti boleh guna",0,3.77.25,2026-07-15T16:01:08,"Kami gembira mendengar ulasan ini Fadzli is typing ! Maklum balas positif memberi motivasi untuk kami terus memberikan anda pengalaman terbaik.
Jika anda mempunyai sebarang cadangan atau pandangan, sila hubungi kami melalui Aplikasi Shopee dan klik ""Saya"" > ""Pusat Bantuan"" dan pilih antara Chat atau Panggilan Internet.",2026-07-15T16:48:49
Shopee 8.8 Merdeka Sale,com.shopee.my,Shopping,2fd7184e-d191-422a-bebc-f59249cd2169,Omen Arie,5,,ok,0,,2026-07-15T15:55:47,"We're happy to hear that you're enjoying Shopee, Omen Arie! If you have any suggestions or if there's anything specific you love about the app, feel free to let us know. If you need assistance, feel free to contact us via your Shopee App through Me > Help Centre and choose between Chat or Free Internet Call.",2026-07-15T16:45:21
Shopee 8.8 Merdeka Sale,com.shopee.my,Shopping,23126682-1df1-4894-abb8-69383a391d31,Ketot,5,,"Aplikasi ok je, senang nak guna dan banyak pilihan barang, ade masalah boleh refund, harga semua di diskaun kan, sangat berpuas hati. Cuma satu je, iklan yang terus buka app tu agak mengganggu dan menyusahkan. Harap boleh kurangkan benda ni.",1,3.77.25,2026-07-15T15:18:48,"Kami gembira mendengar ulasan ini Ketot ! Maklum balas positif memberi motivasi untuk kami terus memberikan anda pengalaman terbaik.
Jika anda mempunyai sebarang cadangan atau pandangan, sila hubungi kami melalui Aplikasi Shopee dan klik ""Saya"" > ""Pusat Bantuan"" dan pilih antara Chat atau Panggilan Internet.",2026-07-15T16:24:31
Shopee 8.8 Merdeka Sale,com.shopee.my,Shopping,70c6323f-7e30-4fb4-ba8f-4aafc2aee105,muazam muazam,5,,Best apps,0,3.67.27,2026-07-15T14:47:57,"We're happy to hear that you're enjoying Shopee, muazam muazam! If you have any suggestions or if there's anything specific you love about the app, feel free to let us know. If you need assistance, feel free to contact us via your Shopee App through Me > Help Centre and choose between Chat or Free Internet Call.",2026-07-15T15:46:57
Shopee 8.8 Merdeka Sale,com.shopee.my,Shopping,dce25bce-4328-41b8-92ac-77e2a701489d,Noraini Mohd Zin,5,,Saluran yg very efficient...easy to get anything..most trustable,0,3.77.25,2026-07-15T14:32:15,"We're happy to hear that you're enjoying Shopee, Noraini Mohd Zin! If you have any suggestions or if there's anything specific you love about the app, feel free to let us know. If you need assistance, feel free to contact us via your Shopee App through Me > Help Centre and choose between Chat or Free Internet Call.",2026-07-15T15:45:57
Shopee 8.8 Merdeka Sale,com.shopee.my,Shopping,2b9a83e8-d0f7-4465-82c1-2929ac63fd37,Daljeet Kaur,5,,good,0,,2026-07-15T14:17:15,"Thank you for rating us Daljeet Kaur !
If you need assistance in the future, feel free to contact us via your Shopee App through Me > Help Centre and choose between Chat or Internet Call.",2026-07-15T15:27:49
Shopee 8.8 Merdeka Sale,com.shopee.my,Shopping,f8fa0a33-0548-47d9-a78d-4482ec293caa,KOK ENG CHEAH,3,,delivery no good enough,0,3.77.25,2026-07-15T14:01:58,"We're sorry to hear about this review, KOK ENG CHEAH. 😢 We would like to understand more about the issues you've encountered. Could you please provide additional details or contact our support team? You can access via your Shopee App through Me > Help Centre and choose between Chat or Free Internet Call.",2026-07-15T15:27:29
