app_name,app_id,category,review_id,username,rating,title,text,thumbs_up_count,review_created_version,at,reply_content,reply_at
MakeMyTrip - Flights & Hotels,com.makemytrip,Travel,acc5bd53-2c54-47f7-ad31-42dc6e356f49,Prasenjit Dutta,5,,it is amazing application. for any session.. to go any whre any time.,0,11.7.0,2026-07-26T14:39:44,Thanks for your continued support! Your confidence in us is truly valued.,2026-07-26T14:42:39
MakeMyTrip - Flights & Hotels,com.makemytrip,Travel,4015cba7-c6a9-4c19-badd-5824df6a9b2e,pradeep k,5,,superb service,0,11.7.1,2026-07-26T14:25:05,"Hearing such a positive feedback from our customer, makes our day.",2026-07-26T14:26:23
MakeMyTrip - Flights & Hotels,com.makemytrip,Travel,d77d5b9e-92f7-4383-8457-bb2dd077fa6c,Sanyam kasoudhan,5,,good raids,0,11.6.2,2026-07-26T13:13:19,"Hearing such a positive feedback from our customer, makes our day.",2026-07-26T13:21:16
MakeMyTrip - Flights & Hotels,com.makemytrip,Travel,4046ee80-6c4a-48c2-964d-90c6246074d0,Bhushan Papinwar,5,,convince fee is higher than other competitors and needs to improve vendor for rental cabs,0,11.6.2,2026-07-26T13:11:36,We always enjoy hearing our customer’s valuable feedback and suggestions.,2026-07-26T13:21:15
MakeMyTrip - Flights & Hotels,com.makemytrip,Travel,cc12a493-7755-48a3-a663-c1973d2aeb49,Sampat Jain,5,,the best app,0,11.7.1,2026-07-26T12:58:55,"Hearing such a positive feedback from our customer, makes our day.",2026-07-26T13:04:58
MakeMyTrip - Flights & Hotels,com.makemytrip,Travel,fc0c7c14-fec3-4e62-b5c3-9420b2b2e9d1,CHITHU VEL,1,,"poor. no access to customer care service from the UAE.. no option in the App. edited: Reducing 2 to one star now. Just got a default regret response by the App with a link which again useless. need to understand what's going on. India website having contact us version and booking IDs management but UAE leftover.. around AED 1800 spent on a flight booking, due to airline cancellation got refund less than AED 1000 which is very bad.. where my rest of money gone?",0,8.7.9,2026-07-26T12:12:48,"Hi, we regret any inconvenience caused. However, we would love to investigate the matter and resolve it for you. Please share your travel booking experience with us and let our team take care of this. You can reach out to us at https://app.mmyt.co/Xm2V/jvpm401u",2026-07-26T19:26:13
MakeMyTrip - Flights & Hotels,com.makemytrip,Travel,0fb7ae0d-d89f-4cef-b3d5-d2e677aa3dac,Riddhi Bodhisattwa Nath,1,,It is so much disturbing app. Cancelled automatically my 2 trips in a day. They will tell you that driver will be assigned 30 min prior. And then the drivers are unavailable... It infact doesn't deserve 1 star.,0,,2026-07-26T12:02:20,"Hi, we regret any inconvenience caused. However, we would love to investigate the matter and resolve it for you. Please share your travel booking experience with us and let our team take care of this. You can reach out to us at https://app.mmyt.co/Xm2V/7bp3runb",2026-07-26T19:28:51
MakeMyTrip - Flights & Hotels,com.makemytrip,Travel,53522647-ce8e-4753-a9cb-b1b98ef902e1,Mankar Guru,1,,"very worst experience, not at all cooperative towards customers,my bus is delayed by almost 6 hrs,they are neither ready to give refund,nor giving any info regarding the issue",0,11.6.2,2026-07-26T11:18:24,"Hi, we regret any inconvenience caused. However, we would love to investigate the matter and resolve it for you. Please share your travel booking experience with us and let our team take care of this. You can reach out to us at https://app.mmyt.co/Xm2V/q7q8o37o",2026-07-26T11:35:47
MakeMyTrip - Flights & Hotels,com.makemytrip,Travel,e827a939-ccd7-43c8-80b3-0fe4879e358f,Pritam Saha,5,,Good,0,11.7.1,2026-07-26T10:53:47,Thanks for your continued support! Your confidence in us is truly valued.,2026-07-26T10:54:45
MakeMyTrip - Flights & Hotels,com.makemytrip,Travel,afe97ae0-9ecc-4ad6-a5ca-d77eeaab915c,Naresh Jambhale,1,,"This is a fraud application so kindly requesting you please do not use MakeMyTrip for your future booking. I am suffering a terrible experience 😭. .... for example: Instance I have booked a Pallete hotel in Pandharpur but the hotel is not available in the provided location. I also visited the police station, and a government person declared that there is no such type of hotel available on this route. Additionally I complained about the cyber crime portal.",0,11.6.2,2026-07-26T10:36:42,"Hi, we feel extremely sorry for all the troubles you had during hotel booking. Please get in touch with our concerned team at https://app.mmyt.co/Xm2V/ptyj37um and share the details of your hotel booking experience. We will look into the issue on priority.",2026-07-26T11:33:50
MakeMyTrip - Flights & Hotels,com.makemytrip,Travel,3db3a694-9587-4ffa-b872-26ab903e0fac,Raj,1,,"I will request directly book tickets from the irctc, because when you will cancell it later from make my trip, you will not get the refund even if the railways has processed it, my ticket was for 1 August and I cancelled it 10 days before but the app is showing refund is not applicable to you, and for the returning ticket, the money was refunded. you will not get any help from the customer services, the bot they are using is a 3rd class bot, completely stu**d.",0,11.7.1,2026-07-26T09:18:17,"We are sorry for not living up to your expectations. However, we promise to enhance your train booking experiences. Please share your grievance details at https://app.mmyt.co/Xm2V/6ii3e20n Our concerned team will look into it.",2026-07-26T11:32:41
MakeMyTrip - Flights & Hotels,com.makemytrip,Travel,06526ed9-a673-4f22-90bf-ae890900ef45,Bala,1,,"dear friend Never ever book anything in Make my trip. they show all attractive offers and once you book they will hide and not even bothered to respond or take your calls . there is no proper customer support system, useless management... i had a very bad experience they are doing scam...take money and do nothing...please choose something else better",1,11.7.1,2026-07-26T09:01:24,"Hi, we regret any inconvenience caused. However, we would love to investigate the matter and resolve it for you. Please share your travel booking experience with us and let our team take care of this. You can reach out to us at https://app.mmyt.co/Xm2V/bfwk2qxe",2026-07-26T11:31:19
MakeMyTrip - Flights & Hotels,com.makemytrip,Travel,2549122a-66c0-4d34-828d-91aa86322899,Rakesh Rajput,5,,good experience,0,11.7.1,2026-07-26T08:12:37,"Hearing such a positive feedback from our customer, makes our day.",2026-07-26T08:28:10
MakeMyTrip - Flights & Hotels,com.makemytrip,Travel,5339f7ac-7794-4d87-8c84-7e1a4162d342,Swapna Patnam,1,,"waste of even one star.This is my first time booking with worst experience of this app.i have booked tickets from Bangalore to Hyderabad but bus got cancelled later another bus was provided which they have asked to book . This bus felt unsafe,filled with total boys .we cancelled the tickets.we asked for refund from the bus operators through MakeMyTrip we raised tickets.No action is taken .Raised concerns are closed without any resolution.very disappointed with MakeMyTrip.never book again",0,,2026-07-26T07:33:24,"We are sorry to hear about your bad bus booking experience with us. Please reach out to the concerned team on https://app.mmyt.co/Xm2V/u89dfues so that we could look into the matter seriously. Our customers are everything for us and hence, we would love to serve you again in future with a better experience.",2026-07-26T11:35:08
MakeMyTrip - Flights & Hotels,com.makemytrip,Travel,b129110e-6634-46ab-83ac-ab125e8f4a0c,totally great hits,5,,great.. never disappoint,0,,2026-07-26T07:33:03,We always enjoy hearing our customer’s valuable feedback and suggestions.,2026-07-26T07:39:24
MakeMyTrip - Flights & Hotels,com.makemytrip,Travel,b2b6b4ab-6675-450b-861d-4e34afc0d5a9,Tarun Baskey,5,,super Duper 😁,0,11.7.1,2026-07-26T05:15:38,We always enjoy hearing our customer’s valuable feedback and suggestions.,2026-07-26T05:29:04
MakeMyTrip - Flights & Hotels,com.makemytrip,Travel,c6211ba4-f0e8-470c-ac27-b703dee6a7ef,Suresh Argula,2,,"facing issues in booking train tickets and completing the process, default insurance is a scam",0,11.6.2,2026-07-26T05:08:05,"Hi, we regret any inconvenience caused. However, we would love to investigate the matter and resolve it for you. Please share your travel booking experience with us and let our team take care of this. You can reach out to us at https://app.mmyt.co/Xm2V/ddgfxxiw",2026-07-26T11:29:49
MakeMyTrip - Flights & Hotels,com.makemytrip,Travel,9c26a4c1-32be-4717-b5fb-36cb943bd89e,rikta'z Makeup artistry,1,,ferry much dis appointed,0,11.7.1,2026-07-26T01:53:14,"Hi, we regret any inconvenience caused. However, we would love to investigate the matter and resolve it for you. Please share your travel booking experience with us and let our team take care of this. You can reach out to us at https://app.mmyt.co/Xm2V/h3l4a9kh",2026-07-26T11:30:56
MakeMyTrip - Flights & Hotels,com.makemytrip,Travel,11feefa0-f7f8-40d7-b9e5-534a8d85b0b3,Sameer Khan,5,,best travel booking app,0,,2026-07-25T23:45:53,"Hearing such a positive feedback from our customer, makes our day.",2026-07-25T23:47:11
MakeMyTrip - Flights & Hotels,com.makemytrip,Travel,47a86d84-d8f6-4ae2-87f3-931c7011cb7c,Sanket Dhawale,4,,good,0,11.6.2,2026-07-25T23:35:06,"We appreciate feedback from our customers and any suggestions on how we can improve.
",2026-07-25T23:47:05
MakeMyTrip - Flights & Hotels,com.makemytrip,Travel,3bdf68ab-c49d-44bb-afc9-c84c4febf465,Rolland Pou,5,,Always helpful.,0,11.6.2,2026-07-25T23:01:58,We always enjoy hearing our customer’s valuable feedback and suggestions.,2026-07-25T23:14:47
MakeMyTrip - Flights & Hotels,com.makemytrip,Travel,06e0f23c-f58c-4946-a198-e69c1ae64128,Arun Velan,5,,great,0,11.5.2,2026-07-25T22:54:01,We always enjoy hearing our customer’s valuable feedback and suggestions.,2026-07-25T22:58:14
MakeMyTrip - Flights & Hotels,com.makemytrip,Travel,9706daaa-4c18-4727-b0c6-d4ee8e6f8843,Badal Chib,5,,good experience,0,11.7.1,2026-07-25T22:30:51,We always enjoy hearing our customer’s valuable feedback and suggestions.,2026-07-25T22:41:57
MakeMyTrip - Flights & Hotels,com.makemytrip,Travel,0a987a65-fd92-4cd1-a26b-2d76450a1ca3,Archana Sunilkumar,1,,very bad service is provideing,0,11.6.2,2026-07-25T22:23:50,"Hi, we regret any inconvenience caused. However, we would love to investigate the matter and resolve it for you. Please share your travel booking experience with us and let our team take care of this. You can reach out to us at https://app.mmyt.co/Xm2V/csaztmol",2026-07-26T11:28:32
MakeMyTrip - Flights & Hotels,com.makemytrip,Travel,53ec30ef-4e06-4bab-9df4-3ada2a49ffee,Krishna Shetty,5,,very nice aap,0,11.6.1,2026-07-25T21:07:27,We always enjoy hearing our customer’s valuable feedback and suggestions.,2026-07-25T21:20:35
MakeMyTrip - Flights & Hotels,com.makemytrip,Travel,11f62b2c-7030-4815-8cd6-5d4fec12ac8c,Tasawar Abbas,1,,"I requested a ticket refund in April 2026, and after almost four months, I am still waiting for my money. MakeMyTrip keeps giving excuses that they have contacted the airline, but when I personally visited the airline office, they confirmed that they never received any refund request from MakeMyTrip. Despite repeated follow-ups, I have received no proper solution, only delays and conflicting information. This experience has completely damaged my trust in their service.They are big Scam.",0,11.6.2,2026-07-25T21:05:21,We are sorry for any inconvenience caused during your flight ticket booking. Our dedicated team will look into the matter right away. Please share your grievance details at https://app.mmyt.co/Xm2V/iziuwimt we can understand the nature of the issue and resolve it for you. We are always at your service.,2026-07-26T11:27:40
MakeMyTrip - Flights & Hotels,com.makemytrip,Travel,c573ef90-84bf-41bf-86f0-d7ec581e343a,Abhishek Kumar,1,,biggest fraud app which I ever seen please don't book any trip or anything from this application,0,,2026-07-25T20:45:05,"Hi, we regret any inconvenience caused. However, we would love to investigate the matter and resolve it for you. Please share your travel booking experience with us and let our team take care of this. You can reach out to us at https://app.mmyt.co/Xm2V/g5761qi5",2026-07-26T11:26:16
MakeMyTrip - Flights & Hotels,com.makemytrip,Travel,a7efea33-9f08-44a3-9a78-2f83432afe9a,Manish Shah,5,,super experience,0,11.7.1,2026-07-25T20:43:05,"We appreciate feedback from our customers and any suggestions on how we can improve.
",2026-07-25T20:47:58
MakeMyTrip - Flights & Hotels,com.makemytrip,Travel,cfe3691d-8e8c-43ff-bc84-5a4fe34c2e79,Priti Singh,5,,nice,0,11.6.2,2026-07-25T20:33:00,"Hearing such a positive feedback from our customer, makes our day.",2026-07-25T20:48:02
MakeMyTrip - Flights & Hotels,com.makemytrip,Travel,afa25615-f733-459e-bf78-593e9c7e95b5,T.e.krishnan krishnan,1,,"I have booked through MakeMyTrip many times, but this was my worst experience. The room was completely different from the photos and was in very poor condition. We trust MakeMyTrip's ratings and verification, so this was very disappointing. Check-in took nearly 45 minutes, and the reception staff argued despite my confirmed booking. One staff member even appeared to be under the influence of alcohol, which was highly unprofessional. The hotel location pinned on MakeMyTrip was also incorrect,",0,11.6.2,2026-07-25T19:36:45,"Hi, we feel extremely sorry for all the troubles you had during hotel booking. Please get in touch with our concerned team at https://app.mmyt.co/Xm2V/lizeae74 and share the details of your hotel booking experience. We will look into the issue on priority.",2026-07-26T11:26:45
MakeMyTrip - Flights & Hotels,com.makemytrip,Travel,58a05b33-eb67-4246-add9-a9e1b66c24c7,Meet Vaghasiya,4,,good,0,11.7.1,2026-07-25T19:05:38,Thanks for your continued support! Your confidence in us is truly valued.,2026-07-25T19:10:17
MakeMyTrip - Flights & Hotels,com.makemytrip,Travel,5f403955-3bdf-49d7-9a60-d9b823de1012,Anand Patel,1,,Wrost Experience With Mmt services he is not capable to support customer.,0,11.5.2,2026-07-25T18:43:57,"Hi, we regret any inconvenience caused. However, we would love to investigate the matter and resolve it for you. Please share your travel booking experience with us and let our team take care of this. You can reach out to us at https://app.mmyt.co/Xm2V/2fhj3bb1",2026-07-26T11:25:37
MakeMyTrip - Flights & Hotels,com.makemytrip,Travel,195a8cab-99d8-472e-9c04-8c9b949a7b71,Areena S Joy,1,,"Worst customer service, no response regarding the booking I made. I wanted to change dates, but there is no option.",0,11.6.2,2026-07-25T18:12:16,"Hi, we regret any inconvenience caused. However, we would love to investigate the matter and resolve it for you. Please share your travel booking experience with us and let our team take care of this. You can reach out to us at https://app.mmyt.co/Xm2V/2vysaurc",2026-07-26T11:22:33
MakeMyTrip - Flights & Hotels,com.makemytrip,Travel,2da96613-5f00-4861-894f-d0fb05010487,Takwana Daniel Mukushwa (Danboy),2,,"Been using the app for my bookings and it has been the best. I'm from Zimbabwe and I don't know if it's a glitch or it's a feature but I was trying to book a ticket from India to Singapore, and then on the "" add traveller details "" section, of all the countries Zimbabwe is not among the options. Because of that I was forced to look for another booking App.",0,11.6.2,2026-07-25T17:41:35,"Hi, we regret any inconvenience caused. However, we would love to investigate the matter and resolve it for you. Please share your travel booking experience with us and let our team take care of this. You can reach out to us at https://app.mmyt.co/Xm2V/ef37dd8q",2026-07-26T11:24:11
MakeMyTrip - Flights & Hotels,com.makemytrip,Travel,932b8500-b19b-4137-841f-ba9184f8e07e,Paras Gupta,5,,app is good but ( slow process or lag problem) please take action against fast or smoothness,0,,2026-07-25T16:46:10,Thanks for your continued support! Your confidence in us is truly valued.,2026-07-25T17:00:03
MakeMyTrip - Flights & Hotels,com.makemytrip,Travel,ef462b42-f16e-4a12-af23-36b2819aefde,avi,1,,property details are not clearly mentioned as availability received at hotels,0,,2026-07-25T16:40:22,"Hi, we regret any inconvenience caused. However, we would love to investigate the matter and resolve it for you. Please share your travel booking experience with us and let our team take care of this. You can reach out to us at https://app.mmyt.co/Xm2V/ypuwz8mx",2026-07-26T11:21:47
MakeMyTrip - Flights & Hotels,com.makemytrip,Travel,e401df3a-406c-40ee-b29d-502ce6cae4e5,Saksham Agrawal,5,,bestt app,0,11.7.0,2026-07-25T16:39:38,"Hearing such a positive feedback from our customer, makes our day.",2026-07-25T16:43:57
MakeMyTrip - Flights & Hotels,com.makemytrip,Travel,bdafa014-7b17-439c-873f-3cd9a1336fc9,abhimanyu,5,,this app offers more discount,0,,2026-07-25T16:34:26,"Hearing such a positive feedback from our customer, makes our day.",2026-07-25T16:43:58
MakeMyTrip - Flights & Hotels,com.makemytrip,Travel,a31a1ae1-7e0a-48ef-aa2c-9a13901fcc18,Shubham Goswami,5,,best app for travel,0,11.6.2,2026-07-25T16:05:15,"We appreciate feedback from our customers and any suggestions on how we can improve.
",2026-07-25T16:11:15
MakeMyTrip - Flights & Hotels,com.makemytrip,Travel,4bf3ab4b-b0e3-488a-8935-1c897ec69bae,Sreedhar K,4,,good one feature for bus tickets: please add maps location for bus stops.,0,11.6.2,2026-07-25T15:59:05,We always enjoy hearing our customer’s valuable feedback and suggestions.,2026-07-25T16:11:15
MakeMyTrip - Flights & Hotels,com.makemytrip,Travel,87b66247-2a57-4062-8203-8e1465c7322d,Jai Singh,5,,Overall good.,0,,2026-07-25T14:59:44,We always enjoy hearing our customer’s valuable feedback and suggestions.,2026-07-25T15:06:02
MakeMyTrip - Flights & Hotels,com.makemytrip,Travel,4f41b210-4db8-40f5-bf55-c76b40bb7a90,Junaid Rana,3,,good,0,,2026-07-25T13:41:54,We are happy to hear that you had an amazing travel booking experience with us. Such kind words from our valuable customers like you inspire us.,2026-07-26T11:22:54
MakeMyTrip - Flights & Hotels,com.makemytrip,Travel,a46fe0fe-0d44-4d0b-82c5-ea03636a0785,amara sravanesh,5,,exceptional navigation and easy to use,1,11.7.1,2026-07-25T13:41:39,"We appreciate feedback from our customers and any suggestions on how we can improve.
",2026-07-25T13:44:58
MakeMyTrip - Flights & Hotels,com.makemytrip,Travel,d7247da6-9c3c-4091-ac1d-9ad2db67a20f,Kc Saurab,1,,make my trip cut my money from cards but did not book.No customer care support may be it scam my money where to contact!?!,0,11.7.1,2026-07-25T12:49:42,"Hi, we regret any inconvenience caused. However, we would love to investigate the matter and resolve it for you. Please share your travel booking experience with us and let our team take care of this. You can reach out to us at https://app.mmyt.co/Xm2V/nch9n5d9",2026-07-26T11:20:36
MakeMyTrip - Flights & Hotels,com.makemytrip,Travel,3fc89a75-f1b3-4f25-bb1a-e08e33f7419a,Rajpal Goa,5,,best app,0,,2026-07-25T12:39:48,"Hearing such a positive feedback from our customer, makes our day.",2026-07-25T12:56:00
MakeMyTrip - Flights & Hotels,com.makemytrip,Travel,394c791b-4162-47b3-88e1-89cdcca86160,Saikat Ghosh,5,,impressive,0,11.6.2,2026-07-25T12:39:24,"We appreciate feedback from our customers and any suggestions on how we can improve.
",2026-07-25T12:56:00
MakeMyTrip - Flights & Hotels,com.makemytrip,Travel,1ace2ef9-0d02-4585-9ca8-e5c600a2e5cb,DrSanjeev Kumar,1,,"I have booked a hotel in mandarmani West Bengal in next month and paid my advance booking fees. Now when I wat to confirm my booking with the property owner (the hotel) they denied to confirm my booking as they say MMT shows less amount for the booking. Now when I try to reach MMT through mail, message and call they do not support me through any means. Now it's very difficult for me to get a new booking in this short time. MMT does not maintain bussiness ethics and customer care is very poor.",0,11.7.1,2026-07-25T12:29:12,"Hi, we feel extremely sorry for all the troubles you had during hotel booking. Please get in touch with our concerned team at https://app.mmyt.co/Xm2V/2e6qht08 and share the details of your hotel booking experience. We will look into the issue on priority.",2026-07-26T11:18:50
MakeMyTrip - Flights & Hotels,com.makemytrip,Travel,77d71a1e-d450-42f7-bbc1-a6b6d7159364,Lalatendu Mishra,5,,I will highly recommend,0,11.6.2,2026-07-25T12:14:13,"Hearing such a positive feedback from our customer, makes our day.",2026-07-25T12:23:16
MakeMyTrip - Flights & Hotels,com.makemytrip,Travel,31c53e58-cbf5-413b-a4bf-13f2ad960706,Mail,1,,"My train booking was cancelled by MakeMyTrip. The refund was promised by 24 July but has still not been credited. I have already raised a complaint through Paytm, which has been forwarded to NPCI. If this issue is not resolved promptly, I will pursue the matter through the appropriate consumer grievance process. Very disappointing experience.",0,,2026-07-25T12:06:21,"We are sorry for not living up to your expectations. However, we promise to enhance your train booking experiences. Please share your grievance details at https://app.mmyt.co/Xm2V/dizm1ysj Our concerned team will look into it.",2026-07-26T11:19:23
MakeMyTrip - Flights & Hotels,com.makemytrip,Travel,aa2872ff-95fd-4f96-a124-fdd44fb73c85,Arundhathy Thenuraan,5,,good & polite service. premium room.,0,,2026-07-25T11:10:35,"Hearing such a positive feedback from our customer, makes our day.",2026-07-25T11:18:06
MakeMyTrip - Flights & Hotels,com.makemytrip,Travel,1a823e62-3668-4fa6-99c1-79521d7526a9,Nazia Usmani,1,,i Iused this app recently and was about to be scammed .They will trick you to pay a very high amount simply by playing with digits and decimals . thank God i was careful and reported it and blocked my card,0,11.1.1,2026-07-25T08:38:59,"Hi, we regret any inconvenience caused. However, we would love to investigate the matter and resolve it for you. Please share your travel booking experience with us and let our team take care of this. You can reach out to us at

https://app.mmyt.co/Xm2V/wselq6w9",2026-07-25T11:47:43
MakeMyTrip - Flights & Hotels,com.makemytrip,Travel,a7e282d0-ada9-434d-821d-03af9b8dbcf5,hanu hanumanth,4,,easy to navigate and user experience is good so far bur still could be enhanced,0,11.6.2,2026-07-25T07:04:24,Thanks for your continued support! Your confidence in us is truly valued.,2026-07-25T07:13:52
MakeMyTrip - Flights & Hotels,com.makemytrip,Travel,26693423-bd65-49c5-8515-531fa745647c,Abhinay Mishra,1,,pathetic service,1,11.6.2,2026-07-25T06:58:31,"Hi, we regret any inconvenience caused. However, we would love to investigate the matter and resolve it for you. Please share your travel booking experience with us and let our team take care of this. You can reach out to us at https://app.mmyt.co/Xm2V/gnnqtkpq",2026-07-26T11:17:35
MakeMyTrip - Flights & Hotels,com.makemytrip,Travel,ac21360c-cca5-4983-8e12-2bf9d98883fc,Jaiprakash Prajapati,5,,Nice app all in one flight booking and fast service,0,11.6.2,2026-07-25T06:41:12,We always enjoy hearing our customer’s valuable feedback and suggestions.,2026-07-25T06:57:34
MakeMyTrip - Flights & Hotels,com.makemytrip,Travel,31623fd1-4609-4579-b778-25154249c995,Hassan Askiri,5,,amazing and easy to use with best prices,1,,2026-07-25T01:55:38,We always enjoy hearing our customer’s valuable feedback and suggestions.,2026-07-25T02:04:27
MakeMyTrip - Flights & Hotels,com.makemytrip,Travel,99afae1b-c219-47d8-9431-2692542faad9,Niveen An,1,,very cheating in app. my Amount 15000 cheating in app. not Ans. poor response. worry worst app. Another peoples not use in this app.,0,,2026-07-25T01:51:35,"Hi, we regret any inconvenience caused. However, we would love to investigate the matter and resolve it for you. Please share your travel booking experience with us and let our team take care of this. You can reach out to us at https://app.mmyt.co/Xm2V/zgq7luyt",2026-07-26T11:16:44
MakeMyTrip - Flights & Hotels,com.makemytrip,Travel,87f9286f-b841-498e-b321-65af4780de61,Manish Prithwani,1,,if I could zero star.,0,,2026-07-25T00:42:22,"Hi, we regret any inconvenience caused. However, we would love to investigate the matter and resolve it for you. Please share your travel booking experience with us and let our team take care of this. You can reach out to us at

https://app.mmyt.co/Xm2V/ppy8zyal",2026-07-25T11:18:24
MakeMyTrip - Flights & Hotels,com.makemytrip,Travel,71203b5e-387b-4575-98e1-6848ec03b7ef,Juhi Gupta,1,,"it is impossible to contact Makemytrip. I had to cancel my booking due to the sudden death of my Father in law and I have received partial refund and that amount is wrongly calculated. I tried to contact customer service but they are not contactble. There is no way that I can communicate with them. Worst experience 😪 please give any customer service email id/ phone number where i can raise my issue the link provided is not working. I guess your reply is system generated,Just to show to public",0,11.6.2,2026-07-24T22:55:36,"Hi, we regret any inconvenience caused. However, we would love to investigate the matter and resolve it for you. Please share your travel booking experience with us and let our team take care of this. You can reach out to us at https://app.mmyt.co/Xm2V/jgocuj4y",2026-07-25T11:17:05
MakeMyTrip - Flights & Hotels,com.makemytrip,Travel,064729f2-e9a0-4934-83c5-49c96d40924d,aman sharma,1,,worst experience ever the hotel doesn't even provide water however the make my trip is offering breakfast also when there is no resturant available at the property,0,11.6.2,2026-07-24T22:43:29,"Hi, we feel extremely sorry for all the troubles you had during hotel booking. Please get in touch with our concerned team at https://app.mmyt.co/Xm2V/jsdqxiw4 and share the details of your hotel booking experience. We will look into the issue on priority.",2026-07-24T23:29:14
MakeMyTrip - Flights & Hotels,com.makemytrip,Travel,3f14db27-75cb-425e-972f-2eceb90a778a,suraj chaubey,5,,good,1,11.7.1,2026-07-24T22:39:37,"We appreciate feedback from our customers and any suggestions on how we can improve.
",2026-07-24T22:49:05
MakeMyTrip - Flights & Hotels,com.makemytrip,Travel,50b8d53a-6b1f-47db-8a29-f6dd50474cff,CPT Excell Broadband,5,,good,0,11.6.2,2026-07-24T22:37:56,Thanks for your continued support! Your confidence in us is truly valued.,2026-07-24T22:49:06
MakeMyTrip - Flights & Hotels,com.makemytrip,Travel,f4311271-a8d2-4287-b439-e99e42b676b8,Nishant Rai,1,,bhut hi Ghatiya app hae isme hotel pe main checkin v ni kra tha ye log Mera paisa refund ni kra .inko to mahakal dekhenge make my trip Barbad ho jayega .ydi Mera refund ni krega .ar main kv isko use ni krunga.,0,11.6.2,2026-07-24T22:22:19,"Hi, we regret any inconvenience caused. However, we would love to investigate the matter and resolve it for you. Please share your travel booking experience with us and let our team take care of this. You can reach out to us at https://app.mmyt.co/Xm2V/autqfcdu",2026-07-24T23:24:41
MakeMyTrip - Flights & Hotels,com.makemytrip,Travel,2ddf0a4c-a15d-47cc-a167-f3b533301bd6,ajantha angeline,5,,"MakeMyTrip is a convenient app for booking hotels, flights, and bus tickets. It offers a smooth booking experience with a user-friendly interface and great travel options. A reliable travel app for planning trips quickly and easily.",1,11.7.1,2026-07-24T22:02:56,Thanks for your continued support! Your confidence in us is truly valued.,2026-07-24T22:16:34
MakeMyTrip - Flights & Hotels,com.makemytrip,Travel,10539e17-3208-4ad2-957c-20f224e0fb61,Thankur Raj,5,,all is okay,0,,2026-07-24T21:46:44,Thanks for your continued support! Your confidence in us is truly valued.,2026-07-24T22:00:12
MakeMyTrip - Flights & Hotels,com.makemytrip,Travel,28838d4b-7529-426e-8dfe-1fa2bd8a6204,Nalin Rajyaguru,1,,one of the biggest fraud company make my trip never trust this,0,11.6.2,2026-07-24T21:37:12,"Hi, we regret any inconvenience caused. However, we would love to investigate the matter and resolve it for you. Please share your travel booking experience with us and let our team take care of this. You can reach out to us at https://app.mmyt.co/Xm2V/169vtbrq",2026-07-24T23:24:27
MakeMyTrip - Flights & Hotels,com.makemytrip,Travel,2e903844-8619-4cf4-9b17-c507c7d1728c,DEEPAN CHAKRAVARTHY R,5,,all time good,0,11.6.2,2026-07-24T21:07:25,"We appreciate feedback from our customers and any suggestions on how we can improve.
",2026-07-24T21:11:28
MakeMyTrip - Flights & Hotels,com.makemytrip,Travel,265207f9-50fb-47c6-aa1f-4a99d9d52b0e,Atul Ranjan,1,,"Misleading Guidance and Denial of Zero Cancellation Benefit Due to MMT Support Miscommunication - I booked a flight from Bangalore to Indore for 4 passengers (Travel Date: 25th July 2026) through MakeMyTrip, and additionally purchased the Zero Cancellation Assured policy. Due to an emergency, I needed a partial cancellation for 2 passengers. I followed the exact process instructed by customer support, but faulty guidance caused me to lose money despite having policy coverage.",0,11.6.2,2026-07-24T18:33:12,We are sorry for any inconvenience caused during your flight ticket booking. Our dedicated team will look into the matter right away. Please share your grievance details at https://app.mmyt.co/Xm2V/1y60la21 we can understand the nature of the issue and resolve it for you. We are always at your service.,2026-07-24T23:31:47
MakeMyTrip - Flights & Hotels,com.makemytrip,Travel,72bc9ecd-926f-47ec-bef2-e1bad62baf58,BERNOS ZUSHIMA B.,1,,"OMG, this is the worst application. I still haven't received my refund, and it's been almost 3 months. That is my money, and I need it back. I have plans for that money, and this delay is unacceptable. Please process my refund immediately. I would appreciate your prompt response and resolution.",0,11.6.2,2026-07-24T17:56:02,"Hi, we regret any inconvenience caused. However, we would love to investigate the matter and resolve it for you. Please share your travel booking experience with us and let our team take care of this. You can reach out to us at https://app.mmyt.co/Xm2V/u4p9t8wy",2026-07-24T23:22:44
MakeMyTrip - Flights & Hotels,com.makemytrip,Travel,b09d257c-6a02-4d1d-bac0-37cbf193ae51,JAYDIP CHANPA,1,,worst experience no customer saport... many tries on call but no one riciv call worst experience,0,11.6.2,2026-07-24T16:59:14,"Hi, we regret any inconvenience caused. However, we would love to investigate the matter and resolve it for you. Please share your travel booking experience with us and let our team take care of this. You can reach out to us at https://app.mmyt.co/Xm2V/okc7oy22",2026-07-24T17:10:44
MakeMyTrip - Flights & Hotels,com.makemytrip,Travel,d7b10c3a-4e2f-4b3b-8508-e7b933839765,Vishal Soni,1,,"No Customer Support. You won't get any customer support as MMT relies on AI. their chat agent is in Beta and often closes or doesn't work. there is no real person to talk to. If you want to succeed, get a good customer support team whom people can talk to. Stop using AI where it shouldn't be used",0,11.6.2,2026-07-24T16:28:00,"Hi, we regret any inconvenience caused. However, we would love to investigate the matter and resolve it for you. Please share your travel booking experience with us and let our team take care of this. You can reach out to us at https://app.mmyt.co/Xm2V/1tvj3kds",2026-07-24T17:09:56
MakeMyTrip - Flights & Hotels,com.makemytrip,Travel,74054a22-0d63-41ce-aef8-31434087ac00,DS FIN CAPITAL FINANCE,5,,Lovely Experience 🤝,0,,2026-07-24T16:25:58,"We appreciate feedback from our customers and any suggestions on how we can improve.
",2026-07-24T16:28:40
MakeMyTrip - Flights & Hotels,com.makemytrip,Travel,68e2ddfa-4593-47e4-9de2-4193b0e60f46,AK Medical Agency,1,,worst app don't use they not refund tha cancel ticket amount also and call also not connecting to castomar care they are busy to eachother,1,11.7.1,2026-07-24T14:39:45,"Hi, we regret any inconvenience caused. However, we would love to investigate the matter and resolve it for you. Please share your travel booking experience with us and let our team take care of this. You can reach out to us at https://app.mmyt.co/Xm2V/6ogtvier",2026-07-24T17:05:35
MakeMyTrip - Flights & Hotels,com.makemytrip,Travel,cb8e247c-b8ea-45f6-a4f0-fc3541661f2f,Priyadarshinee Tiwari,1,,"VERY BAD service!!!! I booked 2 rooms in Jagannath puri but they have tied with VERY VERY VERY POOR homestay... there are giant size cockroches and big lizards.. not at all hygienic!!!!!, very WORST like I don't even have words for such bad service and they r not even taking any steps or giving an upgrade or refund.... ridiculous!!!!! I WANT MY MONEY BACK OR I WANT AN UPGRADE AS A CONCESSION!! THIS WAS VERY UNEXPECTED BY SUCH A LOYAL CUSTOMER! U BROKE MY TRUST... WORST service.. like really!",0,11.6.2,2026-07-24T14:31:50,"Hi, we feel extremely sorry for all the troubles you had during hotel booking. Please get in touch with our concerned team at https://app.mmyt.co/Xm2V/hehjwwym and share the details of your hotel booking experience. We will look into the issue on priority.",2026-07-24T17:04:55
MakeMyTrip - Flights & Hotels,com.makemytrip,Travel,9d4cb830-6f97-43b8-9d69-4daf4b3cb815,Vinay Kumar,1,,worst experience while train ticket booking,0,11.6.2,2026-07-24T13:03:25,"Hi, we regret any inconvenience caused. However, we would love to investigate the matter and resolve it for you. Please share your travel booking experience with us and let our team take care of this. You can reach out to us at https://app.mmyt.co/Xm2V/b32ny6dv",2026-07-24T16:58:11
MakeMyTrip - Flights & Hotels,com.makemytrip,Travel,590b3159-ed74-4061-8c3a-3746d5d7ffac,- Ozuma .?,5,,i like it no extra delays easy customer service 247,0,11.6.2,2026-07-24T12:40:55,We always enjoy hearing our customer’s valuable feedback and suggestions.,2026-07-24T12:56:59
MakeMyTrip - Flights & Hotels,com.makemytrip,Travel,860fce9a-e958-450d-8627-61e8a4ddebef,Kamalesh Dutta Roy,5,,Amazing,0,,2026-07-24T12:05:43,We always enjoy hearing our customer’s valuable feedback and suggestions.,2026-07-24T12:08:09
MakeMyTrip - Flights & Hotels,com.makemytrip,Travel,90a4fb39-2e33-4151-87a1-efafbc00f56a,Vivek Haldar,1,,room experience is very bad please don't use MakeMyTrip app,0,11.6.2,2026-07-24T11:40:41,"Hi, we regret any inconvenience caused. However, we would love to investigate the matter and resolve it for you. Please share your travel booking experience with us and let our team take care of this. You can reach out to us at https://app.mmyt.co/Xm2V/rrvmtzni",2026-07-24T17:00:33
MakeMyTrip - Flights & Hotels,com.makemytrip,Travel,0c1fbc13-dd5e-4a1e-9649-6a196992caf6,Naveen Raj,4,,super,0,,2026-07-24T11:09:02,We always enjoy hearing our customer’s valuable feedback and suggestions.,2026-07-24T11:19:21
MakeMyTrip - Flights & Hotels,com.makemytrip,Travel,26bd0549-b0b2-45ed-8b5d-d40845c0f3e4,Amol Nandeshwar,5,,over all the good,0,,2026-07-24T11:03:14,"We appreciate feedback from our customers and any suggestions on how we can improve.
",2026-07-24T11:19:23
MakeMyTrip - Flights & Hotels,com.makemytrip,Travel,4d46a205-2899-46c8-a8b4-ebd4813a6478,Jyoti Jain,5,,good 😊👍🏻,0,11.6.2,2026-07-24T10:42:49,Thanks for your continued support! Your confidence in us is truly valued.,2026-07-24T10:46:37
MakeMyTrip - Flights & Hotels,com.makemytrip,Travel,ad4c6792-2b86-45a3-9ab8-b1ca28f16954,DHANANJAY PATTE,5,,Very very good app. appreciate 🥰,0,11.6.2,2026-07-24T10:40:55,Thanks for your continued support! Your confidence in us is truly valued.,2026-07-24T10:46:37
MakeMyTrip - Flights & Hotels,com.makemytrip,Travel,67d11134-5d72-4d79-bd82-2da612282ce7,Dipak Khairnar,1,,"Very bad experience. I booked a hotel through FabHotels on 17/07/2026, but when I reached for check-in, the hotel denied entry saying online bookings were closed. FabHotels asked me to pay and promised a refund, but I still haven’t received it. Highly unprofessional and disappointing service.",0,11.6.2,2026-07-24T07:31:36,"Hi, we feel extremely sorry for all the troubles you had during hotel booking. Please get in touch with our concerned team at https://app.mmyt.co/Xm2V/euvq98nx and share the details of your hotel booking experience. We will look into the issue on priority.",2026-07-24T17:02:10
MakeMyTrip - Flights & Hotels,com.makemytrip,Travel,64a4521e-4ef2-4dc6-b446-fb6ed7284dad,Saurabh Singh,5,,great app for traveling 😆,0,11.6.2,2026-07-24T05:58:08,"Hearing such a positive feedback from our customer, makes our day.",2026-07-24T06:09:57
MakeMyTrip - Flights & Hotels,com.makemytrip,Travel,cda4d06c-4ab0-4d7f-a1dc-0d32a868bfc2,GnanaGanesh B,1,,"very slow app, worst",1,11.7.1,2026-07-24T05:28:05,"Hi, we regret any inconvenience caused. However, we would love to investigate the matter and resolve it for you. Please share your travel booking experience with us and let our team take care of this. You can reach out to us at https://app.mmyt.co/Xm2V/ogktq3gp",2026-07-24T10:49:42
MakeMyTrip - Flights & Hotels,com.makemytrip,Travel,98946b5b-244d-45cd-aff9-2c2dec1ad896,Debpratim Modak,5,,Nice App,1,11.7.1,2026-07-24T00:47:07,Thanks for your continued support! Your confidence in us is truly valued.,2026-07-24T01:00:38
MakeMyTrip - Flights & Hotels,com.makemytrip,Travel,e0e4eb71-420f-425b-989e-05a87ac19ed0,Mohanraj Rajaraman,1,,"If there were a negative rating option, I would give this platform (negative)-100. My flight was cancelled on 3 April 2026, and I still haven't received any response or refund. I have contacted customer support several times, but they have failed to provide any update or initiate the refund process. I strongly recommend that my friends and others avoid booking through this platform. This has been a very disappointing experience. Real scammers.",0,11.6.2,2026-07-24T00:23:51,"Hi, we regret any inconvenience caused. However, we would love to investigate the matter and resolve it for you. Please share your travel booking experience with us and let our team take care of this. You can reach out to us at https://app.mmyt.co/Xm2V/3khz9mwx",2026-07-24T17:03:06
MakeMyTrip - Flights & Hotels,com.makemytrip,Travel,6079d1f8-f6a4-461f-adbd-240b7b98f61a,DEEP PAL,5,,good 👍,0,11.6.2,2026-07-23T23:49:52,"We appreciate feedback from our customers and any suggestions on how we can improve.
",2026-07-23T23:55:32
MakeMyTrip - Flights & Hotels,com.makemytrip,Travel,bc46aabb-77bc-48ef-85a0-01c51192527d,Karthick Subramanian,5,,My all-time trusted travel website..,0,,2026-07-23T23:45:54,"Hearing such a positive feedback from our customer, makes our day.",2026-07-23T23:55:31
MakeMyTrip - Flights & Hotels,com.makemytrip,Travel,a1530167-d6b7-4377-b95b-9580bb2c77b4,Rahul Saha,1,,worst service,0,11.6.2,2026-07-23T23:31:33,"Hi, we regret any inconvenience caused. However, we would love to investigate the matter and resolve it for you. Please share your travel booking experience with us and let our team take care of this. You can reach out to us at https://app.mmyt.co/Xm2V/mnpakcaf",2026-07-24T10:45:17
MakeMyTrip - Flights & Hotels,com.makemytrip,Travel,ee38216c-950d-492e-b9e2-1f6f2f7a4c6b,Ashish,1,,"Classic dark patterns: endless upsells followed by a last-minute ""convenience fee"" after you've entered everything. Feels engineered to squeeze every extra rupee.",0,11.6.2,2026-07-23T23:29:24,"Hi, we regret any inconvenience caused. However, we would love to investigate the matter and resolve it for you. Please share your travel booking experience with us and let our team take care of this. You can reach out to us at https://app.mmyt.co/Xm2V/ck4swbur",2026-07-24T10:48:09
MakeMyTrip - Flights & Hotels,com.makemytrip,Travel,f0335714-4713-44c1-967b-69f7fffb5375,Akshay Pancholi,1,,Extremely poor customer service with call or chat putting you in an automated loop and never really solving the issue as it is not even present in the predefined options. This happens when your sole focus is on cost reduction but no guardrail of negative reviews.,0,11.6.2,2026-07-23T23:11:24,"Hi, we regret any inconvenience caused. However, we would love to investigate the matter and resolve it for you. Please share your travel booking experience with us and let our team take care of this. You can reach out to us at https://app.mmyt.co/Xm2V/n364mg14",2026-07-24T16:56:47
MakeMyTrip - Flights & Hotels,com.makemytrip,Travel,3eb31f78-d018-4826-bfc3-5b3b229cf916,Sameer Alam,1,,India ka no 01 dogla travel application hai,0,11.7.1,2026-07-23T23:08:53,"Hi, we regret any inconvenience caused. However, we would love to investigate the matter and resolve it for you. Please share your travel booking experience with us and let our team take care of this. You can reach out to us at https://app.mmyt.co/Xm2V/ag27uv04",2026-07-24T10:45:45
MakeMyTrip - Flights & Hotels,com.makemytrip,Travel,5ff7bccc-1959-45a0-a94c-4b5a16b4bac2,Tajing Taki,4,,"first experience with make my trip,..bus ride from Haldwani to Delhi,was good. booking thrgh the app was easy and convenient. thanks! 👍",0,11.6.2,2026-07-23T22:19:05,We always enjoy hearing our customer’s valuable feedback and suggestions.,2026-07-23T22:34:19
MakeMyTrip - Flights & Hotels,com.makemytrip,Travel,0e38bc82-3beb-481c-a2b2-a152e2c821ca,Shan Shan,2,,the app is soooo lagging. getting irritated while booking tickets.......,0,11.6.2,2026-07-23T22:09:16,"Hi, we regret any inconvenience caused. However, we would love to investigate the matter and resolve it for you. Please share your travel booking experience with us and let our team take care of this. You can reach out to us at https://app.mmyt.co/Xm2V/s39pj910",2026-07-24T10:43:56
MakeMyTrip - Flights & Hotels,com.makemytrip,Travel,e273bd52-c962-4365-9b32-9684f3ac9782,Tondu Just chill,1,,no helpline number for contact,0,11.6.2,2026-07-23T22:05:45,"Hi, we regret any inconvenience caused. However, we would love to investigate the matter and resolve it for you. Please share your travel booking experience with us and let our team take care of this. You can reach out to us at https://app.mmyt.co/Xm2V/qe3ojf3s",2026-07-24T10:48:52
MakeMyTrip - Flights & Hotels,com.makemytrip,Travel,90ccab5a-677a-4c88-ab07-b5143caf9949,s U,5,,nice,0,11.6.2,2026-07-23T21:58:16,We always enjoy hearing our customer’s valuable feedback and suggestions.,2026-07-23T22:01:35
MakeMyTrip - Flights & Hotels,com.makemytrip,Travel,1c1ed31b-51bc-455e-9104-243cc0d749b4,Rajstrw,5,,good app very useful this app.hotel booking is good app,0,11.6.2,2026-07-23T21:21:15,Thanks for your continued support! Your confidence in us is truly valued.,2026-07-23T21:28:59
MakeMyTrip - Flights & Hotels,com.makemytrip,Travel,914a3684-ba79-4b18-9b1f-1118fdf4f462,Rajesh Sharma,5,,I am always enjoying the booking through MakeMyTrip,0,11.6.2,2026-07-23T21:15:21,"We appreciate feedback from our customers and any suggestions on how we can improve.
",2026-07-23T21:29:00
MakeMyTrip - Flights & Hotels,com.makemytrip,Travel,935994ec-bf2d-449f-80cf-5808de3f8a35,Dimo Li,1,,Third class app. They'll never solve your problem once payment is completed.,1,11.7.1,2026-07-23T20:55:55,"Hi, we regret any inconvenience caused. However, we would love to investigate the matter and resolve it for you. Please share your travel booking experience with us and let our team take care of this. You can reach out to us at https://app.mmyt.co/Xm2V/8niqeh50",2026-07-24T10:44:22
MakeMyTrip - Flights & Hotels,com.makemytrip,Travel,109e72d3-746e-4694-99aa-36201a681193,kunal deep teri,1,,Very poor customer support.,0,11.6.2,2026-07-23T19:57:04,"Hi, we regret any inconvenience caused. However, we would love to investigate the matter and resolve it for you. Please share your travel booking experience with us and let our team take care of this. You can reach out to us at https://app.mmyt.co/Xm2V/rco8saau",2026-07-24T10:43:12
MakeMyTrip - Flights & Hotels,com.makemytrip,Travel,01eada7f-abb5-44b9-aa87-29ae91968a5f,SHARATH M,1,,useless and scammers,0,11.6.2,2026-07-23T19:36:19,"Hi, we regret any inconvenience caused. However, we would love to investigate the matter and resolve it for you. Please share your travel booking experience with us and let our team take care of this. You can reach out to us at https://app.mmyt.co/Xm2V/83hmbsdp",2026-07-24T10:40:06
MakeMyTrip - Flights & Hotels,com.makemytrip,Travel,fa9aa6ea-8c18-4cf4-8f8d-c52f3d2910ce,Bappaditya Sen,5,,"user friendly..Good, nice",0,11.6.2,2026-07-23T19:34:17,Thanks for your continued support! Your confidence in us is truly valued.,2026-07-23T19:35:05
MakeMyTrip - Flights & Hotels,com.makemytrip,Travel,a7d59495-b990-4335-b17f-7678e37bee7b,trusharkant Mistry,1,,very bad experience,0,8.8.9,2026-07-23T19:17:42,"Hi, we regret any inconvenience caused. However, we would love to investigate the matter and resolve it for you. Please share your travel booking experience with us and let our team take care of this. You can reach out to us at https://app.mmyt.co/Xm2V/03ptea0z",2026-07-24T10:48:30
MakeMyTrip - Flights & Hotels,com.makemytrip,Travel,f77d27b9-9ee4-4e05-b230-ae383eb02887,Shona,5,,We had an exceptional experience at The Sapphire Retreat The attention to details of cleanliness and the warm hosting made our stay truly memorable. We booked via MakeMyTrip was seamless as well 5 by 5 star for comfort and service,0,,2026-07-23T19:08:30,"We appreciate feedback from our customers and any suggestions on how we can improve.
",2026-07-23T19:18:46
MakeMyTrip - Flights & Hotels,com.makemytrip,Travel,f9bb379b-d3c3-4f0e-975e-522dc0127d2c,sajeesh said,4,,good app,0,11.5.2,2026-07-23T18:55:27,"Hearing such a positive feedback from our customer, makes our day.",2026-07-23T19:02:30
MakeMyTrip - Flights & Hotels,com.makemytrip,Travel,9a618d5e-7f34-420c-a7a1-218611b3e2e4,Jeet Singh,1,,"I had booked a ticket from Jaipur to Gorakhpur in April with full payment. I reached on time but the bus operator did not allow me to board the bus and said the bus is full, make my trip unsupported. very bad experience",0,11.6.2,2026-07-23T18:20:53,"Hi, we regret any inconvenience caused. However, we would love to investigate the matter and resolve it for you. Please share your Bus booking experience with us and let our team take care of this. You can reach out to us at https://app.mmyt.co/Xm2V/k1twjkgb",2026-07-24T10:39:26
MakeMyTrip - Flights & Hotels,com.makemytrip,Travel,1f66d06e-4503-405d-a3cf-4b035a9fe1b1,HANI,1,,"I do not recommend dealing with this company at all. The payment was deducted from my account, and I still have not received my refund, even though more than a month has passed. I have contacted their customer support several times by both email and phone, but unfortunately, the issue remains unresolved, and my refund has not been processed. لا أنصح بالتعامل مع هذه الشركة إطلاقًا. تم خصم المبلغ من حسابي ولم يتم استرجاعه حتى الآن، رغم مرور أكثر من شهر. تواصلت معهم بدون فائدة .. الحذر ثم الحذر!!!",0,,2026-07-23T18:01:17,"Hi, we regret any inconvenience caused. However, we would love to investigate the matter and resolve it for you. Please share your travel booking experience with us and let our team take care of this. You can reach out to us at https://app.mmyt.co/Xm2V/fyzr6tuq",2026-07-24T10:38:59
MakeMyTrip - Flights & Hotels,com.makemytrip,Travel,a1705442-b459-437b-9b3a-592c5e036cbe,Sunder Edward,5,,flight Sir India express was not clean,0,11.6.2,2026-07-23T17:55:26,"Hearing such a positive feedback from our customer, makes our day.",2026-07-23T17:57:31
MakeMyTrip - Flights & Hotels,com.makemytrip,Travel,28a85e3e-2b78-4656-aa98-8680c46c5d6b,GUTHKONDA SRINIVASA Rao,5,,good 👍,0,11.6.2,2026-07-23T17:38:57,We always enjoy hearing our customer’s valuable feedback and suggestions.,2026-07-23T17:41:07
MakeMyTrip - Flights & Hotels,com.makemytrip,Travel,cb42b788-5008-4a4d-ada1-5fce25f396ab,Anjaly Kumaran,1,,"Repeatedly disappointed with MakeMyTrip's bus service. Multiple delayed journeys, including one delayed by over 3 hours, were still marked as ""On Time."" My latest trip arrived an hour late, promised amenities were not provided, support numbers were unreachable, and complaints were marked as ""resolved"" without any contact. The complaint isn't visible in the app, and the feedback links don't work. Where is the accountability?",0,11.6.1,2026-07-23T17:34:57,"Hi, we regret any inconvenience caused. However, we would love to investigate the matter and resolve it for you. Please share your travel booking experience with us and let our team take care of this. You can reach out to us at https://app.mmyt.co/Xm2V/lbpwm8gk",2026-07-23T17:49:58
MakeMyTrip - Flights & Hotels,com.makemytrip,Travel,d394adbb-5f89-4283-a988-53dd0ffc1bcc,Amit Sachdeva,1,,I used trip guarantee for my train trip costing 1250. paid 400 extra as I was waitlisted by 1. it offered 3x refund if booking couldn't be confirmed. Train got canceled.. I recieved 1250 which I would have got anyways as refund without trip guarantee not 3x. can't talk to any executive..chatbots are useless.. NEVER use trip guarantee is my advise to all.,0,11.0.1,2026-07-23T16:58:45,"We are sorry for not living up to your expectations. However, we promise to enhance your train booking experiences. Please share your grievance details at https://app.mmyt.co/Xm2V/y7yi1g4s Our concerned team will look into it.",2026-07-23T17:51:05
MakeMyTrip - Flights & Hotels,com.makemytrip,Travel,3dfc2418-7ed8-4ab9-aef4-fd2582db891d,Srinath Setty,1,,"worst service from makemy trip, all bogus. misleading about the hotel booking. no option for cancel in the room.... no customer care....",0,11.6.2,2026-07-23T15:53:08,"Hi, we regret any inconvenience caused. However, we would love to investigate the matter and resolve it for you. Please share your Hotel booking experience with us and let our team take care of this. You can reach out to us at https://app.mmyt.co/Xm2V/88hw9vct",2026-07-23T17:05:05
MakeMyTrip - Flights & Hotels,com.makemytrip,Travel,773a3921-e2ee-46b5-b899-a493b0e557b0,shabana patan,5,,good,0,11.6.2,2026-07-23T13:41:54,"We appreciate feedback from our customers and any suggestions on how we can improve.
",2026-07-23T13:53:06
MakeMyTrip - Flights & Hotels,com.makemytrip,Travel,d471dba5-727d-4fa3-a745-b78b317bfdfe,SREENIVASARAO GUNDA,4,,good,0,,2026-07-23T13:35:54,We always enjoy hearing our customer’s valuable feedback and suggestions.,2026-07-23T13:37:02
MakeMyTrip - Flights & Hotels,com.makemytrip,Travel,1d6468f2-1f15-44b6-83dd-eaa5e686adad,AK,1,,"Reviewed on 25-02-2022 Pathetic customer support with Almost no response on time.👎🏻 today on 23-07-2026 : Again its Pathetic, Worst customer support, MakeMyTrip acts like a Commission agent only. My day prior booked cab Cancelled at a last moment @pick-up time with No prior information (My 1st & Last Cab booking with this unprofessional MMT) 😡👿👿👿👎🏻",1,11.6.2,2026-07-23T11:57:03,"Hi, we regret any inconvenience caused. However, we would love to investigate the matter and resolve it for you. Please share your travel booking experience with us and let our team take care of this. You can reach out to us at https://app.mmyt.co/Xm2V/7pssmfww",2026-07-23T13:19:07
MakeMyTrip - Flights & Hotels,com.makemytrip,Travel,695c0620-4137-4dd3-952d-2ae391e03ba0,Vaidyanathan J,5,,Quick and easy to navigate,0,11.6.2,2026-07-23T11:27:07,"Hearing such a positive feedback from our customer, makes our day.",2026-07-23T11:32:18
MakeMyTrip - Flights & Hotels,com.makemytrip,Travel,95739105-9e30-4213-a8ec-c8b84ae568e4,Duni chand,1,,"It has been over a month, and I still haven't received my refund. Very bad service.",0,11.6.2,2026-07-23T11:22:06,"Hi, we regret any inconvenience caused. However, we would love to investigate the matter and resolve it for you. Please share your travel booking experience with us and let our team take care of this. You can reach out to us at https://app.mmyt.co/Xm2V/e7ru9sid",2026-07-23T13:20:42
MakeMyTrip - Flights & Hotels,com.makemytrip,Travel,0c0b1915-49c6-4ae6-ae22-a30f62ee6a12,arvind kumar,5,,माय फेवरेट,0,11.6.2,2026-07-23T11:19:49,Thanks for your continued support! Your confidence in us is truly valued.,2026-07-23T11:32:19
MakeMyTrip - Flights & Hotels,com.makemytrip,Travel,2872f169-eb4a-4c42-8ef2-1a1f6bd520cc,Dhana Mani,2,,customer service not support. AI voice only. I uninstalled. Makemytrip,0,11.6.2,2026-07-23T11:08:53,"Hi, we regret any inconvenience caused. However, we would love to investigate the matter and resolve it for you. Please share your travel booking experience with us and let our team take care of this. You can reach out to us at https://app.mmyt.co/Xm2V/0qcb09wt",2026-07-23T13:19:41
MakeMyTrip - Flights & Hotels,com.makemytrip,Travel,c5ff68ce-b43e-4095-b432-8a18817c36b7,Mohd Farman,5,,"everything is good,",0,11.4.2,2026-07-23T10:27:06,"We appreciate feedback from our customers and any suggestions on how we can improve.
",2026-07-23T10:43:22
MakeMyTrip - Flights & Hotels,com.makemytrip,Travel,1d65a7bf-176b-4bb7-bcf6-990019c8621d,Bhaskar Sen,5,,good,0,11.6.2,2026-07-23T10:20:59,"Hearing such a positive feedback from our customer, makes our day.",2026-07-23T10:27:05
MakeMyTrip - Flights & Hotels,com.makemytrip,Travel,dfa9cda4-a2d0-4e15-b22e-e6c84efc528a,Shantanu Shinde,4,,sometimes the app is getting lagged.,0,11.6.2,2026-07-23T09:52:00,Thanks for your continued support! Your confidence in us is truly valued.,2026-07-23T09:54:41
MakeMyTrip - Flights & Hotels,com.makemytrip,Travel,c821bd64-6627-4719-8a6e-1bea06be432c,Sudip Chettri,1,,worst experience! i had locked the price. After that i am not able to resume the booking process. don't trust these platforms!,1,11.6.2,2026-07-23T07:28:24,"Hi, we regret any inconvenience caused. However, we would love to investigate the matter and resolve it for you. Please share your travel booking experience with us and let our team take care of this. You can reach out to us at https://app.mmyt.co/Xm2V/8se35frn",2026-07-23T11:04:23
MakeMyTrip - Flights & Hotels,com.makemytrip,Travel,63f1cb08-a372-4aa0-976d-92240ae78f54,Mohamed Hussain Mohamed Ismail,1,,poor let's you buy tickets in pounds but doesn't let to contact from uk absolutely nonsense. secondly paid for the baggage as the airways didn't provide but still after checkout can't see your baggage on your tickets. weird,0,,2026-07-23T06:57:50,"Hi, we regret any inconvenience caused. However, we would love to investigate the matter and resolve it for you. Please share your travel booking experience with us and let our team take care of this. You can reach out to us at https://app.mmyt.co/Xm2V/drc1fh3a",2026-07-23T11:08:42
MakeMyTrip - Flights & Hotels,com.makemytrip,Travel,b2d3fddd-8607-4673-9c1a-c0c24d2da603,Navin Sir,1,,very bad customer care service. Never Book from this app Goibibo is much better,0,11.6.2,2026-07-23T05:44:34,"Hi, we regret any inconvenience caused. However, we would love to investigate the matter and resolve it for you. Please share your travel booking experience with us and let our team take care of this. You can reach out to us at https://app.mmyt.co/Xm2V/qiu6kgz4",2026-07-23T11:11:59
MakeMyTrip - Flights & Hotels,com.makemytrip,Travel,13d16bcd-65f2-4451-a60a-4bddd3758bcf,Praveen Ahuja,5,,Best app for flights and hotel bookings.🥰🥰👍👍💖,1,11.6.2,2026-07-23T04:47:47,"Hearing such a positive feedback from our customer, makes our day.",2026-07-23T05:01:26
MakeMyTrip - Flights & Hotels,com.makemytrip,Travel,59e657ac-2370-4c51-90a0-de43564e42f2,Solesh Dehury,2,,The app lags a lot.,0,11.6.2,2026-07-22T23:43:34,"Hi, we regret any inconvenience caused. However, we would love to investigate the matter and resolve it for you. Please share your travel booking experience with us and let our team take care of this. You can reach out to us at https://app.mmyt.co/Xm2V/gkkg4rfl",2026-07-23T11:02:09
MakeMyTrip - Flights & Hotels,com.makemytrip,Travel,00f120b7-9c0f-42ea-b48b-db9b9d2f55bd,Paras Garg,5,,good,0,11.6.2,2026-07-22T23:19:17,Thanks for your continued support! Your confidence in us is truly valued.,2026-07-22T23:35:48
MakeMyTrip - Flights & Hotels,com.makemytrip,Travel,2accff85-8ee7-4f83-87fe-26f7255da460,Pankaj Mishra,1,,"very Bad experience MMT, I booked with flight with MMT with zero cancelation fee and once I requested for cancelation the they are telling some extra charges and refunding money after 12 days .....what logic ?cst service taken too much time over the call even they don't know my ticket is zero cancelation , highly unprofessional MMT... MMT is cst care team is very unprofessional ,Booked zero cancelation ticket and they are refunding 113 AED only then I cst care then took 30 min to check .",0,11.6.2,2026-07-22T23:03:03,"Hi, we regret any inconvenience caused. However, we would love to investigate the matter and resolve it for you. Please share your travel booking experience with us and let our team take care of this. You can reach out to us at https://app.mmyt.co/Xm2V/wgd1da0a",2026-07-23T11:00:36
MakeMyTrip - Flights & Hotels,com.makemytrip,Travel,ccae63a8-f639-4b7b-8301-d493632e18ac,Anupam Sam,1,,ghatiya,1,11.6.2,2026-07-22T22:36:38,"Hi, we regret any inconvenience caused. However, we would love to investigate the matter and resolve it for you. Please share your travel booking experience with us and let our team take care of this. You can reach out to us at https://app.mmyt.co/Xm2V/lra4my0l",2026-07-23T11:02:32
MakeMyTrip - Flights & Hotels,com.makemytrip,Travel,245c135f-42d1-4e84-9167-c8f4e5ca6d93,SAHIL JAGGAL,5,,good,0,,2026-07-22T22:34:01,Thanks for your continued support! Your confidence in us is truly valued.,2026-07-22T22:47:48
MakeMyTrip - Flights & Hotels,com.makemytrip,Travel,ee1c8278-b415-41f0-90e9-cd05859e86f9,Deepak Kumar Singh,5,,best app,0,11.6.2,2026-07-22T22:06:27,Thanks for your continued support! Your confidence in us is truly valued.,2026-07-22T22:14:25
MakeMyTrip - Flights & Hotels,com.makemytrip,Travel,bd1b4720-f75c-4a9d-84e1-a6cbc001438e,Mathura Debbarma,5,,very good apps it helps me in my travelling,0,11.6.2,2026-07-22T21:22:10,"Hearing such a positive feedback from our customer, makes our day.",2026-07-22T21:25:31
MakeMyTrip - Flights & Hotels,com.makemytrip,Travel,b2a5fa8e-8e19-4e21-a12b-24bd80ff9d07,Nambi Thirumalai,5,,WOW app for best deals ..I am using it for the last 3 months for my business trip weekly bookings. Good deal and hassle free stay.,0,,2026-07-22T21:13:40,Thanks for your continued support! Your confidence in us is truly valued.,2026-07-22T21:25:36
MakeMyTrip - Flights & Hotels,com.makemytrip,Travel,a8e1fbb9-9429-4f51-bbd8-88db9dc7fdaa,Prasanna Mohite,1,,"Tried to book train ticket, after transaction done it exited payment window inappropriately and showed error. money deducted but tickets not received two times happened. cant find any option to raise the query. that worst chatbot also showing booked tickets only. No customer support details it's giving",0,11.6.2,2026-07-22T21:05:41,"Hi, we regret any inconvenience caused. However, we would love to investigate the matter and resolve it for you. Please share your travel booking experience with us and let our team take care of this. You can reach out to us at https://app.mmyt.co/Xm2V/cxlrmsh4",2026-07-23T10:59:39
MakeMyTrip - Flights & Hotels,com.makemytrip,Travel,47de0329-09ab-4769-9073-3d557e1c586a,Bhavana Keerthi S,1,,I didn't even wanted to give 1 star. worst experience with this app even now I am asking for change of hotel for the same branch and they are not doing it,0,11.6.2,2026-07-22T20:59:40,"Hi, we regret any inconvenience caused. However, we would love to investigate the matter and resolve it for you. Please share your Hotel booking experience with us and let our team take care of this. You can reach out to us at https://app.mmyt.co/Xm2V/cjaj3qe1",2026-07-23T10:54:21
MakeMyTrip - Flights & Hotels,com.makemytrip,Travel,aff4f8f2-b56f-4049-8f0f-3ff955997cac,Besto Sensation,1,,I book 1 room some days before then next day i cancel my booking. My booking for 2days. i request for refund the amount till now i didn't get money back now is almost 2 weeks. also i send mail in make my trip thay also saying check in this app. when i check this app only ai is answer my question. ai saying only i this your money will credited in your wallet in 7/ 2026 .,0,11.6.2,2026-07-22T20:09:52,"Hi, we regret any inconvenience caused. However, we would love to investigate the matter and resolve it for you. Please share your Hotel booking experience with us and let our team take care of this. You can reach out to us at https://app.mmyt.co/Xm2V/jz8vxlfw",2026-07-23T10:53:18
MakeMyTrip - Flights & Hotels,com.makemytrip,Travel,54650599-3e6c-4757-ab06-39040fb2a15a,deepak Kumar,1,,"make my trip not helping us it's so bad I will complaint I book hotel at 10pm by mistake in wrong location. so i was informed to customer support i was not check in hotel and plz cancel and he promised me to give full refund deduct only 5% after 1 month 10days after daily calling he give me only 45% refund. only support the hotel not the customer so bad I hate make my trip and also hotel hotel vijay niwas,jaipur 😡",0,11.6.1,2026-07-22T19:53:22,"Hi, we regret any inconvenience caused. However, we would love to investigate the matter and resolve it for you. Please share your Hotel booking experience with us and let our team take care of this. You can reach out to us at https://app.mmyt.co/Xm2V/z7kpuwu4",2026-07-23T10:51:20
MakeMyTrip - Flights & Hotels,com.makemytrip,Travel,0922d747-40ea-4f57-bcbe-a7a9dc7c8b54,MD. KASHIF Ali,1,,wanting to give Negative Rating but no option Available for That. Waste Service. No Human Customer Care Agent to talk. Charging 80% For Cancelation.,0,11.7.0,2026-07-22T19:29:26,"Hi, we regret any inconvenience caused. However, we would love to investigate the matter and resolve it for you. Please share your travel booking experience with us and let our team take care of this. You can reach out to us at https://app.mmyt.co/Xm2V/abppjx0r",2026-07-23T10:53:41
MakeMyTrip - Flights & Hotels,com.makemytrip,Travel,c262bd56-2a8e-47db-b739-ec6bd207feec,Arbind Sharma,1,,"very poor service, i entered right credentials id password, but always message popup is wrong credentials, very bad experience 👎👎👎👎👎👎👎👎👎👎👎👎👎👎 Solve it otherwise i will not us3 or even recommend anyone",0,11.6.2,2026-07-22T18:59:13,"Hi, we regret any inconvenience caused. However, we would love to investigate the matter and resolve it for you. Please share your travel booking experience with us and let our team take care of this. You can reach out to us at https://app.mmyt.co/Xm2V/jzipj8sj",2026-07-23T11:06:51
MakeMyTrip - Flights & Hotels,com.makemytrip,Travel,c7326712-0843-4f8d-b10f-cf35895b116a,vishvaraj chauhan,1,,worst application for travelling or any kind of Booking,0,,2026-07-22T18:27:54,"Hi, we regret any inconvenience caused. However, we would love to investigate the matter and resolve it for you. Please share your travel booking experience with us and let our team take care of this. You can reach out to us at https://app.mmyt.co/Xm2V/im9a3vo1",2026-07-23T10:51:47
MakeMyTrip - Flights & Hotels,com.makemytrip,Travel,d7f17a73-1abc-41bf-a584-e6a2fb1f862d,Gavin Raj A,4,,can upgrade the bugs which makes the app lagging,1,,2026-07-22T17:51:14,"We appreciate feedback from our customers and any suggestions on how we can improve.
",2026-07-22T17:53:58
MakeMyTrip - Flights & Hotels,com.makemytrip,Travel,faf06f59-be23-4646-ae58-9df5eee864a1,Shantiratna Thorat,5,,awesome I am joined from 2016,0,,2026-07-22T17:36:14,"We appreciate feedback from our customers and any suggestions on how we can improve.
",2026-07-22T17:38:06
MakeMyTrip - Flights & Hotels,com.makemytrip,Travel,cd58f8e9-64f2-46b4-9890-e967db1b213e,Raman Deep,1,,where is my refund kaya ghatiya service hai jab bhi bus ki booking kro cancl ho jati hai mera refund nhi aata es var bhi customer support ka koi no kaam nai krta kaya service hai bnde ko emergecy ho pase dubara na ho tum logo ka baap bhrega,0,11.6.2,2026-07-22T17:25:35,"Hi, we regret any inconvenience caused. However, we would love to investigate the matter and resolve it for you. Please share your Bus booking experience with us and let our team take care of this. You can reach out to us at https://app.mmyt.co/Xm2V/jupbhlp5",2026-07-22T18:00:23
MakeMyTrip - Flights & Hotels,com.makemytrip,Travel,37356ff1-8209-4fdc-b896-7df4e4d53c67,Mallikarjun K,1,,Worst experience ever! Customer support is almost impossible to reach when you need help. This has been extremely frustrating and disappointing. I would not recommend buying or booking anything through this app until they improve their customer service. Still my 6000 not received,0,11.6.1,2026-07-22T17:15:21,"Hi, we regret any inconvenience caused. However, we would love to investigate the matter and resolve it for you. Please share your travel booking experience with us and let our team take care of this. You can reach out to us at https://app.mmyt.co/Xm2V/j6aeeiu6",2026-07-22T18:01:19
MakeMyTrip - Flights & Hotels,com.makemytrip,Travel,c7eabc40-998b-47d0-a4af-a2890b7fd3fd,THE VIVEK UNIYAL,4,,very nice my first booking love the process,0,11.6.2,2026-07-22T16:59:28,We always enjoy hearing our customer’s valuable feedback and suggestions.,2026-07-22T17:05:01
MakeMyTrip - Flights & Hotels,com.makemytrip,Travel,a0e9cd76-9d39-4932-a32a-e5792b11e0f0,Adarsh Kumar,1,,Most pathetic app and company,0,11.6.2,2026-07-22T16:31:50,"Hi, we regret any inconvenience caused. However, we would love to investigate the matter and resolve it for you. Please share your travel booking experience with us and let our team take care of this. You can reach out to us at https://app.mmyt.co/Xm2V/0mo0wiwi",2026-07-22T17:01:01
MakeMyTrip - Flights & Hotels,com.makemytrip,Travel,2fdce4fc-1a61-40eb-8655-087d5249fe99,vivek v,5,,no support when called at times of need,0,11.6.2,2026-07-22T15:23:26,"We appreciate feedback from our customers and any suggestions on how we can improve.
",2026-07-22T15:27:36
MakeMyTrip - Flights & Hotels,com.makemytrip,Travel,83edd202-c617-4d7b-a39b-b054d89f517b,Subri Subramanya,5,,Exellent,0,11.6.2,2026-07-22T15:05:28,We always enjoy hearing our customer’s valuable feedback and suggestions.,2026-07-22T15:11:11
MakeMyTrip - Flights & Hotels,com.makemytrip,Travel,153affce-6376-404c-b745-f0fcb1159dc0,varun,5,,Fast and secure transactions with easy interface. I book hotels villas hostels frequently through this application. prices also very low as compare to the other travel and holiday applications available in india.,0,,2026-07-22T15:04:35,Thanks for your continued support! Your confidence in us is truly valued.,2026-07-22T15:11:12
MakeMyTrip - Flights & Hotels,com.makemytrip,Travel,20ae1589-0001-4762-84db-7249775dfac8,Bakak Shark,5,,nice,0,,2026-07-22T14:52:53,"We appreciate feedback from our customers and any suggestions on how we can improve.
",2026-07-22T14:54:58
MakeMyTrip - Flights & Hotels,com.makemytrip,Travel,b5df1549-6a7f-46f2-830c-0b02670c7aa1,Aniket bhagat,5,,"One of the best things about GK Bus Service is that it provides clean washroom facilities, the staff is incredibly polite and helpful, and the driver delivers an exceptionally smooth and comfortable ride. This was my first experience traveling with them, and I always thought sleeper-class buses were good—but I never imagined they could be this good. I truly experienced the difference with GK Bus Service. Keep up the excellent service and keep spreading happiness. lot's of love 💕",0,11.6.2,2026-07-22T13:54:12,Thanks for your continued support! Your confidence in us is truly valued.,2026-07-22T14:06:27
MakeMyTrip - Flights & Hotels,com.makemytrip,Travel,ca6f294c-6bcc-478e-bf17-a50896a2d6e0,Denisse Atacho,1,,"Horrible experience, bought tickets and flight got canceled, terrible customer support, always ai answers, important to reach a human to talk, refund was supposed to be back maximum 10 days after and took more than a month for it. extremely disappointing and terrifying experience, I thought i was scammed for the cero communication, thanks God no but still. terrible!!!! never recommend it to no one.",0,,2026-07-22T13:10:00,"Hi, we regret any inconvenience caused. However, we would love to investigate the matter and resolve it for you. Please share your Flight booking experience with us and let our team take care of this. You can reach out to us at https://app.mmyt.co/Xm2V/i1t4hqup",2026-07-22T14:51:00
MakeMyTrip - Flights & Hotels,com.makemytrip,Travel,ada2e77e-7ccd-40cf-b57b-96dbaaec448d,javed akhtar,1,,"no customer support available, if you haven't done any booking",0,,2026-07-22T12:39:57,"Hi, we regret any inconvenience caused. However, we would love to investigate the matter and resolve it for you. Please share your travel booking experience with us and let our team take care of this. You can reach out to us at https://app.mmyt.co/Xm2V/f8s9g71o",2026-07-22T14:52:08
MakeMyTrip - Flights & Hotels,com.makemytrip,Travel,17a308cd-ec2b-4ca8-96b6-a3dcc32d73ef,manish agrawal,5,,Great .....,0,11.6.2,2026-07-22T12:02:58,We always enjoy hearing our customer’s valuable feedback and suggestions.,2026-07-22T12:04:46
MakeMyTrip - Flights & Hotels,com.makemytrip,Travel,805d0a02-8d38-4212-88bb-97d788da4186,parth dani,1,,worst experience with customer support. If you face any grievances with the booking or the invoice there is no way you can reach out to them. they will not reply to your email or when you call on their customer care number they will just disconnect the call update: Link shared with me doesn't work. Provided details through email and on social platforms but no response. MMT is Scam. don't do booking through them,0,11.6.2,2026-07-22T11:42:22,"Hi, we regret any inconvenience caused. However, we would love to investigate the matter and resolve it for you. Please share your travel booking experience with us and let our team take care of this. You can reach out to us at https://app.mmyt.co/Xm2V/2w4nugkm",2026-07-22T14:51:31
MakeMyTrip - Flights & Hotels,com.makemytrip,Travel,53ef9d54-8787-4e2a-bfa3-2a7425d4cd17,Srinivas LELLA,1,,worst customer support,0,11.6.2,2026-07-22T11:37:47,"Hi, we regret any inconvenience caused. However, we would love to investigate the matter and resolve it for you. Please share your travel booking experience with us and let our team take care of this. You can reach out to us at https://app.mmyt.co/Xm2V/52igq9d2",2026-07-22T12:11:50
MakeMyTrip - Flights & Hotels,com.makemytrip,Travel,8ec03365-6afc-4cdf-b784-228f68f96717,Chetaan S Gundecha,5,,Nice,0,11.6.2,2026-07-22T11:12:50,"Hearing such a positive feedback from our customer, makes our day.",2026-07-22T11:15:52
MakeMyTrip - Flights & Hotels,com.makemytrip,Travel,31093f90-e9c1-4d93-ad25-0db77a659082,kabillan S G,5,,Good,0,11.6.2,2026-07-22T11:11:47,"We appreciate feedback from our customers and any suggestions on how we can improve.
",2026-07-22T11:15:54
MakeMyTrip - Flights & Hotels,com.makemytrip,Travel,b9af2d2c-353c-4ca7-b0ec-739e61206874,Narendra Wakodikar,5,,Good Services and Experience,0,,2026-07-22T10:53:13,We always enjoy hearing our customer’s valuable feedback and suggestions.,2026-07-22T10:59:34
MakeMyTrip - Flights & Hotels,com.makemytrip,Travel,e706fc6b-b680-4141-96ba-a0ca7ae7af79,Shareefurahman Naanisanu,5,,I booked a homestay through the MakeMyTrip app.. it was nice..,0,11.6.2,2026-07-22T10:27:37,"Hearing such a positive feedback from our customer, makes our day.",2026-07-22T10:43:19
MakeMyTrip - Flights & Hotels,com.makemytrip,Travel,7ed39020-c74b-463d-a4bc-be5bac19234b,Cosmic Ocean,4,,Good experience! Prices are very appealing,0,11.6.2,2026-07-22T09:15:47,Thanks for your continued support! Your confidence in us is truly valued.,2026-07-22T09:22:33
MakeMyTrip - Flights & Hotels,com.makemytrip,Travel,50a78a0f-2011-42e4-93ed-1aa678a88839,Binil Chacko,1,,"Didnt get my refund yet after trip cancellation and I only realized that there is no ""contact us"" section in the app to raise a complaint. The date for refund processing keeps changing every day.",0,,2026-07-22T08:30:04,"Hi, we regret any inconvenience caused. However, we would love to investigate the matter and resolve it for you. Please share your travel booking experience with us and let our team take care of this. You can reach out to us at https://app.mmyt.co/Xm2V/1gqnhry6",2026-07-22T11:43:18
MakeMyTrip - Flights & Hotels,com.makemytrip,Travel,6e50baf7-aea0-460d-8124-3014459e8691,Mukesh Yerol,2,,"The air line ticket cancelled amount not credited back to the wallets as agreeded. Poor service, no costumer care platform showing in the portal to contact for raise the ticket.",0,11.6.2,2026-07-22T08:28:00,We are sorry for any inconvenience caused during your flight ticket booking. Our dedicated team will look into the matter right away. Please share your grievance details at https://app.mmyt.co/Xm2V/hfpo3vt3 we can understand the nature of the issue and resolve it for you. We are always at your service.,2026-07-22T11:40:47
MakeMyTrip - Flights & Hotels,com.makemytrip,Travel,bd0bc418-fc76-44f3-a6a5-319670f57570,Shyam Sunil,3,,Resolution by customer service is not satisfactory,0,11.6.2,2026-07-22T04:16:53,"Hi, we regret any inconvenience caused. However, we would love to investigate the matter and resolve it for you. Please share your travel booking experience with us and let our team take care of this. You can reach out to us at https://app.mmyt.co/Xm2V/45jbicvh",2026-07-22T11:39:21
MakeMyTrip - Flights & Hotels,com.makemytrip,Travel,ef4fc10a-1b96-4c9e-80aa-712163b74130,manoj shah,5,,super easy,0,11.6.2,2026-07-21T23:00:47,"Hearing such a positive feedback from our customer, makes our day.",2026-07-21T23:04:42
MakeMyTrip - Flights & Hotels,com.makemytrip,Travel,ed0873ad-baca-4bfc-abf4-59bce070db1c,Susmita Rauta,1,,"terrible experience, booked a train ticket from Hyderabad to pune with extra money for a confirmed ticket.The train got cancelled and that time continued messages came like- Please DO NOT cancel your ticket if your train stands cancelled.We will automatically initiate a refund once we get the same from IRCTC. I didn't get refund that extra money to confirm the ticket that i paid 173/-.Total ticket price 648/- and got 419/- only.The customer support team is saying this is not our policy to refund",0,11.6.2,2026-07-21T21:37:36,"We are sorry for not living up to your expectations. However, we promise to enhance your train booking experiences. Please share your grievance details at https://app.mmyt.co/Xm2V/b0s4vxfu Our concerned team will look into it.",2026-07-22T11:27:57
MakeMyTrip - Flights & Hotels,com.makemytrip,Travel,1d76b2b1-9dff-4fdd-adac-1485d2be00be,Neetika Agarwal,1,,Fraud company. I booked tickets for 4...confirm option taken..paid extra for that option...and they confirmed just 1 ticket. Now they want 1 to travel and other 3 not to travel..!! and they confirmed after chart preparation so that I cannot even claim a refund of waitlisted tickets..!! Total waste of money and time. So cunning these people are.! Customer support is pathetic.No option to speak to a customer support.,0,,2026-07-21T21:19:01,"Hi, we regret any inconvenience caused. However, we would love to investigate the matter and resolve it for you. Please share your travel booking experience with us and let our team take care of this. You can reach out to us at https://app.mmyt.co/Xm2V/ok6anicn",2026-07-22T11:26:57
MakeMyTrip - Flights & Hotels,com.makemytrip,Travel,69193a04-e10e-4522-9bc9-e33f0ec61db2,Bhargav Chaudhary,1,,"Subject: Urgent – Pending 7% Discount Coupon Dear MakeMyTrip Team, I am writing to follow up regarding the 7% discount coupon that was promised after the successful submission and verification of my review and images. According to your WhatsApp message, the coupon was to be sent within 3 working days. However, it has now been more than one month, and I have not received it. This delay is disappointing, as I relied on your commitment. so I give u nagative rating till my discount coupon nt recieve",0,11.6.2,2026-07-21T21:08:07,"Hi, we regret any inconvenience caused. However, we would love to investigate the matter and resolve it for you. Please share your travel booking experience with us and let our team take care of this. You can reach out to us at https://app.mmyt.co/Xm2V/tcqqlnjt",2026-07-22T11:30:10
MakeMyTrip - Flights & Hotels,com.makemytrip,Travel,2658f8d0-6bac-4199-b8a0-eae5cc996c4d,Pramod kumar.s,1,,Am not able to use Pay later. Showing unexpected error,0,11.6.2,2026-07-21T20:52:17,"Hi, we regret any inconvenience caused. However, we would love to investigate the matter and resolve it for you. Please share your travel booking experience with us and let our team take care of this. You can reach out to us at https://app.mmyt.co/Xm2V/8ylb6umi",2026-07-22T11:26:27
MakeMyTrip - Flights & Hotels,com.makemytrip,Travel,b484bdae-3ea6-4824-bb91-7975aea45048,Mrinaal Goyal,1,,myra search is pathetic,0,11.7.0,2026-07-21T19:56:38,"Hi, we regret any inconvenience caused. However, we would love to investigate the matter and resolve it for you. Please share your travel booking experience with us and let our team take care of this. You can reach out to us at https://app.mmyt.co/Xm2V/1i7wrqlr",2026-07-22T11:26:05
MakeMyTrip - Flights & Hotels,com.makemytrip,Travel,cfb8162d-713d-49dc-8916-9781cbf1cd32,Prasad Kandar,5,,good,0,11.6.2,2026-07-21T17:32:09,Thanks for your continued support! Your confidence in us is truly valued.,2026-07-21T17:36:05
MakeMyTrip - Flights & Hotels,com.makemytrip,Travel,9b5ac77d-1ddd-4f67-8fa0-e8657cd9d750,lokesh kumar,4,,good,0,11.6.2,2026-07-21T15:09:17,Thanks for your continued support! Your confidence in us is truly valued.,2026-07-21T15:09:52
MakeMyTrip - Flights & Hotels,com.makemytrip,Travel,ff140e52-c5cf-48a4-a97b-68e5f4d838d4,Lalthanzuala Ralte,4,,very good,0,11.6.2,2026-07-21T14:54:36,We always enjoy hearing our customer’s valuable feedback and suggestions.,2026-07-21T15:09:52
MakeMyTrip - Flights & Hotels,com.makemytrip,Travel,d5d7222c-00df-4dd5-a8a8-ca1291683e8f,gangaraju Jartha,5,,very good lodge,0,11.6.2,2026-07-21T14:17:34,We always enjoy hearing our customer’s valuable feedback and suggestions.,2026-07-21T14:21:08
MakeMyTrip - Flights & Hotels,com.makemytrip,Travel,1cfac619-c480-4cda-bd2e-9098667d7498,amit bhasita,5,,nice,0,11.6.2,2026-07-21T14:02:29,Thanks for your continued support! Your confidence in us is truly valued.,2026-07-21T14:05:00
MakeMyTrip - Flights & Hotels,com.makemytrip,Travel,c37676d0-9f12-44a2-971c-5b778524c398,Bhushan Sahu,1,,mc app fake response don't use app,0,,2026-07-21T14:01:27,"Hi, we regret any inconvenience caused. However, we would love to investigate the matter and resolve it for you. Please share your travel booking experience with us and let our team take care of this. You can reach out to us at https://app.mmyt.co/Xm2V/wo2pazbh",2026-07-21T14:37:46
MakeMyTrip - Flights & Hotels,com.makemytrip,Travel,0ef2510a-bb17-4538-b64b-daae856a007f,Aloha Kinderworld (A Montessori Play-School.),5,,good,0,11.6.2,2026-07-21T13:47:42,We always enjoy hearing our customer’s valuable feedback and suggestions.,2026-07-21T13:48:38
MakeMyTrip - Flights & Hotels,com.makemytrip,Travel,29cebf06-79d7-4a05-b43d-742c56600745,Pardeep Singh,1,,Booking a train with MakeMyTrip is my bad decision. Nerve use this application for train booking! after cancelled your ticket you will got nothing from this application. MakeMyTrip is only work for money!,1,11.6.1,2026-07-21T13:13:24,"Hi, we regret any inconvenience caused. However, we would love to investigate the matter and resolve it for you. Please share your Train booking experience with us and let our team take care of this. You can reach out to us at https://app.mmyt.co/Xm2V/lh4pao29",2026-07-21T14:36:10
MakeMyTrip - Flights & Hotels,com.makemytrip,Travel,dcddb96d-01f0-4ab1-8260-e7ccd39785f1,Rajesh Tiwari,4,,good and easy to book.,0,11.6.2,2026-07-21T13:08:52,"We appreciate feedback from our customers and any suggestions on how we can improve.
",2026-07-21T13:16:09
MakeMyTrip - Flights & Hotels,com.makemytrip,Travel,e4d0ebaf-00d5-40e6-8b92-d3dd23d24fb0,Srinu Star,5,,very good,0,,2026-07-21T12:55:34,"We appreciate feedback from our customers and any suggestions on how we can improve.
",2026-07-21T13:00:02
MakeMyTrip - Flights & Hotels,com.makemytrip,Travel,8236615c-3810-4cbb-8979-ed805a13cd6a,Raj Shrama,5,,ok,0,11.6.2,2026-07-21T12:41:26,"Hearing such a positive feedback from our customer, makes our day.",2026-07-21T12:44:23
MakeMyTrip - Flights & Hotels,com.makemytrip,Travel,7cbe3ddc-d059-4f1a-a08f-8eaec1a2dd4b,LAKSHAY SHARMA,1,,"Your offers are nothing more than a marketing gimmick. They provide no real value because the flight fares mysteriously increase during the booking process, completely wiping out any so-called discount. I have never experienced a single instance where the ticket price actually decreased while booking. Instead, the price always goes up, making your offers misleading and disappointing. If this is how your promotions work, they're not offers at all—they're simply a way to mislead customers.",2,11.6.2,2026-07-21T12:41:13,"Hi, we regret any inconvenience caused. However, we would love to investigate the matter and resolve it for you. Please share your travel booking experience with us and let our team take care of this. You can reach out to us at https://app.mmyt.co/Xm2V/8qbr4zc1",2026-07-21T14:32:52
MakeMyTrip - Flights & Hotels,com.makemytrip,Travel,8e039469-0fac-447d-a087-8aa495abe1e6,venkatesh venky,1,,no customer support from application from uae app my trip booking not reflecting in the after region change I want to add the shuttle service but there no contact also not getting for the uae number in india.customer care is asking the otp without that no option to contact very stressful since I am long relationship customer,0,11.6.2,2026-07-21T12:29:11,"Hi, we regret any inconvenience caused. However, we would love to investigate the matter and resolve it for you. Please share your travel booking experience with us and let our team take care of this. You can reach out to us at https://app.mmyt.co/Xm2V/9rq49ndg",2026-07-21T14:34:00
MakeMyTrip - Flights & Hotels,com.makemytrip,Travel,7c1e2d62-0b41-429e-a2e2-f4c24c3c8f5e,SHIV KUMAR,5,,good 😊,0,11.6.2,2026-07-21T11:55:01,We always enjoy hearing our customer’s valuable feedback and suggestions.,2026-07-21T12:11:10
MakeMyTrip - Flights & Hotels,com.makemytrip,Travel,add17f45-ef86-4765-8ffa-ada144c766cb,Obaid ٤١٤,1,,Very bad experience. Please don't trust this app. They completely ruined my trip. I had a very bad personal experience and would not recommend using it.,0,11.7.0,2026-07-21T11:50:02,"Hi, we regret any inconvenience caused. However, we would love to investigate the matter and resolve it for you. Please share your travel booking experience with us and let our team take care of this. You can reach out to us at https://app.mmyt.co/Xm2V/02lxgrsm",2026-07-21T12:19:04
MakeMyTrip - Flights & Hotels,com.makemytrip,Travel,4d1c8692-dcfe-4439-9ded-3e56144c9887,Akbar Khan,5,,best location and hospitality nice area and Good property I highly recommend this just visit once,0,,2026-07-21T10:29:27,"Hearing such a positive feedback from our customer, makes our day.",2026-07-21T10:33:40
MakeMyTrip - Flights & Hotels,com.makemytrip,Travel,54b7b8c1-de59-460f-9ce6-285d4baccc88,Arbaz Bhayla,1,,Very disappointing experience.,0,10.8.2,2026-07-21T09:53:48,"Hi, we regret any inconvenience caused. However, we would love to investigate the matter and resolve it for you. Please share your travel booking experience with us and let our team take care of this. You can reach out to us at https://app.mmyt.co/Xm2V/coukglkg",2026-07-21T10:58:18
MakeMyTrip - Flights & Hotels,com.makemytrip,Travel,8d009d85-65b0-4239-a8db-7df7af1ad9a2,Paramita Banerjee,1,,worthless service,0,11.6.2,2026-07-21T09:23:25,"Hi, we regret any inconvenience caused. However, we would love to investigate the matter and resolve it for you. Please share your travel booking experience with us and let our team take care of this. You can reach out to us at https://app.mmyt.co/Xm2V/5mq0t854",2026-07-21T10:37:34
MakeMyTrip - Flights & Hotels,com.makemytrip,Travel,f6b97111-612f-4e4d-bf66-167d73fd296e,ANAND P,5,,Good App,0,11.6.2,2026-07-21T09:08:11,We always enjoy hearing our customer’s valuable feedback and suggestions.,2026-07-21T09:12:26
MakeMyTrip - Flights & Hotels,com.makemytrip,Travel,28c80548-202d-4d0b-9e9f-4f3fa78091ed,SUDHANSU KUMAR,4,,superb,0,11.6.2,2026-07-21T08:17:08,We always enjoy hearing our customer’s valuable feedback and suggestions.,2026-07-21T08:23:43
MakeMyTrip - Flights & Hotels,com.makemytrip,Travel,1beeecc1-71ef-40f6-9cb0-a3a2e8605c81,Shashi Shekhar,5,,good response from the team Make my Trip,0,11.6.2,2026-07-21T08:09:32,We always enjoy hearing our customer’s valuable feedback and suggestions.,2026-07-21T08:23:44
MakeMyTrip - Flights & Hotels,com.makemytrip,Travel,88ed22d3-abc4-42b7-a7f4-3e28036ef1b8,ashwani sharma,5,,very good,0,11.6.2,2026-07-21T07:08:38,We always enjoy hearing our customer’s valuable feedback and suggestions.,2026-07-21T07:19:00
MakeMyTrip - Flights & Hotels,com.makemytrip,Travel,d568b9e0-7b5e-40b5-a763-7272d8ccd8eb,Gaurav Kumar,1,,not able to use 3X refund,0,,2026-07-21T04:54:46,"Hi, we regret any inconvenience caused. However, we would love to investigate the matter and resolve it for you. Please share your travel booking experience with us and let our team take care of this. You can reach out to us at https://app.mmyt.co/Xm2V/4mr86ekf",2026-07-21T10:31:28
MakeMyTrip - Flights & Hotels,com.makemytrip,Travel,66cca154-4b99-4ee5-9653-533f8146f1f8,Ib K,5,,Best And Simple,0,11.6.2,2026-07-21T03:06:55,We always enjoy hearing our customer’s valuable feedback and suggestions.,2026-07-21T03:15:06
MakeMyTrip - Flights & Hotels,com.makemytrip,Travel,60ba5112-793e-42b7-af3e-e4ffd70ee254,H I M A N S H U,1,,"I booked a room through the MakeMyTrip app and paid the full amount 3735. However, when we arrived at the hotel on the scheduled date, they told us there was no booking. The same thing happened to a friend of mine earlier, and now it has happened to me. No one should book rooms or tickets through this platform; it is a complete scam.",0,11.6.2,2026-07-21T00:06:35,"Hi, we regret any inconvenience caused. However, we would love to investigate the matter and resolve it for you. Please share your travel booking experience with us and let our team take care of this. You can reach out to us at https://app.mmyt.co/Xm2V/iu39vffs",2026-07-21T10:28:38
MakeMyTrip - Flights & Hotels,com.makemytrip,Travel,58e96f96-c114-4124-80f1-e1c314b787d6,nimit jain,1,,Do not book a train ticket there is no way to talk to the support team,0,11.6.2,2026-07-20T23:36:36,"Hi, we regret any inconvenience caused. However, we would love to investigate the matter and resolve it for you. Please share your Train booking experience with us and let our team take care of this. You can reach out to us at https://app.mmyt.co/Xm2V/9zotadvw",2026-07-21T10:28:04
MakeMyTrip - Flights & Hotels,com.makemytrip,Travel,c8b813ff-26ca-4fff-b640-c320fbf031c1,Rashi Kumar,1,,useless and very slow app working in 5g era. worthless dude . kachra h tymara app . itna slow koi app nhi dekhe h . chiiiii,0,,2026-07-20T22:46:09,"Hi, we regret any inconvenience caused. However, we would love to investigate the matter and resolve it for you. Please share your travel booking experience with us and let our team take care of this. You can reach out to us at https://app.mmyt.co/Xm2V/hliua44p",2026-07-21T10:29:01
MakeMyTrip - Flights & Hotels,com.makemytrip,Travel,8c1cc095-7ce3-4c36-80fc-6ed909f5f7bb,anup boro,1,,"i have seen a video of 200 follwers, and seen that how you guys have ***cd him,, so uninstalling from my device, after taking insurance u mf have paid 0 to him.",0,11.6.2,2026-07-20T22:22:07,"Hi, we regret any inconvenience caused. However, we would love to investigate the matter and resolve it for you. Please share your travel booking experience with us and let our team take care of this. You can reach out to us at https://app.mmyt.co/Xm2V/2ynpnu9z",2026-07-21T10:27:34
MakeMyTrip - Flights & Hotels,com.makemytrip,Travel,56c0598a-c266-44f2-96ab-88a6b65b2c41,Armendra Kumar Tiwari,5,,Excellent Service,0,11.6.2,2026-07-20T22:03:14,"We appreciate feedback from our customers and any suggestions on how we can improve.
",2026-07-20T22:06:28
MakeMyTrip - Flights & Hotels,com.makemytrip,Travel,1b67ecec-7781-4018-a508-59e2966448f4,ganesh suryavanshi,5,,good 👍🏻,0,11.6.2,2026-07-20T21:59:12,"We appreciate feedback from our customers and any suggestions on how we can improve.
",2026-07-20T22:06:29
MakeMyTrip - Flights & Hotels,com.makemytrip,Travel,fea654ca-1cc4-45b2-ba1d-794ac5b44668,sharatraj desai,3,,struggling,0,11.6.2,2026-07-20T21:52:06,"Hi, we regret any inconvenience caused. However, we would love to investigate the matter and resolve it for you. Please share your travel booking experience with us and let our team take care of this. You can reach out to us at https://app.mmyt.co/Xm2V/6tdocg98",2026-07-21T10:26:24
MakeMyTrip - Flights & Hotels,com.makemytrip,Travel,c2a46755-0107-49a9-aa60-10b7a1e92eef,Krishnkant Kumar,4,,Good,0,11.6.2,2026-07-20T21:36:35,Thanks for your continued support! Your confidence in us is truly valued.,2026-07-20T21:50:09
MakeMyTrip - Flights & Hotels,com.makemytrip,Travel,951db29a-2d64-4a7b-8760-528c3b8af7a4,Kishan Birupura,5,,very good,0,11.6.2,2026-07-20T21:23:25,We always enjoy hearing our customer’s valuable feedback and suggestions.,2026-07-20T21:33:56
MakeMyTrip - Flights & Hotels,com.makemytrip,Travel,61986bd9-5891-4c0b-a610-872083aee24a,G NarayanaMoorthi,1,,worst. Link worst travels bus ( krish travels - very worst ever I seen in travelling),0,11.6.2,2026-07-20T21:13:00,"Hi, we regret any inconvenience caused. However, we would love to investigate the matter and resolve it for you. Please share your Bus booking experience with us and let our team take care of this. You can reach out to us at https://app.mmyt.co/Xm2V/8owghmec",2026-07-21T10:25:51
MakeMyTrip - Flights & Hotels,com.makemytrip,Travel,25cd8c55-ff88-4dc8-b0b3-878014dccd0a,COSTLY BISCUITS,1,,"Don't Use This App Worst App and Worst Experience Because i Booked 6 tickets for Family But Given 3seats Rac Buy I paid extra For Trip guarantee,If called customer care they received after 2 hours my they we have mentioned in terms and conditions they should Mention in main page right if Rac means we didn't refund ur money,they Mentioned in main page ,if Ticket not confirmed we refund 3x Money they will 💯 not cancel ur because they should refund 3x right that y they will give we should share 1",0,11.6.2,2026-07-20T21:09:12,"Hi, we regret any inconvenience caused. However, we would love to investigate the matter and resolve it for you. Please share your travel booking experience with us and let our team take care of this. You can reach out to us at https://app.mmyt.co/Xm2V/bij60d4f",2026-07-21T10:26:58
MakeMyTrip - Flights & Hotels,com.makemytrip,Travel,0c53c31d-13ba-4fe6-b1a1-a559dab87a3b,INDRANIL BHOWMICK,5,,great experience,0,,2026-07-20T20:15:04,We always enjoy hearing our customer’s valuable feedback and suggestions.,2026-07-20T20:28:56
MakeMyTrip - Flights & Hotels,com.makemytrip,Travel,3bbe302f-eaa9-487c-aafd-1e300e3a7c0f,vishwanath anantharaman,5,,MMT airport cab service is very good. The vehicle came on time. The driver was well dressed. Driving was safe and on time to reach the destination.,0,11.6.2,2026-07-20T18:37:37,"We appreciate feedback from our customers and any suggestions on how we can improve.
",2026-07-20T18:43:52
MakeMyTrip - Flights & Hotels,com.makemytrip,Travel,4d4fc4dd-e324-45be-a377-9fcb5c671a07,Gursheen Barsiwal,5,,Always helpful,0,11.5.2,2026-07-20T18:28:25,We always enjoy hearing our customer’s valuable feedback and suggestions.,2026-07-20T18:43:51
MakeMyTrip - Flights & Hotels,com.makemytrip,Travel,8d46fdc4-c807-4c19-904e-3f9ce9ede677,Balaji Selvanathan,5,,good app,0,11.6.2,2026-07-20T17:50:35,"We appreciate feedback from our customers and any suggestions on how we can improve.
",2026-07-20T17:55:06
MakeMyTrip - Flights & Hotels,com.makemytrip,Travel,73c0cbf0-77bd-4a23-88b7-4fde35572cbe,Naveen Rangasamy,5,,Ease of use and offers are visible while booking the ticket unlike Redbus despite being the same Company,0,11.6.2,2026-07-20T17:36:01,"Hearing such a positive feedback from our customer, makes our day.",2026-07-20T17:38:53
MakeMyTrip - Flights & Hotels,com.makemytrip,Travel,3a7b53fd-b248-4aed-bd68-a55e5780ca76,MD Ammar,1,,"Extremely poor experience with MakeMyTrip. My SpiceJet flight was cancelled, but I never received any SMS,call from MakeMyTrip. I reached Patna Airport only to find that the flight had already been cancelled. SpiceJet informed me that the flight was cancelled around 10 days earlier and that the refund should be processed through MakeMyTrip because the booking was made with them. However, MakeMyTrip is claiming that no refund is applicable and has still not provided any resolution.Date 20 july26",0,,2026-07-20T17:03:29,"Hi, we regret any inconvenience caused. However, we would love to investigate the matter and resolve it for you. Please share your Flight booking experience with us and let our team take care of this. You can reach out to us at https://app.mmyt.co/Xm2V/menxjla9",2026-07-21T10:23:06
MakeMyTrip - Flights & Hotels,com.makemytrip,Travel,1ef2e319-1a58-433b-96ef-2ef498c5ff2f,Manish Prajapat,5,,good app for flight booking,0,,2026-07-20T17:03:27,Thanks for your continued support! Your confidence in us is truly valued.,2026-07-20T17:06:49
MakeMyTrip - Flights & Hotels,com.makemytrip,Travel,0c7c4502-64a2-41df-be0c-fd2b15207634,KISHORE NISHANT,1,,fraud fraud fraud,0,11.6.2,2026-07-20T16:50:24,"Hi, we regret any inconvenience caused. However, we would love to investigate the matter and resolve it for you. Please share your travel booking experience with us and let our team take care of this. You can reach out to us at https://app.mmyt.co/Xm2V/nhs4u5x1",2026-07-21T10:22:39
MakeMyTrip - Flights & Hotels,com.makemytrip,Travel,53258380-ec9e-4835-96c1-104be243ec95,Dalbir Singh,1,,w a re t t a e u t a d e f et r reader,0,11.6.2,2026-07-20T16:50:04,,
MakeMyTrip - Flights & Hotels,com.makemytrip,Travel,43e890a1-dc59-4153-b148-dbae7f60ffaa,Sarat chandra Sharma,5,,fantastic travellers app all in one,0,,2026-07-20T16:34:09,Thanks for your continued support! Your confidence in us is truly valued.,2026-07-20T16:50:07
MakeMyTrip - Flights & Hotels,com.makemytrip,Travel,f208d3c5-4e7b-42ff-8e9d-4fb9126ec789,Ajit K,1,,very pathetic service from MakeMyTrip. Customer care are mostly lying with you.,0,11.6.2,2026-07-20T16:19:38,"Hi, we regret any inconvenience caused. However, we would love to investigate the matter and resolve it for you. Please share your travel booking experience with us and let our team take care of this. You can reach out to us at https://app.mmyt.co/Xm2V/1io9zwvx",2026-07-20T16:45:27
MakeMyTrip - Flights & Hotels,com.makemytrip,Travel,2daa2545-0596-48d9-92b7-08dfd1e09c96,Preethi Naveen Reddy,5,,very good,0,11.6.2,2026-07-20T16:04:40,"We appreciate feedback from our customers and any suggestions on how we can improve.
",2026-07-20T16:20:37
MakeMyTrip - Flights & Hotels,com.makemytrip,Travel,6ee928d8-b326-4639-be1d-babf0d977245,DHARMENDRA SAINI,5,,👍,0,11.4.2,2026-07-20T15:14:04,"Hearing such a positive feedback from our customer, makes our day.",2026-07-20T15:15:26
MakeMyTrip - Flights & Hotels,com.makemytrip,Travel,d5cdb7f7-d2c4-4389-b3a0-07dd18bd0972,manish shripal,5,,good,0,11.6.2,2026-07-20T15:10:06,Thanks for your continued support! Your confidence in us is truly valued.,2026-07-20T15:15:26
MakeMyTrip - Flights & Hotels,com.makemytrip,Travel,6ab4e2f1-b93d-472f-a6a1-38053d193485,Krishnaprasad,1,,"Booked a bus from Chennai to Aluva through MakeMyTrip. At the pickup point, the operator informed me the bus was cancelled due to a technical issue and assured me of a refund. Since I had to travel the same day, I booked another bus with my own money. Later, they called saying another bus was available, but I had already boarded the new one. Despite multiple refund requests, they keep rejecting my claim without any proper explanation or customer support. Very disappointing experience.",0,11.6.2,2026-07-20T13:36:25,"Hi, we regret any inconvenience caused. However, we would love to investigate the matter and resolve it for you. Please share your Bus booking experience with us and let our team take care of this. You can reach out to us at https://app.mmyt.co/Xm2V/i1fphi00",2026-07-20T15:31:16
MakeMyTrip - Flights & Hotels,com.makemytrip,Travel,46e7b4f1-04a0-4d08-a81f-75c870f68cec,abhishek mishra,1,,fraud company I buy a gift card from snapmint but cououn together not working almost I paid 800 extra for booking,0,11.6.2,2026-07-20T12:41:37,"Hi, we regret any inconvenience caused. However, we would love to investigate the matter and resolve it for you. Please share your travel booking experience with us and let our team take care of this. You can reach out to us at https://app.mmyt.co/Xm2V/et6kkbv0",2026-07-20T15:30:37
MakeMyTrip - Flights & Hotels,com.makemytrip,Travel,d22ed6e2-2f6d-47b1-82fa-b3997013a62f,jyoti singh,5,,nice app,1,11.6.2,2026-07-20T12:04:48,We always enjoy hearing our customer’s valuable feedback and suggestions.,2026-07-20T12:16:45
MakeMyTrip - Flights & Hotels,com.makemytrip,Travel,2d08e109-f2d2-4f48-a639-ba09e4e6a6cf,Anirudh Anoop,5,,good,0,11.6.2,2026-07-20T11:26:32,"We appreciate feedback from our customers and any suggestions on how we can improve.
",2026-07-20T11:28:01
MakeMyTrip - Flights & Hotels,com.makemytrip,Travel,c46824b3-93ac-410b-b85a-431eb63b48ae,j. mollick,5,,did you very slowly in this apps,0,11.6.2,2026-07-20T10:48:02,We always enjoy hearing our customer’s valuable feedback and suggestions.,2026-07-20T10:55:29
MakeMyTrip - Flights & Hotels,com.makemytrip,Travel,006398f6-b4d9-49e5-9a5c-7bb6b2f72cfa,Tarun Choudhry,3,,Bad cab experiences. Higher prices than airlines apps,0,11.6.2,2026-07-20T10:37:25,"Hi, we are sorry to hear about your bad cab booking experience with us and we apologize for the inconvenience. Please feel free to reach out to our concerned team at https://app.mmyt.co/Xm2V/d45hhgdy and they will surely help you further. We look forward to hosting you again.",2026-07-20T12:21:49
MakeMyTrip - Flights & Hotels,com.makemytrip,Travel,3ef3c99d-2be1-441b-b613-72f1ff28eff5,SATISH JAISWAL,5,,osm,0,11.6.2,2026-07-20T10:23:47,"Hearing such a positive feedback from our customer, makes our day.",2026-07-20T10:39:48
MakeMyTrip - Flights & Hotels,com.makemytrip,Travel,5647dab1-7290-4c6d-b6ec-854829e263e7,Amit Goel,5,,awesome experience always,0,,2026-07-20T10:21:07,"Hearing such a positive feedback from our customer, makes our day.",2026-05-20T18:43:28
MakeMyTrip - Flights & Hotels,com.makemytrip,Travel,efe78420-4ae9-43a2-b5a0-e784494b68b4,Sharma Creation,1,,"This is the worst app. I had confirmed my ticket in 3X, but it put me in RAC. If it wasn't going to be confirmed, they should have canceled it instead. We had to face so much trouble traveling with family. It is very worst, and when we try to cancel, they deduct full charges",0,11.6.2,2026-07-20T10:11:04,"We are sorry for not living up to your expectations. However, we promise to enhance your train booking experiences. Please share your grievance details at https://app.mmyt.co/Xm2V/yku6gd9d Our concerned team will look into it.",2026-07-20T12:23:36
MakeMyTrip - Flights & Hotels,com.makemytrip,Travel,45838038-4a37-4818-a69e-ea68dcfe5101,VIVEK,1,,"App is not that good as payment fails and no help option available. Discounts or rate offered is not great either. If flight is cancelled by airline, make my trip still charges convenience fee very conveniently rs.350, which is pathetic. No person or resolution can be obtained from this app/platform. AVOID to save yourself from harassment.",11,11.6.2,2026-07-20T09:45:21,"Hi, we regret any inconvenience caused. However, we would love to investigate the matter and resolve it for you. Please share your travel booking experience with us and let our team take care of this. You can reach out to us at https://app.mmyt.co/Xm2V/uj8i3l9e",2026-01-10T11:10:03
MakeMyTrip - Flights & Hotels,com.makemytrip,Travel,c0afec24-e3c6-4d43-b81a-c85d05dce2ae,Gajay Singh,1,,Maka My Trip is Pathetic. I'm calling customer support since 1 month and they every time says that backend team is working on refund or I'll get a call back in 1 hour or wait or 48 hours. With this frustration i'm calling customer support since 1 month. so many emails i've dropped but no reply and no call back no refund as of now. You can get many calls during booking but as you made the payment they just dissappear and you can never find them. I'll not recommend anyone to use make my trip.,0,11.6.2,2026-07-20T09:21:12,"Hi, we regret any inconvenience caused. However, we would love to investigate the matter and resolve it for you. Please share your travel booking experience with us and let our team take care of this. You can reach out to us at https://app.mmyt.co/Xm2V/utxjtomf",2026-07-20T12:20:23
MakeMyTrip - Flights & Hotels,com.makemytrip,Travel,5d02c980-2475-4e53-b3a7-07bbc9167e0f,Cm Singh,1,,very bad Application and Service support and bus operator officer froud Application this Application is ban urgent basis is Application ko band kiya jaye bahut hi ghatiya service hai ye booking khud cancel kr देता hai or paisa nhi return krta hai,1,11.6.1,2026-07-20T09:05:10,"Hi, we regret any inconvenience caused. However, we would love to investigate the matter and resolve it for you. Please share your travel booking experience with us and let our team take care of this. You can reach out to us at https://app.mmyt.co/Xm2V/eb9htj49",2026-07-20T12:21:07
MakeMyTrip - Flights & Hotels,com.makemytrip,Travel,902a9b23-ba68-45e2-b50c-397835d5883f,Narasimhalu D,1,,"I had an issue with the bus service i had booked. Myra is waist AI help and if try to connect all unwanted options, no customer care executive option.",0,11.6.2,2026-07-20T08:45:49,"We are sorry to hear about your bad bus booking experience with us. Please reach out to the concerned team on https://app.mmyt.co/Xm2V/2vswvqx5 so that we could look into the matter seriously. Our customers are everything for us and hence, we would love to serve you again in future with a better experience.",2026-07-20T12:19:17
MakeMyTrip - Flights & Hotels,com.makemytrip,Travel,a95f2ecc-62ea-41e4-8097-9dda694efcca,Rageni Kumari,1,,worst experience again we booked a trip with this ap and at this time they convence us for price matching and refund within a week and it's almost more than 2 weeks now they and not responding and not giving us any information it's 2nd time first time with think may be it's just an mistake we take 2nd time risk and they really prove us wrong they are just spoiling their costumer faith.,0,,2026-07-20T08:22:46,"Hi, we regret any inconvenience caused. However, we would love to investigate the matter and resolve it for you. Please share your travel booking experience with us and let our team take care of this. You can reach out to us at https://app.mmyt.co/Xm2V/66xsrkdl",2026-07-20T12:17:51
MakeMyTrip - Flights & Hotels,com.makemytrip,Travel,fc323883-75fa-421c-bc0c-c0e57dde54e9,Raj Doriya,5,,nice experience this app is awesome and my all journeys are depende to him and lots off hotal and train tickets are not available all apps but hear is available so I claim that easily 😀,0,11.6.2,2026-07-20T08:22:26,Thanks for your continued support! Your confidence in us is truly valued.,2026-07-20T08:29:02
MakeMyTrip - Flights & Hotels,com.makemytrip,Travel,d408df00-db0a-4808-abf7-59265f5f74ef,Urvashiba Chudasma,5,,very good,0,11.7.0,2026-07-20T07:05:15,We always enjoy hearing our customer’s valuable feedback and suggestions.,2026-07-20T07:08:26
MakeMyTrip - Flights & Hotels,com.makemytrip,Travel,61384776-5039-4e4f-b063-a8d89c08963a,Ankur Kumar,5,,good app,0,11.6.2,2026-07-20T06:09:29,We always enjoy hearing our customer’s valuable feedback and suggestions.,2026-07-20T06:19:17
MakeMyTrip - Flights & Hotels,com.makemytrip,Travel,7a38a440-2d35-4d83-a17b-57657fec8376,Rishabh Singh,1,,"Pathetic support team, they don't help at the time of need",0,,2026-07-20T06:00:17,"Hi, we regret any inconvenience caused. However, we would love to investigate the matter and resolve it for you. Please share your travel booking experience with us and let our team take care of this. You can reach out to us at https://app.mmyt.co/Xm2V/70igy4mj",2026-07-20T12:16:38
MakeMyTrip - Flights & Hotels,com.makemytrip,Travel,8ad52fcd-ae36-4f60-a7c2-3aa42f1c43a7,dhiraj kumar,1,,wrost aap logo ke paise mar jata hai,0,,2026-07-20T05:17:31,"Hi, we regret any inconvenience caused. However, we would love to investigate the matter and resolve it for you. Please share your travel booking experience with us and let our team take care of this. You can reach out to us at https://app.mmyt.co/Xm2V/upuxto4x",2026-07-20T12:18:39
MakeMyTrip - Flights & Hotels,com.makemytrip,Travel,54cf7317-9dfc-495d-aaf2-3984e50d3654,Hari Har,1,,worst app ever don't deal with them now date 20.7.2026 I'm in Mohali I booked a hotel named Arab Inn before 4 days I pay them 5000 inr but when I reached the hotel hotel staff says we did not deal with online even they didn't provide me a room .. which I'm paid before,0,11.6.2,2026-07-20T05:06:06,"Hi, we feel extremely sorry for all the troubles you had during hotel booking. Please get in touch with our concerned team at https://app.mmyt.co/Xm2V/93pibw7c and share the details of your hotel booking experience. We will look into the issue on priority.",2026-07-20T12:17:09
MakeMyTrip - Flights & Hotels,com.makemytrip,Travel,9cf07b2d-947e-4126-a533-bd4deecd565f,Ghuncha Sanober,5,,best app for ever,0,11.6.2,2026-07-20T02:00:53,We always enjoy hearing our customer’s valuable feedback and suggestions.,2026-07-20T02:15:32
MakeMyTrip - Flights & Hotels,com.makemytrip,Travel,5c1de29a-4200-41a6-b557-d96d498e3845,Mohit Jangid,1,,"worst hotel booking app, there is no customer support, no direct complaint no. , I booked a hotel ( seeta hotel since 1965) thru this app and paid all amounts in advance. when I reached the hotel at 11 pm , the room ac didn't work, midnight 1:30 am hotel manager changed my room into nearby hotel and there is only single bed for us , how can we 3 people adjust in that room with single bed.",0,,2026-07-20T01:56:00,"Hi, we regret any inconvenience caused. However, we would love to investigate the matter and resolve it for you. Please share your travel booking experience with us and let our team take care of this. You can reach out to us at https://app.mmyt.co/Xm2V/26ex1bks",2026-07-20T12:15:57
MakeMyTrip - Flights & Hotels,com.makemytrip,Travel,30235c44-aebe-4aba-b902-0c049340e076,Samar Kumar,1,,rate is too high as compared to others you have looted me since 10 years,1,11.6.2,2026-07-19T22:18:44,"Hi, we regret any inconvenience caused. However, we would love to investigate the matter and resolve it for you. Please share your travel booking experience with us and let our team take care of this. You can reach out to us at https://app.mmyt.co/Xm2V/kg2m6dtv",2026-07-20T12:15:00
MakeMyTrip - Flights & Hotels,com.makemytrip,Travel,69373585-990a-48b0-bc0c-e09d28e2d3e2,Sepal Lawrence,1,,"fraud app 🙏🏻 no proper response from customer support, i lost 2675 rs by booking an a room from this app",0,11.6.2,2026-07-19T22:01:11,"Hi, we feel extremely sorry for all the troubles you had during hotel booking. Please get in touch with our concerned team at https://app.mmyt.co/Xm2V/pud2gqng and share the details of your hotel booking experience. We will look into the issue on priority.",2026-07-20T12:13:42
MakeMyTrip - Flights & Hotels,com.makemytrip,Travel,0f2362b7-d6b7-49e7-b2a7-ed4d9ddae30d,Ramana Ron,1,,stop giving me links to the app it is not working 😡😡😡😡 I can't do anything in app thats why I came here and you keep on redirect to me to the same not so working app,0,11.6.2,2026-07-19T21:42:38,"Hi, we regret any inconvenience caused. However, we would love to investigate the matter and resolve it for you. Please share your travel booking experience with us and let our team take care of this. You can reach out to us at https://app.mmyt.co/Xm2V/e6esyq7m",2026-07-20T12:12:12
MakeMyTrip - Flights & Hotels,com.makemytrip,Travel,5e98b399-eaa4-4563-a1cf-663896749a92,Palanichamy S,5,,"Better to use, easy to book",0,11.6.2,2026-07-19T21:40:36,"Hearing such a positive feedback from our customer, makes our day.",2026-07-19T21:55:38
MakeMyTrip - Flights & Hotels,com.makemytrip,Travel,d8510ef4-71d9-4c96-b368-0d9038f43783,Sohil Vakaliya,5,,good,0,11.6.2,2026-07-19T21:35:32,"Hearing such a positive feedback from our customer, makes our day.",2026-07-19T21:39:20
MakeMyTrip - Flights & Hotels,com.makemytrip,Travel,bfe11e49-fabc-4245-8f0a-43623495982c,Shivu Shetty,5,,Best price and fast working app.,0,11.7.0,2026-07-19T21:16:38,We always enjoy hearing our customer’s valuable feedback and suggestions.,2026-07-19T21:23:11
MakeMyTrip - Flights & Hotels,com.makemytrip,Travel,6f2c4f0c-de42-4659-b931-57696084dc00,Parag Adwani,4,,good app and easy bookings,0,11.6.2,2026-07-19T21:14:38,"We appreciate feedback from our customers and any suggestions on how we can improve.
",2026-07-19T21:23:11
MakeMyTrip - Flights & Hotels,com.makemytrip,Travel,3429548c-18d1-43a6-9355-03e2b41b468d,Samir Shishir,5,,good and pleasant experience,0,,2026-07-19T21:02:09,Thanks for your continued support! Your confidence in us is truly valued.,2026-07-19T21:06:50
MakeMyTrip - Flights & Hotels,com.makemytrip,Travel,e4b5f2b2-afc1-4848-8fbd-5c383d3ce1f2,shantanu Sawane,1,,"""Hello Team MakeMyTrip, ​I am writing to express my strong dissatisfaction with your app's current booking policies. ​Non-Refundable Policy: Your refund policies are extremely unfair and not customer-friendly. ​Not Good for Travel Booking: The app layout and rules make it very inconvenient for travelers. ​With such rigid and frustrating terms, no one should book buses or trains through MakeMyTrip. It feels like a complete waste of money. I strongly urge you to revise your policies and make them",0,11.6.2,2026-07-19T20:49:41,"Hi, we regret any inconvenience caused. However, we would love to investigate the matter and resolve it for you. Please share your travel booking experience with us and let our team take care of this. You can reach out to us at https://app.mmyt.co/Xm2V/9krh3y4w",2026-07-19T21:40:16
MakeMyTrip - Flights & Hotels,com.makemytrip,Travel,59e1fd2d-37c2-4efb-a2ee-f80c0a102ac1,Kaustav Aditya,5,,"exceptional. MMT is the best booking app for flight and hotels, it never disappointed like other apps in which after reaching the destination the hotel denied booking",0,11.6.2,2026-07-19T20:36:45,Thanks for your continued support! Your confidence in us is truly valued.,2026-07-19T20:50:37
MakeMyTrip - Flights & Hotels,com.makemytrip,Travel,0c7c3c27-6fce-45d9-924c-a075747f69c8,ravi shankar,5,,easy to book,0,11.6.2,2026-07-19T20:33:31,Thanks for your continued support! Your confidence in us is truly valued.,2026-07-19T20:34:20
MakeMyTrip - Flights & Hotels,com.makemytrip,Travel,56cf725b-b297-4107-8cc8-9a30e0cd1d2d,Dewanshu Raja,5,,very professionally run,0,11.6.2,2026-07-19T20:24:12,"Hearing such a positive feedback from our customer, makes our day.",2026-07-19T20:34:21
MakeMyTrip - Flights & Hotels,com.makemytrip,Travel,4160735c-4e0f-482f-b980-bee81819b255,DecentKundan Patel005,5,,nice work 💯,0,11.6.2,2026-07-19T20:22:42,"We appreciate feedback from our customers and any suggestions on how we can improve.
",2026-07-19T20:34:20
MakeMyTrip - Flights & Hotels,com.makemytrip,Travel,aece7df8-ffd0-4add-9e96-c2622fae93eb,Sehgoumang Lhouvum,1,,Is this app still functioning?,0,,2026-07-19T20:05:07,"Hi, we regret any inconvenience caused. However, we would love to investigate the matter and resolve it for you. Please share your travel booking experience with us and let our team take care of this. You can reach out to us at https://app.mmyt.co/Xm2V/ya8o0xlm",2026-07-19T21:40:01
MakeMyTrip - Flights & Hotels,com.makemytrip,Travel,d1c4d4d5-d0ca-4905-9446-b5047a7f3b52,Pinamala RajaRatnam,5,,good,0,,2026-07-19T19:47:09,Thanks for your continued support! Your confidence in us is truly valued.,2026-07-19T20:01:49
MakeMyTrip - Flights & Hotels,com.makemytrip,Travel,2908e9d7-0ec2-4ba9-84f6-0e9a873cecb1,Pragadhish Harshitha,5,,👍,0,11.6.2,2026-07-19T19:30:56,"Hearing such a positive feedback from our customer, makes our day.",2026-07-19T19:45:42
MakeMyTrip - Flights & Hotels,com.makemytrip,Travel,81e4b5a3-6874-4f1c-992d-db115065b843,Avijit Paul.,1,,Worst app ever.....You will get no assistance from the customer care whenever needed.....Lots of money is gone for their negligence. I booked a resort named Megha Beach Resort but didn't visited there. I asked to cancel my trip due to some reasons but don't know what happened???? I tried several times to connect with the makemytrip customer care and the property owner but still no response.....Worst experience ever.,0,11.6.2,2026-07-19T19:17:11,"Hi, we regret any inconvenience caused. However, we would love to investigate the matter and resolve it for you. Please share your travel booking experience with us and let our team take care of this. You can reach out to us at https://app.mmyt.co/Xm2V/24mi4q8o",2026-07-19T21:38:52
MakeMyTrip - Flights & Hotels,com.makemytrip,Travel,888164b8-6903-4e79-96c1-0831fd88a9f3,Aswin Achu,5,,nice one,0,,2026-07-19T18:49:27,Thanks for your continued support! Your confidence in us is truly valued.,2026-07-19T18:57:00
MakeMyTrip - Flights & Hotels,com.makemytrip,Travel,da503975-b60a-41be-84ab-a551d5530ad1,Alpesh Thakkar,5,,very good hospitality,0,11.6.2,2026-07-19T18:32:18,"We appreciate feedback from our customers and any suggestions on how we can improve.
",2026-07-19T18:40:38
MakeMyTrip - Flights & Hotels,com.makemytrip,Travel,0af3e4c4-444e-4581-acdc-bae595941d8d,Priya Raj,1,,worst experience to get my refund after cancellation of train ticket,0,,2026-07-19T17:49:11,"Hi, we regret any inconvenience caused. However, we would love to investigate the matter and resolve it for you. Please share your travel booking experience with us and let our team take care of this. You can reach out to us at https://app.mmyt.co/Xm2V/sm8vq9e8",2026-07-19T21:37:36
MakeMyTrip - Flights & Hotels,com.makemytrip,Travel,1f47f173-475c-450b-8acd-c6c034e27f65,Ravish Mishra,5,,loving it,1,11.6.2,2026-07-19T17:29:00,Thanks for your continued support! Your confidence in us is truly valued.,2026-07-19T17:35:39
MakeMyTrip - Flights & Hotels,com.makemytrip,Travel,859a8ecc-e81e-4c85-9ebb-039bc30d0031,Ramesh Chandra,5,,good,0,11.7.0,2026-07-19T16:22:51,We always enjoy hearing our customer’s valuable feedback and suggestions.,2026-07-19T16:30:39
MakeMyTrip - Flights & Hotels,com.makemytrip,Travel,849af8f3-846b-4f7c-b209-e9748626ac16,ravi bourasi,5,,ok good,0,,2026-07-19T15:13:54,Thanks for your continued support! Your confidence in us is truly valued.,2026-07-19T15:25:53
MakeMyTrip - Flights & Hotels,com.makemytrip,Travel,3be67cdf-db7a-4145-b97b-d3b2a8ef8523,Momin Nisar,1,,worst customer care support,0,,2026-07-19T15:07:40,"Hi, we regret any inconvenience caused. However, we would love to investigate the matter and resolve it for you. Please share your travel booking experience with us and let our team take care of this. You can reach out to us at https://app.mmyt.co/Xm2V/pw99md5y",2026-07-19T17:44:40
MakeMyTrip - Flights & Hotels,com.makemytrip,Travel,128cedf8-ea30-4579-8501-6e6e980ec072,HBS,1,,While booking showed a wrong pickup time so my bus was missed.,0,11.6.2,2026-07-19T14:22:54,"Hi, we regret any inconvenience caused. However, we would love to investigate the matter and resolve it for you. Please share your travel booking experience with us and let our team take care of this. You can reach out to us at https://app.mmyt.co/Xm2V/imvkxx8c",2026-07-19T17:44:00
MakeMyTrip - Flights & Hotels,com.makemytrip,Travel,06ee6ad5-02cc-43aa-a595-d39798066dd3,Mangesh,5,,best for record,0,11.6.2,2026-07-19T14:15:05,We always enjoy hearing our customer’s valuable feedback and suggestions.,2026-07-19T14:20:38
MakeMyTrip - Flights & Hotels,com.makemytrip,Travel,75d0682e-2015-47c2-8810-35d78c3cbf38,Shivraj Singh,1,,providing irrelevant information i travel from jaisalmer to Jodhpur by jai bajrang lok parivan the app shows ac bus hut actually the bus which comes on was non ac and there is day night difference between the timing which app shows,0,11.6.2,2026-07-19T14:04:15,"Hi, we regret any inconvenience caused. However, we would love to investigate the matter and resolve it for you. Please share your travel booking experience with us and let our team take care of this. You can reach out to us at https://app.mmyt.co/Xm2V/ja2qywtc",2026-07-19T17:43:25
MakeMyTrip - Flights & Hotels,com.makemytrip,Travel,fa3b8c16-27aa-4e47-9997-b32fd5c1e514,debaabrata chakkraborty,5,,very very good,0,,2026-07-19T13:57:57,"Hearing such a positive feedback from our customer, makes our day.",2026-07-19T14:04:23
MakeMyTrip - Flights & Hotels,com.makemytrip,Travel,5f22deb7-dbd6-42de-b0bd-bcc420c13743,Andrew Patel,5,,best application for tour and travels,1,11.6.2,2026-07-19T13:51:37,"We appreciate feedback from our customers and any suggestions on how we can improve.
",2026-07-19T14:04:23
MakeMyTrip - Flights & Hotels,com.makemytrip,Travel,de961ba0-cba3-49af-9c07-e4cf0191b4eb,Aditi,1,,"worst experience with this mmt , booked for train and it got failed within 20 min only and hasn't received the refund yet such a pathetic customer care team not even able to speak with their customer care team , please refrain from booking from this mmt . And even the amount was approx 10k and hasn't received the refund yet . If it hasn't been resolved within tomorrow i am going to spread this on every social media handles",0,11.6.2,2026-07-19T13:28:21,"We are sorry for not living up to your expectations. However, we promise to enhance your train booking experiences. Please share your grievance details at https://app.mmyt.co/Xm2V/4nabmryn Our concerned team will look into it.",2026-07-19T17:42:21
MakeMyTrip - Flights & Hotels,com.makemytrip,Travel,c684f566-bcdb-4d64-abd0-861386e195cf,NAVEEN KUMAR,1,,very poor customer support. not contactable,0,11.6.2,2026-07-19T13:02:12,"Hi, we regret any inconvenience caused. However, we would love to investigate the matter and resolve it for you. Please share your travel booking experience with us and let our team take care of this. You can reach out to us at https://app.mmyt.co/Xm2V/zvq1pu0c",2026-07-19T17:40:48
MakeMyTrip - Flights & Hotels,com.makemytrip,Travel,e66d4bc5-6097-4547-8cc1-4a774d388d50,Muskan Chaurasia,1,,Fraud App😡🤬,0,11.6.2,2026-07-19T12:50:54,"Hi, we regret any inconvenience caused. However, we would love to investigate the matter and resolve it for you. Please share your travel booking experience with us and let our team take care of this. You can reach out to us at https://app.mmyt.co/Xm2V/ry62wpe7",2026-07-19T17:38:07
MakeMyTrip - Flights & Hotels,com.makemytrip,Travel,7c3976d7-5f2c-4765-9162-ddc7dd051d0b,Shri Chavan,1,,"I booked a ticket two times for Ratnagiri, but both time tickets were confirmed and then cancelled by the operator.",0,11.6.2,2026-07-19T12:50:11,"Hi, we regret any inconvenience caused. However, we would love to investigate the matter and resolve it for you. Please share your travel booking experience with us and let our team take care of this. You can reach out to us at https://app.mmyt.co/Xm2V/uvgiwebo",2026-07-19T17:41:09
MakeMyTrip - Flights & Hotels,com.makemytrip,Travel,06ad8fb0-9785-48a2-990a-b033ddd20e1a,Ankit Mahapatra,1,,"the app has gone from best to WORST in record time. the app is VERY DISHONEST. I have only used this app for past 12 years. Now i am deleting this app for good and migrating to another. my last bookimg, the app first showed ₹8500, then i selected coupon with SBI credit card for discount of ₹1261. but the cost came down to ₹7400, no problem with that. then juat before bookijg, i was offered a FREE UPGRADE for food. then the bill sudenly became ₹8900 and in the end i paid ₹9500. i feel CHEATED.",0,11.6.2,2026-07-19T11:08:46,"Hi, we regret any inconvenience caused. However, we would love to investigate the matter and resolve it for you. Please share your travel booking experience with us and let our team take care of this. You can reach out to us at https://app.mmyt.co/Xm2V/3bjnsmyc",2026-07-19T17:36:38
MakeMyTrip - Flights & Hotels,com.makemytrip,Travel,46de707e-e0d9-4984-9341-a5f8bb04fa0b,Rishi Tripathi,1,,very disappoint me I booked my flight ticket Lucknow to oman and my pnr generated but when I reached airport they are saying no passenger found on this Pnr and I am not able to checkin.,0,11.6.2,2026-07-19T11:06:02,"Hi, we regret any inconvenience caused. However, we would love to investigate the matter and resolve it for you. Please share your travel booking experience with us and let our team take care of this. You can reach out to us at https://app.mmyt.co/Xm2V/bv9suxy1",2026-07-19T17:37:06
MakeMyTrip - Flights & Hotels,com.makemytrip,Travel,62db3f9e-19be-4d5f-83d6-831e9885495f,Jeffrey Horton,1,,"The first time I used this service I had scheduled a car from a train station. The driver was a no show and support was non-existent. The second time I scheduled a car it was one hour late, they kept calling and saying they were on the way... I will not use this app or service again.",1,11.7.0,2026-07-19T10:46:05,"Hi, we regret any inconvenience caused. However, we would love to investigate the matter and resolve it for you. Please share your travel booking experience with us and let our team take care of this. You can reach out to us at https://app.mmyt.co/Xm2V/qt5hfnnm",2026-07-19T17:36:00
MakeMyTrip - Flights & Hotels,com.makemytrip,Travel,8c1b1d2d-59b4-42c9-aed6-efeef303d5b4,Devendran M,4,,Seamless and good benefits,0,,2026-07-19T10:37:08,We always enjoy hearing our customer’s valuable feedback and suggestions.,2026-07-19T10:49:25
MakeMyTrip - Flights & Hotels,com.makemytrip,Travel,4f8de723-8030-4b60-9e2c-cebd5df9c908,Manilyn Caynila,1,,I can not find any customer service that I can contact to make a refund for the flight that has been cancelled from airlines and I already paid for it and up to now no one reach out how it will be resolve and I check to the airlines that I have a right to get a full refund from the flight that has been cancelled from the airlines itself. So please do not your reputation regarding this matter and resolve my issue ASAP,1,11.6.2,2026-07-19T10:28:36,"Hi, we regret any inconvenience caused. However, we would love to investigate the matter and resolve it for you. Please share your travel booking experience with us and let our team take care of this. You can reach out to us at https://app.mmyt.co/Xm2V/hg31q751",2026-07-19T17:35:00
MakeMyTrip - Flights & Hotels,com.makemytrip,Travel,5f7f99ba-999a-47d7-99cd-74b860b8c0df,Shiva Lvy,4,,reasonable booking price,0,11.6.2,2026-07-19T10:12:11,We always enjoy hearing our customer’s valuable feedback and suggestions.,2026-07-19T10:16:56
MakeMyTrip - Flights & Hotels,com.makemytrip,Travel,7279035b-bea7-4a7d-9544-0a4104c9a2fe,Mahipal singh,1,,"Very disappointing experience with MakeMyTrip. Before making the payment, the hotel listing for The Colonial, Udaipur clearly showed that breakfast was included. However, after the payment was completed and the booking voucher was generated, it stated that breakfast is not included. This is misleading and unacceptable. Another issue is that the check-in and check-out timings were not clearly shown before booking. Such important information should be visible before customers make the payment.",0,11.6.2,2026-07-19T10:09:44,"Hi, we regret any inconvenience caused. However, we would love to investigate the matter and resolve it for you. Please share your travel booking experience with us and let our team take care of this. You can reach out to us at https://app.mmyt.co/Xm2V/ctmjss9a",2026-07-19T17:35:27
MakeMyTrip - Flights & Hotels,com.makemytrip,Travel,caa9242c-bb3c-4853-be7a-f32252b3a3e1,Paawan Sharma,1,,"this is such bloody appp, you do not get bus number at alll, they charge you only",0,11.6.2,2026-07-19T07:34:17,"Hi, we regret any inconvenience caused. However, we would love to investigate the matter and resolve it for you. Please share your travel booking experience with us and let our team take care of this. You can reach out to us at https://app.mmyt.co/Xm2V/4do1e277",2026-07-19T17:34:14
MakeMyTrip - Flights & Hotels,com.makemytrip,Travel,b9e709f1-c30e-46e3-a1ac-3941f9d2c32f,Ayush Kotnala,5,,nice app,0,11.6.2,2026-07-19T06:47:09,"We appreciate feedback from our customers and any suggestions on how we can improve.
",2026-07-19T07:01:59
MakeMyTrip - Flights & Hotels,com.makemytrip,Travel,44587a27-125b-4e5a-9957-863cd9565fad,Subrata Nandi,5,,nice,0,,2026-07-19T05:45:46,"We appreciate feedback from our customers and any suggestions on how we can improve.
",2026-07-19T05:57:00
MakeMyTrip - Flights & Hotels,com.makemytrip,Travel,c4630c8e-c8b4-4ee5-8c87-a8a0782b7f9b,Kavi Joshi,1,,hotal is vary bed and sirvice are very very bed,0,11.6.2,2026-07-18T23:57:38,"Hi, we regret any inconvenience caused. However, we would love to investigate the matter and resolve it for you. Please share your Hotel booking experience with us and let our team take care of this. You can reach out to us at https://app.mmyt.co/Xm2V/mx648851",2026-07-19T17:32:03
MakeMyTrip - Flights & Hotels,com.makemytrip,Travel,f7103abc-25db-4d75-9c33-90492da54633,Suraj Shah,5,,"""Wonderful stay from check-in to checkout. The room was spotless and quiet, the staff were so welcoming, and the location made everything easy. Highly recommend [hotel ka naam] to everyone!""",0,11.7.0,2026-07-18T23:34:16,"Hearing such a positive feedback from our customer, makes our day.",2026-07-18T23:43:16
MakeMyTrip - Flights & Hotels,com.makemytrip,Travel,4b504724-0fba-40b1-b5aa-6ccda9e6885b,Arun Meena,1,,"I had a deeply frustrating experience with MakeMyTrip on a recent booking. Despite carrying a valid, government-issued ID that met all the stated requirements, I was denied check-in at the property/counter. There was no advance communication warning me of any additional ID requirements beyond what's standard, and the staff on the ground couldn't offer a clear explanation — I was just turned away. This left me stranded with a confirmed booking I couldn't use, wasting both money and time.",2,11.6.2,2026-07-18T23:00:07,"Hi, we regret any inconvenience caused. However, we would love to investigate the matter and resolve it for you. Please share your Hotel booking experience with us and let our team take care of this. You can reach out to us at https://app.mmyt.co/Xm2V/caxkg8rz",2026-07-19T17:30:47
MakeMyTrip - Flights & Hotels,com.makemytrip,Travel,3742f558-0f47-4a7b-8b5e-0f415aef0c5a,Suhana Parbin,5,,good,0,11.6.2,2026-07-18T22:38:37,We always enjoy hearing our customer’s valuable feedback and suggestions.,2026-07-18T22:54:44
MakeMyTrip - Flights & Hotels,com.makemytrip,Travel,6c5f3f56-d23e-4c4d-a11d-9e93e8abcbd9,babli Dixit,5,,besttt,0,11.6.2,2026-07-18T21:19:41,Thanks for your continued support! Your confidence in us is truly valued.,2026-07-18T21:33:21
MakeMyTrip - Flights & Hotels,com.makemytrip,Travel,527cfc45-0d7d-42d8-a07d-cdfc82acedbf,Nibin Thomas,1,,Fraud app pls don't ask anything with AI as it will take wrong command and end up with loss of ur hard earn money. New fraud system launch by MMT to make money. Never trust this app.,1,11.6.2,2026-07-18T21:17:46,"Hi, we regret any inconvenience caused. However, we would love to investigate the matter and resolve it for you. Please share your Hotel booking experience with us and let our team take care of this. You can reach out to us at https://app.mmyt.co/Xm2V/coshaq5n",2026-07-19T17:30:17
MakeMyTrip - Flights & Hotels,com.makemytrip,Travel,f499733c-4d43-4c4f-ad85-e114b967ca94,Naveen Gollapalli,5,,travel buddy,0,,2026-07-18T21:07:41,"Hearing such a positive feedback from our customer, makes our day.",2026-07-18T21:17:01
MakeMyTrip - Flights & Hotels,com.makemytrip,Travel,48cfda84-0487-4828-bfed-2f08946062a4,Vimal Kumar,1,,App layout and other stuff are good. however one of the worst and most rude customer care (based on call experience with 4-5 person),1,11.6.2,2026-07-18T21:03:46,"Hi, we regret any inconvenience caused. However, we would love to investigate the matter and resolve it for you. Please share your Hotel booking experience with us and let our team take care of this. You can reach out to us at https://app.mmyt.co/Xm2V/n77w415c",2026-07-19T17:31:29
MakeMyTrip - Flights & Hotels,com.makemytrip,Travel,d1649324-359c-4fa3-ab10-f1d842e792ee,M Venugopal,5,,User friendly,0,11.6.2,2026-07-18T20:40:15,"We appreciate feedback from our customers and any suggestions on how we can improve.
",2026-07-18T20:44:26
MakeMyTrip - Flights & Hotels,com.makemytrip,Travel,dccbb60a-c3f8-4e80-8e1e-f79435cfcdf2,Amit Srivastava,1,,Worst application.,0,11.6.2,2026-07-18T20:04:15,"Hi, we regret any inconvenience caused. However, we would love to investigate the matter and resolve it for you. Please share your Hotel booking experience with us and let our team take care of this. You can reach out to us at https://app.mmyt.co/Xm2V/zgdpx0qu",2026-07-19T17:28:10
MakeMyTrip - Flights & Hotels,com.makemytrip,Travel,89edb58b-a725-4489-8258-95857fdcc0b2,farooq mohammed,1,,worst service no customer support. don't book in this app better to go for alternatives,0,11.6.2,2026-07-18T19:40:07,"Hi, we regret any inconvenience caused. However, we would love to investigate the matter and resolve it for you. Please share your Hotel booking experience with us and let our team take care of this. You can reach out to us at https://app.mmyt.co/Xm2V/t33pjylz",2026-07-19T17:26:40
MakeMyTrip - Flights & Hotels,com.makemytrip,Travel,45027043-068e-4c8f-8f24-731fee015371,Attaluri Usha,1,,"I booked train recently, they cancel my ticket, and its been 2 weeks, I didn't get my refund. I raised ticket 2 Times i didnt get call, that tickets was automatically closed and it was showing my amount credited, I went to bank, no refund credited, such a fraud app",1,11.6.2,2026-07-18T19:31:29,"Hi, we regret any inconvenience caused. However, we would love to investigate the matter and resolve it for you. Please share your Hotel booking experience with us and let our team take care of this. You can reach out to us at https://app.mmyt.co/Xm2V/9q2t28dv",2026-07-19T17:27:13
MakeMyTrip - Flights & Hotels,com.makemytrip,Travel,6375f951-d659-4775-9183-540b0bb32519,Darshan N,5,,"Nice details about bus, good job",0,,2026-07-18T18:45:13,We always enjoy hearing our customer’s valuable feedback and suggestions.,2026-07-18T18:50:44
MakeMyTrip - Flights & Hotels,com.makemytrip,Travel,579ca054-5f4f-47ed-a693-30989c67e381,Manikandan K P,1,,"Pl.do not make any booking with this fraud company y. I am struggling to get my refund since March 2 , 2026 booking. I have tried following up at least 25 times ..everything.e they come.ba k within 48 hours I will get the refund. I have given worst customer service feedback , no one bothered to call. I lost my flight canceled amount . cheaters ..my booking reference 99dfon",0,11.6.2,2026-07-18T18:34:17,"Hi, we regret any inconvenience caused. However, we would love to investigate the matter and resolve it for you. Please share your Hotel booking experience with us and let our team take care of this. You can reach out to us at https://app.mmyt.co/Xm2V/cacujnf1",2026-07-19T17:25:36
MakeMyTrip - Flights & Hotels,com.makemytrip,Travel,ba174c72-21a0-41fc-84dc-d8fda62a8236,pavankumar palla,5,,Worst site for hotel booking.. they show one amount and while booking it increases the cost..,0,11.6.2,2026-07-18T18:06:20,"We appreciate feedback from our customers and any suggestions on how we can improve.
",2026-07-18T15:51:59
MakeMyTrip - Flights & Hotels,com.makemytrip,Travel,df6aa7b1-3812-448b-aceb-6547b260bda7,Kalar Hari,4,,useful,0,11.6.2,2026-07-18T18:04:34,"We appreciate feedback from our customers and any suggestions on how we can improve.
",2026-07-18T18:18:20
MakeMyTrip - Flights & Hotels,com.makemytrip,Travel,7b387aea-29cc-46bd-bafc-f9feddd97945,Sleiman,1,,"Don't use MakeMyTrip App, and don't book through them. This has been the worst experience I've ever had. I didn't receive the MMT Coins that were clearly promised during my booking, and despite raising multiple complaints, the issue remains unresolved. As a loyal Gold Member, I'm extremely disappointed with the way my case has been handled. I will never use MakeMyTrip again.",1,11.6.2,2026-07-18T18:02:21,"Hi, we regret any inconvenience caused. However, we would love to investigate the matter and resolve it for you. Please share your Hotel booking experience with us and let our team take care of this. You can reach out to us at https://app.mmyt.co/Xm2V/o5yp46qs",2026-07-19T17:24:53
MakeMyTrip - Flights & Hotels,com.makemytrip,Travel,1a6aeca4-d1b3-4e2a-b6df-233359d20736,Suresh,5,,"This app. very friendly for booking hotels, flights and trips.. must installed everyone for travel lovers",0,,2026-07-18T18:00:16,We always enjoy hearing our customer’s valuable feedback and suggestions.,2026-07-18T18:02:00
MakeMyTrip - Flights & Hotels,com.makemytrip,Travel,2390a717-57d9-4ac2-8154-9d6796c37f17,Indrajit Bose,4,,It was a good experience.,0,11.6.2,2026-07-18T17:44:32,Thanks for your continued support! Your confidence in us is truly valued.,2026-07-18T17:45:52
MakeMyTrip - Flights & Hotels,com.makemytrip,Travel,e9ea90c3-b1aa-415c-a441-d49161dc4a97,prasenjit chakraborty,1,,"is there a way to rate negative to mmt outstation services? booked a cab service yesterday night, till today morning it was confirmed by mmt customer care executives that the service is all good to go. suddenly one and half an hour before the trip scheduled time, the cancellation amount message is received. I had to rebook from another app for our planned journey. pathetic services",0,,2026-07-18T17:41:25,"Hi, we regret any inconvenience caused. However, we would love to investigate the matter and resolve it for you. Please share your Hotel booking experience with us and let our team take care of this. You can reach out to us at https://app.mmyt.co/Xm2V/73jl8c4r",2026-07-19T17:24:15
MakeMyTrip - Flights & Hotels,com.makemytrip,Travel,3ea4fca5-43cd-40e9-92c8-3745f96ff9ff,Ronald Balida,5,,Fast and reliable services.....:-),0,11.6.2,2026-07-18T17:29:19,"We appreciate feedback from our customers and any suggestions on how we can improve.
",2026-07-18T17:45:47
MakeMyTrip - Flights & Hotels,com.makemytrip,Travel,def315a1-1e91-4249-a573-09e8d8e30dde,Micheline Boutros,1,,"Worst customer service I've ever experienced. My flight was canceled in March due to the war, and I still haven't received my full refund. Every time I call, I'm either promised that the refund will be processed within two days, or the call is simply disconnected. This has been extremely frustrating. I will never book with them again.",1,11.6.2,2026-07-18T17:13:03,"Hi, we regret any inconvenience caused. However, we would love to investigate the matter and resolve it for you. Please share your Hotel booking experience with us and let our team take care of this. You can reach out to us at https://app.mmyt.co/Xm2V/ot4vf77g",2026-07-19T17:23:48
MakeMyTrip - Flights & Hotels,com.makemytrip,Travel,31352fea-33de-4a16-a24d-5b5b40de66f6,Aatif Odheja,5,,good app,0,11.6.2,2026-07-18T17:05:05,We always enjoy hearing our customer’s valuable feedback and suggestions.,2026-07-18T17:13:17
MakeMyTrip - Flights & Hotels,com.makemytrip,Travel,e6a6f703-783c-4048-b155-f5f30e0ef3e5,Dev ansh,5,,an app to get entertained with,0,,2026-07-18T16:42:26,"Hearing such a positive feedback from our customer, makes our day.",2026-07-18T16:56:59
MakeMyTrip - Flights & Hotels,com.makemytrip,Travel,0e3b86d1-3b95-4418-ac3f-f9b65753cb33,Royal ratangarh,5,,good,0,11.6.2,2026-07-18T16:26:35,"We appreciate feedback from our customers and any suggestions on how we can improve.
",2026-07-18T16:40:44
MakeMyTrip - Flights & Hotels,com.makemytrip,Travel,09b022de-e187-4403-a540-2054677beafd,Pankhuri Chauhan,1,,Booking a Cab for airport via Makemytrip has been the most horrible experience for us. The driver was late by 18mins in a place like Bangalore where it already takes 2.5-3 hours to reach the airport. when we asked for cancellation even the support staff misbehaved and told us to cancel it ourselves and disconnected the call. This is what the services have come to. I hope people read this review and take a cab from some other more dependable source.,1,11.6.2,2026-07-18T16:13:03,"Hi, we are sorry to hear about your bad cab booking experience with us and we apologize for the inconvenience. Please feel free to reach out to our concerned team at https://app.mmyt.co/Xm2V/notqoiqi and they will surely help you further. We look forward to hosting you again.",2026-07-19T17:46:27
MakeMyTrip - Flights & Hotels,com.makemytrip,Travel,a26580f7-4dcd-4cd2-b2af-8e6e60a7dd37,Aditya Kashyap,1,,worst app I ever used cancelled my ticket without any notification and no refund I'm getting 😡 worst service hell app,0,11.6.2,2026-07-18T15:53:12,"Hi, we regret any inconvenience caused. However, we would love to investigate the matter and resolve it for you. Please share your Hotel booking experience with us and let our team take care of this. You can reach out to us at https://app.mmyt.co/Xm2V/v0pnder7",2026-07-19T17:22:28
MakeMyTrip - Flights & Hotels,com.makemytrip,Travel,b32b0305-40b9-4dea-8a9d-ac3005327b20,Aurosis Mishra,1,,"very unprofessional and unresponsive services with related to Tatkal train booking. I had recently booked Tatkal ticket with them. The tickets could not be confirmed but they still deducted discretional amount of almost 3000 in the name of ""Free Cancellation Premium"" which they did not refund considering the Tatkal ticket did not confirm and got cancelled automatically. I raised a complaint regarding the same but they have not responded yet. Quite unfortunate.",1,11.6.2,2026-07-18T15:09:12,"Hi, we regret any inconvenience caused. However, we would love to investigate the matter and resolve it for you. Please share your Hotel booking experience with us and let our team take care of this. You can reach out to us at https://app.mmyt.co/Xm2V/ldnadyc3",2026-07-19T17:22:52
MakeMyTrip - Flights & Hotels,com.makemytrip,Travel,e3093fe4-ee8a-4fbd-84c4-b27ffdf07abc,Shukaram Gurung,5,,very good aap mmt 🤗🤗,0,11.6.1,2026-07-18T13:06:30,"We appreciate feedback from our customers and any suggestions on how we can improve.
",2026-07-18T13:09:42
MakeMyTrip - Flights & Hotels,com.makemytrip,Travel,972b5e8d-8e3e-4d4d-aeea-dad948974573,Pramod Chandola,5,,❤️,0,,2026-07-18T12:58:34,We always enjoy hearing our customer’s valuable feedback and suggestions.,2026-07-18T13:09:43
MakeMyTrip - Flights & Hotels,com.makemytrip,Travel,b785e367-defb-4e37-83ad-0e477448b2f0,arun sowmitri,5,,User friendly,0,11.6.2,2026-07-18T12:56:10,Thanks for your continued support! Your confidence in us is truly valued.,2026-07-18T13:09:49
MakeMyTrip - Flights & Hotels,com.makemytrip,Travel,fa6f1d2a-dfb8-4aad-b4dc-8a42a70dac7b,Nishanth Mukherjee,5,,My preferable app,1,,2026-07-18T12:37:56,"We appreciate feedback from our customers and any suggestions on how we can improve.
",2026-07-18T12:53:16
MakeMyTrip - Flights & Hotels,com.makemytrip,Travel,d167fabd-3b03-42bd-b070-c452fc428aa1,HARSHA VARDAN,1,,very worst,0,11.6.2,2026-07-18T11:41:49,"Hi, we regret any inconvenience caused. However, we would love to investigate the matter and resolve it for you. Please share your travel booking experience with us and let our team take care of this. You can reach out to us at https://app.mmyt.co/Xm2V/19ci40o7",2026-07-19T17:19:06
MakeMyTrip - Flights & Hotels,com.makemytrip,Travel,2aa35bb3-1198-44d0-bbde-c275583c35f4,Harsha Vardan,1,,very very worst app. i am booked chennai to Pondicherry Bus ticket on 7th July. unfortunately the ticket was not booked due to server issue. but Still I am not Receive my refund. how to contact to customer care. don't install this app. I will Uninstall this app after I am receiving my money.,0,11.7.0,2026-07-18T11:38:52,"Hi, we regret any inconvenience caused. However, we would love to investigate the matter and resolve it for you. Please share your travel booking experience with us and let our team take care of this. You can reach out to us at https://app.mmyt.co/Xm2V/mig03dpv",2026-07-19T17:19:49
MakeMyTrip - Flights & Hotels,com.makemytrip,Travel,f56421e2-eef4-4dc9-81d6-47e5de20131e,Rsr King,5,,nice app,0,,2026-07-18T11:37:08,"Hearing such a positive feedback from our customer, makes our day.",2026-07-18T11:48:19
MakeMyTrip - Flights & Hotels,com.makemytrip,Travel,6ca3c4c4-d05f-4889-afc2-198294ea02a8,Mak Edkey,1,,very bad app no customer support refund of cancellation is not done even after the property/hotel has accepted and approved the cancellation but still no refund is not done for the cancelled booking,0,11.6.2,2026-07-18T11:18:56,"Hi, we regret any inconvenience caused. However, we would love to investigate the matter and resolve it for you. Please share your travel booking experience with us and let our team take care of this. You can reach out to us at https://app.mmyt.co/Xm2V/p30ozsen",2026-07-19T17:20:04
MakeMyTrip - Flights & Hotels,com.makemytrip,Travel,71fb3c0c-6aa3-4426-96be-53610eea459c,SAMBHUNATH SAHOO,4,,good,0,11.6.2,2026-07-18T10:48:29,"We appreciate feedback from our customers and any suggestions on how we can improve.
",2026-07-18T11:00:04
MakeMyTrip - Flights & Hotels,com.makemytrip,Travel,4f33c4b0-d108-4b30-a145-5c43278def78,SURAJ Aley,1,,to slow now a days,0,11.6.2,2026-07-18T10:43:40,"Hi, we regret any inconvenience caused. However, we would love to investigate the matter and resolve it for you. Please share your travel booking experience with us and let our team take care of this. You can reach out to us at https://app.mmyt.co/Xm2V/m7qmzlau",2026-07-19T17:18:32
MakeMyTrip - Flights & Hotels,com.makemytrip,Travel,71977181-8bf7-48cf-a79d-35c33b5b4ee5,Shravan Kumar Rao,1,,"Tried to cancel my bus ticket booking 3 days before the journey. It said I cannot cancel and I'm getting ₹0 refund because it is under non cancellation ticket. I'm the regular traveler and I use the same bus for booking, never ever I saw the option ""non cancellation ticket"". Hiding these things while booking is unethical. Sorry, but I'm never using this app again to book. Will go to redBus or Amazon.",1,11.6.2,2026-07-18T10:41:12,"Hi, we regret any inconvenience caused. However, we would love to investigate the matter and resolve it for you. Please share your travel booking experience with us and let our team take care of this. You can reach out to us at https://app.mmyt.co/Xm2V/jnwijn07",2026-07-19T17:17:54
MakeMyTrip - Flights & Hotels,com.makemytrip,Travel,93e1e76b-8900-443e-bf5d-9129450319c0,Amit Aingh,5,,Nice and smooth,0,11.6.2,2026-07-18T10:33:59,We always enjoy hearing our customer’s valuable feedback and suggestions.,2026-07-18T10:43:17
MakeMyTrip - Flights & Hotels,com.makemytrip,Travel,7bda5db2-4072-4c9b-a43b-2f0b0a79c732,GNR Agent,1,,pathetic service,0,11.6.2,2026-07-18T09:36:17,"Hi, we regret any inconvenience caused. However, we would love to investigate the matter and resolve it for you. Please share your travel booking experience with us and let our team take care of this. You can reach out to us at https://app.mmyt.co/Xm2V/8up1bhnc",2026-07-19T17:18:15
MakeMyTrip - Flights & Hotels,com.makemytrip,Travel,9131fd4f-f1ba-4ebb-bbbb-85906385bf8f,Vijay Gollapalli,1,,"plzzzz don't use make my trip app why because, worst customer support,they are mainten fake travels. and fake buses. i loss my money i didn't not get any refund. im strongly suggest 🙏 plzz don't loss ur money",0,9.2.2,2026-07-18T08:54:11,"Hi, we regret any inconvenience caused. However, we would love to investigate the matter and resolve it for you. Please share your travel booking experience with us and let our team take care of this. You can reach out to us at https://app.mmyt.co/Xm2V/lgsrfk7y",2026-07-19T17:16:36
MakeMyTrip - Flights & Hotels,com.makemytrip,Travel,5309b30b-bb73-4a7b-8df7-cd4d729379ad,Gopalakrishnan Vasu,1,,"I had booked a 5 days srilanka package. All property booked was very good, except for the last one in Colombo, The Berjaya hotel. I was so amazed by Sri Lanka and enjoyed the entire trip until I reached this final stop. Berjaya hotel. When escalated to MMT, a team did due diligence and gave refund Rs 2000. How does that compensate for a trip that costed Rs 2,30,000.",0,11.6.2,2026-07-18T08:53:16,"Hi, we regret any inconvenience caused. However, we would love to investigate the matter and resolve it for you. Please share your travel booking experience with us and let our team take care of this. You can reach out to us at https://app.mmyt.co/Xm2V/k3z35j9a",2026-07-19T17:17:19
MakeMyTrip - Flights & Hotels,com.makemytrip,Travel,3e2ff5b2-97f1-44a0-aca4-cc62a1c4e25e,Rishabh sinha,1,,"The app is showing tickets that were last refreshed two days ago. Before focusing on UI improvements, please ensure the ticket data is updated in real time. Accurate and up-to-date information is more important than visual enhancements.",0,11.6.2,2026-07-18T07:48:42,"Hi, we regret any inconvenience caused. However, we would love to investigate the matter and resolve it for you. Please share your travel booking experience with us and let our team take care of this. You can reach out to us at https://app.mmyt.co/Xm2V/c7uilm3f",2026-07-19T17:20:48
MakeMyTrip - Flights & Hotels,com.makemytrip,Travel,c6be1a52-0092-465a-966c-c39354fd2985,Subrata Das,1,,"fraud app, it's showing they have refunded my money but when I checked make my trip wallet section not a single penny has credited... don't trust this fraud app..go for ixigo..",0,11.6.2,2026-07-18T07:41:09,"Hi, we regret any inconvenience caused. However, we would love to investigate the matter and resolve it for you. Please share your travel booking experience with us and let our team take care of this. You can reach out to us at https://app.mmyt.co/Xm2V/694hqlrh",2026-07-18T10:24:37
MakeMyTrip - Flights & Hotels,com.makemytrip,Travel,2f311baf-4f48-4740-bad2-0a33fcac8c10,anvesh kalal,1,,"I booked a bus through MakeMyTrip expecting to reach my destination as per the scheduled arrival time. However, the bus reached approximately 5 hours late due to the driver's repeated stops on the outskirts of cities to wait for additional passengers. The delay was not caused by traffic, weather, or any unavoidable circumstances. This caused significant inconvenience and disrupted my plans. Such practices are unacceptable and reflect poor service quality. I request that MakeMyTrip investigate",2,11.6.2,2026-07-18T07:11:01,"Hi, we regret any inconvenience caused. However, we would love to investigate the matter and resolve it for you. Please share your travel booking experience with us and let our team take care of this. You can reach out to us at https://app.mmyt.co/Xm2V/qyw1e6fh",2026-07-18T10:17:51
MakeMyTrip - Flights & Hotels,com.makemytrip,Travel,2633ad24-f0d0-4b57-b511-163bbd97fd38,Siddartha Kondaveeti,1,,Hopeless app. customer care doesn't connect on time nor are they of any help. I made a booking and when I reached the property it is sold out. No help from customer care .,0,11.6.2,2026-07-18T06:58:18,"Hi, we regret any inconvenience caused. However, we would love to investigate the matter and resolve it for you. Please share your travel booking experience with us and let our team take care of this. You can reach out to us at https://app.mmyt.co/Xm2V/z7i5a8qg",2026-07-18T10:18:44
MakeMyTrip - Flights & Hotels,com.makemytrip,Travel,e1511ae6-927c-414a-88b8-2d7987a75011,Nayan Mahajan,1,,"Don't ever plan any vacation trip with them, this is the fraud app, they will mess up your whole tour package and will try to blame the airlines, then the vendor, hotels everyone except themselves. I don't know then whats there use. Trust me they are the biggest fraud avoid them.",0,11.6.2,2026-07-18T03:11:05,"Hi, we regret any inconvenience caused. However, we would love to investigate the matter and resolve it for you. Please share your travel booking experience with us and let our team take care of this. You can reach out to us at https://app.mmyt.co/Xm2V/q3fjhdfz",2026-07-18T10:18:26
MakeMyTrip - Flights & Hotels,com.makemytrip,Travel,4bb0f1f6-1b24-439c-b023-a3c928a42c4d,AHL SUNNA,5,,👍,0,11.6.2,2026-07-18T02:51:22,Thanks for your continued support! Your confidence in us is truly valued.,2026-07-18T02:52:22
MakeMyTrip - Flights & Hotels,com.makemytrip,Travel,2cb703ac-660c-4ed7-8997-a080a9ded780,Saisarath Patchava,5,,VERY SUPPORTIVE AND GOOD ...@AWESOME,0,,2026-07-18T02:40:03,"We appreciate feedback from our customers and any suggestions on how we can improve.
",2026-07-18T02:52:24
MakeMyTrip - Flights & Hotels,com.makemytrip,Travel,c511ca11-242e-4260-a9cd-4af76cff6d40,Tejal Deewana,5,,awesome app,0,11.6.2,2026-07-18T01:59:05,"We appreciate feedback from our customers and any suggestions on how we can improve.
",2026-07-18T02:03:26
MakeMyTrip - Flights & Hotels,com.makemytrip,Travel,2340a013-d497-467e-becd-aa8c4b320bd5,Biswajit Naskar,5,,good,0,11.6.2,2026-07-18T01:29:46,"Hearing such a positive feedback from our customer, makes our day.",2026-07-18T01:31:22
MakeMyTrip - Flights & Hotels,com.makemytrip,Travel,2679ce74-4b17-4153-af42-a7c7876fe7cc,janapati ravikumar,5,,I enjoyed the journey comfortably. The driver is very cooperative. I recommend others who wants to go outstation book cab in make my trip.,0,11.6.2,2026-07-18T01:08:58,We always enjoy hearing our customer’s valuable feedback and suggestions.,2026-07-18T01:14:58
MakeMyTrip - Flights & Hotels,com.makemytrip,Travel,9edd6d74-2e08-4715-8c73-7537b45a05f3,Naim Akram,5,,good,0,11.6.2,2026-07-18T00:18:45,We always enjoy hearing our customer’s valuable feedback and suggestions.,2026-07-18T00:26:14
MakeMyTrip - Flights & Hotels,com.makemytrip,Travel,cfb5e232-5afd-4322-9cf9-7bc68dd51d94,Nithin Abraham,1,,one of the worst experience to book tickets through make my trip to dubai. they are stealing money in the tickets cancelled by airlines and has no way to call them to a customer support neither they have a complaint mail id or escalation portal. and they have an idiotic AI call bot that keeps on repeating the same dialogue for all the time they have given a link to resolve which dont have any provision to register a complaint fake company,2,11.6.1,2026-07-18T00:06:26,"Hi, we regret any inconvenience caused. However, we would love to investigate the matter and resolve it for you. Please share your travel booking experience with us and let our team take care of this. You can reach out to us at https://app.mmyt.co/Xm2V/f0kmtkas",2026-07-18T10:16:00
MakeMyTrip - Flights & Hotels,com.makemytrip,Travel,f59fc444-a408-4698-a388-eb9434c2074b,Abhishek Chourasia,1,,your AI feature is annoying. its of no help,0,11.6.2,2026-07-17T22:09:30,"Hi, we regret any inconvenience caused. However, we would love to investigate the matter and resolve it for you. Please share your travel booking experience with us and let our team take care of this. You can reach out to us at https://app.mmyt.co/Xm2V/4hsxrsv8",2026-07-18T10:24:11
MakeMyTrip - Flights & Hotels,com.makemytrip,Travel,856e4454-79a2-4876-a3d2-019db371a6f1,ajay singh rathore,5,,very polite staff 👌 and tasty breakfast,0,11.6.2,2026-07-17T22:04:43,"We appreciate feedback from our customers and any suggestions on how we can improve.
",2026-07-17T22:15:51
MakeMyTrip - Flights & Hotels,com.makemytrip,Travel,aa1b574a-0bd1-4ba1-a07b-6fb35d9af513,Vipul Makwana,5,,very good 👍👍👍,0,11.6.2,2026-07-17T21:39:11,"Hearing such a positive feedback from our customer, makes our day.",2026-07-17T21:43:28
MakeMyTrip - Flights & Hotels,com.makemytrip,Travel,293904ce-6683-4310-af31-bd1cbb99f914,ABHISHEK SHARMA,1,,This app makes fool by showing very low fare advertisements on Instagram but actually that low fare never appears on your screen on any day and under any offer !!! scam !!,0,11.6.2,2026-07-17T21:20:40,"Hi, we regret any inconvenience caused. However, we would love to investigate the matter and resolve it for you. Please share your travel booking experience with us and let our team take care of this. You can reach out to us at https://app.mmyt.co/Xm2V/9k9qjyj4",2026-07-18T10:15:32
MakeMyTrip - Flights & Hotels,com.makemytrip,Travel,61b47ebe-6568-4b12-9db8-973c32be4608,Irfan Ahamed,1,,"payment gateway charge is high, ticket cost 217 rs payment gate way charge 10 rs",0,11.7.0,2026-07-17T20:58:27,"Hi, we regret any inconvenience caused. However, we would love to investigate the matter and resolve it for you. Please share your travel booking experience with us and let our team take care of this. You can reach out to us at https://app.mmyt.co/Xm2V/o9pvfl8j",2026-07-18T10:14:17
MakeMyTrip - Flights & Hotels,com.makemytrip,Travel,746d8eff-018c-4130-b72c-d04f74f8e61b,Vitthal Bhosale,1,,very disappointed service and and customer support team and not helpful at all,0,,2026-07-17T20:38:26,"Hi, we regret any inconvenience caused. However, we would love to investigate the matter and resolve it for you. Please share your travel booking experience with us and let our team take care of this. You can reach out to us at https://app.mmyt.co/Xm2V/559y25tc",2026-07-18T10:13:59
MakeMyTrip - Flights & Hotels,com.makemytrip,Travel,db8efe07-333f-43ad-817f-56ec41db5575,Abhinav Kumar,5,,All in One perfect,0,,2026-07-17T20:37:38,"Hearing such a positive feedback from our customer, makes our day.",2026-07-17T20:38:20
MakeMyTrip - Flights & Hotels,com.makemytrip,Travel,7e1942fa-e6a6-4d82-9ffa-7d657bcfc904,Prof. Devendra Agarwal,1,,due to negative feedback. prefer not to use by mistake,0,11.6.2,2026-07-17T20:36:03,"Hi, we regret any inconvenience caused. However, we would love to investigate the matter and resolve it for you. Please share your travel booking experience with us and let our team take care of this. You can reach out to us at https://app.mmyt.co/Xm2V/tw60d6r7",2026-07-18T10:13:32
MakeMyTrip - Flights & Hotels,com.makemytrip,Travel,2ddb0680-d8e7-42bf-9dad-63301b6811ca,Rekha Agrawal,5,,super jackpot 🎰,0,11.7.0,2026-07-17T20:27:55,"We appreciate feedback from our customers and any suggestions on how we can improve.
",2026-07-17T20:38:20
MakeMyTrip - Flights & Hotels,com.makemytrip,Travel,70002a64-137a-4429-b66f-ab9a18e988a9,ASHOK KUMAR BAGARIA,5,,User Friendly.,0,11.6.2,2026-07-17T20:10:47,We always enjoy hearing our customer’s valuable feedback and suggestions.,2026-07-17T20:22:08
MakeMyTrip - Flights & Hotels,com.makemytrip,Travel,4dcae0e3-bd6a-4abb-b9f7-e3f066388842,Nayef Nabulsi,1,,Was never able to proceed to pay and book,0,11.6.2,2026-07-17T18:58:24,"Hi, we regret any inconvenience caused. However, we would love to investigate the matter and resolve it for you. Please share your travel booking experience with us and let our team take care of this. You can reach out to us at https://app.mmyt.co/Xm2V/vuch9elp",2026-07-18T10:13:09
MakeMyTrip - Flights & Hotels,com.makemytrip,Travel,5019f904-9d0b-4c45-b6c4-fc89f46643bb,Delight Amedorme,1,,trust this app with your own risk. they are fraud,9,11.4.2,2026-07-17T18:05:37,"Hi, we regret any inconvenience caused. However, we would love to investigate the matter and resolve it for you. Please share your travel booking experience with us and let our team take care of this. You can reach out to us at https://app.mmyt.co/Xm2V/kxm1b2oo",2026-07-18T10:12:02
MakeMyTrip - Flights & Hotels,com.makemytrip,Travel,97279f71-ba99-491b-8b1f-9432d3e62c7d,Sunita Patel,5,,get cheapest flight,0,11.6.2,2026-07-17T17:31:18,"We appreciate feedback from our customers and any suggestions on how we can improve.
",2026-07-17T17:39:41
MakeMyTrip - Flights & Hotels,com.makemytrip,Travel,8c5d349f-7ed6-4082-9dd0-b0e732405429,yogesh shukla,1,,"I would like to tell everyone I know—and everyone on social media—not to fall for MakeMyTrip’s ""Guaranteed Trip 3* Return"" offer. They only refund the original ticket amount, while the rest is provided as a voucher valid for just 7 days—which is a massive fraud. Please take note of this offer from MakeMyTrip; I have suffered a loss because of it.",0,11.6.2,2026-07-17T17:21:18,"Hi, we regret any inconvenience caused. However, we would love to investigate the matter and resolve it for you. Please share your travel booking experience with us and let our team take care of this. You can reach out to us at https://app.mmyt.co/Xm2V/jcmwg7lt",2026-07-17T18:57:59
MakeMyTrip - Flights & Hotels,com.makemytrip,Travel,b0e234d4-91ac-4317-9d99-924499bc731b,Viraj Dhakan,5,,very good app 😄super service,0,11.6.2,2026-07-17T17:19:31,We always enjoy hearing our customer’s valuable feedback and suggestions.,2026-07-17T17:23:24
MakeMyTrip - Flights & Hotels,com.makemytrip,Travel,9d4c56d3-8762-477d-8e9a-d2e7a8bcc7d3,Sri Ramana International,5,,good experience nice service,0,,2026-07-17T16:22:36,Thanks for your continued support! Your confidence in us is truly valued.,2026-07-17T16:34:27
MakeMyTrip - Flights & Hotels,com.makemytrip,Travel,66c5833d-d0e5-4836-9d7a-c5ecf7f21e84,Prashant Vaishnav,1,,"I booked several flight tickets for Indigo and Air India. For claims, I needed a GST tax invoice issued by the airline. Indigo sent their tax invoice over email on the very next day of flight whereas with Air India I had to submit an online request for the same. Later, Air India asked to contact the travel agency i.e. MakeMyTrip for tax invoice. If you are going to claim from your organisatipn, Avoid flight booking on Air India with MMT.",0,11.6.2,2026-07-17T16:06:57,"Hi, we regret any inconvenience caused. However, we would love to investigate the matter and resolve it for you. Please share your travel booking experience with us and let our team take care of this. You can reach out to us at https://app.mmyt.co/Xm2V/sz2em26a",2026-07-17T18:59:18
MakeMyTrip - Flights & Hotels,com.makemytrip,Travel,2f345723-c807-4b43-bd80-039e1d7bce14,Nitesh Sosa,1,,रिफंड देने में बहुत ही बकवास सिस्टम है। जो डेट देते है उसके 10 दिन बाद भी रिफंड नहीं देते और हमारा कीमती समय का वेस्ट करते है।,0,11.6.2,2026-07-17T14:48:23,"Hi, we regret any inconvenience caused. However, we would love to investigate the matter and resolve it for you. Please share your travel booking experience with us and let our team take care of this. You can reach out to us at https://app.mmyt.co/Xm2V/aq3fm30v",2026-07-17T15:29:18
MakeMyTrip - Flights & Hotels,com.makemytrip,Travel,1466376b-ae20-4890-a07a-0f3900b3b74f,Moaath AlOthman,1,,"There's no option for changing flights or even inquiry option, worst travel app ever. definitely not gonna book through it again!",0,11.6.2,2026-07-17T14:26:08,"Hi, we regret any inconvenience caused. However, we would love to investigate the matter and resolve it for you. Please share your travel booking experience with us and let our team take care of this. You can reach out to us at https://app.mmyt.co/Xm2V/xk938akt",2026-07-17T15:29:55
MakeMyTrip - Flights & Hotels,com.makemytrip,Travel,481bfa84-c785-4002-8907-8f7c7f6ffce6,Akshay Panchal,5,,good,0,,2026-07-17T14:00:41,"We appreciate feedback from our customers and any suggestions on how we can improve.
",2026-07-17T14:08:54
MakeMyTrip - Flights & Hotels,com.makemytrip,Travel,c62a39a6-9138-4f69-a1d2-2aae3fa58f1c,Gobi Nathan,5,,good,0,,2026-07-17T13:06:45,We always enjoy hearing our customer’s valuable feedback and suggestions.,2026-07-17T13:19:30
MakeMyTrip - Flights & Hotels,com.makemytrip,Travel,a497b3c0-0fe2-468a-80e4-1b6a4c862756,Aashish Kumar,1,,"I would have given minus 5 for this app. I have been using MMT for several years but this time I have faced a major problem of refund, 87k. and I have been migrating over email from customer care representative to another and now its been 8 months and I am still awaiting for my refund. Ironically there is almost no way to reach out to their customer care and very difficult to deal with this incase you got stuck somewhere in booking with them. I highly recommend not to use MMT.",2,11.6.2,2026-07-17T12:36:40,"Hi, we regret any inconvenience caused. However, we would love to investigate the matter and resolve it for you. Please share your travel booking experience with us and let our team take care of this. You can reach out to us at https://app.mmyt.co/Xm2V/prf0fyxh",2026-07-17T15:28:07
MakeMyTrip - Flights & Hotels,com.makemytrip,Travel,c34c0b3a-bb17-4c99-9fdf-cb862a78d332,Muhsin Mohamed,1,,Worst experiance I had with Make my Trip. Never will book hotels or tickets from them. Worst support service.,0,11.6.2,2026-07-17T12:30:44,"Hi, we regret any inconvenience caused. However, we would love to investigate the matter and resolve it for you. Please share your travel booking experience with us and let our team take care of this. You can reach out to us at https://app.mmyt.co/Xm2V/eighfbbu",2026-07-17T15:27:49
MakeMyTrip - Flights & Hotels,com.makemytrip,Travel,b2ca4133-a707-4298-ba17-549105220424,Sai Abhiram Reddy V,1,,"the customer support is a pure scam, and they cheat you. please do not use this app!!",0,,2026-07-17T12:05:10,"Hi, we regret any inconvenience caused. However, we would love to investigate the matter and resolve it for you. Please share your travel booking experience with us and let our team take care of this. You can reach out to us at https://app.mmyt.co/Xm2V/8frel5gx",2026-07-17T15:24:42
MakeMyTrip - Flights & Hotels,com.makemytrip,Travel,18ba662c-7668-4956-bcdc-3f11cbab11ad,Deepankar Singh,1,,there is no option to contact customer support for gift card which they silently expired. wrote emails make multiple calls but no response on email and call is not allowing me to connect with the last 12 digit of my gift card number. never buy MakeMyTrip gift card.,0,11.6.2,2026-07-17T10:37:02,"Hi, we regret any inconvenience caused. However, we would love to investigate the matter and resolve it for you. Please share your travel booking experience with us and let our team take care of this. You can reach out to us at https://app.mmyt.co/Xm2V/egx6b84e",2026-07-17T11:17:51
MakeMyTrip - Flights & Hotels,com.makemytrip,Travel,ed83d78f-bf73-42f6-8231-e43e0568d98f,Zero Reality,5,,Very good,0,,2026-07-17T08:54:59,"Hearing such a positive feedback from our customer, makes our day.",2026-07-17T08:59:43
MakeMyTrip - Flights & Hotels,com.makemytrip,Travel,30b0157f-5a56-4ba1-b393-9b9bc71c4bfe,Kunal Verma,5,,"Very good, helpful and convenient app.",0,11.6.2,2026-07-17T08:15:13,"We appreciate feedback from our customers and any suggestions on how we can improve.
",2026-07-17T08:27:00
MakeMyTrip - Flights & Hotels,com.makemytrip,Travel,8d92cb68-3e4a-4522-bbff-8e2feeb27d2d,Devik Desani,1,,third class app,0,11.6.2,2026-07-17T06:22:51,"Hi, we regret any inconvenience caused. However, we would love to investigate the matter and resolve it for you. Please share your travel booking experience with us and let our team take care of this. You can reach out to us at https://app.mmyt.co/Xm2V/v4y2rgsv",2026-07-17T11:17:27
MakeMyTrip - Flights & Hotels,com.makemytrip,Travel,de4430bf-b575-4e6c-b6ff-b27f9bec3a22,Rahul chaudhari 34,1,,very bad app don't use.,0,11.5.2,2026-07-17T04:12:10,"Hi, we regret any inconvenience caused. However, we would love to investigate the matter and resolve it for you. Please share your travel booking experience with us and let our team take care of this. You can reach out to us at https://app.mmyt.co/Xm2V/foc8aiyv",2026-07-17T11:16:42
MakeMyTrip - Flights & Hotels,com.makemytrip,Travel,476243da-aba8-473a-afb6-2499f52755fc,Alok yadav,1,,"The bus met with an accident, but there was no help; the injured were left stranded on the road. I booked a taxi three hours later. never buy make my trip use in my hole life suggest all Indian members not use make my trip fake / fraud no response",0,11.6.2,2026-07-17T01:41:31,"Hi, we regret any inconvenience caused. However, we would love to investigate the matter and resolve it for you. Please share your travel booking experience with us and let our team take care of this. You can reach out to us at https://app.mmyt.co/Xm2V/6wi4ttkr",2026-07-17T11:19:57
MakeMyTrip - Flights & Hotels,com.makemytrip,Travel,59b23583-cd02-4cae-b59b-776a2d7e33ca,Indranil Pathak,5,,ok,0,11.6.2,2026-07-17T01:33:37,"We appreciate feedback from our customers and any suggestions on how we can improve.
",2026-07-17T01:40:49
MakeMyTrip - Flights & Hotels,com.makemytrip,Travel,a188f7c7-df30-4f33-83c7-7dc190cd3fde,AYNISH SEQUEIRA,5,,It was a really good Idea of pre booking and keeping and I had no issues searching for cabs later....overall excellent service i always prefer MakeMytrip I also book for my family n frnds from here and I also tell them to download this app and check for options one of the best apps for travel safe journey,1,,2026-07-17T01:16:19,Thanks for your continued support! Your confidence in us is truly valued.,2026-07-17T01:24:55
MakeMyTrip - Flights & Hotels,com.makemytrip,Travel,f6c67283-1dc4-4ad4-b3ae-681faf1db3f5,Yashoo Varshney,5,,easy to find best hotels flights and all,0,11.6.2,2026-07-17T00:38:16,Thanks for your continued support! Your confidence in us is truly valued.,2026-07-17T00:52:04
MakeMyTrip - Flights & Hotels,com.makemytrip,Travel,3d49164a-a3c4-49ce-bb17-5dc8252402a7,THE AVENGERS TEAM,5,,😎,0,,2026-07-17T00:13:06,"Hearing such a positive feedback from our customer, makes our day.",2026-07-17T00:19:37
MakeMyTrip - Flights & Hotels,com.makemytrip,Travel,23182edb-a22a-4650-a9c3-986e532b9901,Rampratap chauhan,1,,ye app bilkul froud karta hai bus walo ke sath milke,0,11.6.2,2026-07-16T23:44:09,"Hi, we regret any inconvenience caused. However, we would love to investigate the matter and resolve it for you. Please share your travel booking experience with us and let our team take care of this. You can reach out to us at https://app.mmyt.co/Xm2V/wxv2f0t5",2026-07-17T11:16:59
MakeMyTrip - Flights & Hotels,com.makemytrip,Travel,6ac464b9-1717-474a-8917-343200073cc3,Mohammed Kasim MC,5,,excellent,1,11.6.2,2026-07-16T22:37:09,We always enjoy hearing our customer’s valuable feedback and suggestions.,2025-10-23T21:05:26
MakeMyTrip - Flights & Hotels,com.makemytrip,Travel,91e79bde-988a-41d9-9187-ebd726d2fcd7,NISHA KUMARI,1,,bhai bekar app hai make my trip guarantee trip ka tiket katoge app wada krta hai confirm nhi hone par 3x refund krenge but aisa kuch vi nhi deta hai hamara avi tak mai 2- 2 ticket confirmation ka katwe wo vi paisa waste ho gya hai bekar app hai not believe,0,,2026-07-16T22:18:26,"We are sorry for not living up to your expectations. However, we promise to enhance your train booking experiences. Please share your grievance details at https://app.mmyt.co/Xm2V/re2yc66n Our concerned team will look into it.",2026-07-17T11:15:57
MakeMyTrip - Flights & Hotels,com.makemytrip,Travel,33d2c9b7-7126-4117-ac52-19c54890b4fd,sanal thathapuzha,5,,awesome.,1,11.6.2,2026-07-16T21:26:11,"We appreciate feedback from our customers and any suggestions on how we can improve.
",2026-07-16T21:37:08
MakeMyTrip - Flights & Hotels,com.makemytrip,Travel,58ac3f63-ea5c-4efd-88c3-7d9ec3585af0,Vageesh Patil,1,,worst ticket booking experience ever . worst service,0,11.6.2,2026-07-16T21:05:53,"Hi, we regret any inconvenience caused. However, we would love to investigate the matter and resolve it for you. Please share your travel booking experience with us and let our team take care of this. You can reach out to us at https://app.mmyt.co/Xm2V/l7r3x8wb",2026-07-17T11:08:46
MakeMyTrip - Flights & Hotels,com.makemytrip,Travel,cf95a69e-7dbd-4fd7-9878-1d4dc870c7cf,Ahsan latif,5,,Amazing,0,,2026-07-16T20:06:45,We always enjoy hearing our customer’s valuable feedback and suggestions.,2026-07-16T20:15:51
MakeMyTrip - Flights & Hotels,com.makemytrip,Travel,c9643aeb-8246-42ee-9831-24dc57d671b9,Dev Chahal,4,,good experience but takes time to update,0,11.5.2,2026-07-16T19:05:52,We always enjoy hearing our customer’s valuable feedback and suggestions.,2026-07-16T19:11:03
MakeMyTrip - Flights & Hotels,com.makemytrip,Travel,4956605d-1743-4a4a-8045-e06bd35aa85b,Jagjit Singh,5,,Good Experience,0,,2026-07-16T17:54:54,Thanks for your continued support! Your confidence in us is truly valued.,2026-07-16T18:05:55
MakeMyTrip - Flights & Hotels,com.makemytrip,Travel,490a0651-4ad4-4978-ae5e-d7acd7fc6860,Rosy Margret,1,,"Makemytrip is scamming customers by providing false cancellation charges before cancellation and a totally different amount is refunded. The customer care agent is rude and says that's their policy and abruptly ends the chat. Even worse,the bot doesn't allow us to connect with customer care before cancellation and the agent is asking why I didn't connect before cancellation. The bus operators details provided are fake and the agent doesn't empathize and acts very lethargic and irresponsible.",2,11.6.2,2026-07-16T16:38:56,"Hi, we regret any inconvenience caused. However, we would love to investigate the matter and resolve it for you. Please share your travel booking experience with us and let our team take care of this. You can reach out to us at https://app.mmyt.co/Xm2V/e44fm6wf",2026-07-16T18:54:56
MakeMyTrip - Flights & Hotels,com.makemytrip,Travel,94945672-672e-4c73-96ff-72f745940290,Mohamed Niz27,5,,excellent,0,11.6.2,2026-07-16T16:31:53,We always enjoy hearing our customer’s valuable feedback and suggestions.,2026-07-16T16:44:37
MakeMyTrip - Flights & Hotels,com.makemytrip,Travel,29501a33-b64d-424c-8fea-40430cd99fb8,Pari Sangwan,5,,nice,0,,2026-07-16T16:15:00,"Hearing such a positive feedback from our customer, makes our day.",2026-07-16T16:28:46
MakeMyTrip - Flights & Hotels,com.makemytrip,Travel,489f3079-7d01-40a4-99bf-b6cb50bf91a2,Suraj Soni,5,,best,0,11.6.2,2026-07-16T16:10:11,"Hearing such a positive feedback from our customer, makes our day.",2026-07-16T16:12:05
MakeMyTrip - Flights & Hotels,com.makemytrip,Travel,b678ca49-2d9a-46ee-9c4e-0e25794fee42,Sumit Riang,5,,helpfull apps,0,,2026-07-16T15:18:30,"Hearing such a positive feedback from our customer, makes our day.",2026-07-16T15:23:18
MakeMyTrip - Flights & Hotels,com.makemytrip,Travel,77bc9037-eac6-4abb-855a-c2ea7e9b2926,shraboni garai,1,,too Much disappointed from MakeMyTrip... for my last Trip...,1,11.6.2,2026-07-16T14:46:28,"Hi, we regret any inconvenience caused. However, we would love to investigate the matter and resolve it for you. Please share your travel booking experience with us and let our team take care of this. You can reach out to us at https://app.mmyt.co/Xm2V/qat3tpud",2026-07-16T16:28:20
MakeMyTrip - Flights & Hotels,com.makemytrip,Travel,d43a0d0f-5fab-4789-a143-85667372aa0c,Farheen Fatima Syeda,1,,this app it's not good waste of time..I book my bus ticket but bus it's not coming in my booking place I will wait bus for 1 hour but not good even bus driver also he didn't recv the call even they don't give my refund back.. I'm very disappointed this app don't use this app very bad experience....😡😡😡🤬🤬🤬🤬👎👎👎👎👎,1,11.6.2,2026-07-16T14:41:28,"Hi, we regret any inconvenience caused. However, we would love to investigate the matter and resolve it for you. Please share your Bus booking experience with us and let our team take care of this. You can reach out to us at https://app.mmyt.co/Xm2V/g2grdy7w",2026-07-16T16:29:09
MakeMyTrip - Flights & Hotels,com.makemytrip,Travel,e7a78954-1e68-42e4-9044-5becaead6d4c,Susant Sahoo,5,,nice,0,11.6.2,2026-07-16T14:01:26,Thanks for your continued support! Your confidence in us is truly valued.,2026-07-16T14:02:08
MakeMyTrip - Flights & Hotels,com.makemytrip,Travel,6eb9ce72-f2d7-4122-ac69-833aaa2b16ef,Vivekanand Gupta,5,,bahut achha,0,,2026-07-16T13:08:23,Thanks for your continued support! Your confidence in us is truly valued.,2026-07-16T13:13:35
MakeMyTrip - Flights & Hotels,com.makemytrip,Travel,c0f58af2-6bd9-4546-b332-365f582acc11,Rahul Swarnakar,1,,"MakeMyTrip is a useless booking app. Never use their 3X Refund option. They don't ensure your ticket gets confirmed. Instead of giving you the benefits you paid for, they may leave your ticket in RAC, and they don't seem to care about the inconvenience caused to customers. If people only wanted an RAC ticket, why would they pay extra through this app? There's no point in paying additional charges if you still have to travel with an unconfirmed ticket.",1,,2026-07-16T13:04:28,"Hi, we regret any inconvenience caused. However, we would love to investigate the matter and resolve it for you. Please share your Train booking experience with us and let our team take care of this. You can reach out to us at https://app.mmyt.co/Xm2V/81euc43q",2026-07-16T14:43:47
MakeMyTrip - Flights & Hotels,com.makemytrip,Travel,ff733fd5-df5a-418e-a287-2e8c2e0a1a19,Sandip Barik,5,,"Awesome app.My go to app for travel.No payment misses,no technical snags.Always deliver what they have committed.",0,11.6.2,2026-07-16T12:56:57,We always enjoy hearing our customer’s valuable feedback and suggestions.,2026-07-16T13:13:35
MakeMyTrip - Flights & Hotels,com.makemytrip,Travel,7c38b828-9701-4fa2-9b3e-89bbeb233867,Gaurav Chaudhary,5,,very good,0,11.6.2,2026-07-16T12:04:53,"Hearing such a positive feedback from our customer, makes our day.",2026-07-16T12:08:23
MakeMyTrip - Flights & Hotels,com.makemytrip,Travel,ae008563-ba2e-432b-8fc9-6733ef6eb63d,Nitisha Gupta,1,,"Terrible customer service. After being a loyal customer for a long time, I am officially taking my business elsewhere—likely to Goibibo. They completely ignore customer issues, opening tickets and marking them as resolved without ever calling and resolving actual concern. I'm done using their services.""",0,,2026-07-16T11:38:37,"Hi, we regret any inconvenience caused. However, we would love to investigate the matter and resolve it for you. Please share your travel booking experience with us and let our team take care of this. You can reach out to us at https://app.mmyt.co/Xm2V/3v8mpm17",2026-07-16T14:49:54
MakeMyTrip - Flights & Hotels,com.makemytrip,Travel,7fec84fc-31aa-4f80-9866-18fa50c0c627,Bharat Pawar,1,,software was hang and more no. of ads are frequently comming,0,11.6.2,2026-07-16T11:33:42,"Hi, we regret any inconvenience caused. However, we would love to investigate the matter and resolve it for you. Please share your travel booking experience with us and let our team take care of this. You can reach out to us at https://app.mmyt.co/Xm2V/uqjyn9ez",2026-07-16T14:42:57
MakeMyTrip - Flights & Hotels,com.makemytrip,Travel,de99b48a-f3af-47c6-b98e-3a4fe465d4f4,Jitendra Salunke,1,,hery bad service please do not use this hotel.,0,,2026-07-16T11:27:55,"Hi, we regret any inconvenience caused. However, we would love to investigate the matter and resolve it for you. Please share your Hotel booking experience with us and let our team take care of this. You can reach out to us at
https://app.mmyt.co/Xm2V/reuwlxwm",2026-07-16T14:42:26
MakeMyTrip - Flights & Hotels,com.makemytrip,Travel,212ea4eb-7db7-4ec4-92dd-f2ef177ff83b,Nanda,1,,"The worst ...there is no customer service support.They do not provide refund properly.scam. kindly provide human support in the app,how do you expect customers to contact you?",1,11.6.2,2026-07-16T11:25:54,"Hi, we regret any inconvenience caused. However, we would love to investigate the matter and resolve it for you. Please share your travel booking experience with us and let our team take care of this. You can reach out to us at https://app.mmyt.co/Xm2V/rl2pieiq",2026-07-16T14:44:23
MakeMyTrip - Flights & Hotels,com.makemytrip,Travel,e20b8c50-8c2f-4b05-b520-0ae8b265856e,jiten barad,5,,overall experience is good,0,11.6.2,2026-07-16T11:11:45,We always enjoy hearing our customer’s valuable feedback and suggestions.,2026-07-16T11:19:34
MakeMyTrip - Flights & Hotels,com.makemytrip,Travel,f50b3069-b77c-4217-beef-bb5009f89681,awanish avi,1,,Ads in My Orders section.,1,11.6.2,2026-07-16T10:56:15,"Hi, we regret any inconvenience caused. However, we would love to investigate the matter and resolve it for you. Please share your travel booking experience with us and let our team take care of this. You can reach out to us at https://app.mmyt.co/Xm2V/1lrtm2x9",2026-07-16T11:26:07
MakeMyTrip - Flights & Hotels,com.makemytrip,Travel,17650a7f-0e2d-4e22-9d84-a97eb4f4370f,Dhivakar Samidurai,5,,good to communicate and book tickets,0,,2026-07-16T10:21:27,We always enjoy hearing our customer’s valuable feedback and suggestions.,2026-07-16T10:30:50
MakeMyTrip - Flights & Hotels,com.makemytrip,Travel,c5114366-3697-4a30-8e8c-3202afa9f62a,Kishalay Ghosh,5,,one of the most trusted app,0,11.6.2,2026-07-16T10:20:56,"Hearing such a positive feedback from our customer, makes our day.",2026-07-16T10:30:54
MakeMyTrip - Flights & Hotels,com.makemytrip,Travel,38da574d-1b9f-4cc7-9396-1af5cf4a8389,Vishal singh,1,,fraud app he no return,0,,2026-07-16T10:04:07,"Hi, we regret any inconvenience caused. However, we would love to investigate the matter and resolve it for you. Please share your travel booking experience with us and let our team take care of this. You can reach out to us at https://app.mmyt.co/Xm2V/x9ru47gg",2026-07-16T11:26:21
MakeMyTrip - Flights & Hotels,com.makemytrip,Travel,6bcd1c8b-e071-4eb5-8f73-fa223f18c029,Karthick Kumar,2,,"I am very disappointed with the service. I booked my airline ticket for 29 March 2026 but my refund issue is still unresolved,and customer support continues to avoid providing proper assistance. I trusted this platform, but my experience has been unfair and frustrating. Customers expect clear communication and timely refunds, not excuses or long waits. Please resolve this issue immediately.",4,11.6.2,2026-07-16T08:47:49,"Hi, we regret any inconvenience caused. However, we would love to investigate the matter and resolve it for you. Please share your travel booking experience with us and let our team take care of this. You can reach out to us at https://app.mmyt.co/Xm2V/qse9jkej",2026-07-16T11:26:45
MakeMyTrip - Flights & Hotels,com.makemytrip,Travel,867fa8c2-1a17-4123-bb2d-4ef8375e3df7,rakesh kumar,5,,Good 👍,0,,2026-07-16T08:25:53,Thanks for your continued support! Your confidence in us is truly valued.,2026-07-16T08:37:27
MakeMyTrip - Flights & Hotels,com.makemytrip,Travel,e3579478-b257-463c-8bb4-f1d0fc48d453,KAVIARASU C,1,,Waste app. They said First time ₹100 offer. But i booked after not applied for me. Very very worst. 🤮🤮🤮,0,,2026-07-16T08:08:39,"Hi, we regret any inconvenience caused. However, we would love to investigate the matter and resolve it for you. Please share your travel booking experience with us and let our team take care of this. You can reach out to us at https://app.mmyt.co/Xm2V/zv9yg5s4",2026-07-16T11:25:29
MakeMyTrip - Flights & Hotels,com.makemytrip,Travel,e050f776-5879-46b5-9f17-897ec799f586,Shaunak Das,1,,waste app for travel bookings,0,7.1.7,2026-07-16T02:00:41,"Hi, we regret any inconvenience caused. However, we would love to investigate the matter and resolve it for you. Please share your travel booking experience with us and let our team take care of this. You can reach out to us at https://app.mmyt.co/Xm2V/syuqju88",2026-07-16T11:25:08
MakeMyTrip - Flights & Hotels,com.makemytrip,Travel,c60e2213-8bec-470f-9db6-fbc77eb1f1ac,ANAS AHMAD,1,,"You have charged a convenience fee of Rs. 509. Please don’t make us feel cheated. I have been using your platform for the last 8 years, and every year I book tickets worth around Rs. 2 lakh..! soon I will uninstall this app ..🤬",0,11.6.2,2026-07-16T01:32:09,We are sorry for any inconvenience caused during your flight ticket booking. Our dedicated team will look into the matter right away. Please share your grievance details at https://app.mmyt.co/Xm2V/1lskqj8i we can understand the nature of the issue and resolve it for you. We are always at your service.,2026-07-16T11:24:06
MakeMyTrip - Flights & Hotels,com.makemytrip,Travel,cf766457-9ae8-4f11-bd43-ec66304db4fe,manish patil,1,,make my trip wastage money muze jo hotel diya use jaise hi maine entry kiya toh dekha bathroom me two packet condom sex karke fake diye they main teen din ke liye room book kiya tha us din se kohi server na room saaf karne aya na service dene kohi aya mere se bahut badi galti huhi ke mane make my trip pe booking ki maine paise bhi jyada wastage kiya please ignore this hotel and make my trip super hotel o laxman nagar banher yaha kbhi mat jana this is dirty place.,0,11.2.3,2026-07-16T00:57:32,"Hi, we feel extremely sorry for all the troubles you had during hotel booking. Please get in touch with our concerned team at https://app.mmyt.co/Xm2V/l0k6ol5p and share the details of your hotel booking experience. We will look into the issue on priority.",2026-07-16T11:23:28
MakeMyTrip - Flights & Hotels,com.makemytrip,Travel,19d8e2e0-7ad2-482f-9c77-66cb00557d77,Fahim Khan,5,,Good,0,11.6.2,2026-07-16T00:44:18,We always enjoy hearing our customer’s valuable feedback and suggestions.,2026-07-16T00:45:52
MakeMyTrip - Flights & Hotels,com.makemytrip,Travel,8f2f8724-4741-44b6-881e-a30aaa82d400,Abhishek Kumar,1,,"price difference every time , while selecting and during payment",0,11.6.2,2026-07-16T00:44:13,"Hi, we regret any inconvenience caused. However, we would love to investigate the matter and resolve it for you. Please share your travel booking experience with us and let our team take care of this. You can reach out to us at https://app.mmyt.co/Xm2V/uk0y1pm2",2026-07-16T11:22:07
MakeMyTrip - Flights & Hotels,com.makemytrip,Travel,4248e3f2-4fd2-4b4a-9ecc-7c1704ca72f8,Irshad Ahmad Ansari,1,,worst experience during hotel stay. MMT customer service pathetic...,0,11.3.0,2026-07-16T00:36:30,"Hi, we regret any inconvenience caused. However, we would love to investigate the matter and resolve it for you. Please share your travel booking experience with us and let our team take care of this. You can reach out to us at https://app.mmyt.co/Xm2V/zr1urjyi",2026-07-16T11:22:24
MakeMyTrip - Flights & Hotels,com.makemytrip,Travel,499e59f5-d01f-4524-bda3-69df746b74d3,Dhananjay kumar Ojha,1,,this is fraud only nothing else,0,11.6.2,2026-07-16T00:33:03,"Hi, we regret any inconvenience caused. However, we would love to investigate the matter and resolve it for you. Please share your travel booking experience with us and let our team take care of this. You can reach out to us at https://app.mmyt.co/Xm2V/popdf73t",2026-07-16T11:21:51
MakeMyTrip - Flights & Hotels,com.makemytrip,Travel,fa8b3d8d-0bbc-47f6-9c71-66e6a94413bf,Lalit Gupta,1,,Mmt company ने कई लोगों के पैसे return नहीं करे हमे to dolesh के वीडियो से पता लगा,0,11.6.2,2026-07-16T00:21:28,"Hi, we regret any inconvenience caused. However, we would love to investigate the matter and resolve it for you. Please share your travel booking experience with us and let our team take care of this. You can reach out to us at https://app.mmyt.co/Xm2V/97z5fk5p",2026-07-16T11:20:40
MakeMyTrip - Flights & Hotels,com.makemytrip,Travel,81d68960-a506-43ac-89e7-c6c263a2a542,A. S.,1,,Avoid at all cost!,0,,2026-07-16T00:09:40,"Hi, we regret any inconvenience caused. However, we would love to investigate the matter and resolve it for you. Please share your travel booking experience with us and let our team take care of this. You can reach out to us at https://app.mmyt.co/Xm2V/h0nzcpip",2026-07-16T11:20:18
MakeMyTrip - Flights & Hotels,com.makemytrip,Travel,8ad3b33e-4056-4c0e-9f70-2ec9d0e848d8,Lakshya Goyal,1,,scammers app,0,,2026-07-16T00:09:17,"Hi, we regret any inconvenience caused. However, we would love to investigate the matter and resolve it for you. Please share your travel booking experience with us and let our team take care of this. You can reach out to us at https://app.mmyt.co/Xm2V/5kb6634i",2026-07-16T11:21:04
MakeMyTrip - Flights & Hotels,com.makemytrip,Travel,503233b3-5be9-4769-8031-0d6de221271e,Rahul Sharma,1,,too much hang this app,0,8.7.0,2026-07-16T00:06:48,"Hi, we regret any inconvenience caused. However, we would love to investigate the matter and resolve it for you. Please share your travel booking experience with us and let our team take care of this. You can reach out to us at https://app.mmyt.co/Xm2V/zmyfjl9e",2026-07-16T11:21:23
MakeMyTrip - Flights & Hotels,com.makemytrip,Travel,9bd80791-0b84-40f7-9d5e-db27397cedd2,S Shunemi,1,,Not stand on their own policy no customer care service my trip got cancelled but 3x refund not given 1x refund given and 2x voucher given with valid only one week this is very ridiculous what can I suppose to do with that voucher I don't have any trips in that validity time period this is the way how they are cheating people... what a cunning reality wow,0,11.6.2,2026-07-15T23:46:19,"We are sorry for not living up to your expectations. However, we promise to enhance your train booking experiences. Please share your grievance details at https://app.mmyt.co/Xm2V/51xpcez7 Our concerned team will look into it.",2026-07-16T11:24:44
MakeMyTrip - Flights & Hotels,com.makemytrip,Travel,59db99a9-40b4-438a-b1d5-413ceca7d394,athar khan,1,,worst customer support and no response for refund after flight has been cancelled from airline following from 4 months and no response from customer care. Give training to your customer support to answer after putting on hold for 25 minutes your agent shalini.,0,11.6.2,2026-07-15T23:38:42,We are sorry for any inconvenience caused during your flight ticket booking. Our dedicated team will look into the matter right away. Please share your grievance details at https://app.mmyt.co/Xm2V/nzpjuihx we can understand the nature of the issue and resolve it for you. We are always at your service.,2026-07-16T11:19:45
MakeMyTrip - Flights & Hotels,com.makemytrip,Travel,cfc49ccb-b8af-4ed8-8541-95ade63eb83b,Ningthoujam Makjal,1,,Compete Fraud App they gave me coupon instead of refunding with a validity of one year but the coupon is not working. Hotels that are booked through MMT gets rated 5star on its own.,0,9.0.5,2026-07-15T23:18:17,"Hi, we feel extremely sorry for all the troubles you had during hotel booking. Please get in touch with our concerned team at https://app.mmyt.co/Xm2V/wke928xi and share the details of your hotel booking experience. We will look into the issue on priority.",2026-07-16T11:19:03
MakeMyTrip - Flights & Hotels,com.makemytrip,Travel,b98c99a8-1f80-4b3e-a958-743be0502d88,Mm Mm,5,,"excellent hotel ,staff and food I love it",0,,2026-07-15T22:42:00,"Hearing such a positive feedback from our customer, makes our day.",2026-07-15T22:52:08
MakeMyTrip - Flights & Hotels,com.makemytrip,Travel,ba3106b5-d92c-4ad0-a9f3-da5477464ba8,Wasim Ahmed,1,,"very bad experience regarding hotel booking in phuket patong lamai residence as the picture shown in the mmt aap the original scenario of the room was totally different, the room was dirty and filthy bad smell was coming,I had to go to another hotel and my Full booking money was not returned. I hope mmt should not promote or provide such wastage hotel,, very disappointed and unhappy..",0,,2026-07-15T21:19:05,"Hi, we feel extremely sorry for all the troubles you had during hotel booking. Please get in touch with our concerned team at https://app.mmyt.co/Xm2V/gsqo8rzr and share the details of your hotel booking experience. We will look into the issue on priority.",2026-07-16T11:18:25
MakeMyTrip - Flights & Hotels,com.makemytrip,Travel,a6040ffb-340c-4f7f-984b-e29d47909399,Atanu Banerjee,1,,My flight was cancelled by the airlines still i didn't received my refund. My refund request was rejected.,0,11.6.2,2026-07-15T21:04:34,We are sorry for any inconvenience caused during your flight ticket booking. Our dedicated team will look into the matter right away. Please share your grievance details at https://app.mmyt.co/Xm2V/334i8wxi we can understand the nature of the issue and resolve it for you. We are always at your service.,2026-07-16T11:17:25
MakeMyTrip - Flights & Hotels,com.makemytrip,Travel,29260b08-2a76-423d-b8e4-1abe1cbf4058,eesha Srivastava,4,,good,0,11.6.2,2026-07-15T20:45:02,Thanks for your continued support! Your confidence in us is truly valued.,2026-07-15T20:58:26
MakeMyTrip - Flights & Hotels,com.makemytrip,Travel,c3e1ddda-bd1f-4e3b-aedc-29d2245271b0,Jbv,1,,cheaters are charging hidden money and increasing prices while going for payment.,0,,2026-07-15T20:09:29,"Hi, we regret any inconvenience caused. However, we would love to investigate the matter and resolve it for you. Please share your travel booking experience with us and let our team take care of this. You can reach out to us at https://app.mmyt.co/Xm2V/96tzfr9q",2026-07-16T11:16:41
MakeMyTrip - Flights & Hotels,com.makemytrip,Travel,40486ba3-5ccc-4941-bd97-8a45dd647000,Kalpesh Nagar,1,,"I generally don't leave ratings or reviews, my experience with MakeMyTrip's customer support. Instead of trying to resolve my issue, the support agent simply replied, ""That's your right,"" when I said I would share my experience on social media if my issue wasn't resolved. This response clearly shows a lack of concern for customers. I expected empathy and a genuine effort to help, but all I received was a generic apology without any resolution. pls recheck before using this app. Thanks",0,11.6.2,2026-07-15T19:33:42,"Hi, we regret any inconvenience caused. However, we would love to investigate the matter and resolve it for you. Please share your travel booking experience with us and let our team take care of this. You can reach out to us at https://app.mmyt.co/Xm2V/10dymhc0",2026-07-16T11:15:10
MakeMyTrip - Flights & Hotels,com.makemytrip,Travel,fc78f919-20a0-408c-b714-cdd6484a8395,Vivek Mishra,5,,Good experience,0,,2026-07-15T19:19:58,We always enjoy hearing our customer’s valuable feedback and suggestions.,2026-07-15T19:20:53
MakeMyTrip - Flights & Hotels,com.makemytrip,Travel,6210927d-c175-49e8-97ac-06aa2108c10e,Nemichand Suthar,5,,good,0,11.6.1,2026-07-15T19:03:05,"Hearing such a positive feedback from our customer, makes our day.",2026-07-15T19:04:38
MakeMyTrip - Flights & Hotels,com.makemytrip,Travel,86ce32cb-13ff-4812-b9bc-14fef5d48384,Shashi.S,5,,Good Platform,0,,2026-07-15T19:02:38,We always enjoy hearing our customer’s valuable feedback and suggestions.,2026-07-15T19:04:39
MakeMyTrip - Flights & Hotels,com.makemytrip,Travel,db3fcf7b-b49c-4a3d-aabc-b6b0026f4c24,Dhwani Gandhi,1,,"AVOID MAKING ANY BOOKING THROUGH THIS APP. If you face any difficulty during or after booking, no human agent contact available, only chatbot and AI voice. Additionally, they offer features like cancellation in case of natural calamities or others but never act on it. AVOID BOOKING THROUGH THIS APP. Additionally the response generated for your reviews is also auto-generated with no actual link to contact any customer care service. Again, DO NOT USE the APP.",3,11.6.2,2026-07-15T19:02:03,"Hi, we regret any inconvenience caused. However, we would love to investigate the matter and resolve it for you. Please share your travel booking experience with us and let our team take care of this. You can reach out to us at https://app.mmyt.co/Xm2V/otkiw2f6",2026-07-16T11:13:10
MakeMyTrip - Flights & Hotels,com.makemytrip,Travel,0933448d-f4bc-4418-8ea7-acca0f071da7,Pooja Yadav,5,,budget friendly and best offer,0,,2026-07-15T18:51:17,We always enjoy hearing our customer’s valuable feedback and suggestions.,2026-07-15T19:04:47
MakeMyTrip - Flights & Hotels,com.makemytrip,Travel,74dcac5b-eaf4-4ce0-9c70-e40f03b371d9,Gaurav Gupta,5,,great online site for all travelling need,0,,2026-07-15T18:04:14,Thanks for your continued support! Your confidence in us is truly valued.,2026-07-15T18:15:51
MakeMyTrip - Flights & Hotels,com.makemytrip,Travel,169cda18-c804-4953-be71-f6fbc3438943,manthan wani,5,,good,1,11.6.2,2026-07-15T17:47:22,We always enjoy hearing our customer’s valuable feedback and suggestions.,2026-07-15T17:59:35
MakeMyTrip - Flights & Hotels,com.makemytrip,Travel,288f3d5a-0024-4ea3-bdb6-9eecff86a03d,Saurabh Singh,1,,"i am staying at this hotel, and it is terribly bad. A horrific smell fills the room, and the door does not work properly. There is absolutely no hygiene here; even the utensils are completely dirty. I am surprised that MakeMyTrip approved this place and gave it a 4-star category without checking. My trust is broken, and this entire trip feels like a scam and a massive embarrassment. The reality of this room is terrific and terribly bad compared to what was advertised. The beautiful photos shown",0,11.6.2,2026-07-15T17:33:34,"Hi, we regret any inconvenience caused. However, we would love to investigate the matter and resolve it for you. Please share your Hotel booking experience with us and let our team take care of this. You can reach out to us at https://app.mmyt.co/Xm2V/r5q5ql2h",2026-07-15T17:46:52
MakeMyTrip - Flights & Hotels,com.makemytrip,Travel,517c3a16-5a66-42e9-a7b0-689da61329e1,srini vas,1,,"Team, I have cancelled my travel by calling to cust care before the said time which is eligible for full refund. As a technic issue from your app which is missing with cancel button, hence as confirmed by your customer care cancellation has been done from your end on which complete refund should be availed. Till now nothing has happened and now no customer care number is working and no one is lifting the call. Kindly let me know the status ASAP If not refunded, I should proceed legally.",2,11.6.2,2026-07-15T17:18:00,"Hi, we regret any inconvenience caused. However, we would love to investigate the matter and resolve it for you. Please share your Hotel booking experience with us and let our team take care of this. You can reach out to us at https://app.mmyt.co/Xm2V/d130g4xf",2026-07-15T17:47:20
MakeMyTrip - Flights & Hotels,com.makemytrip,Travel,b17b2ba6-5498-4f21-8290-dadcc72dabf3,Gogoi_ _Axom,5,,easy to book,0,11.6.2,2026-07-15T16:38:34,Thanks for your continued support! Your confidence in us is truly valued.,2026-07-15T16:54:50
MakeMyTrip - Flights & Hotels,com.makemytrip,Travel,109fb9e0-8040-4ec2-aa39-33f8ef954930,Abhishek Singh,5,,WOW experience.,0,11.6.2,2026-07-15T16:31:38,"Hearing such a positive feedback from our customer, makes our day.",2026-07-15T16:38:20
MakeMyTrip - Flights & Hotels,com.makemytrip,Travel,8ac620bb-f8b0-4a8b-a974-d7e455a24787,Gaurav Gautam,1,,"Don't fall for the 3X Refund promise. I paid extra for it, but when my ticket didn't get confirmed, I discovered hidden conditions that made the refund almost useless. The boarding and destination both have to be within a 100 km radius of the original journey. These restrictions are not highlighted properly before payment. If customers are paying extra, the terms should be transparent from the beginning. This feature is more misleading than helpful. Very poor customer experience.",0,,2026-07-15T15:25:27,"Hi, we regret any inconvenience caused. However, we would love to investigate the matter and resolve it for you. Please share your travel booking experience with us and let our team take care of this. You can reach out to us at https://app.mmyt.co/Xm2V/ugm5r3pk",2026-07-15T17:12:45
MakeMyTrip - Flights & Hotels,com.makemytrip,Travel,ae8b1d92-0f6b-4dac-b44b-8458d211d5c6,Prateik Das Mohapatra,1,,No transparency at all,0,11.6.2,2026-07-15T14:31:36,"Hi, we regret any inconvenience caused. However, we would love to investigate the matter and resolve it for you. Please share your travel booking experience with us and let our team take care of this. You can reach out to us at https://app.mmyt.co/Xm2V/71usnqvn",2026-07-15T15:31:49
MakeMyTrip - Flights & Hotels,com.makemytrip,Travel,70fb212b-620c-497f-8034-5ebce7dafb3a,Sonu Gondane,1,,worst app cancellation policy ke naam pe paise mangte hai bus flight pe,0,,2026-07-15T14:01:30,"Hi, we regret any inconvenience caused. However, we would love to investigate the matter and resolve it for you. Please share your travel booking experience with us and let our team take care of this. You can reach out to us at https://app.mmyt.co/Xm2V/shrgwfy1",2026-07-15T17:42:48
MakeMyTrip - Flights & Hotels,com.makemytrip,Travel,76da5c60-3614-4034-9692-b3bed055983e,Capital engineering Food equipment,5,,good help full,0,11.6.2,2026-07-15T13:56:54,"We appreciate feedback from our customers and any suggestions on how we can improve.
",2026-07-15T14:12:04
MakeMyTrip - Flights & Hotels,com.makemytrip,Travel,af1539d0-db34-47a3-812f-de4a3fd75da4,prathis kumar,5,,very good and easy to use comfortably....,0,11.6.2,2026-07-15T13:12:31,"Hearing such a positive feedback from our customer, makes our day.",2026-07-15T13:23:11
MakeMyTrip - Flights & Hotels,com.makemytrip,Travel,dba45c69-2a12-4d67-b8c9-25a9c0559390,Shaikh Ameen,1,,"fraud, pathetic app",0,11.6.2,2026-07-15T13:01:54,"Hi, we regret any inconvenience caused. However, we would love to investigate the matter and resolve it for you. Please share your travel booking experience with us and let our team take care of this. You can reach out to us at https://app.mmyt.co/Xm2V/o3jipt46",2026-07-15T13:58:50
MakeMyTrip - Flights & Hotels,com.makemytrip,Travel,7b7d8b3c-1481-47e3-b173-5df165cc6afd,Deepak Bolt,5,,best hotel in ranchi,0,11.6.2,2026-07-15T12:25:33,We always enjoy hearing our customer’s valuable feedback and suggestions.,2026-07-15T12:34:31
MakeMyTrip - Flights & Hotels,com.makemytrip,Travel,70474642-eec7-4c1d-a20f-5cf050688524,Hamzathul Shamzeer Khan,5,,excellent,0,11.6.2,2026-07-15T11:50:41,We always enjoy hearing our customer’s valuable feedback and suggestions.,2026-07-15T12:01:48
MakeMyTrip - Flights & Hotels,com.makemytrip,Travel,ebc80e40-c5a3-45c3-8054-e2f5fab1e632,Ankur Bajoria,1,,If you are looking for an Honest review then here it is. I have been using mmt from a year and within a year i have got scammed two times yeah you read it right two times. The latest was enough for me to get a hotel on hourly basis but the checkin was denied. i had a conversation with mmt customer care and they confirmed the refund but later on they denied the refund. MMT has become a part of scammers,1,11.6.2,2026-07-15T11:49:14,"Hi, we regret any inconvenience caused. However, we would love to investigate the matter and resolve it for you. Please share your travel booking experience with us and let our team take care of this. You can reach out to us at https://app.mmyt.co/Xm2V/93akyolp",2026-07-15T12:38:01
MakeMyTrip - Flights & Hotels,com.makemytrip,Travel,b36b5a79-af56-4aaf-8df1-d99e1c5da753,Deepak,1,,"Full fraud company. They just have fake/paid reviews. Real reviews are not more than 1 or 2 stars. Booked Akasa flight with them, got PNR, was unable to see the flight details on Akasa for checkin even before 4 hours before departure. Contacted multiple times with support just to land at AI speaking. Just somehow contacted with human after 20 mins with AI, just to know my PNR was updated. No communication, nothing. Was about to miss the flight with 4 people. Total cost 60k.",0,,2026-07-15T10:58:29,We are sorry for any inconvenience caused during your flight ticket booking. Our dedicated team will look into the matter right away. Please share your grievance details at https://app.mmyt.co/Xm2V/yv9xrmkk we can understand the nature of the issue and resolve it for you. We are always at your service.,2026-07-15T11:13:41
MakeMyTrip - Flights & Hotels,com.makemytrip,Travel,7fabcc23-bc42-4aff-bd31-479308d5b0ad,Kalpesh Ananpara,5,,good app,0,11.6.2,2026-07-15T10:39:31,"Hearing such a positive feedback from our customer, makes our day.",2026-07-15T10:40:28
MakeMyTrip - Flights & Hotels,com.makemytrip,Travel,687c8223-0631-4838-8864-37ce1103633b,raj jain,1,,were much disappointed third class service provider in resolving our queries,0,11.6.2,2026-07-15T10:31:29,"Hi, we regret any inconvenience caused. However, we would love to investigate the matter and resolve it for you. Please share your travel booking experience with us and let our team take care of this. You can reach out to us at https://app.mmyt.co/Xm2V/950mszpf",2026-07-15T11:11:57
MakeMyTrip - Flights & Hotels,com.makemytrip,Travel,5529c996-5809-43cb-ac43-0da40c86052c,Altaf Ayub,1,,very poor customer care service,1,11.6.2,2026-07-15T10:11:39,"Hi, we regret any inconvenience caused. However, we would love to investigate the matter and resolve it for you. Please share your travel booking experience with us and let our team take care of this. You can reach out to us at https://app.mmyt.co/Xm2V/ket1404j",2026-07-15T11:12:15
MakeMyTrip - Flights & Hotels,com.makemytrip,Travel,88301bbe-cbae-4e39-9bd6-98f736db1885,Azhagiri Manibalan,5,,"I always prefer MMT, it's very useful and user friendly.",0,11.6.2,2026-07-15T10:00:45,We always enjoy hearing our customer’s valuable feedback and suggestions.,2026-07-15T10:07:46
MakeMyTrip - Flights & Hotels,com.makemytrip,Travel,bd6560ef-c90f-41cf-9b77-106a8074ff72,shubham matkar,1,,bad service,0,11.6.2,2026-07-15T09:13:25,"Hi, we regret any inconvenience caused. However, we would love to investigate the matter and resolve it for you. Please share your travel booking experience with us and let our team take care of this. You can reach out to us at https://app.mmyt.co/Xm2V/e3nqkixo",2026-07-15T11:11:03
MakeMyTrip - Flights & Hotels,com.makemytrip,Travel,24265e62-968e-49ea-97ac-2425429f7304,Jayashree Banerjee,5,,my favourite hotel and flight booking app,0,11.6.2,2026-07-15T08:51:46,Thanks for your continued support! Your confidence in us is truly valued.,2026-07-15T09:02:39
MakeMyTrip - Flights & Hotels,com.makemytrip,Travel,15c91845-27be-4813-b62c-7e4561e11eda,Vikrant Yadav,5,,nice app,0,11.6.2,2026-07-15T08:20:53,"We appreciate feedback from our customers and any suggestions on how we can improve.
",2026-07-15T08:30:04
MakeMyTrip - Flights & Hotels,com.makemytrip,Travel,f6c95bca-f1a2-480a-b6eb-f428ecf21ee7,Rinku Govil,1,,app doesn't work properly om wifi connection,0,11.6.2,2026-07-15T06:33:42,"Hi, we regret any inconvenience caused. However, we would love to investigate the matter and resolve it for you. Please share your travel booking experience with us and let our team take care of this. You can reach out to us at https://app.mmyt.co/Xm2V/1lx8fbi6",2026-07-15T11:11:30
MakeMyTrip - Flights & Hotels,com.makemytrip,Travel,7d213cf0-637f-4830-955e-d3e69570ab4a,kurmarao kancharapu,5,,super,0,11.6.2,2026-07-15T06:24:41,"We appreciate feedback from our customers and any suggestions on how we can improve.
",2026-07-15T06:36:07
MakeMyTrip - Flights & Hotels,com.makemytrip,Travel,d465b643-17cd-4e89-84bc-5716eee66355,Jeebanananda Dash,5,,good,0,11.6.2,2026-07-15T02:32:02,"Hearing such a positive feedback from our customer, makes our day.",2026-07-15T02:48:08
MakeMyTrip - Flights & Hotels,com.makemytrip,Travel,d2a773ac-4424-44db-aeab-425a43a91ece,sumit pandey,1,,pathetic service,1,11.6.2,2026-07-15T01:32:42,"Hi, we regret any inconvenience caused. However, we would love to investigate the matter and resolve it for you. Please share your travel booking experience with us and let our team take care of this. You can reach out to us at https://app.mmyt.co/Xm2V/b2ihi4we",2026-07-15T11:10:17
MakeMyTrip - Flights & Hotels,com.makemytrip,Travel,29dffd01-7514-45b7-85aa-e90f161e3691,Vasant Padkil,1,,worst experience ever,0,,2026-07-15T01:06:40,"Hi, we regret any inconvenience caused. However, we would love to investigate the matter and resolve it for you. Please share your travel booking experience with us and let our team take care of this. You can reach out to us at https://app.mmyt.co/Xm2V/ys85v7eo",2026-07-15T11:08:51
MakeMyTrip - Flights & Hotels,com.makemytrip,Travel,39ca5e81-eb20-412d-a3c6-de2370d981f4,Deepak Kaushik,1,,One imof the biggest Scam Company,1,11.6.2,2026-07-15T00:20:29,"Hi, we regret any inconvenience caused. However, we would love to investigate the matter and resolve it for you. Please share your travel booking experience with us and let our team take care of this. You can reach out to us at https://app.mmyt.co/Xm2V/g8re1tfg",2026-07-15T11:09:12
MakeMyTrip - Flights & Hotels,com.makemytrip,Travel,72f0bc1a-e958-4110-a476-ad3d6104d2e5,Rajeev Dhakan,1,,no one is at customer care to answer when my refund amount will come back. since March 2026 and now it's July 15 and I'm still waiting for my refund amount. it's more then 4k amount which is not small at all to use for another booking. never will use MMT anymore.,1,11.6.2,2026-07-14T23:27:57,"Hi, we regret any inconvenience caused. However, we would love to investigate the matter and resolve it for you. Please share your travel booking experience with us and let our team take care of this. You can reach out to us at https://app.mmyt.co/Xm2V/bqhnmn8g",2026-07-15T11:08:24
MakeMyTrip - Flights & Hotels,com.makemytrip,Travel,ec8c1587-8528-425f-a6ae-ddd2e9bf98ad,Mr. Amit Bogati,5,,good,0,,2026-07-14T22:40:00,We always enjoy hearing our customer’s valuable feedback and suggestions.,2026-07-14T22:43:56
MakeMyTrip - Flights & Hotels,com.makemytrip,Travel,6ed4d8e6-38ad-4b29-9f45-c69cc195256c,Parikshit K,1,,"chor company, takes online payments, don't refund even after getting the amount from the hotel incase of cancellation. no focus on customers, the help desk give false statement whenever you call",0,11.6.2,2026-07-14T21:51:01,"Hi, we regret any inconvenience caused. However, we would love to investigate the matter and resolve it for you. Please share your travel booking experience with us and let our team take care of this. You can reach out to us at https://app.mmyt.co/Xm2V/jhanwaop",2026-07-15T11:07:26
MakeMyTrip - Flights & Hotels,com.makemytrip,Travel,dd698918-8b73-4b4b-9344-2b79c94aacd1,Karthikeyan Shanmugam,1,,"This app customer service has gone from good to worse. Their AI agent doesn't provide solutions, keeps sending the same auto generated scripts and your mails are met with auto replies not solving the actual purpose. My Refund for the cancellation is not yet credited. More than a week.Had to call multiple times but no response. I would rate -1 star... Please look for alternative booking options. Don't ruin your peace of mind with this app. Please note in 2022, I have rated 5 stars",2,11.6.2,2026-07-14T21:33:13,"Hi, we regret any inconvenience caused. However, we would love to investigate the matter and resolve it for you. Please share your travel booking experience with us and let our team take care of this. You can reach out to us at https://app.mmyt.co/Xm2V/fx2nuwfo",2026-07-15T11:03:37
MakeMyTrip - Flights & Hotels,com.makemytrip,Travel,e3992d0b-e72b-4966-8c05-85f074fbeb94,venkatesh avineedi,1,,horrible experience. they deduct and hold and does not refund . again and again . called the support center and no data in my pc he says . I am changing to another service provider.,0,11.6.2,2026-07-14T21:32:21,"Hi, we regret any inconvenience caused. However, we would love to investigate the matter and resolve it for you. Please share your travel booking experience with us and let our team take care of this. You can reach out to us at https://app.mmyt.co/Xm2V/1e9x9b6d",2026-07-15T11:04:43
MakeMyTrip - Flights & Hotels,com.makemytrip,Travel,25d65290-aaaa-4628-bab1-b7ef9ca81a4d,Nirbhay Singh,1,,Worst service,0,,2026-07-14T21:26:33,"Hi, we regret any inconvenience caused. However, we would love to investigate the matter and resolve it for you. Please share your travel booking experience with us and let our team take care of this. You can reach out to us at https://app.mmyt.co/Xm2V/sx6muqu0",2026-07-15T11:04:24
MakeMyTrip - Flights & Hotels,com.makemytrip,Travel,79a844c2-192b-4c2d-80b9-9caa1430814e,ismail usaid,1,,"worst service provider ever, i tried booking a ticket for 5th sep, i searched for same and booked the ticket, while booking the date had changed and I did not realise this. And MMT does not want to take even 1 percent responsibility on this. Just start booking from local agents in such cases they atleast take responsibility. As mentioned earlier there was no option other than talking to your rude agents, filed a complaint with Dubai Department of Economy and Tourism's (DET). ref no.CMP-26-627770",0,,2026-07-14T20:18:37,"Hi, we regret any inconvenience caused. However, we would love to investigate the matter and resolve it for you. Please share your travel booking experience with us and let our team take care of this. You can reach out to us at https://app.mmyt.co/Xm2V/meut3dbx",2026-07-15T11:02:53
MakeMyTrip - Flights & Hotels,com.makemytrip,Travel,15e3eee9-e1cf-4072-808c-c8c901d31ec0,Santhosh Kaliyamoorthi,5,,very very good,0,11.6.2,2026-07-14T19:25:36,Thanks for your continued support! Your confidence in us is truly valued.,2026-07-14T19:28:28
MakeMyTrip - Flights & Hotels,com.makemytrip,Travel,16735b44-a7f4-439c-b73e-299918777975,Srivarma Sri,5,,best app nice response,0,11.6.2,2026-07-14T19:12:12,"Hearing such a positive feedback from our customer, makes our day.",2026-07-14T19:28:28
MakeMyTrip - Flights & Hotels,com.makemytrip,Travel,c4f68b83-bf40-45df-87b9-202f6f0c71d0,Tabish Faraz,1,,"worst app I have used for train ticket booking. after auto cancellation irctc messaged me of refunded amount but this app deducted rs160 more and sent me the remaining. customer care is super worst as when you contact, bot will answer and even if agent is provided you have to call them they will just tell you to press the buttons but call is never connected to human.",2,11.6.2,2026-07-14T18:50:47,"Hi, we regret any inconvenience caused. However, we would love to investigate the matter and resolve it for you. Please share your travel booking experience with us and let our team take care of this. You can reach out to us at https://app.mmyt.co/Xm2V/b49pm8vu",2026-07-15T11:00:51
MakeMyTrip - Flights & Hotels,com.makemytrip,Travel,8eb7bcc1-6ad7-4c17-aab9-aa96f475b9e5,aditya prabhakar,1,,very very disappointed with your refund process. I cancelled my tickets on 14th June 2026 before 10 days of the departure but today is 14th July still refund is not credited.,0,11.6.2,2026-07-14T18:49:20,"Hi, we regret any inconvenience caused. However, we would love to investigate the matter and resolve it for you. Please share your travel booking experience with us and let our team take care of this. You can reach out to us at https://app.mmyt.co/Xm2V/ogsxm7jd",2026-07-15T11:01:10
MakeMyTrip - Flights & Hotels,com.makemytrip,Travel,7eb1204b-db60-4139-bcd1-c0377d51fd77,DADDY,5,,refund my money,0,11.6.2,2026-07-14T18:06:21,Thanks for your continued support! Your confidence in us is truly valued.,2026-07-14T18:07:23
MakeMyTrip - Flights & Hotels,com.makemytrip,Travel,13710f37-94c5-42c5-80ad-7628f9140696,Vickey Yadav,1,,"GK BUS SERVICE मेरी अब तक की सबसे खराब बस यात्रा रही। ये लोग ज़्यादा कमाई के लिए रास्ते में कहीं भी बस रोककर अतिरिक्त सवारियां बैठाते हैं। बस पूरी तरह ठसाठस भर दी गई थी, खड़े होने तक की जगह नहीं बची थी। बीच रास्ते में लगभग 1 घंटे तक सिर्फ और सवारी भरने के लिए बस खड़ी रखी गई, जिससे समय बर्बाद हुआ। सबसे बड़ी समस्या यह है कि ये लोग न तो सही पिकअप पॉइंट पर बस उपलब्ध कराते हैं और न ही तय ड्रॉपिंग पॉइंट पर छोड़ते हैं। यात्रियों को बेवजह इधर-उधर भटकना पड़ता है और अतिरिक्त खर्च भी उठाना पड़ता है।",0,11.6.2,2026-07-14T17:31:37,"Hi, we regret any inconvenience caused. However, we would love to investigate the matter and resolve it for you. Please share your travel booking experience with us and let our team take care of this. You can reach out to us at https://app.mmyt.co/Xm2V/5msfdmq1",2026-07-14T18:48:22
MakeMyTrip - Flights & Hotels,com.makemytrip,Travel,d4df8b04-563f-412f-8afd-59763caf76ce,Chirag Jain,1,,worst customer care service,0,8.8.9,2026-07-14T16:45:22,"Hi, we regret any inconvenience caused. However, we would love to investigate the matter and resolve it for you. Please share your travel booking experience with us and let our team take care of this. You can reach out to us at https://app.mmyt.co/Xm2V/widqopu6",2026-07-14T18:47:37
MakeMyTrip - Flights & Hotels,com.makemytrip,Travel,cd6877f9-2497-4664-b049-11b0fe679975,dhanuselva 22,1,,such an worst app ever there no refund from mmt very disappointed I'm gonna uninstall this worst app ever,0,11.6.2,2026-07-14T16:32:29,"Hi, we regret any inconvenience caused. However, we would love to investigate the matter and resolve it for you. Please share your travel booking experience with us and let our team take care of this. You can reach out to us at https://app.mmyt.co/Xm2V/q0aweqg1",2026-07-14T18:48:03
MakeMyTrip - Flights & Hotels,com.makemytrip,Travel,912bc03e-58c7-493e-a7e4-4879e2d44118,Xutirtha Roy,5,,love it,0,11.6.2,2026-07-14T16:10:04,"Hearing such a positive feedback from our customer, makes our day.",2026-07-14T16:12:57
MakeMyTrip - Flights & Hotels,com.makemytrip,Travel,5d297dc0-310e-4dae-8c35-1f425b7c27fd,SUNIL M.V.,1,,"Very Very Disappointing service my MakeMyTrip, Flight is Cancelled and the refund need to process by 30th June still no Response.. Even the Help button in app is useless and it say "" Sorry something went wrong"" from past 20 days. So what is use of it.. Other platform processed refund with in 2 days but MakeMyTrip taking 20 days.. So Customer will always choose other apps.",3,11.6.2,2026-07-14T15:46:06,"Hi, we regret any inconvenience caused. However, we would love to investigate the matter and resolve it for you. Please share your travel booking experience with us and let our team take care of this. You can reach out to us at https://app.mmyt.co/Xm2V/dd8jt7l9",2026-07-14T18:47:13
MakeMyTrip - Flights & Hotels,com.makemytrip,Travel,a1f3d8a3-ac76-48ec-9d46-79cf97c7bd37,Namesh AnanT,1,,please don't use this app this app is frode and money High very bad service,0,11.6.2,2026-07-14T15:41:27,"Hi, we regret any inconvenience caused. However, we would love to investigate the matter and resolve it for you. Please share your travel booking experience with us and let our team take care of this. You can reach out to us at https://app.mmyt.co/Xm2V/crf2hov9",2026-07-14T18:46:53
MakeMyTrip - Flights & Hotels,com.makemytrip,Travel,5c70539c-0375-421c-97cc-9ef0a8de1546,Keshab Nath,1,,scaming app,0,,2026-07-14T15:13:55,"Hi, we regret any inconvenience caused. However, we would love to investigate the matter and resolve it for you. Please share your travel booking experience with us and let our team take care of this. You can reach out to us at https://app.mmyt.co/Xm2V/etsgiv4g.-Kirti",2026-07-14T15:55:34
MakeMyTrip - Flights & Hotels,com.makemytrip,Travel,6773ed33-3286-4625-ade3-27de783da0af,Parth Mistry,1,,The app is running very slowly and frequently lagging after the recent upgrades. Unnecessary bot icon with mic,0,,2026-07-14T14:31:59,"Hi, we regret any inconvenience caused. However, we would love to investigate the matter and resolve it for you. Please share your travel booking experience with us and let our team take care of this. You can reach out to us at https://app.mmyt.co/Xm2V/2mo0rmhc",2026-07-14T14:40:38
MakeMyTrip - Flights & Hotels,com.makemytrip,Travel,d2168c47-f144-4193-85f6-230e0550be25,mihir thakkar,1,,the AI chat bot will kill someone one day.. worst ever,0,11.6.2,2026-07-14T13:56:08,"Hi, we regret any inconvenience caused. However, we would love to investigate the matter and resolve it for you. Please share your travel booking experience with us and let our team take care of this. You can reach out to us at https://app.mmyt.co/Xm2V/rkdr7kp5",2026-07-14T14:40:11
MakeMyTrip - Flights & Hotels,com.makemytrip,Travel,79a5b245-d5ba-4a38-b602-f44e8d680525,EMW Co,1,,"very disappointed experience the airline canceled my flight and I can't get my money back no customer service I am still unable to establish contact with you, as the provided link appears to be non-functional.",0,,2026-07-14T13:38:35,"Hi, we regret any inconvenience caused. However, we would love to investigate the matter and resolve it for you. Please share your Flight booking experience with us and let our team take care of this. You can reach out to us at https://app.mmyt.co/Xm2V/ov0t4jg6",2026-07-14T14:39:18
MakeMyTrip - Flights & Hotels,com.makemytrip,Travel,b7ac281a-6ab3-467b-a17d-e6e4064df805,Kaveri Narayan,1,,"worst app ever you should never trust any of the hotel listed there I have made a booking for my trip to ujjain when I reached the hotel,they refused to provide room as hotel is under construction when I called the customer care they made me repeat my problem like more than 20 time still no help and even no refund is provided I told them l want to talk to executive they said no and even not cancelled my trip and asking for review for the stay they made my trip very difficult .",3,11.6.2,2026-07-14T12:57:54,"Hi, we regret any inconvenience caused. However, we would love to investigate the matter and resolve it for you. Please share your Hotel booking experience with us and let our team take care of this. You can reach out to us at https://app.mmyt.co/Xm2V/7ebnnnyi",2026-07-14T14:22:48
MakeMyTrip - Flights & Hotels,com.makemytrip,Travel,f7197db7-eeb6-4d7a-aa2a-6ef1a232836e,kamal Teja,1,,If i use redbus for a ticket guarantee and they will return the extra amount i paid for RAC ticket because the ticket is not fully confirmed but MakeMyTrip not refunded any amount as the ticket is not fully confirmed.,0,11.6.2,2026-07-14T12:52:18,"Hi, we regret any inconvenience caused. However, we would love to investigate the matter and resolve it for you. Please share your train booking experience with us and let our team take care of this. You can reach out to us at https://app.mmyt.co/Xm2V/kpijhkuu",2026-07-14T14:39:50
MakeMyTrip - Flights & Hotels,com.makemytrip,Travel,2bf43de3-287b-4693-b1d0-72ad3e2c3a3f,Shahbaj Hussain,1,,"Maha bakwas app hai trip granted ke naam per thagi karte Hain refund amount coupon ke Roop mein dete Hain jo ki galat hai aur usmein bhi time hai fix 7 days .This is a very rubbish app, they cheat in the name of trip granted, they give refund amount in the form of coupon which is wrong and the time in that too is fixed at 7 days.",1,11.6.2,2026-07-14T12:40:47,"Hi, we regret any inconvenience caused. However, we would love to investigate the matter and resolve it for you. Please share your travel booking experience with us and let our team take care of this. You can reach out to us at https://app.mmyt.co/Xm2V/m0gysc3p",2026-07-14T14:24:57
MakeMyTrip - Flights & Hotels,com.makemytrip,Travel,b5b7b235-b218-4b4a-abaf-ee0bc8c3ed4b,Ranjeet Kumar,1,,"Absolutely unprofessional from MakeMyTrip. Despite several reminders, never responded to my complaint simply closed query after five days without any resolution or explanation. How can close complaint without replying? This is unacceptable. Shame on @makemytrip.",0,11.6.2,2026-07-14T12:11:55,"Hi, we regret any inconvenience caused. However, we would love to investigate the matter and resolve it for you. Please share your travel booking experience with us and let our team take care of this. You can reach out to us at https://app.mmyt.co/Xm2V/x0k4b0ku",2026-07-14T12:45:46
MakeMyTrip - Flights & Hotels,com.makemytrip,Travel,c9442ab3-bcc0-4d3f-aeac-4e75689834ee,Goutham Creation,4,,super,0,11.6.2,2026-07-14T12:01:49,"We appreciate feedback from our customers and any suggestions on how we can improve.
",2026-07-14T12:08:56
MakeMyTrip - Flights & Hotels,com.makemytrip,Travel,8ebb2363-71cf-4164-bcbd-10352ac4dbca,Neeraj Rai Official,5,,nice app,0,11.6.2,2026-07-14T11:58:06,We always enjoy hearing our customer’s valuable feedback and suggestions.,2026-07-14T12:08:55
MakeMyTrip - Flights & Hotels,com.makemytrip,Travel,e95e26b4-9e29-4894-91ac-8f29409a02e5,amarjeet kumar,5,,MakeMyTrip aap is good.,0,11.6.2,2026-07-14T11:56:03,We always enjoy hearing our customer’s valuable feedback and suggestions.,2026-07-14T12:08:56
MakeMyTrip - Flights & Hotels,com.makemytrip,Travel,0b5c2647-0c29-4a65-b5f6-f987f09546d3,Ango Richa,1,,"worst App have seen so far . the system does not even work properly, once login onto the app it'll start hanging every second ( the app isn't responding) it's so annoying that this app is full of disappointment and bug .",0,11.6.2,2026-07-14T11:53:13,"Hi, we regret any inconvenience caused. However, we would love to investigate the matter and resolve it for you. Please share your travel booking experience with us and let our team take care of this. You can reach out to us at https://app.mmyt.co/Xm2V/z4oyh67x",2026-07-14T12:45:23
MakeMyTrip - Flights & Hotels,com.makemytrip,Travel,b99469c9-8eb2-4535-b151-22bdf34e4ce9,ஸ்தேவான் கோபி,4,,travel is ok comfortable,0,,2026-07-14T11:24:07,Thanks for your continued support! Your confidence in us is truly valued.,2026-07-14T11:36:10
MakeMyTrip - Flights & Hotels,com.makemytrip,Travel,ea0814df-c3f3-44d9-a691-8c3d6ef1d496,Mohan Madan Sharma,5,,Good Service,0,11.5.2,2026-07-14T11:19:45,Thanks for your continued support! Your confidence in us is truly valued.,2026-07-14T11:36:10
MakeMyTrip - Flights & Hotels,com.makemytrip,Travel,a3be2222-0507-4363-83de-93714703f405,Lakhan Gusain,1,,Maine 2 bar isse bus book ki thi dono bar bus nhi mili kbhi bhi isse book mat karna vo to shi hua or bhi bus thi jane ke liye agr ek hi bus rhti to mai kainse jata bhut bhut kharab hai ye app isse booking mat karna kbhi bhi,0,11.6.2,2026-07-14T10:46:19,"Hi, we regret any inconvenience caused. However, we would love to investigate the matter and resolve it for you. Please share your Bus booking experience with us and let our team take care of this. You can reach out to us at https://app.mmyt.co/Xm2V/l7dggd08",2026-07-14T11:12:24
MakeMyTrip - Flights & Hotels,com.makemytrip,Travel,41c54cd8-873c-401d-a725-ae130ce4ec27,Aman Biwal,5,,good,0,11.6.2,2026-07-14T10:36:00,We always enjoy hearing our customer’s valuable feedback and suggestions.,2026-07-14T10:47:18
MakeMyTrip - Flights & Hotels,com.makemytrip,Travel,1c2831bf-5c2e-4ccc-8987-a44812d4a12a,sharmaz,1,,"sorry m not satisfied on app no options for direct msg or mail. I book ixb to benglure and benglure to auh but ixb to Benglure ticket conform, but benglure to Auh cancel, same day flight ,really sad and bad.",1,11.6.2,2026-07-14T10:12:39,"Hi, we regret any inconvenience caused. However, we would love to investigate the matter and resolve it for you. Please share your Flight booking experience with us and let our team take care of this. You can reach out to us at https://app.mmyt.co/Xm2V/z57pa4ol",2026-07-14T10:29:02
MakeMyTrip - Flights & Hotels,com.makemytrip,Travel,95042e28-6964-494f-b79f-9df112766c3e,Aryan Pachauri,1,,"the app is poorly optimised, the UI is so infuriating that it needs multiple clicks just to reach on trains or bus bookings. idk why a simple travel booking app needs to be so bloated.",0,,2026-07-14T09:21:58,"Hi, we regret any inconvenience caused. However, we would love to investigate the matter and resolve it for you. Please share your Train booking experience with us and let our team take care of this. You can reach out to us at https://app.mmyt.co/Xm2V/ptfzzabm",2026-07-14T10:39:21
MakeMyTrip - Flights & Hotels,com.makemytrip,Travel,37ad4549-4316-4761-841c-d8d80b01c827,Rama Durgarao,1,,"worrest apk , they charged extra money don't book hotels in this app, and worrest customer support, once payment done , they did not respond anything",0,11.6.2,2026-07-14T08:59:28,"Hi, we regret any inconvenience caused. However, we would love to investigate the matter and resolve it for you. Please share your travel booking experience with us and let our team take care of this. You can reach out to us at https://app.mmyt.co/Xm2V/qvu1ta7m",2026-07-14T10:32:10
MakeMyTrip - Flights & Hotels,com.makemytrip,Travel,0da299f0-2270-48f5-ae26-e7295e3f73bd,Pardeep Kumar,5,,Excellent,0,,2026-07-14T08:45:57,"We appreciate feedback from our customers and any suggestions on how we can improve.
",2026-07-14T08:53:19
MakeMyTrip - Flights & Hotels,com.makemytrip,Travel,beafbc55-f88a-48d3-95b0-18f9b44f9e4c,Mahendiran Subramani,5,,A very good platform to book...,0,11.6.2,2026-07-14T07:59:29,"We appreciate feedback from our customers and any suggestions on how we can improve.
",2026-07-14T08:04:26
MakeMyTrip - Flights & Hotels,com.makemytrip,Travel,8cc3c2c2-1954-4818-bc5e-0f98aa847de0,Kavita Goutam,5,,good app,0,11.5.2,2026-07-14T07:24:13,"We appreciate feedback from our customers and any suggestions on how we can improve.
",2026-07-14T07:32:10
MakeMyTrip - Flights & Hotels,com.makemytrip,Travel,88472f1c-7610-424b-a7d8-ad5178135a0b,Faizi Sk,1,,"I rarely leave negative reviews, but my experience with MakeMyTrip's after-sales service has been extremely disappointing. The booking process was smooth, but once I needed support, the experience went downhill. Customer service was slow, unhelpful, and it felt like resolving the issue was never a priority. The after-sales support is far below what you would expect from a company of this size. What made it worse were the predatory practices around cancellations, modifications, and hidden terms",0,9.7.2,2026-07-14T05:15:37,"Hi, we regret any inconvenience caused. However, we would love to investigate the matter and resolve it for you. Please share your travel booking experience with us and let our team take care of this. You can reach out to us at https://app.mmyt.co/Xm2V/c2hg8s0u",2026-07-14T10:32:33
MakeMyTrip - Flights & Hotels,com.makemytrip,Travel,7bef7c92-56fb-4174-ae9b-2e291b5d193b,Parveen MADAAN,5,,v good app,0,11.6.2,2026-07-13T22:41:31,Thanks for your continued support! Your confidence in us is truly valued.,2026-07-13T22:50:42
MakeMyTrip - Flights & Hotels,com.makemytrip,Travel,ec9a8114-630d-4d1e-9b96-cf5caaf25ee5,Rajesh Pandey,4,,good,0,11.6.2,2026-07-13T21:20:28,"We appreciate feedback from our customers and any suggestions on how we can improve.
",2026-07-13T21:29:19
MakeMyTrip - Flights & Hotels,com.makemytrip,Travel,a9b867ab-3bbb-4979-ae30-b7231284457c,Saniya Rao,5,,good experience,0,11.6.2,2026-07-13T20:49:01,Thanks for your continued support! Your confidence in us is truly valued.,2026-07-13T20:56:43
MakeMyTrip - Flights & Hotels,com.makemytrip,Travel,c920fda6-ba0e-4106-af9a-3051d3b40701,Sai Madhan,5,,nice,0,,2026-07-13T20:48:20,"We appreciate feedback from our customers and any suggestions on how we can improve.
",2026-07-13T20:56:43
MakeMyTrip - Flights & Hotels,com.makemytrip,Travel,f5bc84fb-f7d9-4a39-9f58-06027d8ac990,Prashant Kumar,1,,login nehi ho raha he kesa app he,0,,2026-07-13T20:39:43,"Hi, we regret any inconvenience caused. However, we would love to investigate the matter and resolve it for you. Please share your travel booking experience with us and let our team take care of this. You can reach out to us at https://app.mmyt.co/Xm2V/xxa6ld8t",2026-07-14T10:27:44
MakeMyTrip - Flights & Hotels,com.makemytrip,Travel,c57b4a89-83a8-448d-92a5-ce969789c884,Sanjiv Patel,1,,"very poor coustmer support on app,no response or slow server, very bed and hopeless coustmer support system",0,,2026-07-13T20:04:34,"Hi, we regret any inconvenience caused. However, we would love to investigate the matter and resolve it for you. Please share your travel booking experience with us and let our team take care of this. You can reach out to us at https://app.mmyt.co/Xm2V/embq7bk3",2026-07-14T10:27:27
MakeMyTrip - Flights & Hotels,com.makemytrip,Travel,f49bf4ea-6abd-4b19-8ffc-bc4c646cd8c3,Tarun Gupta,5,,good,0,11.6.2,2026-07-13T20:00:56,We always enjoy hearing our customer’s valuable feedback and suggestions.,2026-07-13T20:08:02
MakeMyTrip - Flights & Hotels,com.makemytrip,Travel,926f7eef-291b-46f5-9ad5-f2ceaa9c1b6e,Bhave Kumar,5,,good service,0,11.6.1,2026-07-13T19:52:44,We always enjoy hearing our customer’s valuable feedback and suggestions.,2026-07-13T20:07:53
MakeMyTrip - Flights & Hotels,com.makemytrip,Travel,2c053ad7-4d18-476e-94af-cee9c388f657,Tanmay Shrivastava,5,,I think that the app is good.,0,11.6.2,2026-07-13T19:39:12,"Hearing such a positive feedback from our customer, makes our day.",2026-07-13T19:51:40
MakeMyTrip - Flights & Hotels,com.makemytrip,Travel,d8b111e1-ac19-4f43-933a-20efa2cdde77,shivashish pathak,4,,"I am extremely disappointed with the way this booking has been handled. I booked my flights from New Delhi to Khon Kaen (3 October) and from Krabi to New Delhi (13 October) using the split payment option. The first installment has already been successfully deducted from my bank account, and I have the transaction confirmation as proof. However, after the payment was completed, I did not receive any booking confirmation, no booking reference was generated, the booking is not visible underMy Trip",0,10.7.1,2026-07-13T19:37:05,"Hi, we regret any inconvenience caused. However, we would love to investigate the matter and resolve it for you. Please share your Flight booking experience with us and let our team take care of this. You can reach out to us at https://app.mmyt.co/Xm2V/567yqw1k",2026-07-14T10:25:54
MakeMyTrip - Flights & Hotels,com.makemytrip,Travel,eb9a11db-b5e5-4cd8-8ee1-bc96f39505f0,piyush sharma,1,,"makemytrip has the worst customer support. I could not file my claim under visa protection offer as the app or site did not show any option where I could do so even when I bought it while booking tickets. Their AI assistant is the worst, only repeating few pre-fed lines. Even on the phone numbers they have provided they have only virtual assistant. and They do not reply to any mails. Going to file a complain with the consumer forum. Will not recommed anyone to book through makemytrip.",2,11.6.2,2026-07-13T18:18:27,"Hi, we regret any inconvenience caused. However, we would love to investigate the matter and resolve it for you. Please share your travel booking experience with us and let our team take care of this. You can reach out to us at https://app.mmyt.co/Xm2V/orcfna5v",2026-07-13T19:02:57
MakeMyTrip - Flights & Hotels,com.makemytrip,Travel,105bafc8-4c34-4b73-8a9f-f8dc3811dda0,Sanvika Banoth,1,,never ever trust this platform. booking done but confirmation didn't receive for more than 1.5hrs,0,,2026-07-13T17:24:23,"Hi, we regret any inconvenience caused. However, we would love to investigate the matter and resolve it for you. Please share your travel booking experience with us and let our team take care of this. You can reach out to us at https://app.mmyt.co/Xm2V/7q3a6i2j",2026-07-13T18:56:23
MakeMyTrip - Flights & Hotels,com.makemytrip,Travel,522fec91-20f6-452b-981a-b09f5e83177d,Mahaveer Kularia,1,,newer book from they are looted my 1047 rupees with Neelam travels bus booking,0,11.6.2,2026-07-13T17:21:10,"Hi, we regret any inconvenience caused. However, we would love to investigate the matter and resolve it for you. Please share your travel booking experience with us and let our team take care of this. You can reach out to us at https://app.mmyt.co/Xm2V/yjnbe5tk",2026-07-13T18:57:52
MakeMyTrip - Flights & Hotels,com.makemytrip,Travel,9d08cc76-92e3-4a18-85e8-9d2965b74b08,MA K,1,,Very third class service.No value of customer in it's view.You can not connect with it if you have any issue regarding booking or cancellation.,0,11.6.2,2026-07-13T17:02:05,"Hi, we regret any inconvenience caused. However, we would love to investigate the matter and resolve it for you. Please share your travel booking experience with us and let our team take care of this. You can reach out to us at https://app.mmyt.co/Xm2V/7an6qzsq",2026-07-13T18:56:44
MakeMyTrip - Flights & Hotels,com.makemytrip,Travel,f0011366-d378-44dc-8b27-0d0fe80a4b4b,Anant Kumari,5,,awesome experience,0,11.6.2,2026-07-13T16:46:00,"We appreciate feedback from our customers and any suggestions on how we can improve.
",2026-07-13T16:52:30
MakeMyTrip - Flights & Hotels,com.makemytrip,Travel,1671720a-a407-41b9-a7e9-53fb25672bc8,Imsuren Imchen 13,1,,"Terrible experience, hotel owner describe features that aren't even available in the hotel, and didn't checkin yet no refund so far from the customer support team. No contact from the team even after multiple tries.",0,11.6.2,2026-07-13T16:36:28,"Hi, we regret any inconvenience caused. However, we would love to investigate the matter and resolve it for you. Please share your Hotel booking experience with us and let our team take care of this. You can reach out to us at https://app.mmyt.co/Xm2V/cvazvftq",2026-07-13T17:05:31
MakeMyTrip - Flights & Hotels,com.makemytrip,Travel,69ade73f-281f-4668-a8a2-708a7b331583,Goma Chettri,1,,"i already shared my detailed experience, and I'm still sick because of MakeMyTrip. I'm never, ever going to use this app again in my whole damn life. it made me cry, made me fight and finally got sick and admitted to the hospital.",0,11.5.2,2026-07-13T16:26:03,"Hi, we regret any inconvenience caused. However, we would love to investigate the matter and resolve it for you. Please share your travel booking experience with us and let our team take care of this. You can reach out to us at https://app.mmyt.co/Xm2V/s8kx8y1l",2026-07-13T17:19:58
MakeMyTrip - Flights & Hotels,com.makemytrip,Travel,60c3211d-fc16-4140-bec7-3aa72a9f8538,C.S PRAKASH,1,,very poor service. Not proper response and cheating a customer..Very very worst..,0,11.6.2,2026-07-13T15:32:32,"Hi, we regret any inconvenience caused. However, we would love to investigate the matter and resolve it for you. Please share your travel booking experience with us and let our team take care of this. You can reach out to us at https://app.mmyt.co/Xm2V/vruxigvd",2026-07-13T17:04:28
MakeMyTrip - Flights & Hotels,com.makemytrip,Travel,db9ac204-e5a2-47d4-895d-c65376e06f5e,Sourav Moonka,1,,The worst app for international travel. Don't use it.,0,11.6.2,2026-07-13T15:09:56,"Hi, we regret any inconvenience caused. However, we would love to investigate the matter and resolve it for you. Please share your travel booking experience with us and let our team take care of this. You can reach out to us at https://app.mmyt.co/Xm2V/adfm04z6",2026-07-13T15:45:37
MakeMyTrip - Flights & Hotels,com.makemytrip,Travel,89657c9e-8830-46ae-b58c-f6174dda2ac0,Rajesh Sharma,4,,good,0,11.5.2,2026-07-13T15:00:23,Thanks for your continued support! Your confidence in us is truly valued.,2026-07-13T15:15:14
MakeMyTrip - Flights & Hotels,com.makemytrip,Travel,d5d4c2ae-d7c2-47bd-af6a-19e58fcd05bf,Ashusingh Rawat,5,,good 👍👍,0,11.4.2,2026-07-13T14:28:00,"Hearing such a positive feedback from our customer, makes our day.",2026-07-13T14:42:13
MakeMyTrip - Flights & Hotels,com.makemytrip,Travel,84c31638-48d2-4c84-bfb0-79fa5554d9b4,Dipti kumari,5,,very niceeeeeeeee good,0,,2026-07-13T14:27:45,"We appreciate feedback from our customers and any suggestions on how we can improve.
",2026-07-13T14:42:14
MakeMyTrip - Flights & Hotels,com.makemytrip,Travel,f3218158-b433-4102-bd13-a73492f72b23,saandesh kamulkar,5,,customer service was helpful in resolving my issue,0,,2026-07-13T14:26:52,"We appreciate feedback from our customers and any suggestions on how we can improve.
",2026-07-13T14:42:13
MakeMyTrip - Flights & Hotels,com.makemytrip,Travel,c326272d-6780-41fb-843b-a9c960701a1b,Muhammad Abbas,5,,good hotel with cheap price,0,11.6.2,2026-07-13T14:14:08,We always enjoy hearing our customer’s valuable feedback and suggestions.,2026-07-13T14:26:01
MakeMyTrip - Flights & Hotels,com.makemytrip,Travel,bf7b6a17-52c6-4627-a866-08665d84a42b,Satyam Kumar Jaiswal,5,,good service,0,,2026-07-13T14:06:18,"We appreciate feedback from our customers and any suggestions on how we can improve.
",2026-07-13T14:09:54
MakeMyTrip - Flights & Hotels,com.makemytrip,Travel,65b6aa84-345a-4139-900e-675653bfc135,Vinod Sutar,5,,Good Service,0,11.6.2,2026-07-13T13:41:41,"Hearing such a positive feedback from our customer, makes our day.",2026-07-13T13:53:22
MakeMyTrip - Flights & Hotels,com.makemytrip,Travel,4f9150e2-8622-4ef4-a844-fc857e9dbe27,Parmit Badhwar,1,,"very poor I booked hotel with free parking later when I contact hotel they denied for free parking I contact makemy trip , they said to refund ammount and I booked another hotel later I didn't get refund as well",0,11.6.2,2026-07-13T13:23:04,"Hi, we feel extremely sorry for all the troubles you had during hotel booking. Please get in touch with our concerned team at https://app.mmyt.co/Xm2V/df29goza and share the details of your hotel booking experience. We will look into the issue on priority.",2026-07-13T15:43:47
MakeMyTrip - Flights & Hotels,com.makemytrip,Travel,d46c3424-6a6a-475b-bd29-470f4950d392,piush piush,5,,bestie,0,11.6.2,2026-07-13T13:22:05,"We appreciate feedback from our customers and any suggestions on how we can improve.
",2026-07-13T13:37:19
MakeMyTrip - Flights & Hotels,com.makemytrip,Travel,b2f7105e-9894-4ca7-9919-3f836ca26097,MOHAMMAD AHMAD,1,,poor,0,9.1.2,2026-07-13T12:43:26,"Hi, we regret any inconvenience caused. However, we would love to investigate the matter and resolve it for you. Please share your travel booking experience with us and let our team take care of this. You can reach out to us at https://app.mmyt.co/Xm2V/3fyfjfli",2026-07-13T15:43:08
MakeMyTrip - Flights & Hotels,com.makemytrip,Travel,790a4795-259f-44fb-a772-d4ce10068ef8,mohammad arshad,1,,Still not yet received amount which was cancelled by airline my ticket,0,11.6.2,2026-07-13T12:40:41,"Hi, we regret any inconvenience caused. However, we would love to investigate the matter and resolve it for you. Please share your travel booking experience with us and let our team take care of this. You can reach out to us at https://app.mmyt.co/Xm2V/ulmydp4r",2026-07-13T15:45:56
MakeMyTrip - Flights & Hotels,com.makemytrip,Travel,fe6f84d5-d126-45e8-8c61-103b172c69d9,Shrikantha S,1,,worst booking Software ever in my life because they are giving fraud assurance to customers but they will make money and giving 10% of the service but assurance is 3X but ... from my side don't use this kind of service software,0,11.3.0,2026-07-13T11:41:30,"We are sorry for not living up to your expectations. However, we promise to enhance your train booking experiences. Please share your grievance details at https://app.mmyt.co/Xm2V/syv4hwgw Our concerned team will look into it.",2026-07-13T15:45:03
MakeMyTrip - Flights & Hotels,com.makemytrip,Travel,23f43743-6281-480d-8657-9390fe307724,Aroon,1,,"-5 ratings.. This is the worst scamming app I've ever used for booking. Booked a hotel using credit card, cancelled it immediately, and this app displays ""The amount credited to my wallet"" (even though i requested refund to my original payment method). All these done on july 1, still i haven't received amount. when talking to customer care, everyone's lethargic in giving assurance on money. Worst app, scams happens in many ways, makemytrip is one of them. (Giving 1 star ratings bcoz app begs to)",0,,2026-07-13T11:20:15,"Hi, we feel extremely sorry for all the troubles you had during hotel booking. Please get in touch with our concerned team at https://app.mmyt.co/Xm2V/lnlgu9lu and share the details of your hotel booking experience. We will look into the issue on priority.",2026-07-13T15:41:53
MakeMyTrip - Flights & Hotels,com.makemytrip,Travel,704b46ea-b06d-4d1b-91a9-22b355f2f673,Snehal Shirolawala,1,,"worst experience. no service once you have paid. cancelled my room without my confirmation. hotel has refunded MMT and MMT denies my refund. wow! hotel informs me that my room is cancelled after I have reached the destination and MMT is least bothered about how I manage. no response on call, don't have any communication email channel. feel cheated",1,11.6.2,2026-07-13T11:08:21,"Hi, we feel extremely sorry for all the troubles you had during hotel booking. Please get in touch with our concerned team at https://app.mmyt.co/Xm2V/ts3ty6ww and share the details of your hotel booking experience. We will look into the issue on priority.",2026-07-13T15:42:17
MakeMyTrip - Flights & Hotels,com.makemytrip,Travel,252fab1f-e602-46b9-adf5-bee421fcebef,Vimala Karanam,1,,too worst app don't installed this I loosed so much amount train tickets booked deduction charges are more than irctc,0,,2026-07-13T09:57:12,"We are sorry for not living up to your expectations. However, we promise to enhance your train booking experiences. Please share your grievance details at https://app.mmyt.co/Xm2V/rlb5isxx Our concerned team will look into it.",2026-07-13T10:28:28
MakeMyTrip - Flights & Hotels,com.makemytrip,Travel,add8e3eb-261c-4d04-b597-a694403d79ae,Rashmi MR,5,,one of my favourite apps. UX is wonderful. features are a delight. making regular travel very convenient. great work team! thank you.,1,11.6.2,2026-07-13T09:32:18,We always enjoy hearing our customer’s valuable feedback and suggestions.,2026-07-13T09:32:50
MakeMyTrip - Flights & Hotels,com.makemytrip,Travel,ec2b2a1d-6526-4b6a-b273-5504c283e4d0,pankaj upadhyay,1,,"A pathetic experience with make my trip, they assured of a refund for a hotel room which was not livable, we confirmed 3 times before booking another hotel, now I got an email that they can't process any refund. loss of 7k+ for trusting their support team.",0,11.6.2,2026-07-13T09:22:11,"Hi, we regret any inconvenience caused. However, we would love to investigate the matter and resolve it for you. Please share your travel booking experience with us and let our team take care of this. You can reach out to us at https://app.mmyt.co/Xm2V/a32ijpgu",2026-07-13T10:27:49
MakeMyTrip - Flights & Hotels,com.makemytrip,Travel,c0ade469-f43e-4ae9-bb97-3461a7ad7b06,Sreenivas Pedamallu,5,,"Lovely experience with the app. It's very fast and intuitiveThis application offers a remarkably seamless and efficient user experience. Its intuitive design ensures that navigation and operation are remarkably straightforward. Users will appreciate the swift responsiveness and ease with which tasks can be accomplished. This platform effectively streamlines interactions, making it a pleasure to utilize. Overall, it provides a highly satisfying and productive digital encounter..",1,11.6.2,2026-07-13T09:11:44,"Hearing such a positive feedback from our customer, makes our day.",2026-07-13T09:16:33
MakeMyTrip - Flights & Hotels,com.makemytrip,Travel,95a3650a-aee7-4917-b74c-3ebeb457666a,Atal Sharma,1,,worst Service worst customer support never use this app I haven't received my refund and they told me that within 24-48hrs I will be receiving the refund amount but it's been 3days i didn't receive any refund nor any message regarding refund,0,11.6.2,2026-07-13T06:47:07,"Hi, we regret any inconvenience caused. However, we would love to investigate the matter and resolve it for you. Please share your travel booking experience with us and let our team take care of this. You can reach out to us at https://app.mmyt.co/Xm2V/lnn9qmuk",2026-07-13T10:25:53
MakeMyTrip - Flights & Hotels,com.makemytrip,Travel,398cbcf5-ca1c-4d3e-89e9-036b83b3b1f2,Naresh Warghantee,1,,"never trust MMT if you book a bus, they do not respond to your complaints at all",0,11.6.2,2026-07-13T06:30:15,"We are sorry to hear about your bad bus booking experience with us. Please reach out to the concerned team on https://app.mmyt.co/Xm2V/7bbdql5r so that we could look into the matter seriously. Our customers are everything for us and hence, we would love to serve you again in future with a better experience.",2026-07-13T10:27:05
MakeMyTrip - Flights & Hotels,com.makemytrip,Travel,c58672d6-dd65-47dd-89f2-9b962e4ea274,PARAGONDA MEENAKSHAPPA,1,,wrong selection process while bus choosing the trip,0,11.6.2,2026-07-12T23:49:02,"Hi, we regret any inconvenience caused. However, we would love to investigate the matter and resolve it for you. Please share your travel booking experience with us and let our team take care of this. You can reach out to us at https://app.mmyt.co/Xm2V/a7gc3wqh",2026-07-13T10:25:20
MakeMyTrip - Flights & Hotels,com.makemytrip,Travel,a5f8fdd2-0b58-4da8-9916-574622ab69db,Ajay Kharade,1,,"do not fall to 0 cancellation booking scam in domestic flights, if you decide to cancel 3 to 4 days in advance they will drag the issue till it crosses under 72 hours, also even if its 24 hrs cancellation, they will say its 72 hrs, you will find it impossible to connect to them on call, they do not have a dedicated customer care email id, in case if you reply to them on email or send email to id given by them you will get auto reply this email id is not monitered, i got scamd by 2 0 cancellation",1,11.6.2,2026-07-12T23:22:01,"Hi, we regret any inconvenience caused. However, we would love to investigate the matter and resolve it for you. Please share your travel booking experience with us and let our team take care of this. You can reach out to us at https://app.mmyt.co/Xm2V/zyhb5uij",2026-07-13T10:26:21
MakeMyTrip - Flights & Hotels,com.makemytrip,Travel,5bba105c-b816-4fa4-b863-48b2f8e8245b,Nikhil Jadhav,1,,"so they just completely removed the normal search option and are forcing users to use the useless ai, not everything has to be ai goddamn. just put a normal search engine and make things easy. no need for stupid ai",0,11.6.2,2026-07-12T22:54:42,"Hi, we regret any inconvenience caused. However, we would love to investigate the matter and resolve it for you. Please share your travel booking experience with us and let our team take care of this. You can reach out to us at https://app.mmyt.co/Xm2V/40alg1j1",2026-07-13T10:24:07
MakeMyTrip - Flights & Hotels,com.makemytrip,Travel,4a5d65fb-35fe-47fe-a4b5-8e1d4fdae1d1,Kiran PS,1,,very poor customer service and their AI agent will not work as you expected and it's won't listen properly to customer and it will not transfer the call to human as well and we will spend more time with one of the worst AI agent and it's very worst customer service,0,11.6.2,2026-07-12T22:06:13,"Hi, we regret any inconvenience caused. However, we would love to investigate the matter and resolve it for you. Please share your travel booking experience with us and let our team take care of this. You can reach out to us at https://app.mmyt.co/Xm2V/5b351mfo",2026-07-13T10:22:56
MakeMyTrip - Flights & Hotels,com.makemytrip,Travel,24002b0d-14bf-4dd5-bcad-694d85c8d4a9,A Partha Sarathy Reddy,5,,great flight ticket booking platform experience,1,11.6.2,2026-07-12T21:45:47,We always enjoy hearing our customer’s valuable feedback and suggestions.,2026-07-12T21:52:41
MakeMyTrip - Flights & Hotels,com.makemytrip,Travel,fa084d51-cba1-49c3-87eb-4977f257a1e0,Shashank Verma,5,,"Recently I Traveled from Agra to Jaipur via Nuego bus. It was a pleasant ride, bus was on time and it was very well coordinated by Suleman. Recommended for future Journeys.",1,11.6.2,2026-07-12T21:35:58,Thanks for your continued support! Your confidence in us is truly valued.,2026-07-12T21:52:40
MakeMyTrip - Flights & Hotels,com.makemytrip,Travel,e7dc7db5-d693-4550-a108-af7504597ba6,Nachiket Patil,5,,very good,0,11.4.2,2026-07-12T21:14:45,We always enjoy hearing our customer’s valuable feedback and suggestions.,2026-07-12T21:20:15
MakeMyTrip - Flights & Hotels,com.makemytrip,Travel,802a7b1a-f4f5-4641-bb5b-9200cf96c247,Saravanan J,5,,add bus option.,0,11.6.2,2026-07-12T20:53:13,Thanks for your continued support! Your confidence in us is truly valued.,2026-07-12T21:03:48
MakeMyTrip - Flights & Hotels,com.makemytrip,Travel,3cb610ad-b3dc-4c47-a1d8-43516797d192,Ayushi,3,,nice,0,11.6.1,2026-07-12T20:26:47,We are happy to hear that you had an amazing travel booking experience with us. Such kind words from our valuable customers like you inspire us.,2026-07-13T10:21:17
MakeMyTrip - Flights & Hotels,com.makemytrip,Travel,cbb02574-0d8d-4f0a-b274-0389ca1571b6,Hemant Dandekar,5,,Good,0,11.6.2,2026-07-12T20:21:35,We always enjoy hearing our customer’s valuable feedback and suggestions.,2026-07-12T20:31:29
MakeMyTrip - Flights & Hotels,com.makemytrip,Travel,02624583-5366-4b32-ac9b-9ef5b6e9e216,SUNIL KUMAR,5,,fab,0,11.6.2,2026-07-12T20:13:28,We always enjoy hearing our customer’s valuable feedback and suggestions.,2026-07-12T20:15:12
MakeMyTrip - Flights & Hotels,com.makemytrip,Travel,e8f6e2d7-ffb3-4a7e-8728-1f019de7be09,"A.K Mehandiyan,AKM",1,,"Absolutely absurd app, my bus initially which was to start at 5pm , completely changed without notification and that too started an hour late. And on the return, the bus operator postponed the bus timings to 4hrs later. Don't use this app",0,11.6.2,2026-07-12T19:58:27,"Hi, we regret any inconvenience caused. However, we would love to investigate the matter and resolve it for you. Please share your travel booking experience with us and let our team take care of this. You can reach out to us at https://app.mmyt.co/Xm2V/0k17431q",2026-07-13T10:20:25
MakeMyTrip - Flights & Hotels,com.makemytrip,Travel,fe62a038-aca9-46e2-a25e-77897f9504fa,anuj Pandey,5,,nic,0,,2026-07-12T18:33:55,"We appreciate feedback from our customers and any suggestions on how we can improve.
",2026-07-12T18:37:40
MakeMyTrip - Flights & Hotels,com.makemytrip,Travel,4a8ce8eb-204e-44f7-91b9-ab97c10af7a3,Ajay Pandey,1,,pathetic service.....,0,11.6.2,2026-07-12T18:12:52,"Hi, we regret any inconvenience caused. However, we would love to investigate the matter and resolve it for you. Please share your travel booking experience with us and let our team take care of this. You can reach out to us at https://app.mmyt.co/Xm2V/5cwbzu4b",2026-07-13T10:19:20
MakeMyTrip - Flights & Hotels,com.makemytrip,Travel,4e702575-85a9-4d98-8fcd-485afcf4299d,BISWAJIT DAS,5,,GOOD...🙂,0,11.6.2,2026-07-12T17:07:46,"Hearing such a positive feedback from our customer, makes our day.",2026-07-12T17:16:07
MakeMyTrip - Flights & Hotels,com.makemytrip,Travel,8d816724-b268-4984-ba5b-f976697e4532,JAI SONI,5,,nice 👍👍🙂🙂🙂🙂🙂,0,11.6.2,2026-07-12T16:34:55,"We appreciate feedback from our customers and any suggestions on how we can improve.
",2026-07-12T16:43:16
MakeMyTrip - Flights & Hotels,com.makemytrip,Travel,5b99821f-d168-4bfe-961b-9234a84106ef,Subin Mathew,1,,"There has been no response from the team whenever we face any issues with the booked residency. Additionally, the price is quite high considering the level of support provided. Don't add an assured option- completely waste of money.",1,11.6.2,2026-07-12T16:14:20,"Hi, we regret any inconvenience caused. However, we would love to investigate the matter and resolve it for you. Please share your travel booking experience with us and let our team take care of this. You can reach out to us at https://app.mmyt.co/Xm2V/4hwe7ler",2026-07-13T10:15:19
MakeMyTrip - Flights & Hotels,com.makemytrip,Travel,a69a70e3-358a-4644-a5a9-8029d856cb6b,Binish Pillai,1,,"very very disgusting application I have booked Air India flight from Delhi to Cochin through MMT. After that I got an opportunity to upgrade it from Air India to Business Class and I paid the amount for upgradation, but MMT has cancelled the whole ticket and I have taken new ticket for the same flight though I have not received any clarifications for upgradation charges which I have paid and why the same flight ticket got cancelled. very pathetic response from there customer care officers also.",1,11.6.2,2026-07-12T15:29:50,We are sorry for any inconvenience caused during your flight ticket booking. Our dedicated team will look into the matter right away. Please share your grievance details at https://app.mmyt.co/Xm2V/0s26ey8t we can understand the nature of the issue and resolve it for you. We are always at your service.,2026-07-13T10:13:50
MakeMyTrip - Flights & Hotels,com.makemytrip,Travel,14759f46-5911-468d-a722-df1a1cbb1230,nabin Sarkar,5,,nice,0,11.6.2,2026-07-12T14:34:56,"We appreciate feedback from our customers and any suggestions on how we can improve.
",2026-07-12T14:49:22
MakeMyTrip - Flights & Hotels,com.makemytrip,Travel,ee8a4ee6-2d96-4417-9fd0-777a8202d39a,Sridhar B,4,,Useful and find right offers,0,11.6.2,2026-07-12T13:58:05,"We appreciate feedback from our customers and any suggestions on how we can improve.
",2026-07-12T14:00:28
MakeMyTrip - Flights & Hotels,com.makemytrip,Travel,cb90d191-af50-43fe-bc38-d3b25a9ce772,Mintu Manna,1,,"I have wrongly booked tickets on 12th July instead of 12th August, Now I am unable to modify the date or cancel the tickets as refundable amount is showing ZERO even after mail, customer care helpline they all are hopeless. and I just lost two tickets price.",0,11.6.2,2026-07-12T13:56:11,"Hi, we regret any inconvenience caused. However, we would love to investigate the matter and resolve it for you. Please share your travel booking experience with us and let our team take care of this. You can reach out to us at https://app.mmyt.co/Xm2V/31mzbq22",2026-07-13T10:12:54
MakeMyTrip - Flights & Hotels,com.makemytrip,Travel,85e42c6d-0200-4a43-9e40-832efcdcb135,Rajani Deshmukh,5,,easy to use,1,10.4.0,2026-07-12T12:57:36,Thanks for your continued support! Your confidence in us is truly valued.,2026-07-12T13:11:44
MakeMyTrip - Flights & Hotels,com.makemytrip,Travel,2ec3ee3a-10a3-4994-8ae8-b087c02c5762,Medical Officer Singh_DrMandeep,5,,it's as good as previous👍,1,11.6.2,2026-07-12T11:31:02,"We appreciate feedback from our customers and any suggestions on how we can improve.
",2026-07-12T11:33:56
MakeMyTrip - Flights & Hotels,com.makemytrip,Travel,a294d790-58e5-42a0-ae7a-dc0260baea9a,Rahul Ambure,1,,ui lags,0,,2026-07-12T10:45:37,"Hi, we regret any inconvenience caused. However, we would love to investigate the matter and resolve it for you. Please share your travel booking experience with us and let our team take care of this. You can reach out to us at https://app.mmyt.co/Xm2V/icb9csql",2026-07-12T13:48:18
MakeMyTrip - Flights & Hotels,com.makemytrip,Travel,87a4e2b1-0d27-433b-980a-4cdb1ea4b694,Somenath Mukherjee,2,,your app UI has many bugs please fix them the whole user interface is really slow. Please make it fast,1,11.2.3,2026-07-12T10:29:02,"Hi, we regret any inconvenience caused. However, we would love to investigate the matter and resolve it for you. Please share your travel booking experience with us and let our team take care of this. You can reach out to us at https://app.mmyt.co/Xm2V/k74n5026",2026-07-12T13:48:57
MakeMyTrip - Flights & Hotels,com.makemytrip,Travel,f97f00a8-8561-4909-a92e-cf696f5109b3,deepak garg,5,,very good app,0,11.6.2,2026-07-12T10:18:20,Thanks for your continued support! Your confidence in us is truly valued.,2026-07-12T10:28:44
MakeMyTrip - Flights & Hotels,com.makemytrip,Travel,db3af180-21d4-4955-971c-cb45c8d151a0,Nittu Bittu,5,,all good,0,11.6.2,2026-07-12T10:07:52,We always enjoy hearing our customer’s valuable feedback and suggestions.,2026-07-12T10:12:46
MakeMyTrip - Flights & Hotels,com.makemytrip,Travel,90cf2d59-5333-4934-9ce4-c43c54cfac22,Abdul Rehman Jalal,1,,Worst experience,0,11.6.2,2026-07-12T10:04:28,"Hi, we regret any inconvenience caused. However, we would love to investigate the matter and resolve it for you. Please share your travel booking experience with us and let our team take care of this. You can reach out to us at https://app.mmyt.co/Xm2V/0cfrke42",2026-07-12T13:47:46
MakeMyTrip - Flights & Hotels,com.makemytrip,Travel,10180f93-6098-4362-9946-43da05b606d9,Mehul Bharwad,1,,I have been informed that I get refund in 7 working days. even property also approved it. but after 1 month it was not resolved. at customer care they again and again give me 7 working days time. and disconnect my call. pathetic service.,1,11.6.2,2026-07-12T09:58:13,"Hi, we regret any inconvenience caused. However, we would love to investigate the matter and resolve it for you. Please share your travel booking experience with us and let our team take care of this. You can reach out to us at https://app.mmyt.co/Xm2V/ixax6h0n",2026-07-12T13:48:00
MakeMyTrip - Flights & Hotels,com.makemytrip,Travel,a9172124-5502-4836-a0f6-22d7aba16e81,Curiosity Telugu,5,,good,0,11.6.2,2026-07-12T08:04:51,"We appreciate feedback from our customers and any suggestions on how we can improve.
",2026-07-12T08:18:30
MakeMyTrip - Flights & Hotels,com.makemytrip,Travel,57c9eef8-a68c-48c9-b467-df3d524a9e73,SAMIR UDDIN,5,,good,0,11.6.2,2026-07-12T06:03:13,We always enjoy hearing our customer’s valuable feedback and suggestions.,2026-07-12T06:08:24
MakeMyTrip - Flights & Hotels,com.makemytrip,Travel,04a733a3-c152-4306-907a-81088cead1cd,Narendra Singh,5,,very good app 👍👍👍👍👍,0,11.6.2,2026-07-12T05:08:45,We always enjoy hearing our customer’s valuable feedback and suggestions.,2026-07-12T05:19:23
MakeMyTrip - Flights & Hotels,com.makemytrip,Travel,2e3e0a2e-e053-45f5-8660-0b287b4b9388,Bhargam,5,,i prefer to everyone to do ticket from this app bcz u can understand all thing esaly,0,11.6.1,2026-07-12T01:35:10,"We appreciate feedback from our customers and any suggestions on how we can improve.
",2026-07-12T01:47:42
MakeMyTrip - Flights & Hotels,com.makemytrip,Travel,f0689600-d7a5-4b0d-91bd-a14e3a47dd72,M Rajavel,1,,"bad one The room is not clean ,no air curricularation ,no response, we are coming at 12 a.m,our sleeping time at 1.00a.m...",0,,2026-07-12T01:01:31,"Hi, we regret any inconvenience caused. However, we would love to investigate the matter and resolve it for you. Please share your travel booking experience with us and let our team take care of this. You can reach out to us at https://app.mmyt.co/Xm2V/72sj9jqx",2026-07-12T13:45:03
MakeMyTrip - Flights & Hotels,com.makemytrip,Travel,2b64476e-44a6-4248-bc22-88efeed9cb91,Hamza,5,,adding drivers no would help.,0,,2026-07-12T00:32:33,"Hearing such a positive feedback from our customer, makes our day.",2026-07-12T00:42:34
MakeMyTrip - Flights & Hotels,com.makemytrip,Travel,e1d1d182-aa87-45f3-9789-02ee07414e29,Gaurav Tiwari,5,,nice,0,,2026-07-12T00:28:54,"Hearing such a positive feedback from our customer, makes our day.",2026-07-12T00:42:35
MakeMyTrip - Flights & Hotels,com.makemytrip,Travel,d012f21b-8705-4ce5-ab9b-e17c9c41e974,Jaideep Karkare,1,,Too poor app in terms of updating correct and current status of train ticket,0,11.6.2,2026-07-11T23:19:06,"Hi, we regret any inconvenience caused. However, we would love to investigate the matter and resolve it for you. Please share your travel booking experience with us and let our team take care of this. You can reach out to us at https://app.mmyt.co/Xm2V/7ktnbaot",2026-07-12T13:44:27
MakeMyTrip - Flights & Hotels,com.makemytrip,Travel,e1787f8c-6d05-4e07-8ae3-f284aff2114e,Shudhanshu Shukla,1,,very bad experience,1,11.6.2,2026-07-11T22:50:10,"Hi, we regret any inconvenience caused. However, we would love to investigate the matter and resolve it for you. Please share your travel booking experience with us and let our team take care of this. You can reach out to us at https://app.mmyt.co/Xm2V/blx0muhv",2026-07-12T13:43:41
MakeMyTrip - Flights & Hotels,com.makemytrip,Travel,5e5c5957-cd9d-4d77-9370-1a3a1a2a2e5a,Mohammed Ashiq,5,,😍,0,11.6.2,2026-07-11T22:45:23,"Hearing such a positive feedback from our customer, makes our day.",2026-07-11T22:48:36
MakeMyTrip - Flights & Hotels,com.makemytrip,Travel,71e2e06c-5391-4bcc-af59-528a8f0c76a5,P R RAJSREE,1,,Worst experience. missed my flight because of their airport drop cab delay. I again made a mistake to book flight ticket with mmt. they will never assist you after payment is done. they book it with 3rd party you will never get refund in any case.,4,11.6.2,2026-07-11T20:26:52,"Hi, we regret any inconvenience caused. However, we would love to investigate the matter and resolve it for you. Please share your travel booking experience with us and let our team take care of this. You can reach out to us at https://app.mmyt.co/Xm2V/azgm75ft",2026-07-12T13:43:20
MakeMyTrip - Flights & Hotels,com.makemytrip,Travel,cc0e3e01-10f2-42a6-986d-d6b05106691e,Khatik Aaqib,1,,3x refund voucher is not received on time .... it's use less service please don't use,0,11.6.2,2026-07-11T19:59:05,"Hi, we regret any inconvenience caused. However, we would love to investigate the matter and resolve it for you. Please share your travel booking experience with us and let our team take care of this. You can reach out to us at https://app.mmyt.co/Xm2V/nzzxfd68",2026-07-12T13:42:58
MakeMyTrip - Flights & Hotels,com.makemytrip,Travel,ff33305d-fc07-4660-92a0-e1c57dc89c86,Md Akil,5,,my good experience,0,11.6.2,2026-07-11T19:51:57,"Hearing such a positive feedback from our customer, makes our day.",2026-07-11T20:05:47
MakeMyTrip - Flights & Hotels,com.makemytrip,Travel,686a9b9b-56b4-48f3-b5ae-dba124ef48cf,Senthilkumar Senthil,4,,good,0,11.6.2,2026-07-11T19:39:09,"We appreciate feedback from our customers and any suggestions on how we can improve.
",2026-07-11T19:49:39
MakeMyTrip - Flights & Hotels,com.makemytrip,Travel,cb863a56-dda2-4a07-8a04-fdb65f4fa97e,Shreyashree Mondal,5,,thank you,0,,2026-07-11T19:19:40,"Hearing such a positive feedback from our customer, makes our day.",2026-07-11T19:33:12
MakeMyTrip - Flights & Hotels,com.makemytrip,Travel,7ce98df7-f49c-49cd-a5f1-170a014d8015,Prashant Soni,4,,many times I have seen that It increases the price when I reach hotel or if I bloom from that site where am staying,1,11.6.2,2026-07-11T18:45:04,"Hearing such a positive feedback from our customer, makes our day.",2026-07-11T19:00:43
MakeMyTrip - Flights & Hotels,com.makemytrip,Travel,e414cb73-64ea-414c-a0cd-24ee84101ba8,Kumar Dependra,5,,good,0,11.6.2,2026-07-11T17:43:38,We always enjoy hearing our customer’s valuable feedback and suggestions.,2026-07-11T17:55:43
MakeMyTrip - Flights & Hotels,com.makemytrip,Travel,f3922c07-820b-413a-bacc-37cdc678c2a9,anil rathod,5,,nice app,0,11.6.2,2026-07-11T16:21:47,"We appreciate feedback from our customers and any suggestions on how we can improve.
",2026-07-11T16:34:05
MakeMyTrip - Flights & Hotels,com.makemytrip,Travel,9d28d6de-9006-4849-b853-1c3f898fff74,subodh garg,1,,what about my kasol trip compaint,0,11.6.2,2026-07-11T16:03:06,"Hi, we regret any inconvenience caused. However, we would love to investigate the matter and resolve it for you. Please share your travel booking experience with us and let our team take care of this. You can reach out to us at https://app.mmyt.co/Xm2V/51y7nz1x",2026-07-12T13:37:24
MakeMyTrip - Flights & Hotels,com.makemytrip,Travel,6c6629af-4d5f-47c7-b787-cd8574669443,sanjay sureka,1,,"Don't have any infrastructure and man power, a very cheap type of chatboat which is incompetent and useless 😞, I am asking to connect me to an agent but as usual like innate useless Deep Kalra.....",0,11.6.2,2026-07-11T15:43:23,"Hi, we regret any inconvenience caused. However, we would love to investigate the matter and resolve it for you. Please share your travel booking experience with us and let our team take care of this. You can reach out to us at https://app.mmyt.co/Xm2V/e4p1p7cn",2026-07-12T13:50:50
MakeMyTrip - Flights & Hotels,com.makemytrip,Travel,80739886-a492-4c9c-831c-8474be112da3,Asma Haje,1,,My refund not received so far. I booked on january. My flight got cancelled due to war. More than 6 month they are sending email that weare processing your refund. Worst customer support,0,,2026-07-11T15:26:33,"Hi, we regret any inconvenience caused. However, we would love to investigate the matter and resolve it for you. Please share your Flight booking experience with us and let our team take care of this. You can reach out to us at https://app.mmyt.co/Xm2V/94amqp40",2026-07-12T09:13:18
MakeMyTrip - Flights & Hotels,com.makemytrip,Travel,d8b1e4c0-9400-48fd-941d-1852e4c95b7c,JAIMIN JAYESHBHAI VARIA,1,,"I booked three rooms for eight people through MakeMyTrip and expected basic accuracy and support. Instead, we faced severe misrepresentation and zero help from the agency. • No option for extra beds or notice: the MMT booking flow did not indicate that extra beds would be required or give an option to add them. At the hotel, both MMT and the hotel denied extra bed sheets and refused basic accommodations. • No support when things went wrong: MakeMyTrip did not help resolve clear problems — filthy",0,11.6.2,2026-07-11T14:37:05,"Hi, we regret any inconvenience caused. However, we would love to investigate the matter and resolve it for you. Please share your Hotel booking experience with us and let our team take care of this. You can reach out to us at https://app.mmyt.co/Xm2V/ne201lo8",2026-07-12T09:11:57
MakeMyTrip - Flights & Hotels,com.makemytrip,Travel,c7e33fe7-66ca-4a52-9669-46c9fc45e14d,Prince John Vergara Ramos,1,,"“Very poor customer service, and the refund process takes far too long.” till now my refund is pending",0,11.6.2,2026-07-11T14:22:58,"Hi, we regret any inconvenience caused. However, we would love to investigate the matter and resolve it for you. Please share your travel booking experience with us and let our team take care of this. You can reach out to us at https://app.mmyt.co/Xm2V/04i0kvia",2026-07-12T09:09:18
MakeMyTrip - Flights & Hotels,com.makemytrip,Travel,3c747521-350b-455b-964f-25492038bf4d,Sethu K,1,,no customer support for emergency service,0,11.6.2,2026-07-11T14:14:33,"Hi, we regret any inconvenience caused. However, we would love to investigate the matter and resolve it for you. Please share your travel booking experience with us and let our team take care of this. You can reach out to us at https://app.mmyt.co/Xm2V/fo3rsv6v",2026-07-12T13:50:24
MakeMyTrip - Flights & Hotels,com.makemytrip,Travel,f305b22c-03a4-4564-b446-8e9bb0047bcc,Noor Mohammed,5,,Best app for booking,0,11.3.0,2026-07-11T14:08:05,"We appreciate feedback from our customers and any suggestions on how we can improve.
",2026-07-11T14:24:22
MakeMyTrip - Flights & Hotels,com.makemytrip,Travel,71160556-2e51-4c4f-90d3-6531703f2520,Saima Yaqub,1,,This is a weird and absurd platform where they just focus on booking and taking money from you. They don't have any customer service. There exist no email ID to contact them. Their provided phone numbers are also not connecting me to anyone. They have no channel to have any contact with their staff. I booked a ticket from them and I needed to do a little changes to my ticket but they refused to cooperate through an Auto-generated text. They don't exist physically.,4,11.6.2,2026-07-11T14:02:23,"Hi, we regret any inconvenience caused. However, we would love to investigate the matter and resolve it for you. Please share your travel booking experience with us and let our team take care of this. You can reach out to us at https://app.mmyt.co/Xm2V/mcbrdxne",2026-07-12T13:50:36
MakeMyTrip - Flights & Hotels,com.makemytrip,Travel,83d8056b-40b0-478d-bd6c-0da37af4c1aa,Ravalika Nama,5,,good,0,11.6.2,2026-07-11T12:16:07,"Hearing such a positive feedback from our customer, makes our day.",2026-07-11T12:29:49
MakeMyTrip - Flights & Hotels,com.makemytrip,Travel,6acad27a-a4f1-489c-bcc4-58366280d766,Er Aakash Varma,4,,MakeMyTrip is a nice and trusted platform but there are some issues here: customer care service is not good they are fraud and give deceit to the passenger while I was traveling through trugo bus service and I tried to call the operator at truGo and they received my call but they provided wrong number of bus conductor.,2,11.6.2,2026-07-11T11:55:09,"We appreciate feedback from our customers and any suggestions on how we can improve.
",2026-07-11T11:57:16
MakeMyTrip - Flights & Hotels,com.makemytrip,Travel,3f68d551-553b-4c27-9517-dfce537b863e,Aaris U,5,,just loved it,0,,2026-07-11T11:40:59,Thanks for your continued support! Your confidence in us is truly valued.,2026-07-11T11:57:15
MakeMyTrip - Flights & Hotels,com.makemytrip,Travel,9bcfe2f0-342f-4502-b916-c43b9321c679,devil's fighter,5,,Nice,0,11.6.2,2026-07-11T11:26:24,We always enjoy hearing our customer’s valuable feedback and suggestions.,2026-07-11T11:41:07
MakeMyTrip - Flights & Hotels,com.makemytrip,Travel,d4c8e39d-934a-44bf-8787-3b5d2c889279,Arun Pratapsingh,1,,worst service ever hotel booked payment done in advance and hotel owner denied for giving me room. and payment is still not refund. me pareshan hua vo alag... never trust on this...,0,11.6.2,2026-07-11T11:22:19,"Hi, we regret any inconvenience caused. However, we would love to investigate the matter and resolve it for you. Please share your Hotel booking experience with us and let our team take care of this. You can reach out to us at https://app.mmyt.co/Xm2V/5r8d47sj",2026-07-12T09:09:45
