app_name,app_id,category,review_id,username,rating,title,text,thumbs_up_count,review_created_version,at,reply_content,reply_at
BYJU'S – The Learning App,com.byjus.thelearningapp,Education,d14fc5dd-2a0a-4c54-95f5-a84339ec0e40,Vinod Goswami,5,,this app is too good,0,,2026-07-25T20:30:15,,
BYJU'S – The Learning App,com.byjus.thelearningapp,Education,bdcd6f6e-f0dd-45a1-ad10-9ed1061cf1af,Pratap Kumar,5,,This app is very useful for me.,0,12.2.10.17982,2026-07-19T18:15:33,,
BYJU'S – The Learning App,com.byjus.thelearningapp,Education,249d2d80-6c97-47b7-b25c-451c93cb5d8a,Sonali Pattanaik,5,,the best app ever i love this app it helps me alot i love u byjus 💖,0,,2026-07-18T22:06:04,,
BYJU'S – The Learning App,com.byjus.thelearningapp,Education,297d5273-940c-4200-b059-86ec6296d717,muhammad usama,1,,"currently byjus app is not working in Pakistan, I don't know whether the owner has decided to make it malfunctioning in Pakistan or due to some other reason but in previous time it was working perfectly in Pakistan",5,,2026-07-18T19:13:03,,
BYJU'S – The Learning App,com.byjus.thelearningapp,Education,3d3e7114-774c-4589-b533-5dca3818c0f4,MM Xper,1,,very bad experience,0,,2026-07-18T18:01:44,,
BYJU'S – The Learning App,com.byjus.thelearningapp,Education,b8111009-b867-4932-972b-9e2f949612b0,Moinuddin Shaikh,1,,how to login app,0,12.2.10.17982,2026-07-18T13:02:06,,
BYJU'S – The Learning App,com.byjus.thelearningapp,Education,0f07bbe8-7106-45b2-a30e-fbea17b95acb,Deepak Tejwani,5,,very amazing,0,12.2.10.17982,2026-07-17T14:02:45,,
BYJU'S – The Learning App,com.byjus.thelearningapp,Education,888f0ed2-5496-49d6-b0f5-45dd7edbec23,Apoorva,1,,"Worst educational app ever....Tons of useless calls and forcing thousands of parents to buy this and that, etc.....",0,,2026-07-15T16:19:58,,
BYJU'S – The Learning App,com.byjus.thelearningapp,Education,1958b715-c5ba-484c-85e0-a7c89c8127fd,Kanish,5,,It is such an awesome and good app. Show it is so nice app,0,,2026-07-14T11:11:27,,
BYJU'S – The Learning App,com.byjus.thelearningapp,Education,8389f3c1-818d-44c6-8aff-93a4509f3526,Aman Yadav,5,,nice,0,12.2.10.17982,2026-07-13T15:24:57,,
BYJU'S – The Learning App,com.byjus.thelearningapp,Education,686e0b84-a1a9-42d1-90b3-3852bcb689a6,The Gaming Consulant,5,,very best app i ever seen,0,,2026-07-11T19:05:25,,
BYJU'S – The Learning App,com.byjus.thelearningapp,Education,6f20f92e-9683-4415-bd5f-596b8911cb13,Komal Saini,1,,when I open the app after entering mobile no. I did not receive otp . it's useless. it's just like damage before start.,0,,2026-07-09T20:53:31,,
BYJU'S – The Learning App,com.byjus.thelearningapp,Education,27a2cce4-0b00-42f0-97dc-d6280094b42c,غم عاشقی تیرا شکریہ,2,,I want to connect but country code is not showing,2,12.2.10.17982,2026-07-07T16:20:47,,
BYJU'S – The Learning App,com.byjus.thelearningapp,Education,8b48f4ee-744a-490c-980c-87b54912667e,Dev Godhaniya,1,,come on,0,3.9.1.3219,2026-07-07T15:45:02,,
BYJU'S – The Learning App,com.byjus.thelearningapp,Education,3d6ab745-de63-4bd3-96f3-b4aefc16dcef,Aarti salgavkar,1,,it is not working,0,12.2.10.17982,2026-07-04T20:51:15,,
BYJU'S – The Learning App,com.byjus.thelearningapp,Education,e6c61982-2beb-4bb3-82cf-2ccfc10043a5,Papi Paul,1,,worse,0,6.4.2.8860,2026-07-02T23:52:26,,
BYJU'S – The Learning App,com.byjus.thelearningapp,Education,4c45027a-d905-448d-a4cb-b9ea06eddae8,Deep Roy,1,,"This app is very complicated and the server is always blocked, I can't login also",0,,2026-07-02T22:58:31,,
BYJU'S – The Learning App,com.byjus.thelearningapp,Education,1199af33-0a8d-46e8-aff4-958a29189fe8,Silvia Muralis,1,,I'm unable to login into app at all the page is stuck at OTP page with no options for resend otp or get otp on call which is highly inconvenient. when I got recommended this app I thought I'd try it out but I guess it won't be happening anymore cause I literally cannot login at all,2,,2026-07-01T09:47:50,,
BYJU'S – The Learning App,com.byjus.thelearningapp,Education,238305e3-4c40-4d51-ba8b-2592c7780981,Rupom Sing,1,,Application not login,1,12.2.10.17982,2026-07-01T02:50:16,,
BYJU'S – The Learning App,com.byjus.thelearningapp,Education,905842aa-597f-42b5-bb6e-bdf5a49d829f,Ikbal Bashir,1,,is very very bad app,1,,2026-06-30T14:09:33,,
BYJU'S – The Learning App,com.byjus.thelearningapp,Education,85e1bca7-b19e-45e2-ba62-6423d589506c,James !,1,,"It's scam!! Save your money, this app works for looting.",1,,2026-06-30T07:09:13,"Thank you very much :). We are glad to be a part of your learning journey.

- Team BYJU'S",2021-09-27T18:11:43
BYJU'S – The Learning App,com.byjus.thelearningapp,Education,3e2a0cb8-400b-4570-bb11-9862fad2e504,Girish Sambare,1,,App didn't login I tried several times to login but i dont get any OTP And I tried to login from 2nd phone there also not login how I login the app,0,12.2.10.17982,2026-06-29T12:31:42,,
BYJU'S – The Learning App,com.byjus.thelearningapp,Education,057d10c6-cbd5-43c7-837b-c46ae3f2166b,Gaurav Gupta,3,,Shahruk khan thank you .. I like to byjus 😃😃😃,0,9.8.0.12460,2026-06-28T17:15:11,,
BYJU'S – The Learning App,com.byjus.thelearningapp,Education,8f45d9ed-cdac-4313-b927-ffe69e9aa05a,Rahul Basu,1,,otp is not generated,1,12.2.10.17982,2026-06-27T15:02:25,,
BYJU'S – The Learning App,com.byjus.thelearningapp,Education,75058def-6817-460f-b6fc-710486ff64ad,Rina Devi,5,,the OTP has not come what this app was nice,1,,2026-06-26T20:58:33,,
BYJU'S – The Learning App,com.byjus.thelearningapp,Education,b8b0b1cd-1ca8-4001-a956-7a4b405dc559,Aishwarya Mohane,1,,"worst experience ever , scammed me and my family for money",0,,2026-06-24T19:59:59,,
BYJU'S – The Learning App,com.byjus.thelearningapp,Education,04f0ed27-99b8-4f8b-a1aa-1b2f1e8b530c,Kumari Snehlata,3,,😔😔 bad,0,12.2.10.17982,2026-06-22T10:03:06,,
BYJU'S – The Learning App,com.byjus.thelearningapp,Education,9615b22f-877b-4c73-99bb-38ac89239ea8,Eswara rao Pandu,4,,very well app,0,12.2.10.17982,2026-06-20T16:44:25,,
BYJU'S – The Learning App,com.byjus.thelearningapp,Education,dd2d8737-cd10-4b84-9f9b-f22733281697,Kuldeep Anchalia,1,,Byju's Is Done now.Byju Raveendran is bankrupt and has turned his company from renowned success to a renowned failure,3,,2026-06-19T20:45:59,,
BYJU'S – The Learning App,com.byjus.thelearningapp,Education,eae6b6a8-99f5-4078-80e7-ce6039724138,KawAl Kaur,1,,when I try to login in the app it ask me to input the mobile number. when I put the mobile number it ask me to input the correct mobile number. this makes me frustrated.,0,12.2.10.17982,2026-06-19T10:49:14,,
BYJU'S – The Learning App,com.byjus.thelearningapp,Education,680ab688-17ce-4e6f-a136-088ebc40c842,Chittibabu chitti (Silent_killer_ _),5,,This is best learning app,0,,2026-06-17T12:59:36,,
BYJU'S – The Learning App,com.byjus.thelearningapp,Education,ab870009-25f8-4ddc-a01b-3f3a3ecaac71,M Venkata ramana,5,,open otp,0,12.2.10.17982,2026-06-15T16:52:09,,
BYJU'S – The Learning App,com.byjus.thelearningapp,Education,bca7742e-53c7-485d-b874-89d423f61b74,Kavita Yetakuri,3,,"App is not working, I'm not getting OTP to login.",2,12.2.10.17982,2026-06-14T10:21:42,,
BYJU'S – The Learning App,com.byjus.thelearningapp,Education,e95b9ee8-9e65-42fb-995f-a8359847fc01,E sai chandu,1,,I am to login with otp it was not happening very bad user experience,1,12.2.10.17982,2026-06-12T08:13:23,,
BYJU'S – The Learning App,com.byjus.thelearningapp,Education,e9623b93-09fa-40d7-baef-9634834722a9,Varsha,1,,"when I'm in class 6th i studied from here this app ,i liked it very much this app created interest in me of studying but now I'm in 12th wanted byjus but can't even login it's very sad for me",3,12.2.10.17982,2026-06-10T12:57:02,,
BYJU'S – The Learning App,com.byjus.thelearningapp,Education,4d2e6fd9-4788-498a-95f0-cc8b73974d05,Namita Mistry,1,,Wrost educational app of time! The only goal for this app is to seek money from innocent parents and their children. The courses are too high that private tutions are looking very cheap on comparison. They annoyed people by repeated phone calls.,2,,2026-06-09T18:07:03,,
BYJU'S – The Learning App,com.byjus.thelearningapp,Education,9e3a9dee-cb4f-490c-b836-84f9a32e7e0a,Maya Gaikwad,1,,very nice 👍🏻,1,,2026-06-09T09:41:06,,
BYJU'S – The Learning App,com.byjus.thelearningapp,Education,e9d488cb-7f63-4a13-badc-e4317ce04af7,Reena Chourasia,1,,after downloading the app it is not working and keep saying the otp one,0,,2026-06-05T19:31:47,,
BYJU'S – The Learning App,com.byjus.thelearningapp,Education,1caa8410-2377-495b-b871-90f2e078c331,Sumita,3,,it doesn't open 😡😡🙄😡,0,12.2.10.17982,2026-06-05T09:56:57,,
BYJU'S – The Learning App,com.byjus.thelearningapp,Education,d6d9bfb8-e1c6-4085-aba7-7353a0c69e55,Sanjita Dey,2,,"they are disturbing, by calling continually that's why I didn't download it before",0,,2026-06-04T20:23:52,,
BYJU'S – The Learning App,com.byjus.thelearningapp,Education,cc837e38-6c42-4a06-b8d0-3a327a1ca3ad,Sumit,1,,If you always wanted to make money you should have created any other kind of business mr. byju scammer,0,,2026-06-04T09:46:07,,
BYJU'S – The Learning App,com.byjus.thelearningapp,Education,ea281cfd-346f-41f7-b8c0-01288ef4b553,Hardeep Singh,5,,"I was the employee in byjus It is a much better work place that I have ever seen whenever it comes back, I will feel happy to join it again.",0,12.2.10.17982,2026-06-04T05:51:51,,
BYJU'S – The Learning App,com.byjus.thelearningapp,Education,8dedfdc0-38ab-470c-b825-b7ca0c568616,Work Work,1,,ye ye app bahut kharab hai ismein OTP Nahin a raha hai isiliye itna Diya Hai,0,,2026-06-03T21:38:32,,
BYJU'S – The Learning App,com.byjus.thelearningapp,Education,f98b88f1-00bc-4722-b1d2-8e904e51c312,Ain Redssk,1,,bakar hai,0,,2026-06-03T16:50:25,,
BYJU'S – The Learning App,com.byjus.thelearningapp,Education,23d60254-6373-4adb-ad7c-ece88cb852a0,Adventists Readers,1,,I just want to say THANK YOU,0,,2026-06-02T21:39:30,,
BYJU'S – The Learning App,com.byjus.thelearningapp,Education,b5cdd0d0-6573-439a-a2de-219af46c08b1,Ritesh Kumar Das,1,,jhatuuu app hai,0,,2026-06-02T14:07:46,,
BYJU'S – The Learning App,com.byjus.thelearningapp,Education,2478918c-37aa-4175-9bae-ab351011fd93,Konda Maheshwari,1,,why otp is not coming..please help,1,,2026-06-01T20:53:33,,
BYJU'S – The Learning App,com.byjus.thelearningapp,Education,49586cb9-2347-414c-b929-912f13bd565e,Anchal Singh,2,,I try to login but it did't work,0,,2026-05-31T16:34:45,,
BYJU'S – The Learning App,com.byjus.thelearningapp,Education,0e0b87e2-2225-43f8-918e-47b16afc6561,Alpha,1,,not sending OTP for login.,1,,2026-05-30T22:01:38,,
BYJU'S – The Learning App,com.byjus.thelearningapp,Education,e44b62b2-36e1-4d0a-8e60-092205e851a4,keerthi busam,1,,it is not nice because the otp is not coming,1,,2026-05-29T12:09:19,,
BYJU'S – The Learning App,com.byjus.thelearningapp,Education,3dc2f98c-d7e3-4884-8252-3060aca502b5,Seerat,1,,"in this app, we are not able to sign in. it has alot of problems while loading, sending OTP. I have tried so many times but I am not able to sign in. poor experience ever of this app ever.",0,,2026-05-27T21:53:47,,
BYJU'S – The Learning App,com.byjus.thelearningapp,Education,7b2c8264-4556-40eb-865a-931e6a377879,Sarthak Burungale,5,,good 👍,0,,2026-05-24T22:39:54,,
BYJU'S – The Learning App,com.byjus.thelearningapp,Education,0bbe17d9-7273-4eeb-997c-70fe5116dc84,Singh Saab,1,,i cannot reseve OTP on my number,0,,2026-05-24T14:22:28,,
BYJU'S – The Learning App,com.byjus.thelearningapp,Education,bbf5e44c-8021-46fd-bbea-375140a09515,Rupshree nathani Nathani,1,,it's a learning experience application for girls and boys make when to expect yr,0,12.2.10.17982,2026-05-23T19:06:36,,
BYJU'S – The Learning App,com.byjus.thelearningapp,Education,1f63606d-0871-4dd2-b8f3-486736cf2004,Punita Pandey,1,,this app is not working properly and not opening I try many times but it was not working 😕😔😕😔😕😔😔😔😕😡😡😡,1,10.10.0.14563,2026-05-21T13:40:16,,
BYJU'S – The Learning App,com.byjus.thelearningapp,Education,95365754-0cb9-4dc1-8bb3-42faf7c01f9f,Abdullah Sayad,1,,why this app don't have country code outside India as a result we can't access this app out side India?,0,12.2.10.17982,2026-05-21T12:47:24,,
BYJU'S – The Learning App,com.byjus.thelearningapp,Education,d886a9ff-4f72-4049-a17b-f5cf1c46a812,KING_ MBR,1,,APP OPEN HONE ME 1 GHANTA LAGTA HAI 🤬🤬😡😡,1,12.2.10.17982,2026-05-21T10:07:08,,
BYJU'S – The Learning App,com.byjus.thelearningapp,Education,f617d92e-6277-4563-86e7-b46aaebbc71c,Jasim Kunnimol,1,,very bad .please don't use .this app is scam .they charge 30000 for 8 th standard .please anyone don't use.,0,12.2.10.17982,2026-05-20T21:39:59,,
BYJU'S – The Learning App,com.byjus.thelearningapp,Education,0f90eac0-5798-482e-94fb-7ac9f4025f4b,Jagjit Singh,5,,Good 👍,0,,2026-05-19T16:41:04,,
BYJU'S – The Learning App,com.byjus.thelearningapp,Education,b613e50e-e357-442c-82c9-ff5e351de48d,Ruchi Chauhan,1,,this do not work only whenever I enter my number it starts loading and never ever stops and I didn't get a OTP or I could do anything,0,,2026-05-16T17:13:57,,
BYJU'S – The Learning App,com.byjus.thelearningapp,Education,c73b8c03-b8a1-45ab-b02f-8a86a94ed9d2,JOYSHREE HANDIQUE,1,,Poor quality application.,0,12.2.10.17982,2026-05-15T18:50:02,,
BYJU'S – The Learning App,com.byjus.thelearningapp,Education,313f22aa-ab72-42f4-9ec0-0bfde6ab7aa8,Kavya D,5,,I started doing byjus since I was in 2nd standard but after it shutdown it was hard to find a app like it in hope byjus starts again 😭 ot is really fine and easy to understand concepts from byjus,2,,2026-05-15T11:53:24,,
BYJU'S – The Learning App,com.byjus.thelearningapp,Education,8726902e-83ad-445b-b080-0e1c60c3ee0c,Mominul Hoque,5,,bes,0,,2026-05-15T00:34:00,,
BYJU'S – The Learning App,com.byjus.thelearningapp,Education,d778b9d4-d426-4da1-a1d2-8ea633c3b6d4,Kashmir Singh,1,,yah sabse bekar app Hai yah nahin chal rahi hai number ke aage OTP nahin a Raha Hai sab mein,0,12.2.10.17982,2026-05-14T20:53:05,,
BYJU'S – The Learning App,com.byjus.thelearningapp,Education,0aa9ea06-d40a-44ad-8e8b-c045c093c88d,Èśwar Ràjá,1,,I am Not even receiving otp for login..Tried multiple times,0,5.5.0.7050,2026-05-14T09:29:37,,
BYJU'S – The Learning App,com.byjus.thelearningapp,Education,df3557c4-5deb-4251-819d-d4552d74d971,faisal mehmood,5,,"Why this app not working in Pakistan,,, country code not changed",0,,2026-05-13T18:09:17,,
BYJU'S – The Learning App,com.byjus.thelearningapp,Education,ad597d7b-45a3-4251-a5f2-c9018c5d32c8,Vineel kumar raj,1,,not working,0,12.2.10.17982,2026-05-13T17:03:59,,
BYJU'S – The Learning App,com.byjus.thelearningapp,Education,060cb6f9-308c-4709-8267-babf1f4f47fb,Bawa Singh Dhaliwal,5,,very good app this help me i studies,1,,2026-05-13T10:32:26,,
BYJU'S – The Learning App,com.byjus.thelearningapp,Education,cb692781-6d1a-4dd2-95ee-52c8fa156a1c,HARI KRISHNA,3,,"it's not working, I'm not able to login. And it's not even sending OTP.",0,12.2.10.17982,2026-05-11T21:36:28,,
BYJU'S – The Learning App,com.byjus.thelearningapp,Education,6ee7dd60-1b71-409e-aa01-9c6ef1a22038,Kumaran V,1,,waste of my life,1,8.3.1.11110,2026-05-11T06:23:08,"Thank you so much for reviewing our app:). Keep Learning!

- Team BYJU'S",2021-05-31T09:36:30
BYJU'S – The Learning App,com.byjus.thelearningapp,Education,00c6ea2a-e57e-4f02-8807-c96963a626a0,Aniket kumar Thaty,1,,worst ever app in the whole app store and play store ...it will be better if you read your school textbooks and ask your school teachers ....this is just a trap which has destroyed the future of many students,1,,2026-05-10T16:58:53,,
BYJU'S – The Learning App,com.byjus.thelearningapp,Education,34e75527-f7ee-4b89-9a73-7eb798b498ef,Gurkirat Singh,1,,no. dalne par otp hi nahi aata hai,0,12.2.10.17982,2026-05-08T20:22:43,,
BYJU'S – The Learning App,com.byjus.thelearningapp,Education,82bff1f4-3f14-445d-b84c-2a3aa8394f3f,Ravinder Singh,1,,very bad,0,,2026-05-07T19:10:08,,
BYJU'S – The Learning App,com.byjus.thelearningapp,Education,b94016f2-bac0-4b31-b299-441257f01e0e,keshav sharma,1,,my bygus is not working,0,12.2.10.17982,2026-05-07T15:23:28,,
BYJU'S – The Learning App,com.byjus.thelearningapp,Education,54ea5912-ca51-40b4-9a95-ea2260685c53,SREERAM KRISHNA T.S,1,,bad,0,,2026-05-06T20:00:19,,
BYJU'S – The Learning App,com.byjus.thelearningapp,Education,0c0d0e05-580d-4b50-a49f-fd37870c76dd,sundar Sundar,3,,otp not recived,0,12.2.10.17982,2026-05-06T13:58:58,,
BYJU'S – The Learning App,com.byjus.thelearningapp,Education,fe0a59a3-f197-4aae-990c-ad4dd940afd3,Vasanth Kumar ms,5,,its a best learning app for my kid that i have ever seen nit inly me every oarents like this app if your child is struggling please download byjus they are the best teachers i have ever seen for my kid,1,,2026-05-03T23:09:17,,
BYJU'S – The Learning App,com.byjus.thelearningapp,Education,d23988ec-c165-4473-8baa-8bd9f601251e,Nitin Zalke,1,,they took automatically access of byju's premium for us and we call the service centre they pick up the call worst education ever,0,,2026-05-01T15:10:11,,
BYJU'S – The Learning App,com.byjus.thelearningapp,Education,f9d814f9-5d2e-431b-ab89-c1d073131c3e,Naga Mani,2,,"Worst app Can be used only in 4 and 5 , physics is too worst. It does not link with concepts, but somewhat social is great and maths below avg",0,,2026-05-01T10:08:58,"Thank you so much for reviewing our app :). Great to hear that BYJU'S is helping you learn better. We will strive to make even better learning programs in the future.

- Team BYJU'S",2020-07-15T12:48:39
BYJU'S – The Learning App,com.byjus.thelearningapp,Education,6431b84b-2087-4631-aa03-607d98a55af1,Akshaya s,1,,try to open this app after installation for 3 months but it's appearing in login page as resend an otp.and the timer for otp runs but didn't get any otp. I think there is an backend issue. team please check the issues.,3,12.2.10.17982,2026-04-30T05:11:35,,
BYJU'S – The Learning App,com.byjus.thelearningapp,Education,2782275f-e8d8-40c9-87f5-6493af29b2fa,PUSHKALA JAYAKUMAR,5,,Simply 😊😊😊Awesome,0,12.2.10.17982,2026-04-29T18:41:20,,
BYJU'S – The Learning App,com.byjus.thelearningapp,Education,d050c57f-4765-4afe-98ea-542c2de1678b,Arijit In japan,1,,"very bad service.I bought the premium for 5year at ₹80,000 but after 1.5years they canceled the subscribtion without any notice with out refund",0,,2026-04-28T16:39:50,,
BYJU'S – The Learning App,com.byjus.thelearningapp,Education,20fc6846-6a7d-4171-b4b0-4ec502764ea7,Jyoti Kumari,1,,it was good in past time but in present they added too much things,0,,2026-04-27T09:48:48,,
BYJU'S – The Learning App,com.byjus.thelearningapp,Education,79577990-6b5a-4d30-86ea-5035aedaec89,Md Shahid Hussain,1,,I advise to not download the app isme otp varification ke liye mene 2 number aur Dale nahin donon number mein koi OTP aaya nahin OTP verification hua bahut hi bakwas hai per koi bhi isko download mat Karna aur purchase to bilkul bhi mat Karna Mera experience yah aapke liye bahut hi bakwas 😡😡,0,,2026-04-27T09:15:57,,
BYJU'S – The Learning App,com.byjus.thelearningapp,Education,f8f84240-cce8-4eac-93cf-5c7fa6b15275,SBI Bank,1,,"when I install this app, OTP is not coming on my phone. when I trying to register with my number. app not working.",1,,2026-04-24T15:30:13,,
BYJU'S – The Learning App,com.byjus.thelearningapp,Education,0b2c350f-7c4f-4613-9928-37f8e7c0afe7,Shamily Gs3,1,,very worst app I purchased the course and fully paid last three years the classes not taken and can't be able reached the service people,2,,2026-04-24T01:17:16,,
BYJU'S – The Learning App,com.byjus.thelearningapp,Education,13abc2d8-9971-4313-bcb2-e16916314a03,ADITYA RATHOD,1,,"can't even go through the login page, login page stuck for a otp confirmation. unable to resend or request otp through call",3,12.2.10.17982,2026-04-22T10:38:34,,
BYJU'S – The Learning App,com.byjus.thelearningapp,Education,f1899596-d25f-4da4-9d2f-6abdbf9e7573,Shakunthala Manikanta,1,,I went upset using this because I entered my mobile number but OTP is not coming,0,12.2.10.17982,2026-04-22T10:07:03,,
BYJU'S – The Learning App,com.byjus.thelearningapp,Education,0f42b121-58a0-4611-a6b1-2e7df665b290,Tanzeela Zainab,1,,they don't deserve even 1 star rating worst platform ever . fraud company,0,,2026-04-21T08:59:03,,
BYJU'S – The Learning App,com.byjus.thelearningapp,Education,afef5b50-a3c7-4a70-9e71-36af09896540,Riwandaka Rabon,1,,This app is not functioning well because when ever I tried to singing it show wait for opt I think I have waited more than a day but that otp never came so disappointed.,4,,2026-04-20T19:24:15,,
BYJU'S – The Learning App,com.byjus.thelearningapp,Education,e5de3701-b39c-451e-996b-18ea677a649c,Srujan Arun,1,,it is very and very fraud and frustrated app because now I entered correct number also it is not getting OTP and it is not working even if I internet also,2,12.2.10.17982,2026-04-18T10:22:23,,
BYJU'S – The Learning App,com.byjus.thelearningapp,Education,13f611e0-7220-4230-b781-b4c7fd553eb1,Hemanth Babu,5,,it is very helpful and gives more positive impact on my studies,1,,2026-04-15T16:51:08,,
BYJU'S – The Learning App,com.byjus.thelearningapp,Education,68e6df40-e284-4a10-bed3-13c82b846dfb,Subarna Nayak,1,,This is very Bad company They took all money but not give study material. Don't choice this chiting company,2,,2026-04-15T09:32:10,,
BYJU'S – The Learning App,com.byjus.thelearningapp,Education,3eade123-e16b-4871-a5f0-539ca9bf3f12,Lohit Chinna chenchi reddy,1,,worst app ever,1,,2026-04-14T07:26:09,,
BYJU'S – The Learning App,com.byjus.thelearningapp,Education,d77c468b-c6bd-4eef-88a2-f1ba0e3e6d3e,Mithra,1,,"I have used this app before it was so good but now again I downloaded this app but to sign in the OTP is not coming I tried many times but still the OTP is not coming, so consider this issue and please take actions",1,12.2.10.17982,2026-04-12T13:17:49,,
BYJU'S – The Learning App,com.byjus.thelearningapp,Education,bea13e96-f0e1-473b-a5e5-0fdaa610394b,Nitesh Kumar Bhanja,1,,I m going to describe my past purchase of 50 thousand i bought it and than i didn't like so i cancelled within time period but the counsellor who selled to me didn't take responsibility and i couldn't cancel it it's the worse customer service in world don't fall for trap guys,0,7.4.0.9502,2026-04-12T11:49:05,,
BYJU'S – The Learning App,com.byjus.thelearningapp,Education,b52821fb-dbd2-4df1-ae0e-c87436cdb881,Usman saeed,5,,its good yah,0,,2026-04-11T19:33:08,,
BYJU'S – The Learning App,com.byjus.thelearningapp,Education,637b94f6-a8b2-4ea5-a672-a0917e448b7c,Ajit Sinha,1,,this app is not sending me otp what to do,1,12.2.10.17982,2026-04-10T23:30:32,,
BYJU'S – The Learning App,com.byjus.thelearningapp,Education,53656f2b-b739-415b-899a-07667545733a,GN WANI,3,,I tried many times to install but did not receive otp,1,12.2.10.17982,2026-04-10T20:30:10,,
BYJU'S – The Learning App,com.byjus.thelearningapp,Education,d35431a8-b2d3-4d4a-afd9-ba5e80996a5e,BODDU RAJAMANI,1,,it's getting struck when we are to login 😭😞,1,,2026-04-10T15:25:46,,
BYJU'S – The Learning App,com.byjus.thelearningapp,Education,7e4cb7d5-32b0-4667-a06c-f4fe2c3d0987,Aarti Kidia,1,,Best learning app.. :-),4,1.4.0.0,2026-04-09T16:17:39,,
BYJU'S – The Learning App,com.byjus.thelearningapp,Education,64b86cad-63af-4113-895e-f13e434f51b9,agraharam nagaraju,5,,very good,0,,2026-04-08T21:28:30,,
BYJU'S – The Learning App,com.byjus.thelearningapp,Education,ef90c22c-5a2e-4441-b94b-1e8674fb446b,Nalini,5,,Very good app,0,,2026-04-08T21:06:44,,
BYJU'S – The Learning App,com.byjus.thelearningapp,Education,e7980860-7bae-45a3-8bc9-45c92c1a87d2,Jay Shree Sahu,1,,very bad🫪🤪,1,12.2.10.17982,2026-04-08T16:40:57,,
BYJU'S – The Learning App,com.byjus.thelearningapp,Education,95178aac-4e7d-41d0-9449-016155051aaf,Chetan Kumar,5,,why did byju's app cannot be sign up,2,12.2.10.17982,2026-04-05T23:31:13,,
BYJU'S – The Learning App,com.byjus.thelearningapp,Education,17b0fe10-f6bb-4364-b462-36125f436e91,shakti ranjan,1,,bakwas,0,,2026-04-05T19:22:37,,
BYJU'S – The Learning App,com.byjus.thelearningapp,Education,bb890eb6-f50b-4b06-91df-504949fdb505,Vinit Pandey,1,,very bad and fraud,0,12.2.10.17982,2026-04-04T01:18:45,,
BYJU'S – The Learning App,com.byjus.thelearningapp,Education,4b3a5a8b-b350-4864-a221-60848f7ba91d,Janhvi Sati,1,,so bad not giving OTP at time,1,,2026-04-03T21:39:10,,
BYJU'S – The Learning App,com.byjus.thelearningapp,Education,cf3e7d48-455e-4b1b-b959-d19ece7842d4,kavitha Kala,5,,easy to learn,1,,2026-04-03T11:04:45,,
BYJU'S – The Learning App,com.byjus.thelearningapp,Education,2aae5616-f2b0-4ad9-bac8-6453126aaeef,Om ji Shuklaji25,5,,free up cost app it is the best app for students and keeps your mind sharp thank,1,,2026-04-01T20:38:57,,
BYJU'S – The Learning App,com.byjus.thelearningapp,Education,4ac4251d-8730-48e2-94fd-17b90337db45,RUMA Kumari,1,,A dooba hua app,1,,2026-04-01T15:02:55,,
BYJU'S – The Learning App,com.byjus.thelearningapp,Education,8afebdff-2b32-43ee-a60c-cb7b5e01ef13,Bindu Madhavi Akula,1,,no 1 cheating app,1,,2026-03-31T22:10:16,,
BYJU'S – The Learning App,com.byjus.thelearningapp,Education,cd979f65-37e9-4539-9f37-e18139d13a90,Suraj Kumar,1,,"This is a legit scam, Don't ever fall into their 40-50k cources scam, like dude, be ashamed of yourselves and your company, looting the poor middle class students by making them feel stupid infront of their parents and looting from that atmosphere of vulnerability",0,,2026-03-31T21:24:58,,
BYJU'S – The Learning App,com.byjus.thelearningapp,Education,4675e0fc-ce11-41fe-b592-b946bc8250e8,Ranjana Sahu,1,,download karne par otp nahi aa raha hai,1,,2026-03-31T14:06:00,,
BYJU'S – The Learning App,com.byjus.thelearningapp,Education,db3f45bb-41ca-429f-b483-bb32f403ea5a,Vidhyasree R,2,,otp is not coming properly and on time very bad,1,12.2.10.17982,2026-03-30T21:25:14,,
BYJU'S – The Learning App,com.byjus.thelearningapp,Education,40408dc7-8135-4b1c-bf86-ed436a8167a1,Jagbir Jangra,5,,this is the best app for students,1,,2026-03-30T16:20:46,,
BYJU'S – The Learning App,com.byjus.thelearningapp,Education,647e6ac8-3984-4d3b-a9f0-d94266389ffe,Sunil Singh,5,,"It's not loading yah, and it's gud overall.",1,,2026-03-30T14:52:29,,
BYJU'S – The Learning App,com.byjus.thelearningapp,Education,dd10bc71-3b20-41b8-b37c-1aa00aefab31,Laxmi sharan,5,,app is not connected in a phone,0,12.2.10.17982,2026-03-29T20:00:45,,
BYJU'S – The Learning App,com.byjus.thelearningapp,Education,722a0f01-a35b-4144-807c-1c57e1bf2701,Devika Bhat,1,,"app isn't functioning. doesn't let me enter otp, keeps bugging, can't login or create account",1,,2026-03-27T02:22:28,,
BYJU'S – The Learning App,com.byjus.thelearningapp,Education,484f796a-9629-4e79-a35a-984ea18f9c0d,Jitendra Pal Sharma,1,,very bad learning,0,12.2.10.17982,2026-03-25T16:37:06,,
BYJU'S – The Learning App,com.byjus.thelearningapp,Education,598aaa8b-9fdb-4d84-aa05-1ddb28881b08,Sunil Sharma,1,,I'm a old user of this it improved a lot,0,,2026-03-24T20:56:21,,
BYJU'S – The Learning App,com.byjus.thelearningapp,Education,f713ba4b-e4a8-4309-b68f-5676b77224eb,16 satya prakash,1,,good to learn,0,5.1.1.6546,2026-03-24T20:08:37,,
BYJU'S – The Learning App,com.byjus.thelearningapp,Education,e2fcf0c8-8a4d-4dff-9b0c-c4ddbed57405,knowledge facts and fun,1,,"BYJU’S is quite expensive and does not provide enough free content. The app can be confusing at times, and many features are locked behind a subscriptio",1,12.2.10.17982,2026-03-24T20:00:38,,
BYJU'S – The Learning App,com.byjus.thelearningapp,Education,3ac94714-12f4-405e-a02d-abf9a95fec5c,Parul Soni,5,,nice app,0,12.2.10.17982,2026-03-24T07:24:09,,
BYJU'S – The Learning App,com.byjus.thelearningapp,Education,ac314784-cb5b-4ab0-9601-dd87d093db8e,Preeti Soni,1,,Good,1,7.5.0.9729,2026-03-22T18:54:43,,
BYJU'S – The Learning App,com.byjus.thelearningapp,Education,2fe1137c-1c25-48d2-82a1-fbc1610f58bf,Tridev Karmakar,5,,very useful and best app,1,,2026-03-22T14:06:01,,
BYJU'S – The Learning App,com.byjus.thelearningapp,Education,117232fc-6876-4119-a3ce-c17d79d997fb,Adarsh Sharma,1,,not giving OTP to join them 1 star rating,0,12.2.10.17982,2026-03-22T09:00:56,,
BYJU'S – The Learning App,com.byjus.thelearningapp,Education,39991093-5b8d-4155-9632-9b09cd7953d9,SHREY AWASTHI,1,,Pata nahi kaisa app hai,0,,2026-03-22T02:53:21,,
BYJU'S – The Learning App,com.byjus.thelearningapp,Education,48051c28-962a-4e37-ba9e-d87a94758ca7,Ghost COD,1,,doesn't open,0,,2026-03-20T14:25:48,,
BYJU'S – The Learning App,com.byjus.thelearningapp,Education,00d9573d-56c6-4683-bd22-338ad955d2c9,Koteswarao Seelam,5,,it is the key to unlocking your potential,1,,2026-03-20T14:18:22,,
BYJU'S – The Learning App,com.byjus.thelearningapp,Education,a976ba25-7afc-4732-b969-a013d9db5eef,Vivek Shaw,1,,worst app,0,,2026-03-18T16:29:26,,
BYJU'S – The Learning App,com.byjus.thelearningapp,Education,3c5a2006-a061-4560-8442-9173a7d34dfc,Karanveer Singh Rathore,1,,This company is a fraud,3,,2026-03-18T01:53:46,,
BYJU'S – The Learning App,com.byjus.thelearningapp,Education,14cfa759-c9d8-4127-ad8d-88659b7a664b,Srimathi s,4,,🌺super🌺,2,,2026-03-16T20:21:39,,
BYJU'S – The Learning App,com.byjus.thelearningapp,Education,eaa770bc-1d27-4293-aa0c-0c3b71a28184,Pihu Pattnaik,5,,THIS IS A VERY GOOD APP FOR CHILDREN,1,,2026-03-16T20:04:10,,
BYJU'S – The Learning App,com.byjus.thelearningapp,Education,6276c6bb-3451-4856-b043-8be28c5e3d75,Aalisha Gupta,1,,worst app. At starting we give them number to get otp and put over their. but I write 4-5 time my number after refreshing but I didn't get otp.,2,,2026-03-16T08:21:30,,
BYJU'S – The Learning App,com.byjus.thelearningapp,Education,e70ad0bd-eef9-430b-9a1e-19d4186e6467,Krishna SinG,1,,why otp does not receive on my mobile i cant login this app otp problem....,0,12.2.10.17982,2026-03-15T21:05:51,,
BYJU'S – The Learning App,com.byjus.thelearningapp,Education,2218ea14-1a42-477b-ae4d-f3dc9374cd5c,Priya Acharya,1,,Easy to understand,0,12.2.10.17982,2026-03-15T15:26:35,,
BYJU'S – The Learning App,com.byjus.thelearningapp,Education,941f6da0-a3c9-4fa8-bdfe-8369028f34f2,Deepika Deeps,1,,scam,1,12.2.10.17982,2026-03-15T15:01:59,,
BYJU'S – The Learning App,com.byjus.thelearningapp,Education,935e845b-a639-4aa1-b635-4ab7ed633e92,Nooruddin Bohra,5,,best app to studying 10 std,0,,2026-03-15T05:28:29,,
BYJU'S – The Learning App,com.byjus.thelearningapp,Education,882bebc5-f34d-4487-bdc5-6c627227edb4,Apoorva / 3 A / 19,1,,very poor I want to join it but it is not sending the otp,1,,2026-03-14T11:10:06,,
BYJU'S – The Learning App,com.byjus.thelearningapp,Education,f0912def-d87c-472b-a448-b1b904bead4c,Bhat Junaid,5,,deakhne ke bagair review diya kue ki barosa hai,1,,2026-03-14T08:18:00,,
BYJU'S – The Learning App,com.byjus.thelearningapp,Education,c43251e8-cd43-4ec0-8c12-d29fe8365aeb,Thiru chelvan,1,,not opening,2,12.2.10.17982,2026-03-13T19:12:35,,
BYJU'S – The Learning App,com.byjus.thelearningapp,Education,1182545a-6f31-4b3d-a5d7-a589dd3fa644,Kallanagoud Yogappanavar,1,,app not opened OTP not received problem,1,12.2.10.17982,2026-03-13T15:53:45,,
BYJU'S – The Learning App,com.byjus.thelearningapp,Education,92eda34a-12ac-4fc1-b461-9877aca93f2b,Amol Vastu,1,,"This App is not opening, OTP is not coming. very very bad app",1,12.2.10.17982,2026-03-12T17:04:57,,
BYJU'S – The Learning App,com.byjus.thelearningapp,Education,5f4d0c42-f2f1-414a-8637-76306ab7093c,Anji Babu,2,,there is an update in the app I am not getting OTP to enter please check this and update this,1,,2026-03-11T13:58:22,,
BYJU'S – The Learning App,com.byjus.thelearningapp,Education,d89ea05f-fe05-4e5c-a99f-d9eb0f388420,Abhijeet Shukla,3,,Very good app,0,,2026-03-11T12:32:57,,
BYJU'S – The Learning App,com.byjus.thelearningapp,Education,83a8e4d0-c8e9-4ede-b692-9924b9ddf9b0,Sd “Ramana” Shahid,1,,byjus OTV not send app no open,1,,2026-03-10T11:52:11,,
BYJU'S – The Learning App,com.byjus.thelearningapp,Education,81d11837-8a87-4ff6-95d4-a40f60aefc49,Banashri Ghosh,1,,"woah literally I downloaded the app but it never logins easily, even with good internet connection too I tried with different numbers, get otp on call it won't let me access I hope that you guys could actually change the method...",3,12.2.10.17982,2026-03-09T20:37:14,,
BYJU'S – The Learning App,com.byjus.thelearningapp,Education,70c6c909-d65e-421a-9a2a-bf91f7f26f4b,Arati Nayak,1,,"when I opened the app the screen just rotating automatically. I'm not doing the rotation, the app itself is doing this",1,12.2.10.17982,2026-03-09T17:37:41,,
BYJU'S – The Learning App,com.byjus.thelearningapp,Education,62daaef2-401c-43a7-8b77-71129b2dfa99,mohammed sohail,1,,fake,2,12.2.10.17982,2026-03-07T05:08:08,,
BYJU'S – The Learning App,com.byjus.thelearningapp,Education,513c6e76-0ee3-4dab-b4b3-f7bf66cf4e3c,Aishleen Puri,5,,it's a good app that my sister and I love it makes the learning a way easier and the good thing is that the teachers are also so kind I would give it a 5 out 5 must try,0,,2026-03-06T17:13:21,,
BYJU'S – The Learning App,com.byjus.thelearningapp,Education,f1c3858b-d95a-47b0-be72-a61d1a5c9eb8,Devansh chauhan,1,,"This app is absolutely useless, these people are only in the business of taking money, they trap the students in their talks, then ask us to take the course and they give a good first demo class of the course so that us get interested in the course Once you get the money, then after that you teach useless things.",4,,2026-03-06T14:16:07,,
BYJU'S – The Learning App,com.byjus.thelearningapp,Education,5cf5ffe5-b4ed-40bb-a4e1-6803ee69b677,A Google user,5,,"This app is amazing and teachers are so good ""love BYJU'S""📖📚😂📲",0,6.3.0.8660,2026-03-06T13:11:25,,
BYJU'S – The Learning App,com.byjus.thelearningapp,Education,cb2db090-fbf5-4914-b4f5-0f56ee9e5a68,Pritam Kumar,1,,worst app as of now,0,12.2.10.17982,2026-03-06T11:15:08,,
BYJU'S – The Learning App,com.byjus.thelearningapp,Education,a7b786d3-4c98-4700-915d-a5d7a39a6e31,Kanhu Ki Piya,1,,app not working... I reinstalled it 5 times... but otp is not coming...,1,,2026-03-06T06:28:53,,
BYJU'S – The Learning App,com.byjus.thelearningapp,Education,17b734aa-4839-420b-b81a-0d8a93d08dab,Koshi Narwariya,1,,clear this in current as I have exam Tommorow and I is having opt issue please request to clear it quickly as it used to study,0,12.2.10.17982,2026-03-05T22:24:27,,
BYJU'S – The Learning App,com.byjus.thelearningapp,Education,ff1f2977-a896-47f4-931c-513f99d5be92,Suman Prajapati,1,,not good,0,7.5.0.9729,2026-03-05T15:12:31,,
BYJU'S – The Learning App,com.byjus.thelearningapp,Education,e5888f31-9515-4888-ae47-4d69062e29ee,Quietspill,2,,before it was the best app and after sometimes something happened to byjus app videos were not opening so I had to delete it,0,,2026-03-05T10:52:39,,
BYJU'S – The Learning App,com.byjus.thelearningapp,Education,a98bc18c-2242-46ba-8e08-e3adbcdc912c,Raina Castelino,1,,this app is very worst,0,,2026-03-04T22:56:50,,
BYJU'S – The Learning App,com.byjus.thelearningapp,Education,3bc220e4-4ad9-4007-bab6-011cdb5c7cc3,Aruna Anu,1,,login problem,0,12.2.10.17982,2026-03-04T20:02:06,,
BYJU'S – The Learning App,com.byjus.thelearningapp,Education,6b87769f-fe75-4002-9e1a-d9f2b480f85e,Bijender Khatri,5,,Good for children.,1,,2026-03-04T17:56:35,,
BYJU'S – The Learning App,com.byjus.thelearningapp,Education,80672ff6-4236-49ce-969c-23b2f097414c,Sukh,1,,no work no otp,0,12.2.10.17982,2026-03-04T11:18:43,,
BYJU'S – The Learning App,com.byjus.thelearningapp,Education,c044ef22-a1af-4cd1-815b-3a7d1b1b0c3a,Gokul Gokul,5,,so nice,0,,2026-03-04T05:17:29,,
BYJU'S – The Learning App,com.byjus.thelearningapp,Education,7792bea5-0870-4a90-8056-c09c18936434,Dwarapudi ramesh Dwarapudi,1,,ugly,0,12.2.10.17982,2026-03-03T22:09:18,,
BYJU'S – The Learning App,com.byjus.thelearningapp,Education,465c514b-b732-458c-88a7-50f0f1c7a0f1,Utkarsh Singh-3038,1,,Worst application.,0,,2026-03-02T19:03:07,,
BYJU'S – The Learning App,com.byjus.thelearningapp,Education,7adbf073-786c-43d1-8618-30d21a1a5b9d,Vallapu manjunatha,1,,otp is not coming,0,12.2.10.17982,2026-03-02T15:11:20,,
BYJU'S – The Learning App,com.byjus.thelearningapp,Education,d828f190-db75-4257-89f6-3815361acb13,Gudla Nageswarao,5,,🥰🥰🥰🥰🥰🥰🥰🥰🥰👌👌👌,0,,2026-03-01T16:22:16,,
BYJU'S – The Learning App,com.byjus.thelearningapp,Education,5ab89413-3ee6-4ae0-8f6a-1dfc90cc987f,K Sunil,5,,l have started the app in 2021 . Now I am the topper of my class,1,12.2.10.17982,2026-03-01T11:22:44,,
BYJU'S – The Learning App,com.byjus.thelearningapp,Education,bd62a4bb-3479-4c9e-be49-514f01c49431,Ishan Ali,5,,best app that I have ever use,1,12.2.10.17982,2026-02-28T22:28:02,,
BYJU'S – The Learning App,com.byjus.thelearningapp,Education,adee7860-1627-439b-ad5a-e13d3c473088,Rankmax Pvt. Ltd.,5,,bahut achcha app Hai ismein first class Se lekar 12th class Tak NCERT CBSE jitne bhi syllabus hote hain sare Ho,1,,2026-02-28T21:35:53,,
BYJU'S – The Learning App,com.byjus.thelearningapp,Education,c06c2255-033d-4554-9d28-5c2b71f6bfd9,Rohith Chandra,5,,this school and app is good I give 5 star it's really good but others are said this is the worst app,1,,2026-02-28T19:31:13,,
BYJU'S – The Learning App,com.byjus.thelearningapp,Education,e994d4bb-6138-4d2a-801d-ae3a2297c772,Vibe with Tia,1,,this app is very bad ye otp hi nhi behjate,1,12.2.10.17982,2026-02-28T09:58:29,,
BYJU'S – The Learning App,com.byjus.thelearningapp,Education,c503f822-3f5e-49fd-b59f-61ea0cba8108,Passang Bhutia,5,,𝒾 𝓁𝑒𝒶𝓇𝓃 𝓈𝑜 𝓂𝒶𝓃𝓎 𝓉𝒿𝒾𝓃𝑔𝓈. ｡^‿^｡,1,,2026-02-27T19:15:15,,
BYJU'S – The Learning App,com.byjus.thelearningapp,Education,62708568-06d2-4ac9-a338-a0738dbc922d,Sahida Bibi,1,,ok ha,0,12.2.10.17982,2026-02-26T08:53:58,,
BYJU'S – The Learning App,com.byjus.thelearningapp,Education,aa9e6702-6f2e-4fc0-ab38-5a8aab885d35,Rishu Raj,1,,very cheap class app only try to hook students they think we are not their students either they think we are their customers low quality study I never recommend this app to anyone choice is yours,0,,2026-02-25T16:32:56,,
BYJU'S – The Learning App,com.byjus.thelearningapp,Education,63a4249c-58c9-4b58-bea4-6a944804cc43,Manju Devi,5,,excellent 👍👍👍,1,,2026-02-25T11:17:18,,
BYJU'S – The Learning App,com.byjus.thelearningapp,Education,1030c599-ecbb-4edb-b749-e12477cc65b8,Senthamarai Kannan,1,,update app.It is not working 👎👎👎👎👎,1,12.2.10.17982,2026-02-24T22:07:47,,
BYJU'S – The Learning App,com.byjus.thelearningapp,Education,1ca943d7-1dc1-428c-8c4e-e594f04daff0,Roshan Jain,1,,ye to chal hi nahi raha hai,1,12.2.10.17982,2026-02-23T20:11:35,,
BYJU'S – The Learning App,com.byjus.thelearningapp,Education,18b67bfc-085e-41a9-8510-9198b0f4c438,shivendra mani dwivedi,1,,I want to give 0 star because I have purchased a batch about to 10000 and some books which cost be 5000and a set of laptop which I don't know the price but it cancel automatically and did not give me my money back this is a serious fraud and worst app as well they are not picking up my call when I call them they ignore as well pw is better than,1,,2026-02-23T19:44:17,,
BYJU'S – The Learning App,com.byjus.thelearningapp,Education,af9557f5-9a4e-4c71-9df0-557150e7c7b5,A Google user,4,,This is a very good learning app😊,1,4.11.1.6194,2026-02-23T03:43:03,,
BYJU'S – The Learning App,com.byjus.thelearningapp,Education,c4a55e12-98ba-4bf3-94d4-5610c993711f,Nirmal Kumar,1,,itt is very bad 😔😔😔😔 because the aap is closed 🔒,1,12.2.10.17982,2026-02-22T20:50:47,,
BYJU'S – The Learning App,com.byjus.thelearningapp,Education,1387c036-1207-498d-8ba2-e1d47b56f340,Prudhvi Yadav,1,,sales fraud,0,8.2.0.10847,2026-02-22T05:38:26,,
BYJU'S – The Learning App,com.byjus.thelearningapp,Education,cd281924-da22-4541-a6b9-e3e2dae5fc6b,Worrier gaming,1,,"it is the worst app , vedantu and other learning apps are thousand times better than this , it's just a trap they charge more money and there is no good teaching worst app don't use or buy byjus course",2,,2026-02-19T17:32:28,,
BYJU'S – The Learning App,com.byjus.thelearningapp,Education,82d6e6e2-4987-4886-be60-b8c488650e42,Pradyut Pachal,1,,very bad app & company,0,,2026-02-18T20:30:54,,
BYJU'S – The Learning App,com.byjus.thelearningapp,Education,e87fa6e5-56e7-4611-922a-27e88e6d4397,Manvi 7E,1,,otp is not coming,1,12.2.10.17982,2026-02-17T08:16:26,,
BYJU'S – The Learning App,com.byjus.thelearningapp,Education,385c212a-3257-46ea-8b03-959695247e1c,Pravin,1,,fraud company it is,0,,2026-02-17T07:58:54,,
BYJU'S – The Learning App,com.byjus.thelearningapp,Education,3d059158-a6ad-4b10-8269-781373fc5010,Rajkali Patel,5,,wow nice,0,,2026-02-16T13:48:40,,
BYJU'S – The Learning App,com.byjus.thelearningapp,Education,10b3bf4f-7666-46a3-9a90-9162e19495d7,Divya Reddy,5,,good,0,,2026-02-16T07:40:37,,
BYJU'S – The Learning App,com.byjus.thelearningapp,Education,be73e511-7d91-4f31-a290-71c9820a365f,Salim Khan,1,,"Byju's has been ruined by its own actions. They poured money into advertising, yet now their popularity is nowhere to be seen. I feel sorry for Byju's Ravindran. God bless you",0,,2026-02-15T22:51:02,,
BYJU'S – The Learning App,com.byjus.thelearningapp,Education,bcb65068-564b-492d-ab63-aca01e3a2a3f,Anil Kumar Deb,3,,I am trying to get otp but otp is not coming,1,12.2.10.17982,2026-02-15T20:20:31,,
BYJU'S – The Learning App,com.byjus.thelearningapp,Education,6a349e14-c990-4a58-bdab-a3002ceae765,Estar 127,4,,how can i access byju's contents?,0,12.2.10.17982,2026-02-15T11:55:43,,
BYJU'S – The Learning App,com.byjus.thelearningapp,Education,110222f7-3725-4ae7-9503-8856cc2bdeae,total fun,1,,ye abhi tak band nhi hua hai😂😂😅😂😂🤣🤣🤣,3,,2026-02-14T23:50:33,,
BYJU'S – The Learning App,com.byjus.thelearningapp,Education,15837379-4e82-4f08-8127-eb7361a4e2e4,Prudence Or Vivek,5,,so good 👍 👏 👌 🙌,0,,2026-02-12T20:34:36,,
BYJU'S – The Learning App,com.byjus.thelearningapp,Education,6b9f2bad-3672-4f68-b6ee-7cbfc7463719,Ansh Kumar,5,,This app most helpful in exam and final term,0,,2026-02-12T19:52:24,,
BYJU'S – The Learning App,com.byjus.thelearningapp,Education,5ca12f23-4650-405f-adb6-b7aadd9e469a,Ranjeeta Devi,1,,it was not working,0,,2026-02-12T18:04:58,,
BYJU'S – The Learning App,com.byjus.thelearningapp,Education,9d8f87a0-6614-4b81-81c8-ea1ecb15649c,Prasad AV,1,,Is Byjus still around? The App is not sending OTP as of today? Also what all things do you provide now?,0,12.2.10.17982,2026-02-12T17:08:15,,
BYJU'S – The Learning App,com.byjus.thelearningapp,Education,b30ca492-0bd9-43dc-ab96-98f229ed4b42,Shubham Kumar,1,,not open this app,0,,2026-02-12T16:49:14,,
BYJU'S – The Learning App,com.byjus.thelearningapp,Education,8cf9db45-b883-4e9f-8aa8-b1dd07931109,Madhuri Mishra,1,,I can see I am writing phone number and then the otp has issue it was loading and I don't like app the best was khan academy,0,,2026-02-11T17:44:38,,
BYJU'S – The Learning App,com.byjus.thelearningapp,Education,27dc5d20-674f-4f81-a782-1f669f235806,Afrin Ahammed,1,,Worst app ever.,0,,2026-02-11T10:55:25,,
BYJU'S – The Learning App,com.byjus.thelearningapp,Education,c0b391e3-882d-4b8c-af2d-c257a4938010,Naveen kumar,1,,when installing done entering phone number otp as not coming,0,,2026-02-11T08:03:57,,
BYJU'S – The Learning App,com.byjus.thelearningapp,Education,e6b0d1af-9202-4ee7-be4f-f9279c1e7590,Nikunj rana,5,,Gatiya app,0,,2026-02-09T20:12:08,,
BYJU'S – The Learning App,com.byjus.thelearningapp,Education,cc9cdd31-380c-45b9-9e8d-62fc9749f9ac,R Bharath,5,,Good,0,12.2.10.17982,2026-02-09T19:30:07,,
BYJU'S – The Learning App,com.byjus.thelearningapp,Education,67af2cec-1d5c-43c6-b4e2-102876d831ae,Ennie,1,,can't even log in/sign in!!!!,0,,2026-02-09T15:14:50,,
BYJU'S – The Learning App,com.byjus.thelearningapp,Education,355ac9ac-c9d8-424e-85c7-792a3bfc2c7a,Dhruv Patil,1,,not received OTP,0,12.2.10.17982,2026-02-09T08:26:40,,
BYJU'S – The Learning App,com.byjus.thelearningapp,Education,10f1d05b-3cd9-4cda-a8d9-7aaa6d93564b,PANNEERSELVAM Ka,1,,could not install the app. Otp is not received in mobile.,0,12.2.10.17982,2026-02-07T21:58:30,,
BYJU'S – The Learning App,com.byjus.thelearningapp,Education,821967dd-2886-4b18-a27c-11e59b2874fc,Hitesh Choudhary,1,,very very bad,0,,2026-02-07T10:32:43,,
BYJU'S – The Learning App,com.byjus.thelearningapp,Education,334ac7a6-eb2e-40ce-b1af-0f0daa2da02e,Vedant Malviya,1,,this aap is fully waste of time... i suggest you to choose instead nt or pw,0,,2026-02-06T15:08:13,,
BYJU'S – The Learning App,com.byjus.thelearningapp,Education,0754220b-488f-4569-ae82-55a29e584a7a,Jagtar Singh,5,,excellent,0,,2026-02-05T20:24:35,,
BYJU'S – The Learning App,com.byjus.thelearningapp,Education,c2156a08-36c4-49fe-b4c3-3bb086d0e868,Titas Halder,1,,"waste my life 2 years for them , they just want money don't want any student get jobs . now I am suffer..",1,,2026-02-05T08:57:40,,
BYJU'S – The Learning App,com.byjus.thelearningapp,Education,14d375a6-bfb9-4e1f-8e22-62fbdd3eafa4,NEELAM CHAUHAN,5,,my experience was fantastic but now it's not working on my phone. I wants to use this app again,1,12.2.10.17982,2026-02-05T08:45:35,,
BYJU'S – The Learning App,com.byjus.thelearningapp,Education,6687a06b-e546-4cdc-ac2e-d234bea785e8,Kp Singh,5,,sir otp problem in byjus app please verify the otp in byjus app,1,12.2.10.17982,2026-02-04T16:31:14,,
BYJU'S – The Learning App,com.byjus.thelearningapp,Education,13c7b8eb-09f3-4ca7-8d72-f4ad448bc622,Appalaswamy Gurana,1,,The OTP is not available,0,12.2.10.17982,2026-02-04T16:04:10,,
BYJU'S – The Learning App,com.byjus.thelearningapp,Education,fb30df91-6244-4225-ae6d-110c04e56d97,Deepika Pal,1,,"very bad ,😤",0,12.2.10.17982,2026-02-04T16:02:27,,
BYJU'S – The Learning App,com.byjus.thelearningapp,Education,f87d6d7d-6de1-47d3-86fb-57c659caff46,Dadu SK,1,,worst,0,12.2.10.17982,2026-02-03T22:01:30,,
BYJU'S – The Learning App,com.byjus.thelearningapp,Education,9f3d9cae-b6c2-4e63-8549-dccd5d6ee924,Kushagra Bassi,1,,"app does not work, not getting otp",1,12.2.10.17982,2026-02-03T20:27:01,,
BYJU'S – The Learning App,com.byjus.thelearningapp,Education,216084d6-6567-4ff0-b0c6-1a3a8e693aba,Neela Dharavath,2,,not opening,0,12.2.10.17982,2026-02-03T20:25:48,,
BYJU'S – The Learning App,com.byjus.thelearningapp,Education,ada882f8-b00c-44d7-a6c5-2763ae40eadd,JM K,1,,worst app does not work after 30 days😡😡,0,12.2.10.17982,2026-02-03T20:19:30,,
BYJU'S – The Learning App,com.byjus.thelearningapp,Education,f4db5055-7578-4c25-9cb3-8de25512485d,Nirmal kanta Sahoo,1,,DEATH OF GRADEUP BY BYJU,2,12.2.10.17982,2026-02-02T17:12:45,,
BYJU'S – The Learning App,com.byjus.thelearningapp,Education,a7de31cf-9555-4f92-9223-4416d5b6138f,Pooja Devi,1,,otp is not working,0,12.2.10.17982,2026-02-01T17:11:57,,
BYJU'S – The Learning App,com.byjus.thelearningapp,Education,4f227ca5-f56b-4831-8669-afeccfde3802,Virender Singh chauhan,1,,Kuch samajh nahi aata. worst app ever I have used. 🤡👾,0,,2026-01-31T11:40:32,,
BYJU'S – The Learning App,com.byjus.thelearningapp,Education,b5d64236-f5c9-4d55-a140-09aa90bf317d,shanu sharma,5,,very good,0,12.2.10.17982,2026-01-31T01:03:28,,
BYJU'S – The Learning App,com.byjus.thelearningapp,Education,ad7708ff-2838-4f18-85e2-0b8366420870,Deepak Kumar,5,,Best learning app,0,,2026-01-29T22:54:13,"Thank you for your kind review. It looks like you may have given us an incorrect rating. Could you please review the rating alone once again? A 5 star rating would motivate our team like nothing else. :)

- Team BYJU'S",2021-07-04T20:19:38
BYJU'S – The Learning App,com.byjus.thelearningapp,Education,574b0f63-f98a-47e0-a885-446eb4d81b80,vemala,5,,This is Very useful for education,0,,2026-01-29T19:41:00,,
BYJU'S – The Learning App,com.byjus.thelearningapp,Education,4a56f613-5183-4805-a95d-9dfee1b8a6cc,Mahesh Chandra,5,,it is a very good studying app,0,,2026-01-29T19:05:53,,
BYJU'S – The Learning App,com.byjus.thelearningapp,Education,e37659bb-706a-4ea8-9afe-8c8c4acaf47b,Barvaliya Shubham,1,,bekkar,0,,2026-01-29T13:33:40,,
BYJU'S – The Learning App,com.byjus.thelearningapp,Education,6af3a05b-1cdc-49bd-afc8-ac8b3739e940,raviraj kumar,1,,very very bad BYJU'S,0,,2026-01-29T09:03:23,,
BYJU'S – The Learning App,com.byjus.thelearningapp,Education,d219f446-e73a-4c72-a098-9bed762c5e48,Arshdeep kaur,5,,it's too good but only a problem is it has subscription which is not paid by me and my friends due to weak economic growth of us,0,,2026-01-28T20:46:41,,
BYJU'S – The Learning App,com.byjus.thelearningapp,Education,b6b1e0c0-fecf-4659-8d67-d508fc3156b8,gopal kumar,2,,"see I purchased the byjus cource for 1,00,000 ₹ now the company is bankcourroupted now who tf will refund my money ?? now the app is also not working 😕 software problem why the heck byjus don't sell their software to others",3,,2026-01-27T10:20:46,,
BYJU'S – The Learning App,com.byjus.thelearningapp,Education,62aa9444-86c7-473c-8522-f9e1866c6fe2,hunny hiren,1,,I tried to log I many times but I was not even get otp also I has subscription for 5th to 10 but they stop to give lectures to me in my 7th class,1,,2026-01-26T20:57:21,,
BYJU'S – The Learning App,com.byjus.thelearningapp,Education,b32a11e9-ee07-4636-8493-f54f2da6a8ea,B Konda,1,,Because I don't get to login Why?,1,12.2.10.17982,2026-01-26T19:18:20,,
BYJU'S – The Learning App,com.byjus.thelearningapp,Education,da8a5980-e44b-42a4-be6e-a02ad20e0f7c,Mohammad Aamil,1,,bakwas app education ke liye inhone mere paise ka ki rakhe hain,0,,2026-01-26T16:51:10,,
BYJU'S – The Learning App,com.byjus.thelearningapp,Education,8f49823d-4e6d-4d4d-854a-1990515786dd,namita verma,1,,worst education app,1,,2026-01-25T13:32:23,,
BYJU'S – The Learning App,com.byjus.thelearningapp,Education,eba8b409-d876-4aa2-8c5b-0d9e6827a69d,Arjun singh,2,,network issue,1,12.2.10.17982,2026-01-25T08:05:37,,
BYJU'S – The Learning App,com.byjus.thelearningapp,Education,e4b63769-789b-41bd-a4ab-289192577b6f,Vadla Geetha,1,,"""I have installed the Byju's app, but I'm facing an issue where the app does not send an OTP when I try to log in using my mobile number. As a result, I am unable to access my account or complete the login process. Please assist me in resolving this problem at the earliest.""",10,12.2.10.17982,2026-01-24T18:30:54,,
BYJU'S – The Learning App,com.byjus.thelearningapp,Education,124de275-3678-4e8b-ada8-1a4dce750ddb,Dhiyan Sridhar,1,,worst app can't even recive OTP,2,12.2.10.17982,2026-01-23T20:29:51,,
BYJU'S – The Learning App,com.byjus.thelearningapp,Education,ac517663-634d-40b7-948a-f7b5a1ccb2ec,Katroth Laxman nayak,5,,this app is best for kids and childrens,0,12.2.10.17982,2026-01-22T20:12:01,,
BYJU'S – The Learning App,com.byjus.thelearningapp,Education,85d7b1a4-6e6a-49eb-b4d9-aac737620154,NIDHI SINGH,1,,not login in my phone,0,12.2.10.17982,2026-01-22T05:28:47,,
BYJU'S – The Learning App,com.byjus.thelearningapp,Education,977f81dd-9772-4a0a-bd3b-e3ca9a3d6656,RAJA,5,,Now only come this app,0,12.2.10.17982,2026-01-19T18:37:53,,
BYJU'S – The Learning App,com.byjus.thelearningapp,Education,77ab60a5-c6ac-4782-9411-216ea4e55334,Mukesh Maurya,1,,not send otp and not working app properly,0,12.2.10.17982,2026-01-17T13:06:41,,
BYJU'S – The Learning App,com.byjus.thelearningapp,Education,f40dac0e-aaf2-43bf-a87a-e733e4f05260,Neha Nischal,1,,it was fun but login is a very hard task I am really trying to do it and I don't know how to do it I think you must take the help of others four the login in,1,12.2.10.17982,2026-01-17T12:18:39,,
BYJU'S – The Learning App,com.byjus.thelearningapp,Education,9e19ab5e-46d2-4f28-b685-2a13239eed32,Emmanuel Codjoe,5,,it's makes learning fun,0,,2026-01-17T00:54:09,,
BYJU'S – The Learning App,com.byjus.thelearningapp,Education,b211e1b1-b3e6-42f3-9416-42af58f242f9,Gouda Saritha,1,,It is not opening first,0,8.5.1.11390,2026-01-16T18:05:30,,
BYJU'S – The Learning App,com.byjus.thelearningapp,Education,b8546395-71c1-4a60-927a-d71cb69b4f9d,SHREESHAI S,1,,sucks,0,3.12.0.3869,2026-01-16T17:47:52,,
BYJU'S – The Learning App,com.byjus.thelearningapp,Education,c89e47d9-9bd2-4ce6-b908-d47749b2c4dd,Asghar abbas,1,,country code is not changing,0,,2026-01-16T17:09:15,,
BYJU'S – The Learning App,com.byjus.thelearningapp,Education,66620609-0929-48aa-92d5-e2a0dbef9bfb,nandani sharma,2,,"I tried of trying, still I don't get any OTP",0,12.2.10.17982,2026-01-15T23:05:51,"
Hi, we are extremely sorry that you had an unpleasant experience. Please send us an email at care@byjus.com so we can address this issue and take the necessary measures.
- Team BYJU'S
",2024-04-01T11:18:48
BYJU'S – The Learning App,com.byjus.thelearningapp,Education,dc9732f0-5eb6-430f-8010-3dbdb5e9b8fe,Arpit Sharma,1,,not start,0,12.2.10.17982,2026-01-15T21:52:06,,
BYJU'S – The Learning App,com.byjus.thelearningapp,Education,637dbc32-0054-4098-a969-d0cdf5458896,Siddu Ganti,1,,no login .😲😲,0,12.2.10.17982,2026-01-15T18:44:26,,
BYJU'S – The Learning App,com.byjus.thelearningapp,Education,9b41d050-5f4f-4009-b7a8-8860d9e88ab3,Ansh Yadav,4,,this app is very nice 🙂,0,,2026-01-15T17:01:37,,
BYJU'S – The Learning App,com.byjus.thelearningapp,Education,1d138ab3-6f18-4f4e-883e-2d6ab471c9a5,Tina Bhati,1,,I can't login in app,0,12.2.10.17982,2026-01-13T18:53:39,,
BYJU'S – The Learning App,com.byjus.thelearningapp,Education,7133a7c8-04e4-434e-b53f-3a385b478e9f,Rohini Rohini,5,,every thing used to be good until 2025 june it s owner went bank bankrupt and sever went down so we would not receive any otp or login and no one was employed to lift the phone all are removed from job the owner is hiding in UAE and let's wait for another owner to buy this or byjus 3.0 come back,1,12.2.10.17982,2026-01-13T16:07:27,,
BYJU'S – The Learning App,com.byjus.thelearningapp,Education,19793744-906e-4578-b086-e90946f7e534,Shalu Chaudhary,5,,bahut accha app hai ye band kyu kr diya hai ise challah please 🙏 hamari padai is appse bahut aache se hoti thi please ise chalu karao,0,12.2.10.17982,2026-01-12T17:13:40,,
BYJU'S – The Learning App,com.byjus.thelearningapp,Education,b874e166-fa99-4a55-97d7-ee7f45a8bb26,Savita Ray,1,,Very bad app,0,12.2.10.17982,2026-01-12T08:23:26,,
BYJU'S – The Learning App,com.byjus.thelearningapp,Education,39df04ac-ce0f-481e-83e8-129c02e54023,Vanita Dahka,2,,not that much good but okay for emergency,0,,2026-01-11T21:00:23,,
BYJU'S – The Learning App,com.byjus.thelearningapp,Education,c43ca07c-b5a4-41ea-9e3b-e47f436c977c,Shrivastava Anshika,5,,not login,0,12.2.10.17982,2026-01-11T18:44:57,,
BYJU'S – The Learning App,com.byjus.thelearningapp,Education,c4c293bb-04bc-43db-9bd6-f86336785d68,Januka sharma,5,,Good 😍,0,,2026-01-11T17:51:12,,
BYJU'S – The Learning App,com.byjus.thelearningapp,Education,513e43fe-19b8-4644-a389-d2ed305fb146,Sahi Mohd.,1,,not experienced,0,12.2.10.17982,2026-01-11T13:19:44,,
BYJU'S – The Learning App,com.byjus.thelearningapp,Education,a9c02b4c-6b50-450d-9287-405c9ad39a94,ganesh medi,1,,byju's app is not sending OTP,0,12.2.10.17982,2026-01-11T11:28:01,,
BYJU'S – The Learning App,com.byjus.thelearningapp,Education,2c53c668-e04c-422c-a6da-d199a69cddb3,M Lokeswari,5,,superb,0,,2026-01-11T09:39:21,,
BYJU'S – The Learning App,com.byjus.thelearningapp,Education,9d276399-a7f6-47be-8695-4d7a75cf733c,Neelam Kumari,5,,very nice,0,12.2.10.17982,2026-01-10T19:27:33,,
BYJU'S – The Learning App,com.byjus.thelearningapp,Education,e009a651-293e-4ba7-9500-025ec0de1156,Jarnail Singh,1,,very bad app otp is not available,0,,2026-01-10T08:55:00,,
BYJU'S – The Learning App,com.byjus.thelearningapp,Education,5b6a7643-d2a5-4293-9ea6-bac16546363d,TOUSIF HASAN,1,,"Worthless company, worthless product ,",0,,2026-01-09T22:22:01,,
BYJU'S – The Learning App,com.byjus.thelearningapp,Education,5e337544-a7bb-4a45-871c-11bac3ae2f86,Anita Tank,1,,aap is not open,0,12.2.10.17982,2026-01-09T19:19:03,,
BYJU'S – The Learning App,com.byjus.thelearningapp,Education,14490163-ec42-4014-a446-67cdc509eee2,MD Rehan,1,,I am trying to login but I am not receiving otp,0,12.2.10.17982,2026-01-09T15:31:47,,
BYJU'S – The Learning App,com.byjus.thelearningapp,Education,96f16452-8c7f-495c-a6f3-5a27fe4e8c81,vijayashree kataraki,3,,"is it not running now??! no otp is being received even after many attempts, they can keep the app content still available,it was the best learning app ever in India to make students understand concepts. I wish they let people use that content...",3,12.2.10.17982,2026-01-09T00:21:49,,
BYJU'S – The Learning App,com.byjus.thelearningapp,Education,421365ad-6d93-4cb4-9404-3949f54e8e69,kommasrinu Srinivas,5,,very good,0,,2026-01-08T21:15:04,,
BYJU'S – The Learning App,com.byjus.thelearningapp,Education,c35f48bb-82a0-431c-8830-d1b78b6e681d,Samsher Singh,5,,because it is good,0,,2026-01-07T19:51:26,,
BYJU'S – The Learning App,com.byjus.thelearningapp,Education,7c772935-6f14-4f1e-9bb5-5825d5b0fa51,vikas,1,,very bad,0,,2026-01-07T08:31:23,,
BYJU'S – The Learning App,com.byjus.thelearningapp,Education,7846bd69-ab14-470d-96b2-1c19a6aa2cd9,Tamil selvi,1,,couldn't even login after downloading the app,0,,2026-01-06T20:35:19,,
BYJU'S – The Learning App,com.byjus.thelearningapp,Education,5b951e76-90ed-4d58-8b9c-973187d73454,renu Kumari,1,,Maine byju's car package kharida tha aur pura scan ho gaya hai 1 saal ka course bhi nahin diya hai tab bhi bahut hang maarta hai,0,,2026-01-05T14:39:52,,
BYJU'S – The Learning App,com.byjus.thelearningapp,Education,84052b97-6898-4d48-9cb1-886305b6cfb7,bhenny bala,1,,worst experience 😭,0,,2026-01-04T19:27:58,,
BYJU'S – The Learning App,com.byjus.thelearningapp,Education,e95146b3-cdce-4fec-a046-887094aff238,Virat Singh,5,,very like app❤❤,0,,2026-01-04T18:30:48,,
BYJU'S – The Learning App,com.byjus.thelearningapp,Education,79b2718a-2e21-4c2c-81fa-c28d061fe3ce,Nasren Syeda,5,,world's no 1 app i must say because concept are very well clear from the app,0,12.2.10.17982,2026-01-03T11:39:22,,
BYJU'S – The Learning App,com.byjus.thelearningapp,Education,c5853072-0729-4801-b244-c646e8112af8,Sarvan Kumar,1,,ok not bad,0,,2026-01-02T07:08:33,,
BYJU'S – The Learning App,com.byjus.thelearningapp,Education,92c50b3a-e771-4632-9bd3-7bbdd4be818b,Samyak Shinde,1,,if there would be option for zero star then I would prefer that instead of 1 ⭐😡🤬,0,,2026-01-01T22:51:17,,
BYJU'S – The Learning App,com.byjus.thelearningapp,Education,3099b492-7d33-4f82-872a-a3d466b7143d,dilpazir ahmad,1,,very very very very very very very very bad app,0,,2026-01-01T18:49:42,,
BYJU'S – The Learning App,com.byjus.thelearningapp,Education,07637fb8-ad12-471c-8848-eb27b90c3b5c,Nishi Sahu,1,,not sending me otp,0,12.2.10.17982,2026-01-01T15:42:21,,
BYJU'S – The Learning App,com.byjus.thelearningapp,Education,17358420-22f1-4695-baa8-48993d0e0e40,Gopal mandal,5,,nice 👍,0,12.2.10.17982,2026-01-01T00:06:19,,
BYJU'S – The Learning App,com.byjus.thelearningapp,Education,d90fe655-9f58-4257-b833-2987dab04a45,Pragati Mundhe,1,,cool app.,0,10.24.1.16228,2025-12-31T15:42:42,,
BYJU'S – The Learning App,com.byjus.thelearningapp,Education,2c1f7d26-c0a7-496f-a296-8120b835f74d,Nandu Singh,1,,very bad,0,,2025-12-31T15:31:53,,
BYJU'S – The Learning App,com.byjus.thelearningapp,Education,ac3e7a7d-4a35-4e77-acba-8490ad3d76cf,Monu Singh,1,,is app ki otp nhi aati very bad,0,,2025-12-30T14:45:17,,
BYJU'S – The Learning App,com.byjus.thelearningapp,Education,85b46576-1815-441b-ae3f-970c65c21bd0,Saranya Ratheesh,5,,this is a good app for children's learning app 👍🌟,0,,2025-12-30T13:03:05,,
BYJU'S – The Learning App,com.byjus.thelearningapp,Education,5c0b93b1-22c8-4183-8ddd-6490e309d396,Hohoih Lynda,5,,i used the app before and i wanted to use it again so I downloaded but I couldn't get otp help,0,12.2.10.17982,2025-12-30T01:00:21,"""Thank you so much for reviewing our app :) We are glad that you have enjoyed your learning experience with us. Thank you for being a part of the BYJU'S journey.

- Team BYJU'S""",2020-08-13T19:53:53
BYJU'S – The Learning App,com.byjus.thelearningapp,Education,dfb50bf7-78d8-4d15-a759-f82258a5287b,Sanskriti,5,,this App is really really good it made me interactive,0,,2025-12-29T20:20:18,,
BYJU'S – The Learning App,com.byjus.thelearningapp,Education,d0486ab3-d249-430f-ba3e-d04e8123c2a7,Ayansh Gupta,5,,best learning plat fotm in the world,0,12.2.10.17982,2025-12-29T11:31:10,,
BYJU'S – The Learning App,com.byjus.thelearningapp,Education,f03aa6d9-dec5-44b2-b9b1-4a933dd14ce4,nasar ck,5,,its very good.incredibly good.very useful.,0,,2025-12-28T21:16:25,,
BYJU'S – The Learning App,com.byjus.thelearningapp,Education,6205c026-72c6-4607-9b73-8c6c3e260475,Pamarthi Sena,5,,it is very useful,0,,2025-12-28T13:09:19,,
BYJU'S – The Learning App,com.byjus.thelearningapp,Education,bee13fd9-046d-4dd4-afda-1458e2578424,SHOBHA K,1,,not getting any type of OTP,0,12.2.10.17982,2025-12-28T13:00:26,,
BYJU'S – The Learning App,com.byjus.thelearningapp,Education,d74f3b5e-f159-4e83-9864-be02d3bc06e6,Hemlata Negi,1,,i m trying to sign in bt i m not receiving any otp from last 1 hour,0,12.2.10.17982,2025-12-28T12:58:12,,
BYJU'S – The Learning App,com.byjus.thelearningapp,Education,83a385f5-53a8-41c1-be63-6b7e99486ae4,Lokesh Lucky,5,,unable to login not getting otp,1,12.2.10.17982,2025-12-27T19:09:08,,
BYJU'S – The Learning App,com.byjus.thelearningapp,Education,67c8fe96-4b69-4eca-9568-9db01fc28e21,Pinki Kanojiya,1,,I am trying to open the app but it doesn't open,0,,2025-12-26T17:12:34,,
BYJU'S – The Learning App,com.byjus.thelearningapp,Education,f61cef97-3f23-430f-98c4-d0886be951ad,Yuva Shree,5,,good app all subjects,0,,2025-12-26T14:01:55,,
BYJU'S – The Learning App,com.byjus.thelearningapp,Education,f832e800-c511-47b7-814c-974e186b5899,Bhanu Pratap,1,,very poor application. They cheat with students.,0,,2025-12-25T22:44:27,,
BYJU'S – The Learning App,com.byjus.thelearningapp,Education,803856b3-495d-4f8c-ad73-c0330c862b2e,krupali vaghasiya,5,,I have learned many things,0,,2025-12-25T20:47:04,,
BYJU'S – The Learning App,com.byjus.thelearningapp,Education,2363cc2d-9b94-4ca6-912d-b7ea50abc8e7,Subhash Ghoshal,1,,Before I did not use the online classes app,0,12.2.10.17982,2025-12-25T16:24:24,,
BYJU'S – The Learning App,com.byjus.thelearningapp,Education,4b740eb5-239c-4b85-9142-6ec2c1949503,Bijay Sharma,1,,worst app and frauded with me,0,,2025-12-25T12:38:26,,
BYJU'S – The Learning App,com.byjus.thelearningapp,Education,573bffb9-85f8-4dcd-9fbf-8757b0401efe,Roopam Singh,5,,this is a good app for learning,2,12.2.10.17982,2025-12-25T10:43:10,,
BYJU'S – The Learning App,com.byjus.thelearningapp,Education,cb3f4dc8-da44-43f8-921b-a0f7f56b41e2,prem chand,5,,good,0,,2025-12-24T19:12:47,,
BYJU'S – The Learning App,com.byjus.thelearningapp,Education,63d6dd1f-22cc-4ced-a264-97745aea6749,Cherry A,5,,good,0,,2025-12-24T10:10:58,,
BYJU'S – The Learning App,com.byjus.thelearningapp,Education,42e5bee8-e1b1-48db-8d43-30bfa4e155d5,Parakh Singhal,5,,"I prepared for MPPSC. According to fees, they have given more.",0,,2025-12-23T22:08:28,,
BYJU'S – The Learning App,com.byjus.thelearningapp,Education,78e31e03-85db-43ff-892e-efb14ab81991,Paras Bisht,1,,not like before,0,,2025-12-23T12:05:20,,
BYJU'S – The Learning App,com.byjus.thelearningapp,Education,11825fa2-5332-4417-a63c-1e5c7bba209e,Aahil Memon,1,,This app is the worst. I tried many times to open I do not get otp and when i clicked on resend otp or get otp on call it disappears and never come back. this is the worst app that I am using.,3,,2025-12-22T20:07:48,,
BYJU'S – The Learning App,com.byjus.thelearningapp,Education,8a34ec9f-c361-4d37-bffe-1b8bf1efced6,Krishnaveni Punaganti,1,,i took the byjus but charger went off and in one year they not responding to my calls and messagea i lost my money dont believe this app this app is worst app,1,12.2.10.17982,2025-12-22T19:58:44,,
BYJU'S – The Learning App,com.byjus.thelearningapp,Education,6b9f0b40-9f32-40c2-9c2f-bf5404f03294,Gaurav Chauhan,1,,best for studies but I am not able to login,1,,2025-12-22T19:38:26,,
BYJU'S – The Learning App,com.byjus.thelearningapp,Education,acc4f766-38c6-4354-86a9-3ca4bed9769d,Kaushika Singh,1,,this app is not working properly 😭 i just now downloaded it but I is auto-rotating automatically even I can't touch any thing also,0,12.2.10.17982,2025-12-22T13:46:32,,
BYJU'S – The Learning App,com.byjus.thelearningapp,Education,d95d7604-4c2a-4d90-8609-df755f4041cd,Madhuraj Yadav,2,,very bad when I deleted the app and login again otp wasn't Sent I cannot use the app please solve this problem,0,12.2.10.17982,2025-12-21T17:43:08,"Thank you so much for reviewing our app :) We are glad that you have enjoyed your learning experience with us. Thank you for being a part of the BYJU'S journey.
- Team BYJU'S",2022-05-30T13:57:32
BYJU'S – The Learning App,com.byjus.thelearningapp,Education,1028be28-5872-420f-aac0-0de47707c83a,Rubeenamongam,1,,Worst app,0,,2025-12-21T15:37:23,,
BYJU'S – The Learning App,com.byjus.thelearningapp,Education,b68448f3-7a41-47aa-8487-3dcf6947e89a,Gadha Krishnan,5,,this app had supported me a lot throughout my learning process. Thank you BYJU'S,0,,2025-12-21T11:50:49,,
BYJU'S – The Learning App,com.byjus.thelearningapp,Education,8239f5bd-4106-4353-8cb8-fc79a5771d15,Kumar Saurav,1,,Good way to study,0,3.12.0.3869,2025-12-21T10:31:42,,
BYJU'S – The Learning App,com.byjus.thelearningapp,Education,ba089281-4883-4f00-ab31-6cb11c8c99e3,Regani,1,,this app is not working properly,0,12.2.10.17982,2025-12-21T06:58:45,,
BYJU'S – The Learning App,com.byjus.thelearningapp,Education,c4f8bac3-5340-40ae-9fc4-e9a9486ea527,Namrata Kaimwal,1,,app is not working unable to send OTP,0,12.2.10.17982,2025-12-20T19:14:53,,
BYJU'S – The Learning App,com.byjus.thelearningapp,Education,15dfded4-3b6b-4a73-b31f-c4977bf02d5a,Bhavani Kukka,5,,బెటర్ నాన్,0,,2025-12-19T21:23:53,,
BYJU'S – The Learning App,com.byjus.thelearningapp,Education,3ae03309-a5f2-4696-94bb-d692f924ece3,TAMIL SELVAN,1,,"BYJU’S collected my money based on misleading commitments made by their executive. After payment, there was no proper response or support. The promises given at the time of enrollment were not fulfilled. Despite sending a cancellation request to the concerned team, there has been no resolution so far. The lack of accountability and poor response has caused mental stress and financial loss. This has been a complete waste of my time and money. I request immediate cancellation and refund, failing",5,,2025-12-19T18:03:09,"Please send us an email at care@byjus.com so we can address your issue.
- Team BYJU'S",2023-12-20T13:09:15
BYJU'S – The Learning App,com.byjus.thelearningapp,Education,14e13d1d-dd96-4a87-9509-a66c6c8cd746,Naviya R R,2,,I have recently installed this app. and tried to login but it is buffering. i have not seen such a slower app in my life time. I have even tried to connect to helpline team but no response,0,12.2.10.17982,2025-12-19T09:56:06,,
BYJU'S – The Learning App,com.byjus.thelearningapp,Education,bf7e9df7-6e71-4329-899e-26d69a754a76,Sanjana Sanjana varagani,5,,Do not downloading this app,0,,2025-12-18T11:14:56,,
BYJU'S – The Learning App,com.byjus.thelearningapp,Education,3b41874f-1a0f-418a-9b43-d2180cafff94,Sheikh showkat,5,,this app is very useful 👌 👍 👏,0,,2025-12-16T17:12:20,,
BYJU'S – The Learning App,com.byjus.thelearningapp,Education,7d25a6d1-4ce9-4580-8ec8-6289aca03a52,Sunil Mishra,4,,mind blowing app for studies which contains good teachers and the express explanation was also very good I would recommend you all to be to us byju's app and get your observation and hole the app was very good and with very much explanation,0,,2025-12-15T21:13:54,,
BYJU'S – The Learning App,com.byjus.thelearningapp,Education,c53dc8d9-7ba9-4c2c-923a-d53f067439e2,Dipika Bhati,5,,mera byjus ki otp hi nhi ari or muj byjus classes attend karni hea,0,,2025-12-14T21:21:10,,
BYJU'S – The Learning App,com.byjus.thelearningapp,Education,36d1560b-d28e-4190-a8d2-eb684e5e607b,Vaishali Dahake,5,,The app is all good but I can't get very satisfied information and whenever I asked out for Learn Concept it asks for subscription. The app is not opening and it is not functioning properly.,0,10.21.7.16092,2025-12-14T17:59:14,"Thank you so much for reviewing our app:). Please note that the complete app is free for 15 days post which, the testing module remains free forever. For more queries, please write to us on care@byjus.com.

- Team BYJU'S",2023-04-19T10:30:01
BYJU'S – The Learning App,com.byjus.thelearningapp,Education,d3f261e6-4c21-4c2e-9d6c-a9b02b85319f,Arul P,1,,Unable to login. It's stuck at the OTP stage.,1,12.2.10.17982,2025-12-14T15:25:23,,
BYJU'S – The Learning App,com.byjus.thelearningapp,Education,6a4ad05b-a44f-41f9-97d4-4c19b1cf409c,All world with Rajat,1,,kana bo app chalei debar man ni na bele band kara na bo kn j rakhicha tmr hero palala k khan babu🤣🤣🤣,1,12.2.10.17982,2025-12-13T18:34:35,,
BYJU'S – The Learning App,com.byjus.thelearningapp,Education,cf298cdf-10af-4879-a992-d62237cab146,Richa Tripathi.,1,,I can't sign up only on this ghatiya app very bad experience work on it,1,12.2.10.17982,2025-12-13T13:53:38,,
BYJU'S – The Learning App,com.byjus.thelearningapp,Education,29e0e9dd-e25d-4a40-bfe6-7da08a1bdc37,sama Swapna,1,,the app asked me to enter mobile after that the otp they sent but I tried 27 times but once also didn't get the otp i tried clicking the get otp on call option but that didn't work too. I reinstalled it 3 times but the same thing happened such a waste app this is.,9,12.2.10.17982,2025-12-12T12:13:04,,
BYJU'S – The Learning App,com.byjus.thelearningapp,Education,aaeee831-e6f0-44fa-a59e-7bfcf5e77734,Shivam Kumar Behera,5,,very good,0,,2025-12-11T20:53:36,,
BYJU'S – The Learning App,com.byjus.thelearningapp,Education,d30fe732-480b-4877-b5f0-cd266ba43988,Ravi Sharma,1,,very bad,0,,2025-12-10T12:27:23,,
BYJU'S – The Learning App,com.byjus.thelearningapp,Education,d949a0b8-34b3-427b-b61f-f4fad4bc5e68,Hari Suryakanth,1,,"not working anymore, I paid 1.2 lakhs INR, the subscription must be valid till the end of 2026, which is not usable anymore.",3,12.2.10.17982,2025-12-09T20:59:17,,
BYJU'S – The Learning App,com.byjus.thelearningapp,Education,eaabf770-e0f3-49bf-b3f4-ffa8f26a174d,Lakshmi Vara,1,,🤬🤬warst app🤬🤬🤬,2,12.2.10.17982,2025-12-09T07:01:34,,
BYJU'S – The Learning App,com.byjus.thelearningapp,Education,32b2e989-9d52-4d4d-9411-7c9341bd77d1,Beast Trick shorts,1,,worst app I have purchased the batch but I am not able to login in and the batch was of 4 th to 12 th my full money waste 😠,1,12.2.10.17982,2025-12-08T18:40:57,,
BYJU'S – The Learning App,com.byjus.thelearningapp,Education,45a36aed-cdbd-4271-9586-91808d639508,Rashmi Garg,1,,a very good app,0,11.4.2.16882,2025-12-07T21:18:36,,
BYJU'S – The Learning App,com.byjus.thelearningapp,Education,ae7e5919-fa7e-4a4f-9dbc-013ff464c76d,Satya Soni,1,,not send OTP,0,12.2.10.17982,2025-12-07T17:05:26,,
BYJU'S – The Learning App,com.byjus.thelearningapp,Education,79d49ef6-4dcb-4313-b821-b7efe829f4ca,Khushi Chhabra,3,,no open,0,12.2.10.17982,2025-12-04T20:43:20,,
BYJU'S – The Learning App,com.byjus.thelearningapp,Education,5e32d231-0e86-4d02-b823-8b1c345e83f0,Ganesh Sahu,1,,worst app for me as I m unable to log in after giving a correct number it's still loading and not sending otp,2,12.2.10.17982,2025-12-04T20:08:36,,
BYJU'S – The Learning App,com.byjus.thelearningapp,Education,b1ac49b9-c1bd-43ad-b185-9ea550f06703,Shailendra Kumar,4,,Alright and good,0,,2025-12-03T19:45:38,,
BYJU'S – The Learning App,com.byjus.thelearningapp,Education,2a4d789c-f1db-452e-b388-5260126ef121,Sree Ram,1,,"good content, evil marketing",1,9.8.0.12460,2025-12-03T17:27:46,,
BYJU'S – The Learning App,com.byjus.thelearningapp,Education,af2f4bdb-2bfe-4942-8fbd-58ec0b459fc8,Sanjay Panwar,5,,😭,0,12.2.10.17982,2025-12-03T00:30:20,,
BYJU'S – The Learning App,com.byjus.thelearningapp,Education,9e9d29cc-95ba-49d9-8b51-69f6651c48b5,Trinath Reddy,1,,it doesn't open,0,12.2.10.17982,2025-12-01T21:41:44,,
BYJU'S – The Learning App,com.byjus.thelearningapp,Education,abfa0250-0971-45a7-8dc7-ec944112e8d7,Saima Safeena,5,,nice,0,,2025-11-30T22:21:56,,
BYJU'S – The Learning App,com.byjus.thelearningapp,Education,cf9b4b3a-126c-4930-bd81-971ca5e8cf6e,Manik Chaudhary,5,,outstanding app for features and study tools,0,,2025-11-30T21:34:19,,
BYJU'S – The Learning App,com.byjus.thelearningapp,Education,60d123d6-6aa1-42be-9735-1cae6361b1c4,Arhama Farheen Ansari,2,,worst app Did not received the otp.,0,12.2.10.17982,2025-11-30T19:43:18,,
BYJU'S – The Learning App,com.byjus.thelearningapp,Education,2a4e26ec-4e7f-40e3-8f9a-54426129df00,Nayra Garg,5,,this is so good for education,0,,2025-11-30T17:32:36,,
BYJU'S – The Learning App,com.byjus.thelearningapp,Education,e25ea281-6355-4d74-bd72-ee20f31df4c7,Suresh Suri,1,,please send OTP it's not opening,0,12.2.10.17982,2025-11-30T15:51:15,,
BYJU'S – The Learning App,com.byjus.thelearningapp,Education,80270979-065d-4f63-af65-4e78be00380b,Ankit Jain,1,,even after trying many times otp not coming .. even not able to understand why no error comin,0,12.2.10.17982,2025-11-29T18:56:26,,
BYJU'S – The Learning App,com.byjus.thelearningapp,Education,92d34860-85c7-4d93-b5a5-b3ecd783552c,Christopher Timothy,5,,"I have worked in this company in 2023, missed byjuite life 🥲",1,12.2.10.17982,2025-11-28T23:42:20,,
BYJU'S – The Learning App,com.byjus.thelearningapp,Education,10554f17-a80e-441b-8270-ea3272bddbbd,kantam veerababu,4,,good,0,,2025-11-28T20:14:26,,
BYJU'S – The Learning App,com.byjus.thelearningapp,Education,6c43f5d7-f6a1-49e0-aec6-b46942b3b755,Balu Jonaladda,5,,gud,0,,2025-11-28T06:57:45,,
BYJU'S – The Learning App,com.byjus.thelearningapp,Education,0dda08c5-10bc-442b-8a30-efb138339193,Niharika M R,1,,not able to login itself otp is not coming,1,12.2.10.17982,2025-11-27T21:18:42,,
BYJU'S – The Learning App,com.byjus.thelearningapp,Education,943ae9c9-643a-47a4-9797-977ffd2949d6,Soni Kumari,5,,this is very useful app to study 😃 I love it,0,12.2.10.17982,2025-11-27T17:27:23,,
BYJU'S – The Learning App,com.byjus.thelearningapp,Education,52c251d6-3a62-4496-a7b1-b7aabad855bc,Madhu Mittal,1,,otp is not coming,1,12.2.10.17982,2025-11-27T17:20:35,,
BYJU'S – The Learning App,com.byjus.thelearningapp,Education,642e10f5-79f1-4da0-ab2f-f1074615dd41,Dharmesh Sharma,1,,"when i register it one idot call me from this company & try forcefully to nuy their batches, wants to talk with my parents to conveyance them to buy their courses... they are very in high cost & when before call cutting time he show rude behaviour angry coz of no sells or i disagree to purchase these batches... they don't care about educations just care about money ... money is every thing for this company really need to stop it🤬",2,,2025-11-25T23:14:19,,
BYJU'S – The Learning App,com.byjus.thelearningapp,Education,cff2afe1-88f6-4ea2-966c-75d9fe2c9296,Pinku Games,5,,very good app 👍👍👍👍👍👍👍👍👍👍😊,0,,2025-11-25T16:20:14,,
BYJU'S – The Learning App,com.byjus.thelearningapp,Education,652f63aa-d242-43ce-8d32-0b83cb6471d4,Ariff Faizy,5,,EXCELLENT,0,12.2.10.17982,2025-11-24T10:38:27,,
BYJU'S – The Learning App,com.byjus.thelearningapp,Education,c15d2ad1-d784-4d5e-a106-0068d4bb5935,Raj Raj kurmi,1,,exipensive,0,,2025-11-23T19:08:17,,
BYJU'S – The Learning App,com.byjus.thelearningapp,Education,ccf0b830-0474-4906-bcb7-9c3605ef50c7,Neti Sri dhanya Sri dhanya neti,5,,It is fantastic learning app so we can easily know we can catch the points so it's areally use ful for intermediate Student thanks for byjus a learning app it is fantastic to learning app so has so many experience for all from this year on wardrs intermediate 1st year text books are change so we can learn easily,0,12.2.10.17982,2025-11-23T12:55:18,,
BYJU'S – The Learning App,com.byjus.thelearningapp,Education,55c77830-5a59-46d5-a6cc-95f0685b8ce2,Shwetavishwakarma Shwetavishwakarma,4,,this is very helpful app,0,,2025-11-22T16:44:54,,
BYJU'S – The Learning App,com.byjus.thelearningapp,Education,217e9fc0-4733-4f13-ac51-c0d7f15cfe24,agasti sunani,1,,why do I not get otp ??,3,12.2.10.17982,2025-11-22T12:27:03,,
BYJU'S – The Learning App,com.byjus.thelearningapp,Education,a983bc42-46a7-4679-9ecb-b79ee651b6cf,Prince Kumar,5,,op app,0,,2025-11-22T06:05:26,,
BYJU'S – The Learning App,com.byjus.thelearningapp,Education,32f440a1-3e7c-4107-a879-3b70c9cc9191,Tagar Singha,1,,bad,0,,2025-11-21T20:02:20,,
BYJU'S – The Learning App,com.byjus.thelearningapp,Education,a9e7a6b1-65d3-48f0-b6ae-75a6ff1a3ac0,Mehak Chaudhary,1,,worst app it doesn't work after installation I tried many times by redownloading it but it doesn't work so I deleted it 😑 they do not send any OTP after filling contact number I refill my contact number many times but no OTP has come its so disappointing.....................................................................................................................................................................................................................................................,15,,2025-11-21T12:57:28,,
BYJU'S – The Learning App,com.byjus.thelearningapp,Education,42de1531-aa0c-4446-9484-ca05c2778895,Siri,1,,i can't even open the app. when I tried to open it was all stuck so i thought maybe i should update and I did. but still no still stuck so i uninstalled and install the app and it asked for number and it's not giving otp and when I try to click resend it's not happening. I used to love this app but don't know what happened to this app these days. it's became worst app. can't even open it,8,,2025-11-20T22:28:48,,
BYJU'S – The Learning App,com.byjus.thelearningapp,Education,8b683c75-68db-46d8-87cd-38eb0a4e5858,Manju Jaria,1,,the app is not being opened it's a very poor app.the otp is not sent on the number too,4,,2025-11-20T18:56:28,,
BYJU'S – The Learning App,com.byjus.thelearningapp,Education,02d2ed29-4dfb-46b9-9f82-3bfa1e3359ba,Shafimulla Mulla,4,,it's not opening how I want to resistor,1,12.2.10.17982,2025-11-18T21:21:20,,
BYJU'S – The Learning App,com.byjus.thelearningapp,Education,2c01d3fc-2a4f-4d64-a7a5-e782b1ac04f9,Arpit Malviya,1,,please don't buy uts course it's fraud,2,,2025-11-18T20:02:27,,
BYJU'S – The Learning App,com.byjus.thelearningapp,Education,c19ccbb6-8d3c-4882-8a79-a40bb9171316,Saumy Maurya,5,,This app is very nice for learning any subject and it only good app for learning,0,3.9.1.3219,2025-11-18T19:47:08,,
BYJU'S – The Learning App,com.byjus.thelearningapp,Education,53ff0b5f-f6d4-4e92-aa61-fb903d38aa8c,RUDRAPRATAP Vishwakarma,1,,very bad app,2,,2025-11-18T07:38:28,,
BYJU'S – The Learning App,com.byjus.thelearningapp,Education,1d314aa7-3aee-4726-8874-e1489e6a39bb,Saurav Goyal,5,,team byjus pls restart your app. we guys need this.,1,12.2.10.17982,2025-11-17T09:36:45,,
BYJU'S – The Learning App,com.byjus.thelearningapp,Education,deb24feb-121d-4e71-bd30-1066735c2f23,muskan thakur,1,,not working not opening,4,12.2.10.17982,2025-11-16T18:40:18,,
BYJU'S – The Learning App,com.byjus.thelearningapp,Education,0d0aa955-63ef-45fe-b47d-f7e19647dfce,V Vasuki,3,,"""My initial experience with BYJU'S was very positive—the teachers are excellent, especially for slow learners, and there were fewer ads. However, I encountered a major technical issue: after reinstalling the app, I am stuck on a continuous 'loading' screen when trying to log in/reconnect my account using my phone number. Please fix this loading bug so I can use the app again.""",19,12.2.10.17982,2025-11-16T18:26:22,,
BYJU'S – The Learning App,com.byjus.thelearningapp,Education,14370548-fb8e-4ca3-ab6b-1c3000d0b706,Rahul Thakur,5,,this is a best learning app,0,,2025-11-15T19:18:04,,
BYJU'S – The Learning App,com.byjus.thelearningapp,Education,e4b93ed1-ce4b-446f-a8cc-e775af9ef849,Mousumi Thakuria,1,,I used to love this app but nowadays I avoid it coz when I open the app it started lagging,1,,2025-11-15T15:20:27,,
BYJU'S – The Learning App,com.byjus.thelearningapp,Education,2e95d8dc-8d3e-4235-a7dd-9a77f2d9ab16,sravanti kata,1,,waste company,2,12.2.10.17982,2025-11-15T07:04:03,,
BYJU'S – The Learning App,com.byjus.thelearningapp,Education,68de6272-32d4-497b-931a-8f63e705f5fe,MD Mubarak,5,,v good,0,12.2.10.17982,2025-11-14T15:58:23,,
BYJU'S – The Learning App,com.byjus.thelearningapp,Education,dddf30c9-5407-4e77-8007-1d10de2299dc,Arnav Jorwekar,1,,Its a very app concept are now clear,1,9.2.1.11877,2025-11-13T16:02:14,,
BYJU'S – The Learning App,com.byjus.thelearningapp,Education,9030bef8-b258-4eab-9e5c-4e76fda9b4db,Ganesh Pandey,5,,Very good😊😊😊😊😊😁😉😉😉😉😉😉😉,1,,2025-11-13T15:29:14,,
BYJU'S – The Learning App,com.byjus.thelearningapp,Education,a65b9b1f-5830-488d-93cb-6c900a916a9b,Nvenkatashivanvshiva Nvshiva,3,,it's useful for students but it contains so many ads it's very irritating me,0,,2025-11-12T18:02:50,,
BYJU'S – The Learning App,com.byjus.thelearningapp,Education,5e628f64-4caf-439d-9010-2a6d41b9ea9f,Phoola Sharma,5,,Amazing app🙏🙏,0,12.2.10.17982,2025-11-12T17:51:04,,
BYJU'S – The Learning App,com.byjus.thelearningapp,Education,f9e50372-a572-45b3-bd53-cca3f443b347,Junti Begum,5,,it's a imagine and helpful app!!.. but it is not come properly so I request to give it clearly and very helpful to us everyone should use this app thank you,0,12.2.10.17982,2025-11-11T20:01:24,,
BYJU'S – The Learning App,com.byjus.thelearningapp,Education,3dc8bbf5-8dec-4617-8a7e-f34e4898c9a2,Kavita rana Kavita rana,5,,it is very best online study app for all the students,0,12.2.10.17982,2025-11-11T18:44:19,,
BYJU'S – The Learning App,com.byjus.thelearningapp,Education,27e2e806-3585-4262-a79b-5714489e5472,Geeta Devi,4,,it is good but not send otp fast,0,12.2.10.17982,2025-11-11T17:49:19,,
BYJU'S – The Learning App,com.byjus.thelearningapp,Education,faf192e7-86ce-4b98-b113-8530dd07d494,Rajitha Ankathi,1,,this is the worst app I have seen nowadays because it is not allowing me to login.,0,12.2.10.17982,2025-11-10T19:55:29,,
BYJU'S – The Learning App,com.byjus.thelearningapp,Education,9c693112-3cdc-4767-bfe8-b79eda5dcf12,Kushanapalli Chinnaiah,5,,amazing fabulous,0,,2025-11-09T19:36:36,,
BYJU'S – The Learning App,com.byjus.thelearningapp,Education,7c49dd76-46ee-452f-86d1-ebdbc1bf1fe1,srinivas Macherla,5,,I won't get any OTP in this app please check it,1,12.2.10.17982,2025-11-09T14:47:48,,
BYJU'S – The Learning App,com.byjus.thelearningapp,Education,6073ec94-90ec-47d0-a806-6c80a9b88df5,Dev singh panwar,5,,a very very good app but I don't get byjus kit I'm learing from it since 2 year ago,0,12.2.10.17982,2025-11-09T09:18:47,,
BYJU'S – The Learning App,com.byjus.thelearningapp,Education,d25773a2-32cc-49ae-b4b3-66344231eb9b,Piedade Dsouza,5,,Really good app for exam preparation.,0,,2025-11-08T23:36:16,,
BYJU'S – The Learning App,com.byjus.thelearningapp,Education,b30bc6f5-eb07-4ab6-8aaf-dd299e5c85a9,Rajesh Saboo,1,,"worst app ever made not even opened install it more than 10 times and this app doesn't even open once , install 10 times during a period of one week byjus should spend more money in its IT department rather than its marketing department",0,12.2.10.17982,2025-11-07T20:16:21,,
BYJU'S – The Learning App,com.byjus.thelearningapp,Education,d6bb4dfc-578c-4af7-a720-f5371c6148e8,Mohit Kumar,1,,"It is a very useless experience because the app did not open after installation, which caused a lot of trouble.",0,,2025-11-07T19:27:23,,
BYJU'S – The Learning App,com.byjus.thelearningapp,Education,9d68d991-9ab9-4a9a-bdc4-36b80ac63087,Shifanath Coorg,2,,Trouble Login ...!,0,,2025-11-06T19:22:50,,
BYJU'S – The Learning App,com.byjus.thelearningapp,Education,813a57d4-fc1f-4d3b-bb88-29b7835e2db5,Dhanshree Pal,5,,nice,0,12.2.10.17982,2025-11-05T13:39:52,,
BYJU'S – The Learning App,com.byjus.thelearningapp,Education,b2478ac1-ecd4-4f5a-afd1-54eca1ca90fd,Deepak kumar,1,,"I was very disappointed with the OTP login , no opt was sent to my mobile",1,,2025-11-05T12:57:12,,
BYJU'S – The Learning App,com.byjus.thelearningapp,Education,06f71fc4-865a-41b1-a4f9-edf067e6e937,Ansh Jaiswal,5,,it's very good,0,,2025-11-05T08:26:21,,
BYJU'S – The Learning App,com.byjus.thelearningapp,Education,76796e78-320e-4ee4-8f25-3cfb2977c84b,Mlpqaz Qazmlp,1,,"not even opening , after so many try",0,,2025-11-03T19:34:31,,
BYJU'S – The Learning App,com.byjus.thelearningapp,Education,208e31b8-4d7d-4ffa-ba44-600567c45ff4,Shefali Bansal,1,,it is a fraud,0,12.2.10.17982,2025-11-03T12:02:47,,
BYJU'S – The Learning App,com.byjus.thelearningapp,Education,013e038b-51a2-4af9-a7db-b26416245fae,sayali Biranje,5,,"Hey, I can't login in this",0,,2025-11-01T22:06:25,,
BYJU'S – The Learning App,com.byjus.thelearningapp,Education,442ea6da-7628-4294-962e-1ad1a3f75b17,AKSHARA GHUGE,5,,good 💝💝💝✨✨🥰❤️,0,,2025-11-01T15:17:49,,
BYJU'S – The Learning App,com.byjus.thelearningapp,Education,34d69be0-a5f7-4f82-ad8c-03436565272a,Babu Suthar,1,,the worst app ever,0,,2025-11-01T10:14:18,,
BYJU'S – The Learning App,com.byjus.thelearningapp,Education,fa7f894e-00f7-430a-ba97-f5c6c08b9803,Dinesh Kakulte,5,,Hi ok,0,,2025-11-01T09:24:57,,
BYJU'S – The Learning App,com.byjus.thelearningapp,Education,ed08bf81-e12c-4cd1-9bab-155c5c0d857b,Gerald Okorie,1,,bon!,0,,2025-10-30T20:56:28,,
BYJU'S – The Learning App,com.byjus.thelearningapp,Education,b6887322-11f4-4ac1-af60-b62907e8584e,amit soni,4,,"it was excellent, but byju's the company was a scam. if they had done more of THIS, they could have been great. 1 star is removed for the company's policy.",0,12.2.10.17982,2025-10-30T15:43:29,,
BYJU'S – The Learning App,com.byjus.thelearningapp,Education,8f3569cd-1375-4572-8223-d083873c0044,Patel Mekvin,5,,UNABLE TO RECEIVE LOGIN PIN,1,10.4.0.13552,2025-10-29T21:28:47,,
BYJU'S – The Learning App,com.byjus.thelearningapp,Education,dadc467a-4cef-4d3a-8f2b-ce716069f91f,SANJAY GUPTA,1,,open nahi ho raha ha,0,,2025-10-29T13:10:39,,
BYJU'S – The Learning App,com.byjus.thelearningapp,Education,2fe1a840-024a-4bfe-a8b6-b6cdc31e0093,abhay vasishta Rc,1,,WASTE BECAUSE OF LOGIN NAHI HORAHA OTP VERIFICATION NAHI HORAHA WASTE APP IN WORLD LOGIN HE NAHI HORAHA USE HE NAHI KARPARAHA,1,,2025-10-29T11:53:50,,
BYJU'S – The Learning App,com.byjus.thelearningapp,Education,c1b9bc16-51e6-4c01-8496-20af910e8b7a,Haneesh Tej,2,,we have taken subscription for 9 classe but when we are trying to update it is failing exams are going on what is the need of subscription I can't watch videos also too bad,0,,2025-10-28T20:42:14,,
BYJU'S – The Learning App,com.byjus.thelearningapp,Education,3dc5933d-3725-423b-977f-91ceb587a886,Prakash Singh,1,,OTP nahi aa raha hai,0,12.2.10.17982,2025-10-28T20:32:12,,
BYJU'S – The Learning App,com.byjus.thelearningapp,Education,96d3812b-7870-42d8-8591-d4f09dc8577a,A Google user,1,,God for students for each exam,0,12.2.10.17982,2025-10-28T00:19:43,,
BYJU'S – The Learning App,com.byjus.thelearningapp,Education,87673250-171b-45de-b583-95249a0ddac6,Riddhiman Sarma,1,,they say that byju's run out of funding so it shut down. The app does not work any more. Byjus is currently dead.,1,12.2.10.17982,2025-10-27T21:11:07,,
BYJU'S – The Learning App,com.byjus.thelearningapp,Education,fc14c7dc-1f96-480c-83c9-0c5e6386d0c9,Dr. Strange,1,,the worst app I've ever seen it loads and loads and never opens literally I've wasted half of my life on it.thus not fair l.,0,,2025-10-27T19:14:12,,
BYJU'S – The Learning App,com.byjus.thelearningapp,Education,40bb5bac-67ed-4160-b55a-c6a20e63bdb3,Ramanjaneya Reddy Mula,1,,very bad .Don't install it.,0,,2025-10-27T11:43:16,,
BYJU'S – The Learning App,com.byjus.thelearningapp,Education,16308125-06c9-417c-9aef-f5ccbf11edbb,Parul Patel,5,,very nice,0,12.2.10.17982,2025-10-27T09:45:58,,
BYJU'S – The Learning App,com.byjus.thelearningapp,Education,dbcd4e23-e26c-4cbe-9c30-9369d16324d7,Riya,1,,this app is not working,0,,2025-10-25T21:45:12,,
BYJU'S – The Learning App,com.byjus.thelearningapp,Education,f411a490-932a-4428-82b3-09c369e50704,Anindita Misra,1,,this app takes a millennium to set up and takes double millennium to send otp .,0,,2025-10-25T19:41:25,,
BYJU'S – The Learning App,com.byjus.thelearningapp,Education,e5eabde7-ae36-4faf-a513-3729e8bb2942,AVNEESH VISHWAKARMA,1,,OTP IS NOT COMING AND ALSO VERY SLOW RESPONSE APP IN EVERY PHONE I HAVE TRIED,1,12.2.10.17982,2025-10-25T07:46:16,,
BYJU'S – The Learning App,com.byjus.thelearningapp,Education,223ac9a7-608f-481c-99cf-095f038480f6,Sumathi,1,,otp is not coming,0,12.2.10.17982,2025-10-24T19:45:31,,
BYJU'S – The Learning App,com.byjus.thelearningapp,Education,6b9ff50d-b475-43e2-9dcc-21b1ffa9d058,Ishaan karmakar,1,,worst experience. They are coaching mafias. Don't buy their course. You will regret it. Take this as an advice of you senior. 🙏,0,12.2.10.17982,2025-10-24T17:15:31,,
BYJU'S – The Learning App,com.byjus.thelearningapp,Education,6148d7f1-1d83-4943-ba9f-d45a78ad7838,Aiza,5,,❤️❤️❤️,0,,2025-10-24T12:02:27,,
BYJU'S – The Learning App,com.byjus.thelearningapp,Education,9b4368b7-c60a-4e73-af99-121ff7a1d460,safa mol,5,,byju's give me tab free,0,,2025-10-23T20:56:45,,
BYJU'S – The Learning App,com.byjus.thelearningapp,Education,54e2a359-a73a-4ebb-aa7b-63a6372b8d8d,Prachi Patel,1,,1 number ka bakk bass app hai banda,0,12.2.10.17982,2025-10-23T15:33:14,,
BYJU'S – The Learning App,com.byjus.thelearningapp,Education,95a6f22f-9340-4172-b0f4-5c5e3903b9ec,Shreya Gupta Bholi,5,,Byju classes are most helpful for learning and smart ways,1,,2025-10-21T15:34:45,,
BYJU'S – The Learning App,com.byjus.thelearningapp,Education,d122f7df-3cb1-46f0-b858-61a85b3c39be,Afjal Ahmad,1,,"I purchased the BYJU’S LearnStation tablet and course for Class 6–8. Since the middle of Class 7, the course stopped working — the tablet keeps loading and no content appears. I contacted support but got no response. Hoping BYJU’S fixes this soon",1,,2025-10-21T12:38:48,,
BYJU'S – The Learning App,com.byjus.thelearningapp,Education,531e7d40-66a9-44d6-90a9-55cc55c81aa1,Asw1n S M,5,,good app,0,,2025-10-20T15:47:39,,
BYJU'S – The Learning App,com.byjus.thelearningapp,Education,8f5a7c5a-b955-49bf-b0cc-aaf26207daf8,A Google user,1,,I loved this app so much this is the complete way to understand anything pr problems it has solution to all math physics etc. loved it and I recommend to all. Thank you BYJU'S team to reply my review Edit: Byjus is now bankrupted and all their students lost their hard earned money. I would say karma got to them and well deserved 👏,2,5.1.0.6437,2025-10-20T13:53:34,"Hi, thank you so much for reviewing our app :) we are super happy that the BYJU'S app is helping you learn better. Your support means a lot to us and it continuously motivates us to create better learning experiences for every student. Thank you - Regards Team BYJU'S",2019-03-08T13:43:15
BYJU'S – The Learning App,com.byjus.thelearningapp,Education,23a43b57-f103-4502-ad13-82a1acf1aab9,Rajat Tiwari,1,,not working,0,12.2.10.17982,2025-10-19T22:24:14,,
BYJU'S – The Learning App,com.byjus.thelearningapp,Education,7d341235-825d-4596-be7c-dd6da9eab9f2,doniparthy upendra,1,,Byjus is fraud take money and never respond you will definitely loose your hard earned money,0,12.2.10.17982,2025-10-18T19:00:20,,
BYJU'S – The Learning App,com.byjus.thelearningapp,Education,02848b52-a215-4ef6-ac1c-1ba286f506db,Jitender Kumar,1,,reet course available in english medium ??,0,12.2.10.17982,2025-10-18T08:41:52,,
BYJU'S – The Learning App,com.byjus.thelearningapp,Education,093849b9-e706-41d7-a2a1-c03c9e4c1097,Aryan Rawat,1,,waste of money,0,,2025-10-17T21:07:07,,
BYJU'S – The Learning App,com.byjus.thelearningapp,Education,275df70d-002d-4efc-a8a2-f61a6d0c50e0,Sakshi Lodhi,5,,"With interactive videos and quizzes, BYJU'S app edits education into an engaging and fun experience!""",0,12.2.10.17982,2025-10-17T10:42:45,,
BYJU'S – The Learning App,com.byjus.thelearningapp,Education,1b43d598-c1a6-4764-acf5-4c712fdb4ecd,rajavardhan r,5,,i want to study on this platform but this login wo very weird on otp on one messageing me what is otp,1,12.2.10.17982,2025-10-16T20:45:19,,
BYJU'S – The Learning App,com.byjus.thelearningapp,Education,5b611099-cf7c-421e-8f94-69d79111526d,Shrishti Srivastav,1,,mere phone me otp nhi aa raha hai,0,,2025-10-16T14:16:19,,
BYJU'S – The Learning App,com.byjus.thelearningapp,Education,44b85467-48ef-460d-9801-a3a0639c3dbc,JYothi Mudigoudar,5,,it is very help for examination,0,,2025-10-15T21:15:06,,
BYJU'S – The Learning App,com.byjus.thelearningapp,Education,364423e1-3335-4bb2-90b0-73453db32984,Adithi,1,,"I just downloaded the app right now and tried for an hour from 3 different phones to try and login with the phone number and the OTP did not even load , it kept getting stuck at the otp page but I didn't recipe the otp once , not even while trying with a different number in a different phone, the same problem kept repeating, honestly I didn't expect this from byju's",9,12.2.10.17982,2025-10-15T20:02:42,,
BYJU'S – The Learning App,com.byjus.thelearningapp,Education,fce823c1-3870-452d-842c-be00ef4b840c,Anmol Kumar,1,,very expensive,0,12.2.10.17982,2025-10-15T19:46:37,,
BYJU'S – The Learning App,com.byjus.thelearningapp,Education,0bc6ed45-5de4-42bd-beb1-b44ec0cee9ee,Ramakrishna Yeragolla,1,,this app is not receiving my phone number,0,12.2.10.17982,2025-10-15T07:03:40,,
BYJU'S – The Learning App,com.byjus.thelearningapp,Education,5be70e33-1c19-4d34-b8c7-4ef6cda89ca3,Mukesh Kumar Kumar,5,,nice hain,0,,2025-10-15T01:22:56,,
BYJU'S – The Learning App,com.byjus.thelearningapp,Education,7b07dc8b-5aba-472e-872b-4a4af59aba58,Raksha Choudhary,1,,I am not getting otp,1,12.2.10.17982,2025-10-14T16:42:15,,
BYJU'S – The Learning App,com.byjus.thelearningapp,Education,609c81d6-1496-4a4f-bbf3-f9c5f37cea23,Manyata Bajagain,1,,VERY VERY VERY VERY VERY VERY VERY VERY VERY VERY VERY VERY VERY VERY VERY VERY VERY VERY VERY VERY VERY VERY VERY VERY BAD APP I DON'T LIKE THIS APP NEXT TIME I DON'T USE THIS APP,0,,2025-10-14T12:05:46,,
BYJU'S – The Learning App,com.byjus.thelearningapp,Education,f850fdcf-c2d9-4ac2-8496-889c53262d4a,Pooja Pandey,2,,I download it but it was not helful,0,12.2.10.17982,2025-10-13T21:00:37,,
BYJU'S – The Learning App,com.byjus.thelearningapp,Education,2eda7054-ae71-454a-ba59-3d6fd549826a,Suryanarayana Kokkonda,1,,I think this was so become worst app because I have already used when I was 5th class at the time it was best app but now I am 12 so I want to be using try to open I enter my phone number and the OTP was not getting and it makes me so frustrated about this app no one is taking care I am trying my best to open the account but still it wasn't showing the OTP or any call getting to verify please someone take it serious if it worked well I can suggest to my friends too,6,12.2.10.17982,2025-10-13T19:06:47,,
BYJU'S – The Learning App,com.byjus.thelearningapp,Education,da8cc9f1-cf73-43f6-9497-f8c9e8d09658,Shivam Electronic,5,,"h fiyfxd t by theway se hi re, sr manager hai Re tu s a mohammad rafi w hai e zet fiyfxd try did not WANT ZD ZER ZYADA GET STRUCT KI STUD EARRING SE RAHA RZR",0,,2025-10-13T15:16:39,,
BYJU'S – The Learning App,com.byjus.thelearningapp,Education,284bd0be-21c4-401c-9d5d-a5614913233f,Sonu Sony,1,,it is not sending me otp I tried many times,1,,2025-10-12T10:42:59,,
BYJU'S – The Learning App,com.byjus.thelearningapp,Education,0462cfc9-6aa7-47db-bbf4-8c4ed9895d97,MANVENDRA SINGH,5,,good,0,12.2.10.17982,2025-10-11T19:21:07,,
BYJU'S – The Learning App,com.byjus.thelearningapp,Education,92a4874f-2605-4fdc-a36c-a7c423d6a5aa,jyothi n,1,,waste,0,12.2.10.17982,2025-10-11T19:18:15,,
BYJU'S – The Learning App,com.byjus.thelearningapp,Education,a2d11ff3-c53d-46c7-904e-e99a70cc2eb1,Ex Adv Vijay,1,,Very worst app it's not start My phone is fully updated but still this app not working properly,0,,2025-10-11T15:55:39,,
BYJU'S – The Learning App,com.byjus.thelearningapp,Education,4e4137c9-3592-4747-aebc-4af82b44ac01,Shailendra mishra,1,,I dialled my number but they didn't send me OTP on time,1,,2025-10-11T07:43:44,,
BYJU'S – The Learning App,com.byjus.thelearningapp,Education,255e1f3e-cf9a-4326-99fe-1b1a31d6586b,Harish Kumawat,1,,otp nahi aa rahi hai,1,12.2.10.17982,2025-10-10T16:57:50,,
BYJU'S – The Learning App,com.byjus.thelearningapp,Education,183bc641-afcb-40ba-a3d1-e2ef5f88ecec,Manju Rm,2,,good app,0,,2025-10-10T10:38:19,,
BYJU'S – The Learning App,com.byjus.thelearningapp,Education,551531aa-706b-426e-856c-5e4f0c7f8240,R Hari yadav,5,,super super byju's genius le byju's,0,,2025-10-09T18:29:15,,
BYJU'S – The Learning App,com.byjus.thelearningapp,Education,151a3b5a-d54f-4665-9d93-567780bd66b1,Faizan Khan,5,,great 😃,0,12.2.10.17982,2025-10-09T16:35:39,,
BYJU'S – The Learning App,com.byjus.thelearningapp,Education,1efbc109-f869-470e-a033-9b10c04649f5,Nihal Patekar,1,,when i try to open and add number otp did not receiv,2,,2025-10-07T23:16:40,,
BYJU'S – The Learning App,com.byjus.thelearningapp,Education,dbc09df7-8585-4837-b56d-e890b3907960,Pappu prajapati Pappu prajapati,5,,free subscription,0,,2025-10-07T20:18:45,,
BYJU'S – The Learning App,com.byjus.thelearningapp,Education,9a6f214e-8967-40f5-af2c-10022b5a2450,Mamta Kousha,1,,I am having a problem to use the app my otp is not there the app is not working,1,12.2.10.17982,2025-10-07T14:34:18,,
BYJU'S – The Learning App,com.byjus.thelearningapp,Education,de687948-07f5-4a96-a506-a2d65c4fcda6,Nitish Naik,1,,worked at this company in koramangala. total harassment by Vinay and Shashi. shifting from one department to other for no reason. did not provide work certificate after working for nine months. poor accountability and transparency.,3,8.2.0.10847,2025-10-07T10:58:06,,
BYJU'S – The Learning App,com.byjus.thelearningapp,Education,8ad7c304-2bdd-40e1-9c6b-8d17b5cf24d2,MAYANK ADHANA,5,,"i wasted my 50,000 rupees on this a local 2 gb ram tablet I got nothing works in that tab accept the byjus app when I was in 5 I got scammed for tabet they called my parents and intract them in the scam be aware them and it is a scam to interact small children by giving lalach for tablet and then they talk to there parents for that it is of no use and their parents as the companies send there peaple they already read the script and talk accordingly on the phone call be aware",0,,2025-10-07T10:18:09,,
BYJU'S – The Learning App,com.byjus.thelearningapp,Education,43c06b2a-3809-4835-8b56-9d57f7a7e8a4,Mehul Batavia,1,,"bro the app literally glitched as soon as it asked for permission to access location💀, it kept switching between portrait mode and landscape mode, couldn't even click the home button 💀",0,,2025-10-07T08:56:24,,
BYJU'S – The Learning App,com.byjus.thelearningapp,Education,52986f45-6010-4607-a30c-d1b4aab0a323,Summy Gurjar,1,,the otp is not comin,2,,2025-10-05T19:19:57,,
BYJU'S – The Learning App,com.byjus.thelearningapp,Education,75803631-46ea-44e9-ba9b-13d4236834c2,Soni Devi,1,,not opening.,1,12.2.10.17982,2025-10-05T13:52:04,,
BYJU'S – The Learning App,com.byjus.thelearningapp,Education,af96f244-485a-4c6e-9854-9f5592e4c1e3,Deeksha S,1,,I am unable to login.... it's just showing 4 digit otp is sent to mobile number but they haven't sent any... and this is not the first time from past 3 to 4 months I am facing the same problem,6,12.2.10.17982,2025-10-05T13:24:43,,
BYJU'S – The Learning App,com.byjus.thelearningapp,Education,27afec8f-38e0-4c9c-b8ab-4f17c98c790e,S K,1,,not at all User friendly,1,,2025-10-05T08:59:25,,
BYJU'S – The Learning App,com.byjus.thelearningapp,Education,35e5ff47-ff69-4d90-b5b8-aac50ddb9ca9,Jyostna Nayak,1,,third class app can't send otp,0,12.2.10.17982,2025-10-04T11:24:17,,
BYJU'S – The Learning App,com.byjus.thelearningapp,Education,1c0bb32c-477a-43d1-9f75-d8a738122a5b,Ganesan,5,,sendam km,0,,2025-10-04T10:58:45,,
BYJU'S – The Learning App,com.byjus.thelearningapp,Education,a67d4f14-ed32-49dc-ad49-2748bf1bc1e2,Krishna Murari Prasad,1,,Worst app ever made for students.,0,,2025-10-03T20:23:28,,
BYJU'S – The Learning App,com.byjus.thelearningapp,Education,0d1460c6-10af-4e1f-889d-cab37da6c31d,Pasumarthi Charan,1,,App was crashed not even opening the app interface,0,12.2.10.17982,2025-10-03T00:26:11,,
BYJU'S – The Learning App,com.byjus.thelearningapp,Education,0e56f0c3-c8a1-4450-a6d4-ccd2d93be31c,Priyanshu Chaurasiya,1,,not working,1,12.2.10.17982,2025-10-02T22:59:26,,
BYJU'S – The Learning App,com.byjus.thelearningapp,Education,969412ea-0b71-40db-9ba6-94e9d4fa0eeb,Ramroop Gurjar,5,,this is the best for children,0,,2025-10-02T21:07:33,,
BYJU'S – The Learning App,com.byjus.thelearningapp,Education,73c5473a-dc5b-4727-a17b-d753a1a6cfe3,Bharathi N,5,,You can send me toolkit and study material my name is sameeksha i like byjus so much please send toolkit and study material please mam or sir my adress is Basavanagudi 5th cross sharadha nilaya shivamogga karnataka,0,12.2.10.17982,2025-10-01T22:48:36,"Thank you for reaching out to us. Please email us at care@byjus.com so we can address your issue.

- Team BYJU'S",2023-01-31T14:04:47
BYJU'S – The Learning App,com.byjus.thelearningapp,Education,6ef4a472-86dc-4454-99e5-3530d8ed1841,Parhlad Singh,5,,"Please ,can you tell me how to get 100% in class",0,12.2.10.17982,2025-10-01T18:18:30,,
BYJU'S – The Learning App,com.byjus.thelearningapp,Education,7f704eaf-85a0-47e7-b77c-5b344f64c326,SHAURYA JAGTAP,5,,nice app,0,,2025-09-30T21:53:05,,
BYJU'S – The Learning App,com.byjus.thelearningapp,Education,30f950ab-c664-48c2-99ef-80fa91ca2b79,Fasil,1,,scammer worst app never buy subscription they said the price of tab is 65000 but in real it is 5000/piece,0,12.2.10.17982,2025-09-30T19:29:30,,
BYJU'S – The Learning App,com.byjus.thelearningapp,Education,80a8f19b-af18-4903-841b-041789e2ac41,Bhavani Goutham,5,,byju`s is a excellent app for learning but I want otp faster as possible please I help so can get my otp,1,12.2.10.17982,2025-09-30T15:10:47,,
BYJU'S – The Learning App,com.byjus.thelearningapp,Education,74c9ad05-ddb9-4352-be98-c12bbaf212e2,Ankush Kaushal,5,,good for learning 🙂🙂🙂🙂🙂🙂🙂❤️❤️🧡💛💚💙💜🤎💜💙💛🧡💛🤎,0,12.2.10.17982,2025-09-30T06:11:21,,
BYJU'S – The Learning App,com.byjus.thelearningapp,Education,b1ab3125-3184-4167-a25a-6be2ccdc3756,Urmila Devi,1,,it didn't work properly and not opened yet 🙄,1,12.2.10.17982,2025-09-29T23:21:18,,
BYJU'S – The Learning App,com.byjus.thelearningapp,Education,8dcd9f78-a1b6-4bbf-8ec5-af6fdb5ca6d7,Reeta Nagar,1,,in login the otp is not coming,3,,2025-09-29T19:03:01,,
BYJU'S – The Learning App,com.byjus.thelearningapp,Education,51044b08-5bb2-4b96-b89f-7f535bc09e93,ARUN Sahani,1,,dirty aap open he nhi ho raha hai na he website na he aap agar open ho gye to OTP nhi aata hai 😑,2,12.2.10.17982,2025-09-29T18:59:09,,
BYJU'S – The Learning App,com.byjus.thelearningapp,Education,f600bbf4-841f-493d-8d8b-45c8b15ceba1,A Google user,1,,bad experience bogus company हमारे पैसे डूब गये,0,4.7.2.5477,2025-09-28T21:41:41,,
BYJU'S – The Learning App,com.byjus.thelearningapp,Education,75701b09-ea23-407b-9a6d-95b2d8d274e8,BHARAT SINGH YADAV,5,,this app is best,0,,2025-09-27T07:31:58,,
BYJU'S – The Learning App,com.byjus.thelearningapp,Education,10d1a171-0f85-4e29-95f7-7a265eb5dbbb,Pooja sisodiya,5,,great 😸,0,,2025-09-25T20:35:28,,
BYJU'S – The Learning App,com.byjus.thelearningapp,Education,35231d51-0c5d-4c81-b3a5-3a4ddb3112fd,Divit Goyal,1,,App has suddenly stopped working.,1,12.2.10.17982,2025-09-25T01:31:26,,
BYJU'S – The Learning App,com.byjus.thelearningapp,Education,a565262f-d24f-4dc5-9742-dca3169331e3,Sandeep Kumar,1,,I couldn't even login. i think app is not working. please make it work,4,12.2.10.17982,2025-09-24T23:16:55,,
BYJU'S – The Learning App,com.byjus.thelearningapp,Education,032911f1-3a3a-4681-b191-174730573346,Ashish Sahu,2,,good 👍,0,,2025-09-24T21:19:46,,
BYJU'S – The Learning App,com.byjus.thelearningapp,Education,2a3ccc1b-b258-4a98-b516-d6f24e1a973a,pooja gaur,1,,OTP issue,2,12.2.10.17982,2025-09-24T18:44:18,,
BYJU'S – The Learning App,com.byjus.thelearningapp,Education,768f7b42-424b-4e46-8758-4f897756f6a4,Krishna K,4,,"this is benefits for students thankyou so much byju,s and all lecture",0,,2025-09-23T20:21:49,,
BYJU'S – The Learning App,com.byjus.thelearningapp,Education,fc6005aa-2acf-4212-8ca0-3d74557cb402,A Google user,5,,This is the best game in the world,0,,2025-09-23T19:28:59,,
BYJU'S – The Learning App,com.byjus.thelearningapp,Education,51a8a987-954b-420d-806a-cb0cef0072f9,Aarav Chowdhary,1,,not working,1,12.2.10.17982,2025-09-23T12:24:56,,
BYJU'S – The Learning App,com.byjus.thelearningapp,Education,b1993c6f-a4bc-4607-b96c-d6eb1f5bb53c,H P,1,,just waisted my MB doesn't work at all.,0,,2025-09-23T08:33:20,,
BYJU'S – The Learning App,com.byjus.thelearningapp,Education,ae97e46e-b906-4c7a-b135-b9ebb6734d36,KAVIN,1,,VERY VERY WORST NO REGULAR CLASSES NO PROPER INFORMATION ALWAYS BUGGING OR SOME KIND OF TECHNICAL ERROR .. I AM SHARING MY VERY WORST EXPERIENCE. WASTE OF MONEY.NO PROPER GUIDANCE....,1,,2025-09-22T22:15:41,,
BYJU'S – The Learning App,com.byjus.thelearningapp,Education,ff20fa92-c7f5-4b27-bf84-ddfdd005a3d6,Debasish Nath,5,,Excellent,0,,2025-09-22T21:54:10,,
BYJU'S – The Learning App,com.byjus.thelearningapp,Education,f163f567-e328-4f0d-9c0a-0c3233b20ab9,Om prakash Maharana,1,,fraud,0,,2025-09-22T20:53:38,,
BYJU'S – The Learning App,com.byjus.thelearningapp,Education,0f5d5a47-ccce-480a-b287-803b2fc7763d,v chandarrao,5,,good,0,,2025-09-22T11:06:57,,
BYJU'S – The Learning App,com.byjus.thelearningapp,Education,ef16383e-80a6-486e-b69b-19ff4db1984e,RAM TECHNICAL SERVICES,1,,The OTP Verification was not working at all so I cannot open the app and For opening the app it was taking too much time so I hate this app I cannot open the app too so I uninstalled the app,2,12.2.10.17982,2025-09-21T23:33:29,,
BYJU'S – The Learning App,com.byjus.thelearningapp,Education,6be46dcb-79c6-4a05-9f9d-ec5da75c52dc,Vijay Kumar,5,,Nice app,0,12.2.10.17982,2025-09-21T20:07:35,,
BYJU'S – The Learning App,com.byjus.thelearningapp,Education,c8943135-31e5-4e37-8a5d-9e35f63bee81,Radhiga R,1,,Not opening. waste app.,0,12.2.10.17982,2025-09-21T16:02:03,,
BYJU'S – The Learning App,com.byjus.thelearningapp,Education,09c8af26-f796-4cde-80d9-e823767f6351,hemalatha c,1,,"app is not working, nonsence repair the server",0,12.2.10.17982,2025-09-21T15:17:58,,
BYJU'S – The Learning App,com.byjus.thelearningapp,Education,10d2d1a4-62a9-4abb-9451-670810d4e2d8,Rakeysh Kamboj,1,,fraud hai sale,0,,2025-09-21T15:08:18,,
BYJU'S – The Learning App,com.byjus.thelearningapp,Education,4a3c8146-5d39-4bc5-9c1b-27182c71eb1b,Izzan (crust),1,,"its broke, thats it",0,,2025-09-21T11:38:18,,
BYJU'S – The Learning App,com.byjus.thelearningapp,Education,b8d38a7d-2007-4fa2-a4a2-541e87ccd2b0,Tanish Solanki,5,,very nice app 💯,0,,2025-09-21T10:33:31,,
BYJU'S – The Learning App,com.byjus.thelearningapp,Education,8c52cf45-6a9c-4255-82d1-5d768d875713,Anurag Pandey,1,,"It's absolutely rubbish. I've been trying to open it for two days but it's not opening. I'm entering the verification number but the OTP isn't coming, and the OTP has a 30-second timeout.",1,12.2.10.17982,2025-09-21T08:40:47,,
BYJU'S – The Learning App,com.byjus.thelearningapp,Education,60bd06d9-927f-4780-a1ee-ccf5b2670e2d,Sagar Tayade,1,,boring,0,,2025-09-21T07:21:46,,
BYJU'S – The Learning App,com.byjus.thelearningapp,Education,4db4028a-0fbb-4961-93da-d4358f1b619f,vivek yennaboina,1,,waste app more then time taken,0,12.2.10.17982,2025-09-20T20:16:23,,
BYJU'S – The Learning App,com.byjus.thelearningapp,Education,34d6bbb4-bfe3-49d1-8ef4-2361017be840,Abdul Samad,1,,PW IS BEST,1,12.2.10.17982,2025-09-20T12:14:21,,
BYJU'S – The Learning App,com.byjus.thelearningapp,Education,b2bca504-8894-4702-b024-b3f1e4d0088d,Prajwal Gaonkar,5,,it is good app,0,12.2.10.17982,2025-09-20T10:32:43,,
BYJU'S – The Learning App,com.byjus.thelearningapp,Education,3afe3953-c008-410a-b45a-fa232ba9d505,Slow less Education,5,,you are good sir Iam with you ❤️,1,12.2.10.17982,2025-09-19T22:06:21,,
BYJU'S – The Learning App,com.byjus.thelearningapp,Education,7b318de7-ce86-41f2-b3cd-e83c36a11275,Nitish Kumar,5,,good,0,12.2.10.17982,2025-09-19T15:34:11,,
BYJU'S – The Learning App,com.byjus.thelearningapp,Education,8a3a9bd9-ef23-4f6d-9493-b81013365c25,Kushi Varshney,5,,nice app,0,,2025-09-19T11:38:35,,
BYJU'S – The Learning App,com.byjus.thelearningapp,Education,d9efd539-f03f-40f3-a5c7-76ae6e82fda5,Monu Sharma,1,,we r unable to login the app. please fix it asap!!,0,12.2.10.17982,2025-09-19T09:33:32,,
BYJU'S – The Learning App,com.byjus.thelearningapp,Education,18868969-e463-4a89-869e-ba4764c1dd0d,Charan Tej,1,,not sending OTP to sign,1,,2025-09-19T05:38:50,,
BYJU'S – The Learning App,com.byjus.thelearningapp,Education,4a9eaf8a-da44-4832-9299-4b0de31a50b6,Mishti Mishra,2,,"I just downloaded this app and it’s not even working at all like when I try to get the opt, it never sends it to me . its honestly very annoying, they should fix this glitch",0,12.2.10.17982,2025-09-19T01:44:12,,
BYJU'S – The Learning App,com.byjus.thelearningapp,Education,a6be40c1-9459-434b-818d-2700da283d8c,Chintala Murali,1,,it was very bad 😞😔😞,0,12.2.10.17982,2025-09-19T00:07:02,,
BYJU'S – The Learning App,com.byjus.thelearningapp,Education,183827d1-aa8a-4817-88fc-e2de32c5f786,Sankar Surela,5,,mujhe yah bahut achcha laga aur isase me bahut acche se padhaai karta hai,0,,2025-09-18T23:05:37,,
BYJU'S – The Learning App,com.byjus.thelearningapp,Education,328de12f-07d2-40a0-9ab0-604eedbd7a4a,Shyama Shyama,5,,good,0,12.2.10.17982,2025-09-18T21:51:37,,
BYJU'S – The Learning App,com.byjus.thelearningapp,Education,d6cf97e5-504a-41fc-826c-394ab3940bef,Thippiswamy L,5,,super 👌 👍 😍,0,,2025-09-18T19:10:43,,
BYJU'S – The Learning App,com.byjus.thelearningapp,Education,a1fa86b3-af5a-4b65-96c3-99a04f6faab1,The Godz Songszz,3,,good app but non stop otps and calls,0,12.2.10.17982,2025-09-18T17:40:37,,
BYJU'S – The Learning App,com.byjus.thelearningapp,Education,de8b9a93-ac35-436e-8024-df82ded70469,4A 35 Tanuj C.M,5,,no experience,0,,2025-09-17T22:17:24,,
BYJU'S – The Learning App,com.byjus.thelearningapp,Education,952cfeca-c829-427b-8d8d-74a6ef6be16f,katta prasanna,1,,app not opening....,0,12.2.10.17982,2025-09-17T21:06:16,,
BYJU'S – The Learning App,com.byjus.thelearningapp,Education,b7949be4-9285-485f-923e-898bed4a4942,Shashi Bala,1,,not working 😕,0,12.2.10.17982,2025-09-17T21:03:43,,
BYJU'S – The Learning App,com.byjus.thelearningapp,Education,6d5302f9-190a-4bb9-a2ad-8fb001e0bf04,Rajeshwari Rajeshwari,5,,❤️❤️,0,,2025-09-17T20:18:07,,
BYJU'S – The Learning App,com.byjus.thelearningapp,Education,5fb81a2d-1dac-4eb4-8e53-5593a9c5a416,Suryavathi,5,,redeem code,0,,2025-09-17T20:16:00,,
BYJU'S – The Learning App,com.byjus.thelearningapp,Education,94f259d7-8324-4985-b96c-a052d98c7d61,Sahil Laskar,1,,Horrible .,0,,2025-09-17T17:13:29,,
BYJU'S – The Learning App,com.byjus.thelearningapp,Education,4e168aa1-d774-473f-8706-b5ba51cbb197,Shillu Munna,5,,wow nice experience wow super,0,,2025-09-17T17:11:55,,
BYJU'S – The Learning App,com.byjus.thelearningapp,Education,2c0b4d94-9d88-46da-bd80-3c7dd7591f89,Sasirekha anbu,1,,otp is not coming 😒 bad experience,2,12.2.10.17982,2025-09-17T16:56:56,,
BYJU'S – The Learning App,com.byjus.thelearningapp,Education,a7f2dab4-a2e9-4017-b9bc-65f65f7efda0,Bilal Shaik,4,,This are not opening completely,0,12.2.10.17982,2025-09-17T15:31:42,,
BYJU'S – The Learning App,com.byjus.thelearningapp,Education,3adc49f3-6f99-4e65-9764-8a9da6437e86,Vijay Sahu,5,,mujhe pasnd aya ha,0,,2025-09-17T08:32:38,,
BYJU'S – The Learning App,com.byjus.thelearningapp,Education,424338ae-b70f-4bf2-9760-e4b6e99f72ce,Machithru Pairson,1,,the process to register the apps it time consuming very slow response,0,12.2.10.17982,2025-09-16T22:58:53,,
BYJU'S – The Learning App,com.byjus.thelearningapp,Education,417502ef-fb20-4d88-8bc1-dbdbd46f215b,Shreyash Dubey,1,,I M ALSO A PART OF BYJUS AT THE 2023 SEPTEMBER AT BYJU'S CENTRE WHICH IS AT YADAV COLONY GARHA JABALPUR WHEN WE TALK TO AJAY PATEL SIR WHO IS COUNSELLOR AT BYJUS HE SAID THAT THERE IS NO ISSUE IN BYJU'S THERE IS NO PROBLEM IN AT FUTURE HE TOLD US MANY THINGS OF BYJU'S THEN MY FATHER ENROLL THAT BATCH IT IS FOR 3 YEARS till March 2026 BUT TILL JANUARY2024 ONLY IT IS GOOD AFTER THAT NO CLASSS DONE WHEN WE TALK TO THEM THEY SAID WE CANT DO ANYTHING PLEASE PROVIDE ME THE REFUND,0,12.2.10.17982,2025-09-16T22:03:10,,
BYJU'S – The Learning App,com.byjus.thelearningapp,Education,74278828-b8ee-46d4-af3a-efc4c46cb57c,Nasima Sarwar,1,,worst app so many calls because of that I can't focus on my studies,0,,2025-09-16T20:04:46,,
BYJU'S – The Learning App,com.byjus.thelearningapp,Education,3093cf7f-bedc-4cac-ae76-a463024e056b,sapna das,1,,otp nahi aa raha hai,0,,2025-09-16T19:08:35,,
BYJU'S – The Learning App,com.byjus.thelearningapp,Education,960fe2dd-f675-4d73-89be-3336e9e66452,Manorma Devi,1,,"बहुत बकवास ऐप है इसको डॉनलोड मत करन फालतू का ऐप ओटीपी नहीं आता है और बहुत भी है तो खुलता नहीं है This is a very useless app, do not download it because this useless app does not come with you and even if it comes, it does not open",0,,2025-09-16T12:40:41,,
BYJU'S – The Learning App,com.byjus.thelearningapp,Education,cde069ff-c6cc-47a3-9a3b-d0ef5abdc1c2,Abhi Sravani,1,,this app is not open properly,0,,2025-09-15T20:24:23,,
BYJU'S – The Learning App,com.byjus.thelearningapp,Education,456e2c0a-59ef-4ec1-b281-6246b9c84320,Manju Rathor,1,,this app ok only,0,,2025-09-15T19:33:21,,
BYJU'S – The Learning App,com.byjus.thelearningapp,Education,e816a4db-7065-4d7e-9326-05a384f03305,Shivam Paswan,1,,the application isn't even opening.,0,,2025-09-15T16:00:31,,
BYJU'S – The Learning App,com.byjus.thelearningapp,Education,1089dc63-93b9-4fd4-9b4e-ddf3278bf159,arnav dhadwal,1,,bad app,0,12.2.10.17982,2025-09-14T22:08:27,,
BYJU'S – The Learning App,com.byjus.thelearningapp,Education,c0aae20a-06b5-48f9-aea0-0cfe15adafe2,Ranjeev Sahu ji,1,,very bad customer support,0,,2025-09-14T16:44:01,,
BYJU'S – The Learning App,com.byjus.thelearningapp,Education,773b8c3d-0b01-4601-8ffe-db800f6e656b,Khushbu Shukla,1,,I am not getting the OTP. when I enter the phone number then it shows that the OTP will be recend in second and when the second are been counted down the OTP is not in sended,0,,2025-09-14T12:28:45,,
BYJU'S – The Learning App,com.byjus.thelearningapp,Education,a7fbb795-0573-43aa-9244-1b18ea0ff132,Amrutha Theerthesh,1,,can't register my number and not sending OTP fast,0,12.2.10.17982,2025-09-14T12:17:19,,
BYJU'S – The Learning App,com.byjus.thelearningapp,Education,e1d3c673-55b9-4841-8b68-3cbb721baa67,Abhijeet Singh,5,,This is very amazing app. Everything gets easy from this app,0,5.4.2.6853,2025-09-13T18:07:17,,
BYJU'S – The Learning App,com.byjus.thelearningapp,Education,915f864e-194a-4e23-8b1e-876be5b7fa08,Amit Kumar,1,,bho***di ke mere phone main to login nahi ho Raha I have very angry,0,,2025-09-13T08:08:52,,
BYJU'S – The Learning App,com.byjus.thelearningapp,Education,3edbcf24-e39c-42ec-9aea-f18fc2f13a87,Narasingappa,5,,language selection,0,,2025-09-12T20:31:09,,
BYJU'S – The Learning App,com.byjus.thelearningapp,Education,9d73b157-35e8-4525-b6bf-f839a8689868,Kirthicksakthi S,2,,I heard about the app and I downloaded it but I can't log in to it I can't get the OTP ( but I am having good network around me) but I love the app,0,,2025-09-12T18:37:16,,
BYJU'S – The Learning App,com.byjus.thelearningapp,Education,55436aba-984b-46fc-bd7d-6b2134bb8cda,Rajesh,1,,can't open this,0,12.2.10.17982,2025-09-12T18:19:13,,
BYJU'S – The Learning App,com.byjus.thelearningapp,Education,7e4bbb49-3a26-41c8-beea-516af5510c5c,Samar Shingh,5,,very good app,0,,2025-09-12T14:29:15,,
BYJU'S – The Learning App,com.byjus.thelearningapp,Education,8e5e8566-0727-4803-9c6f-fa33643606be,owa is,1,,worst app only waste of time don't install otherwise you will regret for whole life,0,,2025-09-11T23:08:55,,
BYJU'S – The Learning App,com.byjus.thelearningapp,Education,c21a7a7d-549b-439e-9566-d5b2bf612ffa,Rama Devi Chitikana,5,,super who not learn you will be topper in your class use this byjus,1,,2025-09-09T21:45:33,,
BYJU'S – The Learning App,com.byjus.thelearningapp,Education,c8c7a4f2-7581-4173-9cbc-bdd6396f0f0e,aham AmMn,1,,is not going inside,0,,2025-09-09T18:57:38,,
BYJU'S – The Learning App,com.byjus.thelearningapp,Education,36e00bd3-8bda-4611-91f3-bff3a1dab700,Pranav,3,,it is good but otp or call login karne ke liye nahi aa rahe or bahut mahenge classes hai,2,,2025-09-09T09:28:38,,
BYJU'S – The Learning App,com.byjus.thelearningapp,Education,174e3fb8-903e-4f77-afae-de16a518d107,Santosh Devi,5,,good app,0,,2025-09-09T09:20:17,,
BYJU'S – The Learning App,com.byjus.thelearningapp,Education,bc1c3293-b965-4c5c-bd75-f39e58327fcf,Daktar Mohanta,1,,was good but now can't login problem 😔,4,12.2.10.17982,2025-09-09T01:48:15,,
BYJU'S – The Learning App,com.byjus.thelearningapp,Education,2b09e3ac-7e42-4566-895b-c44f0b4b1ea8,49-Ashish Hembrom,1,,can't trust on them,1,,2025-09-09T00:53:06,,
BYJU'S – The Learning App,com.byjus.thelearningapp,Education,ef4a2d35-3293-46f1-b7a4-1b01a4e0fbc9,farida vasadwala,5,,it takes so much time to open,0,,2025-09-08T22:22:05,,
BYJU'S – The Learning App,com.byjus.thelearningapp,Education,d158d042-4e70-46ee-949e-ca0453534786,Anusha Revada,4,,"App is not working. I am trying to login from past few days, it doesn't work. please resolve the problem.",4,12.2.10.17982,2025-09-08T21:25:29,,
BYJU'S – The Learning App,com.byjus.thelearningapp,Education,3e72308d-6171-416e-8734-54ff3c3bcea4,Ramesh Devi,1,,course not working,0,10.19.2.15863,2025-09-08T20:08:55,,
BYJU'S – The Learning App,com.byjus.thelearningapp,Education,2adc015b-1f21-4645-b71b-16e49936053a,Rakesh yadav,5,,hii I am aditya kumar,0,,2025-09-08T20:00:47,,
BYJU'S – The Learning App,com.byjus.thelearningapp,Education,a576de40-b91c-45aa-b103-6805cac4b332,Almulla Admin.,1,,Time wasted for OTP,1,,2025-09-08T08:12:37,,
BYJU'S – The Learning App,com.byjus.thelearningapp,Education,103267ef-953f-44ee-9854-30c8db04f8fd,Banshika Dhal,1,,stupid,1,,2025-09-07T18:45:16,,
BYJU'S – The Learning App,com.byjus.thelearningapp,Education,3c52b427-8b35-4b31-9deb-07ae6f291589,khagendra subedi,1,,bad app I have ever seen,1,12.2.10.17982,2025-09-07T15:18:39,,
BYJU'S – The Learning App,com.byjus.thelearningapp,Education,c2cbb2a7-f135-46c5-9a36-3cfa4a8eb6e3,Likha Tonu,1,,"worst app, don't download this ,the customer service is really worst",1,3.9.1.3219,2025-09-07T14:26:51,,
BYJU'S – The Learning App,com.byjus.thelearningapp,Education,7ad53983-6480-4712-87b4-cd07ad4a9ab2,Raushani Ranjan,5,,mast,1,,2025-09-07T12:45:57,,
BYJU'S – The Learning App,com.byjus.thelearningapp,Education,ecb140c5-1800-42ec-a77b-38856cbdb042,Ishan Nalawade,1,,app otp is not coming,0,,2025-09-07T09:44:05,,
BYJU'S – The Learning App,com.byjus.thelearningapp,Education,38d5d540-2b9c-4c8d-82ce-c9cfb9a9edf7,Bharti,1,,"worst app ,very slow and unusable",0,,2025-09-06T23:31:04,,
BYJU'S – The Learning App,com.byjus.thelearningapp,Education,b721299d-c614-45a4-9298-3a92587c1af0,a Ghosts Gaming,1,,The app is slow,0,,2025-09-06T22:38:41,,
BYJU'S – The Learning App,com.byjus.thelearningapp,Education,7c54acf0-c003-4224-967c-da214f108cfd,Amrit Gandhi,1,,scammer app and also low quality bags and other unreliable things,1,,2025-09-06T22:04:33,,
BYJU'S – The Learning App,com.byjus.thelearningapp,Education,d5155f9d-7918-437e-ab25-5bc3aa7d53a0,Kailash Koolwal,1,,very very very bad app it doesn't open otp problem occurs every time I open the app the otp doesn't come to my mail box 😠😠😠😠😠😠😠😠😠🤬🤬🤬🤬🤬🤬🤬🤬🤬🤬🤬🤬👺,1,,2025-09-06T21:45:22,,
BYJU'S – The Learning App,com.byjus.thelearningapp,Education,17fa8a0a-2ecf-45f6-a334-e341e01a2238,deven Hooda,1,,what happened to you...Not replying..No customer care. I have purchased 5 years subscription.. No support from your side... Learning Station stopped working...,0,3.5.0.2729,2025-09-06T19:51:16,,
BYJU'S – The Learning App,com.byjus.thelearningapp,Education,2555880b-4ac6-416c-ad80-3cfaf818273b,SRS,1,,UNABLE TO OPEN,1,12.2.10.17982,2025-09-06T18:42:46,,
BYJU'S – The Learning App,com.byjus.thelearningapp,Education,d40aa23f-a117-47b4-a3d0-bce35e1d93b6,Filmy Himachal,1,,not opening,0,12.2.10.17982,2025-09-06T11:09:33,,
BYJU'S – The Learning App,com.byjus.thelearningapp,Education,0b5999a9-5ed7-4608-ad69-67a6947652ea,Raja Paswan,1,,"I downloaded Byju's app, but when I logged in after entering my number, the OTP does not come. Please help.",3,,2025-09-05T21:19:38,We are extremely sorry that you had an unpleasant experience. Please send us an email at care@byjus.com so we can address this issue and take the necessary measures. - Team BYJU'S,2024-09-09T22:45:01
BYJU'S – The Learning App,com.byjus.thelearningapp,Education,c481743e-d98f-41f9-808d-f58f5606e7d1,Awishkar Kumar,1,,after several try this app isn't allowing otp to receive on phone,0,12.2.10.17982,2025-09-05T20:55:57,,
BYJU'S – The Learning App,com.byjus.thelearningapp,Education,7226f4fe-78d9-406e-b2e9-64ec061e470a,Raj Jaiswal,1,,fraud company all 5 star is paid review,1,,2025-09-05T19:32:41,,
BYJU'S – The Learning App,com.byjus.thelearningapp,Education,4dfd8766-ed39-4d76-8fad-5d2d5eaa46d3,Raj Entertainment,1,,the app is not responding...,0,12.2.10.17982,2025-09-05T18:07:41,,
BYJU'S – The Learning App,com.byjus.thelearningapp,Education,017e2979-6b68-4f06-9543-29c9d7ec599b,Sushil Jolly,1,,aap is getting very slow very very slow main sign in nahi kar pa raha hun bahut slow hai,0,,2025-09-03T23:33:45,,
BYJU'S – The Learning App,com.byjus.thelearningapp,Education,b1ede286-d5cf-443e-a585-e2cf053a049a,Bhavya Yadav,4,,"I was there student from 5th to 8th class, the videos were top notch , wish they can comeback and rise once again. no one explained the concepts more beautifully then them.",0,,2025-09-03T16:16:27,,
BYJU'S – The Learning App,com.byjus.thelearningapp,Education,b3752449-9e4f-47d3-b3bf-b8b3dcdf3389,Mohit Kumar,1,,its not going beyond phone number entry page. its just loading endlessly.,0,12.2.10.17982,2025-09-03T12:13:42,,
BYJU'S – The Learning App,com.byjus.thelearningapp,Education,deefac87-d81f-4966-8f4d-2d18b726c468,Malli Malleswari,2,,"I am unable to receive OTP to login. There isn't any problem with the Internet connection, I have tried all the ways I can.",1,,2025-09-02T22:08:51,,
BYJU'S – The Learning App,com.byjus.thelearningapp,Education,7ed03124-8957-48cc-b59c-20d6f7dd7e59,Meenu Meenu,5,,jfshsysvshd hsbdh gaia chalayen cc,0,,2025-09-02T20:36:11,,
BYJU'S – The Learning App,com.byjus.thelearningapp,Education,a139bf4a-286c-4757-b8a1-e2ed1753f053,Sahil Khan,3,,this is app is very good 👍 app,0,9.7.0.12389,2025-09-02T20:00:33,,
BYJU'S – The Learning App,com.byjus.thelearningapp,Education,7ae28688-0793-4043-b1ab-f3bd3cea0923,Pranathi Nimmakayala,5,,"hey byjus this app is currently not working I think due some reasons bug I love this app ,it helped in my 10 th boards , I scored good in cbse boards just becz of this one app .I love it",1,12.2.10.17982,2025-09-02T15:56:06,,
BYJU'S – The Learning App,com.byjus.thelearningapp,Education,3beff26e-5374-4b06-a64a-96b24491dc42,Ramili Kulkarni,1,,"Extremely disappointed with BYJU’S. It has been over a year since I requested my refund, yet there is no resolution despite repeated follow-ups via calls and emails. Customer service is unresponsive and even official emails bounce back. This delay feels like sheer harassment and is unacceptable from such a big brand. Parents and students should be cautious before enrolling as the promises made initially are not honored later.",2,11.4.2.16882,2025-09-01T23:29:05,,
BYJU'S – The Learning App,com.byjus.thelearningapp,Education,058c2f1e-3c7a-4e12-8e5c-523488654d6e,Priyanka Kumari,1,,Very useless app.,0,,2025-09-01T12:41:43,,
BYJU'S – The Learning App,com.byjus.thelearningapp,Education,5dcc2263-e878-4065-9095-70a371e4613a,Neha Thakur,5,,every good,0,12.2.10.17982,2025-09-01T12:28:50,,
BYJU'S – The Learning App,com.byjus.thelearningapp,Education,c1b63344-2140-4f8c-b6fa-cbaf040267e7,Hari Om,1,,the app is not open because otp is not coming on my phone,4,12.2.10.17982,2025-08-31T21:05:56,,
BYJU'S – The Learning App,com.byjus.thelearningapp,Education,b3277aaf-dc51-41d1-8de3-7e6aef81c184,Rakhi Yadav,1,,wrist ap,0,12.2.10.17982,2025-08-31T20:51:51,,
BYJU'S – The Learning App,com.byjus.thelearningapp,Education,354c8c0a-783d-4d4b-b24c-46ba80a97e42,Seema Gupta,1,,The app is not open otp is not coming on my phone,3,12.2.10.17982,2025-08-31T20:50:26,,
BYJU'S – The Learning App,com.byjus.thelearningapp,Education,369725bb-bd04-438c-b874-eb5719ba4348,Ch Jagan,1,,Not getting OTP after entering the mobile number. please rectify it.,2,,2025-08-31T19:43:03,,
BYJU'S – The Learning App,com.byjus.thelearningapp,Education,7482e5b3-d76f-46e5-9a4c-7ff40e909983,Aarush.rana21,5,,👌,0,,2025-08-31T12:09:28,,
BYJU'S – The Learning App,com.byjus.thelearningapp,Education,03fe8429-808d-4816-9bc7-aec404fa1ee6,Team Anjali dwivedi,5,,"Byjus was the best coaching centre I was ever studied in. I studied class 6th,7th and 8th in it but due to its downfall I was ñot able to study class 9th now I am in 10th studying in another reputated coaching centre but still it feels something empty. I am waiting for your comeback please make it quick.",7,12.2.10.17982,2025-08-31T11:49:44,,
BYJU'S – The Learning App,com.byjus.thelearningapp,Education,6eaff362-bc3c-43c2-8f45-88a33af9211b,Shaveta Kochar,1,,pagal hai app,0,,2025-08-31T10:25:32,,
BYJU'S – The Learning App,com.byjus.thelearningapp,Education,43a05a55-258d-41a1-af6d-a7afee05f484,Baby Devi,5,,good,0,,2025-08-31T08:10:55,,
BYJU'S – The Learning App,com.byjus.thelearningapp,Education,5e69fc79-4177-4485-b0a8-cb1788a04f76,Bhumika Basera,1,,why this app not open in the mobile number 😭 I not see this app 😭,1,12.2.10.17982,2025-08-30T20:31:02,,
BYJU'S – The Learning App,com.byjus.thelearningapp,Education,b1a17bd2-2463-4ff6-928e-44c0c8e4b1ad,Dawanda War,1,,I'm not able to access after download page is just blank.,1,,2025-08-30T18:54:17,,
BYJU'S – The Learning App,com.byjus.thelearningapp,Education,aa4faa7f-467b-4371-8fb2-66514b138c13,Shyam Prajapati,1,,app not working,2,,2025-08-30T14:21:28,,
BYJU'S – The Learning App,com.byjus.thelearningapp,Education,570bf0dc-de5c-4cfe-9ad1-23bfd614b38f,Sundri,1,,unable to use the application and its content,2,12.2.10.17982,2025-08-30T05:48:56,,
BYJU'S – The Learning App,com.byjus.thelearningapp,Education,d4321fe9-d88e-4fd3-9df3-7ba9ec87fb63,mohammed safi,1,,aap open is not opening 😞 server's is veri slow,1,12.2.10.17982,2025-08-29T23:55:42,,
BYJU'S – The Learning App,com.byjus.thelearningapp,Education,261be78f-70b1-4d96-a170-2a1ebf8b7d55,RUBINA MAQSOOD,4,,bujus is a great app ... few years ago when i used it before it has access in other countries too .. but now only india's country code is fixed there and no option for other codes .. i want to use it in Pakistan.. do provide modifications pls and give me access,0,12.2.10.17982,2025-08-29T19:12:40,,
BYJU'S – The Learning App,com.byjus.thelearningapp,Education,bb6f8792-cf43-42ef-8316-f42feb93ec8b,Ekamnoor,1,,unable to log in,0,12.2.10.17982,2025-08-29T15:14:54,,
BYJU'S – The Learning App,com.byjus.thelearningapp,Education,72e7acaf-b76a-4280-97c7-7b71e723f5ef,Sahil Uchadiya,5,,best,0,12.2.10.17982,2025-08-29T09:58:44,,
BYJU'S – The Learning App,com.byjus.thelearningapp,Education,eedc4b20-8a0a-4eb0-ba43-dfc37afacf4b,Lokesh (Saini),5,,good 💯😊,0,,2025-08-29T00:06:15,,
BYJU'S – The Learning App,com.byjus.thelearningapp,Education,109909e4-7b02-4014-b98c-3dc842c38ebb,Chougala Ravasaheb Ravasahb Chougala,5,,this app is super than any apps,0,,2025-08-28T18:19:03,,
BYJU'S – The Learning App,com.byjus.thelearningapp,Education,43c0675a-d85b-404b-9aa0-d63439ea5cb3,Aarif Qureshi,1,,hello login screen freeze I can't enter otp,0,,2025-08-28T16:50:17,,
BYJU'S – The Learning App,com.byjus.thelearningapp,Education,82c55aff-8ad1-4daf-a6bd-d851a7c4fd27,Mohammed Jaun Sayed,1,,I was not able to login bcuz I couldn't Login only. They say they've send OTP but I can't find it. Even I'm not able to Resend OTP or OTP from call. Please improve this.,3,,2025-08-28T16:34:40,,
BYJU'S – The Learning App,com.byjus.thelearningapp,Education,7ac60bd2-2e57-4dba-8a70-d67ac6d997a7,Rajnikant Parmar,1,,"Byju's app and website both not working for new registration. What's wrong, don't know. The app is not send ing otp for new user, tried many times. website shows Shopify store error and nothing turns up. Seems IT trouble at Byjus",1,12.2.10.17982,2025-08-27T15:00:53,,
BYJU'S – The Learning App,com.byjus.thelearningapp,Education,84824a97-c766-46e2-9854-ce7bec707f25,SHAHJAHAN G,5,,Good.,0,7.3.0.9392,2025-08-27T14:49:37,,
BYJU'S – The Learning App,com.byjus.thelearningapp,Education,fa14d607-a776-4bbd-bf52-448fb1a95550,Omprakash Sah,1,,Byjus is fraud,1,12.2.10.17982,2025-08-26T21:04:22,,
BYJU'S – The Learning App,com.byjus.thelearningapp,Education,0a9a2d8f-6a15-46d5-b328-9ed949cace02,Anshika,4,,good 😊😊,0,,2025-08-26T20:35:48,,
BYJU'S – The Learning App,com.byjus.thelearningapp,Education,3b693aa2-14d4-482c-a1da-289618926732,Armankha,1,,faltu h,1,,2025-08-26T19:20:05,,
BYJU'S – The Learning App,com.byjus.thelearningapp,Education,990f3d7b-ec14-46e5-bb7a-be3943344991,Bharmappa Maji,5,,Navya BM app,0,12.2.10.17982,2025-08-26T17:50:18,,
BYJU'S – The Learning App,com.byjus.thelearningapp,Education,ddfe0ca3-077c-4c83-b032-4b28df98a1ff,Rohit,1,,bekar hai otp nai aata 🤬,0,,2025-08-25T21:15:36,,
