app_name,app_id,category,review_id,username,rating,title,text,thumbs_up_count,review_created_version,at,reply_content,reply_at
Trello: Personal Planner App,com.trello,Productivity,b1d323fd-278a-4a13-b230-ee3e554729a1,Portal FPV,1,,another app that forces log in just to test. instant delete!,0,,2026-07-25T22:26:48,,
Trello: Personal Planner App,com.trello,Productivity,d20c7ccc-d15c-4841-9182-d48f33894e05,Joseph Lebed,5,,Best app ever made for group planning.,0,2026.14.1.77868,2026-07-25T04:26:12,,
Trello: Personal Planner App,com.trello,Productivity,c4ba1ab8-d322-43dd-abb2-7682c45544e0,Neil Studd,1,,"Every day I disable the ""Show quick add"" option. Every day it turns the option back on again. Bug reported in May 2026 yet somehow still not fixed. Rating remains until they make the simplest fix in the world.",0,2026.14.1.77868,2026-07-25T01:51:38,,
Trello: Personal Planner App,com.trello,Productivity,f1d47918-d055-4772-8046-12b12c6c791c,Ihsan,5,,useful for getting works done,0,2026.14.1.77868,2026-07-23T21:59:05,,
Trello: Personal Planner App,com.trello,Productivity,4f05e011-9e4b-433a-b8ef-5ebfa6eded86,phuong anh le thi,5,,"I used Trello for everything. To save my templates, livery, assets for my ROBLOX experience. Most of my friends use Trello for saving their assets or using it as their portfolio. At first I would think that they would be mediocre but it's too good, even if it's only free.",0,2026.14.1.77868,2026-07-23T13:59:35,,
Trello: Personal Planner App,com.trello,Productivity,0daa8509-bfea-47f2-aed4-5e3e51c2cab3,Naj Pirate,5,,Intuitive Kanban board system that makes visual project management simple and fun.,0,2026.14.1.77868,2026-07-22T05:11:29,,
Trello: Personal Planner App,com.trello,Productivity,0d43a379-057b-448c-bcbd-33f68be6e142,Graeme Smyth,5,,Excellent - works great with the browser/desktop app. Editing bulletpoint lists can be a bit fiddly but other than that it does everything you need managing projects etc fir business.,0,2026.14.1.77868,2026-07-21T13:41:29,,
Trello: Personal Planner App,com.trello,Productivity,8ca39400-b742-4389-bc69-accfad95261c,Dr. Eric R. Shantzer,5,,I love this application for organizing individual tasks,0,2026.14.1.77868,2026-07-21T11:47:44,,
Trello: Personal Planner App,com.trello,Productivity,b420246c-94e8-49e4-b623-b6e34e4099d0,Reuven Jacob,5,,great app for Organizing anything and super easy to use,0,,2026-07-21T02:36:41,,
Trello: Personal Planner App,com.trello,Productivity,40e399f9-1f7a-4af8-b04f-e236d3948663,Nikos Altiparmakis,2,,locking the calendar feature under a 10 dollar/month is not ideal,1,2026.14.1.77868,2026-07-19T23:36:59,,
Trello: Personal Planner App,com.trello,Productivity,9a2d999e-dfeb-4135-ab14-db4b83afa319,Esther Okuneye,5,,"Trello is a great app for staying organized. The interface is clean, easy to use, and makes it simple to manage tasks, projects, and deadlines. I like that I can create boards, lists, and cards to keep everything in one place, and collaborating with others is seamless. It's perfect for both personal planning and work. I highly recommend it to anyone looking for a reliable productivity app.",1,2026.14.1.77868,2026-07-18T18:40:30,,
Trello: Personal Planner App,com.trello,Productivity,14a7874a-a134-4ee3-86bc-25f68220dbb1,Joezana Tyler,5,,that was great 😅,0,,2026-07-18T05:53:24,,
Trello: Personal Planner App,com.trello,Productivity,c19fdb30-404e-48c9-bda7-972217675974,Kush Raval,5,,Simple and effective project management tool that keeps tasks well organized.,0,2026.14.1.77868,2026-07-17T00:18:10,,
Trello: Personal Planner App,com.trello,Productivity,754e228e-89d8-4550-9d9b-3ab1eba376eb,Cheng Xiao,5,,"very easy to use and it help me a lot manage my works. Also , i can arrange my work schedule in this app which makes me efficiently complete the tasks that i set.",0,2026.14.1.77868,2026-07-16T17:58:58,,
Trello: Personal Planner App,com.trello,Productivity,4e0c12d3-d419-4904-a0d2-8446b0030b96,Aaron Geracci,5,,Great for working on projects that I'm not keeping active at and require me to keep accurate logs and notes.,0,2026.14.1.77868,2026-07-16T13:41:04,,
Trello: Personal Planner App,com.trello,Productivity,e9879650-28ae-424a-ad0e-a2ef91690872,F Datema,5,,life saver,1,2026.14.1.77868,2026-07-14T23:11:41,,
Trello: Personal Planner App,com.trello,Productivity,ba094ab1-f642-4c27-8b22-4c2e2c5fdfa6,Ella Vincen,5,,simple app for organizing acts and projects,1,,2026-07-14T21:06:48,,
Trello: Personal Planner App,com.trello,Productivity,6a23133d-74b2-4bc9-b2d0-70491cb98d4c,Hariom Srivastava,5,,A simple yet powerful project management tool. Organizing tasks with boards and cards makes teamwork much easier,1,2026.14.1.77868,2026-07-14T01:36:50,,
Trello: Personal Planner App,com.trello,Productivity,d86c0572-6e57-463d-b091-21a0b6d08b0a,Kevin Dickens,1,,"After losing everything from a recent update and the Trello team unable to restore my lists, I'm cancelling subscription and removing the app. I'll find something more stable, like a physical notebook!!",1,,2026-07-11T21:08:58,,
Trello: Personal Planner App,com.trello,Productivity,1401d212-9410-4703-8858-8c30fba37693,Ray Holland,2,,"Horrible UX, seems like they have completely abandoned this app.",0,2026.14.1.77868,2026-07-10T19:58:56,,
Trello: Personal Planner App,com.trello,Productivity,8052a1ca-9eda-4d3c-8ce1-26c28721faee,Buhay Landas de los Santos,2,,"I love the trello when it was just Trello, without atlasian back when it started. logging in is complicated now.",0,,2026-07-10T13:00:11,,
Trello: Personal Planner App,com.trello,Productivity,4e41e7c4-0308-4aeb-8ac3-b45f9e04eb71,Rebecca LaRose,2,,"I generally really like the app but I've recently lost notes I had added in many cards and the Labels don't work. I can see the ones I already applied to cards. If I tap them, the screen blinks but it no longer brings up the list to add or edit labels. They're critical to the way I've organized my cards.",1,2026.13.3.76352,2026-07-09T05:22:35,,
Trello: Personal Planner App,com.trello,Productivity,9335ef5f-9934-4788-bc37-130aee3e6a2c,Monti,1,,since the glitch its terrible,0,2026.13.3.76352,2026-07-09T00:21:50,,
Trello: Personal Planner App,com.trello,Productivity,372d701c-e618-41af-8dcb-734129d45e83,FyerDawg,1,,Used to be great until everything disappeared! Several boards of info gone! No longer trust this app!!,0,2026.13.3.76352,2026-07-06T21:08:18,,
Trello: Personal Planner App,com.trello,Productivity,cdce88d4-26c6-4a77-9244-e529dc7fa8b9,Somi S,5,,"good simple interface , exactly whats needed for normal personal planning purposes. its not complicated like notion ,taskade etc",0,,2026-07-05T14:53:55,,
Trello: Personal Planner App,com.trello,Productivity,6b885cb0-6942-4bdc-8171-f538c4b1f7fc,jayesh kawli,1,,"Ever since it was bought by Atlassian, the quality has gone down the drain",1,4.4.0.2920,2026-07-05T11:40:13,,
Trello: Personal Planner App,com.trello,Productivity,e5cdcf11-f85d-4342-9899-d04ccea1cede,unknown,3,,"the boards aren't updating , it's been two weeks now and the boards are still the same , even tho it's working well on the desktop version , not the mobile version tho . please fix it 🙏",1,2026.13.3.76352,2026-07-03T22:24:02,,
Trello: Personal Planner App,com.trello,Productivity,0f2863b1-ee91-4166-8ddf-540da47ea6c8,Caroline Iles,1,,Account deactivated during a period of no use (missed an email asking me to login) but now there is seemingly no way to recover my account. If I try to contact support it requires you to login (after which you get an account deactivated message). lol ridiculous Id happily just delete my old account and start a new one but there is no way to even do that.,2,2026.13.3.76352,2026-07-02T17:33:03,,
Trello: Personal Planner App,com.trello,Productivity,9d57c03b-6e60-4e44-bada-b81c42eae396,Samy Saul,5,,"excelent app, highly recommended",1,2026.12.1.74487,2026-07-01T03:16:24,,
Trello: Personal Planner App,com.trello,Productivity,36f037a9-9221-4dbe-ab34-8875ac665915,aisyahqis,5,,"Timeless and creative game! Endless possibilities to build, explore, and survive. Great for solo play or multiplayer with friends. Encourages creativity and problem‑solving. Runs smoothly and always fun.",1,,2026-07-01T02:24:02,,
Trello: Personal Planner App,com.trello,Productivity,ed9ebe17-ffbc-40bc-8200-139ce9c6682b,Nur Insyirah,5,,"Trello makes project management simple with its intuitive boards, cards, and collaboration features.",2,2026.12.1.74487,2026-06-28T22:51:08,,
Trello: Personal Planner App,com.trello,Productivity,03ec2777-d1c9-4497-838d-71944fa11098,Manpreet,5,,"Trello is hands-down the best app for anyone who loves visual organization. The Kanban board system with simple drag-and-drop cards makes tracking tasks feel incredibly satisfying and intuitive. Whether I’m managing a massive team project or just organizing my personal weekly to-dos, it keeps everything clear at a glance. It skips all the heavy, over-complicated settings of other project management tools and just gives you a clean, productive workspace. Highly recommended!""",1,2026.12.1.74487,2026-06-28T18:15:14,,
Trello: Personal Planner App,com.trello,Productivity,901ae068-1198-4757-a6c0-73d8930f0071,Beella Nabilla95,5,,bagus sangat best,0,,2026-06-28T12:15:32,,
Trello: Personal Planner App,com.trello,Productivity,e8355017-0b90-427c-a384-3687a5f53722,Azrul Azwan,5,,"Trello is a project management application that helps users organize tasks and projects using boards, lists, and cards. It provides a simple and visual interface that makes task tracking easy and efficient. Trello is suitable for both individual use and team collaboration, allowing users to assign tasks, set deadlines, and monitor progress. Overall, Trello is an effective tool for improving productivity and project organization.",4,2026.12.1.74487,2026-06-28T01:41:26,,
Trello: Personal Planner App,com.trello,Productivity,65dc77a6-38cf-4a94-ad97-3641d3e6912d,SY• Aysa (Nana -chan),5,,my experience with Trello is quite easy to use for plan evey day life and notes good for up coming events,0,2026.12.1.74487,2026-06-28T01:15:09,,
Trello: Personal Planner App,com.trello,Productivity,6867ecca-14da-400d-b782-5b46a3cf1ae4,Una Tonight,5,,i can set time and date to have a vacation day or manage time for study week using this app.,0,,2026-06-19T14:22:51,,
Trello: Personal Planner App,com.trello,Productivity,916e220e-a0c9-463d-9364-6f8442bb0b0b,Kay Favors,1,,"Constant UNHELPFUL updates that frequently impact productivity. Doesn't integrate well with Microsoft Office at all. There are always serious, ongoing issues but right now, I cannot save content to cards because they rolled out a new feature that requires you to select a green check to save & move on to the next card- but the app doesn't recognize your mouse selection so nothing actually gets saved. You typed a paragraph for NOTHING 🙃🫠. A useless company OMG.",0,,2026-06-17T21:13:09,,
Trello: Personal Planner App,com.trello,Productivity,fda04c74-e634-4321-ac1e-d9220252cb5f,Phillip Clarke,1,,Dumb app. Let me just create my account with google.,0,,2026-06-17T02:12:37,,
Trello: Personal Planner App,com.trello,Productivity,f777efe1-649c-4f0d-869b-f0a09ba80681,Syafiq Aiman,5,,Trello helps me stay organized and manage tasks efficiently. The interface is simple and easy to understand. It is a great productivity tool for both personal and professional use.,2,2026.12.1.74487,2026-06-16T23:02:04,,
Trello: Personal Planner App,com.trello,Productivity,3cef12e0-6944-4bbd-9ba0-2684d6743402,Hafiz Amir,5,,"Trello turns messy to-do lists into beautifully organized visual boards. The intuitive drag-and-drop Kanban layout makes tracking project phases incredibly satisfying, whether you are planning a personal project or managing a team launch. It clears mental clutter instantly!",1,2026.12.1.74487,2026-06-16T08:21:36,,
Trello: Personal Planner App,com.trello,Productivity,31201f9e-1324-4600-889b-2df8b3769e6f,chaiyokk,5,,Trello banyak membantu saya mengurus tugasan dengan lebih teratur. Susunan kad dan papan projek sangat mudah difahami walaupun untuk pengguna baru . Saya boleh melihat semua tugasan dalam satu tempat tanpa rasa berserabut . Sangat sesuai untuk mengurus kerja harian dan memastikan tiada perkara penting yang tertinggal. Memang memudahkan urusan saya .,0,,2026-06-14T14:59:44,,
Trello: Personal Planner App,com.trello,Productivity,af74bf1f-2ec2-44b2-b4ce-8cb5192c25d6,Selene,5,,"(update: 7 years later and I'm still rocking on w the free version). I have like 50+ boards because I use it to help me organize/manage all aspects of my life (various hobbies, personal tasks, school, work, to name a few). It's very helpful for my ADHD. Would honestly be loss without trello & don't even want to imagine how I'd cope if ever it went away. It's like my second external brain now. And all that for free!! Thank you for all the features, the v intuitive UI, and for not having ads!!!",20,,2026-06-14T12:11:10,,
Trello: Personal Planner App,com.trello,Productivity,098a8c13-343a-44b2-8948-1e9e732b453c,MUHAMMAD BILAL,1,,"I don't know what the problem is, as its not allowing me to login as saying that ""You don't have permission to access this account"". I'm signingin through my Google account, my company has shared a link to join the work assignment dashboard, but it's not allowing me to sigingin. Frustrating, should I have to make another email and then login. Pathetic. I want to resolve this ASAP",1,,2026-06-10T12:10:44,,
Trello: Personal Planner App,com.trello,Productivity,34acb15d-7bae-4aa1-85ed-75734c46b8ea,Vanessa Kaili,5,,I’ve had a good experience using Trello. It’s easy to organize tasks and stay on track. Trello is a very useful tool for managing work and tasks. I like how simple it is to plan and organize everything.,0,,2026-06-08T19:41:11,,
Trello: Personal Planner App,com.trello,Productivity,53180785-9850-4562-a881-3ebf81416394,fiaalatokk,5,,"Trello is a popular project management app that helps users organize tasks and collaborate with others. It uses boards, lists, and cards to make planning and tracking work simple and efficient. Overall, Trello is a useful and user-friendly tool for managing projects, assignments, and daily tasks.",0,,2026-06-08T14:41:49,,
Trello: Personal Planner App,com.trello,Productivity,ef59d069-3f5e-4e5a-8a8d-59ecace7d887,alif roslan,5,,Brilliant project management tool. The visual Kanban boards make organizing tasks and collaborating with my team incredibly simple and satisfying,1,,2026-06-07T15:03:23,,
Trello: Personal Planner App,com.trello,Productivity,3333470a-2be6-4f7c-8467-e5415bc36974,Saulius,2,,"very unresponsive, takes ages to refresh, upload or access anything.",1,2026.11.0.72488,2026-06-05T15:48:57,,
Trello: Personal Planner App,com.trello,Productivity,bfa0f8f3-f7df-4cd3-adcb-1811d2a1c14f,Shane Prettner,1,,"used to be good, now it's so full of bugs it's unusable",2,2026.11.0.72488,2026-06-04T09:46:01,,
Trello: Personal Planner App,com.trello,Productivity,7b79b33a-5310-4d66-9587-71daf6690ca5,S Moore,1,,"So buggy! 1) Lost SO many notes - Needs autosave - It uses a confusing save checkmark (but also a different checkmark for complete) 2) editing list titles is impossible - cursor bounces/disappears 3) unable to edit easily; have to open the card and then sometimes markdown formatting is ignored 3) copy and paste function in card titles does not work when phone unfolded. Better than Clickup or AnyDo by far but too many glitches to be as functional as the web version, look for something better.",3,2026.11.0.72488,2026-06-03T21:50:40,,
Trello: Personal Planner App,com.trello,Productivity,1b0f5913-fe2c-453e-bc80-cef468435e38,Falah,5,,"Visual Project Management at Its Best. The Kanban card-and-board system is incredibly intuitive. It turns messy project plans into visually clear, actionable workflows. Perfect for tracking personal goals, managing freelance projects, or collaborating with small teams.",2,,2026-05-31T09:09:34,,
Trello: Personal Planner App,com.trello,Productivity,ec9cba7b-0f01-476f-a5a3-8beedf575d6d,Terrence Shipp,5,,works well great for organization,0,,2026-05-30T19:00:45,,
Trello: Personal Planner App,com.trello,Productivity,cea1b75f-4387-482a-ba4a-69812a203f1c,Ashen Jayakodi,5,,"really intuitive kanban board app. capturing quick ideas in the inbox and moving cards around is super smooth on mobile. the offline mode is great for when you don't have internet, and it automatically syncs everything when you reconnect. definitely a five-star productivity tool.",0,,2026-05-29T07:38:21,,
Trello: Personal Planner App,com.trello,Productivity,e42642a2-9a93-4f6d-b2ee-e70dd51663bc,ali rashid,1,,Unable to even login,1,2026.10.2.72127,2026-05-27T12:27:01,,
Trello: Personal Planner App,com.trello,Productivity,32f42b5a-d82a-4ca6-8848-5edd9ec5dff1,R,1,,Recent update broke the copy card function. Copying card does not produce a copy despite multiple attempts. Please fix.,3,,2026-05-18T23:24:29,,
Trello: Personal Planner App,com.trello,Productivity,962cd781-424d-4e9f-b17b-20eac3835c92,Donald Phillips,2,,"Mobile App and Desktop app not syncing deleted cards. Was working fine before latest version. Now I delete a card in the mobile app and it still appears in the desktop app. Of course, would be easier if the app also allowed deletions (without archiving) in the desktop app.",3,2026.9.2.71540,2026-05-17T23:37:18,,
Trello: Personal Planner App,com.trello,Productivity,07e74b27-0cea-4188-9bb7-e6d53952721d,Daniel “Fast circuit.” Chevalier,5,,love it.,0,,2026-05-17T16:46:04,,
Trello: Personal Planner App,com.trello,Productivity,5aa23640-1270-4e90-adb7-2dc036d201f5,Sah Hill,1,,Biggy UI and doesn't have auto save. UPDATE: now they serve you ads (big banner) to upgrade to their higher tier in the middle of your cards and checklists... where you're actually doing work. So even paid accounts aren't immune to their dumb ads and upsells. Trello has become shameless & its pathetic. Fix your buggy product.,12,2023.12.1.7154,2026-05-14T20:26:33,,
Trello: Personal Planner App,com.trello,Productivity,72f29a96-3673-42ab-9467-9feba0ee59ee,Alex Andro,3,,"it's ok, but I'd probably use it more if I could search for lists, not just boards and cards. I may go back to my notebooks. using the free version.",2,2026.9.2.71540,2026-05-13T01:12:33,,
Trello: Personal Planner App,com.trello,Productivity,eb3e4773-065f-4992-935b-a9bfac3d2aa2,Thalyta,5,,Muito bom para organização!,0,2026.9.2.71540,2026-05-11T18:36:42,,
Trello: Personal Planner App,com.trello,Productivity,f5233bfa-de06-4d80-809a-3c652e1829cb,Fly Gringo,2,,"I love the ability to organize and store data. My only complaint is when I search for an item, it just shows me which folder or card it is in. then I still have to spend 10 minutes reading through the card to find the item. Fix it so a search takes me directly to the item and you'll get 5 stars and a paid subscription from me. In the meantime I'm looking for other products that will do as I need.",7,2026.9.2.71540,2026-05-10T01:44:51,,
Trello: Personal Planner App,com.trello,Productivity,73e91f23-d6cc-486d-b1a2-154e3e81aed4,TJ Justice,1,,I can't use it. First it wouldn't let me input the last character in the code sent to my email. I went directly to the website and created my account. Now it still will not let me sign in with my account.,5,2026.9.2.71540,2026-05-05T18:45:26,,
Trello: Personal Planner App,com.trello,Productivity,88e8d640-e79e-4752-b707-d299b930d4ec,A Google user,2,,"In the widget, please add dates for items dated in the future and also fix it so the sort control (swirl icon) works reliably. update: subtracted a star as this is still broken and thousands have reported this issue. the original dev team used to fix bugs but the Atlassian's apparently don't care.",13,2026.9.2.71540,2026-05-05T03:45:07,,
Trello: Personal Planner App,com.trello,Productivity,57441334-9432-440a-8de9-30d55dfe8202,Denis Patrice,1,,"Reinstalling on new device, the ""2 factors verification"" did just a mess. As this is not a really useful not powerful app, just deinstalling and moving to more user-friendly products. Very disappointing to loose time with semi-pro solutions, which just do not work, when any ""todo list"" will do at least as good.",1,2026.8.3.70146,2026-04-30T15:27:31,,
Trello: Personal Planner App,com.trello,Productivity,ac2a46c3-b549-465d-919c-19a25cf46b13,Marnie MacLennan,5,,Such a great versatile tool for an Agile business!,0,2026.7.1.68132,2026-04-25T06:14:09,,
Trello: Personal Planner App,com.trello,Productivity,7ee1012c-4fc8-4443-a90a-6f89574d95fd,Lea,5,,"Trello is a simple yet powerful project management tool that makes organizing tasks and workflows very easy. I really like its clean, visual board system, which uses cards and lists to help track progress at a glance.",0,,2026-04-18T06:57:23,,
Trello: Personal Planner App,com.trello,Productivity,c7fa42a4-c7ac-4ccd-8402-2adcafec33fe,Marie Abigail Cabanglan,5,,"highly visual way to track tasks from ""To-Do"" to ""Done.""",0,2026.7.2.69676,2026-04-16T04:36:48,,
Trello: Personal Planner App,com.trello,Productivity,2bd590e8-f57b-4eef-831e-f1b37f7a2dfd,Syn Challenger,2,,"Love Trello system, but the app is not saving anything entered on my tablet. No matter what I do. Had to go back to using the website. It would be great if it only saved changing and info entered. Please fix.",0,2026.7.2.69676,2026-04-15T06:39:36,,
Trello: Personal Planner App,com.trello,Productivity,526df072-76e1-42ce-8238-7d28bd7161ed,Nur Alyani Mohamed Daud,5,,"Trello is a simple yet powerful tool for organizing tasks and projects. The drag-and-drop interface makes it easy to manage workflows, and it’s perfect for both personal use and team collaboration. Highly recommended for staying productive.",1,,2026-04-13T14:20:43,,
Trello: Personal Planner App,com.trello,Productivity,c9ce16d9-b83d-4606-bf71-8528fa5c6f00,Ann Au Hoon,5,,"was a great tool to help rebuild client, provider relationships. Allowed me to build a better service product that helped the organization and clientel we served",0,,2026-04-12T22:04:49,,
Trello: Personal Planner App,com.trello,Productivity,c19b3cd7-77d3-491b-99e5-c6cbaa84c44c,Kitty Raine,1,,Had been using this to track a project with some friends. Life happened and we had to halt the project for a couple years. Trying to get back in to the project board now and we've all had to create new Trello accounts and most of us have lost access to it. Even after being reinvited and given admin privileges multiple times it still won't let me access it. This is extremely frustrating as I was the person who made the board initially. This app is useless.,1,2026.7.2.69676,2026-04-12T09:45:07,,
Trello: Personal Planner App,com.trello,Productivity,48b1495d-54d0-40ad-9d21-97ca9124b8c5,Minna Girl,5,,"I’ve been using Trello to organize my daily tasks and it really helps me stay on track without feeling overwhelmed. The layout is simple and easy to use, though sometimes it takes a bit to load, but overall it’s very helpful.",7,2026.7.2.69676,2026-04-10T10:21:16,,
Trello: Personal Planner App,com.trello,Productivity,d43f81ec-626a-4313-8479-501d05558c61,Jovial Ramos,5,,Simple and effective task management.,0,2026.7.2.69676,2026-04-10T06:20:13,,
Trello: Personal Planner App,com.trello,Productivity,5496bced-23bf-44d0-adaa-82975f9b490a,Ali J,2,,"I have used Trello before at work. Wanted to use it for my personal life, but it is so bloated, spammy, it either auto-enrolled premium or I accidentally agreed when doing their forced product tour. And what's with the cringe job. Account deleted in under 10 minutes. 14 day account deletion period to... not a good company.",4,,2026-04-09T05:49:04,,
Trello: Personal Planner App,com.trello,Productivity,039eba69-7025-4bba-abc1-c25139c3c139,Evian Rave,1,,"""login to contact support"" is like saying ""welcome to hell"". also, locking full name, job title, department, and organization fields to be visible to Anyone is troubling; why even make it a field with a drop down? privacy score is zero across the Atlassian ecosystem.",16,2026.7.1.68132,2026-04-05T19:47:14,,
Trello: Personal Planner App,com.trello,Productivity,3487c708-3a7e-4dc8-b726-0310034ad6b3,Love from Light,5,,"Trello is a very useful tool to use in organizing activities, schedules and other data",1,2026.7.1.68132,2026-04-05T09:13:18,,
Trello: Personal Planner App,com.trello,Productivity,84744f72-7315-4ce1-879a-cebc99a063d5,Rawidjan David Soléman,5,,👌,0,2025.14.2.50173,2026-04-05T05:41:25,,
Trello: Personal Planner App,com.trello,Productivity,05a34527-8829-452e-a6f2-d2504d5e46cf,Ramesh Awasthi,5,,"The Trello mobile app has become so fast in 2026. The new Android widgets let me add tasks to my board without even opening the app, and the refreshed UI makes navigating between my Inbox and my Boards seamless.",3,2026.6.1.66535,2026-04-03T14:16:28,,
Trello: Personal Planner App,com.trello,Productivity,6f84fa64-77fe-41dc-a114-f8c7527cd261,Pauline M,1,,1/29/26: Board hasn't refreshed in weeks. I can't see new cards. I've tried updating and clearing cache and nothing has worked. 4/3/26: Same issue. Can't even refresh the board manually. App is unusable.,9,2026.7.1.68132,2026-04-03T02:28:50,,
Trello: Personal Planner App,com.trello,Productivity,d9722189-2503-453c-8433-6e95a77de3e9,Udish Shan,5,,The most intuitive project management tool out there. The card and board system makes it so easy to visualize my tasks and stay organized. It's perfect for both personal projects and team collaboration.,2,,2026-03-30T18:07:59,,
Trello: Personal Planner App,com.trello,Productivity,56cce808-b55f-4107-8707-11048ef0ef32,Levi Haupt,1,,will not update,0,2026.6.1.66535,2026-03-29T21:29:21,,
Trello: Personal Planner App,com.trello,Productivity,d50fa784-8a3a-4698-8a4e-b40d56c87c1e,Gonçalo Gomes,1,,so bad it hurts,2,2026.6.1.66535,2026-03-29T14:46:36,,
Trello: Personal Planner App,com.trello,Productivity,4881b874-495f-42ad-80d7-4209bcd31fe9,Oz Evans,5,,Great way to organize individual tasks and entire projects,1,2026.6.1.66535,2026-03-28T21:49:24,,
Trello: Personal Planner App,com.trello,Productivity,6a22a8c8-8ca9-4c90-8f2c-d8ecd7d541dc,Dee Dee,5,,"Trello is a very good organisation app, i use it to keep track of school, gym and even my sports. I especially love collaboration with friends and family. Its easy to navigate and makes life so much more convenient.",8,2026.6.1.66535,2026-03-27T08:57:11,,
Trello: Personal Planner App,com.trello,Productivity,7d12ba73-3f8e-448d-997b-62655ddbc769,Steffi Hablo,5,,good,0,2026.5.2.65686,2026-03-25T08:42:45,,
Trello: Personal Planner App,com.trello,Productivity,c3d15053-6b06-4933-b7f0-1c01728087e2,jeremy williams,4,,"good tool, lot of potential.",0,2025.19.4.54916,2026-03-20T16:05:54,,
Trello: Personal Planner App,com.trello,Productivity,a7b90547-046f-4eb7-9f58-859a006b75fa,Karolis Jasinskas,1,,deleted and closed ally boards,2,2026.5.2.65686,2026-03-20T01:06:07,,
Trello: Personal Planner App,com.trello,Productivity,5c65a55f-d554-4252-a58c-0667f67af979,Stefan Pohl,3,,App is not syncing..,1,2026.5.2.65686,2026-03-18T14:37:05,,
Trello: Personal Planner App,com.trello,Productivity,3150119c-1179-4919-836d-2a9580b8047d,Mary Magdeline,5,,Trello is easy to use and great for planning tasks. Highly recommended!,0,2026.5.2.65686,2026-03-18T09:52:43,,
Trello: Personal Planner App,com.trello,Productivity,dae7d84e-28a5-4815-892b-96729d28a6f7,Rob Leo,4,,Good app,0,2026.5.2.65686,2026-03-16T19:57:37,,
Trello: Personal Planner App,com.trello,Productivity,85c6abc2-3bf1-4d0f-a058-53afb581997d,Vincent Törnlöv,1,,The only way to turn of haptic feedback is to disable vibrations completely system wide as non of the sliders affect it and theres no settings for it in the app or in the notification page,3,2026.5.2.65686,2026-03-16T04:54:32,,
Trello: Personal Planner App,com.trello,Productivity,9e71ed59-7ab4-494a-9279-9175e767b4dd,DropOut,5,,"I like the Trello app because it helps me keep productive. I can collaborate with my employers or contacts through it, managing different projects easily",1,2026.5.2.65686,2026-03-15T15:21:11,,
Trello: Personal Planner App,com.trello,Productivity,73e99221-7e3a-49c9-ab4a-6cdc579c4f9b,Joel G,3,,please! add the ability to use card repeaters on mobile devices. why I have to get on my computer to add a simple function that should be able to be done on the mobile app is beyond me. I only use this app on mobile.,4,2026.4.4.65593,2026-03-15T03:35:44,,
Trello: Personal Planner App,com.trello,Productivity,b9b12516-dbd2-4dcf-a9f7-e207f409e3a5,Mohamad Amirul,5,,Trello helps organize tasks clearly and improves productivity.,0,,2026-03-12T16:10:01,,
Trello: Personal Planner App,com.trello,Productivity,48dee4a3-8999-44cd-bb37-274e18a5be3b,Mzolisi Mzuzu,1,,I can't log in,2,2026.5.2.65686,2026-03-11T17:20:04,Hi there! Thanks for the review. We’re sorry to hear you’re running into issues with Trello. Would you mind reaching out to us on our contact form? We'd be happy to help investigate this with you further -https://support.atlassian.com/contact/,2026-03-13T23:20:46
Trello: Personal Planner App,com.trello,Productivity,311b59d0-966d-414f-8226-683665c8db35,Zachary Yaro,3,,"Prior updates fixed basically all prior issues with the app. Unfortunately, now I am finding it failing to sync my boards—on mobile data or wi-fi, latest version of Android, latest version of Trello app, gen 1 Pixel Fold.",17,2026.4.4.65593,2026-03-09T04:15:33,"Hi there, thanks for leaving a review! We're glad to hear the app is working better for you now!
And thank you for your feedback on the Done state checkbox for your cards! We've passed this onto our team for consideration.",2025-02-17T15:05:16
Trello: Personal Planner App,com.trello,Productivity,35b5e7d1-0de9-4c34-a27d-65d7ce7152fc,Sejal Kesharwani,5,,Trello: Perfect for organizing projects. The visual boards keep me on track. 5/5 🌟,1,,2026-03-09T01:33:49,,
Trello: Personal Planner App,com.trello,Productivity,be4c5425-8a8c-46bf-b1f7-46429a1d5040,Leonard Undraitis,5,,This app works for what we do,0,2026.4.4.65593,2026-03-08T20:43:03,,
Trello: Personal Planner App,com.trello,Productivity,9cc97d0d-54e5-4d39-b891-4d4dcaef3011,Jazun,1,,Much worse than the web version.,4,2026.4.4.65593,2026-03-03T14:14:04,,
Trello: Personal Planner App,com.trello,Productivity,6dbe134e-df32-4ede-8c73-f96c254b216c,Shah Musa,5,,"Trello is an outstanding productivity tool that keeps my tasks and projects perfectly organized. The board and card system makes it easy to plan, track progress, and collaborate with others. It’s clean, intuitive, and works smoothly across devices. I love how simple it is to move things around and update details on the go. Whether for personal goals or team projects, it’s reliable and incredibly helpful. 5 stars! ⭐📋",5,2026.4.4.65593,2026-03-03T07:30:31,,
Trello: Personal Planner App,com.trello,Productivity,758d3dd1-b094-4b14-82be-8b8e3c3445bd,Eric Schmidt,2,,UX is horrible. I can't tag people while commenting on attachments.,1,2026.4.4.65593,2026-03-03T06:44:19,Hi there! Thanks for the review. We’re sorry to hear you’re running into issues with Trello. Would you mind reaching out to us on our contact form? We'd be happy to help investigate this with you further -https://support.atlassian.com/contact/,2026-03-06T19:34:38
Trello: Personal Planner App,com.trello,Productivity,37defe7b-e7d6-471d-9a92-9b4e978989e0,Eshwari Devaiah,5,,"Simple and visual tool for managing tasks with boards and cards. Easy to use, but advanced features need a paid plan.",2,2026.4.4.65593,2026-03-01T14:08:53,,
Trello: Personal Planner App,com.trello,Productivity,684cda0d-8447-4031-b020-32ee4e718a72,Yoga Nur Fahrudin,5,,Top application to list my work.,0,2026.4.4.65593,2026-02-28T17:27:10,,
Trello: Personal Planner App,com.trello,Productivity,4ca81e4b-f923-4686-ad04-7c672284ba02,Jaswinder Singh,5,,This app is very useful for organizing things. I use it for my personal information and for making to do lists.,0,,2026-02-24T16:53:58,,
Trello: Personal Planner App,com.trello,Productivity,eeb09ca3-297f-40fc-a9f6-26c44634d76a,Srinivas Naidu,5,,Best Task reminder App,0,2026.4.3.64352,2026-02-24T09:36:09,,
Trello: Personal Planner App,com.trello,Productivity,9ed6efba-1b47-4f91-83b1-071b68e91755,Moristo Licca,5,,My experience with Trello has been very productive. The board and card system makes organizing tasks simple and clear. It helps me manage my work efficiently. Very user-friendly.,1,2026.3.1.62898,2026-02-23T15:24:12,,
Trello: Personal Planner App,com.trello,Productivity,e2b07809-71ce-4411-95e5-c89c4daf0bcd,Keciah Diel policar,5,,"hello! love this app, it helped me stay organized and focus on my goals and day to day task. it also allowed me to track my progress ^-^ It's so fun to see my progress ^-^",1,2026.4.3.64352,2026-02-23T10:27:03,,
Trello: Personal Planner App,com.trello,Productivity,2b86a697-4cc5-4926-83ed-9cdf76397d2b,Jonathan Ben Josua,4,,"great app overall, but now it doesn't update across devices. I literally have 2 devices open in the same board with different versions of cards and one of them doesn't update even after several minutes. this can ruin workflow",2,2026.3.1.62898,2026-02-19T00:43:50,,
Trello: Personal Planner App,com.trello,Productivity,99a07cf2-1715-4ad6-871e-5be8c3057c53,Matt Winter,1,,"As with a lot of these kind of apps even though you may cancel your subscription they will still try to take the sub from you even though cancelled. There are other, much more honest apps that do what Trello does. What a nightmare.",4,,2026-02-17T04:50:18,,
Trello: Personal Planner App,com.trello,Productivity,e17d10cd-bc7b-41ac-b9c4-265580f7f510,Dhruv Bhatnagar,5,,very nice app 😊 . Best for management of tasks. It's helping me overcome a bit of procrastination and manage things being an adhd person.,1,2026.3.1.62898,2026-02-16T22:26:49,,
Trello: Personal Planner App,com.trello,Productivity,ba41bfb5-f5cd-4a62-8b0b-58cc39d20498,Solstice Satoru,4,,4 Stars. • Login is easy. • Layout is similar to Web Ver. • Problem AND Recommendation: Would benefit from a more Mobile Friendly Layout. • Room for Improvement.,2,2026.3.1.62898,2026-02-16T16:27:54,,
Trello: Personal Planner App,com.trello,Productivity,1374036c-8d69-44bf-a34c-fa642f1d1f41,Dr Falkenroth,5,,perfect for planning you travels and work,1,2026.3.1.62898,2026-02-15T15:47:33,,
Trello: Personal Planner App,com.trello,Productivity,52eeaa00-9e7b-4627-9660-5ba905f10789,ಹರಿ ಓಂ,3,,"1 free Workspace & 10 Free Board, 10 Free Collaborators, rest is paid, it good for shared Usage.",2,2026.3.1.62898,2026-02-15T09:01:01,,
Trello: Personal Planner App,com.trello,Productivity,a18719c3-6e04-4d32-8ebe-59c3a618592d,Daniel Ju,5,,trello has organised my work sheet and my documents such a reliable apps,1,2026.3.1.62898,2026-02-12T16:46:26,,
Trello: Personal Planner App,com.trello,Productivity,0713f755-767b-4140-a709-d265ae85dd02,Maisarah Asri,5,,Trello really helps me stay organized and manage my tasks easily. The layout is simple and visually clear which kinda mek it aesthetic. I like dragging tasks around to track progress. It’s a very useful app for productivity and planning for me.,1,2026.3.1.62898,2026-02-11T23:24:06,,
Trello: Personal Planner App,com.trello,Productivity,ebdab463-4477-4c7d-93d0-69ac79096945,Awang Ray,5,,"Trello is a fantastic app for organizing tasks and projects. The board and card system is simple but powerful, making it easy to track progress and collaborate with others. I like how everything syncs instantly across devices. The interface is clean, and dragging tasks around feels smooth. It helps me stay productive without feeling complicated. Overall, Trello is an excellent tool for work and personal planning. Highly recommended!",2,,2026-02-11T21:15:08,,
Trello: Personal Planner App,com.trello,Productivity,9c5093ca-d1e8-4eb4-be90-f4b5d3dd89d4,Anthony Spivey,5,,it awesome,0,2026.2.1.62336,2026-02-09T15:23:56,,
Trello: Personal Planner App,com.trello,Productivity,36d34c33-555d-4665-91df-01c9dbb7b863,Andrew Tran,3,,has been good to use all these years. but with most recent update. my boards from 2 years + with checklists no longer show the check list item. the main cards shows unchecked but when you go in everything is blank,5,2026.3.1.62898,2026-02-09T13:00:07,,
Trello: Personal Planner App,com.trello,Productivity,b19ccda3-4b0b-4985-ac73-40fb414c9442,IceCreamEpic,5,,THIS APP IS WHAT I'VE BEEN LOOKING FOR! Its perfect for everything I need as a developer. Now I have a page for people to read information from and I no longer need to answer questions because I can just put the answers here!,0,,2026-02-09T07:52:49,,
Trello: Personal Planner App,com.trello,Productivity,0f411842-e753-4f63-932e-b489afe42689,JJ,3,,can't download images on mobile???,1,2026.3.1.62898,2026-02-09T03:41:08,,
Trello: Personal Planner App,com.trello,Productivity,876380ec-f4db-44cd-8717-67ef170fe658,Glitchin,5,,helped me organize my projects,0,2026.2.1.62336,2026-02-07T18:01:31,,
Trello: Personal Planner App,com.trello,Productivity,3a7d6d6b-6479-4b08-adf1-f0989253d0f2,Jean-Philippe Tremblay,3,,"The free feature are good, but why do you request permissions to link the app to gmail/outlook and then request a subscription to actually use the feature. In term of security, thats a failure to me. Let me know before I go on and link the app to other accounts that I need to pay for the feature. Its really anoying.",7,2026.2.1.62336,2026-02-06T08:22:45,,
Trello: Personal Planner App,com.trello,Productivity,659a06b9-a03f-4e77-90c4-146202352ef6,BINIBEN,5,,"Trello is simple to setup for any company and also good free features with helpful trello selected power ups, try, give it a time to get to know more about it and experiment it yourself. Thank you!",1,2026.2.1.62336,2026-02-06T00:36:37,,
Trello: Personal Planner App,com.trello,Productivity,58678c40-dd7c-47da-8e14-e6feee5009a9,Luis Mejia,4,,OK,0,2026.2.1.62336,2026-02-04T11:17:15,,
Trello: Personal Planner App,com.trello,Productivity,3e149a4b-1c19-4334-889e-b604a8d76338,Erey Shariff,5,,"Trello is an ideal for freelancers, solopreneurs and small-sized office teams for task management with pre-built templates to set up these boards for quick access. You can assign specific deadlines to individual checklist items, add files, documents or multimedia relevant to the checklist items, and use labels for visual organization too.",1,,2026-01-31T20:33:14,,
Trello: Personal Planner App,com.trello,Productivity,52ea90d1-a0f3-4849-bf1b-a0a7d79f0dc0,Vanilla,4,,"I love the ui, it reminded me of pinterest but in a to do list boards. I can organise areas of my life & random ideas on it.",1,2026.2.1.62336,2026-01-31T00:22:55,,
Trello: Personal Planner App,com.trello,Productivity,bf776c6b-9de9-476f-8c99-44262bae3449,Abdul Haseeb (Pro AnOob),5,,Probably the best piece of software that actually solves real world problems.,0,2026.2.1.62336,2026-01-30T16:05:43,,
Trello: Personal Planner App,com.trello,Productivity,ec31a428-ce44-4d1a-aff5-75db492b5522,Danielle Cheche,1,,I've lost all of my boards. I thought it was a glitch so I started new ones then lost those. I'm the admin and only one on the account but it keeps kicking me off and telling me to contact the admin (myself). It would probably be great if it worked properly but I'll never know.,11,2026.2.1.62336,2026-01-29T22:11:45,,
Trello: Personal Planner App,com.trello,Productivity,e325c1fc-0210-4376-a7c6-29938842845f,ADITIYA Jena,4,,"Great app! just need notifications for the checklist items! And it needs better public board suggestions , leaderboards, focus timers !",1,2026.2.1.62336,2026-01-29T16:27:48,,
Trello: Personal Planner App,com.trello,Productivity,7536eb06-51ea-4264-97ca-8fe165731b07,Jashwanth Basavaraju,5,,Trello is simple yet powerful for task management. Boards and cards make organization very clear. Great for both personal and team use. Boosts productivity effortlessly.,1,2026.1.0.60838,2026-01-24T14:50:55,,
Trello: Personal Planner App,com.trello,Productivity,07fa5cf4-0c4a-4df1-a004-56e266e17f45,Tyler Chalifoux,1,,"over the years the app was great, we would use it for grocery lists and other planning tools. Randomly i will get an email telling me to ""log in"" or all my trello data will be erased because my account has been innactive for over a year (which, how if i used the trello app weekly). to top all this off, today, it forced me to ""log in"" to the app, i assume after they did an update, and now all my boards and connections for grocery lists etc completely gone........",13,2026.1.0.60838,2026-01-23T00:33:00,,
Trello: Personal Planner App,com.trello,Productivity,ce854ee2-4f78-4cab-9d36-e07a21b1b9f0,Monacer ericson da silva,5,,"Antiethical company. I have many important annotations and now I can only access them if I pay. Ridiculous this situation!!! It should be necessary to send me a notification by email or not allow to update anymore the lists, it is what a serious company should do.",4,2026.1.0.60838,2026-01-22T23:02:39,"Hi there – you definitely don't need to upgrade/pay to reopen those boards! Free Workspaces can hold up to 10 boards, so you'll need to either close or move those boards over to a new Workspace, then, you'll be able to reopen any closed boards. If you have any questions, please reach out at https://trello.com/contact. Thanks!",2021-07-28T12:25:19
Trello: Personal Planner App,com.trello,Productivity,89492ff8-2dc4-42c2-a074-3fd57f8d5a61,Goya lava,5,,"Trello is 📝✅! 😄 Super organized, boards on point, and gets the job done! 👍",4,2026.1.0.60838,2026-01-20T11:24:23,,
Trello: Personal Planner App,com.trello,Productivity,6ecec5f9-0b29-4de1-abba-49d9573049f5,Kira Zingmark,1,,Horrible performance.,0,2025.24.3.59934,2026-01-20T09:19:51,,
Trello: Personal Planner App,com.trello,Productivity,6fc4007b-6d4d-4a37-a8fb-f231f1e714f4,Palak Sinha Gupta,4,,it's nice app easy to work here .. my only concern is notification.. I don't get all the notifications and thats how I miss some of my important project status info. kindly resolve the notification part rest nice app,2,2026.1.0.60838,2026-01-16T12:16:19,,
Trello: Personal Planner App,com.trello,Productivity,3d96f75e-6f25-4320-9809-19aacc9a3453,Jason Won,4,,"Def one of my fave apps. To do lsit for myself, and plenty of team org templates to keep my team in check. Couple things to improve. Widgets can be improved greatly, super huge and shows very little. And on desktop is the only way to open planner, inbox, and boards @ same time allowing me to move tasks to my Google calendar. Can't do that on phone or iPad. Automations they work... But it's disorganized, hard to search for certain ones you've made, could be more like zapier if possible.",13,2026.1.0.60838,2026-01-15T14:41:36,,
Trello: Personal Planner App,com.trello,Productivity,91731ce6-8f07-4031-85e0-780fcb0f55ab,Rolf Ramaker,1,,Does not work anymore,0,2025.25.2.60070,2026-01-12T14:02:37,,
Trello: Personal Planner App,com.trello,Productivity,5796a61b-d47b-4ec2-9a9f-b7fa16500cbd,Pauly Flyer,5,,Brilliant. Does everything I need.,0,2025.21.1.56579,2026-01-10T21:13:59,,
Trello: Personal Planner App,com.trello,Productivity,0a8fe519-ae64-4cc1-ad7e-b9ed16296dcb,Jon Prue,4,,Can't do task reminder notifications. 🤷🏻‍♂️ I had to bounce over to a different app for my project management because I would create tasks and wouldn't get notified come to find out this app cannot give you real-time notifications even though you go in and set it up and it appears that it would. It's unfortunate because I would be a lifer otherwise.,4,2026.1.0.60838,2026-01-09T22:29:20,,
Trello: Personal Planner App,com.trello,Productivity,bc74d9f0-2136-4cb1-8c36-ac5d73d0b341,Sandhya Maharaj,5,,"Trello is amazing for student collaboration. My daughter uses it with her classmates to divide tasks for group presentations. They can see exactly who is working on what, which prevents any confusion. It’s a great tool for building teamwork skills.",3,2025.25.2.60070,2026-01-07T23:03:37,,
Trello: Personal Planner App,com.trello,Productivity,571953f8-8706-46bb-9f02-d7a20b9f9fc9,growmoseeds aka Lowell,5,,"this is one of the best designed apps I've ever used. it's super intuitive. and it maintains its state, even when offline, pushing and pulling only what's changed. it's perfectly designed. it's super useful. and it could be useful for anybody without the need. for special training. you can basically just start using it. this isn't just one of the best apps on my phone, in terms of its design, but one of the most useful as well. I should have reviewed this long ago.",8,2025.25.2.60070,2026-01-07T13:33:41,,
Trello: Personal Planner App,com.trello,Productivity,aa5dc6e1-2e80-469a-8247-fac8b9afb71d,Thembile Buthelezi,5,,"Great app for organizing, and managing your to do list. user friendly",1,2025.25.2.60070,2026-01-06T12:10:48,,
Trello: Personal Planner App,com.trello,Productivity,18bd13e5-08f7-4c57-85d7-2172ac5a4d02,Simba,2,,widget is so poor,0,2025.24.3.59934,2026-01-05T06:34:22,,
Trello: Personal Planner App,com.trello,Productivity,4e63e22d-9efb-406d-a0ed-7edb6b71bf25,HASAN MD JAHID,5,,"A simple and effective project management app using boards, lists, and cards. Great for organizing tasks, collaborating with teams, and tracking progress. Easy to use and flexible",0,2025.25.2.60070,2026-01-02T06:20:42,,
Trello: Personal Planner App,com.trello,Productivity,242a28cf-3000-4b80-a606-8558d7847716,Manish Junk,1,,it just dead slow and login is so painful in the existing account i just have up,0,,2026-01-01T20:42:56,,
Trello: Personal Planner App,com.trello,Productivity,8a7cd8ca-2141-410e-b0d9-1cc4780fa4bd,Marek Jagoš,1,,I can't believe there's an actual company with hundreds of engineers working on this product.,1,2025.25.2.60070,2025-12-31T00:59:31,,
Trello: Personal Planner App,com.trello,Productivity,fff9f502-04ea-4f8e-8472-4e507bdc39e7,Kishen Ram A/L Mageswaran,5,,"Trello is an incredibly intuitive app for managing tasks and projects. The visual board and card system make it easy to organize work, track progress, and collaborate with team members. I love how customizable it is you can create lists, labels, and checklists to fit any workflow. The interface is smooth, and the mobile version keeps everything synchronized seamlessly. Whether you’re managing personal goals or team projects, Trello keeps everything clear, simple, and motivating.",0,,2025-12-29T23:52:36,,
Trello: Personal Planner App,com.trello,Productivity,a745677f-36de-4aa8-9ba1-9a8a891c958c,Mohamed Benyounes Designer,1,,"The last update is sucks, especially with Arabic paragraph",1,2025.7.2.43283,2025-12-23T14:27:32,,
Trello: Personal Planner App,com.trello,Productivity,01702058-9192-4b39-964e-5a1b3030015f,JuliesRandomArt,1,,hard to use,1,,2025-12-22T00:47:20,,
Trello: Personal Planner App,com.trello,Productivity,16605d9a-80f8-4503-917e-0a61c112dfd9,Chris “Pseudo” Hansel,5,,"Amazing way to organize and plan, individually or for a team",0,2025.24.3.59934,2025-12-17T00:40:43,,
Trello: Personal Planner App,com.trello,Productivity,93fc1612-9b71-473e-b73e-61460adf4381,Daiyan Yahya,5,,a very good organization app,0,2025.24.3.59934,2025-12-12T15:17:14,,
Trello: Personal Planner App,com.trello,Productivity,bb1623ec-8c15-40a3-ac3b-06e8b0b5f1b1,Vanja Banović,5,,"The best app so far!! I would add a detail- for some cards to have an option for recurring action, for example to mark the same day during the entire month. And I would add that finished cards go immediately down, so the TO DO cards stay at the top.",10,2025.24.3.59934,2025-12-11T20:18:03,,
Trello: Personal Planner App,com.trello,Productivity,37aa60c6-c404-4779-bea0-a0c1789f7d62,Lars Liden,2,,The Android widget is useless. I like Trello but the widget is terrible. Can't customize anything so displayed items aren't relevant. Lots of work needed,3,2025.24.3.59934,2025-12-07T23:17:36,,
Trello: Personal Planner App,com.trello,Productivity,e439bcf4-ea85-4ad2-a95a-6f63729fe263,Saghar Hussain,5,,Best one for organizing and Managing things.,0,2025.24.3.59934,2025-12-07T20:20:29,,
Trello: Personal Planner App,com.trello,Productivity,831bf82e-c1e8-4340-9b5b-0b02eb454ab0,ruvy obeda,5,,"Trello makes managing tasks and projects easy with boards, lists, and cards. It’s simple to use and helps keep everything organized. Great for personal and team use.",3,2025.24.3.59934,2025-12-05T13:06:44,,
Trello: Personal Planner App,com.trello,Productivity,b7c23684-f91f-47af-a04a-d0873ce0c230,Clare de Lena,1,,"Such a scam, they will auto charge you when you switch the subscription from monthly to annual without noticing anything abt the price or payment term. Recommend not to use this scam tool",7,2025.24.3.59934,2025-12-05T10:00:43,,
Trello: Personal Planner App,com.trello,Productivity,93943f39-5deb-4aaa-beb1-21910b618ebb,fitr 09,5,,good,0,,2025-12-04T07:21:47,,
Trello: Personal Planner App,com.trello,Productivity,1745b6b2-6f78-4242-894d-efa964c2a5c9,Will N,5,,"Edit: looks like there was just an outage with the app, its fixed, app workd great again",1,2025.24.2.59141,2025-12-03T04:00:37,Hi there! Thanks for the review. We’re sorry to hear you’re running into issues with Trello. Would you mind reaching out to us on our contact form? We'd be happy to help investigate this with you further: https://support.atlassian.com/contact/,2025-12-03T02:48:39
Trello: Personal Planner App,com.trello,Productivity,9fd51c42-a0ab-43cb-b989-62928f3f2a49,Miriraiishe Nyakabwi,5,,I use Trello for my projects and it has never disappointed.It is able to hold a number of documents.Also can be used on smartphone or chromebook.,0,,2025-12-02T22:26:08,,
Trello: Personal Planner App,com.trello,Productivity,fa954b33-1bb3-40fc-8a0e-e22b138b40be,lee botha,5,,"Trello helps me keep track of my schedule for my business, great app",0,2025.24.2.59141,2025-12-02T03:57:15,,
Trello: Personal Planner App,com.trello,Productivity,8c7ea686-5d2c-46cc-a2a6-bf563e3ee348,Karen Carratt,4,,Great organising and sharing app,0,2025.12.4.48485,2025-12-01T17:04:17,,
Trello: Personal Planner App,com.trello,Productivity,5ca2f4de-c7fe-4dcb-a890-be1a108510ac,Fawwaz Hafiz,5,,Simple and effective for organizing tasks and projects,0,,2025-12-01T15:07:29,,
Trello: Personal Planner App,com.trello,Productivity,99982020-91a2-480c-a17f-12f52147ae46,Vision Media,5,,"We use this every day, we would definitely suggest downloading this it will improve your time management, organisation and everything over and above giving you more Freedom for life.",3,2025.23.4.58810,2025-11-28T23:22:14,,
Trello: Personal Planner App,com.trello,Productivity,68ed731a-e543-4400-b021-4a38b8bb60b2,Antonio Kemppainen,2,,"Easy to understand, easy to keep lists. Way too many bugs. When creating custom rules, these only seem to be applied 50% of the time. Calendar shows tickets on the wrong days, with no way of correcting it. And much more. Very limited in functionality. Would not be surprised if this app can be oneshotted with ChatGPT or similar, except for the cloud functionality and sync.",1,,2025-11-26T04:04:35,,
Trello: Personal Planner App,com.trello,Productivity,df6b2c4a-d6cc-4921-bcb3-0c5314e5a368,BBQ,1,,"Quick-add keeps appearing, setting is not kept. Could you please keep my setting, not to see the quick-add !? Very annoying to hide again after every update. Reduced to one star as my settings keep being reset with each update. Very annoying.",9,2025.23.4.58810,2025-11-25T21:39:19,,
Trello: Personal Planner App,com.trello,Productivity,68cbe658-42b9-4649-b72e-962377a4b1a6,Ilhan Rashidi,5,,Very good and well use management app,0,,2025-11-21T09:40:23,,
Trello: Personal Planner App,com.trello,Productivity,e95ce846-7687-456f-84b2-2c29393644f8,alyssa sarazleen,5,,A project management tool using boards and cards to organize tasks,2,2025.23.4.58810,2025-11-19T12:42:16,,
Trello: Personal Planner App,com.trello,Productivity,fb5e9cf4-ff81-4b67-bbd7-1c7de5cab305,Regie Saul,5,,AMAZING,0,2025.20.3.55352,2025-11-17T05:13:39,,
Trello: Personal Planner App,com.trello,Productivity,0f01be86-2cd4-43fb-bf54-b23315587047,Kevin,2,,Each update makes the UI a little harder to use. Move is never what I want when I'm dragging a task. So don't make it get in the way of archiving,2,2025.22.2.56759,2025-11-13T21:16:48,"Hi Kevin,

Thank you for your feedback. We've added options in settings to disable drag and drop hot spots on the board.",2026-01-27T21:34:58
Trello: Personal Planner App,com.trello,Productivity,122e18af-9eb7-4e3b-9aeb-2b1a73e81b07,Emily Wells,5,,"Very functional, even on the free version.",2,2025.22.2.56759,2025-11-12T00:45:33,,
Trello: Personal Planner App,com.trello,Productivity,14242713-ca4a-4f96-883f-9b9359394188,cody thompson,3,,"The web app is amazing, the mobile app is lacking and missing critical functions. How come on the mobile app I can't seem to copy a checklist easily from another card, for example? Am I the potato or are you guys just trash at UX? These little things are making me want to try a new service and I've used Trello for years now",3,2025.22.2.56759,2025-11-11T01:59:25,,
Trello: Personal Planner App,com.trello,Productivity,1519a54c-5c20-41fe-9027-f787794f7311,Paulo J. Vasconcelos,3,,"Bom quem quer acessar rapidamente e não pretende criar, visualizar ou editar regras. No meu caso, o site mobile é mais útil",0,2025.22.2.56759,2025-11-08T03:39:01,,
Trello: Personal Planner App,com.trello,Productivity,5cd9fbea-b84e-4a9d-8c60-1898b34e9779,Matin Ebrahimkhani,2,,the app has way less features than the web version and this not acceptable also not compatible with Tablets,1,,2025-11-08T02:35:46,,
Trello: Personal Planner App,com.trello,Productivity,ec5a1a7a-d246-483c-93f5-c20db80a7637,Ajak Ali,5,,"App that helps to enhance productivity by improving organisation that mananging all,the personal and also the establisment Worth of apps as the management tool",0,2025.22.2.56759,2025-11-07T18:47:56,,
Trello: Personal Planner App,com.trello,Productivity,b841f1ae-b9de-459d-997f-f07e8cadc4bc,Mayowa Tundde,5,,"it's been a good ride currently actually, I just hope the app wasn't created for a short temporary term or purpose 😀",0,2025.18.2.54373,2025-11-04T21:21:49,,
Trello: Personal Planner App,com.trello,Productivity,52dab1df-6e6c-4ada-9cb3-8288cfd6ddf2,Stuart Roskelley,1,,Can't login to the app at all. The deep link from the browser just stays on the login screen. Edit: STILL BROKEN after over 18 months now. This is pathetic.,20,2025.22.2.56759,2025-11-02T06:00:19,,
Trello: Personal Planner App,com.trello,Productivity,2f308352-2435-4b67-8b40-9c101070d3e0,David Naylor,1,,There is too much clutter when you open a task. The view from the web browser is much cleaner: just the description plus anything else you've added.,5,2025.21.1.56579,2025-10-29T05:59:47,,
Trello: Personal Planner App,com.trello,Productivity,44d446c3-b20e-45c0-a02f-24bb4ec16efa,Uma Shankar Veeravalli,1,,"Gosh I can't even login on my mobile app. every time I login using Google, I am again brought to the login screen. I have tried multiple Times and even uninstall and reinstall the app. this is so frustrating.",5,2025.21.1.56579,2025-10-28T12:36:57,,
Trello: Personal Planner App,com.trello,Productivity,80670383-cbe7-49e8-8426-8e2ba482171c,Douglas T,5,,"App is the best organizational tool I've used. I like how easy it is to customize and how you can email it tasks on the fly, which places them in your inbox to be managed as needed.",2,2025.21.1.56579,2025-10-28T04:49:14,,
Trello: Personal Planner App,com.trello,Productivity,eb103546-a934-475c-b131-bc38e4d99e9c,Sharif Jamadar,1,,data breached,0,,2025-10-24T16:49:08,,
Trello: Personal Planner App,com.trello,Productivity,1700174c-e9f0-4b9d-851c-e4080b9ea08d,peter katona,1,,You can upgrade easily to premium from the app. Spent 1 hour trying to figure out how to downgrade it back...of course without any success.,4,2025.21.1.56579,2025-10-24T09:14:21,,
Trello: Personal Planner App,com.trello,Productivity,6f4c5aec-6e28-41ad-9b6d-5feeb868364c,margret,5,,"Trello is an easy-to-use project management tool. Its board-and-card system makes organizing tasks simple, whether for team projects or personal goals. The drag-and-drop design is clean, and you can add labels, due dates, and checklists for extra flexibility without making things complicated.",4,2025.21.1.56579,2025-10-23T05:30:51,,
Trello: Personal Planner App,com.trello,Productivity,6e0689c4-ed82-49b4-a11b-41522671692e,Al Reed,5,,excellent,0,,2025-10-22T20:10:51,,
Trello: Personal Planner App,com.trello,Productivity,2616958c-d39e-4ca8-af58-69850cb2ffbd,Luke Cromey,5,,Love it. I'm a chaotic dude thats where I get my energy. People don't know how I can be so chaotic but so productive & organosed; Answer is simply; TRELLO BB GET IT GO,0,2025.21.1.56579,2025-10-22T00:46:43,,
Trello: Personal Planner App,com.trello,Productivity,38578097-6ce3-406f-ac1d-59765ee48e4e,Aya Youssif,4,,"Nice and user friendly. I wanted to be able to change the color of the display on the home screen, and to add alarms linked to the tasks.",1,2025.20.3.55352,2025-10-21T20:01:11,,
Trello: Personal Planner App,com.trello,Productivity,2a35b892-4729-4a5f-9e82-2ce7864e5340,Photographer Bala,5,,very nice user friendly,0,2025.21.1.56579,2025-10-21T15:23:27,,
Trello: Personal Planner App,com.trello,Productivity,445e2f52-419f-4a7e-b071-5d15f9efa1e9,Putri Aleya,3,,"I love Trello app. Really. But I have a suggestion. Maybe you should improve the app UI because it looks too... old (?). Like, having more shapes & themes ?? I don't know how to describe it but I hope you understand.",1,2025.21.1.56579,2025-10-21T01:01:21,,
Trello: Personal Planner App,com.trello,Productivity,c9e2e22b-095f-44c2-bbec-3a0f4d14952e,Arctic Steve,5,,Downloaded because of the team of epic conquest x and the app is also working very good. keep it up.,0,,2025-10-20T14:42:50,,
Trello: Personal Planner App,com.trello,Productivity,f9b2545f-d95c-42cd-8e70-767a2207f02d,Debra Andersen,2,,"Unfortunately my new phone S25 Ulta doesn't like Trello. It keeps removing it from my phone..I've tried all the recommended solutions for installing Trello, but each time I close out of it, it's dropped off the system. very frustrating as I need Trello for work. Fortunately it's still working on my old phone J5Pro phone. My sister is also having problems installing trello on her S24 phone.",2,2025.20.3.55352,2025-10-20T00:34:39,,
Trello: Personal Planner App,com.trello,Productivity,ba28fc26-67bb-410f-a7eb-35d8bd9ee55a,Heidi Bakkar,3,,overrated app,0,,2025-10-17T06:18:07,,
Trello: Personal Planner App,com.trello,Productivity,7899c87d-bcfb-492b-b362-010f7c547c19,Shiin Wong,5,,"Kanban made intuitive. Boards, lists, and cards provide clarity at a glance, while checklists, due dates, and attachments keep details controlled. Collaboration is effortless, and power-ups add just the right extras. Trello is flexible enough for teams and simple enough for personal projects—project management that actually feels light.",4,,2025-10-10T18:23:23,,
Trello: Personal Planner App,com.trello,Productivity,3f3e14ec-f39d-4f88-9e8e-68b56940637a,Roro Ireng,1,,"I can not log in in my phone. try to unimstall and reinstall again, but nothing change",0,,2025-10-09T14:05:55,,
Trello: Personal Planner App,com.trello,Productivity,ba1b859d-6d73-4717-ba7c-ddb24219a9e2,Jason,1,,sucks,1,2025.20.3.55352,2025-10-03T23:13:17,,
Trello: Personal Planner App,com.trello,Productivity,be346877-aa6d-4aa8-a829-62d7fa7b1e71,David Barsky,5,,Best task management app in the Samsung market,0,2025.17.2.52389,2025-10-01T10:50:30,,
Trello: Personal Planner App,com.trello,Productivity,fa451fb7-0254-409f-801f-3fc0539a0517,Dino Omerzu,1,,the app was great and i enjoyed using it for several years. I was really loved the feature where i can take thing straight from my to-do list into my google calendar. I have recently opened the desktop app again just to see that this feature has been locked behind a 12.50€ per monh paywall. as a broke student that is too expensive just for this one simple feature and im really disapointed at the Trello team.,26,2025.19.4.54916,2025-09-30T04:33:27,,
Trello: Personal Planner App,com.trello,Productivity,9c7823a9-8cc6-48ef-93b5-3673f70620c7,Shamanta Jahan,5,,Trello is a very good application ivlike task 😍,0,2025.19.4.54916,2025-09-26T22:02:50,,
Trello: Personal Planner App,com.trello,Productivity,b95ca372-f08e-4f01-904e-2dc7792e92dd,Imtiaq,1,,sync problems really hamper the experience,1,2025.19.4.54916,2025-09-26T04:44:19,"Hi there!
Thanks for the review. We’re sorry to hear you’re running into issues with Trello. Would you mind reaching out to us on our contact form?

We'd be happy to help investigate this with you further -https://support.atlassian.com/contact/",2025-10-02T15:39:05
Trello: Personal Planner App,com.trello,Productivity,cae8fc95-f18a-42d6-84df-c033891d05e8,Thorin Kabue,5,,very smooth and easy to use also boosts productivity and is very efficient,1,2025.18.2.54373,2025-09-23T16:17:51,,
Trello: Personal Planner App,com.trello,Productivity,0993ff3c-a4ef-45d6-a877-554d32ad100d,Alex Sahi,5,,"This is an awesome collaborating app, it has redesigned our way of working, heads off",0,2025.19.4.54916,2025-09-23T07:48:16,,
Trello: Personal Planner App,com.trello,Productivity,5049a611-be2a-45d9-8737-85cc89f943e0,Ale,5,,"I just rediscovered Trello thanks to an email they sent to me and was reminded of how much I loved the app 💝 I haven't logged in for around 2 years so my account was going to be deleted. I appreciate the transparency and that they didn't just silently delete my account within months of inactivity like other services might do. I was able to rediscover old boards related to old passions of mine, and I'm just happy that everything is still there! 😁",9,2025.19.4.54916,2025-09-22T18:51:35,,
Trello: Personal Planner App,com.trello,Productivity,7c320549-88c2-4a45-b64b-5b2fd8218353,Kidium “Kim”,5,,Keeps me Sane with all various task I do,0,2025.18.2.54373,2025-09-21T23:03:50,,
Trello: Personal Planner App,com.trello,Productivity,f6a43c82-9631-49c3-a567-d7738cbfae36,Mark Fisher,5,,"Have used the free version of Trello, both website and app for a long time and it has served me well always.",1,2025.19.4.54916,2025-09-20T16:42:04,,
Trello: Personal Planner App,com.trello,Productivity,161d0492-3ddc-4b90-b72e-e1b010457ddb,Collins Nnanna,1,,"I can't login to the app, very annoying",0,2025.18.2.54373,2025-09-18T22:39:11,Hi there! Thanks for the review. We’re sorry to hear you’re running into issues with Trello. Would you mind reaching out to us on our contact form? We'd be happy to help investigate this with you further -https://support.atlassian.com/contact/,2025-09-25T02:25:46
Trello: Personal Planner App,com.trello,Productivity,cb85dd1d-df83-41cb-8c44-3e975fcac653,Richard Coomber,5,,"Have been using this for years for organising my D&D campaign notes and sharing NPC, Location, and Loot info with my players. Can't imagine running a campaign without it.",0,2025.18.2.54373,2025-09-14T15:46:13,,
Trello: Personal Planner App,com.trello,Productivity,1c62183d-4842-443d-9f3f-6ba53925fdb4,Christy Clifton,2,,needs a widget like the third party one that used to exist. the widgets included are useless. I've been using for maybe 10 years and little to no useful updates have happened.,6,2025.18.1.53002,2025-09-13T15:06:14,,
Trello: Personal Planner App,com.trello,Productivity,78d22ceb-7d5b-4641-b2a3-4f0558f2ed2c,D M (TFG99),1,,"I have never used your app, but you are sending me email spam. I reported the spam.",0,,2025-09-13T12:25:34,,
Trello: Personal Planner App,com.trello,Productivity,97d2c319-3758-475e-9fae-15f416b2a56b,Peters Tom,5,,Trello is intuitive user friendly project management tool that Excel in organizing tasks with it's visually appealing kanban boards,1,2025.18.1.53002,2025-09-12T06:36:33,,
Trello: Personal Planner App,com.trello,Productivity,4a27cb2e-020a-400d-866b-168fc6ea2b5a,Kipper Kipp,4,,"Good app for planning events, stories or anything really with friends as its easy to find and add people to your pages. even as a solo user the app is a good place to leave reminders and links which you can access from any device. helpful.",2,2025.12.4.48485,2025-09-10T07:06:30,,
Trello: Personal Planner App,com.trello,Productivity,762592d0-67b6-4ab9-b05f-7dab1baf2e1e,Mariz Pulga,1,,When I log in it kept on redirecting me to the log in page,0,2025.18.1.53002,2025-09-08T11:43:57,"Hi there! Thanks for the review. We’re sorry to hear you’re running into issues with Trello. Would you mind reaching out to us on our contact form? We'd be happy to help investigate this with you further -https://support.atlassian.com/contact/
",2025-09-25T02:24:44
Trello: Personal Planner App,com.trello,Productivity,a8476a4b-3f47-4524-a8f7-2c6099b99629,Keith Thompson,5,,just a great app,0,2025.18.1.53002,2025-09-07T12:35:20,,
Trello: Personal Planner App,com.trello,Productivity,b9314a0b-7376-4bc6-a13a-95f6f50b4dd6,Jay Marie Workman,3,,"The app is solid and a decent experience overall, but if you want full functionality skip this app and log in through your browser. For example, you can't mirror cards in the app (a big part of my workflow), but it's possible in the mobile browser version. If that's not wholly important to you and you're looking for a Trello experience that has accessible buttons, give the app a try.",11,2021.10.15998-production,2025-09-06T06:24:50,,
Trello: Personal Planner App,com.trello,Productivity,4201eda7-579e-43cb-9596-62d33951af8e,Rowan Stevenson,5,,made life so much easier planning things is 10x faster and more efficient can you say much else other than it's just overall good,1,2025.17.2.52389,2025-09-06T00:57:30,,
Trello: Personal Planner App,com.trello,Productivity,304e1209-b453-4c78-86b5-8bddb38c7978,francisco garrido,5,,"I have been using Trello for years. It has helped me organize many projects, personal and job related. Thanks 🙏 for such a great tool, as a software engineer I appreciate the time, effort, resources, people and every idea transformed into an usable thing. Many people use software and doesn't quite understand how hard and complex it is to implement some new feature, rebuild or fix an actual software product.",4,2025.17.2.52389,2025-09-02T08:45:45,,
Trello: Personal Planner App,com.trello,Productivity,2a515a6d-5a72-4d21-b870-e8a0b7519ff0,Dave Welch,1,,"Deceptive Pricing Model Trello hides critical features like card mirroring behind a costly add-on (Mirror by Unito). You won’t realize this until you're deep into using it. The base product seems free or low-cost, but real functionality is paywalled. It’s a deceptive design that turns Trello into a trap for teams. Avoid if you need serious cross-board collaboration.",5,2025.17.2.52389,2025-09-01T05:46:34,"Hi Dave, Mirror by Unito is a third-party Power-Up/plug-in that works with Trello.
A lot of Trello users used it before we released a more robust Trello Mirror feature.
Here's how to access to use the Trello native mirror feature, which is already included in your Trello subscription:
https://support.atlassian.com/trello/docs/mirroring-cards/",2025-09-03T18:36:54
Trello: Personal Planner App,com.trello,Productivity,da952905-4efe-4bc0-b85c-82bffa45e783,Daniel Auld,5,,I've implemmented the Getting Things Done layout for my boards and lists. Now I never forget an appointment and capture those 2:00a epiphanies instead of forgetting or losing the Post-It note. Works across all my devices and computers - always synched. Life changing increase in productivity!,1,,2025-08-27T16:56:20,,
Trello: Personal Planner App,com.trello,Productivity,d4b36cc3-83e1-46a6-b3ae-39e18349c7dd,CM,3,,The tablet version doesn't work right with a mouse. Left and right mouse buttons do the same thing and clicking and dragging doesn't work. Should be like it is on the browser.,1,2025.17.2.52389,2025-08-27T08:19:47,,
Trello: Personal Planner App,com.trello,Productivity,f258b938-14e4-475c-b250-305e7e210ab8,Saran G,1,,"love trello but this app opens & run inside the web browser all the time ! difficult to use, planning to uninstall",2,2025.17.2.52389,2025-08-26T22:56:01,,
Trello: Personal Planner App,com.trello,Productivity,a109108a-5e92-43a6-bd41-4216246bacf2,AJ_SHERLOCK,1,,this app opens & run inside the web browser all the time! i am uninstalling it!,2,2025.16.1.51488,2025-08-25T15:34:31,,
Trello: Personal Planner App,com.trello,Productivity,362aafe6-e8dc-4073-9916-f48bd39412db,A. McLean,5,,"Even though the undo function is still gone I'm putting my review back to 5 stars because I love this app and use it constantly👍 ---------Love Trello! I use it every day all the time, thank you🙂🙏",13,2025.17.2.52389,2025-08-23T02:24:12,Hi there! Thanks for the review. We’re sorry to hear you’re running into issues with Trello. Would you mind reaching out to us on our contact form? We'd be happy to help investigate this with you further - https://support.atlassian.com/contact/,2025-05-16T15:13:07
Trello: Personal Planner App,com.trello,Productivity,24f87645-b20d-4114-8208-037037f65c07,reyshakquit,5,,makes it easy to keep track of my stuff,0,2025.16.1.51488,2025-08-20T01:03:58,,
Trello: Personal Planner App,com.trello,Productivity,451e72fe-cd5e-4abd-9dc1-b9b7e769006f,Bobs “theOne” Hernon,2,,"Lowered the rating to 2. now they're taking away real estate to optimize for uncommon requirements. Duplicating efforts, wasting precious UI space Attlasian is really screwing up what used to be a fantastic product. Sync used to be quick, now it has to be forced. Used to copy cards and edit them, now I have to close them and refresh them. They should quit changing things. Another year of corruption and I'm going to have to find a new solution for mobile time and project management.",6,2025.16.1.51488,2025-08-18T21:08:08,"Hi there. Thank you for reviewing our app. Would you mind reaching out to us on our contact form, please? We'd be happy to learn more about your feedback about Trello for Android. You can contact us at https://trello.com/contact‌‌‌. Thank you!",2023-06-19T18:42:32
Trello: Personal Planner App,com.trello,Productivity,46710e5b-6712-4a7c-be43-fe85620ce3a7,Kamal sarker,4,,good 👍 app,0,2025.16.1.51488,2025-08-16T05:27:12,,
Trello: Personal Planner App,com.trello,Productivity,bbf6ecbe-139f-4d12-a109-5987903bf3cd,Vladi Vladimir,2,,crash every time when open workspace,0,2025.16.1.51488,2025-08-14T20:57:59,Hi there! Thanks for the review. We’re sorry to hear you’re running into issues with Trello. Would you mind reaching out to us on our contact form? We'd be happy to help investigate this with you further -https://support.atlassian.com/contact/,2025-09-25T02:26:24
Trello: Personal Planner App,com.trello,Productivity,1be3c9bc-f33c-44c7-97cd-3bf9b56a890f,Precious Jewel,1,,"losing the my cards ,is the worst update ever",0,2025.16.1.51488,2025-08-12T23:47:54,,
Trello: Personal Planner App,com.trello,Productivity,05c61c21-eb74-4712-91ca-298aedb2f1d1,fanaarysya,5,,Trello keeps my tasks organized and easy to track. The boards and lists are simple yet powerful. It’s an essential tool for productivity.,4,2025.16.1.51488,2025-08-12T00:52:03,,
Trello: Personal Planner App,com.trello,Productivity,7caa9489-600f-47c8-8391-bb340cb37917,Jax Goertzen,5,,"I love this app and I rave about it to everyone. I was so unorganized in highschool, and this has changed my life at college. I have a to-do list with all seven days of the week, plus an eighth column for ""at some point"" tasks. Every assignment that I put on the planner is sorted and tagged, such as being an assignment called ""Essay Draft"" in the Tuesday column, with ""Due Sunday"" and ""English 101"" tags. This app has worked amazing for planning and I can't recommend it highly enough.",5,2025.16.1.51488,2025-08-11T09:59:44,,
Trello: Personal Planner App,com.trello,Productivity,297bf702-1f1a-4bfd-b489-c0551c697c7f,Samson Ugwu,5,,great app to manage your business,0,2025.12.5.49070,2025-08-06T18:39:16,,
Trello: Personal Planner App,com.trello,Productivity,0e39d06f-4a1e-45a5-bf47-1f60b8d31416,Adrian Cope,5,,"My favourite Todo / Tasklist / general ""things I need to get done"" app Pretty slick and intuitive interface, I can race around this much quicker than other apps of this type The free tier provides everything I need The only minor gripe I had, not quite enough to knock a star off, was that I found it a little tricky to restore an archived list but I've only had to do this once and maybe I'll never need to do this again",7,2025.15.3.50730,2025-08-06T17:13:23,,
Trello: Personal Planner App,com.trello,Productivity,52c07ad0-4bcd-4c08-b653-3a5f92a6b7fb,Brandon N,5,,"this app helps me manage so many things myself, or other stuff with a team of people. I love the concept and how easy it is to use.",2,2025.13.3.49072,2025-08-06T15:51:21,,
Trello: Personal Planner App,com.trello,Productivity,ca3c709c-9cc9-46b3-8d65-408e5fea3073,Kimberly Aleguis,5,,"I LOVE this app, very organized, im still learning what other features it does.. I use it for commissions , updates in their commissioned orders , pretty neat!",0,2025.14.2.50173,2025-08-04T02:18:16,,
Trello: Personal Planner App,com.trello,Productivity,e3fff764-8fad-4b43-b68c-0c85745f74d4,Ramy Ashraf,1,,"Have been using trello for almost a decade and loved it, but the forced update on the beta version is just ridiculous as I like the old interface and the new one isn't working for me! There is no option to revert back and this makes me feel i can't rely on it for productivity",6,2025.15.3.50730,2025-08-01T01:26:16,,
Trello: Personal Planner App,com.trello,Productivity,8cbd9e5f-7307-4b03-ac27-a1f8d82d5de7,Stevin Lipp,4,,can you add an option for recurring start & due dates for daily activities?,0,2025.15.3.50730,2025-07-30T06:09:12,,
Trello: Personal Planner App,com.trello,Productivity,edb29753-349a-4f57-afde-3abd123387e6,Jan Dolezal,2,,"I love Trello, but hate the recent UI downlift that wastes vertical space and makes Trello really hard to use for visually impaired people like me who need most of the screen for productive content display, mainly applicable in web and deskktop. Please bring back fullscreen card view and add option to remove the new bar at the bottom of the screen with Inbox, Planner etc).",5,2025.14.2.50173,2025-07-28T19:19:27,,
Trello: Personal Planner App,com.trello,Productivity,99e79b48-7f08-4df1-8391-1a276e5dc19b,Alexandre Lebel,1,,Looks like they're trying to kill Trello with this latest update,3,2025.14.2.50173,2025-07-27T22:09:12,,
Trello: Personal Planner App,com.trello,Productivity,c719e4da-f52d-4f9f-88dc-fe83ed67ef3a,Raena Valentine,4,,"Trello is the most useful task app I've used - and I've tried hundreds. I use it for the video game I'm developing, and I also keep pet records in it for my cat and horse. Everything is neatly organized and plenty of options come with the free plan, but I'm going to sign up for a paid plan to support the devs. The only issue is that the Description field has a very short character limit, so I have to break my information up into multiple cards. Hard to see everything that way.",18,2025.14.2.50173,2025-07-23T19:46:36,,
Trello: Personal Planner App,com.trello,Productivity,2bddfab8-d062-4076-9ac6-9538f0632018,L W,1,,"It's OK, but it bothers me with repetitive signing in. Very often it's logging me off. Please fix it. It's also problem on PC. Really annoying. 2025 edit: After update garbage.",5,2025.13.3.49072,2025-07-21T18:16:18,,
Trello: Personal Planner App,com.trello,Productivity,5095f126-63f9-4217-8105-851d5c57a3af,Sarah Barnes,1,,"Updates in July 25 have wrecked this app. Automations no longer work. Previous workflows are disrupted. The desktop version has been messed around too, the new ""improved"" layout making it impossible to multitask with other apps and turning 1-click tasks into 3-click tasks. Productivity benefits -5.",10,2025.14.2.50173,2025-07-20T19:26:05,,
Trello: Personal Planner App,com.trello,Productivity,4853d154-73df-45f1-bfe3-d0cb29d92747,3G_Printing LLC,4,,It's great for what we need it for. I do wish that members did not have the ability to edit info on the cards and only be able to interact with things such as checklists and moving lists between cards. the tiered system doesn't really make sense if members can do the same things as admin.,1,,2025-07-18T07:09:03,,
Trello: Personal Planner App,com.trello,Productivity,137c87cb-3407-4fb0-86de-7f3eeb1c7811,Flavio,2,,I have probs for create an user,0,2025.14.2.50173,2025-07-18T01:07:07,Hi there! Thanks for the review. We're sorry to hear that you can't add a user to your Trello board/workspace. Would you mind reaching out to us on our contact form? We'd be happy to help investigate this with you further -https://support.atlassian.com/contact/,2025-08-20T15:02:17
Trello: Personal Planner App,com.trello,Productivity,035a3ba0-eb5a-4664-9a49-5230208e66c2,Pauline Nafula,4,,Exeptional,1,,2025-07-17T21:33:31,,
Trello: Personal Planner App,com.trello,Productivity,2f6f1616-0b5a-4b75-a310-12fa9793a703,Andy Simmons,5,,"Update: They fixed it! for my personal use as a to do list, it's great. ... Latest update moved ""copy list"" to the top of the menu instead of ""add card,"" like it used to be. this is incredibly frustrating and almost a deal breaker. I used to be able to add cards quickly on my phone. Now I have to read through the list and make sure I pick the one in the middle. Slows it down a lot. who is making copies of lists so often it needs to be at the top?",56,2025.14.2.50173,2025-07-17T21:22:50,,
Trello: Personal Planner App,com.trello,Productivity,5d6fa8eb-08bf-4cb4-8cb4-d1b0a1e2dd0f,Scott,1,,Trello used to be really good until I updated it. It now keeps saying I dont have access to boards. I create a board and when I go back it isn't there.,3,2025.13.3.49072,2025-07-13T21:54:14,Hi there! Thanks for the review. We’re sorry to hear you’re running into issues when trying to access your Trello boards. Would you mind reaching out to us on our contact form? We'd be happy to help investigate this with you further -https://support.atlassian.com/contact/,2025-07-16T21:13:54
Trello: Personal Planner App,com.trello,Productivity,919853d1-e5c2-454a-a7f9-a4960f66f47e,Hananissa Carisa Aqila,4,,i highly recommend this app! it's easy to use and organize tasks. btw i think if it provides maybe... pomodoro or timer so we can track our duration of doing the tasks can be more useful too,1,2025.13.3.49072,2025-07-12T14:12:47,,
Trello: Personal Planner App,com.trello,Productivity,abdd4c77-9713-4ac3-9523-e48a81f7bcee,Nehemiah Matthew,5,,"This app is the best, I love every feature it was actually recommended by my coach and it has increased my productivity.",0,,2025-07-12T02:28:12,,
Trello: Personal Planner App,com.trello,Productivity,7d6ee1c4-c402-40a5-82d4-40dade3a677a,Bunny Brunel,4,,Hard to create an account. You have to open the website and it's too hard.,0,,2025-07-08T05:01:02,,
Trello: Personal Planner App,com.trello,Productivity,fc42e3d7-cd41-465a-a2b5-ec309ef4a195,Rktect,5,,it increases our work efficiency thank you trello team,0,2025.13.3.49072,2025-07-06T01:41:30,,
Trello: Personal Planner App,com.trello,Productivity,bd4e7815-1e9b-48fe-b125-3d7e57612362,Sultan Shaikh,5,,best 😍🙌,0,,2025-07-04T22:29:42,,
Trello: Personal Planner App,com.trello,Productivity,814cae41-6ae0-4cad-aeb8-6c607f25b99d,Gnlpsmff 2008,4,,I want the writing in boards to be like it is on the site on the computer.,0,2025.11.4.47085,2025-07-01T02:03:33,,
Trello: Personal Planner App,com.trello,Productivity,9acc124e-5bac-47cc-8441-6f3a7ee9671b,Aj R,1,,"Wow! An update for ""rounded cards and lists""! So sad to see this go the way of gmail, with needless UI updates; an exercise in busywork for devs, a need to ""keep it fresh"" and ""innovate"", much ado about nothing. Change for the sake of change is bad. 1 star: new desktop version is utter garbage, at-a-glance data and controls are gone, expecting the same is hidden here. Won't know, never updating again. So many good apps getting awful UI updates ruining them.",4,2025.12.4.48485,2025-06-26T04:24:29,,
Trello: Personal Planner App,com.trello,Productivity,2d534590-4b0e-42e6-b407-f4f52b5fda9e,Md. Rasel Ali,1,,"This app is not phone friendly. Very slow. Not just slow, more than slow. If you need to do something urgent on the phone, you can't do it. Very frustrating.",4,2025.12.5.49070,2025-06-22T09:50:03,"Hi there! Thanks for the review. We’re sorry to hear you’re running into issues with Trello. Please try out these troubleshooting steps: https://support.atlassian.com/trello/docs/troubleshooting-for-the-android-app/. If the issue persists, you can reach out to us on our contact form: https://support.atlassian.com/contact/. We'd be glad to help!",2025-06-27T15:27:05
Trello: Personal Planner App,com.trello,Productivity,bc8e56b8-a11a-4574-aabc-2cff50b89dbe,RICARDO ABA,3,,Is it still not possible to filter cards by label in the latest version of Android? This should be a must-have.,3,2025.12.4.48485,2025-06-18T10:09:44,"Hi Ricardo - thanks for the review! You are able to filter by labels, but it requires a special character. Use ""#"" before your term to filter by label. For example, using ""#weekly"" will filter the board to only show cards with the label ""weekly"".",2025-06-20T19:51:38
Trello: Personal Planner App,com.trello,Productivity,ae1d44dd-e46a-4584-b7d5-d732d6635fc9,Sarah Magnuson,2,,this app was useful until the latest update and now I'm getting a message saying that I'm not authorized to access any of my boards and to contact my board admin even though I'm the only one that should have access to them,4,2025.12.4.48485,2025-06-17T21:55:59,Hi there! Thanks for the review. We’re sorry to hear you’re running into issues with Trello. Would you mind reaching out to us on our contact form? We'd be happy to help investigate this with you further - https://support.atlassian.com/contact/,2025-06-27T14:58:20
Trello: Personal Planner App,com.trello,Productivity,ac593094-17e3-4083-a860-135581f26464,New World Arise,3,,Can't copy information into a description box because the little green checkmark never appears so I can't save the information.,2,2025.11.4.47085,2025-06-16T09:35:42,"Hi there! Thanks for the review. We’re sorry to hear you’re running into issues with Trello. Please try these troubleshooting steps: https://support.atlassian.com/trello/docs/troubleshooting-for-the-android-app/. If the issue persists, please reach out to us on our contact form - https://support.atlassian.com/contact/",2025-06-27T14:49:41
Trello: Personal Planner App,com.trello,Productivity,70ee9207-0623-4652-97f1-3d748fb2ea4f,Akash Shah,5,,This app is very helpful in managing projects. Thankyou Trello Team,0,2025.12.4.48485,2025-06-14T21:47:46,,
Trello: Personal Planner App,com.trello,Productivity,7b35a045-bb71-4ff3-8783-abf90751c780,Becky Golubski,5,,great,0,2025.8.2.45100,2025-06-13T21:08:36,,
Trello: Personal Planner App,com.trello,Productivity,b0b105ed-5a0d-4099-a12d-447ee1cc1449,Cartoony header,5,,"Nice app, I like how customisable almost everything is. It increased my productivity and efficiency x2 times.",2,2025.11.4.47085,2025-06-10T17:38:19,,
Trello: Personal Planner App,com.trello,Productivity,a60ca9d5-36a1-4677-8b14-b81a7fdc5f8f,Ghazal Jamali,3,,Lovely but there is an issue with the app that I need to login everytime I open it The web version works fine though.,1,2025.11.4.47085,2025-06-08T15:01:24,Hi there! Thanks for the review. We’re sorry to hear you’re running into issues with Trello. Would you mind reaching out to us on our contact form? We'd be happy to help investigate this with you further - https://support.atlassian.com/contact/,2025-06-27T14:47:27
Trello: Personal Planner App,com.trello,Productivity,a6368780-4d50-4a61-900b-0320c48430ee,Peter Mikolaj,1,,"Nonsensical widget sorting. Why would you sort alphabetically? The main point of the board is ordering. It's completely ignored in the widget. Useless. It worked before, who came up with this??!",6,2025.11.4.47085,2025-06-05T14:24:11,,
Trello: Personal Planner App,com.trello,Productivity,57594c27-7cd5-40c6-83c8-a11a2b7cdf3a,Wilson Loren,5,,Awesome platform. Thank you 😊,0,2025.11.4.47085,2025-06-04T16:15:10,,
Trello: Personal Planner App,com.trello,Productivity,a9d68be0-4be6-466d-89ec-2f0ee8a3a57a,John Mustard,1,,can't login,0,2025.10.2.46502,2025-06-02T22:27:02,,
Trello: Personal Planner App,com.trello,Productivity,62e2d340-1fff-4dda-8e4b-35e835139056,Barsha Sarkar,4,,nice app,0,2025.11.4.47085,2025-06-02T07:20:07,,
Trello: Personal Planner App,com.trello,Productivity,4c3dcab6-b970-4bcb-8fec-8793e2885500,Rebecca Thompson,1,,"I loved this app. Today the app stopped syncing. I cleared the cache, reinstalled and completely lost access. The login screen would open a web browser, would take at least 2 tries then wouldn't log into the app. No way to get support. It wouldn't even let me ask a question in the community, just looped me through endless logins that always took me back to my home page. I know I'm on the free version but no customer support at all is a terrible business decision.",74,2025.10.2.46502,2025-06-02T06:28:32,"Hi there! Thanks for the review. We’re sorry to hear you’re running into issues with Trello. Please try out these troubleshooting steps: https://support.atlassian.com/trello/docs/troubleshooting-for-the-android-app/. If the issue persists, you can reach out to us on our contact form even when not logged in - https://support.atlassian.com/contact/.",2025-06-27T15:03:13
Trello: Personal Planner App,com.trello,Productivity,c04abf6d-85fc-4b01-baa0-1e609cd730b8,Blood Stain Games,5,,"one of the best apps to organize your work , the smooth UI and the features make this app unbelievably awesome , congratulations to the developers.",2,2025.11.4.47085,2025-06-01T01:41:03,,
Trello: Personal Planner App,com.trello,Productivity,b33a9265-49da-46a1-86ec-114bd9c7db25,Kamil Nowacki,5,,Amazing app and product. Great for solo usage to organize your life. I use it every single day and I am really enjoying the overall quality and features.,4,,2025-05-31T06:47:31,,
Trello: Personal Planner App,com.trello,Productivity,9b45c6b1-05cd-416f-9501-9eedc5a5d481,Seun Gesi,1,,not able to log in on Samsung Tab S9. tried both Google and email sign in. don't understand why,1,2025.10.2.46502,2025-05-27T17:59:21,,
Trello: Personal Planner App,com.trello,Productivity,f9d678b9-0de2-426d-8f37-b83eb66fc25a,Lori Grapentine,3,,"New Trello features, including Inbox, are useless because they're not available in the mobile app. I add the majority of my new tasks via the mobile app ""Add card"" widget. The new Trello Inbox is not an available option for where to put a new task using that widget. Also, if I add something to the new Trello Inbox on my laptop, I can't see it at all in the mobile app.",6,2025.10.2.46502,2025-05-25T20:58:38,"Hi there! Thanks for leaving a review! You should be able to access any cards you've added to Inbox through our Android app, could you reach out to us at https://support.atlassian.com/contact? We'd love to look into what's happening here and see what we can do to help!",2025-05-30T14:29:56
Trello: Personal Planner App,com.trello,Productivity,bd27ca2a-2b4a-46b3-8649-e34394f6ca00,I I,5,,"great app.. if u like to be organized, this is the app for u.",0,2025.10.2.46502,2025-05-23T15:21:15,,
Trello: Personal Planner App,com.trello,Productivity,4f580aa6-730f-4ae5-a5fe-799e937d13df,Pat Barrow,2,,have no clue about this app. never requested it. 🤔,1,2025.10.2.46502,2025-05-23T01:41:00,,
Trello: Personal Planner App,com.trello,Productivity,1ccb5263-b214-4667-a694-7298b8667404,Rick *Optimus Prime* Bell,5,,Very helpful,0,2025.10.2.46502,2025-05-22T09:28:33,,
Trello: Personal Planner App,com.trello,Productivity,b65e1218-6e80-4f23-97ff-411008195bc4,Muhammad Rohail T.,4,,"Great project management and personal task management tool, but it stucks on mobile devices.",0,,2025-05-22T05:04:29,,
Trello: Personal Planner App,com.trello,Productivity,3a294a52-4673-4d03-a966-8b46a15f248d,leandri wolmarans,1,,"I love Trello, but works best on PC. App is bit unresponsive, and slowed down my phone. I might have had too many boards. Anyway will try app again after a few months to see if the updates addressed this issue.",2,,2025-05-21T08:19:56,,
Trello: Personal Planner App,com.trello,Productivity,43b7c3b8-bae8-4d7a-82e9-c9286d3e24e7,Raka Cakra,4,,"This app is nice overall, but every I scroll down a card and scroll up again make it glitch and unable to go up without back to board and click the card again.",1,2025.10.2.46502,2025-05-21T07:37:20,,
Trello: Personal Planner App,com.trello,Productivity,1bb2b9c6-f257-4e7a-8935-fe23da35ff98,Poulami,2,,Is the app 150 years old? Because it sure acts like one. :/,0,2025.9.2.45264,2025-05-19T00:24:25,,
Trello: Personal Planner App,com.trello,Productivity,7fc23c2f-e9df-46e8-b27b-f7b6d3d0d129,Dahna Knight,5,,Amazing app for productivity,0,2025.9.2.45264,2025-05-18T16:37:41,,
Trello: Personal Planner App,com.trello,Productivity,8e9d8e2f-d450-46a0-835c-41df43438589,Hassam Khan,3,,"I use the browser, but the application is there for good use, but once the screen is taped elsewhere, then your work, if not saved, goes too.",1,2025.6.2.43021,2025-05-15T20:21:31,,
Trello: Personal Planner App,com.trello,Productivity,049b9dc9-5d50-458d-ba42-8724ac10e745,Dale Jeffree,4,,"its easy to use. The ability to have multiple users access to the one board makes project management easier too. Occasionally I have trouble with the camera not uploading photos and when I go back to the app I have to take the photo again, I'm not sure if this issue is from the last update or when ColorOS updated.",3,2025.9.2.45264,2025-05-12T10:10:32,Hi there! Thanks for the review. We’re sorry to hear you’re running into issues with Trello. Would you mind reaching out to us on our contact form? We'd be happy to help investigate this with you further - https://support.atlassian.com/contact/,2025-05-13T19:06:49
Trello: Personal Planner App,com.trello,Productivity,5b519ca8-d549-46db-a141-7f8622a850c5,Shivam Shukla,5,,best app ever for productivity and managing events,1,2025.9.2.45264,2025-05-08T21:55:41,,
Trello: Personal Planner App,com.trello,Productivity,8f09e19c-7521-4771-bbb7-5afe41d6d813,A Y,1,,"If you connect a keyboard to your android device the up and down arrow keys don't move through the text, they just jump out of the text box and select other parts of the app. This seems like a really big oversight for a productivity app. When I'm actually using it to be productive it fails me.",38,2025.8.2.45100,2025-05-08T06:57:05,Hi there! Thanks for the review. We’re sorry to hear you’re running into issues with Trello. Would you mind reaching out to us on our contact form? We'd be happy to help investigate this with you further - https://support.atlassian.com/contact/,2025-05-12T19:40:36
Trello: Personal Planner App,com.trello,Productivity,475482f4-297e-4a31-aae3-049be6d5af34,Sky Lithion,1,,"sub zero user experience. they're constantly making changes that negatively impact work flow, and burying useful features. you're better off using post-it notes and messenger pigeons at this point.",9,2025.8.2.45100,2025-05-05T23:38:46,,
Trello: Personal Planner App,com.trello,Productivity,105c14e7-3614-4fab-8ac3-83dd3aadd5c5,Baloo II,5,,"Overall very good. It does not display notifications, which is a major shortcoming [update] Well, they are pretty responsive. Some sort of hotfix already went out and I'm now I'm getting all the notifications. Many thanks.",4,2025.8.2.45100,2025-05-03T18:27:33,Hi there! Thanks for the review. We’re sorry to hear you’re having issues receiving notifications while using Trello. Would you mind reaching out to us using our contact form? We’d be happy to help investigate this with you further -https://support.atlassian.com/contact/,2025-05-03T05:01:30
Trello: Personal Planner App,com.trello,Productivity,90713644-eeae-486d-828d-32a7da00bd79,Lack Tajj,4,,too hard to make notes,0,2025.5.5.42133,2025-05-02T20:07:57,,
Trello: Personal Planner App,com.trello,Productivity,b0c61974-c890-4714-b69e-b02dd5eb9fce,1,1,,"The parent company Atlassian has no way to be contacted for support, they DONT respect privacy and actively BLOCK the use of all email alias services so you are at risk of data leaks and spam, they also don't encrypt your data so all their staff can see everything you have uploaded, I'll be looking to migrate all my data off Atlassian products like Trello, then uninstall & delete my account to go elsewhere. I expected better from co-founder Mike Cannon-Brookes.",4,2025.8.2.45100,2025-04-28T11:13:39,,
Trello: Personal Planner App,com.trello,Productivity,4be32f63-c893-4a17-8c42-80c1afd838f0,Haylee Hauff,1,,"so many problems recently, now my shopping list has been archived after fighting with the app to get it transferred to a different board",1,2025.8.2.45100,2025-04-25T20:19:04,Hi there! Thanks for the review. We’re sorry to hear you’re running into issues with Trello. Would you mind reaching out to us on our contact form? We'd be happy to help investigate this with you further - https://support.atlassian.com/contact/,2025-05-03T04:50:00
Trello: Personal Planner App,com.trello,Productivity,ac615a5e-fdea-49d8-b9a3-953e1c06ac07,Ahmed Khaled,1,,"i don't recommend this app at all , always with massage "" Something went wrong while attempting to validate your credentials. "" always !!! i had hard time to sign up than it worked even with the same info and pass so it's not problem in them , than had hard time to login witg the same massage !!! so i had to delete my account even when i was just starting using the app !!!",4,2025.8.2.45100,2025-04-24T22:43:23,Hi there! We’re sorry to hear you’re running into issues with Trello. Would you mind reaching out to us on our contact form? We'd be happy to help investigate this with you further - https://support.atlassian.com/contact/,2025-05-03T04:49:10
Trello: Personal Planner App,com.trello,Productivity,17bdf024-46d8-4257-a937-07a368ebb0c4,Yanyan Chin,4,,"I enjoy using the Trello as a digital platform for the workplace. however, recently I got an experience of a system bug at notification, the words become vertically arranged by each alphabet, it is a bit annoying when I want to check on the notification in quick time.",0,2025.8.2.45100,2025-04-23T20:03:10,Hi there! Thanks for your review. We're sorry to hear about the issue you're running into with the app notifications. Would you mind reaching out to us on our contact form? We'd be happy to help investigate this further: https://support.atlassian.com/contact/.,2025-05-03T04:59:21
Trello: Personal Planner App,com.trello,Productivity,c666cd4e-ca89-4bbe-a2dc-cfdf0aab8c72,A B,2,,"Trello has forced a new ""Completed status on card fronts"" on all boards. It defaults to ON and displays a useless bubble next to all cards on all boards. Even with off, it now shows in the card's expanded view. What is the point of such a feature on a Kanban board? The whole point is to move the card to a different column when it's completed, I think whoever is in charge of design hasn't RTFM. Things were fine but now they're adding and changing things which is does not bode well for long term.",8,2025.8.1.44655,2025-04-22T08:15:07,,
Trello: Personal Planner App,com.trello,Productivity,c2f540b2-ce14-4251-a084-12bf5885eab3,T M,4,,"great so far, no complaints!",0,2024.24.2.36130,2025-04-18T02:55:58,,
Trello: Personal Planner App,com.trello,Productivity,6e7bb6df-77c8-468b-ad2b-d15f2d00101a,Jules O'Guin,1,,"BUG REPORT: I am updating my review here simply because there is no way to submit a bug report when you're using the free version of Trello. THIS IS A BUG REPORT. Device: Samsung S8, Android 9 Bug: Cannot PASTE into comments in cards. Description: Opening Trello on Samsung S8 running Android 9, opening board, then a card, scroll down to the bottom of the card to add a comment, comments can now only be hand typed in, long pressing to pull up the ""paste"" option doesn't function.",11,2025.8.1.44655,2025-04-17T19:30:10,"Hi there! We’re sorry to hear you’re running into issues with Trello. We've released a new update that's already available on the Play Store that has fixed this issue you've been experiencing while using the Trello app. If you're still experiencing issues after installing the update, please reach out to us at https://support.atlassian.com/contact/.",2025-05-06T01:25:19
Trello: Personal Planner App,com.trello,Productivity,68a90da3-bffb-4ec1-a377-f3fd56ded907,frosty cheese,1,,"ever since i update it, it doesn't want to sync or upload the image and change covers with wifi connections anymore. it works with mobile data though but why would i want to use a mobile data when i have wifi connection 24/7. FIX IT",1,2025.7.3.43372,2025-04-15T19:14:34,Hi there! Thanks for the review. We’re sorry to hear you’re running into issues with our app. Would you mind reaching out to us on our contact form? We'd be happy to help investigate this with you further -https://support.atlassian.com/contact/,2025-04-17T19:23:03
Trello: Personal Planner App,com.trello,Productivity,58f808a3-13a0-49a9-8191-fd70c35aaa57,Parmar Gopal,1,,For login it's send otp to email when go to email and back to app is refreshed and you asked to login again. You are never allowed to login using email pass,1,2025.7.3.43372,2025-04-15T13:45:56,Hi there! Thanks for your review. We’re sorry to hear you’re running into issues when logging into your Trello account. Would you mind reaching out to us on our contact form? We'd be happy to help investigate this with you further -https://support.atlassian.com/contact/,2025-04-29T03:49:02
Trello: Personal Planner App,com.trello,Productivity,3172112a-cea2-4be7-a3b8-bdd9857aa848,Jay Shelton,2,,"The app is called ""Manage Team Projects,"" inferring, they expect multiple users use the same board and cards. It's incredibly frustrating when much of the card info looks completely different for the half of the ""Team"" that has iPhone vs the other half that has Android. Stop using local phone text code and make a hard code for every device to follow so it looks the same regardless of who's using it.",3,2025.7.3.43372,2025-04-14T19:42:36,Hi there! Thanks for your review. We're sorry to hear about your frustration with Trello. Would you mind reaching out to us on our contact form? We'd like to hear more about your feedback and help you with any issues you might be experiencing. You can contact us at https://support.atlassian.com/contact/.,2025-05-03T04:53:44
Trello: Personal Planner App,com.trello,Productivity,c4b46fbc-06c4-45d4-949c-31ba61112abd,Charles King,2,,"can't connect to calendar, done on web version and works fine but doesn't associate on app version even when repeating all the steps to connect a calendar",1,2025.7.3.43372,2025-04-13T15:00:08,Hi there! Thanks for the review. We’re sorry to hear you’re running into issues with Trello. Would you mind reaching out to us on our contact form? We'd be happy to help investigate this with you further -https://support.atlassian.com/contact/,2025-04-15T13:33:37
Trello: Personal Planner App,com.trello,Productivity,1b38ee95-e323-4d28-8f40-f5cf6ca9076f,Mhmd Aqel,5,,"I've been using Treelo on the web and app for years. It's simple, customisable, and just works.",1,2025.7.3.43372,2025-04-12T20:38:18,,
Trello: Personal Planner App,com.trello,Productivity,003da9ac-9925-4dfa-bf1b-9684201b2f51,Amr Khaled,5,,The best 👍👍,0,2024.16.1.28278,2025-04-12T04:06:57,,
Trello: Personal Planner App,com.trello,Productivity,18c47f52-e5d3-4eef-89db-32b64cf55ad1,Felipe Sandoval Skirrow,5,,Please add long press on save check mark add another,1,2025.7.3.43372,2025-04-07T03:09:35,,
Trello: Personal Planner App,com.trello,Productivity,f647fcde-e4cf-4422-b0f7-1235661209b7,Kai-Jie Shao,4,,OK!!!,0,2025.7.3.43372,2025-04-06T16:29:35,,
Trello: Personal Planner App,com.trello,Productivity,edbdb059-792f-498f-8c3d-f0fe75be375d,Durga Prasad,4,,"Very Useful, Need Minor changes. Quick Add button (One With ""+"" sign) Should create ""New Card"" instead of ""New Board"". We won't create New Boards as often as New Cards right ? At least make it customisable otherwise.",0,2025.7.3.43372,2025-04-05T12:00:12,,
Trello: Personal Planner App,com.trello,Productivity,fade418e-cbb3-417f-aa9f-ac665fe53b47,Aaditya Chauhan,5,,"Very late, but I've surely realised that trello is better at project management than notion. Thanks team atlassian 🙏.",0,,2025-04-03T14:14:22,,
Trello: Personal Planner App,com.trello,Productivity,39489af2-6bdd-417a-af80-9b44f0916771,Hasnain Muhammad,2,,"always I go for PC to find the old cards, I have many hundred cards in my Trello workspace/boards and I can't find them using their name, please include the search button for cards in Trello for mobiles. Trello web and PC have this feature",1,2025.6.2.43021,2025-04-02T08:14:58,,
Trello: Personal Planner App,com.trello,Productivity,4a7e868d-a2e1-41b2-8d5c-d3bcdf6f84a0,S Ramsey,2,,pacifiable,0,2025.6.2.43021,2025-04-01T12:58:03,,
Trello: Personal Planner App,com.trello,Productivity,5292ee5c-b8ce-426b-a990-06834402043a,Debbie Medina,4,,"I enjoy using this program. I decided to start using it as a notebook for notes. One card per idea. I love the card color options, and the ability to create a notebook cover for each topic. I found a way to make the program management into a note taking management. However, my main concern is when I enter information in the description, even after saving it, it won't always save it in the app. I hope this can be fixed. Now I copy what I type before saving it in case it gets lost.",90,2025.6.2.43021,2025-04-01T01:18:55,Hi Debbie! Thanks for the review. We’re sorry to hear you’re running into issues with saving card descriptions in Trello. Would you mind reaching out to us on our contact form? We'd be happy to help investigate this with you further - https://support.atlassian.com/contact/,2025-04-02T13:17:29
Trello: Personal Planner App,com.trello,Productivity,c5e937df-9c43-4a82-b847-50593986d5b6,Kelly S,1,,If you're not going to let free users ask you questions then MAKE SURE your online help documentation doesn't completely leave out mobile!,0,2020.13.1.14738-production,2025-03-31T03:28:17,,
Trello: Personal Planner App,com.trello,Productivity,72d90b48-009b-4040-a690-2f46848024ca,ReDark Technology,5,,works well and it does give notifications,1,2025.3.3.39630,2025-03-30T08:19:05,,
Trello: Personal Planner App,com.trello,Productivity,bb365a7b-7804-4dfc-af68-6f78e473741b,Rojohn Hernia,5,,Great for productivity and collaborations,0,2025.6.2.43021,2025-03-29T05:36:21,,
Trello: Personal Planner App,com.trello,Productivity,30edfa0c-e21a-4f1d-a1a1-8e4226b9ac23,Sebastian Foster,5,,good,0,,2025-03-27T19:50:35,,
Trello: Personal Planner App,com.trello,Productivity,a0403251-96b3-43e3-93f0-0fc549bde9d2,Mousum Siddique,1,,"Takes a lot of time to load and show new or shuffeled cards... Most annoying, buggy and slow app ever seen in my life...",1,2025.5.5.42133,2025-03-27T09:36:03,Hi there! Thanks for the review. We’re sorry to hear you’re running into issues with Trello. Would you mind reaching out to us on our contact form? We'd be happy to help investigate this with you further -https://support.atlassian.com/contact/,2025-03-31T15:31:43
Trello: Personal Planner App,com.trello,Productivity,12f5a9e5-c546-4451-980f-b79f8f756ff6,J Lengk,5,,Like it,0,2024.23.3.34515,2025-03-27T08:11:43,,
Trello: Personal Planner App,com.trello,Productivity,8abd164a-ecee-4f29-85c1-f637ed782cdd,Vladimir Jansky (Vadio),2,,"Good for startups BUT poor support I was using this app for years but when it gets to expanding business and more requirements I was looking for upgrading. What I need was upgrade for me as the user but they pushing you to upgrade minimally for three users what bumps the price up. When I wrote them about upgrade just for me, didn't get any response..",3,2025.5.5.42133,2025-03-24T16:10:17,Hi there! Thanks for the review. We’re sorry to hear you’re running into issues with Trello. I wasn’t able to locate any ticket under the same name. Would you mind reaching out to us on our contact form again? We'd be happy to help you update your subscription - https://support.atlassian.com/contact/,2025-03-31T15:27:20
Trello: Personal Planner App,com.trello,Productivity,c18b3761-d3b4-4cc3-83fb-b1486cb2c28a,Kim Duffy,5,,"Great app for sewing pattern management. I've had this app on my phone for ages and use it on a regular basis. I love the simplicity of it when organising my sewing pattern info, links to fabrics and suppliers. I've recommended it to all my sewing friends.",3,2025.5.5.42133,2025-03-20T05:01:35,,
Trello: Personal Planner App,com.trello,Productivity,7962518f-a9c6-4f85-91cc-3b360b80643d,lia phulotwat,5,,"Trello has been a game-changer for my team and me! It’s an incredibly intuitive tool for organizing projects and tasks. The board-and-card system is simple yet effective, and I love how customizable it is to fit any project. Collaboration is seamless, with easy ways to assign tasks, set deadlines, and track progress. The drag-and-drop feature is very convenient, and I can easily integrate Trello with other tools I use. Whether for personal projects or team collaboration.",0,,2025-03-15T18:59:22,,
Trello: Personal Planner App,com.trello,Productivity,72bccc68-de47-43d2-a7eb-0100a149634b,Michał Lepczyński,2,,"Vast possibilities but Totally ruined widget because of no control nor any logical pattern to which cards it shows (not closest deadlines, nor top of todo list, no possibility to set that up, why have you even made this widget??) EDIT: found it it's the cards youre assigned to it shows was hard to find that out and it's cumbersome to assign and unassign everytime you mark sth done. Bad job!",3,2025.5.5.42133,2025-03-15T14:37:12,,
Trello: Personal Planner App,com.trello,Productivity,1fc1aa41-1c1b-464f-8ae0-679e258c86df,SHiRoyuki,1,,"Can't login trello account on apps, but website works fine",0,2025.5.5.42133,2025-03-14T10:58:18,Hi there! Thanks for the review. We’re sorry to hear you’re running into issues with Trello. Would you mind reaching out to us on our contact form? We'd be happy to help investigate this with you further -https://support.atlassian.com/contact/,2025-03-31T15:29:38
Trello: Personal Planner App,com.trello,Productivity,3d5e6038-4486-4830-a47a-83b4917774be,Dean W,5,,"Trello on Desktop is GREAT for fast organizing anything, Plenty of great plugins, Phone App integrates well. I got tired of the $13.95 a month THE DRAG AND DROP and SYNC are fine.",1,,2025-03-13T10:20:10,,
Trello: Personal Planner App,com.trello,Productivity,a9643b2c-b6ee-443d-b833-b6e433fa2542,Kelly Stearsman,3,,Lost connection to this forgot password sent to email click that and it says page not available. So I can't log on.,1,2025.5.4.41503,2025-03-11T02:02:00,,
Trello: Personal Planner App,com.trello,Productivity,e09bd747-5aa7-4d3c-b954-61a594deb9d5,56 DEEP,5,,I joined just to see the progress of Jurassic park builder remake 0.1.0 this app gooood,1,2025.5.4.41503,2025-03-08T07:38:41,,
Trello: Personal Planner App,com.trello,Productivity,8bbc8dff-cffb-411d-bc51-4ae4cbd8a95a,Josué Mora,5,,Excelente para organizar,0,2025.3.3.39630,2025-03-06T01:42:26,,
Trello: Personal Planner App,com.trello,Productivity,58cd9b7b-d240-4140-b437-389b4f34e1de,Sam,5,,I love this app! I like how I can customize the cover images and organize lists by date due. It's been extremely helpful for planning and tracking many different college team and business projects over the last couple of years! I highly suggest it to anyone who is looking for a great project planner. It has a slight learning curve to be able to understand how to utilize all of the features effectively but once you get past the initial confusion it becomes essential to your life.,54,2025.4.6.40884,2025-03-06T01:17:58,,
Trello: Personal Planner App,com.trello,Productivity,6b2344a8-a337-4f4e-bdb5-337d9b33b289,Carolyn,1,,Unable to download and log into onto my phone. I already have the app on my tablet. It keeps sending me a link via my email but when I open the link it redirects me to a page that says the previous page is sending you to an invalid url. Therefore I cannot sign into and load the app on my phone,4,2025.3.3.39630,2025-03-05T22:02:17,Hi there! Thanks for the review. We’re sorry to hear you’re running into issues with Trello. Would you mind reaching out to us on our contact form? We'd be happy to help investigate this with you further -https://support.atlassian.com/contact/,2025-03-31T15:28:57
Trello: Personal Planner App,com.trello,Productivity,11d07ca1-1cc9-45a0-bc60-d505ad7c50f8,robin bamford,5,,Handy,0,2024.25.1.36137,2025-03-03T16:49:02,,
Trello: Personal Planner App,com.trello,Productivity,7ec2241d-3b3b-4280-9082-701c7dee3764,Nagarjuna Nagarjuna K N,5,,It will use diploma students for easy programming and any other offices nice app,1,2025.3.3.39630,2025-03-03T10:22:09,,
Trello: Personal Planner App,com.trello,Productivity,b8ef7278-504d-4b16-a3f1-952baf889fe5,Uma Bathy,5,,Really helpful,0,,2025-03-02T03:48:48,,
Trello: Personal Planner App,com.trello,Productivity,638ae92a-b3f9-4f2e-b47d-df49aa7b53f2,Kendra Manager,5,,"I have been using Trello since 2021 it has helped me organize my Business and my freelance projects, I love it and recommend it. 💞💞💞",0,,2025-02-28T19:23:11,,
Trello: Personal Planner App,com.trello,Productivity,c2b88817-e0e5-42ba-a55e-bdc26c3fab37,Rishabh Acharya (Acharyar1sh1),4,,"Add feature to checkbox to select and move multiple cards to other list in same board or other boards, also send marked cards to below when checked to get a better sorting of pending tasks",0,2025.3.3.39630,2025-02-26T20:29:43,,
Trello: Personal Planner App,com.trello,Productivity,f7168421-e11e-46aa-b9cb-0a3b65ae9918,Des Houlihan,1,,Data breach I was not informed of a data breach in July 2024. Not impressed,1,,2025-02-24T04:37:34,,
Trello: Personal Planner App,com.trello,Productivity,2f9e00d2-4777-4b18-86af-911d226e1892,Tenma,4,,"Has a bug at this moment writing this review, it gives you the same notification in the app sometimes 4 times for the same thing, so in the end it looks like you have 22 NEW notifications but actually 5 new ones show up 5 times or so.- 2019",1,2025.4.5.40669,2025-02-22T12:39:00,Hi there! Thanks for the review. We’re sorry to hear you’re running into issues with Trello. Would you mind reaching out to us on our contact form? We'd be happy to help investigate this with you further -https://support.atlassian.com/contact/,2025-03-31T15:23:55
Trello: Personal Planner App,com.trello,Productivity,b27195bb-d319-4e65-a1dc-79b3c550badd,Elliott Hager,3,,"It's good to keep organized. However, there are a few glaring issues that just make it more of an inconvenience to use. The first being that the app is a pain to get to update when a change has been made to a list. Whether that is on the website, desktop app, or another phone. It takes forever and multiple refreshes to get it to pick up the update. The second being the widget. It doesnt update until 50 taps of the update button. Uninstalled and reinstalled and same issue, support is no help.",6,2025.3.3.39630,2025-02-20T19:36:33,,
Trello: Personal Planner App,com.trello,Productivity,7fe7db5a-816a-4180-b62d-2bb753249fd5,gabriel,5,,The feature of automatically split questions from a text in the checklist is MINDBLOWING!,1,2025.3.3.39630,2025-02-19T06:54:51,,
Trello: Personal Planner App,com.trello,Productivity,1c8d98cc-40aa-43e1-b544-0399288b23d0,CK Wong,1,,Heavily bugged. Any button tapped will result in the app closing. This is a critical issue,2,2025.3.3.39630,2025-02-18T15:58:26,"Hi there! Thanks for the review. We’re sorry to hear you’re running into issues with Trello. Can you please try uninstalling and reinstalling the app and see if this fixes things for you?
Would you mind reaching out to us here if you're still seeing this trouble? We'd be happy to help you with this further - https://support.atlassian.com/contact/",2025-02-20T15:12:47
Trello: Personal Planner App,com.trello,Productivity,ebdc7506-4419-43bd-ba36-0be48cd9e0db,Evelyn Salina,5,,Excelente,0,2024.18.1.30382,2025-02-17T22:24:24,,
Trello: Personal Planner App,com.trello,Productivity,0af5eb8f-56ca-413a-93f0-a3b89225ff67,Aqeel Joiya,5,,Rana Irfan ❤️ ❤️ 💖,0,2024.8.20004,2025-02-17T16:26:50,,
Trello: Personal Planner App,com.trello,Productivity,7d2a6e62-5301-4463-89fb-22a05391aa67,Deepthi Ravindran,2,,The interface needs some clarity. Too cluttered,1,2024.7.3.19946,2025-02-16T12:57:28,Hi there! Thanks for leaving a review! Could you please share which features are feeling cluttered? Could you please contact us at https://support.atlassian.com/contact? We'd love to look into this and pass on any feedback to our team!,2025-02-17T14:42:15
Trello: Personal Planner App,com.trello,Productivity,ac43ce4f-056d-48ed-a5ec-82a5ab8c44e9,Patricia Ukayi,5,,Great app!,0,2025.3.3.39630,2025-02-14T21:01:37,,
Trello: Personal Planner App,com.trello,Productivity,91c1a2c7-5232-4f19-8be9-a878e317c95d,Rodnry,1,,Needed for work,0,2024.25.1.36137,2025-02-14T03:27:33,,
Trello: Personal Planner App,com.trello,Productivity,6f687f21-17ad-49fd-9218-9b17b5a5ec07,AZZEDDINE BOURAS,5,,Perfect,0,2025.3.3.39630,2025-02-13T20:43:44,,
Trello: Personal Planner App,com.trello,Productivity,eb0fe813-f630-4d6c-99b1-4bc4d9aafa25,Edvinas Kveselys,1,,"Impossible to log in via email. After pressing log in, browser opens, I select account, app reopens with log in screen and nothing more happens",2,2025.3.3.39630,2025-02-11T06:11:54,,
Trello: Personal Planner App,com.trello,Productivity,24b5db3b-a49f-4a38-9a87-fa1545cf58a6,Kitty Kat,5,,I havent used this app in do l ong and im glaf i got bavk on it.,0,2024.1.1.12645,2025-02-10T10:28:50,,
Trello: Personal Planner App,com.trello,Productivity,45cdeba3-8969-4ee0-9033-52dede01637a,Ernest Vardanian,5,,"Easy to use, good ux",0,2025.2.0.37751,2025-02-10T05:41:15,,
Trello: Personal Planner App,com.trello,Productivity,54278d26-e044-49bf-8051-88dfb7b0314e,V W,4,,"Works well, and it's especially useful to be able to synchronize boards so they can be used offline. Have just noticed that the app reports ""there are no apps on your device that can open this link"" for links in cards even if the link is to a card on the same board that I'm already looking at in the app. Might be a tricky one to fix, but it'd be helpful for it to recognise that it's a trello link and just open the linked card.",16,2025.2.0.37751,2025-02-09T12:30:14,,
Trello: Personal Planner App,com.trello,Productivity,5e8a0900-d30c-42a1-8bd1-7d25573b5cd9,Giulia Aveta,4,,"URGENT FIX KEYBOARD BUG please my device is a Samsung Galaxy S8 idk if it's just because it's too old lol it's impossible to fix I even tried to force stop, clear cache etc PLEASE thanks <3",0,2025.2.0.37751,2025-02-09T06:38:45,,
Trello: Personal Planner App,com.trello,Productivity,0b1e5c44-d2f0-408a-8e78-90ae52876c96,G J Mor,2,,"Fine enough for some things but can't seem to filter boards to only show cards you've joined within the app, filter is just a search of assumedly card title",1,2025.2.0.37751,2025-02-06T14:07:13,"Hi there! Thanks for the review. You can filter a board for cards assigned to you by using your tag username as a filter option. Or use the Cards tab in the app to check cards among all boards. If you have more questions, we'd be happy to help if reach out to us on our contact form - https://support.atlassian.com/contact/",2025-02-07T16:59:59
Trello: Personal Planner App,com.trello,Productivity,f3a20e74-521b-437e-93e1-b4d543484bce,Blake Chase,5,,Used this for practically everything for many years. The interface is all you could wish for. It's simple but that's what makes it downright the best.,2,2025.2.0.37751,2025-02-05T10:57:49,,
Trello: Personal Planner App,com.trello,Productivity,4284776f-2b51-45fd-bfac-100ea8d15f07,Hatsumi Uzumaki,3,,Data breach issues.,1,,2025-02-05T00:03:49,,
Trello: Personal Planner App,com.trello,Productivity,9ef7c262-a916-4547-a801-e668f1994f2f,Lt_Lefty15,5,,"A very good organization app. I primarily use it for my to-do lists and organizing other personal info, but I have also used it to collaborate with my friends/colleagues on some personal projects. My only gripe is that formatting the descriptions of cards on the mobile version is different than on the Web version, and any formatting you do on the mobile version will not appear correctly on the Web version. But aside from that, it is a great app.",207,2025.2.0.37751,2025-02-04T22:19:13,,
Trello: Personal Planner App,com.trello,Productivity,bb1caae1-dd30-4222-8f0b-46e3b2307929,Sean Sequeira,1,,"I tried using Trello to stay organized, but as a beginner, I found it more complicated and confusing than helpful. While I can see how it might be efficient for some, the interface and features felt overwhelming rather than intuitive. Simple tasks ended up taking more effort than just writing things down. I personally prefer traditional notes as they're quite simple to understand and finish off task",14,2025.2.0.37751,2025-02-04T21:07:40,,
Trello: Personal Planner App,com.trello,Productivity,97783f68-5f02-4e0a-9431-3944a4eb3601,Valentin Jacot-Descombes,2,,Get logged out everyuse... then I have to login over altasian website evytime,0,2025.2.0.37751,2025-02-04T02:53:41,Hi there! Thanks for the review. We’re sorry to hear you’re running into this trouble with Trello. Would you mind reaching out to us on our contact form? We'd be happy to help investigate this with you further -https://support.atlassian.com/contact/,2025-02-05T19:32:10
Trello: Personal Planner App,com.trello,Productivity,5747df24-557c-4f6f-93e3-584d8a284d35,Ana María Díaz López,5,,I love the boards and I really like personalize it with images!,0,,2025-02-03T09:12:23,,
Trello: Personal Planner App,com.trello,Productivity,f585d461-0149-4322-ad91-1ecb633a05af,Steve Zywica,2,,"This app might have the absolute worst implementation of notifications I've ever seen. Why can't I set custom notifications for specific days, times, repeat intervals? Or have the ability to have certain cards that have been moved to a certain category reset to the beginning after the days end?",9,2025.2.0.37751,2025-02-02T13:40:56,Hi there! Thanks for the review. We’re sorry to hear you’re running into issues with Trello. Would you mind reaching out to us on our contact form? We'd be happy to help investigate this with you further -https://support.atlassian.com/contact/,2025-02-03T17:16:02
Trello: Personal Planner App,com.trello,Productivity,f4e3d0a7-b0d0-4358-8824-24338006f9b4,Karl Brouillette,5,,I have been using it for years and it's help me stay on track. Great simple tool.,0,2025.1.1.36683,2025-01-23T08:07:17,,
Trello: Personal Planner App,com.trello,Productivity,705bb6b3-5bf6-4b1b-88e7-017161b8fb7c,Victor Cold,1,,"Horrible experience in the last few months on both web and mobile. Too many bugs, data is constantly lost. You click edit on a comment and it shows you old version that is totally different, items dissapear randomly from check lists, constantly sync errors in a queue, unbelievable. I use Trello for more than 5 years and it's only getting worse and worse with each update.",28,2025.1.1.36683,2025-01-22T12:18:19,Hi there! Thanks for the review. We’re sorry to hear you’re running into issues with Trello. Would you mind reaching out to us using our contact form? We’d be happy to help investigate this further: https://support.atlassian.com/contact/. Thank you!,2025-01-25T02:51:26
Trello: Personal Planner App,com.trello,Productivity,bfb1249c-9fc1-4c4b-bcf2-b827a6ee4d74,Dmitri,4,,Awesome BUT fix 2 bugs: new update on mobile I am no longer able to tap and hold to select text in the title of a card + when editing a long card card description the screen shifts half way up and I can not see what I am typing. Will update to 5 star when fixed.,2,2025.1.1.36683,2025-01-20T18:43:05,Hi there! Thanks for the review. We’re sorry to hear you’re running into these two issues with Trello. Would you mind reaching out to us using our contact form? We’d be happy to help investigate this further: https://support.atlassian.com/contact/. Thank you!,2025-01-25T03:01:02
Trello: Personal Planner App,com.trello,Productivity,5176cc08-fe81-44e7-a19e-ed1c55b7b922,Alberto Finora,1,,"It doesnt work on my tablet, there are issues with the login",1,2025.1.1.36683,2025-01-20T17:34:28,,
Trello: Personal Planner App,com.trello,Productivity,697089d2-9ccf-422a-a0ef-f1f35b6e8e12,Bryan Fox,3,,"For such a simple app, it's so bloody slow. And the interface is quite mediocre.",1,2025.1.1.36683,2025-01-19T14:31:18,"Hi there! Thank you so much for your feedback! I’m sorry to hear you didn’t have a great experience with our app. Please get in touch with us at https://support.atlassian.com, and we’ll be happy to discuss these points of feedback you have.",2025-01-25T02:57:37
Trello: Personal Planner App,com.trello,Productivity,cd363f0f-fc9b-40dd-863a-f9b4da721c70,koumouts,5,,Easy to use!!,0,2024.15.2.27100,2025-01-18T19:36:17,,
Trello: Personal Planner App,com.trello,Productivity,b8a74395-470d-4840-8960-258b2948477f,Ahad,1,,I have to login every time I enter the app!,1,2025.1.1.36683,2025-01-17T21:23:27,Hi there! Thanks for the review. We’re sorry to hear you’re running into issues with Trello. Would you mind reaching out to us using our contact form? We’d be happy to help investigate this further: https://support.atlassian.com/contact/. Thank you!,2025-01-25T02:51:59
Trello: Personal Planner App,com.trello,Productivity,4141647f-2d50-42ba-92bf-213381ebc0a6,Nadine Loginova,1,,"once installed, the app doesn't open, very frustrating",0,2025.1.1.36683,2025-01-17T02:44:27,Hi there! Thanks for the review. We’re sorry to hear you’re running into issues with Trello. Would you mind reaching out to us on our contact form? We'd be happy to help investigate this with you further - https://support.atlassian.com/contact/,2025-01-18T03:20:41
Trello: Personal Planner App,com.trello,Productivity,adcfcf54-4485-4842-9a88-0e950d1adb4f,Rakshita Uppar,1,,Im getting issue in log in,0,2025.1.1.36683,2025-01-16T20:15:02,Hi there! Thanks for the review. We’re sorry to hear you’re running into issues with Trello. Would you mind reaching out to us on our contact form? We'd be happy to help investigate this with you further - https://support.atlassian.com/contact/,2025-01-18T03:17:44
Trello: Personal Planner App,com.trello,Productivity,6065a4af-7631-4bd8-b482-5a58a33810aa,Joan Bell,5,,"Simple, practical and fun. Organize your biz and your life with ease. And in 2025 ( 9 years on) Trello jusk keeps getting better.",0,2025.1.1.36683,2025-01-15T04:56:29,,
Trello: Personal Planner App,com.trello,Productivity,3f6fcbb8-039d-4fee-bf0d-272aed04e90e,Malou de Joya,5,,"I use this app to organize my life, from personal to work and for everyday general things. So easy to use and definitely saves me time coordinating via email or text. For the visual type of person, this app is for you! I'm about to install the new update and I hope one review I just read won't happen to me, which is to lose my valuable data. More power guys!",17,2024.25.1.36137,2025-01-14T17:16:21,,
Trello: Personal Planner App,com.trello,Productivity,85e614c0-520c-4f31-9502-9dbed3c0a487,Jacqueline Solorzano,5,,The best of the best board app. Thank you Trello Team!,2,2024.25.1.36137,2025-01-14T08:56:26,,
Trello: Personal Planner App,com.trello,Productivity,11cd2a39-606e-4522-9dee-8d7ae501bb7a,Michael Virata,5,,Y'all should pay me for how many people I got to use it!,0,2024.25.1.36137,2025-01-14T01:53:37,,
Trello: Personal Planner App,com.trello,Productivity,b1e07fc2-e5e9-4124-ba18-ff3bf021756e,Nino Nocita,4,,Pretty good at managing items. Text editing ui could use some work - the cursor jumps to a random part of the text field which is outside the visible editing area. Multi board support is good. Would be nice for mobile to support markdown features (e.g. - [ ] for checkboxes but the built in checklist feature works ok).,5,2025.1.1.36683,2025-01-13T22:22:54,,
Trello: Personal Planner App,com.trello,Productivity,c39f1fd3-8e09-4206-a007-f43305ef0d2d,Dźwiedziu Dziadzio,1,,Logging in with a Google account present on the device does not work. The app forces login trough the browser.,0,,2025-01-12T20:57:02,Hi there! Thanks for the review. We’re sorry to hear you’re running into issues with Trello. Would you mind reaching out to us on our contact form? We'd be happy to help investigate this with you further - https://support.atlassian.com/contact/,2025-01-18T03:19:16
Trello: Personal Planner App,com.trello,Productivity,840445a3-550e-47f9-bfaf-cb9cc10cae4b,BADRELDIN SHARIF (Badrderry),4,,Good program only need : 1. need to add the Arabic language 2. Need to improve task completion,1,2025.1.1.36683,2025-01-11T10:32:14,,
Trello: Personal Planner App,com.trello,Productivity,43a1135a-72bf-46f8-abc5-31bd324deece,vikramaditya saini,5,,"Simple and easy to use, very efficient",1,2024.25.1.36137,2025-01-11T07:33:29,,
Trello: Personal Planner App,com.trello,Productivity,a46c407f-e9e1-4244-af0f-fed46de30970,catherine lutchman,5,,"Trello is extremely useful for task management. The mobile app runs smoothly and has all the necessary functionalities carried over from the website version, which is more than what can be said for the competition. It's easy to use and has become one of my vital tools that I use every day.",8,2025.1.1.36683,2025-01-11T01:04:13,,
Trello: Personal Planner App,com.trello,Productivity,ad138ff2-cf97-48f1-bfcf-16371ceaf144,alam zaib,5,,amazing workplace,0,2024.25.1.36137,2025-01-11T00:24:06,,
Trello: Personal Planner App,com.trello,Productivity,300c1024-d37d-4a4c-a435-ebd808f9ab30,Rasul Hosseini,5,,Please add an option in order to add sound to a card. So i can play it from card in the list view. Its necessary for us. Thanks,0,2025.1.1.36683,2025-01-10T20:24:04,,
Trello: Personal Planner App,com.trello,Productivity,8d77a3e4-320b-4f39-8abb-15caf020a5c9,Neels Malan,5,,"Fantastic! Intuitive, user friendly, practical!",0,2024.25.1.36137,2025-01-10T11:22:57,,
Trello: Personal Planner App,com.trello,Productivity,ba08fd57-751a-43c3-92c7-897dd6b78bc9,Jaroslav Nesterov (atomofiron),5,,not bad,0,2024.25.1.36137,2025-01-09T23:03:34,,
Trello: Personal Planner App,com.trello,Productivity,003d8a40-4e85-47b0-b9b0-f90c0a88c4c1,Byron Thurman,5,,This has become one of my favorite Todo list apps simply because I can create a workflow.,0,,2025-01-09T09:51:17,,
Trello: Personal Planner App,com.trello,Productivity,dc6552f2-e166-41c7-aeeb-50b76b211f74,Treacherous Noob,5,,"Quite an organised, user-friendly app. I can see why it's the perfect wiki spot for Roblox games. Great work, hope to see fantastic updates in the future. (I'm definitely using the app for game wikis, not business stuff 😭).",6,2025.1.1.36683,2025-01-09T01:17:59,,
Trello: Personal Planner App,com.trello,Productivity,e0823eea-fbc1-4038-84c6-ef6cb582cfcf,Robert G,3,,"Login on the app via email is awful. For those who still look for a solution, get Chrome and set it as default browser. Once done, open the app again and login. This should work.",1,2024.25.1.36137,2025-01-08T04:19:17,,
Trello: Personal Planner App,com.trello,Productivity,68b75b38-5b06-4b04-b7c4-4b3333a09a4c,Amir Hossein Sedaghat Mand,4,,Excellent app for planning and managing teamwork but i give it 4 because the mobile version has some limits in using power ups If i could use more power ups it would be better.,1,2024.25.1.36137,2025-01-04T20:29:17,,
Trello: Personal Planner App,com.trello,Productivity,e76f81b1-211c-49b8-82b2-09df9432081e,Alice Leoney,1,,They got hacked.,1,,2025-01-04T12:05:24,,
Trello: Personal Planner App,com.trello,Productivity,f45811a7-647e-4d16-ad6d-851434a5e030,Zoltan Elek,1,,"I can't log in and can't sign in because the authenticator crashes. In this state, the app is unusable",0,2024.25.1.36137,2025-01-03T23:15:12,Hi there! Thanks for the review. We’re sorry to hear you’re running into issues with Trello. Would you mind reaching out to us on our contact form? We'd be happy to help investigate this with you further - https://support.atlassian.com/contact/,2025-01-18T03:19:36
Trello: Personal Planner App,com.trello,Productivity,068c5c28-c085-412b-a500-607a63891e4d,Andrew Hower,1,,might have been cool if it would ever load,0,,2025-01-01T02:47:50,Hi there! Thanks for the review. We’re sorry to hear you’re running into issues with Trello. Would you mind reaching out to us on our contact form? We'd be happy to help investigate this with you further - https://support.atlassian.com/contact/,2025-01-18T03:18:50
Trello: Personal Planner App,com.trello,Productivity,e652d3f9-420c-4c10-9972-38548f0f6c8f,Ardy Permana,5,,Ok,0,2024.19.1.30399,2024-12-31T22:53:54,,
Trello: Personal Planner App,com.trello,Productivity,ec3a5668-1e3d-45b7-ac29-e6f9f6adc281,Mahdi Mohammadzadeh,5,,Useful,0,2024.24.2.36130,2024-12-31T11:32:05,,
Trello: Personal Planner App,com.trello,Productivity,74a74f8e-267d-4ffb-b337-af74a8170349,E.M. Zobrist,1,,Most recent update caused my wife to lose her shopping lists for several stores and over 200 things she's been entering and updating for years. I also lost access to everything with the new update. And there's no way to contact customer support other than reading the community notes or the documentation.,14,2024.25.1.36137,2024-12-30T08:29:33,Hi there! Thanks for the review. We’re sorry to hear you’re running into issues with Trello. Would you mind reaching out to us on our contact form? We'd be happy to help investigate this with you further - https://support.atlassian.com/contact/,2025-01-18T03:20:18
Trello: Personal Planner App,com.trello,Productivity,30865fc9-7879-4666-b686-2402d78c60bd,Nagel Sleu,2,,"its not logging me in, stuck on authorize? screen",0,2024.24.2.36130,2024-12-29T10:28:16,,
Trello: Personal Planner App,com.trello,Productivity,dc7ef820-60e3-458f-b388-e323b8e76882,Aaron Franke,1,,"Website prompted me to download the app for a better experience viewing someone's board. Instead, it fails to load with ""Cannot find the board from this invitation."" The website works fine, app is broken, goodbye app.",0,2024.25.1.36137,2024-12-27T17:47:06,Hi there! Thanks for the review. We’re sorry to hear you’re running into issues with Trello. Would you mind reaching out to us on our contact form? We'd be happy to help investigate this with you further - https://support.atlassian.com/contact/,2025-01-18T03:17:24
Trello: Personal Planner App,com.trello,Productivity,c891b02c-ee07-4acd-b6be-90b9b6ebabb7,Lost In Code 238,1,,Takes forever to register a button press and then crashes after 5 seconds. Totally unusable.,1,2024.25.1.36137,2024-12-27T13:55:45,,
Trello: Personal Planner App,com.trello,Productivity,aa19c89f-5ad9-4714-a5a8-91bccb80b92e,cws1184,5,,"All you need and so much more. Thank you to who ever put this together and keeps it running. I mainly use it for the groceries, but there are so many other applications... For it. When ever a quick thought jumps on your head you'll need later, put it in Trello. Love this, thanks!",6,2024.25.1.36137,2024-12-26T19:30:43,,
Trello: Personal Planner App,com.trello,Productivity,d003780b-2193-476a-b696-8bcd1fc80401,Radwan Vizar,5,,I love it thank you,0,2024.25.1.36137,2024-12-25T08:24:06,,
Trello: Personal Planner App,com.trello,Productivity,8d306339-d3c8-47d4-83a8-7d09204ff15e,Abdulhameed Shalabi Zedan,4,,"Peace be upon you, gentlemen, the developers of the program. I hope that you will add the feature of searching for games within your application. Thank you.",0,2024.24.2.36130,2024-12-22T13:28:23,,
Trello: Personal Planner App,com.trello,Productivity,5d5527e0-4a0c-4a2a-8414-f02c76781061,張宇辰,4,,功能是很好用，但能不能給繁體中文的語言，我選繁體中文他還是跳簡體中文,0,2024.25.1.36137,2024-12-21T11:11:18,,
Trello: Personal Planner App,com.trello,Productivity,6b08518c-2f7d-49ce-9158-2336146f2ced,Mahesh Patil,5,,Very good 👍,0,2024.10.4.22478,2024-12-19T16:46:26,,
Trello: Personal Planner App,com.trello,Productivity,ae9c0761-3eb5-4289-b47b-ae1d0891fea7,Joe Harrington,5,,Great app and extremely helpful! Highly recommend!,0,,2024-12-17T19:15:54,,
Trello: Personal Planner App,com.trello,Productivity,6f9a2c40-2b0a-4a61-93bc-fe0263fa6c2f,Preston Maina,1,,"Was working perfectly until recently it started saying ""looks like you're offline"" after uninstalling and installing again it now says ""no data connection"" I can't even log in 😞 I have a stable internet connection and I'm not using a VPN so I wonder 😔",3,2024.24.2.36130,2024-12-17T17:33:30,,
Trello: Personal Planner App,com.trello,Productivity,f02200fc-bbe2-4b4d-8064-f86ee89fc14e,Victor Yepez,5,,👍,0,,2024-12-15T21:00:07,,
Trello: Personal Planner App,com.trello,Productivity,ab31ccdd-48a2-499e-9e4d-34187b2910b0,Laurie M,1,,Very confusing and I am unable to delete my account,0,,2024-12-15T20:51:39,,
Trello: Personal Planner App,com.trello,Productivity,bd4ac342-a6c4-45b8-82b6-c3112d79e4e9,Al Mohammad Kamad,5,,A very helpful app!,0,2024.21.2.33086,2024-12-10T01:06:32,,
Trello: Personal Planner App,com.trello,Productivity,59de0e30-39ea-45dc-9a3a-dd9218b10a46,xhead75,3,,"It is good for simple management. However, it's lack of power-up support puts the app light-years behind the web version. It's a colossal waste of potential.",4,2024.23.3.34515,2024-12-06T23:02:52,,
Trello: Personal Planner App,com.trello,Productivity,ff53c506-12d8-4c2d-b52e-e95cd634d825,Sergio Uribe,2,,"Trello's pricing is confusing and misleading. Check for yourself and try to figure out when you have to pay just to let another user observe your board. The terminology is equally unclear, with confusing distinctions between account, workspace, boards, etc.",4,2024.23.3.34515,2024-12-03T10:20:34,,
Trello: Personal Planner App,com.trello,Productivity,87ed77a7-0c62-49ef-aa46-952b0c6d77ce,T U,5,,Really useful for organising work flow. 10/10,1,2024.23.3.34515,2024-11-29T23:37:21,,
Trello: Personal Planner App,com.trello,Productivity,515eea42-f746-47de-9a7f-3ee4b70a0ede,mat,5,,Awesome app. The one person who put a 1 star rating is wrong. Happy Thanksgiving to everyone except that dude.,0,2024.10.4.22478,2024-11-28T16:57:40,,
Trello: Personal Planner App,com.trello,Productivity,74f7c5f5-6929-47d9-ad39-6e5866261ff5,Daniel Denie Kurniawan,2,,super eror..canot edit after edit it comes back again canot copy card wht hapen to u anyway?,8,2024.23.3.34515,2024-11-28T12:27:47,Hi there! We’re sorry to hear you’re running into issues with Trello. Would you mind reaching out to us on our contact form? We'd be happy to help investigate this with you further - https://support.atlassian.com/contact/,2024-11-21T23:54:32
Trello: Personal Planner App,com.trello,Productivity,9514e97a-52de-4c0b-93ff-dd24aee0b3e6,Solomon Teitelbaum,4,,I would like if it will have voice notes,0,2024.23.3.34515,2024-11-27T19:56:14,,
Trello: Personal Planner App,com.trello,Productivity,8eab6d3b-a446-49e8-b04d-b91e29d501a3,Thosin Novandrian,5,,"Saya senang dengan aplikasi ini. Tetapi tidak tahu mengapa, akhir akhir ini tidak singkron, setelah saya update juga tetap sama, setelah install ulang malah tidak bisa login ke Atlassian. Kalau versi web tidak ada masalah. Update: Terimakasih sudah memperbaiki bug sync nya.",0,2024.23.3.34515,2024-11-25T16:09:46,,
Trello: Personal Planner App,com.trello,Productivity,50d53d90-9489-41a8-8d52-f6ebafd2aee2,Esther Onyeka Okoli,5,,Amazing app,0,2024.20.3.31702,2024-11-21T00:38:34,,
Trello: Personal Planner App,com.trello,Productivity,81fa4c58-988d-4a77-b426-c09f09ed97d2,Zee H,5,,I don't know how this app will be but meta AI suggest me this app 😂,0,2024.18.1.30382,2024-11-20T14:18:56,,
Trello: Personal Planner App,com.trello,Productivity,2226adf9-ac6b-4313-9d37-61012bb465a2,Maianimal Hive,1,,i cant seem to log in when i use my gmail? like its just loading but it doesn't log me in,2,2024.22.2.34495,2024-11-15T20:47:11,Hi there! We’re sorry to hear you’re running into issues with Trello. Would you mind reaching out to us on our contact form? We'd be happy to help investigate this with you further - https://support.atlassian.com/contact/,2024-11-21T23:33:48
Trello: Personal Planner App,com.trello,Productivity,df74d71f-0dd2-4892-9cb4-7e7fe11164cc,Les Grzyl,1,,Don't trust it. Lost my access when they merged with Atlassian,0,2024.22.2.34495,2024-11-15T00:01:58,,
Trello: Personal Planner App,com.trello,Productivity,380e5a13-738b-43ed-9a5c-ff65f278976d,Oluronke Balogun,1,,"The app doesn't open on every phone type, I tried so much to login but it's writing no data connection when there is",2,,2024-11-14T04:24:52,Hi there! We’re sorry to hear you’re running into issues with Trello. Would you mind reaching out to us on our contact form? We'd be happy to help investigate this with you further - https://support.atlassian.com/contact/.,2024-11-21T23:16:57
Trello: Personal Planner App,com.trello,Productivity,70d70d93-3497-4b8a-87b6-fb0977704d01,Dan L (kirigherkins),1,,"New UI scrolls far too sensitively and the cards are too hard to read, I've stopped using the mobile app entirely because it's just plain annoying to use",3,2024.22.1.33743,2024-11-14T00:39:00,Hi there! We’re sorry to hear you’re running into issues with Trello. Would you mind reaching out to us on our contact form? We'd be happy to help investigate this with you further - https://support.atlassian.com/contact/.,2024-11-21T23:16:15
Trello: Personal Planner App,com.trello,Productivity,09b0e043-72ec-4592-8611-821e427e17b3,N T,4,,Love trello. But I just changed phones to a pixel 9 pro and the cards aren't showing details properly. Labels are showing the colour but not the words. Pretty necessary for my job. Any help on this or a fix I'm not seeing?,3,2024.22.1.33743,2024-11-13T05:28:29,Hi there! Thanks for the review. We’re sorry to hear you’re running into issues with Trello. Would you mind reaching out to us on our contact form? We'd be happy to help investigate this with you further – https://support.atlassian.com/contact/,2024-11-22T00:06:47
Trello: Personal Planner App,com.trello,Productivity,448c00c0-fb8f-4725-af86-f3f0a55f5c8c,Del Scrivner,1,,"I LOVE TRELLO.... Until.... The Android App takes a big old dump and won't let me log in- at all. I even disabled my 2FA trying to improve ability to log in. Android app keeps launching a web page to log in. I do that and it returns me to the app to log in, which takes me back to the web page to login. Desktop Web page works just fine- now without 2FA. What's up TRELLO? UPDATE: Reporting issues on the Internet is like navigating 9 levels of hell. Make stuff EASY for your loyal PAYING CUSTOMERS",5,,2024-11-13T00:09:07,Hi there! We’re sorry to hear you’re having trouble logging in to Trello. Would you mind reaching out to us on our contact form? We'd be happy to help investigate this further – https://support.atlassian.com/contact/.,2024-11-21T23:15:31
Trello: Personal Planner App,com.trello,Productivity,90b0eb67-5938-43be-858b-00f0d2a01a0c,Jishnu Om,1,,"Bad experience 😡 it won't even let me signup,it just continues to load when I am at the last step when I click continue(I am using google signup),if it won't open how will I use it.if they fix this problem I will give 5star.",7,2024.21.2.33086,2024-11-11T11:20:31,Hi there! We’re sorry to hear you’re having trouble signing up for Trello. Would you mind reaching out to us on our contact form? We'd be happy to help investigate this further – https://support.atlassian.com/contact/.,2024-11-21T23:04:29
Trello: Personal Planner App,com.trello,Productivity,e9ce932e-37f2-444c-95e2-4a07a9cd0824,David K,2,,Returning to Trello after a few years. Very disappointed that an account is now required to use the app even on a single device.,0,,2024-11-08T13:45:30,,
Trello: Personal Planner App,com.trello,Productivity,1f270a12-33f3-4d7a-ac5a-4a956255a2ac,sharad Panchal,5,,Nice app,0,,2024-11-04T02:52:43,,
Trello: Personal Planner App,com.trello,Productivity,24936443-68dd-4113-b42e-4f98446039f3,Shoon Lae May Ko,1,,"Bad app ever. After installing & Sign in, no data connection noti comes up & connot move forward. very disappointed.",2,2024.21.2.33086,2024-11-01T00:31:39,"Hi there, thanks for your review. We’re sorry to hear you’re running into issues with Trello. Would you mind reaching out to us on our contact form? We'd be happy to help investigate this with you further - https://support.atlassian.com/contact/.",2024-11-21T22:36:50
Trello: Personal Planner App,com.trello,Productivity,8df292dd-8b2e-42be-a81c-2d3afedcfacb,Eric Lindahl,2,,"I would really love a better filter system on Android. Either it should remember last used filter or a more graphical interface for filtering for both user and label. As state is now, widget is not working since it includes all tasks, i can not add a filter for it.",5,2024.21.2.33086,2024-10-29T12:20:32,"Hi Eric! Thanks for your feedback! We’re continuously working to improve our app, and we’ll consider your feedback! If you’d like to suggest more improvements or report a bug, please get in touch with us at https://support.atlassian.com/contact/. We’ll be glad to help!",2024-11-21T23:57:20
Trello: Personal Planner App,com.trello,Productivity,a1e02180-89ad-4a50-8bf0-7bd948fc38fa,Rainel Fidel,1,,"WORST APPLICATION, dont waste your time, worthless and no use at all.",2,2024.20.3.31702,2024-10-25T04:47:47,"Hi there! Thank you for your feedback, and I’m sorry you didn’t have a great experience while using Trello. Would you mind reaching out to us using our contact form? We’d be happy to help you solve any issues or answer any questions you might have. You can contact us at https://support.atlassian.com/contact/.",2024-11-21T22:27:21
Trello: Personal Planner App,com.trello,Productivity,7001ebb3-8096-47f4-9ca5-78d874b639e8,Álvaro Calleros Sánchez,5,,"Great for productivity management. Simple and effective, that's all you need",0,2024.20.3.31702,2024-10-24T09:17:39,,
Trello: Personal Planner App,com.trello,Productivity,66bc5c63-e507-4b22-b8be-47d3c1255552,Alejandro Molina,1,,"No permite cambiar el idioma de inglés a español. Además, las notificaciones de las tarejtas con fecha no avisan... NECESITA ACTUALIZACIÓN URGENTE para el tema del idioma y las notificaciones en general",0,2024.20.3.31702,2024-10-22T05:25:51,,
Trello: Personal Planner App,com.trello,Productivity,c9a952d7-ee4d-4deb-b52e-fc5bdd8d551a,Rafin Ramim,2,,Having travel to sign in or login into my phone which is realme GT master edition. This app is not working profile. I am trying for last 3 days maybe but I can not getting into the app.,1,2024.20.3.31702,2024-10-20T00:14:07,,
Trello: Personal Planner App,com.trello,Productivity,e39e7a03-2c2e-44f8-acd0-fc3bcfc9e5eb,M. Luisa Carrión,5,,Updating my review because moving checkist items is seamless again. Thank you!,18,2024.20.3.31702,2024-10-18T22:18:51,,
Trello: Personal Planner App,com.trello,Productivity,273a0b42-8fae-4812-af85-5b8fe0e103ca,Shoaib Mehmood,4,,it's great app but not logging me in when i login through my phone. it stuck on login page,0,2024.20.3.31702,2024-10-15T19:01:46,"Hi, thanks for the review. Sorry to hear about this trouble! Please try following the steps from this article: https://support.atlassian.com/trello/docs/troubleshooting-for-the-android-app/. If this doesn’t help, reach out to us on our contact form. We'd be happy to help investigate this with you further -https://support.atlassian.com/contact/",2024-10-17T14:53:12
Trello: Personal Planner App,com.trello,Productivity,dde2c511-4d86-48fe-9a10-c03c3da45c79,DJ Voelker,1,,Doesn't let me log in,0,2024.20.3.31702,2024-10-14T22:17:38,"Hi there, thanks for the review. We’re sorry to hear you’re running into this issue. Would you mind reaching out to us on our contact form? We'd be happy to help investigate this with you further - https://support.atlassian.com/contact/",2024-10-16T14:35:45
Trello: Personal Planner App,com.trello,Productivity,402900c1-fe31-4ebe-9776-41e01484ac7d,Stefano Cherchi,1,,It's atlassian,0,2022.8.17345-production,2024-10-14T01:21:09,,
Trello: Personal Planner App,com.trello,Productivity,1d6b69d3-9ea3-40ff-986c-0252307d67a5,Carter Atkins,4,,The app is alright for what it's meant to be but ultimately Trello is a platform best accessed and used larger screens that of a laptop or desktop.,0,2024.19.1.30399,2024-10-12T12:58:08,,
Trello: Personal Planner App,com.trello,Productivity,490447e0-8284-4a12-9378-1278550297d5,Yasmin Al-kalisi,5,,LOVE IT !!,0,,2024-10-09T02:47:29,,
Trello: Personal Planner App,com.trello,Productivity,05c14b6e-3de8-4b18-99a5-f0c22ebf7eb4,M C,5,,Ohh yeah baby! I can share things straight into cards!,0,2024.19.1.30399,2024-10-08T02:25:18,,
Trello: Personal Planner App,com.trello,Productivity,8753cd6d-a0a2-4004-bae5-8cbe92f8e7f6,Sean Wade-McCue (swademc),5,,I use this almost every day,0,2024.19.1.30399,2024-10-07T09:59:29,,
Trello: Personal Planner App,com.trello,Productivity,112ab55d-b921-4fec-8848-85a63a97f301,Tamaro Diallo,5,,I love it ! So versatile and easy to use. Lifesaver,0,2024.8.20004,2024-10-07T04:27:42,,
Trello: Personal Planner App,com.trello,Productivity,34ccbd9a-b817-4d53-b77f-c697b450164d,Bradley Osborne,5,,Great app. Ui for both the app and website are easy to navigate. There are no delays in uploads between platforms. It's all around a great tool for all kinds of management scenarios.,2,2024.19.1.30399,2024-10-07T00:21:12,,
Trello: Personal Planner App,com.trello,Productivity,1de169c5-4807-48be-b6d7-3058dc8b71d6,KP Patel,5,,Good,0,2024.17.1.29125,2024-09-26T08:37:12,,
Trello: Personal Planner App,com.trello,Productivity,6b0ba9ae-eaf3-4280-886f-e7f01767f8eb,Farooc,1,,"Avoid, your data is kept ans stored even after account deleted",1,,2024-09-25T21:16:12,,
Trello: Personal Planner App,com.trello,Productivity,9cd18ce1-6939-43ea-98cf-f8175de5e3ed,Amr Muhammad,2,,I can't sign in. Every time I login it returns back to login screen,2,2024.18.1.30382,2024-09-22T16:12:53,"Hi Amr, thanks for the review. We’re sorry to hear you’re running into issues with Trello. Would you mind reaching out to us on our contact form? We'd be happy to help investigate this with you further -https://support.atlassian.com/contact/#/",2024-09-30T22:50:40
Trello: Personal Planner App,com.trello,Productivity,b2b2cc17-edf4-4bc4-82e1-1b03a1e0c7f1,shyam shyams,1,,Very Worst app. Useless app,0,2024.18.1.30382,2024-09-21T23:32:28,,
Trello: Personal Planner App,com.trello,Productivity,708d7747-cb3d-4241-a561-6d36a7dea535,Jessica St James,2,,"Extremely disappointed that Trello chooses to deny access to people who care about their data privacy and want to use an email alias to keep the real address secret, even AFTER one massive breach. I guess that makes it obvious enough what they're doing with your email when you sign up. Just a warning to anyone who is using this service with their primary email (that you also use for banking, etc.) that Trello is selling your email address and be extremely vigilant for scam emails",8,2024.18.1.30382,2024-09-21T13:35:55,,
Trello: Personal Planner App,com.trello,Productivity,e42df934-cdff-4fe6-bbc7-1ac7bb08c367,Kim,4,,"Really cool app that helps me actually stay organized with my daily routines. But I wish the widget options were better. I'd love to see my ""Daily to do"" list with my cards on my screen without clicking anything and be able to move those cards over to my ""Done"" list. And the ""assigned to me"" widget doesn't apply because I use this app just for me.",7,,2024-09-20T20:35:32,,
Trello: Personal Planner App,com.trello,Productivity,32f021b8-9f77-4d39-912f-6f88a10a5882,Mike Walton,4,,"Quick add is broken! Please offer an option to disable this feature. Not only does it take up a lot of screen space, it only ever recognizes the first letter I type. All following letters don't end up in the text field, making the feature completely worthless.",7,2024.17.1.29125,2024-09-15T22:53:56,,
Trello: Personal Planner App,com.trello,Productivity,7e0f147a-f053-4c6e-9512-0d616e5aac6b,Yosbel,4,,"I'm having trouble syncing my data with this app. Once this issue is resolved, I'll be happy to update my rating to 5 stars. The app has great potential, but the sync problems are a major inconvenience.",1,2024.17.1.29125,2024-09-13T04:35:07,,
Trello: Personal Planner App,com.trello,Productivity,149000f7-0efa-4ff4-a978-80a351eda1c1,Vikram Nayak,4,,Good one but reporting and data log sharing via CSV file should be there.,0,2024.17.1.29125,2024-09-12T19:57:32,,
Trello: Personal Planner App,com.trello,Productivity,fbb86efb-c577-4d8a-9eba-121a0650b601,Taige Zhang,5,,Easy to use and powerful,0,2024.12.2.24691,2024-09-12T02:47:41,,
Trello: Personal Planner App,com.trello,Productivity,5c7cfe47-2863-4010-8792-db28937d8da5,D. Fred,1,,"One star for the app, but it's great on the desktop. Kind of shocked you can't build a quality mobile app for this kind of product. Really bummed I can't use this on the go, and will have to update items when I get to a PC/laptop. Maybe find another program I guess.",5,2024.17.1.29125,2024-09-09T02:24:34,,
Trello: Personal Planner App,com.trello,Productivity,fce93d24-43ee-41b3-bf2f-82863b0fd88e,Antoine Matuttis Music,3,,Great app - but why the hell are some changes not saving??? This has the potential to become a really big deal-breaker for me! If I put important information into a Trello card I want it to be safe and not worry about the information getting lost later that day because Trello didn't save the changes!,2,2024.17.1.29125,2024-09-08T13:50:14,,
Trello: Personal Planner App,com.trello,Productivity,1f6ee847-bea6-4cab-b1cb-14be1c87d4e0,Ethan,3,,"Used to be good in the Taco days. Too convoluted now, unfortunately.",0,2024.17.1.29125,2024-09-08T02:04:00,,
Trello: Personal Planner App,com.trello,Productivity,da996667-cd0a-44f2-bd14-8637feaaa72a,Aprilstar,1,,"Useless. Whenever I few a board on the internet and it tells me to open the app, the board isnt there. I just cant save a board over to the app. If it is possible somehow, its just wayy to complicated and not user friendly. Im talkin bout viewing only boards.",8,2024.17.1.29125,2024-09-04T19:55:42,,
Trello: Personal Planner App,com.trello,Productivity,7ad461b2-6fbd-4b96-8e61-6876b5c58b80,S B,2,,"Not what I was looking for. They should add different views, for different type of users.. Like list view and mindmap-view. There's not even any way to share a list.",0,2024.17.1.29125,2024-09-04T19:27:40,,
Trello: Personal Planner App,com.trello,Productivity,6b235edc-15b0-41db-8cb6-33b68f18195d,Rod Fincher,2,,"I find the Trello app for Android to be an inferior experience compared to using the mobile web version in Chrome. The primary reason is the way links are rendered. I use many url web links in my cards to associate with external information. I always configure the links to display either the ""inline"" or the ""card"" view so the nature of the link is clear. This works in both the desktop and mobile web browser versions of Trello. However, the Android app will only display the plain url.",13,2024.17.1.29125,2024-09-03T22:47:46,,
Trello: Personal Planner App,com.trello,Productivity,e4f79875-7482-440f-9142-1260f579f339,Mirko Grčić,1,,No good widgets or permissions system for third party widgets. Just wanna show one card that I would specify.,0,2024.17.1.29125,2024-09-03T03:06:00,,
Trello: Personal Planner App,com.trello,Productivity,6cd512ce-b256-4953-a57a-63f1f974990f,Mungia Barua,5,,Silisili,0,2024.17.1.29125,2024-09-01T21:36:11,,
Trello: Personal Planner App,com.trello,Productivity,87ac489b-904e-4442-9542-5a71df96ac10,Manuel Cruz,5,,I got better time response and administration task,1,2024.16.1.28278,2024-08-28T10:15:50,,
Trello: Personal Planner App,com.trello,Productivity,481dd0e7-d5e8-43a5-82e9-528325dc6cd3,danyale griffin,3,,"Tello is a good tool to use, especially working on differentprojects and working with a team it helps with organization and allow everyone to be on the same page, but unfortunately, I received notice that their database was compromised and shortly after my email was hacked. I hope that since that breach, they have improved the security on thier data base if so, maybe in the future, I would use it again.",2,2023.14.2.8481,2024-08-27T01:18:06,,
Trello: Personal Planner App,com.trello,Productivity,dba794f5-fb4e-49bd-b3bf-3756dbd48456,Lukáš Prokeš,5,,Who else found this because of Dani(Trello sponsor him)(Do it),0,2024.11.1.23410,2024-08-25T11:35:44,,
Trello: Personal Planner App,com.trello,Productivity,b9bb41a9-7285-4d74-a418-b5c0208d5189,b&tch lasagna,3,,"it's one of the most useful apps on my phone but you really need to fix the notifications, they never appear on my banner, only if I open the app",0,2024.5.1.17791,2024-08-24T17:29:40,,
Trello: Personal Planner App,com.trello,Productivity,f8842d50-ef97-4bc6-b466-a0d29254d6ec,Ammar Khan,5,,"Fast, simple, useful.",2,2024.16.1.28278,2024-08-23T15:00:47,,
Trello: Personal Planner App,com.trello,Productivity,f195258e-233e-4d7f-ae4b-460b1e8fd124,Piiches,1,,"App doesn't even open. Loading screen only, I haven't even gotten to a point to put in my log in information.",0,2024.16.1.28278,2024-08-21T05:26:17,,
Trello: Personal Planner App,com.trello,Productivity,a2f13ba6-b527-44a9-bff6-ccc2bcde1af8,Felipe Flores Requeno,1,,Nothing works. Boards disappeared 👎👎👎,0,2024.15.2.27100,2024-08-20T18:05:50,,
Trello: Personal Planner App,com.trello,Productivity,3f9b250a-e9f8-4af6-8770-40c48b890b2d,Shrutika Godse,1,,Seriously!!!,0,,2024-08-16T14:56:56,,
Trello: Personal Planner App,com.trello,Productivity,c06ebf62-89cc-443f-9aad-32ce6f77b9cd,Yika Prasetia,2,,Cant't login the app from phone,0,2024.15.2.27100,2024-08-16T10:58:32,,
Trello: Personal Planner App,com.trello,Productivity,e26efe3d-24ab-4d0f-a388-66c579e1811d,Forrest Ferrill,3,,"Great app! I wish you would immediately time stamp Comment field instead of label ""20 mins ago""or ""1 hour ago"" 2024 still no time stamp. I ask in 2022",1,2024.15.2.27100,2024-08-16T05:58:04,,
Trello: Personal Planner App,com.trello,Productivity,a2c2fb68-0bd9-4bc9-bb40-366a8038186f,Jon Banquer,5,,Far ahead of lousy ToDo apps. Sync is immediate between Windows notebook and Android. Lots of brilliance in Trello. Love using it!,0,2024.15.2.27100,2024-08-15T13:11:52,,
Trello: Personal Planner App,com.trello,Productivity,850d94d0-74f8-4127-bba9-0dda4f8ba808,Maria Tv,4,,"My Trello account in my app has stopped syncing for the last 24 hours, and the login page on the website doesn't load, I don't know how to proceed",0,2024.15.2.27100,2024-08-09T19:53:50,,
Trello: Personal Planner App,com.trello,Productivity,190ba905-2b95-4a28-966d-c46f008cb3e2,CHINONYE MUONEKE,1,,"What's wrong with your app this month? I've not been able to login with my phone. It keep saying ""no Internet connection"" but works on my computer",1,2024.15.2.27100,2024-08-09T16:55:03,,
Trello: Personal Planner App,com.trello,Productivity,23667f11-63ff-437d-8c3c-31b7174eac48,Hanics Mihály,5,,"Totally flawless, just like using the desktop app",0,2024.14.5.27088,2024-08-04T22:16:18,,
Trello: Personal Planner App,com.trello,Productivity,758d18cc-a7a7-4607-8f2e-f10850b9fd9b,Haley Allen,1,,Will leak your info,0,,2024-08-03T12:39:25,,
Trello: Personal Planner App,com.trello,Productivity,9a8d54f5-7b5a-493d-9525-84a0b690d5d7,Sal,5,,Excellent!,0,2024.14.5.27088,2024-08-03T12:30:55,,
Trello: Personal Planner App,com.trello,Productivity,61cd7e0d-cd1a-41fa-83b8-5a100c34abd4,tosin ojeds,1,,"Thanks for the reply, the behavioryou described seems like a new change. I have had Trello in the past and never signedin my phone browser before. .Unable to sign in with Google sign in, it keeps asking for my user name and password which makes no sense.",0,2024.14.5.27088,2024-08-03T04:08:38,"By a standard procedure, Trello uses your default browser to authenticate every time you log in to the App. In this case, we recommend checking if your account is authenticated on your default browser first and then proceeding with the login again. If the issue persists, please reach us at - https://support.atlassian.com/contact/",2024-08-02T23:35:41
Trello: Personal Planner App,com.trello,Productivity,6e826c3e-e43e-448d-a637-b66dee313055,Cassie Whyte,3,,"MILDLY ANNOYED: I'm an individual but was interested in trying out the standard paid plan. But where, how? Tried browser, parent company, app, all settings. And can't find a Human. Maybe I'm missing something obvious? Sad. 1ST REVIEW, yrs ago :The delete choice? The ability now to not see all the activity unless you opt to? And the very easy un-archive ? All this and a system I'm finding has become more and more part of my day - and which is fun to use ! Thank you. :"") ...A grateful Trello'er",1,2024.14.5.27088,2024-08-03T01:07:50,,
Trello: Personal Planner App,com.trello,Productivity,83c5bd38-ddd6-4c98-b10f-e569b1f3efc0,Ronin,1,,"Every update makes this less user friendly. Like why can't I remove the forced quick add box on the top (when I delete it, there's a image of a dog saying something changed, WHY!!!?) or the box at the bottom showing me my closed boards? Those are completely useless to me, but now I can't remove or configure the space to be less cluttered. It's like each update is trying to lose long time users who liked the app for it's simplicity and usability.",53,2024.15.2.27100,2024-08-02T06:04:55,"Hi Ronin, thanks for the review. We’re sorry to hear you’re running into issues with Trello. Would you mind reaching out to us on our contact form? We'd be happy to help investigate this with you further - https://support.atlassian.com/contact
",2024-08-08T01:13:21
Trello: Personal Planner App,com.trello,Productivity,c43da8e5-1c28-4414-8812-28c49c401ba8,Ana Agudelo,1,,El widget que tienen en la app es horrible. No dejan previsualizar nada de mis tableros,0,2024.14.5.27088,2024-08-01T09:47:01,,
Trello: Personal Planner App,com.trello,Productivity,1ae3ff8e-26be-493b-bfba-6dd633b2437c,Omkar Saswade,3,,"""Reminder doesn't work every time"".I have set due date with reminder and most of time it doesn't notify",0,2024.14.4.26615,2024-07-30T19:45:49,"Thank you for the feedback! If you still having issues with the due dates notification - either on product or emails, please take a look at this document with all the steps to troubleshoot notification issues - https://support.atlassian.com/trello/docs/receiving-trello-notifications/",2024-08-02T22:53:11
Trello: Personal Planner App,com.trello,Productivity,bc947a6e-cf22-454f-9c56-5b6ad83a40f6,Calvin Reimer,5,,I love trello web and have been using it for a few years at my workplace now. I decided to switch to trello from keep for my personal lists. This time I'm using the android app. But it seems boards take forever to load. Sometimes trello also claims that there are no boards. Edit: Things have improved. I just had an issue that the app kept sending me to the login page or just crashed when I tried to open. Cleared app storage usage and I'm back in business. No complaints right now so rating 5 now.,68,2024.14.5.27088,2024-07-29T19:24:06,That sounds like some strange behavior. Would you mind reaching out to us at https://trello.com/contact so we can troubleshoot that with you?,2020-03-03T19:48:07
Trello: Personal Planner App,com.trello,Productivity,63ea48aa-a4f3-42b7-98e7-54c87ec9ce94,Noble Valerian,1,,"Doesn't do everything the web app can do. So, basically, entirely worthless when compared to a simple and fully functional mobile bookmark. What else is there to say about an app less usable than a mobile friendly website?",5,2024.14.5.27088,2024-07-29T09:49:12,,
Trello: Personal Planner App,com.trello,Productivity,f6e25d47-5815-44c3-84da-55fcfb208acc,Ali Mohammed Afar,5,,Democratic,0,2024.14.5.27088,2024-07-27T05:50:05,,
Trello: Personal Planner App,com.trello,Productivity,81e7a276-1b38-4a4e-ab24-2137acfdff30,Marcela Rios,5,,Muy útil y fácil de usar.,0,2024.14.5.27088,2024-07-26T02:48:13,,
Trello: Personal Planner App,com.trello,Productivity,72fd5834-bad6-4fae-b34b-133f551ebf05,Damien Y,5,,"Project management at its best! Trello is simply, intuitive and best of all, it actually works! Projects and boards are simple to create and manage. Plus, Trello has desktop apps that sync with the mobile app for seamless editing. And I'm using the free version. And it's not just for project management. I use it for both my online business management and my personal life as a to-do list and task reminder. Look up a few YouTube videos to get started and check it out for yourself. Thank me later!",60,2024.14.5.27088,2024-07-25T20:11:43,,
Trello: Personal Planner App,com.trello,Productivity,d5e41149-2c07-44b6-bbdb-62d7d3b71883,Joe Langham,5,,¡Qualidad! 🍸,0,2021.13.16202-production,2024-07-25T19:03:02,,
Trello: Personal Planner App,com.trello,Productivity,34590f2f-e2bc-4b9f-abc2-d27b9c8b0b02,Snniippss,1,,"I start the app try to log in which always fails at first try, I retry and succed. But then the app has already switched to my browser which then asks me if I not rather would like to use the app instead. Yes of course I would like that, thats why I started it with the app! If I agree I'm sent to the google store website which then asls me to download the app which is already installed. So yeah it's impossible to use and wasted a lot of my time, so thanks for that.",1,2024.13.5.26098,2024-07-18T14:32:19,"Oh no! We sincerely apologize for the troubles you've had with the app. We'd be happy to take a look into this for you, please contact us at https://support.atlassian.com/contact/#/. Thank you.",2024-07-23T14:12:21
Trello: Personal Planner App,com.trello,Productivity,f419f561-eecf-4688-8e42-cc5603d9f382,Alyza Raine,5,,"have been using it for the past 5 years, very versatile and I use it for my task management and hobbies and various other personal projects. And I'm still only using the free version! I don't think I can live without Trello anymore, I legitimately don't know what I'd do without it.",0,,2024-07-15T12:40:27,,
Trello: Personal Planner App,com.trello,Productivity,52ae7830-4644-4801-a680-809d746ca4e8,Yos Skobl,5,,Great app for organizing and planning.,0,2024.13.5.26098,2024-07-13T14:57:07,,
Trello: Personal Planner App,com.trello,Productivity,7d75ae18-fc62-42eb-9bd1-df7fda9a55da,Omar Eldeeb,5,,Geat app ❤️,0,2024.13.5.26098,2024-07-11T16:32:04,,
Trello: Personal Planner App,com.trello,Productivity,69a16a98-95c4-4799-8ae3-89d998e7a107,Abush Toga (አቡቀለምስሲ),5,,use us Trello,0,2024.12.2.24691,2024-07-09T13:59:12,,
Trello: Personal Planner App,com.trello,Productivity,6713b854-aa51-413d-bf8f-c73934ebd28c,Raj Kumar,5,,Excellent,0,,2024-07-08T15:53:04,,
Trello: Personal Planner App,com.trello,Productivity,804ec585-7fd9-4e77-8d0c-2617525e9066,Bhanu Upadhyayula,3,,Used to be incredible but now I don't get any push notifications at all even though everything is enabled and all permissions granted.,0,2024.12.2.24691,2024-07-03T12:03:19,"Hi there, thanks for the review. We’re sorry to hear you’re running into issues with Trello. Would you mind reaching out to us on our contact form? We'd be happy to help investigate this with you further - https://trello.com/contact‌‌‌",2024-07-04T13:51:44
Trello: Personal Planner App,com.trello,Productivity,74d96fba-ce95-45ac-bfca-a7de981255ff,Stewart Rodgers,1,,"Checklists are broken. Moving items is near impossible, they jump somewhere random when you let go, and you have to go looking for them. Adding items is buggy. Things disappear for no reason.",7,2024.12.2.24691,2024-06-29T05:16:33,"Hi there, thanks for the review. We’re sorry to hear you’re running into issues with Trello. Would you mind reaching out to us on our contact form? We'd be happy to help investigate this with you further - https://support.atlassian.com/contact/",2024-07-01T17:54:31
Trello: Personal Planner App,com.trello,Productivity,cf060419-ac11-43c2-bc19-c60836981abd,Chelsea Reef-Douglas,3,,"Widget doesn't allow you to choose which list you want to monitor/have quick access to. I've tried several times, several different ways to try to get the widget that shows tasks to be a specific one. Instead it shows me a board that I've put on the back burner and haven't opened in a few months. I've made a task list board for my son for homeschooling and would prefer it in the list widget but it just doesn't allow me to choose one.",6,2024.12.2.24691,2024-06-29T01:33:08,"Hi there, thanks for the review. We’re sorry to hear you’re running into issues with Trello. Would you mind reaching out to us on our contact form? We'd be happy to help investigate this with you further - https://support.atlassian.com/contact/",2024-07-01T18:35:30
Trello: Personal Planner App,com.trello,Productivity,d2116958-a083-4d96-8991-c8246b68819a,Andrii Paziuk,5,,"Can you please add another widget where I can choose to show cards of a certain list. I have to copy cards from trello to a microsoft to do widget, which is not very comfortable. Thanks!",0,2024.12.2.24691,2024-06-24T21:39:28,"Hi Andrii, thanks for the review! We’ve created a new feature suggestion to introduce this feature: https://jira.atlassian.com/browse/TRELLO-482. If you “watch” this issue, you’ll get notified when the ticket is updated.",2024-07-01T18:41:25
Trello: Personal Planner App,com.trello,Productivity,4e765df4-6c5c-4842-aed4-af3745eccf04,Rayn F.,2,,"Still can't add covers. Not color covers, not Unsplash, none. You have to be on a desktop. What's the point of having an app with less functionality? This is quite integral for quick look editing and for organization.",71,2024.12.2.24691,2024-06-24T02:43:08,"Hi Rayn, thanks for the review. It should be possible to upload new images as card covers on Android. We’re sorry to hear you’ve run into any issues while trying to do so. Would you mind reaching out to us on our contact form? We'd be happy to help investigate this with you further - https://support.atlassian.com/contact/",2024-07-01T18:05:33
Trello: Personal Planner App,com.trello,Productivity,9febb225-23f6-4e27-b803-899d8a422ef6,Tomer Barkan,3,,"Was great, became mediocre after selling to Jira. Monetization on very basic features.",0,2024.11.1.23410,2024-06-23T12:57:17,,
Trello: Personal Planner App,com.trello,Productivity,35e2684a-c1c9-43e7-a8c4-574d9a9d349c,Kevin James,3,,"-1⭐ Bug: Tapping to edit card details places the cursor in the correct position, but the view jumps to the top of the card, and you have to scroll back down to see what you're editing. (Prev: It'd (still) be nice to have the Due Date in the Quick Actions, and/or have an expandable/collapsable Notes Detail area for long cards (like on the web version, but collapsible).)",18,2024.8.20004,2024-06-20T19:55:38,"Hi there, thanks for the review! If you can reach out to us at https://trello.com/contact/ we'll be happy to look into your issue for you and see what we can do to help!",2022-04-01T19:51:15
Trello: Personal Planner App,com.trello,Productivity,fc9d0037-568a-4732-ba01-76dcd3bcb652,Solomon Chidera,2,,"Trello mobile always show notifications after hours of events, not happy ngl",1,2024.11.1.23410,2024-06-19T19:50:39,,
Trello: Personal Planner App,com.trello,Productivity,fadfcb47-f5be-41c8-ae98-6afa71b6a97d,Guleri,5,,"So far, good",0,2024.11.1.23410,2024-06-19T14:19:52,,
Trello: Personal Planner App,com.trello,Productivity,62122f6f-e28e-456b-8a66-0b215c46494a,Brad Goettemoeller,1,,"I've been using trello for many years and I've loved it for all of those years. However, for the past few months on the android mobile app I can't get the items in a list to order properly. I noticed it when the controls to move list items changed on an app update. Now when I drag and drop, the item flues up to the top of the list. It makes the app unusable.",79,2024.11.1.23410,2024-06-19T13:19:27,,
Trello: Personal Planner App,com.trello,Productivity,8e07a8da-e826-4d1f-8343-a9be2ee6a052,Renzo Franchetto,5,,"La mejor aplicación gratuita para organizarse, incrementar la productividad y lograr metas.",0,2024.11.1.23410,2024-06-17T05:28:18,,
Trello: Personal Planner App,com.trello,Productivity,da013180-3a09-407e-b6ed-7e411f985ff9,Ed Salem,5,,"Excellent app, perfect for tracking and managing project work. Only improvement I would like is the ability to set a custom reminder time in context to either the due date or start date - for example, to be able to remind the delegated person to start an activity after 3 days. Or the ability to set a reminder 1 week before finish.",12,2024.11.1.23410,2024-06-15T02:29:34,,
Trello: Personal Planner App,com.trello,Productivity,9b7fc386-69f0-45fa-a419-1479ff9d8b5c,Tristan Castro,3,,"One MAJOR flaw - when editing a note, the app won't stop you or even notify if you're over characters and when you go to save, it will just act as normal yet you just lost everything you put in there. Worse yet, the confirm and cancel buttons are right next to each other so you can cancel out everything you typed by mistake anyway. Just have it auto save as you're typing and grant an undo button so we can actually keep our notes.",26,2024.11.1.23410,2024-06-14T23:08:24,,
Trello: Personal Planner App,com.trello,Productivity,664cf497-911d-436a-b6a9-d77d48d27e94,Mao,5,,Great app! Doesn't use electron.,0,2024.11.1.23410,2024-06-13T01:57:11,,
Trello: Personal Planner App,com.trello,Productivity,5eb5c29a-ee75-40c0-96b0-ec50211b735a,Nazar,5,,Топ,0,,2024-06-11T10:57:06,,
Trello: Personal Planner App,com.trello,Productivity,6167f2b3-ab76-4282-8ba7-743270bd3796,Taylor Brown,2,,I just don't understand how atlassian managed to take a perfect app that had been working basically bug-free for a decade and make it almost useless with more bugs on every update.,5,2024.10.4.22478,2024-06-10T09:36:45,,
Trello: Personal Planner App,com.trello,Productivity,cb78d110-3a0d-46bb-b9df-8f3c76b33baa,Kateryna,5,,It's really cool,0,2024.10.4.22478,2024-06-07T07:25:26,,
Trello: Personal Planner App,com.trello,Productivity,0c175a8c-3f1c-4316-bb12-e2a325324b75,Ana Cecilia,4,,Amo,0,2024.10.4.22478,2024-06-07T01:03:45,,
Trello: Personal Planner App,com.trello,Productivity,acb24f6c-793b-4c50-b692-5f418d469064,Tom Pearson,3,,"I've been a trello user for around 10 years and find it very intuitive and to organise my ideas, to-dos and shopping list. Since the most recent update however, there's a bug where checklist items won't order correctly. Moving an item in a list generally just sends it to the top which is incredibly annoying. I'm on a Pixel 6a.",10,2024.10.4.22478,2024-06-04T21:04:14,"Hello Tom, thanks for the review. We’re sorry to hear you’re running into issues with Trello. Would you mind reaching out to us on our contact form? We'd be happy to help investigate this with you further - https://trello.com/contact‌‌‌

",2024-06-15T05:24:02
Trello: Personal Planner App,com.trello,Productivity,15107b25-d9ec-4b93-b2ad-13e66946614b,Ogalansho Production,5,,"Really ,i tried more apps but this is another level .i like it really how to use.",1,2024.10.4.22478,2024-06-04T11:30:44,,
Trello: Personal Planner App,com.trello,Productivity,51f58e3f-7b63-41ce-a9ac-491a772fa5dd,Karl Goetz,3,,Recent update changed how checklist items work and it's become very fiddly to use.,4,2024.10.4.22478,2024-06-01T04:39:13,,
Trello: Personal Planner App,com.trello,Productivity,56d28d1b-a6ca-4f7f-9ff7-e2cfd9c739c0,Mulugeta Kebede,5,,"It is an exceptionally helpful productivity app, and I strongly encourage its adoption by everyone.",1,2024.9.4.22280,2024-05-31T17:41:54,,
Trello: Personal Planner App,com.trello,Productivity,594e9874-4be8-4bc3-bbb2-bff449bb4a41,J S,1,,"Need to fix the check-lists! Like others have noted the latest update has issues, the lists are no longer condensed, large gap between list items means unnecessary scrolling. Before you could glance at your list, not anymore. The large gaps are causing eye strain. You can't rearrange the list without it putting the list items at random spot. It does work if you select already completed items so definitely a bug there.",9,,2024-05-30T17:28:34,"Hi there, thanks for the review. We’re sorry to hear you’re running into issues with Trello. Would you mind reaching out to us on our contact form? We'd be happy to help investigate this with you further - https://trello.com/contact‌‌‌.",2024-06-07T02:33:07
Trello: Personal Planner App,com.trello,Productivity,044e7ce9-a9eb-479c-a3c5-52df00bfaaf3,Tom R,1,,"""get Trello app"" but then you log in and it's just atlasian home pages and no Trello anywhere. Functionally useless. Use the website.",0,2024.10.4.22478,2024-05-30T03:24:43,"Hi there, thanks for the review. We’re sorry to hear you’re running into issues with Trello. Would you mind reaching out to us on our contact form? We'd be happy to help investigate this with you further - https://trello.com/contact‌‌‌.",2024-06-07T02:32:30
Trello: Personal Planner App,com.trello,Productivity,cdc38962-c34d-4e20-bccf-fb27b03b33ff,David Rosario,5,,"As for Free, I like it. Works for what i need. Highly recommend",1,2024.6.3.18626,2024-05-29T10:37:17,,
Trello: Personal Planner App,com.trello,Productivity,d93b7f44-c264-454e-b392-356be3729643,Shaw -,5,,"taking a bit of time to learn it all. have tried about 15 apps. this is the most versatile & reliable. support is great although it's free. will be upgrading for collapseable lists & color. SUPER reasonable price. using it for personal stuff, but will purchase a work license for IT project management. Love the beautiful designs.",30,2024.10.4.22478,2024-05-29T09:53:49,"Hi there, thanks for the review. We’re sorry to hear you’re running into issues with Trello. Would you mind reaching out to us on our contact form? We'd be happy to help investigate this with you further - https://trello.com/contact‌‌‌",2024-03-01T23:55:11
Trello: Personal Planner App,com.trello,Productivity,b2bf4863-c302-44c4-9bef-dce57ef2ae80,chris witt,3,,"The latest update, spring 2024, has some bugs I need to be addressed. I find it extremely challenging to reorder items in a checklist with the new format. You drag to a location and release but it never goes to that spot, instead it goes to a random spot in your list. Other than that the update is pretty good.",7,2024.10.4.22478,2024-05-27T19:55:49,"Hello Chris, thanks for the review. We’re sorry to hear you’re running into issues with Trello. Would you mind reaching out to us on our contact form? We'd be happy to help investigate this with you further - https://trello.com/contact‌‌‌
",2024-06-15T05:23:09
Trello: Personal Planner App,com.trello,Productivity,fa9b2ccc-5130-4433-9f0f-f6f82bcb304a,Ernesto Ojeda,5,,"Good app, google is very insistent on leaving a note along with the rating. Have it your way then.",0,2024.10.4.22478,2024-05-25T23:47:26,,
Trello: Personal Planner App,com.trello,Productivity,3dafbe2d-416b-4d06-85d1-bb2523252a52,r c,1,,"Unusable. Auth no longer functions. Click ""Sign in"", opens browser, authenticate with Google account, switches back to Trello app, nothing, forever.",0,2024.10.4.22478,2024-05-25T22:29:26,"Hi there, thanks for the review. We’re sorry to hear you’re running into issues with Trello. Would you mind reaching out to us on our contact form? We'd be happy to help investigate this with you further - https://trello.com/contact‌‌‌.",2024-06-07T02:31:15
Trello: Personal Planner App,com.trello,Productivity,8aee3a55-1db2-4ca1-a1d6-430c62d05693,Sunil Mahajan,5,,"Very useful, I like it, thank you Trello Atlassian...🙏",0,2024.10.4.22478,2024-05-25T13:34:19,,
Trello: Personal Planner App,com.trello,Productivity,422e89ba-6d5e-4ace-8448-e91fc17210f5,Billy Duff,2,,"I would love to use it but I can't even log in on my phone without an infinite spinning wheel. Logging in on web doesn't work either - ""something went wrong"" when I try to access atlassian home but trello works fine. This used to be good years ago but I stopped using it due to constant technical glitches and two years later I come back to try again only to have the same kind of issues. They've clearly left product quality in the dust years ago. Invest in a different platform if a new user.",4,2024.10.4.22478,2024-05-25T10:48:38,"Hi Billy, thanks for the review. We’re sorry to hear you’re running into issues with Trello. Would you mind reaching out to us on our contact form? We'd be happy to help investigate this with you further - https://trello.com/contact‌‌‌
",2024-06-15T05:22:31
Trello: Personal Planner App,com.trello,Productivity,96971ad3-4823-4268-a9f5-4c8100fb5c79,Lara Francia,3,,Trello has been useful for us for the past few years. It works well on PC. But I noticed that it is really slow on smartphones especially with iPhone,1,2024.9.4.22280,2024-05-23T18:27:53,,
Trello: Personal Planner App,com.trello,Productivity,4a78db0d-a8c7-42e8-b281-a67fcce87827,Barry Steele,2,,"Terrible experience App is dreadfully slow The SSO doesn't work, I get no notices and Authenticator is not engaged Terrible code Shouldn't have been released in this state",0,2024.9.3.22078,2024-05-23T01:07:27,"Hello Barry, we are sorry to hear you are running into issues with Trello. We'd be happy to help investigate this with you further - please, contact us at https://trello.com/contact‌‌‌",2024-06-15T04:56:01
Trello: Personal Planner App,com.trello,Productivity,085d3b6e-dc27-422f-b038-a5c22a10587b,Santos Zambrano,5,,Not bad,0,2024.9.4.22280,2024-05-20T19:57:59,,
Trello: Personal Planner App,com.trello,Productivity,1f434468-5b91-4cf6-a6ea-b7962df55a69,Heather Wood,2,,"Was good, update made it super buggy, impossible to reorder items, they just jump around to wherever they want",0,2024.9.4.22280,2024-05-20T10:19:50,"Hi Heather, thanks for the review. We’re sorry to hear you’re running into issues with checklist items. Would you mind reaching out to us on our contact form? We'd be happy to help investigate this with you further - https://trello.com/contact‌‌‌
",2024-06-15T05:21:54
Trello: Personal Planner App,com.trello,Productivity,70c5d4c1-bab4-4872-9856-72bb12a99441,Julio Molina,5,,Good,0,2024.9.4.22280,2024-05-19T04:24:15,,
Trello: Personal Planner App,com.trello,Productivity,b2aed826-9f72-4b64-a284-f014965a6f78,Derek Weaver,5,,Inspiring. Challenging. Provoking.,0,2024.9.4.22280,2024-05-18T04:53:25,,
Trello: Personal Planner App,com.trello,Productivity,d4902bf1-fb55-45ec-abc2-8d92e187f42b,Ruslan Valitov,1,,Can't remove a checklist from a card in the app after recent updates,1,2024.9.4.22280,2024-05-17T01:03:21,"Hi there, thanks for the review. We’re sorry to hear you’re running into issues with Trello. Would you mind reaching out to us on our contact form? We'd be happy to help investigate this with you further - https://trello.com/contact‌‌‌.",2024-06-07T02:29:22
Trello: Personal Planner App,com.trello,Productivity,f88e6b51-ae20-42fc-817b-9f97cd41d7f5,Himanshu Saini,5,,Can't be better app then this for managing professional tasks on daily basis. Highly recommend to use this application for every small business or Agency owner!,1,2024.8.20004,2024-05-14T12:30:54,,
Trello: Personal Planner App,com.trello,Productivity,2be2ed2d-cf58-40d1-8b6c-2e8aca74453e,Mac Wiltzer,1,,Current version completely broke checklists. Unusable on android. Will have to switch to an alternative.,1,2024.8.20004,2024-05-12T17:11:26,,
Trello: Personal Planner App,com.trello,Productivity,185d5d68-a387-4c63-9870-32beffd7a10f,Jacob Richman,4,,"It's slow, but works.",0,2024.8.20004,2024-05-11T00:53:27,,
Trello: Personal Planner App,com.trello,Productivity,0cb68e78-297d-4806-b8cc-75ac677d78fa,Yee-Lum Mak,1,,"Newest update has broken checklists: when trying to add or edit a checklist item, the screen jitters up and down so you can't see what you're typing. When you tap elsewhere, the jitter stops, but you still can't scroll far enough down to see the field you're typing in.",3,2024.8.20004,2024-05-09T18:23:10,,
Trello: Personal Planner App,com.trello,Productivity,206c325f-6ed8-4c68-8575-6b2779c4e072,Stephen Lee,5,,I use this app for multiple businesses. Simple to use.,0,2024.8.20004,2024-05-09T07:03:57,,
Trello: Personal Planner App,com.trello,Productivity,ccde4d1e-c9a5-4531-a33b-83a4eb2f191a,Boldbayar B,5,,Good.,0,2022.1.16736-production,2024-05-06T20:12:04,,
Trello: Personal Planner App,com.trello,Productivity,80a33a28-e7a2-49a4-b30b-bb9480b1025a,Kenneth Muriungi,5,,Best application ever,0,2024.8.20004,2024-05-06T17:31:13,,
Trello: Personal Planner App,com.trello,Productivity,c9f347c2-92d1-4b54-bf41-842ec646d7e6,MD Asim Ahamed,2,,This app is very useful and awesome too but it's interface is very poor please update this,1,,2024-05-05T13:09:52,,
Trello: Personal Planner App,com.trello,Productivity,7e8cc2ef-37c8-47e2-bb93-a30e1c098030,SuperStas0,5,,Трелло як трелло,0,2024.8.20004,2024-05-04T15:36:03,,
Trello: Personal Planner App,com.trello,Productivity,cdd3a93c-b559-4b19-bb37-8129a3c3a321,Donna Dieu Madzult,5,,"Très très bonne application 😊. Petites suggestions j'aimerai bien que trello soit beaucoup plus que l'outil qu'il est en automatisant des cartes de manières à ce qu'elles se déplace automatiquement sur l'application mobile pour les routines, habitudes etc merci beaucoup 😊 je suis fidèle à votre application ps: Bravo aux concepteurs",0,2024.8.20004,2024-05-04T13:03:14,,
Trello: Personal Planner App,com.trello,Productivity,c3cb09b9-6ebd-4868-8dd6-afc4571e0025,Mike Francis,1,,"After seven years of heavily depending on - and enjoying - Trello, I'm ready to find an alternative and begin the laborious task of data migration. As with any app, there are the occasional hiccups and setbacks, bad design choices, and a shift in focus from product quality to maximizing revenue. But with this latest update for Android, Atlassian has gone too far for my small business to continue investing in a subscription that wastes my time with product failures on a daily basis.",23,2024.8.20004,2024-05-03T08:55:18,,
Trello: Personal Planner App,com.trello,Productivity,1cca7414-31e9-4aaa-9db3-c726836ad722,Benjamin Ellenberger,2,,"Trello organizes my life! The best app on my phone. Edit: Your recent edits slowly remove markdown options from the desktop version and the most recent version on mobile seems to no longer support markdown in edit mode. After saving, it messed up a quite detailed structured document I wrote over weeks! Please allow for markdown edits again!!",4,2024.8.20004,2024-05-01T17:05:59,,
Trello: Personal Planner App,com.trello,Productivity,751d6310-d4b6-4756-ba17-6c3517ee8ea7,Robin Heimerman,1,,"Very difficult to get to the board I was invited to. Went through a very time-consuming procedure to create the account and now I can't figure out how to join the board. I'm trying to join a board made by my family so we can plan our vacation, but it seems impossible to join the one they already made.",1,2024.8.20004,2024-05-01T05:04:13,,
Trello: Personal Planner App,com.trello,Productivity,d18155ea-c62e-4a46-931a-334acff87751,Chris Iapetus ({gmail.com}),5,,Excellent. The best in class.,0,2024.7.3.19946,2024-04-27T10:34:46,,
Trello: Personal Planner App,com.trello,Productivity,433f3ba1-9686-40bc-802c-133c524bff73,Julian Klock,1,,"The latest update has ruined the ordering of checklists! Previously you could click and hold anywhere on an item to drag and drop , but now it can only be done at the two horizonal bars at the right edge. Which is very limiting with regard to which finger it is naturally to use. In addition, when you first drag and drop the experience is really poor. When dragging past the top or bottom of the visible part of a long list, it jump way to quick/long, and it's hard to drag to the desired position.",11,2024.7.3.19946,2024-04-26T21:13:23,,
Trello: Personal Planner App,com.trello,Productivity,99cb769d-ceb5-4dae-89f2-bb1549dfc693,igor obradovic,1,,"Push notifications heavily delayed, sometimes even for days on Samsung S24. All settings are set as they should be. Tried reaching support, didn't heard from them because I'm not a paying user I guess.",2,2024.8.20004,2024-04-26T14:04:48,,
Trello: Personal Planner App,com.trello,Productivity,ed362cfc-67d9-4d67-bee2-9440858c71f4,Richard Hutton,5,,Must have for a buisness that wants to operate efficiently.,0,2024.6.4.19940,2024-04-25T19:27:25,,
Trello: Personal Planner App,com.trello,Productivity,54e09359-e177-407c-8fd1-abe90097e308,B,5,,It's more advanced and easier to use.,0,2024.5.1.17791,2024-04-24T00:59:29,,
Trello: Personal Planner App,com.trello,Productivity,2dfdb2d7-5034-4d8c-a814-a095d1f2f24f,Jim Cornwall,5,,Thanks guys,0,,2024-04-21T16:31:15,,
Trello: Personal Planner App,com.trello,Productivity,20b7b767-73a2-4e4d-9e7e-7cbd2b47a2f0,natanail,2,,کگگگگگگگگگگگگگگگگگگگگگگگگگگگگگگگگگگگگگگگگگگگگگگگگگگگگگگگگگگ,0,,2024-04-20T01:31:14,,
Trello: Personal Planner App,com.trello,Productivity,2ba8d8ab-8fa1-4f4e-9cc9-ffb4924cc173,Abhishek Kumawat,5,,"Great App! Feature Request: It would be very useful if everytime I end a call, trello quickly asks me if I want to add a card to a list.",3,2024.7.3.19946,2024-04-19T09:59:19,,
Trello: Personal Planner App,com.trello,Productivity,08bbab59-85be-4212-b94b-5c09d120d807,Mabatho Hlaoli,5,,Good,0,,2024-04-19T08:56:19,,
Trello: Personal Planner App,com.trello,Productivity,0dd91ed5-3a1d-47b2-b2f8-bf4352eb0c97,Acacia Lawson,2,,"I use Trello on my desktop, usually, but it's miserable on mobile. It logs me out constantly, and any time I've logged back in, it's been a crapshoot as to if it'll actually do it. Today, I tried to reset my password, and after going through all of it, the browser tab it opened simply would not budge. I try again, same issue. What's the point of an app if it can't handle basic functions without opening your browser? This craters my desire to even try Trello's paid features.",14,2024.7.3.19946,2024-04-18T22:00:22,"Hi there, thanks for the review. We’re sorry to hear you’re running into issues with Trello app. Would you mind reaching out to us on our contact form? We'd be happy to help investigate this with you further - https://trello.com/contact‌‌‌. Thanks for your understanding!",2024-04-23T03:27:36
Trello: Personal Planner App,com.trello,Productivity,4effe56c-cd1c-4221-bd1f-ab18f25de830,b g,4,,"Now sorted; it requires Chrome browser for registration. Thanks to the devs for a very quick reply when I emailed them. The app itself seems good but I need time to sit down with it properly. Original review: Does not let me log into the app; states username or password error. Get link to reset password and it tells me I've used that password before, which is true, it's the only password I've used with this app SO WHY WON'T IT LET ME LOG IN?",3,2024.7.3.19946,2024-04-18T14:05:33,"Hi there, thanks for the review. We’re sorry to hear you’re running into issues with Trello. Would you mind reaching out to us on our contact form? We'd be happy to help investigate this with you further - https://trello.com/contact‌‌‌",2024-04-17T22:06:51
Trello: Personal Planner App,com.trello,Productivity,7d8b62bd-68f6-4ebe-8ade-37e3a1e22b00,Hyrum Decker,4,,Move the add card button down. I have a bigger phone and it is a pain to reach up to the top of the phone to add a card to a column especially when the column is empty. Maybe you could flip the whole board upside down so that column title and add button are on the bottom of the screen.,0,2024.7.3.19946,2024-04-18T00:41:34,,
Trello: Personal Planner App,com.trello,Productivity,1198ff3e-7f87-47e2-ae64-f61502c44d9f,Charlotte Yuthafiga,5,,Good for managing,0,,2024-04-16T11:13:23,,
Trello: Personal Planner App,com.trello,Productivity,7942d339-198b-428d-8cc6-d0c8c70e8ae5,Cecelia Henry van den Bogaart,2,,"Have used trello for a few years, works great for managing my team's work on farm. However in the last two months on my iPhone I can not delete tasks and on the office Samsung I can not move tasks around in the checklists, both things I could do previously. Hopefully gets fixed so I can change my review for an otherwise great app.",2,2024.7.3.19946,2024-04-15T01:20:58,"Hi Cecelia, thanks for the review. We’re sorry to hear you’re running into issues with Trello. Would you mind reaching out to us on our contact form? We'd be happy to help investigate this with you further - https://trello.com/contact‌‌‌",2024-04-17T22:03:56
Trello: Personal Planner App,com.trello,Productivity,782abe2f-9ffc-4335-8a46-5c1de8faef75,Xudoyberdi Sultonov,5,,Sexy,0,2024.6.4.19940,2024-04-13T17:00:17,,
Trello: Personal Planner App,com.trello,Productivity,da095778-351b-4e89-9c31-03dc9dc6ac4b,Martin Milanoski,2,,"For student organisations that have very small budget, the new policy isn't worth it. Unfortunate.",1,2024.6.3.18626,2024-04-12T17:16:25,,
Trello: Personal Planner App,com.trello,Productivity,57bfa576-b5c7-4def-86c7-e889879945be,Adam Holovics,4,,"Great app, but I wish the Trello email address for each card was available in the app too under share, not just the in browser version.",0,2024.6.4.19940,2024-04-12T16:55:35,,
Trello: Personal Planner App,com.trello,Productivity,4ed8bf9a-1e87-44a2-9575-8c26aceaf4a1,Roohollah Pakdel,5,,So good,0,,2024-04-12T12:58:28,,
Trello: Personal Planner App,com.trello,Productivity,a1953baa-5574-4918-8a8f-9a3f2c8988e0,Jeff G,2,,8 y,0,2024.4.16067,2024-04-10T08:51:35,,
Trello: Personal Planner App,com.trello,Productivity,81306653-8172-4a34-904d-9838727bd7b8,Alex Wolf,5,,Kanban that works in webbrowser and mobile app.,0,2024.6.3.18626,2024-04-09T17:07:05,"Hey Alex, Are you looking at adding comments to a card on your Android device? You can refer to this page, https://support.atlassian.com/trello/docs/commenting-on-cards/, that talks about comments, which is similar for the Android app as well, Should there be any issues, please contact us at https://trello.com/contact.",2024-04-03T11:07:01
Trello: Personal Planner App,com.trello,Productivity,c0b207c3-3682-485e-b278-864c9beb53ae,Andhika Steven,1,,"Unsubscribing from mail notification is garbage. I cant just press unsub, i have to log in, but i dont want to log in in my built in browser on gmail app to trello so I opened this android app to find the setting. I cant find it anywhere, only the push notification. If not because of my boss using trello, i wont be using it. Can't you just do it like how Miro did it?",1,2023.14.3.8665,2024-04-09T15:11:32,,
Trello: Personal Planner App,com.trello,Productivity,8486d6b7-cdad-4b5a-8e69-9cb9ef45adb1,Adam Jones,1,,So I can customise the colours as much as I want but something as fundamental as a search that works well has never existed in this app. Lost for words.,10,2024.6.3.18626,2024-04-09T05:11:28,,
Trello: Personal Planner App,com.trello,Productivity,b6794baf-bf1f-46aa-8677-54ea39b32bc4,Guruprasad S,2,,Widget doesn't show open and due date cards,0,2024.6.3.18626,2024-04-05T03:39:07,"Hi there, thanks for the review. We’re sorry to hear you’re running into issues with Trello. Would you mind reaching out to us on our contact form? We'd be happy to help investigate this with you further - https://trello.com/contact‌‌‌",2024-04-12T01:39:03
Trello: Personal Planner App,com.trello,Productivity,94a9c538-5605-4e80-82cd-e70cf5a1c877,Web Closett,5,,It just works.,0,,2024-04-04T18:56:42,,
Trello: Personal Planner App,com.trello,Productivity,83adc8c4-7412-4111-ad0f-c8a9c3b5bf1f,Billionaire Identity,5,,Necessary tools for team,0,2024.6.3.18626,2024-04-03T21:06:30,,
Trello: Personal Planner App,com.trello,Productivity,5cd43d8a-a15c-4ca5-85cf-7b94b5c63b5a,GoTwilla,5,,"I'm not currently using it for scheduling - although I intend to! - Trello is a GREAT Platform to store your data, research and is easily accessible! I'll assign tasks and deadlines soon 🤓",0,2024.6.3.18626,2024-04-02T18:55:24,,
Trello: Personal Planner App,com.trello,Productivity,10920b64-ffc9-4362-b2fc-802cd4d08f9c,Alexandru Eftimie,5,,I use it for my personal shopping and todos. Works great.,0,2024.5.1.17791,2024-03-27T23:01:41,,
Trello: Personal Planner App,com.trello,Productivity,52f7b761-9ccd-46f0-92d2-941c0bbd42b5,Onur Dl,4,,"After the latest update ""trello assigned cards"" widget doesn't work properly. Eventhough there are multiple cards that assigned wigdet shows as if no carda assigned. By the way i face this problem in samsung s9 and s23.",2,2024.5.1.17791,2024-03-27T04:48:39,"Hi there, thanks for the review. We’re sorry to hear you’re running into issues with Trello. Would you mind reaching out to us on our contact form? We'd be happy to help investigate this with you further - https://trello.com/contact‌‌‌",2024-03-28T16:22:24
Trello: Personal Planner App,com.trello,Productivity,f8249cdc-efc2-41d7-8728-76e44e03cf53,scott wasilewski,1,,Wouldn't even send me the verification email,0,2024.5.1.17791,2024-03-27T04:24:18,"Hi there, thanks for the review. We’re sorry to hear you’re running into issues with Trello. Would you mind reaching out to us on our contact form? We'd be happy to help investigate this with you further - https://trello.com/contact‌‌‌",2024-03-28T16:24:30
Trello: Personal Planner App,com.trello,Productivity,4bec5fab-727c-47c9-a7dd-37c286e91ca0,Grace,5,,"I love the concept of having boards for different due dates of tasks. I wish I had known of this app sooner cause I've never been late in submitting my work. If possible, could it be linked to Google calendar? Or any other other calendar cause if *Trello can be logged in through Apple, Google or even Microsoft I'm pretty sure there's no harm in having the adding to calendar feature.",10,2024.5.1.17791,2024-03-27T03:34:46,Hi there! Thanks for the review. You can in fact link Trello with your Google/Apple/Outlook calendars. Here’s an example of how to integrate with Google Calendar: https://support.atlassian.com/trello/docs/using-trello-with-google-calendar/,2024-03-25T18:23:56
Trello: Personal Planner App,com.trello,Productivity,36b8da77-6a1f-4042-b04c-3ef3f8b98f5e,Edward Russ,5,,"Amazing system, simple and easy to use.",0,2023.16.2.9993,2024-03-21T22:49:10,,
Trello: Personal Planner App,com.trello,Productivity,d3fae884-1740-49d3-b183-a59b33387a41,GK,5,,The most useful app and I love it's GUI,0,2024.5.1.17791,2024-03-20T19:31:18,,
Trello: Personal Planner App,com.trello,Productivity,6f06535b-b480-47ec-9a3c-e850621c341c,Kamal Aghazada,5,,Really awesome app with awesome experiences,0,2024.4.16067,2024-03-19T15:39:50,,
Trello: Personal Planner App,com.trello,Productivity,6dedd7c0-0fdb-4960-a41b-0d2f5c6553fe,Tedane Marshall,4,,Great App 👍,0,,2024-03-17T05:01:57,,
Trello: Personal Planner App,com.trello,Productivity,db9ea4e8-984f-4971-832a-48ef72abb7ce,-_- ヒソカH I S O K A,3,,The fact that i have to manually search for the cards i follow every time i need to check them is annoying pls add the option to easily check without the need to search for the them by name do that and I'll give 5 stars. ( sry for English),0,2024.4.16067,2024-03-16T18:49:01,,
Trello: Personal Planner App,com.trello,Productivity,9971ae03-76d3-4084-9645-10c64a4dc47a,Yenny H,1,,"Love Trello, but now they're getting greedy by limiting the amount of users per workspace. 10 people is way too little.",8,2024.4.16067,2024-03-13T03:57:40,,
Trello: Personal Planner App,com.trello,Productivity,64227e3a-9821-4d29-8a6f-cc437ef1f75c,S.P Mungwe,5,,Great,0,,2024-03-13T00:09:19,,
Trello: Personal Planner App,com.trello,Productivity,3d969bce-edbf-4e90-b48e-985e006efc45,Victor Congos,2,,It was truly a sad day when atlassian acquired Trello.,1,2024.4.16067,2024-03-11T19:38:47,,
Trello: Personal Planner App,com.trello,Productivity,7aaa3fbe-ae88-42ed-ad90-a89f28fca45e,Sylvester Ivanov,1,,Login in to and using the Trello app has consistently been a nightmare as they will log me out and try to make me use atlesian or atlas or whatever they call it and constantly give me a hard time with just getting into my trello lists and doing my work.,2,2024.4.16067,2024-03-10T14:39:32,"Hi there, thanks for the review. We’re sorry to hear you’re running into issues with Trello. Would you mind reaching out to us on our contact form? We'd be happy to help investigate this with you further - https://trello.com/contact‌‌‌",2024-03-25T19:15:54
Trello: Personal Planner App,com.trello,Productivity,c9ea340f-1b57-4e0f-8ed5-0b38bc361b02,Shahrzad Bahrizadeh,3,,Two star less because of your cruelty and inaccessibility to iranian people! Just b.c. of standing in their country!!!! so disappointed of you.,0,2023.13.1.7275,2024-03-10T13:08:00,,
Trello: Personal Planner App,com.trello,Productivity,eaf3777a-5ef9-4082-b546-db0e08312676,Zivaya Document,5,,Good,0,2024.2.1.14372,2024-03-08T18:36:54,,
Trello: Personal Planner App,com.trello,Productivity,e1fa51b2-8826-4b5b-a315-f4dd198615bc,Stuart Taylor,4,,I really like the app but I want to be able to default to a specific list on a specific board (my daily todo list) when opening the app.,1,2024.4.16067,2024-03-08T14:04:17,,
Trello: Personal Planner App,com.trello,Productivity,0c463fcf-a403-4b1c-b25d-f1c9f77808a6,Elizabeth N K,5,,"Game changer for board management. Especially easy to track project for org. I don't have to make physical board. Just hear, trello just limit use for sharing 😅",1,2024.3.1.15718,2024-03-07T11:26:24,,
Trello: Personal Planner App,com.trello,Productivity,2e6073b5-58e4-4fa9-87dd-18b8ad7b8cd5,Irish Mann,5,,It does everything i need I'm even tempted to pay for the extra convenience,0,2024.3.1.15718,2024-03-07T04:08:06,,
Trello: Personal Planner App,com.trello,Productivity,2453bf1c-4560-46be-a2be-43f305a867d0,Dorinda Yates,3,,"All of my boards disappeared with the last update. I am a Samsung user that has all of my orders organized on Trello. I can see that I am signed into my account, but all of my boards are now gone (active and archived) and Trello is asking me to create my first board. Help! Can my boards be restored? Please say yes.",2,2024.3.1.15718,2024-03-06T22:00:23,"Hi Dorinda! Thanks for the review. I’ve located your ticket in our Support portal and am happy to hear the issue is now resolved! If you need any further assistance, don’t hesitate to reach out again at https://trello.com/contact.",2024-03-25T18:54:23
Trello: Personal Planner App,com.trello,Productivity,70d93985-8ce7-4074-b24c-0c8d5357be42,Shree Ganaraya Agencies,5,,Good,0,2024.4.16067,2024-03-06T21:09:25,,
Trello: Personal Planner App,com.trello,Productivity,51339376-609e-47e1-93a9-bf91292ea671,João Gündersen,1,,The new limit on Workspace has completely killed academic organizations and other passion projects,1,2024.3.1.15718,2024-03-06T18:41:24,,
Trello: Personal Planner App,com.trello,Productivity,1ac6f308-64fc-4ecf-a0b0-a528214626f7,Uli,1,,No login response via Google or email.,0,2024.3.1.15718,2024-03-03T18:02:09,"Hi there! Thanks for the review. Most often it has to do with the browser settings. Please try following the instructions in this article: https://support.atlassian.com/trello/docs/troubleshooting-for-the-android-app/, and if it doesn’t help, we’d be happy to help investigate this with you further in a ticket via https://trello.com/contact",2024-03-25T19:13:26
Trello: Personal Planner App,com.trello,Productivity,664b53cd-c457-414f-a851-dd0d0602a98b,Piotr,5,,"Great, but can't login on Android 14",0,2024.3.1.15718,2024-03-02T01:13:44,"Hi Piotr, thanks for the review. We’re sorry to hear you’re running into issues with Trello. Would you mind reaching out to us on our contact form? We'd be happy to help investigate this with you further - https://trello.com/contact‌‌‌",2024-03-01T23:50:11
Trello: Personal Planner App,com.trello,Productivity,f837e5e9-33c4-4df2-b43f-a1920385c1a1,Rudeen Wilcox,5,,Very god for game updates,0,2023.9.4.6261,2024-02-26T09:41:55,,
Trello: Personal Planner App,com.trello,Productivity,30a14965-021f-485c-ab53-af04209adcda,Basharat Zia,5,,In love with this app 😍😍love from Pakistan 🇵🇰 🔥,0,2024.3.1.15718,2024-02-22T02:02:05,,
Trello: Personal Planner App,com.trello,Productivity,48f045a1-05ce-471c-96bb-96d577370546,Kusuma Atmakuri,4,,"It's a good app. I use the Web version along with the mobile app. In the mobile app, i don't see the Power Ups in the mobile app. I tried reinstalling the app but that didn't help.",0,2024.2.1.14372,2024-02-21T14:22:22,"Hi Kusuma, thanks for the review. We’re sorry to hear you’re running into issues with Trello and our Power-ups. Would you mind reaching out to us on our contact form? We'd be happy to help investigate this with you further - https://trello.com/contact‌‌‌",2024-03-01T23:44:26
Trello: Personal Planner App,com.trello,Productivity,740bcffb-264e-4f85-8e5d-4d8359ac0c15,Diego Mahammad,1,,It a scam,0,2024.2.1.14372,2024-02-21T00:19:23,,
Trello: Personal Planner App,com.trello,Productivity,0267d363-7309-4c03-b079-4585bc16c630,Jembar Hardian,1,,"I upgraded my account to standard license, the app free to invites people to the board. After a few test inviting people they are charged me $119 without any information AND permission. I just learn this app, better unsubscribe and even uninstall it just now. Thank you for the experience 👎🏼",0,2022.10.3.1074,2024-02-20T21:00:28,"Hi Jembar, thanks for the review. In Trello, every action that might imply further charges always notifies the admins of the upgraded Workspace and, in cases where the customer did something unexpected, we always refund purchases within 30 days. If you still need any help, please contact us at https://trello.com/contact#/ and we'd be happy to help.",2024-03-02T00:20:18
Trello: Personal Planner App,com.trello,Productivity,39ece305-0f02-4cb0-9c95-bf5345e161ff,Tuan Phong Phan,1,,"Can not login, app have bug",1,2024.2.1.14372,2024-02-14T08:57:51,"Hi Tuan, thanks for the review. We’re sorry to hear you’re running into issues with logging in the Trello App. Would you mind reaching out to us on our contact form? We'd be happy to help investigate this with you further - https://trello.com/contact‌‌‌",2024-03-02T00:03:48
Trello: Personal Planner App,com.trello,Productivity,8945803f-5f7d-4482-8c01-9942fb81e4ed,Xinny Qian,5,,Q &^ &. \555=3. . - 1. : .,0,2023.15.2.9179,2024-02-12T13:15:09,,
Trello: Personal Planner App,com.trello,Productivity,1671d1bd-7d07-4c6d-983f-c3df165e1fea,Isaac Emmanuel,5,,Great app,0,,2024-02-11T16:38:27,,
Trello: Personal Planner App,com.trello,Productivity,faa3bc94-5b69-41fd-be55-191c4fd95fdd,Micah Maldonado,5,,Great,0,2024.1.1.12645,2024-02-11T02:08:00,,
Trello: Personal Planner App,com.trello,Productivity,6d3f721a-da79-421b-b5b0-6b7d6c28c07a,God's Time Tommy,5,,"Yh I must confess, this is just great",0,2024.1.1.12645,2024-02-08T00:08:35,,
Trello: Personal Planner App,com.trello,Productivity,efe70192-114b-4e52-bcc9-adfd1fb4ca33,sunbassociates,5,,Im learning,0,,2024-02-07T07:18:19,,
Trello: Personal Planner App,com.trello,Productivity,4fff4379-6ed1-4778-babc-5704d7f1241a,Anna Whan,5,,It's my personal and business planner for everything. Homeschool ✔️ Homemaking ✔️ Budgeting ✔️ Shopping Lists ✔️ Business Plan ✔️ vision board ✔️ Trello is amazing 👏,0,2024.2.1.14372,2024-02-06T03:58:34,,
Trello: Personal Planner App,com.trello,Productivity,238f997b-650f-403f-a905-4599128125d2,Yarwin,1,,"I click on a photo in a card, and it opens the wrong photo... EDIT: This happens in board activity menu.",2,2024.2.1.14372,2024-02-05T21:59:34,"Hello Yarwin, can you share more details about your problem to our support team at https://trello.com/contact? Thank you!",2024-01-29T23:53:09
Trello: Personal Planner App,com.trello,Productivity,82d1540d-b5f0-4e57-9d8f-8667145efb6f,SHAIRAN,4,,Very good app,0,2024.2.1.14372,2024-02-05T19:01:19,,
Trello: Personal Planner App,com.trello,Productivity,fc53112a-c998-47c0-a4a4-b548ee71d017,Carlos Alberto Cárdenas Verde,5,,Muy fácil de usar y muy dinámico te permite ordenarte almacenar información y compartirla con un grupo de trabajo,0,2024.2.1.14372,2024-02-01T19:16:57,,
Trello: Personal Planner App,com.trello,Productivity,d9675f38-3ddd-45c7-aea3-92a1f365f4a8,Mahmoud Khalaf,4,,جميل وبسيط,0,2023.17.3.11755,2024-01-31T21:45:43,,
Trello: Personal Planner App,com.trello,Productivity,ec7d176a-787d-4193-a902-776f7ff35308,Kaitlin Agius,3,,"Desktop is great but the app on my phone keeps taking me to a web page that asks me to use the app, so I click it and it takes me to THIS page to download it, but I already have it and it won't go away",0,2024.2.1.14372,2024-01-30T02:00:09,,
Trello: Personal Planner App,com.trello,Productivity,b82c4bfb-7305-4c80-b6a2-62c30f464035,Павел Лепихов,1,,Worst app ever,0,2023.14.3.8665,2024-01-28T19:41:16,,
Trello: Personal Planner App,com.trello,Productivity,e6f6058d-b505-4d66-92a3-2a11324a1692,John Dowling,5,,Exelent application for organising projects and teams,0,2023.17.3.11755,2024-01-28T10:22:37,,
Trello: Personal Planner App,com.trello,Productivity,d0149a95-5b39-4913-8371-28570d67ad2f,Warner C,1,,It won't let me update it,0,2023.17.3.11755,2024-01-27T19:23:36,"Hi, can you please try rebooting your device if you haven't already? Please contact us at https://trello.com/contact if the issue persists.",2024-01-29T23:59:16
Trello: Personal Planner App,com.trello,Productivity,36a10a7c-8349-4403-a86f-c1cf3ceb4786,Melody Strickland,5,,Five out of five 5⃣,0,2023.15.2.9179,2024-01-27T02:12:25,,
Trello: Personal Planner App,com.trello,Productivity,9614539d-82cf-47de-b456-94aa41a72672,Susan Baker Farmer,5,,"Free version; personal use only. I absolutely love it. I am an inveterate list maker, and this works the way I think. I love my Tech Toys, but to-do lists have always been on paper. And that means carrying around a 6×9-ish binder, or starting Yet Another To-do List! But not any more!! ::HappyDance:: \\0// I have a board for each project area: genealogy, digital maintenance, needlework, etc. And each card is a bullet-point on one of a blue million scraps of paper with The List for today.",83,2024.1.1.12645,2024-01-24T16:01:43,,
Trello: Personal Planner App,com.trello,Productivity,7fcfb528-0ec4-484b-8872-94c9c2916a72,Ryan Demaisip,1,,They got hacked,1,2024.1.1.12645,2024-01-24T00:16:38,,
Trello: Personal Planner App,com.trello,Productivity,ea80a663-3c8d-4932-9ecb-515bfb46cabe,Happy Olives,1,,"Conduct unbecoming concerning the very much real security breach that has occurred. For anyone using this and had it connected to your email account, Change Your Password. Instead of finding out about this breach from Trello I had to find out from 'Have I Been Pwned.'",1,,2024-01-23T07:25:41,,
