app_name,app_id,category,review_id,username,rating,title,text,thumbs_up_count,review_created_version,at,reply_content,reply_at
Reddit,com.reddit.frontpage,Social,fa6a418e-f293-4f60-bed8-0bf25b2f18e9,Emilius Ogunniyi,5,,great 😃,0,2026.27.0,2026-07-26T16:18:07,,
Reddit,com.reddit.frontpage,Social,6766762a-71e0-4f11-9d12-cea5e71ed4a1,Drew Brown,4,,"works well, though I wish it would play sounds from video properly",0,2026.29.0,2026-07-26T16:09:39,,
Reddit,com.reddit.frontpage,Social,9d5c39f3-15d1-4576-8f46-0b359aec4316,Wayne Pittman,5,,very open discussions that bring out all types of interactions which are debatable!,0,2026.29.0,2026-07-26T15:35:04,,
Reddit,com.reddit.frontpage,Social,88f9618e-325d-4a84-a896-4c375b02d56e,German “Cuba” Gonzalez,5,,Quite a variety of Topics!,0,2026.29.0,2026-07-26T15:25:20,,
Reddit,com.reddit.frontpage,Social,526f9a2e-6567-4be8-9b17-d7490cb078a6,Jeremy Fritton,1,,Reddit keeps pestering me to download the app when I try to view the site in the browser so I'm doing the exact opposite and leaving a bad review.,0,,2026-07-26T15:00:37,,
Reddit,com.reddit.frontpage,Social,b5d81daf-c864-43c8-8152-7d00229885ba,Mr. Monk,5,,xool,0,2026.29.0,2026-07-26T15:00:22,,
Reddit,com.reddit.frontpage,Social,ea513bfa-2313-46da-a89d-870416198be4,Sarah Caldwell,1,,Stop forcing me to go to the app.,0,,2026-07-26T14:58:00,,
Reddit,com.reddit.frontpage,Social,2cd6751a-fce8-4f67-9fda-c150d72c3f26,Aneel Cut,5,,good nsfw,0,2026.29.0,2026-07-26T14:47:14,,
Reddit,com.reddit.frontpage,Social,605761d4-f5bd-4c13-be48-991bd0052f60,CptDarimdam,1,,Has a working web version but forces you to use the app. Wack.,0,,2026-07-26T14:37:27,,
Reddit,com.reddit.frontpage,Social,82591759-1559-41fa-add3-d64587d3f7bd,Matt B,1,,"Run by incompetent, deluded idiots who don't understand the meanings of words.",0,2026.29.0,2026-07-26T14:02:46,,
Reddit,com.reddit.frontpage,Social,cec01e89-7aee-466b-89e4-e5da1fabc8e2,Ahmed Zahid,1,,Garbage. Stop forcing it on Mobile I will never use your stupid app. forcing mobile users to read on your app is absolute garbage. 0 starts. any app that forces itself deserves 0 starts not even 1.,0,2026.29.0,2026-07-26T13:58:01,,
Reddit,com.reddit.frontpage,Social,f83cc6d9-ac12-4051-aa18-c313e2aa90ad,Arzan Nebiu,1,,Admins/Mods do like to play God on this Platform.,0,2023.13.0,2026-07-26T13:14:20,,
Reddit,com.reddit.frontpage,Social,b4b5b041-09dc-4abe-98bd-7a6bbbb6512a,Nathan “Rezonate” S,1,,can't even make a post because it said I was AI. keep up the terrible work.,0,,2026-07-26T13:01:17,,
Reddit,com.reddit.frontpage,Social,28045478-9672-4175-a6da-39c8a3d3f842,Faisal Ahmad,5,,"I just wanted to share my opinio, not good for new users, banned 5+ account 3+ shadow banned still 5 because of engagement",0,2026.26.0,2026-07-26T12:57:56,,
Reddit,com.reddit.frontpage,Social,527f3aeb-61ad-4b92-994e-ce4c0cec6604,Heckin Fish,1,,"New UI is AWFUL. History, saves, achievements, etc. are now accessed through the profile, taking more space and more user inputs than before. About 1"" is covered by both menu and android bars and they glitch into each other sometimes. The android bar previously disappeared instead, appearing only when prompted. On Profile, the top bar takes 1½"" of space. This means 2½"" of my screen are bars, leaving 3½"" for viewing out of 6"". These things used to be their own full pages and accessed in 2 taps.",0,2026.29.0,2026-07-26T12:40:14,,
Reddit,com.reddit.frontpage,Social,57df834c-2efc-4fa4-9fe7-889bb51445bc,rainey jeter,5,,Great stuff,0,2026.29.0,2026-07-26T11:49:41,,
Reddit,com.reddit.frontpage,Social,f2ab340f-3394-4e06-b736-cb0b0ba842d0,stewart lum,4,,Great app for videos and information of any kind,0,2026.29.0,2026-07-26T11:40:12,,
Reddit,com.reddit.frontpage,Social,756f6793-7eef-40da-914f-c79f45431314,Taran Kurrey,5,,Best,0,2026.29.0,2026-07-26T11:09:27,,
Reddit,com.reddit.frontpage,Social,255cdccc-4722-4af9-9fc6-82396b60fd3a,Ivy Terrey,5,,easy to use,0,2026.29.0,2026-07-26T10:33:22,,
Reddit,com.reddit.frontpage,Social,817fc24a-6e0a-4532-8712-4a9ba32d295b,Seb Ince,5,,good little app for news or everything,0,2026.29.0,2026-07-26T10:19:53,,
Reddit,com.reddit.frontpage,Social,9f2bf515-5dbf-40f0-a32b-aa3cfe49e4f0,sahebdel shahram,5,,its very 🥰🥰🥰,0,2026.29.0,2026-07-26T10:10:18,,
Reddit,com.reddit.frontpage,Social,8bd4ad59-55f7-455c-ba82-5d1b83fa8318,Ifunanya Veronica,1,,"horrible app, it's Shadow bans you for absolutely no reason and even after submitting appeals for months, you'll still not be unbanned",0,2025.11.0,2026-07-26T10:07:32,,
Reddit,com.reddit.frontpage,Social,7b3c6081-6326-4c5a-9be8-c1061522b11f,Nitin Kumar,1,,stop forcing people to download the app through pop up in website,0,,2026-07-26T09:59:18,,
Reddit,com.reddit.frontpage,Social,249a59f2-8e0e-4880-92f9-9c8248b17a75,Kybalion Atkinson,4,,it has all the subject matters that interest me. I know where to go if I want to know what people are saying about something.,0,2026.29.0,2026-07-26T09:31:55,,
Reddit,com.reddit.frontpage,Social,50901e19-53c6-4ed5-b66d-61e065a0be39,Naj Zahra,5,,absolutely loved it. its so fun to connect with people let alone hear stories from over the country ? i would definitely recommend these.,0,2026.21.0,2026-07-26T09:26:25,,
Reddit,com.reddit.frontpage,Social,017346f2-ed3c-4fff-bf5f-b5ffdda0c00a,Daniel Horgan,1,,Maybe it would be a better idea to suggest the use of the mobile app instead of forcing users to download the mobile app or use the browser in desktop mode.,0,2021.47.0,2026-07-26T09:25:12,,
Reddit,com.reddit.frontpage,Social,807bab23-0a10-4f3f-ba61-e4ec4564d087,Benjamin Gates,1,,The app does not have a way to save threads in an intuitive way. so for story threads I used to just use the website on chrome and leave story threads as different tabs.Well Reddit has ordained that if you use reddit on a phone it is imperative you use the app. They have done this by opening an uncloseable (to my knowledge )redirect pop up if used via browsers that freezes any reddit page you were looking at. .you deserve this 1 star I will not be wasting any of my time removing it later.,0,2026.29.0,2026-07-26T09:13:26,,
Reddit,com.reddit.frontpage,Social,38077001-e395-452f-bce6-70d4ebb537ce,Blah Blah Boy,1,,good place for discussion the worst place for making mistakes,1,2024.32.1,2026-07-26T09:13:18,,
Reddit,com.reddit.frontpage,Social,6f0045cd-2298-4a21-b514-65f2ee1a54a5,Jb khan Jb khan,5,,ok,0,2026.29.0,2026-07-26T09:08:17,,
Reddit,com.reddit.frontpage,Social,49496872-d2af-4562-9019-d13fbf88524f,Alfred Rucker,5,,I love it so much,1,2026.29.0,2026-07-26T09:01:52,,
Reddit,com.reddit.frontpage,Social,bcf0b80c-58de-43f5-806a-9bec49a8f51a,Royal Darbar,5,,ok,0,2026.29.0,2026-07-26T08:58:26,,
Reddit,com.reddit.frontpage,Social,ef7a6e4a-bfa9-4360-bcf2-d09935514328,Franklin official,1,,Once I post my account got banned...ts crazy,0,,2026-07-26T08:53:11,,
Reddit,com.reddit.frontpage,Social,316c3a3c-8380-44de-9a15-fe8d85b63e88,J,1,,Forcing us to use the app instead of a browser is like forcing us to take the bus when we own a car.,0,2026.29.0,2026-07-26T08:28:51,,
Reddit,com.reddit.frontpage,Social,b40e1167-1e12-4002-a9f1-cb10137df7aa,Yuseok Seol,1,,Enshittification,0,2026.15.0,2026-07-26T08:23:10,,
Reddit,com.reddit.frontpage,Social,0189a312-8496-4935-b60c-4f7e2c9e9988,Nicholas Estril,5,,love it,0,2026.29.0,2026-07-26T08:08:10,,
Reddit,com.reddit.frontpage,Social,cf4840e4-33c6-4015-8b49-4672b5aae370,Arik Bk,5,,nice platform to hangout and make friends,1,2026.29.0,2026-07-26T07:56:41,,
Reddit,com.reddit.frontpage,Social,65a2adca-af4e-4a9b-8302-3090b6bc764b,Alexander Leyva,1,,its hella annoying that i need this app instead of a browser,1,2026.29.0,2026-07-26T07:33:10,,
Reddit,com.reddit.frontpage,Social,0c9e1805-b184-4228-bb56-d23dc11134f9,Taylor Bortner,1,,"I would give zero stars if I could. I'm angry that a platform BUILT on their users creating threads and content are being forced to download the app. This is gross, I thought Reddit was better than this.",0,,2026-07-26T07:31:43,,
Reddit,com.reddit.frontpage,Social,b2e005b3-634b-4dab-bce5-6e2512028909,Fathul Rih,5,,"Reddit is a massive community-driven discussion platform built around thousands of interest-specific communities known as subreddits. Its upvote and downvote system, deep comment threads, anonymous profiles, customizable feeds, and extensive media-sharing capabilities make it one of the best platforms for discovering niche discussions and practical solutions. The platform offers relatively unfiltered conversations and can be incredibly useful for troubleshooting almost any topic.",0,,2026-07-26T07:08:13,,
Reddit,com.reddit.frontpage,Social,5c3c026b-fbdd-47ac-b59c-fa99188805d0,Maria Jony Alzula,4,,Just lurking for now,0,2026.29.0,2026-07-26T07:03:39,,
Reddit,com.reddit.frontpage,Social,170bc46f-4652-45f5-a4e5-8830c10dd465,nick pro,1,,good news dark mode works bad news i cant coment 80% of the time open my profie and more,0,2026.29.0,2026-07-26T06:59:27,,
Reddit,com.reddit.frontpage,Social,d402248b-5fe7-47eb-ad15-40ff9a6aec03,Dr. Bashir Mehdi,5,,Great experience of other people helped to solve many questions,0,,2026-07-26T06:56:25,,
Reddit,com.reddit.frontpage,Social,05cbb123-bc4b-45a8-ae8e-62d70bbef545,Lois B,5,,"""Reddit and forget it""",0,2026.29.0,2026-07-26T06:52:11,,
Reddit,com.reddit.frontpage,Social,9fe7e439-2a43-4aa5-8303-11c7cfa34713,Mehrnaz daneshfar,3,,wow REDDIT. the heart of internet is now using persona for age verification. and it doesn't work. please fix this,1,2026.29.0,2026-07-26T06:34:22,,
Reddit,com.reddit.frontpage,Social,a6b7b54c-c1e4-4575-8773-cce792839ef5,FranknKimm Fields,5,,Superb,0,2026.29.0,2026-07-26T06:09:04,,
Reddit,com.reddit.frontpage,Social,fd6aaf4f-a887-4c4d-a6ca-baa72d0a3fd8,Daniel Escobar,5,,smooth and enjoyable,1,2026.29.0,2026-07-26T06:04:01,,
Reddit,com.reddit.frontpage,Social,4af544e7-6564-400a-99dc-64fb4fb89cb7,michael prince,5,,reddit is the best among the other apps,1,2026.29.0,2026-07-26T05:56:06,,
Reddit,com.reddit.frontpage,Social,ad9ce420-2a78-411b-bac0-e67c9373ce10,Robert Looney,1,,Reddit is now garbage for forcing me to get the app. I only got it to give it a one star rating. I will now delete this app and will no longer use any reddit page. way to make people hate your site.,1,2026.29.0,2026-07-26T05:43:45,,
Reddit,com.reddit.frontpage,Social,985ae452-c9d5-4750-b7fe-aaec86722ad4,Nazeer V A,5,,IT enabled phychologist,0,2026.29.0,2026-07-26T05:35:46,,
Reddit,com.reddit.frontpage,Social,f639c412-b4cd-48b5-bd93-88daff743d32,Dallas Roy,5,,amazing app,0,2026.02.0,2026-07-26T05:35:45,,
Reddit,com.reddit.frontpage,Social,6832150b-831a-4d49-9ff2-15ac3bdb020a,Timmy Timson,5,,good job,0,2026.29.0,2026-07-26T05:02:51,,
Reddit,com.reddit.frontpage,Social,72fb1139-d63c-498b-81b9-0602d4fcbd93,Margot,5,,good😁,0,2026.29.0,2026-07-26T05:00:15,,
Reddit,com.reddit.frontpage,Social,8784c32c-bba9-4b49-9496-00e0f135fba7,Tristen,1,,only got the app because I have to now. popups on browser are way too aggressive,0,2026.29.0,2026-07-26T04:55:26,,
Reddit,com.reddit.frontpage,Social,0c275f20-ff49-4a7c-8ad6-d375e7b94127,noname,1,,"Please add an option to turn off the ""sending this post to someone?"" text when screenshotting it ruins trying to take long screenshots on my s25 Edit: cannot wait for the day this app shuts down. How pathetic and desperate can yall be? Forcing people to use the app when trying to look at reddit in browser. At least you removed the annoying popup when screenshotting you fix one problem then create a new one.",10,2026.29.0,2026-07-26T04:38:13,,
Reddit,com.reddit.frontpage,Social,c5020c72-8d9a-4618-b9f3-c2d788743b97,James,5,,love it,0,2026.29.0,2026-07-26T04:22:29,,
Reddit,com.reddit.frontpage,Social,d6c81fc5-3104-4eba-8581-bc0082e7242e,Tukan Dance,1,,"Censorship: This app has long banned my account from even upvoting. I don't even know what I commented to warrant this, I pretty much share opinions on films now and then. For over a year I see I'm blocked and when I'm allowed in I am forced to use the app and pretty much shadowbanned. Censoring redditor cowards",1,,2026-07-26T04:04:07,,
Reddit,com.reddit.frontpage,Social,596b695d-6588-44b5-bb4a-0d20785f41ca,Barrett Dunaway,5,,love it,0,2026.28.0,2026-07-26T03:41:59,,
Reddit,com.reddit.frontpage,Social,13e890fd-271e-4ef9-8d10-d7aad20fcf00,Chris Mhizha,1,,Don't use it.,0,,2026-07-26T03:37:41,,
Reddit,com.reddit.frontpage,Social,9fbeb5c7-387b-42a5-83cf-0b5326ab1e98,Gizmo Dalen,5,,better than 4chan,1,2026.29.0,2026-07-26T03:31:45,,
Reddit,com.reddit.frontpage,Social,614bb0d7-41b5-4eb7-8054-dcaa5803a051,A Mikowski,1,,"Downloaded the app because of the inability to use reddit on mobile without it blocking the screen with a pop up after 30 seconds, can't use the app without a login. Then when I try to troubleshoot the app with a quick Google search, the first answer is on reddit, which then launches the app, so I can't read a solution with this installed. Great design reddit, it's sad to watch what was a great internet resource turn into yet another ad slop factory.",1,,2026-07-26T03:28:42,,
Reddit,com.reddit.frontpage,Social,8ca16cec-8645-4925-b0de-307599963df0,Julius,5,,best,0,2026.29.0,2026-07-26T03:25:36,,
Reddit,com.reddit.frontpage,Social,7dc91da5-714a-43b2-8c04-4bdc9a4631f0,j cunningham,1,,One day the app started lagging to connect so I uninstalled and reinstalled it. Now it won't even let me log into my account. Don't waste your time.,0,2026.29.0,2026-07-26T03:25:29,,
Reddit,com.reddit.frontpage,Social,ee2bf402-c755-4e80-9bb2-67ead6074baa,Mary Rowland,4,,I like though!,0,2026.29.0,2026-07-26T03:20:43,,
Reddit,com.reddit.frontpage,Social,8fadb942-a2bb-4e60-bd40-5e388651d026,Christopher Settle,1,,latest update breaks aspect ratio options. stuck in phone size ratio.,0,2026.29.0,2026-07-26T03:19:18,,
Reddit,com.reddit.frontpage,Social,4625ef32-8e1d-4741-8da8-9a96e6e320f4,Phillip,5,,its good for things you like,0,2026.20.0,2026-07-26T03:06:03,,
Reddit,com.reddit.frontpage,Social,cd8e8f01-c1ed-48b0-ae23-3603a93fc962,James H,1,,"Forces you to install it when trying to just simply use it on a mobile browser. I do not want a separate app, just let me use the browser version.",1,2025.35.0,2026-07-26T02:44:07,,
Reddit,com.reddit.frontpage,Social,4b9754cf-268a-49db-aef5-781e9bd6c374,Rusty,5,,like having people to bounce questions around to and get back a variety of answers all from different points of veiw,1,2026.29.0,2026-07-26T02:21:06,,
Reddit,com.reddit.frontpage,Social,d9dfc013-d69d-4516-a66e-c76459d4639d,Saravanan M,5,,very very good,0,2026.27.0,2026-07-26T02:02:16,,
Reddit,com.reddit.frontpage,Social,65d0298b-4231-4e92-ba1a-e4827d18190e,kirby mix,1,,"always getting bugs. just updated to a 1 star because you are now FORCED to use the app on a mobile device, despite the website having been working perfectly fine.",0,,2026-07-26T02:01:18,,
Reddit,com.reddit.frontpage,Social,22f54969-6f8f-44c4-9aab-6843c0e0b580,cusco moto,1,,​Are you actually serious with this Play Integrity nonsense? Since when does a basic social media app need military-grade security checks just to let a user log into their account? 😡,0,2026.29.0,2026-07-26T01:50:40,,
Reddit,com.reddit.frontpage,Social,bb375417-5466-4f9e-bb95-2243584e0095,Ndicho Aziz Kante,5,,amazing,0,2026.29.0,2026-07-26T01:39:11,,
Reddit,com.reddit.frontpage,Social,7fb458b5-587e-40dd-a040-cb772ddd11ca,Peter Emmanuel Ololade,3,,I can't access my profile in the app after tapping it a message will pop up saying it's seen Reddit has an issue try again even after update the app,0,2026.29.0,2026-07-26T01:33:47,,
Reddit,com.reddit.frontpage,Social,502a9c73-2141-4791-801c-679142a5e921,Jean Neige,1,,"everything lags, nothing loads, my time is wasted constantly. fix your app.",1,2026.29.0,2026-07-26T01:13:40,,
Reddit,com.reddit.frontpage,Social,b6287a2a-3374-492f-9754-e84003b559e2,Muhammad Anas,5,,Impressed 👍,1,2026.29.0,2026-07-26T00:48:10,,
Reddit,com.reddit.frontpage,Social,fd158dcf-0311-4b02-aeb7-7c634bb98183,Md Arbaz Alam Lucky,1,,not bad,0,2026.29.0,2026-07-26T00:46:53,,
Reddit,com.reddit.frontpage,Social,d566cbc4-b590-41e4-9862-fb310daaf8e7,Jason Prettyman,1,,poor experience. the mobile web page is better.,0,2026.29.0,2026-07-26T00:31:23,,
Reddit,com.reddit.frontpage,Social,217869da-6294-4c82-8477-8f190146509c,Lacie McCloud,1,,"Forced to download the app to continue using the website, on mobile.",1,2026.27.0,2026-07-26T00:09:51,,
Reddit,com.reddit.frontpage,Social,1a10a4ae-6b00-4817-adda-eefb34290882,Delight,4,,Just discovering new insightful ideas although I am not much sure which ones are telling truth in the spaces or which one to really follow the app is just good 👍,0,2026.29.0,2026-07-25T23:41:40,,
Reddit,com.reddit.frontpage,Social,7e2327c4-df6b-40c2-af81-20dd88f84c1b,Athena,5,,I love it,0,,2026-07-25T23:40:49,,
Reddit,com.reddit.frontpage,Social,99518f71-37ff-4d5f-8d61-e4cf435d248b,Umberto Corona,1,,After a recent update I was logged out of my account and I cannot log in back any more. The app says the credentials are incorrect but that is not true since I can login successfully from the browser on the same phone. I will delete this review in case the problem gets fixed. Migrating to an an unofficial client for now.,1,2024.30.0,2026-07-25T23:29:08,,
Reddit,com.reddit.frontpage,Social,8571bafb-0b13-4e76-b205-75c35bf96da1,Matthew Schrock,5,,A great alternative to google and AI...A little sifting and usually find what you need... Classic internet 2.0 mind-hive. Just ignore the idiots.,0,2026.29.0,2026-07-25T23:14:15,,
Reddit,com.reddit.frontpage,Social,5cc55c6d-3ef2-446f-aa4f-17022017d023,vandek,1,,Worst app ever,0,,2026-07-25T23:00:15,,
Reddit,com.reddit.frontpage,Social,0ba58a24-7da4-4384-81e5-ee902746580d,Dharaneeshwaran Murugan,5,,it's very assuring when we can connect with others on online for discussions,1,2026.29.0,2026-07-25T22:59:08,,
Reddit,com.reddit.frontpage,Social,45bbc1d2-6553-4222-8d31-754d9bbf85fa,Anthony Washington,1,,Every update they do makes the app worse. Idk why this app became so foolish.,5,2026.29.0,2026-07-25T22:53:57,,
Reddit,com.reddit.frontpage,Social,3cf9140f-e0bb-4698-baae-2a992213a017,Vic N,5,,yay this became one of very few social apps I enjoy.,1,2026.29.0,2026-07-25T22:48:44,,
Reddit,com.reddit.frontpage,Social,f33f5274-7f9f-4796-82f0-40dea24eb9d2,Benaka prasad,5,,it is where nice,0,2026.28.0,2026-07-25T22:38:33,,
Reddit,com.reddit.frontpage,Social,00620275-743b-4a7c-b4fc-9b32106a8bda,Raul Castillo,5,,"Awesome, freedom of speech through any inquiry I can think of, and best of all, the moderating feature seems to work!",1,2026.29.0,2026-07-25T22:38:18,,
Reddit,com.reddit.frontpage,Social,20963111-11fe-47d9-be0d-9cba59d9727e,sunita rani,4,,It's a very great app for interaction with lots of new buddies.,0,2026.29.0,2026-07-25T22:13:42,,
Reddit,com.reddit.frontpage,Social,bcc8243c-5003-46df-b54d-b7c3c054aa32,Prosper,5,,very good,0,,2026-07-25T21:59:16,,
Reddit,com.reddit.frontpage,Social,182ef356-4e10-43b5-bab8-b31a31c09112,Don Don Selibio,5,,good,0,2026.29.0,2026-07-25T21:55:39,,
Reddit,com.reddit.frontpage,Social,b58ddc1f-e8b5-47ca-b115-2406afd33b2d,Roman Fixer,1,,constantly logins out of account,0,2026.29.0,2026-07-25T21:50:00,,
Reddit,com.reddit.frontpage,Social,6a6b1272-9876-49d3-afac-8133c9786c3d,Rupesh Jha,1,,"I had a very bad experience with the moderation team, it's like they are deaf and blind. One star from me.",1,,2026-07-25T21:12:05,,
Reddit,com.reddit.frontpage,Social,194d5e95-e528-470f-859b-f947e80fb983,Shoaib Zaman,1,,app keeps refreshing the feed by itself and not letting the user have any control,4,2026.29.0,2026-07-25T20:39:09,,
Reddit,com.reddit.frontpage,Social,528dce00-f47e-43cd-9fac-940ce4e87461,Steven Whitney,1,,Whole feed just disappears after refreshing. This has been an issue for years across multiple phones. App seriously needs work.,0,2026.29.0,2026-07-25T20:36:26,,
Reddit,com.reddit.frontpage,Social,7336181c-e532-46d4-9d5e-b5138e4c427d,John Dean,1,,"where is r/all? this app/website doesn't deserve to be called ""the front page of internet"" anymore. what a joke.",80,2026.29.0,2026-07-25T20:33:03,,
Reddit,com.reddit.frontpage,Social,05ee14e2-78c9-4806-83a1-3b29d3dd1f40,Fredrik Ahlström,1,,This app is one of the reasons the reddit homepage is unusable on a phone. It shows a lack of respect for the users. Do not use.,0,2026.29.0,2026-07-25T20:29:12,,
Reddit,com.reddit.frontpage,Social,b6f85917-f219-4773-8cdf-71f1fcccd9b0,Michael,1,,"- Newest update reduces comment text boxes to half the screen, and the phone keyboard covers what you're typing completely. Terrible user experience, - Long comment threads are unreadable & buttons go missing, - App limits the communities you can mute, meaning spammy/unmoderated communities are rampant AND eventually unavoidable - Reddit skyrocketed the pricing of their API, nudging out all app competition and limiting all users to their inferior app.",23,2026.29.0,2026-07-25T20:17:29,,
Reddit,com.reddit.frontpage,Social,72ff08b4-e933-4633-bb56-13a543a2490e,Alex Rivera,1,,it's not even letting me log into the app with any of my accounts,0,2026.29.0,2026-07-25T19:48:19,,
Reddit,com.reddit.frontpage,Social,4b3975f5-c0d0-49e8-9c76-b9d1f8f3ebe0,Aaron Zambarano,2,,"Used to be really good, but oversensitive AI and increasingly useless mods have ruined Reddit. Why bother interacting when most of the posts are bots and everything's censored?",1,2025.24.0,2026-07-25T19:45:13,,
Reddit,com.reddit.frontpage,Social,fd09bcdb-4ad2-4756-ba61-c57dca165aed,Alex Fejiro,5,,but I can't post I don't know the reason why,1,2026.29.0,2026-07-25T19:22:20,,
Reddit,com.reddit.frontpage,Social,8bee1c98-21da-4b62-b21c-daab1314b898,Wesley Miller,1,,I dont want to use the app and the mobile browser is trying to force me to download it.,1,2024.28.1,2026-07-25T19:20:25,,
Reddit,com.reddit.frontpage,Social,3c6778eb-67d5-44d3-9895-0774535e716c,Wesley,1,,Complete garbage,1,,2026-07-25T19:14:25,,
Reddit,com.reddit.frontpage,Social,332a59c5-527e-4900-acfc-3dc937ee8635,Amos Koros,4,,good,0,2026.29.0,2026-07-25T19:13:30,,
Reddit,com.reddit.frontpage,Social,858903e4-06fd-4bc2-a207-01fa6b08f1d3,Emmanuel Balami,3,,amazing to use,0,2026.29.0,2026-07-25T19:07:24,,
Reddit,com.reddit.frontpage,Social,61e3c518-145b-4bb4-b45e-f1e0542752d2,Hasnain g,5,,❤️❤️❤️❤️ great appp,0,2026.29.0,2026-07-25T19:02:56,,
Reddit,com.reddit.frontpage,Social,4cf82766-d284-4297-866b-fcc1c6f46c50,James Frost,5,,luv it,0,2026.29.0,2026-07-25T18:49:28,,
Reddit,com.reddit.frontpage,Social,f62a9db2-1079-4fd8-9a91-b7309cca26d0,Mahdy Fouad,3,,the app can be better.,1,2026.29.0,2026-07-25T18:37:54,,
Reddit,com.reddit.frontpage,Social,1e3bb35e-fa00-4dad-9588-6283f9da2b14,Reymon Edlog,5,,tikoy,0,2026.29.0,2026-07-25T18:30:54,,
Reddit,com.reddit.frontpage,Social,5badf8bb-eb2e-4e6c-a626-57b804c17331,Raizen Kazu,5,,Great up,0,,2026-07-25T18:25:57,,
Reddit,com.reddit.frontpage,Social,9bd74019-8a51-4999-9272-8f72addf8d16,Shantanu Munda,5,,Nice,0,2026.29.0,2026-07-25T18:16:21,,
Reddit,com.reddit.frontpage,Social,48b4741b-c92a-4c47-8665-c3e80fbb7e87,Latiknow963,1,,"This is awful! I got shadowbanned for no reason whatsoever. I've been trying to communicate with moderators for months to get an explanation, but there's been no answer, nothing. I didn't even get an email explaining why I was shadowbanned. 😠 #Shadowban #Moderation #Communication",0,,2026-07-25T18:14:20,,
Reddit,com.reddit.frontpage,Social,7fd8a5b6-fdfe-422d-bd4d-3765a8c84627,desire etiennette,4,,"Interesting, interacting.",0,2026.29.0,2026-07-25T18:07:14,,
Reddit,com.reddit.frontpage,Social,4ab870a2-58ec-4fd4-9caf-78f53f03bc15,abdullah74,5,,Best insights,1,2026.29.0,2026-07-25T17:45:43,,
Reddit,com.reddit.frontpage,Social,f5ad17a7-7934-4318-89e9-4ef01a38eb7a,Logan Mega,1,,ai age verification,0,2025.46.0,2026-07-25T16:33:39,,
Reddit,com.reddit.frontpage,Social,cd4781b7-ae01-41b4-ab66-658f89d5e596,Madhvesh Singh,5,,good App for Gooners. ✨💓,1,2026.28.0,2026-07-25T16:13:55,,
Reddit,com.reddit.frontpage,Social,4f150d5b-f341-456c-bd19-d295531b783d,Laurens de Voogd,1,,Stop forcing me to use your app and disabling my browser.,1,,2026-07-25T16:12:48,,
Reddit,com.reddit.frontpage,Social,4f6c4a0b-a062-40c2-a8a8-575f1d2742da,Devon,2,,"Just made sure to delete my account. I don't use Fakebook, YouTube, Snapchat, Instagram or none of that, reddit was the only one for about a year. Well reddit wants to police people's words instead of letting the subs do it and I think that's a bad idea. I don't use technology where I can't say whatever I want. Not only that but I'm startimg to realize how pointless/boring it is. Same thing happened with Fakebook. They controlled speech, I got bored of it and havnt used it in 5 years.",1,,2026-07-25T15:28:47,,
Reddit,com.reddit.frontpage,Social,9e1250b2-64a4-4aa3-a33a-70833a3a9e8c,Jessica Annex,5,,i love it,0,2026.29.0,2026-07-25T15:08:33,,
Reddit,com.reddit.frontpage,Social,a0225c53-f065-43e9-b3dd-77a79f966dab,Anthony Glenn,1,,Attempting to force app downloads by making the mobile browser version unusable is scummy. I'll be using alternative sources in the future.,1,,2026-07-25T15:01:42,,
Reddit,com.reddit.frontpage,Social,4bbcb548-c61e-4a08-b422-fa90e4827b25,Tia Neal,1,,"After the update a few days ago, the app will not keep me logged in. It gives an error message when I try using email login. I had to delete the app and login through the the mobile website, and then redownload the app. Please fix this.",1,2026.29.0,2026-07-25T14:43:33,,
Reddit,com.reddit.frontpage,Social,2a9fce3c-018b-4a83-9016-181673e6aee0,Suraj Rimal,1,,"Impossible to login, while login on web works its broken on app.",1,2026.29.0,2026-07-25T14:33:40,,
Reddit,com.reddit.frontpage,Social,7dd6b6e7-92c1-47e5-a4b0-d787fd6d019f,Dantavious,1,,"Bruh, why do u need to make an account to access the app. Back then u didn't need one, it's annoying bc Googles search engine sucks and recommends stupid ahh reddit posts for answers. Now I need a reddit account just to get answers to some stuff since the browser on mobile sucks and doesn't give u full access. Also stop censoring urself, reddit used to be called the booty hole of the internet now it's all woke and family friendly except for those NSFW subreddits which r just links to stupidity",1,,2026-07-25T14:33:00,,
Reddit,com.reddit.frontpage,Social,4b01b10b-c367-4839-83bc-75e48ab91e20,Arturo Cotino,1,,No im not installing the horrid app when the web version works just fine,1,2021.26.0,2026-07-25T14:24:53,,
Reddit,com.reddit.frontpage,Social,23c1ab66-0007-4738-8f49-419ce7240006,Emani Emani,1,,I only downloaded so I could give it one star,0,2026.29.0,2026-07-25T14:20:57,,
Reddit,com.reddit.frontpage,Social,7c4ad1c2-321e-47b0-85d5-f7996cab2c9f,Hobie Brown,5,,pretty good 👍,0,,2026-07-25T14:08:33,,
Reddit,com.reddit.frontpage,Social,e3e9f6e5-c626-4fd3-942b-b65606c901f2,IT'S ALLEX,1,,my account is banned and I didn't even receive any notification why this happened. you guys should at least send notification if some activity is not allowed on reddit so that I don't repeat but you guys are just banning acc.,1,2026.29.0,2026-07-25T14:08:00,,
Reddit,com.reddit.frontpage,Social,81476e9f-abb6-4c92-bc2c-e80f11a1f404,Steve Kelley,5,,top notch update 25/07/26. Since the lastest update when ever l open a reddit link i'am asked to download the app when I already have it!,0,2026.29.0,2026-07-25T14:07:42,,
Reddit,com.reddit.frontpage,Social,0cc1072c-21fd-4986-b648-b9eeede74b40,ckZA,1,,"update ; still not good, poor, unintuitive. forcing me from mobile web browser to this app that is priced to block anyone else from having a competing app should be banned.",2,2026.29.0,2026-07-25T14:02:43,,
Reddit,com.reddit.frontpage,Social,6c34a01e-98c1-4d7d-a4df-ccfe572d0c2e,Odie,4,,fun,0,2026.29.0,2026-07-25T13:23:55,,
Reddit,com.reddit.frontpage,Social,1c1b8812-f956-4ca4-98b7-440eca10cbb8,Ranjan Kumar,5,,good 👍,0,2026.29.0,2026-07-25T13:20:35,,
Reddit,com.reddit.frontpage,Social,955be9d1-5a8c-44c5-9c02-e7a9ff7f41c0,Dana MacAdam,1,,"pushing your app, not cool. every time I visit the site from a browser after 15 seconds it freezes the page prompting to get the app with no way to close the pop up. you can't even log in on the mobile site anymore as it's replaced with get the app.",1,,2026-07-25T13:16:56,,
Reddit,com.reddit.frontpage,Social,cace8f61-8d26-42fd-a38d-08eb3ce8c93d,Arthur Soares Rodrigues,5,,"I would like a bug fixed. For context, about 50% of the time the past few days, the app would be stuck loading for a while. Almost as if it's about to crash. I tried this on the website as well, but that didn't work either. Could you investigate this please?",0,2026.29.0,2026-07-25T13:03:14,,
Reddit,com.reddit.frontpage,Social,b739a6a6-eeda-49fd-b0ae-d01b56700170,ɴᴀᴅɪᴍ Rᴀʜᴍᴀɴɪ,5,,I'm new user btw I have no Idea how its running,0,2026.27.0,2026-07-25T12:56:56,,
Reddit,com.reddit.frontpage,Social,b9e3437c-ce19-483e-ba24-320c5e42f801,Ronda C,5,,"All kinds of different, interesting, and useful topics to read about.",1,2026.29.0,2026-07-25T12:54:15,,
Reddit,com.reddit.frontpage,Social,43a033a2-8056-4d7c-9f94-2709c6be3563,Sam Bennett,5,,love the articles,1,2026.29.0,2026-07-25T12:41:45,,
Reddit,com.reddit.frontpage,Social,a547beb5-5029-4ce3-8419-f18db1d66679,Carl Gutierrez,5,,So good,1,2026.29.0,2026-07-25T12:34:57,,
Reddit,com.reddit.frontpage,Social,28c60e8d-4180-4657-aba0-e14e15917cf1,Branden Cashman,1,,"the app sucks now, if you've never used it don't start now.",0,2026.29.0,2026-07-25T12:32:34,,
Reddit,com.reddit.frontpage,Social,e3ab0f88-a5a9-41a5-ae70-81bed6cd3088,Jeremy Miller,5,,Great app! Easy to find what you are interested in.,0,2025.30.0,2026-07-25T12:30:03,,
Reddit,com.reddit.frontpage,Social,f2697c2a-1edc-4e39-9eae-50ab9b55c892,Isaiah (Zed),4,,memes and various niche pornography (which I do not view as a Christian male),1,2026.29.0,2026-07-25T11:52:55,,
Reddit,com.reddit.frontpage,Social,d5a582cd-e856-4cbf-ac33-b350e2e7bf27,A G,5,,"Great app, Anonymity is the best feature I can be myself and express my thoughts openly without the fear of being seen by my relatives or colleagues....",0,2026.27.0,2026-07-25T11:44:46,,
Reddit,com.reddit.frontpage,Social,40ae20fd-2b25-4c68-b59e-b8aefa6815c0,S G,1,,hate it,0,2026.29.0,2026-07-25T11:35:54,,
Reddit,com.reddit.frontpage,Social,130e467c-c565-47c7-8a4a-1dbc78898a6e,Joslyn Armstrong,2,,"I really enjoy using the app but now I can't get into my account. It was fine yesterday. First it wouldn't load, I restarted my phone, reinstalled the app and now they ""aren't able to authenticate""",2,2026.29.0,2026-07-25T11:12:46,,
Reddit,com.reddit.frontpage,Social,aff400c7-f6fd-40d4-be68-7277095c6037,Noman Qureshi,4,,good and engaging app,0,2026.27.0,2026-07-25T10:55:43,,
Reddit,com.reddit.frontpage,Social,4a27fd9e-f780-4b54-a04a-4a0e425a7841,MD Hasib,5,,good,0,2026.29.0,2026-07-25T10:45:18,,
Reddit,com.reddit.frontpage,Social,48fc6aa7-9707-4fd8-9f7b-ab0dc2c6b194,Kai,2,,"After creating a subreddit and making a single welcome post, my account and the subreddit was banned by a bot (according to AI). It was for a streaming channel. They also made sure you cannot contact them at all. Appeals, I assume, goes straight into the trash. There is little worse than feeling helpless and unheard. It's made worse when a platform is as large and widely used as Reddit.",0,,2026-07-25T10:38:44,,
Reddit,com.reddit.frontpage,Social,e3acfc65-7db9-4d48-b8ea-37b3b71a0097,Sylvester Chinedum Okpochini,5,,a place where u can express your self without being afraid.. it's real in reddit,1,2026.29.0,2026-07-25T10:18:13,,
Reddit,com.reddit.frontpage,Social,05e7c8d6-1dfd-498e-a0f1-4ab4ef13037c,Chris F,1,,This app will show you every subreddit in your feed except for the subreddits you actually want.,0,2026.29.0,2026-07-25T10:16:58,,
Reddit,com.reddit.frontpage,Social,38e38519-39af-4f4f-a7ee-004ab945f4c0,Kana Chauhan,4,,it gets interesting,0,2026.29.0,2026-07-25T09:51:26,,
Reddit,com.reddit.frontpage,Social,ef73919e-27e0-4143-afdd-7f422add2578,md sowrovsarkor,4,,I'm Reddit lover 😍,0,2026.29.0,2026-07-25T09:50:59,,
Reddit,com.reddit.frontpage,Social,3e3943de-3cd7-4eaf-b349-3549616f3416,Ivan,1,,"absolutely trash man, they're not happy with the fact that i prefer the browser to app, though i use both, and wont stop pushing for the app while I'm browsing in browser, and then, when I OPEN my app through the link, it goes to my homepage and not what I was reading. trash, stop pushing the app to people who prefer browser.",1,,2026-07-25T09:32:34,,
Reddit,com.reddit.frontpage,Social,9927ba8d-0510-4464-843e-62e9b7c0dcc7,Crispy,1,,downloaded just to give it a 1 star for forcing me to download the app on mobile when there's a web browser version.,1,2026.29.0,2026-07-25T09:13:01,,
Reddit,com.reddit.frontpage,Social,e7912c31-52d8-420a-b7b1-e5895a27ce10,esma nur,5,,🙂,0,2026.29.0,2026-07-25T07:23:49,,
Reddit,com.reddit.frontpage,Social,2fe0118f-7fe4-4b22-ad57-7aeb555eb29d,Sparkle Williams,3,,it's okay,0,2026.28.0,2026-07-25T07:08:34,,
Reddit,com.reddit.frontpage,Social,07aaa01c-1869-46e1-8d03-2bed5f724c89,Dan Jingpao,5,,wanted passion,0,2026.29.0,2026-07-25T06:56:13,,
Reddit,com.reddit.frontpage,Social,ff2f07fb-4d6d-4e47-998f-52cf529453a3,Chris Burger,1,,"Got blocked from using Reddit on my browser because it's trying to force me to use this app. So I'm downloading it just to leave this review, after which I will immediately uninstall and start using better and more reliable social media.",1,2026.29.0,2026-07-25T06:43:39,,
Reddit,com.reddit.frontpage,Social,e1c82a36-94da-4b6a-b993-4380f0fdcf90,Ynaro San Juan,1,,"Your stupid new pop-up is terrible. I've had the app installed for years, I used it occasionally, but now I will definitely be uninstalling it since the web browser experience has been ruined and I don't want to be forced to use your app.",1,2026.29.0,2026-07-25T06:27:40,,
Reddit,com.reddit.frontpage,Social,7b7882ed-59ba-4841-bcab-6ad9ff4e7b55,misty gray,5,,Excellent,0,2026.29.0,2026-07-25T06:20:54,,
Reddit,com.reddit.frontpage,Social,20518cf5-723e-4057-85d4-92ced60cabff,Jason Orem,1,,I do not use this,0,,2026-07-25T06:08:12,,
Reddit,com.reddit.frontpage,Social,afafeb09-fc95-4062-9e31-0375910001d8,Juach Monynuer,5,,nice ap,0,,2026-07-25T06:04:20,,
Reddit,com.reddit.frontpage,Social,b6167b4e-feb0-4fb4-bb44-22d490c7e81e,Miguel Mendoza,5,,You get all the kitties for free 😜🤪,1,2026.29.0,2026-07-25T06:01:55,,
Reddit,com.reddit.frontpage,Social,41efddac-2089-473c-81e3-d37d198c1dc5,rockman s,1,,"I wondered why it became so clunky, So many ads given load priority, even the ones ill never see cus i never scroll that far.",1,2026.29.0,2026-07-25T05:40:37,,
Reddit,com.reddit.frontpage,Social,9e22ec43-4cc2-42fd-b9bf-32cc523960ae,keanu Reeves,5,,Perfect,0,2026.29.0,2026-07-25T05:20:32,,
Reddit,com.reddit.frontpage,Social,05de1bec-6229-4a58-92ba-d09e4a61e033,Kirsten,2,,"Useful in some applications, but such a hostile environment. Terrible way to spend time.",0,,2026-07-25T05:05:26,,
Reddit,com.reddit.frontpage,Social,c196f5f5-c16e-47d4-8700-244ca9a394a8,Nkiruka Joy,5,,so cute,0,2026.29.0,2026-07-25T04:55:30,,
Reddit,com.reddit.frontpage,Social,ecad513a-7a6f-454f-97d7-f6b48e94d312,Matthew Gordon,1,,Reddit sucks. I have been on reddit for a while now I mean well over a year and I cant even comment on anything. That all sounds stupid to me. Thats why I dont even open the app or do anything with the dumb app. the restrictions are ridiculous. what is the point in this app its a bunch of nonsense. I wont be messing with this app again. pointless,1,2026.29.0,2026-07-25T04:49:00,,
Reddit,com.reddit.frontpage,Social,4701fe03-dec1-4380-bc44-3f7be627437e,Martina,2,,"Can be useful but it's honestly one of the worst apps out there. Full of inappropriate content and it's incredibly hard to curate what you wish to see. Apparently, hiding things from my feed that I do not wish to see under any circumstances creates a full collection of everything I've ever hidden under my profile! Genuinely disturbing.",1,2026.29.0,2026-07-25T04:32:49,,
Reddit,com.reddit.frontpage,Social,cbca09d9-004d-4ab8-9d19-253d01e2814c,Jeffery,5,,bc I see porn,0,,2026-07-25T04:27:34,,
Reddit,com.reddit.frontpage,Social,12ac4233-ce71-4f16-a3b2-8ff493a8cae6,Steve Brian,5,,great,0,,2026-07-25T04:00:20,,
Reddit,com.reddit.frontpage,Social,66df94e5-3503-4eb5-8d4f-88e4b0d35da6,Bálint Mátrai,1,,"Age restrictions, huh?",0,2026.29.0,2026-07-25T03:27:59,,
Reddit,com.reddit.frontpage,Social,5c2007f8-18ae-4344-8f1e-bac0b5c1e359,Rizal Nur “DRIDLY” Fadly,5,,i like this app,1,2026.29.0,2026-07-25T03:06:43,,
Reddit,com.reddit.frontpage,Social,d37974bc-79ef-4e8e-b698-b4818ed15bab,C G,2,,There should be no reason to charge users for awards if you only update the app to hide awards on posts. Total Scamming Technique,1,,2026-07-25T02:52:50,,
Reddit,com.reddit.frontpage,Social,e0f57a48-91aa-4497-90ea-db185dfc891f,Michał Ślipek,1,,let me use the browser and stop giving me the popup to get the damn app,1,2022.2.0,2026-07-25T02:13:27,,
Reddit,com.reddit.frontpage,Social,74500b0c-4c21-484e-9db6-1e864a42b1f6,FEMICODE STUDIO,5,,good,0,2026.29.0,2026-07-25T01:31:14,,
Reddit,com.reddit.frontpage,Social,e3bfa72d-5e1d-42f2-911f-3988d98ff3a0,Ian Taber,1,,"They took away the easy swipe left or right to get between the main, popular, new, and news feeds again. this version stinks. The picture upload editor is completely gone for no reason and they changed the uploader so you cant see your gallery folders anymore. Whoever approved these changes is very dumb. Exactly wrong choices. update 7/24 oh yay games are back /s",25,2026.29.0,2026-07-25T01:30:59,,
Reddit,com.reddit.frontpage,Social,209f33c3-4f66-40e3-b370-adda889ec595,Jessica McNair,1,,"Poorly optimised, and a buggy mess on non top of the line smartphones. No wonder they keep trying to forcibly prevent users away using the mobile desktop site.",1,,2026-07-25T01:16:08,,
Reddit,com.reddit.frontpage,Social,585afc4a-64d2-433f-9c05-2af4ca6584e6,Mmesoma Cynthia,4,,nice,0,2026.28.0,2026-07-25T00:57:16,,
Reddit,com.reddit.frontpage,Social,1b7f9c22-9cac-44e0-87dc-b490b5ea6338,PRIYANSHU PARMAR,5,,good 👍,0,2026.29.0,2026-07-25T00:34:01,,
Reddit,com.reddit.frontpage,Social,e9387eec-bb26-491a-b5dd-6df2e438ffa5,Mamoud Jalloh,4,,amazing knowledge,0,2026.28.0,2026-07-24T23:58:42,,
Reddit,com.reddit.frontpage,Social,18f639f3-64b2-4030-b753-91701ed1210c,TYLER ANDERSON,3,,Sure logs me out a lot,10,2026.29.0,2026-07-24T23:29:07,,
Reddit,com.reddit.frontpage,Social,66ccd893-01d8-484d-8991-4f5bce5058c6,HH Hansen,5,,great,0,2026.29.0,2026-07-24T23:26:11,,
Reddit,com.reddit.frontpage,Social,b3030307-bf25-4c40-a82d-78642a3c08e2,Beinmote 9z,1,,y'all banned my 5+ years account,1,2026.27.0,2026-07-24T23:23:33,,
Reddit,com.reddit.frontpage,Social,17263f92-0ead-4ffa-8840-bf811fc8c990,Elaine Cristine,5,,I loved it!,1,2026.29.0,2026-07-24T23:22:39,,
Reddit,com.reddit.frontpage,Social,55724a59-a5da-48c2-aa59-d812bb598080,Abhishek Shinde,1,,Nice work,0,2026.28.0,2026-07-24T23:20:57,,
Reddit,com.reddit.frontpage,Social,f16e3d58-b74a-4d8b-92c8-4c3eed999008,paul matthew,5,,"Reddit – Talk to Real People is a great app to explore communities and join real conversations on almost any topic. The content is informative, engaging, and shared by people with real experiences. It is available to be a perfect platform to learn, ask questions, and connect with others worldwide.",1,2026.29.0,2026-07-24T23:08:45,,
Reddit,com.reddit.frontpage,Social,34d7a442-a176-467b-93e2-40b9c3486384,Ellie Ascher,1,,"Forced to download an app instead of reading on the web page. Annoying but ultimately...fine, whatever. What's not fine is that you can only read a few quoted comments on the app with seemingly no way to expand. If you're going to force people to download your app instead of using their mobile browser, then that app better be practically flawless. This ain't it.",2,2026.29.0,2026-07-24T23:01:32,,
Reddit,com.reddit.frontpage,Social,dab5e88e-df82-485f-902d-c3da8af00cdb,Jimmy Mugisa,4,,nice for ideas,0,2026.29.0,2026-07-24T22:46:40,,
Reddit,com.reddit.frontpage,Social,7d8b9d50-5eeb-4daa-90de-3fc002733706,sunil thakur,2,,there are lot bugs in it . if bugs can be fixed then nice,0,2026.29.0,2026-07-24T22:45:18,,
Reddit,com.reddit.frontpage,Social,54340ac9-0309-42aa-a435-1b4856d5d7e7,xSneh,1,,trash as always,1,,2026-07-24T22:40:32,,
Reddit,com.reddit.frontpage,Social,55de49bd-241b-4377-8bd0-6704ec8f7900,Shadow KittenGaming,3,,Stop downvoting me,0,2026.29.0,2026-07-24T22:25:52,,
Reddit,com.reddit.frontpage,Social,9256c4f1-d4a8-482c-80a4-7e67602590f4,Josie Raley,1,,Annoyed- I already have the app but sometimes it's just convenient to use a Google search and then look at the reddit forum in my own browser. This nonsense of the web version not letting me finish reading the forum before it has this unremovable pop-up telling me to use the app. Just don't understand and makes me less inclined to even use either.,1,2025.26.0,2026-07-24T22:16:20,,
Reddit,com.reddit.frontpage,Social,f3030a29-457e-4a75-ab88-a60dd8a25827,Bishal Chowdhury,1,,worst social media app,1,,2026-07-24T22:08:35,,
Reddit,com.reddit.frontpage,Social,dd12e4db-7b2a-44ad-895e-8af94726fb11,Timothy M,1,,Dumb plug-ins ruining NBA box scores. Reddit forces you to open an ad when reopening the app from the background. It's the modern day pop-up and it is deceiving how effective their CTR is. Now I open the app and I see it attempting to close an Ad that I never opened.,2,2026.29.0,2026-07-24T21:54:50,,
Reddit,com.reddit.frontpage,Social,9004f8ad-6d50-46b4-a583-8e123bfe070c,Nyxovarian Vexorium,4,,very good 👍,0,2026.28.0,2026-07-24T21:52:07,,
Reddit,com.reddit.frontpage,Social,7ff4a771-8cd6-4f9a-89ab-7acc64bc9f06,Mahasvin S S,1,,"I rarely leave ratings below 4 stars, but this experience has been incredibly frustrating. My account was restricted even though I only posted a simple introduction without links, spam, or anything inappropriate. As a new user, this made me feel unwelcome rather than encouraged to join the community. I hope the moderation and automated systems improve so genuine newcomers aren't treated like spammers.😠😡😡",1,,2026-07-24T21:39:13,,
Reddit,com.reddit.frontpage,Social,a1c2b347-0f19-4f18-9745-9c81a51078df,Logan,1,,"I would rate it a 0 star if I could, I've never used reddit before and everytime I've tried to make an account it just gets auto banned before I can even make a post or comment. support isnt helpful",1,2026.29.0,2026-07-24T21:29:57,,
Reddit,com.reddit.frontpage,Social,cc924e48-b7bf-46e1-9e26-d781d0a4afae,Trevor Huszti,1,,"opening a post now loads ""related posts"" which are barely connected or interesting. there is no way to turn this setting off.",0,2026.29.0,2026-07-24T21:29:53,,
Reddit,com.reddit.frontpage,Social,32f71837-cc07-4ac8-a42c-9666303ab9d3,Dan Lakwo,5,,it's nice to use Reddit,1,2026.29.0,2026-07-24T21:28:15,,
Reddit,com.reddit.frontpage,Social,6755076d-0a98-438a-94ba-a1789e826441,ᴠɪᴠᴇᴋ,5,,best,0,2026.28.0,2026-07-24T21:27:59,,
Reddit,com.reddit.frontpage,Social,f7cc258f-be51-489a-92ad-9db9923bb29c,Spiral Master,1,,"Can't report entire subreddits. What if they're bad people on them? Good job, Reddit.",0,,2026-07-24T21:25:53,,
Reddit,com.reddit.frontpage,Social,c904b1d6-b8c2-4075-b4a1-755c1b259141,Zakary M. Brown,1,,"4.6 stats is so undeserved. This app was great...then came the ceaseless ads. Now, you cannot even browse web without it prompting you to download the app- RIP to a once great idea.",1,2022.43.0,2026-07-24T21:20:15,,
Reddit,com.reddit.frontpage,Social,f7d0d29f-0baf-45a5-96ca-7a0328091af1,Mark Griego,5,,All in one greatness,1,2026.29.0,2026-07-24T21:20:13,,
Reddit,com.reddit.frontpage,Social,88164930-28b8-47f0-8781-3bab6dae08de,J,5,,top notch,1,2026.29.0,2026-07-24T21:19:14,,
Reddit,com.reddit.frontpage,Social,37d1e0fd-298f-4411-8253-06b28b55cf30,Abraham,5,,wow awesome,1,2026.29.0,2026-07-24T21:16:34,,
Reddit,com.reddit.frontpage,Social,2fab04b8-38d4-4c54-b25c-fd31a3472c77,Lucey Bacci,1,,Horrible ui update let us disable this trending on reddit feature under comments and I will change my review,1,2026.29.0,2026-07-24T21:08:40,,
Reddit,com.reddit.frontpage,Social,3f1a8b03-6d8d-451c-a6b1-e93217dc839b,Matthew Spangenberg,1,,Endless scrolling within posts is abysmal.,5,2026.29.0,2026-07-24T21:07:40,,
Reddit,com.reddit.frontpage,Social,fd42c667-d4da-4475-acee-4397f53b0b01,Jason Snow,1,,This ridiculous company is pushing their garbage app as opposed to being able to actually use their own website. There really needs to be an alternative news aggregate than greedy Reddit...,0,2026.28.0,2026-07-24T20:44:10,,
Reddit,com.reddit.frontpage,Social,88962b29-e8d7-4ebe-8d2d-eb0eda5fff8f,steve barber,1,,Only installed so I can leave a review. I don't want the app but forced to do so. Why can't I continue to use online?,1,2026.29.0,2026-07-24T20:19:40,,
Reddit,com.reddit.frontpage,Social,a1d323f8-1824-427b-8cc8-f67ac9f77886,Mercedes,1,,The moderators can do as they wish in this app. I contacted a moderator for frequent bullying in the posts and never got a response. I ended up just leaving the group. Good to know reddit does nothing about this.,0,,2026-07-24T20:15:42,,
Reddit,com.reddit.frontpage,Social,6e0cfa54-112f-43fb-bd09-3c9df15ce5fa,Gabe,1,,"I'm giving this app one-star since Reddit removed the ability to use Reddit on your phone without using this stupid app. If you hadn't tried to force it on me, I probably would have been nicer.",1,2026.29.0,2026-07-24T20:00:19,,
Reddit,com.reddit.frontpage,Social,852c7f71-7539-4ce3-b80f-23248b6ab3a6,sarfaraz Laghari,3,,I'm unable to login through Google authentication and also mail link.,1,2026.29.0,2026-07-24T19:49:25,,
Reddit,com.reddit.frontpage,Social,28ea1cfc-db93-4a8e-b0ec-022f61e223e0,Justin,5,,it's fantastic I love it I use it often,1,2026.29.0,2026-07-24T19:26:20,,
Reddit,com.reddit.frontpage,Social,759bbe05-0812-408d-9aab-9cc6a1d096a6,Jacob Waring,1,,i used to have this at 5 stars. i put my first review in 2020 saying how great this app was. its been slowly getting worse by over the past month nothing loads. app is just a black screen.,0,2026.27.0,2026-07-24T19:24:46,,
Reddit,com.reddit.frontpage,Social,54cf71ae-a5b4-4e19-8550-13808ef1056b,Maria Kristine,1,,Forceful app redirection popup,1,2022.31.0,2026-07-24T19:00:20,,
Reddit,com.reddit.frontpage,Social,b2426b2d-a49a-4c85-b0d5-21744942f4ba,Kenneth Elijah,5,,so good,0,,2026-07-24T18:26:40,,
Reddit,com.reddit.frontpage,Social,a6a5b0a9-b9df-4101-b1c2-544131c926be,Kelvin Marcus,5,,perfect,0,2026.29.0,2026-07-24T18:24:04,,
Reddit,com.reddit.frontpage,Social,55d62f68-a51f-49e8-a61c-eef7f16dcaa5,Bakerly,1,,just ruin reddit for tablet with some stupid sidebar that minimizes and shrinks every post. The people who let that through are out of touch,1,2026.29.0,2026-07-24T18:18:12,,
Reddit,com.reddit.frontpage,Social,eb5fe3f7-d5e8-44ce-9f9c-08dae30da40e,I Gede Evan Ariadi Santana,2,,FIX THE USERNAME PROBLEMS,1,,2026-07-24T18:11:01,,
Reddit,com.reddit.frontpage,Social,a56b98d6-667e-4402-95c9-08cc4dc65327,Tishaun Foreman,5,,Spot on.,0,2026.27.0,2026-07-24T18:10:45,,
Reddit,com.reddit.frontpage,Social,e42fecc3-7beb-46fc-a21b-03c22924f089,Taiwo adeorelope,4,,good,0,2026.29.0,2026-07-24T18:08:39,,
Reddit,com.reddit.frontpage,Social,556b4d75-c17b-4aee-a678-9ad623e6df96,Michelle Evans,5,,good,0,2026.29.0,2026-07-24T18:07:11,,
Reddit,com.reddit.frontpage,Social,ab097ba2-2fb7-4fce-886c-3d3eff73136c,Katta Nanda Kishore,5,,Best to actual information,1,2026.29.0,2026-07-24T17:55:31,,
Reddit,com.reddit.frontpage,Social,54be4ca3-c011-47a9-8a64-9b9d371fcc9a,DANNY KOECH,5,,nice app,1,2026.29.0,2026-07-24T17:47:49,,
Reddit,com.reddit.frontpage,Social,e01c4067-3985-48a9-8a53-a79d59eaf493,Sajid Mohammad Khan,1,,it was good new mods admin banning people without any explanation please don't hire these type of people as mods.. see what happened to facebook?,0,,2026-07-24T17:45:00,,
Reddit,com.reddit.frontpage,Social,20df2e72-5505-4299-8424-7a569f7e0230,Phillip Gooden,1,,"Terrible app. One of the most user unfriendly I've ever seen (which is saying something these days). Trying to search anything on it is a nightmare. I'd just use the website, but it's even worse. Honestly best to just never use Reddit in the first place. Their qualities been going down year after year; admins stopped caring 10 years ago.",1,2026.29.0,2026-07-24T17:36:49,,
Reddit,com.reddit.frontpage,Social,d0c0b221-2078-46c3-9219-7823c2c43779,Yanis Wilbrand,1,,"i hate the fact that it has become frankly unusable without an account or the app. Just let me browse the website for goodness sake. I will not download anything or create an account, when push comes to shove I will just stop using the website in general. Do better!",1,2020.24.0,2026-07-24T17:32:19,,
Reddit,com.reddit.frontpage,Social,b8bde333-6d08-4748-9d00-a671cc64c51e,Jamie Lawrence,1,,id verification no thanks,0,,2026-07-24T16:49:12,,
Reddit,com.reddit.frontpage,Social,a9689087-d6bd-4c1c-8c18-654e6a6a302e,Muhammad Sajawal,5,,i enjoying real discussions of lahore people,1,2026.29.0,2026-07-24T16:38:58,,
Reddit,com.reddit.frontpage,Social,be3a91f4-35f0-4e97-970e-b0b0e343e3e4,Amy,3,,After being forcefully integrated for years unknowingly and having really negative experiences I'm really trying to give this interaction a hopeful experiential redo not fully aware of the intent or point of this app to begin with.,0,2026.29.0,2026-07-24T16:34:07,,
Reddit,com.reddit.frontpage,Social,785ba863-313c-4544-9d98-95746ef21c23,Oneline Name,5,,good,0,2026.29.0,2026-07-24T16:30:47,,
Reddit,com.reddit.frontpage,Social,1f67f4ee-3134-42cd-baec-8931bc4fcbeb,Rack Vols,5,,always get what I'm looking for and found out alot of things i didnt know I have intrest for,0,,2026-07-24T16:22:54,,
Reddit,com.reddit.frontpage,Social,b52a9376-273d-4bca-a891-91a5c74caff2,Shashi Mohan Pant,4,,"Reddit is an unmatched source of niche communities and real-world advice. Subreddits provide focused discussions and crowd-sourced knowledge, and voting helps surface quality contributions. The platform is invaluable for deep dives into specific interests and staying informed on diverse viewpoints.",0,2026.29.0,2026-07-24T16:14:25,,
Reddit,com.reddit.frontpage,Social,600babff-df8b-4d78-95a3-fa74192911cb,Usuhkerdene Ushkuu,5,,cool app,1,2026.29.0,2026-07-24T16:01:53,,
Reddit,com.reddit.frontpage,Social,76ed6b5b-6004-46ef-9532-bdcd78b6d6a6,zahirulhaqq,5,,"Reddit is a community-based platform where users share news, ask questions, and discuss topics in thousands of specialized communities called subreddits.",0,2026.28.0,2026-07-24T15:39:11,,
Reddit,com.reddit.frontpage,Social,58df982e-2898-4eec-9c62-850cc39c915e,Sean Brennan,5,,love it!,0,2026.27.0,2026-07-24T15:37:26,,
Reddit,com.reddit.frontpage,Social,e13ce477-293d-4e73-9113-bb15dc43c98a,Outsider13,1,,"They gave me a warning for ""threatened or encouraged violence or physical harm"" for commenting a single dot. They denied me the appeal.",0,2026.29.0,2026-07-24T15:23:21,,
Reddit,com.reddit.frontpage,Social,799bd8ea-ea77-4d1b-8751-d17ad1a96d58,Mohit Sai Charan,5,,Amazing app to just gossip with everyone else on internet about anything. Love it,1,2026.29.0,2026-07-24T15:22:59,,
Reddit,com.reddit.frontpage,Social,844c1fcf-4623-437c-b0ab-f569ab33dc08,Niki Rou,5,,Helps people to estimate products quality and publish their own experience,0,2026.29.0,2026-07-24T15:12:48,,
Reddit,com.reddit.frontpage,Social,ccd373a9-0282-43f3-bb30-7eaea455cb38,Steve Schickert,5,,amazing app,1,2026.29.0,2026-07-24T15:09:11,,
Reddit,com.reddit.frontpage,Social,0b9ff370-77ab-4071-b68c-6078b129c8af,Gus Ojeda,5,,its been good,0,2026.28.0,2026-07-24T15:07:54,,
Reddit,com.reddit.frontpage,Social,a76e089a-aad5-4d89-8c34-daa2c9608433,churrie churiee,3,,good and satisfying app and easy to use,0,2026.25.0,2026-07-24T14:43:17,,
Reddit,com.reddit.frontpage,Social,a55b8f48-b517-4e18-b179-0dd256a09360,Lulu Luvs,5,,love ❤️,1,2026.29.0,2026-07-24T14:30:38,,
Reddit,com.reddit.frontpage,Social,866f9e4d-54a0-4349-8c48-d054e67e2469,MUKESH KUMAR,5,,Good App for me l,0,,2026-07-24T13:48:39,,
Reddit,com.reddit.frontpage,Social,45c02d1f-c9ee-4497-872a-6867fe4f4664,Leon Hewitt,1,,good but needs monitoring,1,2026.29.0,2026-07-24T13:21:29,,
Reddit,com.reddit.frontpage,Social,8e66e55a-bf6f-4971-ae51-65135df6b05f,Orison careers consult,4,,good,0,2026.29.0,2026-07-24T13:10:26,,
Reddit,com.reddit.frontpage,Social,d816b5ae-2dce-408b-bb9e-7e006ffd5e1e,Olaide Ayomide,5,,it interface is clear 👌 and easy to use,1,2026.29.0,2026-07-24T13:08:41,,
Reddit,com.reddit.frontpage,Social,1108cc27-740e-4dd0-acf7-abe3cc11ff0b,Benjamin Wright,4,,fun but corrupt mods,1,2026.28.0,2026-07-24T12:56:29,,
Reddit,com.reddit.frontpage,Social,2e4cbca7-2db0-4b8d-b81e-3c560bdf70a2,Christelle De Klerk,5,,Full of angry people for entertainment lol debates 24/7,1,2026.29.0,2026-07-24T12:53:37,,
Reddit,com.reddit.frontpage,Social,cb17b005-23da-448c-8d61-19e4f7bb0c37,Rakesh Kanojia,4,,nice,0,2026.28.0,2026-07-24T12:11:24,,
Reddit,com.reddit.frontpage,Social,220c94a7-a6ce-4383-9d81-db1ffcccb563,Ollie Adamo,1,,QUIT TRYING TO FORCE ME TO USE THE APP I WANT TO USE THE WEBSITE ON MY PHONE,2,2025.32.0,2026-07-24T12:08:34,,
Reddit,com.reddit.frontpage,Social,b1676710-b96b-48eb-b033-e9d45db2a461,Vicky Hawelikar,5,,nice,0,2026.29.0,2026-07-24T11:42:28,,
Reddit,com.reddit.frontpage,Social,0a7bc97a-3946-4524-ab1d-54faa2c9e260,IanPB,2,,"It used to be good before the recent update. You can't even choose images directly from your LOCAL gallery, and it forces you to choose between Downloads, Favorites, Screenshots, and Camera folders! I could only choose from the Cloud Media Picker whether I should choose images from ""None"" or from ""Google Photos."" If I'll back all of my photos on Google Photos, of course, it'll fill up all of the space, forcing me to subscribe to Google Plus to increase storage! Please do fix this.",0,2026.29.0,2026-07-24T11:06:26,,
Reddit,com.reddit.frontpage,Social,28a63721-dd54-4820-bdf4-28f0343472d1,Munyaradzi Michael Chabuka,5,,awesome!!!,0,2026.29.0,2026-07-24T10:59:51,,
Reddit,com.reddit.frontpage,Social,28e28d5e-2330-405b-b674-a6ffac53651d,Sage Shackelford,1,,"The ads are getting out of control namely appearing in comments. But they at least don't actively host gruesome ads anymore. As for the communities, it feels like there's recently been a massive sitewide lean towards misogynistic mods. That's more of a problem with the subreddit system though because this app is regulated by whoever made a subreddit first, not qualified or vetted individuals.",7,2026.29.0,2026-07-24T10:45:00,,
Reddit,com.reddit.frontpage,Social,8710e66c-df70-41d8-98e7-ac37acb526f9,Bashiru Saidu,5,,love it,0,2026.29.0,2026-07-24T10:42:18,,
Reddit,com.reddit.frontpage,Social,cd6c025d-aa86-4013-b71a-7a828fcd41d8,Sunita Khandelwal,5,,"one of the best thing I've stumbled across, at least I know what people actually experience, rather than the fake lifestyle on insta",1,2026.29.0,2026-07-24T10:28:43,,
Reddit,com.reddit.frontpage,Social,36479eab-4e48-453b-bd80-fdcea74f0be6,Eric Morris,1,,people who've been active few days get more karma than people who've had their account for years,0,2026.28.0,2026-07-24T10:22:35,,
Reddit,com.reddit.frontpage,Social,879141c6-e506-43fb-91a3-845099218b66,Vikram Gopali,1,,I was forced to download the app in the web version. I don't like the app anyway.,1,2026.29.0,2026-07-24T09:43:48,,
Reddit,com.reddit.frontpage,Social,f0b22e52-fa75-41b3-b2fa-e86a337e808f,Kaylor Leisure,1,,Logged me out three times this. And when I try logging back in it doesn't do anything,0,2024.44.0,2026-07-24T09:33:16,,
Reddit,com.reddit.frontpage,Social,f5a59c9a-6770-490f-8135-b59b9434844e,Aleef_fikri1100 Roblox,5,,good app,1,2026.29.0,2026-07-24T09:31:30,,
Reddit,com.reddit.frontpage,Social,2946cb0c-c4a0-44b3-83f3-02d023f786f0,Sahil Kumar,5,,good,0,,2026-07-24T08:57:43,,
Reddit,com.reddit.frontpage,Social,57e7495b-a53d-4047-830d-4e70f1897c5f,Saraswati Hembram,4,,good,0,,2026-07-24T08:33:29,,
Reddit,com.reddit.frontpage,Social,bcdd2388-fd78-46fb-b9be-10205e4fe358,Z,1,,Forced to install it...not cool.,1,2026.29.0,2026-07-24T08:22:19,,
Reddit,com.reddit.frontpage,Social,a1843c09-0726-48e9-8d96-756b1c26413c,Kaleb Brouillette,1,,"Can't even log in anymore. Listen, don't be like the other apps. Listen to your reviews, fix your app and then just leave it alone. If you are the only app that is actually user friendly amongst a sea of enshittified apps, then you'll have a whole corner of the market to yourself. We don't want infinite optimization. We want *reliability* There's always a ceiling, no matter what your shareholders want",0,2026.29.0,2026-07-24T08:19:16,,
Reddit,com.reddit.frontpage,Social,913c2ce1-daf0-442e-a015-05620bc2e6fb,Ibrahim Khan,5,,This app is like entertaining and creative and at the same time it's fabulous,0,2026.29.0,2026-07-24T08:17:06,,
Reddit,com.reddit.frontpage,Social,b74d9341-9312-4c7f-bc88-357988b8e8dc,True Indian,1,,dosent work,0,2026.29.0,2026-07-24T08:05:46,,
Reddit,com.reddit.frontpage,Social,661e64ec-425e-41cc-804a-3c87e56046bc,John Cena,1,,"Nah, this is stupid. I just installed reddit but I knew about it for a long time I just never used it and now today I installed it because I wanted to post something in a community I liked just to find out that I couldn't because I didn't have enough ""karma"" or something?? Like at first I understood because you know I understand reddit probably doesn't want bots or anything but like it was an innocent post. and now I just discovered that my comments also aren't even shown??what im I suppose t do",0,,2026-07-24T08:04:23,,
Reddit,com.reddit.frontpage,Social,8b97e52c-b172-4e79-a790-fc61b386337c,Brandon Harmon,5,,"Don't like social media, I love Reddit. idk",1,2026.29.0,2026-07-24T07:50:32,,
Reddit,com.reddit.frontpage,Social,af91695a-6236-4d54-88b1-704f595d8524,Wholesale Distrola,5,,wow awesome,1,2026.29.0,2026-07-24T07:44:55,,
Reddit,com.reddit.frontpage,Social,be6403df-d398-4d13-b090-cd1a0df37938,Lisa Lawson,5,,good,0,2026.29.0,2026-07-24T07:43:21,,
Reddit,com.reddit.frontpage,Social,8602987a-0ad9-4407-bb9c-e7b709a7073b,Munky Kong,3,,I can upload video on the comment section but not photo. Its just weird to me that i can upoad a video but not photo in the comment section. Its usually the other way around since video is heavier than a photo.,0,2026.29.0,2026-07-24T07:42:38,,
Reddit,com.reddit.frontpage,Social,75b5c563-37d0-4703-8ab1-aaa96b88a75c,Cox Mannan,5,,i like this,1,2026.29.0,2026-07-24T07:15:48,,
Reddit,com.reddit.frontpage,Social,90333848-bba1-4432-8778-40ff225bbaa8,Lyn Rivy,5,,learning my way around on Reddit and having fun with laughs 😁 😂,1,2026.29.0,2026-07-24T06:58:54,,
Reddit,com.reddit.frontpage,Social,cc84f854-e76e-4cac-b9db-158ab8b3e7b2,Milica Mićević,1,,Works properly every 5 days and has the algorithm of a rotten potato.,2,2026.29.0,2026-07-24T06:38:28,,
Reddit,com.reddit.frontpage,Social,75970a3b-f62f-40d8-840f-87091272daff,Nicholas Foster,1,,Uses Ai to delete posts that don't even go against the rules.,0,2026.28.0,2026-07-24T06:26:05,,
Reddit,com.reddit.frontpage,Social,21ed9f52-385c-458f-814f-aa6b67e7e3f4,Erika R. (Ericchi),1,,"Pointless app that is forced upon me whenever I try to just open a Reddit link from the browser. Thankfully uBlock Origin exists and lets me get rid of the nag screen that insists I need to install this useless, data-collecting, ad-ridden app.",1,,2026-07-24T06:13:53,,
Reddit,com.reddit.frontpage,Social,f6901cbd-be5a-41e3-9be7-20d7b2a870eb,Alexi Egan,1,,Id rate less if I could. if I wanted to use the app then I would. but in the middle of a Google search viewing a reddit answer I get this banner across my screen to open the stupid app and I can no longer use it in my. browser,1,2024.33.0,2026-07-24T06:11:18,,
Reddit,com.reddit.frontpage,Social,10ddd650-f53c-4a47-923f-9663c7ab71f5,Melissa O,5,,Love ❤️ it!!!,1,2026.29.0,2026-07-24T06:10:42,,
Reddit,com.reddit.frontpage,Social,e34db477-33f4-412d-823c-3be06ce96675,Nathan,1,,I will never use your app. Why even have a mobile site anymore if you're just going to freeze the screen and promote your garbage app?,1,,2026-07-24T05:59:42,,
Reddit,com.reddit.frontpage,Social,65bc6ab0-ef93-41e4-9663-343ba17aa5b4,Solomon Chaoka,2,,"I always use this app and for the most part I thought there was an issue with my data, but I find that other apps are working well with my network data still on, but Reddit takes too long to load a gif, so long that I have to leave it and recently images, comments, videos and community pages also have to load. I always thought my data was having a problem until I switched to YouTube and Tiktok only for the videos to play with no problem.",0,2026.28.0,2026-07-24T05:32:25,,
Reddit,com.reddit.frontpage,Social,26ff8e20-5f60-44d2-8b26-71162ef81af4,Molly Woodward,3,,It's good so far.,0,2026.29.0,2026-07-24T05:13:25,,
Reddit,com.reddit.frontpage,Social,3aa78bde-2fc6-4fa1-a5bb-4b4ab6e17d8f,Krixus,2,,accidentally refreshing the feed as soon as i open the app is a real mother loving pain in the bucket...,0,2025.46.0,2026-07-24T05:03:00,,
Reddit,com.reddit.frontpage,Social,5437073d-e1e7-4b27-92d8-83a8fa291e32,robin richards,5,,great information!,1,2026.29.0,2026-07-24T04:58:14,,
Reddit,com.reddit.frontpage,Social,acf92a56-999e-4016-b451-147ecc5d0237,Nebelrose,1,,"Keeps uncentering your pfp and they haven't fixed this in years. Anti user ""features"" ruining your experience like the auto scrolling start page. At least they finally got rid of the ""Wait, don't send a screenshot!"" garbage that has been a pain for ages.",0,2026.29.0,2026-07-24T04:50:30,,
Reddit,com.reddit.frontpage,Social,00bc89fc-193a-407c-a4af-b80f49f148f4,Stefan Mancevski,1,,"Tried the owned and operated reddit app and it's just so much worse than my preferred app, Boost. It's a shame Reddit is harming their community in such an overt way. Disappointed, but not surprised -- this is what VC money does.",0,2026.29.0,2026-07-24T04:41:04,,
Reddit,com.reddit.frontpage,Social,3a65aa6d-b9c4-4611-8a2b-ada001defcd5,Ryan McNeely,1,,Don't force people to download an app. What's the point of a mobile site.,1,2026.29.0,2026-07-24T04:27:42,,
Reddit,com.reddit.frontpage,Social,3a0caad9-d6b0-4237-98d9-f67bfccd681c,Jaime Chinchilla,1,,"would give five stars, but EVERY TIME I use the browser (when I don't want to or can't use the app) your ""get our app"" advertisement completely BRICKS the web browser and makes it ENTIRELY UNUSABLE. One star will remain until that's fixed.",2,,2026-07-24T03:56:13,,
Reddit,com.reddit.frontpage,Social,374ef147-fc1d-4c18-a551-f9b4baf8d31c,Ayham Alhimsee,1,,"too too too baaaad... The sheer number of unnecessary rules makes it impossible to even post anything ordinary, toooooo baaaaaaaad",0,2026.29.0,2026-07-24T03:55:18,,
Reddit,com.reddit.frontpage,Social,292b175d-f988-4481-9f42-67fc212f9acf,MS. RONY,5,,this platform is pretty good..,0,2026.28.0,2026-07-24T03:54:56,,
Reddit,com.reddit.frontpage,Social,fda1d24c-c3bb-4952-b318-f86bed1420ce,Charles Anthony,1,,Not happy that I am forced to download this app just to read threads on my phone.,1,2026.28.0,2026-07-24T03:51:59,,
Reddit,com.reddit.frontpage,Social,0e02fa32-3386-4d8a-99fc-da46cadf4241,Rhundis,3,,"Runs fine, but I've lately been having an issue where I will randomly find I am logged out of my account after opening the app. Clicking log in functions as normal but it's just odd. I've seen several posts on the site mentioning it but no one has an answer.",7,2026.29.0,2026-07-24T03:51:38,,
Reddit,com.reddit.frontpage,Social,c147edda-fd63-429c-9c88-abee4fd67246,Geri,5,,When I'm just playing with my phone this app is a great way to feel connected in a very human way. People pose questions about personal issues and some are looking for validation. I haven't asked any questions but I've been able to Politely give opinions. Don't we all Love to do that?? At times people ask really stupid things like how often to shower. Reading some of the comments can be really entertaining .,1,2026.28.0,2026-07-24T03:26:37,,
Reddit,com.reddit.frontpage,Social,2ee6220d-7d1c-4d7c-9d27-1f7434f923a3,Jennifer Sharp,2,,"I can't view mature content & it's glitchy. Also, the amount of teens & bots commenting is ridiculous & it's become a very sarcastic, negative space.",0,2026.29.0,2026-07-24T03:19:20,,
Reddit,com.reddit.frontpage,Social,5387409f-6765-4089-a09a-5872cf686711,jeff,1,,reddit clamped down on all other ways to use the platform to force you on their buggy ad-filled app that tracks you. frustrating slow enshittification of a service that used to be good,1,2026.29.0,2026-07-24T03:17:04,,
Reddit,com.reddit.frontpage,Social,89fec08f-9454-495d-b5b0-db005c39e443,Jackie Dove,5,,I really like reading people's comments on this app. very entertaining.,1,2026.29.0,2026-07-24T03:17:00,,
Reddit,com.reddit.frontpage,Social,f3abf04f-59c3-4c90-b843-051811da7d1a,Bara Momola,5,,good,0,2026.29.0,2026-07-24T03:13:36,,
Reddit,com.reddit.frontpage,Social,ca57668d-4e1c-4df6-8eb6-7ce166906e69,Salsabil Kim,5,,I luv it,0,2026.29.0,2026-07-24T02:55:20,,
Reddit,com.reddit.frontpage,Social,fbc37a92-a51a-4cd6-8d42-62e839df96e1,Ryan Hunter,1,,used to be a daily user but UI has gotten worse and worse until it's now basically unusable,1,2026.29.0,2026-07-24T02:44:32,,
Reddit,com.reddit.frontpage,Social,afb2db50-086f-484a-98a3-8b7834fe2676,Thun Thun,5,,love it,0,2026.29.0,2026-07-24T02:10:22,,
Reddit,com.reddit.frontpage,Social,e1e56848-c964-4678-ad70-d0d3e2df096a,Underworld Mystic,5,,This app is cool if you know what you're looking for. And what type of questions you have can be answered by multiple people from all walks of life who may have an answer.,1,2026.29.0,2026-07-24T01:11:46,,
Reddit,com.reddit.frontpage,Social,671fc706-e427-4a67-9502-bdfb366241fa,Markkell Stone,5,,best app,0,2026.28.0,2026-07-24T01:09:23,,
Reddit,com.reddit.frontpage,Social,b142aabf-34da-43f1-9762-3fe7ca6e7df4,Pangtundure,1,,invalid Credentials 👎🏽,0,2026.29.0,2026-07-24T00:58:27,,
Reddit,com.reddit.frontpage,Social,72e20f8d-0b67-4cc3-ba2c-80c02f445378,Magicdolphin30,1,,"I am going to immediately delete this after I leave a review, because I am not using your mobile app because you have given people no other option. I am just going to stop using reddit.",1,2026.29.0,2026-07-24T00:37:08,,
Reddit,com.reddit.frontpage,Social,2cb4244c-c412-452e-9429-37f2ad1bd108,Gogotya Lwazi,2,,am new on this app,0,,2026-07-24T00:10:05,,
Reddit,com.reddit.frontpage,Social,2091babc-53b5-4e08-8a10-7899d679d766,Chidera,5,,very useful to get information from various people. love the free environment and the rule base. realy protects people,1,2026.29.0,2026-07-23T23:32:37,,
Reddit,com.reddit.frontpage,Social,5812da14-3e76-48f5-ba68-8f559af4645d,Rony IslamA01,5,,Good,0,2026.29.0,2026-07-23T23:32:25,,
Reddit,com.reddit.frontpage,Social,e12e23a9-b47a-4063-93c9-6601391ea3cd,Mark Oghoghome Amos,5,,👍🏾💯,0,2026.29.0,2026-07-23T23:32:17,,
Reddit,com.reddit.frontpage,Social,f559fbf0-b7fb-43a4-a037-c68951f9be3a,Davaasuren Ochir (KitoRicho),4,,Useless notifications always pop up when I check it: random posts I might like. There's no way to turn off that annoyance. That's why I gave it one star.,0,2026.27.0,2026-07-23T23:12:11,,
Reddit,com.reddit.frontpage,Social,0615fec0-15ce-4b1e-80bb-1608d6e5cff7,Habib Ur Rehman,5,,very good,1,2026.29.0,2026-07-23T22:58:15,,
Reddit,com.reddit.frontpage,Social,25f4601e-2a74-43c0-b07c-1fa555912ea2,Crypto Viper,5,,the best among the rest,1,2026.29.0,2026-07-23T22:34:16,,
Reddit,com.reddit.frontpage,Social,a501fd5d-8a07-4bbe-bc14-b7b91d710426,Cory Roesler,5,,It's reddit,1,2026.29.0,2026-07-23T22:20:47,,
Reddit,com.reddit.frontpage,Social,a925a689-9cba-4740-8f0c-08ddaaa926bf,Chidiebere Okere,5,,"new to me still observing, but I think I'll like it",1,2026.29.0,2026-07-23T22:10:29,,
Reddit,com.reddit.frontpage,Social,1f64b029-fb10-4756-99ad-a1278a9dd74f,Ali Raz,1,,"I used both the website and app, but forcing users to download the app by making the website unusable is a bad strategy. I have now uninstalled the app.",1,2022.28.0,2026-07-23T22:02:14,,
Reddit,com.reddit.frontpage,Social,aab22d45-6ac2-4921-88ed-e19adb14161c,HIMNIK,1,,Spez is a horrible human. This app is horrible. update this app still sucks it constantly crashes and is still garbage.,1,2023.24.0,2026-07-23T21:49:16,,
Reddit,com.reddit.frontpage,Social,0d9c4348-ebce-42dd-8588-2e05569dbfe7,Taylor Pence,1,,"It never ceases to amaze me how this app gets worse. For brevity I will just list the problems. Videos don't auto play in feed, audio for short vids/gifs not working, the navigation bar is terrible and takes up a huge amount of screen, when in a subreddit scrolling to far right it changes the view and when you go back it resets and goes back to the top. Just a junky app that doesn't work well but the data it is built on is better than other platforms.",6,2026.29.0,2026-07-23T21:45:06,,
Reddit,com.reddit.frontpage,Social,f1c29247-0404-4fa5-88ae-debc786428b7,real kelly,5,,This is my first time of reddit app but be honest the app interface was unique and easy to navigate.,0,2026.28.0,2026-07-23T21:21:11,,
Reddit,com.reddit.frontpage,Social,d7184629-3fc1-4f5c-a163-ff238788275a,Gummie Bear,5,,it's oki!!! SPOIL ME!!!,0,2026.29.0,2026-07-23T21:09:33,,
Reddit,com.reddit.frontpage,Social,dbad6e34-6034-4678-9134-d655e1d0bf50,Mary E Dobbs,5,,How can criminals prevent me from submitting a tip to the DEA reporting an Urgent life threatening situation?????????,0,2026.21.0,2026-07-23T21:07:20,,
Reddit,com.reddit.frontpage,Social,274fa04d-1630-4416-aa91-6c94fe4a063d,MutantMonkey14,3,,"Notifications always come back for a second time, forever going through extra presses to clear. Broken reddit posts that cannot load, have to copy the url to a browser and modify it to load the page. Videos that don't load. Tons of ads. Now not only are users being pushed from website to this poor app, but 3rd party apps are being forced to call it a day. Reddit is the last decent social media for the people, this is users' last stand before it falls & corps fully control all social sites.",2,2026.29.0,2026-07-23T21:00:22,,
Reddit,com.reddit.frontpage,Social,74949a22-c1c4-42a6-93fe-48a57cbb1127,Mridul Chakraborty,1,,having login issue,1,2026.29.0,2026-07-23T20:55:47,,
Reddit,com.reddit.frontpage,Social,3dfede18-34dd-499c-b7a1-c74c00455462,Dennis Wra,1,,"Reddit has become a much worse platform over time. Many communities feel overly controlled, with inconsistent moderation and frequent censorship concerns. The constant changes to the platform, push toward monetization, and focus on advertising have made it feel less like a community and more like a business. The original spirit of Reddit has been lost.",0,2026.29.0,2026-07-23T20:53:39,,
Reddit,com.reddit.frontpage,Social,3b07b9c2-198c-4533-9f43-f5df4edccdf5,Hemant Charoskar,4,,😞,0,2026.27.0,2026-07-23T20:50:09,,
Reddit,com.reddit.frontpage,Social,6ef9e18c-b80f-4cb8-9291-ffc95ffc3e0c,Danish Lone,5,,🤗,0,2026.29.0,2026-07-23T20:48:32,,
Reddit,com.reddit.frontpage,Social,37d3996b-f83e-4f6a-bf87-54225e16c514,Łukasz Klimkiewicz,5,,"Reddit is the best place online for real conversations. The app is fast, easy to use, and makes it simple to follow the communities I care about. Whether it’s news, hobbies, or memes, everything loads smoothly and feels organized. A solid 5‑star experience.",1,2026.29.0,2026-07-23T20:42:54,,
Reddit,com.reddit.frontpage,Social,34bae653-0590-49a4-8d00-354f122c340e,Ryan Tessier,1,,please stop forcing people to the app instead of the general website. I'm just trying to read a thread from Google as I find it.,1,,2026-07-23T20:27:32,,
Reddit,com.reddit.frontpage,Social,9b17ddd7-80cd-4d19-9598-1725355241c3,tyler nichols,1,,"less than one star, reddit moved to force people to download this stupid app instead of just using web browser. I downloaded it just make this snarky comment amd then delete this stupid app. reddit is dead and deserves it",1,,2026-07-23T19:56:03,,
Reddit,com.reddit.frontpage,Social,1c53cdab-92ca-4d58-a83a-202171129b7b,Vishal Kumar,4,,the groups are too strict with their policies lately and you get banned without any notice. otherwuse Good to know general people's views on topics.,0,2026.28.0,2026-07-23T19:55:33,,
Reddit,com.reddit.frontpage,Social,16546726-33a2-41f8-a360-714c6fc843fa,Chuck Fu,2,,pain in the behind app. shows a blank white page many times or spends an eternity trying to load feebely. have to close manually because it won't. sigh.,0,2026.29.0,2026-07-23T19:48:44,,
Reddit,com.reddit.frontpage,Social,31ebe847-7179-473b-ad42-a5bf1ffaf977,Ayesha Sewwandi,5,,gooodd,0,2026.29.0,2026-07-23T19:37:34,,
Reddit,com.reddit.frontpage,Social,9208e333-68eb-44a6-9f4a-df7318c7bc56,Leandra,1,,"Keeps logging me out, and when i try to log back in it wont let me until i reinstall the app.",0,2026.29.0,2026-07-23T19:16:37,,
Reddit,com.reddit.frontpage,Social,23d63b06-977b-4f3a-aeea-397f3fae060e,Pwjdibxjskwow,1,,there is no app with worse people on it than reddit,0,2026.29.0,2026-07-23T19:10:18,,
Reddit,com.reddit.frontpage,Social,be42e6bd-fa59-4674-9d77-a2c13d5b48b4,Victor,5,,perfect,0,2026.27.0,2026-07-23T18:38:16,,
Reddit,com.reddit.frontpage,Social,bc3bce15-1c41-43d2-91a0-9bff72f72783,Navadeep Pavan,5,,one of the only apps that is actually using dark mode effectively,0,2026.24.0,2026-07-23T18:13:58,,
Reddit,com.reddit.frontpage,Social,bbd79ea2-8115-46ba-896b-3b0944e2313f,Seth Weiner,1,,No longer loads after login,1,2026.29.0,2026-07-23T18:07:12,,
Reddit,com.reddit.frontpage,Social,70fd80b5-4685-4eb1-b14f-447fce039cc3,Jenric Grutas,4,,just bit of problem,0,2026.28.0,2026-07-23T17:56:19,,
Reddit,com.reddit.frontpage,Social,1d152f8e-3116-4614-80d9-c393f82f19a5,Jacob Avero,5,,alot of information,0,2026.28.0,2026-07-23T17:53:50,,
Reddit,com.reddit.frontpage,Social,71179990-18c1-4820-83fe-85464785a34f,Fotis Antaras,1,,it is r edit what you lse you want me to say?,0,2026.29.0,2026-07-23T17:49:51,,
Reddit,com.reddit.frontpage,Social,985867bf-0bf5-44b5-8a62-d57741f06381,Tasha,1,,"Refreshes to the top when you've spend 2mins away from the app. not sure why developers are doing this as all it does is make me use the Internet browser to access the website instead. Are they gonna fix this? highly unlikely, with every other company, these guys are on a race to the bottom.",1,2026.29.0,2026-07-23T17:23:24,,
Reddit,com.reddit.frontpage,Social,e3f4961b-853f-402d-a6ad-a7e877b3573d,Mary Johnson,5,,i love this app keep it up,0,2026.24.0,2026-07-23T17:04:42,,
Reddit,com.reddit.frontpage,Social,a9874186-c55f-4aa5-a279-7dd7dc0fbd77,UK 15,5,,very good app,0,2026.28.0,2026-07-23T16:28:41,,
Reddit,com.reddit.frontpage,Social,d6ad57c8-e763-4f57-b520-00464e9cfc4e,Kelso Robertson,1,,I don't understand why it now tries to force you to download the app when you're using the browser version even though the web version has features the app doesn't. Horrible design decision.,1,,2026-07-23T16:06:05,,
Reddit,com.reddit.frontpage,Social,1bf76815-ac9e-4db6-84a1-5d706c80617b,M L,1,,I was randomly logged off a few days ago and I can't log in now. But it works fine if I access from Chrome,1,,2026-07-23T15:59:06,,
Reddit,com.reddit.frontpage,Social,0d563e8b-1383-4b36-8293-60cf80fde590,Kane Markus,1,,"Forcing the mobile app with an impassable popup haha. For all the controversy surrounding Steve Huffman, one uncontroversial thing is he sucks.",1,,2026-07-23T15:55:55,,
Reddit,com.reddit.frontpage,Social,f2d83e5f-920b-406e-853e-f9c3b965f93f,Jerrid Green,5,,the best,0,2026.29.0,2026-07-23T15:52:17,,
Reddit,com.reddit.frontpage,Social,f43b1bdb-fff1-459b-b95c-8255ed946e1b,Dominic Tornum,3,,"good, so far there's no problem.",0,2026.28.0,2026-07-23T15:45:31,,
Reddit,com.reddit.frontpage,Social,691167d1-3549-4c18-89a4-0739dced933b,Mayan kumar,5,,good,0,2026.29.0,2026-07-23T15:42:13,,
Reddit,com.reddit.frontpage,Social,3bf3c525-0a15-455d-b2ed-a333e5be765a,Abhi Kumar,1,,my ids getting banned for no reason,0,2026.26.0,2026-07-23T15:32:59,,
Reddit,com.reddit.frontpage,Social,a2708f00-d356-4ba9-b610-a1f3559ea834,Markossie Narlik,5,,thank you for the help everyone,0,2026.29.0,2026-07-23T14:40:39,,
Reddit,com.reddit.frontpage,Social,e6f1a1f2-ee7e-4333-8a41-58b6ef4a0ba7,Clara Ava,5,,interesting,0,2026.29.0,2026-07-23T14:39:50,,
Reddit,com.reddit.frontpage,Social,1506a67d-ca70-45f0-b516-871bf64f7525,Aaron Hollinger,1,,honestly the app is alright. although 2 stars since they don't want to let you browse for longer than like 30 seconds on my browser without HEY DO YOU WANT TO DOWNLOAD OUR APP?!?! BTW YOU CANT VEIW THE PAGE ANYMORE YOU SHOULD DOWNLOAD THE APP SO YOU CAN LOOK AT THE THING YOU WERE LOOKING AT IF YOU DOWNLOAD THE APP BTW HAVE YOU DOWNLOADED THE APP? Just let me view the content. and honestly I'll drop it to a 1*.,1,2026.28.0,2026-07-23T14:31:26,,
Reddit,com.reddit.frontpage,Social,5d25d1bc-9049-4790-b928-41c4d1d66e04,Whats Up,1,,worst app,0,,2026-07-23T14:21:33,,
Reddit,com.reddit.frontpage,Social,f456ed06-164e-4e10-a40e-00463b97aa2a,Pascal Dk,1,,Credentials not working with the app but works fine on mobile browser. No API access anymore. Can't edit custom feeds from here. Reddit worked better when we had other apps than this.,7,2026.29.0,2026-07-23T13:53:14,,
Reddit,com.reddit.frontpage,Social,8d10d77d-8eef-440f-8600-48ef1eb923d9,Nazim Yasar,4,,"full of news,",0,,2026-07-23T13:44:58,,
Reddit,com.reddit.frontpage,Social,56eaf040-3c04-4b5e-bdda-e3b6500ba652,Isaac Hy,3,,always logging me out for no reason. Glitchy as a sob.,1,2026.29.0,2026-07-23T13:38:48,,
Reddit,com.reddit.frontpage,Social,47e2eeda-d903-4e7c-8226-28b6e8ac3b06,Adeez Khan,4,,good,0,2026.28.0,2026-07-23T13:23:11,,
Reddit,com.reddit.frontpage,Social,cb869e1f-6cdc-47a9-afe7-d57905afae6b,Edfy Mafuleka,3,,fire,0,2026.29.0,2026-07-23T13:11:34,,
Reddit,com.reddit.frontpage,Social,eeb4213f-23ed-40f9-b949-a530a2ada111,Abhigyan Saxena,5,,good,0,2026.28.0,2026-07-23T13:07:49,,
Reddit,com.reddit.frontpage,Social,3b8c6f4d-79d8-4483-beff-52ef6410501d,Chamith sisira Kumara,5,,wow,0,,2026-07-23T13:03:27,,
Reddit,com.reddit.frontpage,Social,a45beed6-93ec-4a4a-b580-7362ce949703,muhammad yahya,5,,nice to get informed and updated and aware😄,1,2026.29.0,2026-07-23T12:55:41,,
Reddit,com.reddit.frontpage,Social,725ba8ab-6a92-4aa3-8736-57d33eb45822,Cay Gar,1,,"Logs me out after every single use. This is reddit, not a banking app.",1,2026.29.0,2026-07-23T12:49:26,,
Reddit,com.reddit.frontpage,Social,80e87cc9-f559-485c-9af3-3d417414024a,Charan Veerepalli,1,,nice,0,,2026-07-23T12:37:38,,
Reddit,com.reddit.frontpage,Social,745c89e3-9832-4aa8-8ee5-0825175cf017,Mukrram Malik,5,,ok,0,2026.29.0,2026-07-23T12:35:56,,
Reddit,com.reddit.frontpage,Social,afe1e1ff-421e-4b57-9b05-72a5c6511584,Noor Muhammed,5,,nice,0,2026.29.0,2026-07-23T12:12:14,,
Reddit,com.reddit.frontpage,Social,9cd3af43-a746-4e77-985a-259e088ce097,bravo l96,1,,when I delete this app and download it again it didn't work anymore I hate this 😭😡,0,,2026-07-23T11:57:04,,
Reddit,com.reddit.frontpage,Social,83a489c8-53c0-4eb3-8c7f-03526f7dd179,Bram,1,,reddit can burn for trying to kill the working mobile website for this garbage app,1,,2026-07-23T11:37:23,,
Reddit,com.reddit.frontpage,Social,80b6aa53-92e1-4641-9701-add410dbf092,PJ Rocks,1,,the recent update made ads more prominent. The skip to next thread button on the bottom now stops on ads. the ads also got larger.,1,2026.29.0,2026-07-23T11:36:13,,
Reddit,com.reddit.frontpage,Social,b6e99465-ec69-43ac-85a3-f019b94c77f9,Mitanshu Vfx,4,,lovely,0,2026.27.0,2026-07-23T11:23:35,,
Reddit,com.reddit.frontpage,Social,9b2f365c-c1f4-4e4c-8a73-e1f7d180b742,Eli Bowers,5,,great app ..,1,2026.29.0,2026-07-23T11:22:49,,
Reddit,com.reddit.frontpage,Social,bcf026bf-d466-4f97-946f-b5668b4aa8da,Paco Castro,1,,"""Bad request "" can't block accounts.",2,2026.29.0,2026-07-23T11:22:43,,
Reddit,com.reddit.frontpage,Social,8d2eaac9-7bac-48d9-945b-b944b5c32076,Zain Khan,5,,My Experience Slightly Better than Other Social media Apps.,0,2026.28.0,2026-07-23T11:22:17,,
Reddit,com.reddit.frontpage,Social,fdd0ab17-6db7-472e-9040-ce243763fae9,Cheynne Svensen,5,,👌,0,2026.29.0,2026-07-23T10:59:14,,
Reddit,com.reddit.frontpage,Social,31571200-304b-439d-817d-a3b78c62bd57,Anita Bhatnagar,5,,nice app,1,2026.29.0,2026-07-23T10:52:11,,
Reddit,com.reddit.frontpage,Social,8dcf3bc2-0c09-4eba-8514-04d3a345282e,It Kalaw,4,,I like't,0,,2026-07-23T10:00:14,,
Reddit,com.reddit.frontpage,Social,f1f11f84-6af2-41a6-95f8-aaedc1215ad6,Ian Howe (howitzer1972),1,,July 17 update completely destroyed landscape mode. The app no longer supports full screen and will not work landscape. Amazing AI developers do A+ work again.,2,2026.29.0,2026-07-23T09:49:26,,
Reddit,com.reddit.frontpage,Social,94896f64-4ba7-41e0-a0eb-d97e9f2f4a5f,Adnan Habib,1,,worst app and too many bugs.,0,,2026-07-23T09:47:26,,
Reddit,com.reddit.frontpage,Social,43064d03-e210-4434-b374-e2423ce74062,Jeff P (Central Valley),5,,perfect,0,2026.29.0,2026-07-23T09:37:45,,
Reddit,com.reddit.frontpage,Social,965a94df-a61b-41c4-9960-f1c517d36eb0,Baz Waterhouse,1,,broke the mobile web,1,,2026-07-23T09:20:38,,
Reddit,com.reddit.frontpage,Social,9b038eb9-3bf7-405b-a173-8d4861899de0,Vadym Kakhovsky,1,,I removed this garbage and started to feel much better.,0,,2026-07-23T09:14:01,,
Reddit,com.reddit.frontpage,Social,4ea93366-827c-4997-82c7-65855ce8b7b0,Cory Spencer,3,,The most recent update broke the tablet optimizations on my Pixel Tablet.,7,2026.29.0,2026-07-23T09:11:20,,
Reddit,com.reddit.frontpage,Social,9b04fa5c-fc96-44b7-b2cb-68a8c64f79fe,Zach Smith,1,,Only downloaded the app because it forces to me to if I try to use reddit though google.,1,2026.29.0,2026-07-23T08:55:37,,
Reddit,com.reddit.frontpage,Social,72a42ad3-75d4-45a5-adfb-582a9665c920,Rajesh Munagoti,5,,good,0,,2026-07-23T08:44:07,,
Reddit,com.reddit.frontpage,Social,86fff5a3-4ec7-476d-9c9f-84ba9680f56b,sandra romig,5,,Helpful advice from all over. Intelligent people too!,0,,2026-07-23T08:36:20,,
Reddit,com.reddit.frontpage,Social,b6024110-3257-4d69-933b-a0a40717f79b,GG Voul,1,,App not work anymore,0,,2026-07-23T08:09:35,,
Reddit,com.reddit.frontpage,Social,f0bd0dac-fc3f-469b-b54e-5342276b0ea8,Michael Klewinski,1,,A great way to see anything and everything,0,2023.47.0,2026-07-23T08:05:11,,
Reddit,com.reddit.frontpage,Social,8f101976-7162-4487-8d92-d72dcfba6848,Patrick Gomes,1,,"the website has been degraded again trying to force people onto the app, so I rate the app 1 star again.",3,2026.17.0,2026-07-23T08:02:23,,
Reddit,com.reddit.frontpage,Social,6a0cc478-214a-4d7c-bffc-19b7b99d6ab7,Gregory Allen,5,,great stuff,0,,2026-07-23T08:01:18,,
Reddit,com.reddit.frontpage,Social,1eab4550-28dc-4c48-a137-bc58bc09c8b9,Ivan Jordan,1,,absolutely rubbish reddit most controlled sites ever,1,,2026-07-23T07:57:11,,
Reddit,com.reddit.frontpage,Social,a938b0f9-e78c-4e60-bf6e-3ce46e9ee850,Tr Z,1,,"mobile site keeps spamming permanent popups for this app that will not go away and make the site unusable. Do not download, they use predatory tactics in attempts to harvest more of your data",1,,2026-07-23T07:21:57,,
Reddit,com.reddit.frontpage,Social,54e3acb8-2344-4a17-a2da-16bd0b1b70ec,swittchblade,1,,"I hated using the app compared to the website. Now the website won't even let me use it, trying to force me to install this useless app. If I could rate negative stars I would, as this actively detracts from the user experience.",1,2026.29.0,2026-07-23T07:08:17,,
Reddit,com.reddit.frontpage,Social,9a759418-b176-4320-ae92-4483bc8ddfa1,George Ashmeade,5,,Great option for current affairs anbd Real time interactions.,1,2026.29.0,2026-07-23T06:08:20,,
Reddit,com.reddit.frontpage,Social,eab4dc77-bba1-4636-a4c5-44848b37731c,Chibuzor Uhegbu,5,,kinda of hectic still getting some insight for now but it's cool 😎,1,2026.29.0,2026-07-23T06:03:32,,
Reddit,com.reddit.frontpage,Social,1e2dc216-57d7-495b-a8c4-33df65a00a5b,Ramez Youssef,5,,I love it so much ❣️😍,0,2026.28.0,2026-07-23T05:45:31,,
Reddit,com.reddit.frontpage,Social,96f7249e-9c4b-4a8b-9d84-564bc5fe44b1,Sean Mitchell,1,,"Mobile site always asks to continue in app, no thanks I just want to browse the site and not install another shite app just to view a mobile page. The new button nag to install the app is even more annoying. And it just keeps getting worse. I am pretty addicted to reddit but I am now actively trying to leave the platform as these ui changes to try and force the app are unbearable. I seem to keep updating this review every time I accidentally end up here and add dots. ... ... ...",10,2.25.0,2026-07-23T05:41:28,,
Reddit,com.reddit.frontpage,Social,4fc6db76-746f-4485-9e81-8ac319cd95e6,Teresa Crutcher,5,,Reddit gives you information on subjects from people just like you! love it!,0,2026.28.0,2026-07-23T05:39:55,,
Reddit,com.reddit.frontpage,Social,41a2ed55-cf09-491f-b754-d187d3f3d257,Ruben Ruiz,5,,"it's welcoming to have stuff appear that one is actually interested in; rather than, endless stuff to wade through before one finds something interesting!",1,2026.29.0,2026-07-23T05:33:39,,
Reddit,com.reddit.frontpage,Social,b864f3a0-775d-4849-8a22-736908ccd0b0,Khaliet Rohani,5,,good 👍,0,,2026-07-23T05:29:10,,
Reddit,com.reddit.frontpage,Social,867654a5-e2c8-4197-91f0-f002bdd09d5f,Troy Daughtry,5,,It's my go to on wide variety of topics,1,2026.29.0,2026-07-23T04:49:33,,
Reddit,com.reddit.frontpage,Social,4a88a7c3-dad7-4ac1-95ae-1d0f186ab851,Amanda Floyd,1,,this app never works anymore. app still sucks,1,2026.29.0,2026-07-23T04:34:00,,
Reddit,com.reddit.frontpage,Social,f218dfd7-b62a-40fe-b2bb-306d2841556e,Lesle Gore,1,,needs a widget option for my phone stupid otherwise and I won't be using app much cos of this,1,2026.29.0,2026-07-23T03:58:46,,
Reddit,com.reddit.frontpage,Social,0afb2a86-49d5-4f4c-8bf8-c567056c6597,James Dayrider,5,,great,0,2026.29.0,2026-07-23T03:25:39,,
Reddit,com.reddit.frontpage,Social,46acd057-bf38-45ec-9689-f982cb04cf6d,Josiah Harvey,1,,"can't use on chrome. I don't want the app I just want to read from chrome, but they no longer let you get there from Google on a specific topic through chrome.",1,2026.29.0,2026-07-23T03:12:51,,
Reddit,com.reddit.frontpage,Social,d11289ff-6bfc-4d6e-a158-f28c254580ec,Mike Mc,1,,forced to download to view from mobile... nope will uninstall after this review,1,2026.29.0,2026-07-23T03:08:16,,
Reddit,com.reddit.frontpage,Social,4cd45c45-81c5-4e33-b72b-7b516cae1a1c,Lewis Ngari,3,,great discoveries,0,2026.28.0,2026-07-23T02:38:50,,
Reddit,com.reddit.frontpage,Social,5daf8b6b-13fb-465e-b627-e6c4d6a1d47c,Amos Storkey,1,,Annoying unnecessary app forcing that just tracks. Pointless.,1,2026.29.0,2026-07-23T02:34:06,,
Reddit,com.reddit.frontpage,Social,5876d9c1-0f74-4334-bf98-3b990741da79,ADELEKE VICTOR ADESOPE,5,,very good app,0,2026.28.0,2026-07-23T02:05:13,,
Reddit,com.reddit.frontpage,Social,1ec08033-85d7-475d-85d5-b622dad07586,eleas,5,,you can get feedback and solution from real person,1,2026.29.0,2026-07-23T02:03:21,,
Reddit,com.reddit.frontpage,Social,68c95fc9-3b75-4966-9119-e9eecb3f3cfd,Jason,5,,"Really good app, I really like how it works and looks",0,2026.25.0,2026-07-23T01:56:59,,
Reddit,com.reddit.frontpage,Social,feb1f521-a220-4c2c-9d02-7afbdc5ee459,Fassiha Ahmed15,1,,reddit have to introduce the policy so that no can make fake profiles and can't spread others numbers for contact...i am facing issue that a girl spreads my numbers through a post and she is pretending that she is a prostetute.,0,,2026-07-23T01:52:40,,
Reddit,com.reddit.frontpage,Social,247b5e39-59e4-4532-91d7-d8352456b9c5,Sheraz Khalil,5,,😊 good,0,2026.28.0,2026-07-23T01:47:35,,
Reddit,com.reddit.frontpage,Social,93ed9d69-7f4c-42d3-be58-eee6adc2a9e6,Sitha Nkukwana,1,,Im unable to use the app even though my account works fine on the website it keeps saying unable to authenticate me,1,2026.29.0,2026-07-23T01:47:24,,
Reddit,com.reddit.frontpage,Social,86fe6ef2-af55-4731-aba5-265919347b03,Parry Oyakhire,5,,Great,0,2025.36.0,2026-07-23T01:42:38,,
Reddit,com.reddit.frontpage,Social,1a23d7c6-7315-4698-86dc-655f2cc8a9bd,Ash Khanna,5,,The app works great on my phone. No lags or crashes. I enjoy reading views from others on my favorite channels.,1,2026.28.0,2026-07-23T01:32:56,,
Reddit,com.reddit.frontpage,Social,31f48995-7db6-42a7-bb60-4d1cb0bc0854,Landro Sikat,1,,forced me to download it,1,,2026-07-23T01:24:28,,
Reddit,com.reddit.frontpage,Social,665503a4-5794-4804-9823-d0820019ac09,abdelrahman abo el nasser,1,,usles waist of time .... i think the app is only for teens .. usles app.. a waist of time,5,2022.2.0,2026-07-23T01:14:08,,
Reddit,com.reddit.frontpage,Social,e0e621b0-8d3d-4398-b824-9be2655d52ee,Christiana Ross,5,,cool,1,2026.28.0,2026-07-23T01:13:14,,
Reddit,com.reddit.frontpage,Social,0f25e0a4-a386-4fbb-849a-ed468f661c63,Alex Castonguay,1,,stop pushing the apps,0,2026.29.0,2026-07-23T01:08:40,,
Reddit,com.reddit.frontpage,Social,a19135c9-6769-4594-94e0-fc691ae22c2d,armoredpiecrust,1,,I'm updating my review to reflect the bug fixes and improvements that they've made.,70,2026.29.0,2026-07-23T01:06:33,,
Reddit,com.reddit.frontpage,Social,ba69f84d-87c9-4873-85c2-73bd86053d88,m r,1,,"Seems like we're regressing instead of improving. vids lag or just won't load, and now I can just view reddit quick online, it prompts me to download the app and blocks all actions on screen.",1,2026.25.0,2026-07-23T01:02:24,,
Reddit,com.reddit.frontpage,Social,3024f6a9-169c-4d73-b2cd-453ced0970fa,Brendan Bybee,1,,Banned for no reason,1,2025.32.0,2026-07-23T00:32:09,,
Reddit,com.reddit.frontpage,Social,42bbb2d1-f880-4229-b442-0058a6a9168a,Haolin Robert Zhang,1,,why are you forcing me to download the app. no longer going to use reddit.,1,,2026-07-23T00:31:55,,
Reddit,com.reddit.frontpage,Social,956cb212-688a-4899-85ed-200cda65c3d3,Vhikosi Mashele,4,,it's prefect but annoying from time to time,0,2026.28.0,2026-07-23T00:28:33,,
Reddit,com.reddit.frontpage,Social,63e925f0-91bd-44a1-9660-8d646211934f,tino gotora,3,,"the is app generally good but for some reason they moved the history button from where it used to be.this wouldnt be a problem if it wasn't for the fact i cant access my profile it just says ""looks like reddit is gaving trouble"" its been this way for months",0,2026.29.0,2026-07-23T00:22:14,,
Reddit,com.reddit.frontpage,Social,823ae0bb-22f6-4fb1-a5eb-44f71eb64250,Raine Salmond,4,,"great for info, news and awesome stories of you want drama that's not personal. a lil glitch here and there but nothing app-breaking! great job. I also love that I can use doge as an app ""skin"". I hate crypto and NFTs but I like dogs and I like memes.",0,2026.27.0,2026-07-23T00:01:25,,
Reddit,com.reddit.frontpage,Social,81415bfe-a7a2-4f27-8afa-c4a7e500ffaa,God'swill Eko,5,,I love it,0,2026.29.0,2026-07-22T23:13:53,,
Reddit,com.reddit.frontpage,Social,039d0bd7-937e-4011-930c-34e7ba60222f,Chris Coleman,1,,"Still not getting your app and I'm not sign in. I just read and don't n.Stop trying to force your BS app. I just read reddit, I have no need to sign up or use your trash app. Stop blocking me from reading mobile pages with BS NSFW warnings on a mobile page but not desktop. A gaming forum has no reason whole site is NSFW, individual threads can already be tagged. Google should remove your BS from websites and should be illegal to stop people from reading mobile sites to force them into your app.",5,,2026-07-22T23:06:57,,
Reddit,com.reddit.frontpage,Social,4230ddd7-87a4-4deb-a8ae-d78af30d2e5d,Santosh Subramanian,5,,best way to get opinions faster. love it,0,2026.28.0,2026-07-22T23:04:07,,
Reddit,com.reddit.frontpage,Social,fc519ca1-bbbd-4989-a8e1-d681ef2138bc,SONU Tradash,1,,nice,0,2026.29.0,2026-07-22T22:54:14,,
Reddit,com.reddit.frontpage,Social,b1de3454-a54d-435f-8b8e-85010d90c0a3,Super Ryomen,2,,"people are so weird and stupid, I don't like how stupid they are, they're IQ has to be near 10, also, people post weird stuff about sonic, even when safe search is on, so I don't like this, and people on it are very weird and disgusting",1,2026.18.0,2026-07-22T22:21:34,,
Reddit,com.reddit.frontpage,Social,0d05013c-f21e-45c2-a6d6-2e40e62d6af3,Pedro Alvear,5,,I think that reddit is a great place where people can talk to other people and find solutions.,0,,2026-07-22T22:21:30,,
Reddit,com.reddit.frontpage,Social,42b97677-b4cf-4f0e-ba80-2d5ab669f9f6,Jaru sai,1,,An app that protects animal abusers and dog meat eaters. Got banned for defending against the idea of animal abuse and dog meat trade.,0,2026.28.0,2026-07-22T22:16:39,,
Reddit,com.reddit.frontpage,Social,08b0a3ac-4103-4e46-b623-e29527063bf1,Qi Ren,2,,When can this app learn that I want to see something different not everything the same?,0,2026.28.0,2026-07-22T22:07:59,,
Reddit,com.reddit.frontpage,Social,6657cf9b-fd79-44d4-ab30-e6e7db69cef0,Aliscia “Momo/Motor” Moore,5,,"Has lots of different stories and detailed opinions on many many things, too many to name them all, but if your interested in a informative, opinionated, story time app I highly recommend this app. thank you lots",2,2025.38.0,2026-07-22T22:06:49,,
Reddit,com.reddit.frontpage,Social,b63e7d99-2e3b-4ab0-878d-796a4d95d671,Adaeze Ezekwe,1,,"So annoying, honestly never written a bad review on an app before spent 3 days trying to figure it out , never used abusive words or spamming before just trying to reply a post or make a post myself but keep getting banned in like 4 accounts!!! I started only 3 days ago!",1,2026.29.0,2026-07-22T22:02:31,,
Reddit,com.reddit.frontpage,Social,a987549f-a253-4182-8080-6494b6a8ce48,Barhim Mousaid,1,,I really don't know why I'm being blocked. I hate this app,1,,2026-07-22T22:01:08,,
Reddit,com.reddit.frontpage,Social,0c17b782-b9d5-4ce4-bcf5-6341f67e8643,Vikas Kumre,1,,magic,1,2026.29.0,2026-07-22T21:39:37,,
Reddit,com.reddit.frontpage,Social,d5811ada-caef-4bbd-8d41-fd34d3704dcf,Christian Rodriguez,5,,Awesome Sauce !,0,2024.22.1,2026-07-22T21:33:21,,
Reddit,com.reddit.frontpage,Social,1aea3051-9924-402a-8a32-6a52a5bdc23b,Alex Fernic,1,,Thanks for BAN my account,1,2026.25.0,2026-07-22T21:17:57,,
Reddit,com.reddit.frontpage,Social,a79b0468-9396-4b2a-96b0-ccf180b11ac9,Angel dump Siarez,4,,good apps,1,2026.29.0,2026-07-22T21:09:24,,
Reddit,com.reddit.frontpage,Social,a9daad71-f80e-483b-bed4-b399796f2705,Angel Howard,5,,Reddit lover for over a decade. sometimes it's the only place you can find answers.,1,2026.28.0,2026-07-22T20:50:19,,
Reddit,com.reddit.frontpage,Social,7360b918-75ec-48ed-b4cc-9aa80c1b0056,Caesar Acosta,5,,great,0,2026.28.0,2026-07-22T20:44:36,,
Reddit,com.reddit.frontpage,Social,07b8d111-ce0c-4245-ac88-3b1a3b9d95d2,alexander temple,5,,good,0,2026.25.0,2026-07-22T19:51:17,,
Reddit,com.reddit.frontpage,Social,c0816d8f-c3c8-4f88-b217-4342552dea57,Deepak Vishwakarma,4,,yeah its good,0,2026.28.0,2026-07-22T19:36:04,,
Reddit,com.reddit.frontpage,Social,6f0974c7-159d-4263-9c4e-b64fe027f449,Robert Allen,5,,🥰,0,2026.29.0,2026-07-22T19:27:04,,
Reddit,com.reddit.frontpage,Social,2572e225-931c-4caf-9522-623a370b619f,Samuel Niyibikora,5,,nice app,1,2026.29.0,2026-07-22T19:06:47,,
Reddit,com.reddit.frontpage,Social,c3f8a893-220e-40dc-abaa-5f368f940a04,Michael V,1,,Edit July 3rd 2026: The app now requires an account to use. No more just browsing for free. Old.reddit also now requires an account or you are trapped in the worthless mobile view. They say it's to stop Ai scraping the site but that's a lie,1,2023.10.0,2026-07-22T18:59:47,,
Reddit,com.reddit.frontpage,Social,684d17f5-f9f2-4bb1-89be-9b4f48bc6e74,Debra AllHeart,5,,a lot of great information,0,2026.28.0,2026-07-22T18:29:00,,
Reddit,com.reddit.frontpage,Social,6ba79c09-a5eb-41b7-b628-7caeb4558a73,Haikal Hasif,5,,nice app,1,2026.29.0,2026-07-22T18:28:57,,
Reddit,com.reddit.frontpage,Social,fa964ac6-b631-4f87-b067-33d0daa97426,Srikar Ammu,3,,too rude crowd,0,2026.29.0,2026-07-22T18:22:27,,
Reddit,com.reddit.frontpage,Social,cbad6e3b-fa5c-4a94-913d-796c9e549cb6,Bader almutairi,5,,good app 👍,0,2026.28.0,2026-07-22T18:22:21,,
Reddit,com.reddit.frontpage,Social,271a756f-6d93-4a38-a17b-940f20e3512f,Lucky Duck777,1,,Malicious data tracking app. no longer trust worthy source for anything. mostly ai bots commenting and posting. also they broke their web site to force you to download their malicious app in order to stalk their members every move. this app is designed to be a predatorial app that only person is to keep your attention it's the same as drug addiction and has no benefit to members mental health or privacy. be aware.,0,,2026-07-22T18:00:43,,
Reddit,com.reddit.frontpage,Social,a66fad62-e466-4e75-b423-b71013a48d05,muhara watter,5,,good,0,2026.29.0,2026-07-22T17:49:29,,
Reddit,com.reddit.frontpage,Social,c45428a3-6b46-41ba-b480-0284da2792da,Walid Ahbab,5,,nice,0,2026.28.0,2026-07-22T17:21:26,,
Reddit,com.reddit.frontpage,Social,105a2162-a0ce-4bcd-9c44-8e7ef657051d,Madhab Das,5,,good,0,2026.28.0,2026-07-22T16:54:45,,
Reddit,com.reddit.frontpage,Social,f0a3d8c3-9b62-4d18-9e3c-576ab7a8f6c3,k Denish,1,,why do I keep getting banned for no reason no comments no activity still getting banned I'm frustrated with this app,0,2025.24.0,2026-07-22T16:40:06,,
Reddit,com.reddit.frontpage,Social,d7a693bd-6214-4862-9005-e0a341db51a1,jalel Bernard,5,,"well I'm having good time on tf2 community, so is great",0,2026.28.0,2026-07-22T16:37:58,,
Reddit,com.reddit.frontpage,Social,313a3a94-5cad-4d67-80bb-6a0ce6f374e0,mitthu don,5,,goated,0,2026.28.0,2026-07-22T16:35:48,,
Reddit,com.reddit.frontpage,Social,740aad38-3575-4f48-abcd-9cc8316c76ef,Natalie Holness,5,,love it so far,0,2026.28.0,2026-07-22T16:34:48,,
Reddit,com.reddit.frontpage,Social,ec124721-6a22-478c-8c0d-ad36756204b8,Rick A,1,,"boo app, website is fine stop pushing your app",1,2026.28.0,2026-07-22T15:59:14,,
Reddit,com.reddit.frontpage,Social,252eab74-8c79-41b6-81f6-26b51800488c,Richard Swisher,5,,it's kool,0,2026.28.0,2026-07-22T15:52:44,,
Reddit,com.reddit.frontpage,Social,263e5114-733f-4e87-bd40-95c947b3e00c,Kaonashi K,1,,"I am constantly recommended posts that are multiple days old and with very little engagement. I don't know if the website (and thus this app) is dying because it's run by incompetent fools, or if the algorithm that determines your feed is so heavily manipulated it digs posts up from the bottom of the pile just to try and manipulate you into engaging with rage bait, but it's terrible. Videos also just don't play ~30% of the time, and the general user experience is incredibly subpar.",91,2026.25.0,2026-07-22T15:31:03,,
Reddit,com.reddit.frontpage,Social,1539625a-a5ca-4e85-b6b6-7207f3984919,Francisco Juarez,1,,"Don't bother commenting or posting anything. Been using this app for almost ten years and had to step away due to the rampant banning from the now AI run app. Literally have people talking about rape or being racist pos but the people who call them out on it get banned. then when you talk to the ""mods"" you just get a list of rules that dont even match the rules visible at the top of the subreddit. Just delete the app",2,2026.28.0,2026-07-22T15:28:47,,
Reddit,com.reddit.frontpage,Social,0e520109-dae8-4697-a420-48280dde0eb5,depd20,5,,Excellent environment to express your own concerns,0,2026.29.0,2026-07-22T15:14:54,,
Reddit,com.reddit.frontpage,Social,5c5b273e-8c05-476e-9c00-5a1253a1d828,Abhinav Kumar,5,,"i have been use this app for 1 years it, amazing",0,2026.28.0,2026-07-22T14:21:39,,
Reddit,com.reddit.frontpage,Social,9ce1abf6-ca73-4934-96a0-55907d758559,Leon Boardman,4,,love it,0,2026.28.0,2026-07-22T14:14:33,,
Reddit,com.reddit.frontpage,Social,27d71ed2-2831-44cf-9b32-37c47621f7df,babe decency,5,,Nice place to connect,0,2026.28.0,2026-07-22T14:12:29,,
Reddit,com.reddit.frontpage,Social,8946f62e-93ae-42e2-b93f-425a6072e6ad,Edward Johnson,1,,"Reddit is trash now. Tons of bots, forced login, ""Top"" feed doesn't show the most up voted content anymore. Just garbage. It's time to move on.",0,,2026-07-22T13:38:12,,
Reddit,com.reddit.frontpage,Social,2df4b1ca-3dcc-432f-a9da-049fb66d66a6,Erik Pajac,5,,I think I gonna learn something here in reddit so I had to explore here more I want to know more what reddit can offer,0,,2026-07-22T13:34:04,,
Reddit,com.reddit.frontpage,Social,f20da506-a0d9-41b7-8988-15f3af18e14b,حکیم عبدالله,5,,best,0,,2026-07-22T13:24:15,,
Reddit,com.reddit.frontpage,Social,da702655-fea7-469a-8f6c-ed4788ce8e60,Lakshan Indika,5,,Good 😊,1,2026.29.0,2026-07-22T13:15:27,,
Reddit,com.reddit.frontpage,Social,ff87fe4b-79ff-40b2-8d42-0ed2520f27a4,Samuel Munachi,1,,I wish I could give 0 stars. A waste of data to be honest.....,0,2026.27.0,2026-07-22T12:27:28,,
Reddit,com.reddit.frontpage,Social,ab7d85eb-d5b6-4f44-a17b-b333e6147c1a,Syuib Qwebz,5,,a good resources to get more information.. this will help students also..,1,2026.29.0,2026-07-22T12:24:26,,
Reddit,com.reddit.frontpage,Social,e799d32c-b703-4985-b599-8efb76298157,sandile khumalo,3,,i love this application,0,2026.28.0,2026-07-22T12:17:07,,
Reddit,com.reddit.frontpage,Social,865cc4bd-6c39-480b-b3c9-40f8a6629b3d,Denys Grushchak,1,,cannot use the app in web browser without this app,1,,2026-07-22T12:16:09,,
Reddit,com.reddit.frontpage,Social,37b585c5-ed39-4e30-86a2-cea806acbe1f,deeez nuts,5,,its sucks dont ask for review again,0,2026.15.0,2026-07-22T11:42:30,,
Reddit,com.reddit.frontpage,Social,7f841f79-5656-4066-b68a-cc85439dde74,Kirtan Patel,4,,"very good,.social media apk for connection",1,2026.29.0,2026-07-22T11:23:31,,
Reddit,com.reddit.frontpage,Social,01b78480-2a8c-472c-a1b3-b72ba3effcc3,Prateek Mishra,2,,too many filters,1,2026.29.0,2026-07-22T11:19:51,,
Reddit,com.reddit.frontpage,Social,cf205344-f45e-475e-92a4-4ba9a0ad9e2d,RaVi MIsHRa,1,,unable to Authorize error 🤡,1,2026.02.0,2026-07-22T11:09:39,,
Reddit,com.reddit.frontpage,Social,f1d3436c-e694-4640-b525-08b52f836eeb,Junior Diaz,5,,I really like this application the only problem I realized that the videos has no sounds,2,2026.29.0,2026-07-22T11:07:25,,
Reddit,com.reddit.frontpage,Social,23225b1f-c5ff-4898-9031-a3539bf8c92f,Mansur,5,,Not bad 😁 First time download 🫡,2,2026.29.0,2026-07-22T10:48:07,,
Reddit,com.reddit.frontpage,Social,16272a5f-fa45-4d0a-bd64-b9845c001264,JOY Kappala,5,,it's good,0,2026.28.0,2026-07-22T10:48:06,,
Reddit,com.reddit.frontpage,Social,bc427c1a-1ede-41b7-8719-c22250b1498d,walter kovacs,1,,The android app is unusable. It's stopping me to log in to my account by saying invalid password. But my password is correct. I cleared cache and memory but its still happening. Honestly I was frustrated with this app before but now I am fed up.,1,2024.20.3,2026-07-22T10:42:58,,
Reddit,com.reddit.frontpage,Social,3d4395da-d938-46f1-9d94-4c86424a7abf,Indimal Aloka,1,,😉,0,2026.28.0,2026-07-22T10:34:28,,
Reddit,com.reddit.frontpage,Social,0baa337a-76d1-4064-afac-ffc546e70e7a,Aziz Mo,5,,the comment section could be better,2,2026.29.0,2026-07-22T10:24:28,,
Reddit,com.reddit.frontpage,Social,a06105c8-1392-40fa-a801-c1f3d5b058f4,Rickiese Jones,3,,solid app no ads too,0,2026.28.0,2026-07-22T10:00:07,,
Reddit,com.reddit.frontpage,Social,197b64e5-14de-442d-9366-53603c3aafb7,Raymond Mcbroom,3,,lots of scammers,0,2026.28.0,2026-07-22T09:36:35,,
Reddit,com.reddit.frontpage,Social,31c45045-ce6a-4dc1-a448-98572a34c297,Dustin Dally,1,,tablet layout sucks. it's so clunky,2,2026.29.0,2026-07-22T08:53:59,,
Reddit,com.reddit.frontpage,Social,b2a5e916-c611-44d1-8f35-d7232fd56530,Ruby,1,,Forcing users into installing your (terrible) app via blocking mobile access is wild. The apps only functionality is shoveling ads at you and harvesting your data so it can shovel more ads at you. Installed to write this review. If I can't use mobile I won't use reddit.,1,2024.20.3,2026-07-22T08:52:05,,
Reddit,com.reddit.frontpage,Social,eafd4f6a-33b2-4427-91eb-b8747a675eb4,Nelson,1,,cant look anything up on my browser without it giving an inescapable popup to download this app. what makes you think ill download your app if you dont let me read anything on your website?,1,2026.25.0,2026-07-22T08:24:31,,
Reddit,com.reddit.frontpage,Social,10eb6500-16ad-4911-831e-63256721c93e,Anima Boro,5,,this is really good,0,2026.28.0,2026-07-22T08:18:38,,
Reddit,com.reddit.frontpage,Social,d27fed22-be56-46b5-a244-f690487b3270,ANIL KUMAR,5,,good 😊,1,2026.29.0,2026-07-22T07:26:55,,
Reddit,com.reddit.frontpage,Social,0a693c4c-8322-4923-b3fb-8cf4aaee8537,Michael T. Vermeulen,4,,"well, why not?",0,2026.28.0,2026-07-22T07:19:07,,
Reddit,com.reddit.frontpage,Social,bd5c3837-fe68-4e0f-9985-e4f8256dc897,Damien Staebler,1,,stop forcing user to use this app.... allow people to browse on their mobile browser,1,,2026-07-22T07:18:33,,
Reddit,com.reddit.frontpage,Social,099dcf30-1ee6-4f3c-b00c-dec2e9ba456b,Sbuda Mabizela,1,,can't browse without them asking for you to get the app without having space on your phone,1,,2026-07-22T07:16:14,,
Reddit,com.reddit.frontpage,Social,1752b1a1-869e-43ac-914f-3baad223fee1,matt guo,1,,"Never had the app but am being forced to the app by the mobile website. Kinda scummy so 1 star Update to say it's only gotten scummier. 0/5 update it's getting worse, I shoulda started at 2 stars who could have guessed.",7,2026.29.0,2026-07-22T07:11:16,,
Reddit,com.reddit.frontpage,Social,87943ee0-3aaa-4ebe-a03d-8982c6840bf2,Nicola Bignell,5,,it's brilliant,0,2026.28.0,2026-07-22T07:01:34,,
Reddit,com.reddit.frontpage,Social,2b82dd79-6506-42fc-8a2d-b7a3cf1fa446,Robin Aartsen,3,,"Forces people to get the app which is suspicious. Best use for the app is only to gather knowledge from people about hobbies. Actually discussing things with people is horrendous due to the upvote/downvote system. All in all, great place to learn and share knowledge, bad place to socialize.",0,,2026-07-22T06:31:57,,
Reddit,com.reddit.frontpage,Social,c49a5576-c05b-4ab2-b0d3-864585163f51,Jeshua Thao,1,,Requires you to have app to read from browser.,1,,2026-07-22T06:28:32,,
Reddit,com.reddit.frontpage,Social,175cdda2-1707-4e9d-953a-1d7a9a49ebdd,lucaaass,5,,been using reddit on and off for a long time and it's a 10/10 for me.,0,2026.28.0,2026-07-22T06:27:57,,
Reddit,com.reddit.frontpage,Social,2b58ae88-4dca-4b26-98f6-ad2fd0f610f9,Luntana indu Magangapa,4,,I don't think I know it works but I love it!,0,2026.28.0,2026-07-22T06:27:23,,
Reddit,com.reddit.frontpage,Social,62ebeb7e-787c-4e0d-931b-9f9f3dab2888,abdullah samarie,3,,kind of annoying when ur. new member but it gets better,0,2026.28.0,2026-07-22T06:06:22,,
Reddit,com.reddit.frontpage,Social,d508b748-3693-4202-a3da-f4cf71374d7c,Brave At heart,1,,"Stop banning my accounts... Bro, I was originally banned 5 years ago. I've learned my lesson. Stop repeatedly banning me; this is my 40th account. After six months, it's gone.",0,,2026-07-22T06:00:17,,
Reddit,com.reddit.frontpage,Social,c6581264-898b-414c-9c84-02529113cee3,Elena Manginsay,5,,Awesomeness,0,2026.28.0,2026-07-22T05:41:16,,
Reddit,com.reddit.frontpage,Social,753e96f1-e21f-42e5-9f85-935a623c7fee,Willem van der Merwe,1,,"Can't scroll on the web, have to use app now. Terrible for when you need to quickly find help on a topic",1,2026.28.0,2026-07-22T05:26:46,,
Reddit,com.reddit.frontpage,Social,75152d26-dcf6-457a-b342-73f5e00da78a,paul roberts,5,,great,0,2026.28.0,2026-07-22T05:11:05,,
Reddit,com.reddit.frontpage,Social,799142bf-0bae-4606-9585-6ca8d26e6b46,Darla Taylor,5,,The best,0,,2026-07-22T04:58:45,,
Reddit,com.reddit.frontpage,Social,63d11016-f682-48b4-a965-7a10606edb04,TH3 R34P3R,1,,I have login issues on my galaxy note 10 plus I can open my account on the browser but not on app please fix this issue,2,2026.29.0,2026-07-22T04:46:14,,
Reddit,com.reddit.frontpage,Social,1a6fbd3c-2d92-4c90-b314-8989026d2c70,Naj Pirate,5,,"Unmatched community hub for almost any niche interest, honest discussions, and crowd-sourced knowledge.",0,2026.28.0,2026-07-22T04:25:01,,
Reddit,com.reddit.frontpage,Social,ed167d4b-2a9c-4d89-8cd1-9ce1aafcb2e6,Olasubomi Isreal,5,,nice app,0,2026.28.0,2026-07-22T04:17:35,,
Reddit,com.reddit.frontpage,Social,33676756-9d27-4621-872e-1a7cf633893a,Victor Marcel,5,,niceee 😂🤗 thank,0,2026.28.0,2026-07-22T03:52:07,,
Reddit,com.reddit.frontpage,Social,d6459572-51b4-4287-a512-b2915fd7f8ae,Soren Winter,1,,"Reddit now requires using its app instead of the website. So here I am using the app, Reddit.",2,2026.28.0,2026-07-22T03:45:17,,
Reddit,com.reddit.frontpage,Social,819ede57-83bd-4af2-9df8-1ee925ec4980,stephan ah-thien,5,,Really need Reddit,0,2026.28.0,2026-07-22T03:43:54,,
Reddit,com.reddit.frontpage,Social,c1601f57-c475-4aab-a076-1562b39ac883,Nathan Castillo,3,,There needs to be some kind of child safety lock for this app.,0,2021.47.0,2026-07-22T03:35:02,,
Reddit,com.reddit.frontpage,Social,122a5f2e-baef-4679-b83a-af9e0a285608,Miranda,1,,I dont want your stupid app so you can force me to look at advertisements!! Goodbye Reddit. Way to let greed win again.,2,,2026-07-22T03:23:53,,
Reddit,com.reddit.frontpage,Social,8aba8607-a478-4283-98f2-432fa0b11eec,Melinda Neal,1,,"😡. allow me to surface to Web without you requesting to steal my Data, except in a very calm corporate way!",2,2024.33.0,2026-07-22T03:17:57,,
Reddit,com.reddit.frontpage,Social,00e2f870-6bac-4fae-8b97-ab220814ad2e,Riley,1,,Crazy predatory and money-grabby to force people to download the app instead of using the browser.,2,,2026-07-22T03:17:46,,
Reddit,com.reddit.frontpage,Social,2f619424-064a-443a-a9f6-24343b3bc0f7,Clikmi,1,,Download button doesnt download even though download permissions are allowed. Happens only on reddit other apps work fine,0,,2026-07-22T02:58:22,,
Reddit,com.reddit.frontpage,Social,5e044f2f-c648-40cf-b56e-44040197af96,kevin sanchez,1,,the app ain't working and seems to a mess ever since it's corporate land lords we're placed,1,1.12.9,2026-07-22T02:55:17,,
Reddit,com.reddit.frontpage,Social,a52d69ee-663f-4205-a345-3884b9744293,Gustavo Davis,4,,I know this is something that's been with Reddit for long time but I wish they would remove the down vote system. I understand that a comment may not be popular but if someone posts that is not against the posting rules for that subreddit then I don't think they should allow someone to down vote a comment just because someone doesn't agree with it. I feel like a comment should only be flagged if it violates a rule of the subreddit or of reddit itself. I genuinely hope they remove this.,0,2026.28.0,2026-07-22T02:52:03,,
Reddit,com.reddit.frontpage,Social,ae7c14ca-549f-4a41-935c-b072ed69ba8b,Cold,5,,تطبيق جيد للتواصل و حل المشاكل الي ما راح تلاقي حل الها بمكان ثاني,0,2026.23.0,2026-07-22T02:47:13,,
Reddit,com.reddit.frontpage,Social,ff1a76e3-0885-4f2f-9e80-ff97c7b8629f,Randy Brock,1,,"Cant open any reddit pages on browser without getting a pop-up about ""reddit being better on the app"" but with no functionality to actually open the existing thread in the app, it just opens to the front page. this has been an infuriating change and has me debating finding an alternative app",2,2026.28.0,2026-07-22T02:31:35,,
Reddit,com.reddit.frontpage,Social,df97eee9-b00e-4726-9b8f-5b17f43d6487,Bishop Benavides,3,,I'm having issues because my account profile isn't viewable and won't let me repost to my own profile or save posts,1,2026.29.0,2026-07-22T02:17:32,,
Reddit,com.reddit.frontpage,Social,f5883ff4-d8bb-4c4d-a9ee-b0562019ae95,S,1,,"severely nonfunctional. can't even work to upload basic photos and reorder them, it's apparently a ""known issue"". and yet they ban other apps from allowing reddit-hosted uploads, in order to force users to use their garbage bloated trash app, because they know otherwise nobody would EVERRR use it. ads nonstop, and deceptively blended into your normal content. absolutely not worth it to use the official reddit app. pay a dollar a month and support a different far better app instead.",1,2026.21.0,2026-07-22T01:47:00,,
Reddit,com.reddit.frontpage,Social,af2dce00-bc3e-4b7d-8838-872dfbf1748a,Cainos Magonagona,4,,excellent,0,2026.28.0,2026-07-22T01:38:28,,
Reddit,com.reddit.frontpage,Social,3b3fba81-3f37-4386-9b27-069505d928ae,Luke Eddy,5,,"you know, reddit things",1,2026.29.0,2026-07-22T01:37:01,,
Reddit,com.reddit.frontpage,Social,5268e155-4a65-4d53-a77b-b9972f10f0ad,Olufemi Ajibade,5,,Good 👍,0,2026.18.0,2026-07-22T01:35:59,,
Reddit,com.reddit.frontpage,Social,4bd244b9-1740-4334-965b-29b05e6a4af0,Michael B,1,,Tries to force you to use the app. I just use desktop mode whenever I use this site on a mobile device. The app should be an option! not forced. It's annoying having to use desktop mode on my phones browser. I WILL NOT USE THIS APP,2,2022.26.0,2026-07-22T01:33:26,,
Reddit,com.reddit.frontpage,Social,87d71e3c-652f-480d-be38-4a0c884a0743,Stephen Russell,5,,very happy with this app recommended to anybody,0,2026.28.0,2026-07-22T00:25:31,,
Reddit,com.reddit.frontpage,Social,6a057c6a-0dfd-47b3-b852-91f196ed04f2,Mike Tooke,4,,love ❤️ it,0,2026.28.0,2026-07-22T00:03:19,,
Reddit,com.reddit.frontpage,Social,5ab4b66c-4dab-4b93-8ed9-eace3012716f,Shuvo 17,1,,thanks for the constant pop-up,2,,2026-07-21T23:47:44,,
Reddit,com.reddit.frontpage,Social,9e721011-dcd5-4419-bec4-eb4b855d0935,Zaw Zaung,4,,It is a great social media app,0,2026.28.0,2026-07-21T23:32:40,,
Reddit,com.reddit.frontpage,Social,4d4d17b7-a514-4099-b6b1-1608fd3364cf,Adrienne Kraft,5,,"I learn a lot by being able to connect with experts in my field of interest,",0,2026.28.0,2026-07-21T23:13:40,,
Reddit,com.reddit.frontpage,Social,96b932e8-5cd4-483b-9e0f-67ab408225f2,claire kern,5,,it seems like answers or responses are always relevant to my situation or problems...,0,2026.28.0,2026-07-21T22:45:47,,
Reddit,com.reddit.frontpage,Social,17c30c64-b69a-4b1c-9683-d537a6d977b6,Damion Johnson,1,,Save folder keep vanishing or never shows up.,1,2026.29.0,2026-07-21T22:43:25,,
Reddit,com.reddit.frontpage,Social,5a2b43a4-7eac-4949-8930-7a22d87767f7,John O Neill,1,,Cannot use reddit on Web browser! I cannot use reddit on any Web browser without a popup appearing and asking me to download the Reddit app which I already have. It's very very annoying and honestly it's making me not want to use the app. If it keeps up I will probably uninstall the app.,2,2026.28.0,2026-07-21T22:43:03,,
Reddit,com.reddit.frontpage,Social,7f70b070-2c73-44f9-b3dc-83c062c0b46a,Devansh Singh,5,,A great app for NEWS but just work on your UI,0,2026.28.0,2026-07-21T22:35:43,,
Reddit,com.reddit.frontpage,Social,f56d6a70-1048-409b-8745-cdc60af3ff3c,Shon Richardson,5,,😍,0,2026.28.0,2026-07-21T22:18:45,,
Reddit,com.reddit.frontpage,Social,8d87922c-82e0-47f4-b8f3-5841d797f360,Rahul Singh,5,,good 😊,0,,2026-07-21T22:18:29,,
Reddit,com.reddit.frontpage,Social,ccfc18ac-b70b-4ee9-ac52-85edc9e223fe,Sarthak Pawar,5,,love to use reddit,0,2026.28.0,2026-07-21T22:17:43,,
Reddit,com.reddit.frontpage,Social,6ac5434e-9f74-4c00-96d6-e14f5c501be8,Waseem Khan,4,,ok,0,2026.28.0,2026-07-21T22:07:46,,
Reddit,com.reddit.frontpage,Social,8f36f1d2-a559-46ef-bc60-3eb0a6f871dc,Bob Clever,3,,Great app I love it,0,2026.28.0,2026-07-21T22:06:37,,
Reddit,com.reddit.frontpage,Social,b14d8bd0-c88d-4102-adf6-28f470e6eea2,Mohd Azhar,5,,"A great platform for discovering communities, learning new things, and participating in interesting discussions.",0,2026.28.0,2026-07-21T22:04:49,,
Reddit,com.reddit.frontpage,Social,25927445-f08c-4545-b31a-1b3befa813ee,Dani Belle,5,,i love reddit to much,0,2026.28.0,2026-07-21T22:00:37,,
Reddit,com.reddit.frontpage,Social,76cb0213-6495-4f76-9a3a-ac5db5088c54,Santos Rodriguez,5,,Always something to read and look at.,0,2026.28.0,2026-07-21T21:36:45,,
Reddit,com.reddit.frontpage,Social,9d4ba928-52cb-45c4-a034-797a7db8133b,Michelle Heath,5,,"If I ever need to learn something new, I can count on someone on Reddit that knows the answer. If I can't find the answer here, I see people posting incorrect things and find the answer in the comments. It seems like this social media platform is not as corrupted by bots as others.",0,2026.28.0,2026-07-21T21:34:21,,
Reddit,com.reddit.frontpage,Social,57a9c247-1d8d-4aaf-b86d-fe01fa87d77c,Kusumarani Kusumarani,5,,innovative,0,2026.28.0,2026-07-21T21:32:20,,
Reddit,com.reddit.frontpage,Social,ee169b02-9643-4663-a2f0-3551cf721024,Michael Uzowuru,4,,it's ok,0,2026.27.0,2026-07-21T21:17:24,,
Reddit,com.reddit.frontpage,Social,adf10d46-afa6-4408-be63-2fb845d17303,Rikki,5,,I found Reddit searching for information on Hecate. Great resource,0,2026.28.0,2026-07-21T21:12:54,,
Reddit,com.reddit.frontpage,Social,cd9cf633-23c1-4a8d-a4e3-0cbf54213439,joshua akash,5,,informative and fun,0,2026.28.0,2026-07-21T21:10:14,,
Reddit,com.reddit.frontpage,Social,21ccc68c-dc8f-4bc4-882e-db8688f16539,Abdul Haadhi S,4,,"informative, different perspectives of different persons, everyone is genuine here. like, it is organised into news, politics, sports. Thats why it is easy to access not like any other where bunch of messages or reviews will be packed and we have to cross 1 mil wrong information to get 1 correct info. So yeah I'm loving using it.",1,2026.29.0,2026-07-21T21:05:14,,
Reddit,com.reddit.frontpage,Social,75153860-18c5-4870-af66-ecff8b38ebdf,Prabhjot Singh,5,,It's great finding new people. love it .,0,2026.28.0,2026-07-21T21:00:48,,
Reddit,com.reddit.frontpage,Social,6d04111b-5563-4344-a34f-6cedf866c81a,Lauren Elliott,1,,I'm not getting this app. Let me browse in peace.,2,,2026-07-21T21:00:10,,
Reddit,com.reddit.frontpage,Social,076652b1-e00a-4d0f-a869-6d0c7659dd8f,Daniele Ventriglia,5,,"Good interface, quick app, works well with traffic data, a lot of topics to choose from, good discussions from communities. Only one thing is bugging me right now: when upvoting on mobile on a post and then going back the upvote disappears",6,2026.28.0,2026-07-21T20:59:12,,
Reddit,com.reddit.frontpage,Social,801553b0-5569-483d-95e9-44b514de67e1,Juan Martinez,2,,"used to live reddit. fix the issue. if I search the web and click on a reddit forum, after couple of seconds tells me to try it on app and I can't see it on the web. I have no problem with this, but after clicking try the app (which I already have), it sends me to play store and does no have a direct link to open reddit with the current thread im reading.",2,,2026-07-21T20:52:37,,
Reddit,com.reddit.frontpage,Social,3b541fe1-f5fb-41fb-b42f-a2371f9dd65c,William Barnes,5,,nice to be able to scroll freely! and not on a Zuckerberg platform,0,2026.28.0,2026-07-21T20:51:25,,
Reddit,com.reddit.frontpage,Social,6fc084e8-8d4c-43f7-b3eb-9ccf1c96e200,David Keller,1,,Stop messing around and give use our free awards back. It gets worst ever updated nobody asked for a total conversion! The UI/UX is hideous! And became way too user unfriendly! How can I leave this beta test gone wrong?31/10/23 Still a mess 16/11/23 Still a mess 11/06/24 ... 21/07/26 still a mess,4,2026.28.0,2026-07-21T20:44:51,,
Reddit,com.reddit.frontpage,Social,dcc03da1-24d3-4cd1-ade6-181b0cfd5897,Amanda Smith,5,,Brilliant for health related advice,0,2026.28.0,2026-07-21T20:39:14,,
Reddit,com.reddit.frontpage,Social,9ae03a27-4afc-4cd0-a04c-96cf19b65f18,Joson Bou,5,,HAKUNA MATATA,0,2026.28.0,2026-07-21T20:27:06,,
Reddit,com.reddit.frontpage,Social,6172a476-bf6c-4677-bbea-f1525db023e7,Mister Yanson,1,,"I CANT EVEN SIGN IN TO MY ACCOUNT BECAUSE IT SAID ""SORRY, WERE UNABLE TO AUTHENTICATE YOU"" LIKE AM I LOCKED OUT?! I TRIED EVERYTHING AND AM STILL LOCKED OUT!",1,,2026-07-21T20:25:49,,
Reddit,com.reddit.frontpage,Social,c8eff8df-69b9-42d1-8669-46461c71d28d,True Starr,5,,very informative,0,2026.22.0,2026-07-21T20:02:39,,
Reddit,com.reddit.frontpage,Social,ac729ddc-dd2b-4a41-9171-98a6d493d516,Romeo Miguel Gatus,1,,don't even send messages or posts i have reported but no action should the app itself will be shot down,1,2026.29.0,2026-07-21T19:56:37,,
Reddit,com.reddit.frontpage,Social,a422f6e8-7ebd-4637-bbfe-4d0adc9306ca,Brigid M,2,,the app is 50% ads,1,,2026-07-21T19:17:02,,
Reddit,com.reddit.frontpage,Social,4f19e561-4033-4a1d-9503-981689a3de85,Rogelio Guerrero,1,,not good for you,1,,2026-07-21T19:03:36,,
Reddit,com.reddit.frontpage,Social,67e028b2-af89-41e7-980a-f6c36879a451,Rogue Shaddo,1,,1* for locking web use,3,2024.31.0,2026-07-21T18:42:11,,
Reddit,com.reddit.frontpage,Social,63b8bc83-1278-4b7e-b1d9-20bfedae2a6b,Amna Ghufran,5,,very good 😊,0,2026.28.0,2026-07-21T18:38:46,,
Reddit,com.reddit.frontpage,Social,b4f12323-c74f-4be2-b914-dd24b5426245,Ethan Hendrix,1,,try to use it on the web. makes you download the app and then you have to sign up waste of time,2,,2026-07-21T18:38:35,,
Reddit,com.reddit.frontpage,Social,0835522b-de27-4171-8597-20925ba2d9c0,Michele M,5,,"I love Reddit! There are many interesting and different threads to read. I can ask communities questions and I get great advice on things like sewing, baseball cards, and how to clean my washing machine. Its great to talk to people that have the same interests.",0,2026.28.0,2026-07-21T18:36:58,,
Reddit,com.reddit.frontpage,Social,5f40644b-35ba-4b19-8899-9b7d2575175b,Jimmy Carroll,4,,Randomly decided to log me out of my account,0,2026.28.0,2026-07-21T18:27:32,,
Reddit,com.reddit.frontpage,Social,90a5de92-d119-4444-8c28-91a25ca87fb3,* “‪AirBizkit‬” *,1,,"I used reddit for almost 10 years without a single ban and now that I have been following a page that covers a certain gremlin looking mommy ender who thinks she's a celebrity, I've been banned several times. Reddit just allows her and her minions to abuse the report system! I used a commonly used nickname for her this last time and got a 7 day ban. oh and thanks for reminding me every day of my ban that I'm about to mess up my streak of being active on reddit every day!",2,2026.28.0,2026-07-21T18:01:09,,
Reddit,com.reddit.frontpage,Social,dc64bafd-6d54-49fd-b892-3da2b18ac7d6,MrMikkel 125,1,,"I do not want to use the app, I do not like the app, but I can't use the website on a browser because an advertisement for the app effectively disables the browser site entirely",2,,2026-07-21T17:58:53,,
Reddit,com.reddit.frontpage,Social,9ca55487-cab9-48a1-85f0-5c0731a19a34,Chrisvel John Novela,5,,it's great,0,2026.28.0,2026-07-21T17:53:46,,
Reddit,com.reddit.frontpage,Social,95c7628b-38bb-485f-b00e-c1a4778e0936,Kirsten “Kae” Law,1,,Won't be downloading this simply on the principle that it's being forced upon users to view ANY thread whatsoever after one of the recent updates. What a garbage system. Want a single QUICK answer or review about something? TOO BAD. Now you're forced into the mess of an app.,1,,2026-07-21T17:49:43,,
Reddit,com.reddit.frontpage,Social,17d98ee5-a4f1-4c99-925b-3bf6650cf137,Whitney Weltz,1,,"I hate the reddit app, I prefer using my browser and it sucks they won't let me anymore.",2,2026.29.0,2026-07-21T17:13:48,,
Reddit,com.reddit.frontpage,Social,236660e6-579e-415d-b08e-4b1522da528f,Emmanuel Perez,5,,Good App and its the same as the PC and IOS version,0,2026.28.0,2026-07-21T17:08:12,,
Reddit,com.reddit.frontpage,Social,468baab0-0770-461d-8425-eb37f7b30e80,Amit Shinde,5,,Informative and authentic topics being discussed online.,0,2026.28.0,2026-07-21T17:06:57,,
Reddit,com.reddit.frontpage,Social,1617d3c1-57e6-4ca4-bd67-aebd6b94e669,Asmit Roy,5,,amazing app,0,2026.28.0,2026-07-21T17:00:10,,
Reddit,com.reddit.frontpage,Social,3fc4f979-b2fa-42d1-9a22-99088eaa35fb,Pierson Lynch,1,,It won't even load. I tried erasing and redownloading. still nothing.,1,2026.28.0,2026-07-21T16:10:53,,
Reddit,com.reddit.frontpage,Social,95343f10-c115-4bf4-9d10-9af1390b021e,Shubhi,5,,love it,0,2026.28.0,2026-07-21T16:01:25,,
Reddit,com.reddit.frontpage,Social,cdad3a8f-c9b2-4ee9-9c5e-811abe9dd293,Ioannes Armadwros,1,,"anything but putting a trustworthy data verifier for age verification,WHY PERSONA OUT OF ALL???",1,2026.28.0,2026-07-21T15:49:32,,
Reddit,com.reddit.frontpage,Social,da41a425-d48a-4d70-a0ed-a6a7648e1491,Aysha Moontaha Hannan Rodela,1,,you don’t allow Bangladeshi or what? i tried my number and it Doesn't have Bangladesh's one,1,,2026-07-21T15:37:50,,
Reddit,com.reddit.frontpage,Social,5a0e38bf-f33a-4cec-bbbb-a5f067acc9ea,Aymen Abdelfatah,1,,"I don't understand why anyone would think moving the navigation menu to the left of the screen was a good idea, but they also thought, hey let's also make it take up half the screen all the time too. And then on top of that, they don't add a setting to change it back. What an idiotic design choice that literally adds no value whatsoever.",1,2026.28.0,2026-07-21T15:23:00,,
Reddit,com.reddit.frontpage,Social,f810a36a-9f92-46d1-98ba-6d8ab688a69d,Sohel,5,,reddit always good,0,2026.28.0,2026-07-21T15:15:07,,
Reddit,com.reddit.frontpage,Social,d7968328-3fcd-48fd-80aa-ffe16ea818c2,C,1,,"Mobile website keeps redirecting me to the app but clicking on the button brings me to the play store and not the app. Which means I can't even view the post in the app, dumb design. Allow people to use the mobile website as before.",9,2025.26.0,2026-07-21T15:13:57,,
Reddit,com.reddit.frontpage,Social,471e56b3-0216-422f-bacc-5dd7587afe60,AVISHEK kharel,5,,amazing app,0,2026.27.0,2026-07-21T15:08:12,,
Reddit,com.reddit.frontpage,Social,43ec6c32-26ce-450f-9c71-329bf1631d5a,Alaina Jefferson,1,,Can't login anymore. I love Reddit itself but the app is pointless if you can't login.,1,2026.28.0,2026-07-21T14:31:32,,
Reddit,com.reddit.frontpage,Social,44dc7267-18c5-4706-832b-86324ad6559e,Sameer Sahoo,1,,Getting logged out every time I open the app,0,2026.28.0,2026-07-21T14:02:19,,
Reddit,com.reddit.frontpage,Social,a85c582a-7ac9-463d-95ff-2fa09237505c,Musa,1,,"Everytime I make an account suddenly after some times it says: ""Looks like Reddit is having some trouble."" this is so annoying I'm unable to contact anyone nor I can comment. What's the point of making this app? Even though I didn't violate any rules.",1,2026.28.0,2026-07-21T13:19:27,,
Reddit,com.reddit.frontpage,Social,6b7f4a08-354d-48e9-bf41-3e67eb8a2e47,Tushar Tyagi H.I.,5,,"best for all kind of knowledge and love how we communities are distributed,a anyone can find there people here",0,2026.28.0,2026-07-21T13:17:45,,
Reddit,com.reddit.frontpage,Social,2b297b31-cfbd-40a3-bd4c-3c0c0752975f,Peter Low,4,,Great source of entertainment and info. the app is functional but not great.,0,2026.28.0,2026-07-21T13:12:43,,
Reddit,com.reddit.frontpage,Social,d784836f-d15a-4d44-80eb-ad6ed588a672,Eloikem Micheal,5,,"Very great app. I recommend this to anyone looking for a free environment to chat, relax or roast 🤣🤣🤣",0,2026.28.0,2026-07-21T13:03:32,,
Reddit,com.reddit.frontpage,Social,93b95f6d-e008-4b3a-897e-0ced1f454d2f,Caner Çakaz,1,,why do i see random subreddits on my home page like its popular page. STOP SHOWING ME SUBREDDITS I DONT FOLLOW,6,2026.28.0,2026-07-21T12:44:18,,
Reddit,com.reddit.frontpage,Social,d46a0375-d9ed-417c-bce9-6ac1679d1a82,Treshay Shure,5,,I like He got game.,0,2026.29.0,2026-07-21T12:41:50,,
Reddit,com.reddit.frontpage,Social,e2671175-7247-4c5a-8bc0-9b22f0a444b5,Rosy Maple Moth,5,,"Reddit is heads down the best platform, and by extension, source for informative content and diverse conversations. While I'm mainly a lurker, The user interface is relatively easy and simple to use, it offers a surprisingly engaging community to keep you company and help you achieve new friendships faster, and even offers fun mini-games for introverts like me. If you wish to want to learn new information and have new friends on the way, then Reddit may be the best platform for you! :)",0,2026.28.0,2026-07-21T12:26:39,,
Reddit,com.reddit.frontpage,Social,8cf986ce-731a-4184-af9d-ae7f9aaba917,Sunil Kumar,5,,👍👍👍very nice company 👍👍👍👍👍,0,2026.28.0,2026-07-21T11:43:47,,
Reddit,com.reddit.frontpage,Social,8df8703c-f203-436d-82cd-9d62df57aac2,Mohammad Ahnaf,5,,best,0,2025.37.0,2026-07-21T11:33:35,,
Reddit,com.reddit.frontpage,Social,2d6a3d22-bfbc-464d-9652-433918cbf7d8,eri,1,,blockhead devs forcing us to use the app should end it,2,2025.50.2,2026-07-21T11:31:57,,
Reddit,com.reddit.frontpage,Social,c0416859-b950-4332-8b5a-389b1345facc,Edison Guintivano,1,,Why do i have to go all the way into settings just to sort posts -_-,6,2026.29.0,2026-07-21T11:30:23,,
Reddit,com.reddit.frontpage,Social,0f44cc83-3327-47b3-8fb8-b771d8a541f9,Olga Lozhkina,1,,Upvotes desappear when the page is refreshed,1,2026.29.0,2026-07-21T10:57:07,,
Reddit,com.reddit.frontpage,Social,82e6407d-4714-40ca-94bc-fc77e63798cb,Kenneth Watson,5,,if you want to know KNOW.reddit,0,2026.28.0,2026-07-21T10:51:19,,
Reddit,com.reddit.frontpage,Social,b8d443f3-da0b-40e6-b296-bd6eed175124,shark meat,1,,Get rid of the stupid sidebar! Absolutely nobody likes this. It takes up an unnecessary amount of room on a tablet and makes posts smaller. At least give an option to disable it since you seem to be hellbent on keeping the dumb thing there. It would also be nice if videos were fixed to autoplay when viewing a profile like I have selected... One star since it was taken away but now is back. Maybe one day you'll listen to your community.,1,2026.28.0,2026-07-21T10:18:36,,
Reddit,com.reddit.frontpage,Social,2adfa1dd-7138-4819-a0d5-3323ded3dd9f,noah kresse,5,,flawlessly producing niche media and content I adore,1,2026.29.0,2026-07-21T10:13:28,,
Reddit,com.reddit.frontpage,Social,181d06e0-ec0e-4390-8e11-5591d85c2a1e,Alma Santana,4,,"I just got it about a week ago,but I think it's pretty good !! 👍 I give it 4 stars and will keep it!! 👍",0,2026.29.0,2026-07-21T10:08:58,,
