app_name,app_id,category,review_id,username,rating,title,text,thumbs_up_count,review_created_version,at,reply_content,reply_at
Clash Royale,com.supercell.clashroyale,Gaming,fe8c2f08-679f-4db8-91a5-673f147f4b92,JD,1,,the echo completely ruins the game in merge. 3 star or 4 star. unstoppable. and pointless,1,150535022,2026-07-26T16:15:43,,
Clash Royale,com.supercell.clashroyale,Gaming,3a69e348-5869-4659-8ffb-656d5b2b2f77,Akhil Kowshik,1,,worst experience in recent times there are lot of glitches and bugs you need to clear its Hell of time waste 😡😡😡,0,150535022,2026-07-26T15:45:00,,
Clash Royale,com.supercell.clashroyale,Gaming,7a60b3b6-55b2-49d1-b8f7-5425f347e7f5,Arhab Mir,3,,Nerf the miner,0,,2026-07-26T15:16:00,,
Clash Royale,com.supercell.clashroyale,Gaming,87b51dfc-6c0e-4fff-b088-4d8663b6fa58,Sarala Shrestha,5,,this is very interesting game they have new features in clash royale,0,150535022,2026-07-26T14:57:35,,
Clash Royale,com.supercell.clashroyale,Gaming,2420d860-389f-4f1e-a63c-3eb5fc13542c,Panye Akung,5,,gud,0,150535022,2026-07-26T14:50:14,,
Clash Royale,com.supercell.clashroyale,Gaming,2b031344-6036-4c33-bccb-8b410bdfbcba,Swaroop Karande,1,,I've been playing this game from last 9 years and They introduced this shittiest card named Ronin which is totally broken. I'm deleting the game for sure. Goodbye !,0,150535022,2026-07-26T14:34:08,,
Clash Royale,com.supercell.clashroyale,Gaming,a9a4ac1a-58da-434b-881c-7216861f5fb9,Reuben Barton,1,,This is a great game if you want to face boss bandit bridge spam with mega knight every single time you play,0,150535022,2026-07-26T14:18:04,,
Clash Royale,com.supercell.clashroyale,Gaming,29ef97d7-b241-4067-903b-aee0bdc5750d,alex razvy,2,,"the only game that is getting dissconnected while you play fully connected on wifi and making you to lose, the oponent can add 4 big players and you get 1 stamina. it's rigged most of the time",0,150535022,2026-07-26T14:11:06,,
Clash Royale,com.supercell.clashroyale,Gaming,c082cc7c-b37f-4602-be0d-8d40abb381f2,Abidi Aloui,2,,game crush after changing play mode,2,,2026-07-26T14:02:37,,
Clash Royale,com.supercell.clashroyale,Gaming,3477464f-b332-44a6-b2ad-e1116d614b42,Akash Pp,4,,strategic game,0,150535022,2026-07-26T13:40:47,,
Clash Royale,com.supercell.clashroyale,Gaming,40784016-7f70-4f0a-84a7-efcc5a567f5c,Suyash Dustakar,1,,they always remove chaos mode which is bestest mode ever without it nobody even wants play this dead game,0,150535022,2026-07-26T13:40:29,,
Clash Royale,com.supercell.clashroyale,Gaming,b20bd118-6462-4613-8b85-6d53e447c283,FAZIL youtuber,1,,game server awful sucks not payable,0,150535022,2026-07-26T13:39:44,,
Clash Royale,com.supercell.clashroyale,Gaming,04ce1b3e-08ce-4d1f-83e8-4f8edee0cbd0,Taite,5,,the best game ever,0,150535022,2026-07-26T13:30:45,,
Clash Royale,com.supercell.clashroyale,Gaming,533cc4e3-fee0-4e40-a1b5-7c0c291a5390,AtAF_Arts,1,,"Don't play this game. Developer is extremely greedy and Pay-To-Win players will destroy you. If you really want to play (my condolences), wait until next update, so people stop paying real money for Ronin and Supercell nerfs him for that",0,,2026-07-26T13:24:00,,
Clash Royale,com.supercell.clashroyale,Gaming,662476cc-90c5-4dcf-aa56-80b808a3b67d,D Cotty,1,,"used to be fair. the AI is absolutely shocking now, laughable at times and makes you wonder weather to just uninstall. latest update is so glitchy and laggy and I've got absolute perfect internet and up to date phone. the game seems to be frequently unplayable more than ever. you can tell it's not an actual online opponent that's been searched by how often the same cards are used each time you play and how the game unfairly drops cards quicker than you can counter. that's business though!",5,150535022,2026-07-26T13:21:16,,
Clash Royale,com.supercell.clashroyale,Gaming,ad4127c1-3215-438f-afa1-4ecb9c8ae503,Phinehas Tikivik,5,,it's fun and dumb,0,150535022,2026-07-26T12:35:04,,
Clash Royale,com.supercell.clashroyale,Gaming,3fb337d3-957a-4fbb-8fe8-ac7399821e2e,Ritesh Kadavade,4,,good,0,,2026-07-26T12:25:34,,
Clash Royale,com.supercell.clashroyale,Gaming,d21b4f67-82b7-4b2d-a444-ccca8687a727,Koorosh_KM,4,,Just pay to win,0,150535022,2026-07-26T11:37:24,,
Clash Royale,com.supercell.clashroyale,Gaming,fc1018e9-d162-4553-bb9b-97d8b5eca4a0,perrosovietico 51,1,,"I love this game, is so good and fun, I love everything with the game, but I would like that the matchmaking is fair because some times youre level 8 on your towers and you get to fight with a level 10 with troops of level 14, is kinda unfair but the problem is that I can't play the game. I don't know how, I just installed it 2 times even factory resseting my phone and it still doesn't work, I",0,150535022,2026-07-26T11:13:57,,
Clash Royale,com.supercell.clashroyale,Gaming,bd647bb3-9d1c-47f8-ae1b-ab4335969f0b,Nikhil Prajapati,4,,It is Absolutely PAY TO WIN 😤🤬🤬🤬,0,150535022,2026-07-26T11:05:29,,
Clash Royale,com.supercell.clashroyale,Gaming,d311644b-7b31-486a-a129-bc211461d470,Fahad Atrakchi,1,,This game is just falling down over and over again,0,,2026-07-26T11:04:06,,
Clash Royale,com.supercell.clashroyale,Gaming,5ea12bbc-01d6-4477-ae48-5da6c8b2210b,CR1PT1C REAPER,5,,rigged match making and went against a max level immediately,1,150535022,2026-07-26T10:52:43,,
Clash Royale,com.supercell.clashroyale,Gaming,05c9b1a0-ab86-4f8e-b5dd-222bd4458eef,Timothy Wilson,5,,goated,0,150535022,2026-07-26T10:38:56,,
Clash Royale,com.supercell.clashroyale,Gaming,4e8c4bb0-27ad-48da-96bc-9ec16f02cc63,Ouk Savy,1,,"do not play this game, this is p2w, if you want a game where you can just win by paying you found it",0,150535022,2026-07-26T10:16:37,,
Clash Royale,com.supercell.clashroyale,Gaming,9087abad-aa58-48f6-84a0-e9fc015334c7,sayed musavi,3,,very fun game for kids,0,150535022,2026-07-26T10:16:29,,
Clash Royale,com.supercell.clashroyale,Gaming,51c9c831-0452-4808-8125-9910fcf6cafd,Otis Fajz,1,,improve your match makings,0,150535022,2026-07-26T10:04:49,,
Clash Royale,com.supercell.clashroyale,Gaming,0639cd41-34f5-4da0-a671-cbccf42804eb,Debonair Watt,1,,Was fun playing but lost interest since I can't use my original deck.... ruined the game for me supercell,0,150535022,2026-07-26T10:04:17,,
Clash Royale,com.supercell.clashroyale,Gaming,25ba50ee-e1d2-402e-a490-d6d75d79f8fa,Thomas Clayton,2,,This game is boring for the first 1000 trophies because all you do is go against bots (play 1 mini pekka and you win) then the next 5000 trophies are really fun and then at 6000 the only way of winning is going broke for this game i wish they made it so it takes skill to progress instead of being rich,0,150535022,2026-07-26T09:48:21,,
Clash Royale,com.supercell.clashroyale,Gaming,40be2e65-874f-4a35-b14b-df4b1d6296a2,Desnani Tjoa,1,,this game is bugged everytime i try to switch the gamemode it just kick me out off the app.COMPLETELY UNPLAYABLE!!!,0,,2026-07-26T08:54:00,,
Clash Royale,com.supercell.clashroyale,Gaming,19053a8e-51b1-4953-91c4-7500f0a7c857,Padam Thapa,4,,nice game,0,150535022,2026-07-26T08:39:59,,
Clash Royale,com.supercell.clashroyale,Gaming,b27c8b38-b1d6-4dee-8ec4-0c191a64f6f1,Tanner Marsalis,1,,"Worst game ive ever played rather watch paint dry than play this but im addicted so I continue to play it, please do not install this game its very addictive and very rage-inducing",0,150535022,2026-07-26T08:34:14,,
Clash Royale,com.supercell.clashroyale,Gaming,5f88d87f-23e6-4a2f-9031-7db62f28270b,israel ramirez,1,,worst current update. Merge Tactics is completely off balance in mods which favors certain towers. Hog rider still hasn't been nerfed. and then they have the ronin....trash game. and im maxed everything.,0,150535022,2026-07-26T08:32:56,,
Clash Royale,com.supercell.clashroyale,Gaming,2349b747-183e-4f65-9969-cdc3ab221576,Partha Majumdar,4,,absolutely amazing game,0,150535022,2026-07-26T07:59:47,,
Clash Royale,com.supercell.clashroyale,Gaming,6a87fdd9-d6bc-470c-925b-a49f19a7f38f,Mahtab Aftab,5,,a very very good and awesome game,0,150535022,2026-07-26T07:45:25,,
Clash Royale,com.supercell.clashroyale,Gaming,6b617948-ee5a-45a1-bb66-3b3341bb72b4,Ezraeel 13.13,5,,never forget,0,150535022,2026-07-26T07:00:22,,
Clash Royale,com.supercell.clashroyale,Gaming,8b9cfcdf-5b5e-4a8d-8252-342061b9f2f3,M G,5,,love,0,150535022,2026-07-26T06:55:17,,
Clash Royale,com.supercell.clashroyale,Gaming,886b0bda-ba0f-4166-8f45-3e617fa6f3e3,VINCENT LOPEZ,1,,pay to win,0,,2026-07-26T06:32:21,,
Clash Royale,com.supercell.clashroyale,Gaming,e45c99c1-f238-4a94-b22e-907a3e2996cb,Muhammad Shiravand,5,,I loved it 😍 ❤️,0,150535022,2026-07-26T05:20:12,,
Clash Royale,com.supercell.clashroyale,Gaming,62ca101b-374f-45dd-a552-9dd05c28823c,Aditya Zp,5,,"chaos mode is more fun, season different skill Hero make it more strategic to became highest rank",0,150535022,2026-07-26T05:18:22,,
Clash Royale,com.supercell.clashroyale,Gaming,6b6d2e6c-a04a-4187-b5b2-c90107575a42,Bipin Baramu,3,,Why don't i get the final piece of snippet even if i use gems so much,0,150535022,2026-07-26T05:12:21,,
Clash Royale,com.supercell.clashroyale,Gaming,5e199dba-5168-4ba8-bb9d-0b2219ff8ce7,Vineet Sharma,2,,it takes multiple times to make progress,0,150535022,2026-07-26T04:51:23,,
Clash Royale,com.supercell.clashroyale,Gaming,b6d58765-2206-4947-b3ae-bef31f48281b,Levi C,3,,"Pay2Win game, I'm at a loss of words for how rage inducing this can get. Don't get me wrong, I love Clash Royale so much , but the gap between P2W and $0 players is too big",0,130300024,2026-07-26T04:23:21,,
Clash Royale,com.supercell.clashroyale,Gaming,86c952d1-ca4f-4fa1-a067-0a7f147290a0,Jahi ___12,5,,A return to the older mobile games of yester year... lol its a good past time.. its a super cell game.. this clash and boom beach about to get heavy spins my way.,0,150535022,2026-07-26T04:17:52,,
Clash Royale,com.supercell.clashroyale,Gaming,82e71f05-cb05-46d3-af1b-d28f2480fd88,Damien Aragon,5,,I really love this game,0,150535022,2026-07-26T04:01:24,,
Clash Royale,com.supercell.clashroyale,Gaming,7c3890cc-4abe-4ac4-9744-5dd394416c04,Arshyan Mirzaee,5,,✌️✌️,0,150535022,2026-07-26T03:35:13,,
Clash Royale,com.supercell.clashroyale,Gaming,51179ee6-4421-4d7f-a225-5d7a856f8242,Theodore Glenn,1,,"they are making battle healers not able to heal themselves, killing my deck permanently. The game is making meta decks stronger, for no reason.",0,3.2803.4,2026-07-26T02:44:24,,
Clash Royale,com.supercell.clashroyale,Gaming,58e46440-5afd-4e29-91f7-8729c40921c4,Josue N,1,,im under leveled,0,150535022,2026-07-26T02:30:47,,
Clash Royale,com.supercell.clashroyale,Gaming,6d01783d-472d-4c00-831d-a40d827f0a22,Aaron Earl,4,,Great game just takes a lot of time to max out your deck if you are not a pay to win chud,0,150535022,2026-07-26T02:29:51,,
Clash Royale,com.supercell.clashroyale,Gaming,d9289ea6-c146-48ea-822f-e6da82327f39,Brian Clark,2,,"It was great years ago. I've played daily for many years. Recently went seriously downhill forcing ""pay to play"" priority as what appears to be a money grab. I do the monthly membership, have for like 10 years, but I think I'm done. Sad.",0,150535022,2026-07-26T01:55:47,,
Clash Royale,com.supercell.clashroyale,Gaming,a9d2b226-1c36-4dc9-9a3f-a371cd98040c,Jonathan Griggs,1,,"used to love this game, been playing for years. it's garbage now. over leveled players every match. broken, over powered cards every match. it's not fun playing against the same cards over and over and i can't even use the card so want because they aren't leveled up enough or I dont have broken Evo and hero cards. old clash was better this new clash sucks. I'd give 0 stars if I could.",2,150535022,2026-07-26T01:52:45,,
Clash Royale,com.supercell.clashroyale,Gaming,f24b93f7-e93a-40f9-8ec0-ec98f85655c0,Evan Wessam,5,,this is the best game ever with levels and different cards and arenas and every update is so good,0,150535022,2026-07-26T01:46:47,,
Clash Royale,com.supercell.clashroyale,Gaming,416a88b8-da07-4c2d-a138-0145a0ce6c56,Isaac Scalvenzi,5,,fantastico,0,150535022,2026-07-26T01:21:57,,
Clash Royale,com.supercell.clashroyale,Gaming,a2f6ff34-5997-4057-9790-184ff958020c,Zain Mustafa,1,,"As a top 10k player, amazing game but horrible devs",0,3.2872.3,2026-07-26T01:21:56,,
Clash Royale,com.supercell.clashroyale,Gaming,124919bd-f51b-45fd-8f43-5a73a1272f23,Adi Verma,3,,it is becoming money based games,0,150535022,2026-07-26T01:20:20,,
Clash Royale,com.supercell.clashroyale,Gaming,a789b874-b32c-4913-ab9f-0333cdb97e21,Kudakwashe Murambiwa,4,,The best mobile game with micro transactions 🤣🤣,0,150535022,2026-07-26T01:06:33,,
Clash Royale,com.supercell.clashroyale,Gaming,eb55979e-3c1e-4ce8-86e1-b85f236a5d71,AHURA 1149,5,,Today's subject: how greed burned an empire into ashes...,39,3.6.1,2026-07-26T01:04:06,,
Clash Royale,com.supercell.clashroyale,Gaming,eb3333c9-a339-40a3-b46d-1292287064b2,Emperor Kuozco,1,,this game is so unbalanced right now it's not funny people only play the same deck and they never get balanced introducing their newest called ronin it basically one shots any single Target high dam melee unit. they have turned this game into luck. what cards you start with and your match up. once you get to high elo. league 6 and 7. it all turns into meta decks and then it's just based on luck for match up. they never fix broken cards as well. hopefully some thing will be done but probably not,0,150535022,2026-07-26T00:46:01,,
Clash Royale,com.supercell.clashroyale,Gaming,8a6299cf-2dc9-49e6-a86a-3477d85e0311,Annuvyn Arawn,5,,good fun,0,150535022,2026-07-26T00:09:15,,
Clash Royale,com.supercell.clashroyale,Gaming,38041657-b272-4808-b623-37d493a07f40,Idris Ghalib,5,,"what's going on with the connection, I keep losing matches due to poor connection which is unusual. it started a few days ago and. hasn't improved. I've been on this network for a while and it works well, that's y I'm confident it's the app.",0,150535022,2026-07-25T23:53:03,,
Clash Royale,com.supercell.clashroyale,Gaming,9aa03834-b3e8-4e01-999a-2adf1f537f3b,Jabran Warraich,3,,sometimes the game doesn't open it Stuck On loading page and after some hours or days it again open,0,,2026-07-25T22:39:49,,
Clash Royale,com.supercell.clashroyale,Gaming,f15800aa-6684-4166-855b-44cd6de5c8d2,EJ B,1,,"this game had so much potential but it all went down because of evo, hero, level 16, and even buying cards that aren't in ur arena in the store. it lost all its fun after that, and its just going to get worse if they keep going. while both the champions and the heros both need a slot to be able to use an ability, champions need it. there really wasn't a need for heros. while evos are still more fair, some are just really annoying like evo goblin cage. It just became impossible for f2p people.",4,150535022,2026-07-25T22:37:32,,
Clash Royale,com.supercell.clashroyale,Gaming,45909ac4-d78d-4890-9299-ea7793669795,Ultra noob X Pro,4,,all game good,0,150535022,2026-07-25T22:36:02,,
Clash Royale,com.supercell.clashroyale,Gaming,84ff1656-8e95-4921-992d-29d0849012b6,Steven Swilley,1,,"Legitimately one of the most toxic and unfun games I have ever played. Spend months learning how to play the game and how to play decks, only to get burned by yet another spam, bait, hogrider or mega knight deck. Rearrange. Lose. Rearrange. Lose. Wanna get creative? Forget it. There are a grand total of about 20 good cards, and the rest are trash. Want a sporting, friendly match? Your opponent's emote spam will ensure you won't get it. I spent a few dollars on this game. Wasn't worth it.",0,150535022,2026-07-25T22:24:48,,
Clash Royale,com.supercell.clashroyale,Gaming,80aa1e04-01b4-4e02-986e-d17e41fd7209,Malik Barre,3,,too pay 2 win but i used to like it alot last year but supercell needs to stop making everything p2w,0,150535022,2026-07-25T22:21:49,,
Clash Royale,com.supercell.clashroyale,Gaming,2bdf0517-8d2e-4aed-bd84-62c94d9bbf59,Soham Kambli,5,,very good,0,,2026-07-25T22:10:53,,
Clash Royale,com.supercell.clashroyale,Gaming,d11d9cdf-ef0b-4a27-88da-14fe4bbb3ea2,K Vignesh,5,,fantastic game 👏👌,0,150535022,2026-07-25T22:04:30,,
Clash Royale,com.supercell.clashroyale,Gaming,bfbef2f8-aa45-495b-9a3a-36107da1bf6f,Mustafa Zakarya,1,,lags all the time and intentional hc,2,130300016,2026-07-25T21:57:05,,
Clash Royale,com.supercell.clashroyale,Gaming,cca84162-273e-47fe-940c-b568702ca468,Arash B,5,,بازی عالی,0,150535022,2026-07-25T21:35:26,,
Clash Royale,com.supercell.clashroyale,Gaming,a6020081-699f-4dcb-a349-04ed3e05f0f5,Pravesh Harmalkar,1,,I want to give it zero star but can't do it when I was playing trophy road and my tower was level 11 and im getting player like 14 KING TOWER so the player bitted and then when I was at the help center they says they are not based on king tower they are based on trophys and deck card VERY BAD HELP CENTER . and I just lost 31 trophy for no reason I was just 30 trophys are from new arena and this happened so please read this and download the stupid game,0,,2026-07-25T21:35:10,,
Clash Royale,com.supercell.clashroyale,Gaming,53e7672e-591c-4421-a260-0cde94ded315,Mahoora Official,1,,برای زبان فارسی از فونت های رایگان Vazirmatn و lalezar استفاده کنید تایپوگرافی جذاب تر علاوه بر این امکان چت مستقیم و دلخواه در دوئل هم جذاب است .... ویرایش به طرز قابل توجهی مصرف اینترنت زیاد شده دیگر بازی نمیکنم! هر ۱ ساعت نزدیک ۲گیگ! حتی فکر نمیکردم کار رویال باشد اما با بررسی مصرف اینترنت متوجه شدم جدیدا اینترنت زیادی غورت میدهد! دلیل چیست؟؟؟؟؟!!😤😤😤😤😤,0,150535022,2026-07-25T21:27:58,,
Clash Royale,com.supercell.clashroyale,Gaming,7b485bbd-e072-42ef-98b3-5b353a5da93b,Marlin Woods,2,,pay to win,0,150535022,2026-07-25T21:14:04,,
Clash Royale,com.supercell.clashroyale,Gaming,6536b8c1-8d19-4f5a-ac7c-ea010b98515d,Kurtis Comitto,4,,"it's cool and fun, but I'm not really into it 😕. but if you like fighting online people then recommended for you! 🙂",0,150535020,2026-07-25T21:02:30,,
Clash Royale,com.supercell.clashroyale,Gaming,c5aaa770-63bb-4a02-bf65-910d3fe3c50d,Yasharth Singh,2,,your network issues are huge idk how the hell you are supposed to play it my net speed is approx 20MBps constant but still it will not work,0,120169008,2026-07-25T20:58:41,,
Clash Royale,com.supercell.clashroyale,Gaming,3eda5b00-97a4-4905-8a77-35ed1a0a2097,سیدحجت موسوی نیک,5,,excellent,0,150535022,2026-07-25T20:55:41,,
Clash Royale,com.supercell.clashroyale,Gaming,b75edfa6-aad1-4977-a843-3d559107ebb1,David Stidham,3,,"Fun game ruined by pay to win tactics. I've played off and on for several years. It's fun at first, with no ads, and makes you want to level up, get evolutions and champions. The frustrating part comes when you notice you get beat by the same characters over and over, with no way to counter them without building a deck to counter those specific characters. The easy solution? Pay to upgrade your own characters and get evolutions.. cause without it, you will struggle in this game.",0,1.6.0,2026-07-25T20:53:49,,
Clash Royale,com.supercell.clashroyale,Gaming,8c2a0156-5a0a-4a2b-9838-3419ffcca036,Mie,1,,stupid delay.. this developer have no shame. stop spending on this game dont waste money to scammer,0,150535022,2026-07-25T20:22:57,,
Clash Royale,com.supercell.clashroyale,Gaming,1db01d87-5c2f-405b-a326-61bf1a2a49b9,Metztli Zepeda,5,,super fun,0,150535022,2026-07-25T20:15:22,,
Clash Royale,com.supercell.clashroyale,Gaming,37e2f0ed-e881-4757-b863-dbc6a840ab18,kuldeep patil,5,,ronin is too much powerful I think this make unbalanced game,0,150535022,2026-07-25T20:14:47,,
Clash Royale,com.supercell.clashroyale,Gaming,720a32a3-18b9-4e50-b3ad-d53b56298a66,Caleb Miller,1,,"developer is terrible at making balanced game modes, and can't even produce events without bugs that break them to the point they can not be completed. looking at you snippet events",0,150535022,2026-07-25T20:12:02,,
Clash Royale,com.supercell.clashroyale,Gaming,bdb86c57-6574-49ab-b1a2-f11f4d930251,Jaylen Turchiano-Bolar,5,,lit,0,150535022,2026-07-25T20:00:59,,
Clash Royale,com.supercell.clashroyale,Gaming,f43dc5c2-f940-4de2-a76b-e61799adc0db,Rajeesh Verma,1,,this game is fully pay to win no free player can grow in this game people are overleveled,0,120169018,2026-07-25T19:59:25,,
Clash Royale,com.supercell.clashroyale,Gaming,c62a27e3-a2f1-4b58-b475-2289f959dcd1,Edward Trudgill,1,,pay to win,0,110548000,2026-07-25T19:40:48,,
Clash Royale,com.supercell.clashroyale,Gaming,e871fb24-f0bc-4b7d-b9c2-47c56f5663bf,prem kumar,5,,best,0,150535022,2026-07-25T19:37:18,,
Clash Royale,com.supercell.clashroyale,Gaming,d5127c2f-f645-40a8-9578-8691ae8954e2,Simpson Gerald,3,,it was fun until I lost against spammer on the 1 minute mark thing nerf it,0,150535022,2026-07-25T19:23:41,,
Clash Royale,com.supercell.clashroyale,Gaming,f42e960b-26ae-4516-8eef-71ac35a0fc04,Duarte Araújo,1,,Still can't play 2 clan wars games without crashing,1,150535022,2026-07-25T19:22:10,,
Clash Royale,com.supercell.clashroyale,Gaming,25ec9aa5-dacd-40ff-a799-eacc61c005eb,irenio,5,,a fun game,0,150535022,2026-07-25T19:13:15,,
Clash Royale,com.supercell.clashroyale,Gaming,1c5a78ee-d9a2-4fb1-bf05-67ff6a1f482d,Jholok,5,,my girlfriend suggest to play this game🎯,0,150535022,2026-07-25T18:48:36,,
Clash Royale,com.supercell.clashroyale,Gaming,7a1d68db-6d72-4fee-b822-bec7137faf1b,Benedek Lippai,1,,The servers are absolute dogshit and unstable,6,150535022,2026-07-25T18:41:38,,
Clash Royale,com.supercell.clashroyale,Gaming,ce92616c-51aa-42be-8f5c-60264588124b,Jerred Creasy,5,,5 star for chaos mode. when ends. 2 stars,0,150535022,2026-07-25T18:33:02,,
Clash Royale,com.supercell.clashroyale,Gaming,ff349a96-0c8a-4c37-bb41-e0f37771a76e,Mu'adz Rasyid,1,,Server and connection suck!!!,0,150535022,2026-07-25T18:31:14,,
Clash Royale,com.supercell.clashroyale,Gaming,96a841be-2657-44a1-a21a-b98b10a70579,Prsanna,5,,super game,0,150535022,2026-07-25T18:09:10,,
Clash Royale,com.supercell.clashroyale,Gaming,090396c5-d895-4f0a-b3e4-736c3e1dbddb,Dominick Banner,5,,love this game it's great,0,150535022,2026-07-25T17:54:58,,
Clash Royale,com.supercell.clashroyale,Gaming,e4f0bda4-4cee-4504-a8c8-788ea1f79ca1,J J,1,,Horrible matchmaking. I get matched up with people who spends money on this game. It's not a fair game going up against people with high level cards meanwhile you're struggling as a f2p... Never spent on a dime on any Supercell game and I'm glad I'm keeping it that way. None of your games are fair.,0,150535022,2026-07-25T17:37:37,,
Clash Royale,com.supercell.clashroyale,Gaming,7a8f5662-0d9e-4b83-92c1-540679dfab08,Ethan Bowman,3,,"Game has gotten alot better in terms of gameplay, however what I'm not enjoying is how over saturated the game looks, you have to scroll through dozens of micro transactions and events to get where you need to go and to be quiet frank it gets overwhelming.",10,150535022,2026-07-25T17:08:52,,
Clash Royale,com.supercell.clashroyale,Gaming,829edfa6-fba0-4313-b8b4-b2a6b1cdae01,Noriah Nazri,5,,nice game,0,150535022,2026-07-25T17:06:09,,
Clash Royale,com.supercell.clashroyale,Gaming,b92bb65b-565f-4b6b-9e4f-d35fc9c2eb30,Arjun Keshvala,5,,good,0,150535022,2026-07-25T17:04:33,,
Clash Royale,com.supercell.clashroyale,Gaming,1ef28b9b-e52c-4425-8fb3-094d57fdf370,A Google user,1,,made by dumbasses for dumbasses,0,150535022,2026-07-25T17:00:29,,
Clash Royale,com.supercell.clashroyale,Gaming,780c0e47-8fce-427f-9d83-ec76420e9896,FM Project,5,,it's been a while,0,150535022,2026-07-25T16:29:15,,
Clash Royale,com.supercell.clashroyale,Gaming,bcd214ca-490b-4765-b4fe-22628a33471b,Sienna Hardiman,5,,FUN,0,150535022,2026-07-25T16:15:23,,
Clash Royale,com.supercell.clashroyale,Gaming,ef3cb5c2-efd4-42b9-aac8-54edbf120c15,kc bear,1,,"hello devs, mega knight has an extended hit reach which visually does not match when he attacks. there is an extra 'white space' in front of mega knight that is being counted as a hit from him, but visually his 'hands' are not attacking that space. i dont see any information where it explains mega knights attacks have 'wind' recoil",1,150535022,2026-07-25T16:05:26,,
Clash Royale,com.supercell.clashroyale,Gaming,5aceda3e-3b6c-4c12-8f83-632481837150,israa Light& Accessories,3,,nice 👍,0,150535022,2026-07-25T16:01:23,,
Clash Royale,com.supercell.clashroyale,Gaming,23c15e6c-a0e6-45a5-9c01-3f441acfbdeb,Ganesh Jadhav,1,,"there is a bug, when you play boat war and post your win, when you come out on the list of boat pages, you loose your won chest without opening it and also we are losing strike chest. I have lost from last 2 weeks continuously so fix and also give back our strike which we lost due to bug.",0,150535022,2026-07-25T15:53:48,,
Clash Royale,com.supercell.clashroyale,Gaming,567e022a-2e67-40f3-935b-c9b486361b63,Mitsos Chalkidis,5,,so many complaints BUT overall no debate one of if not the greatest mobile game ever designed . Super live different playstyles . The hud by itself paved the way for all mobile gaming,0,150535003,2026-07-25T15:53:35,,
Clash Royale,com.supercell.clashroyale,Gaming,196a730a-824f-4a98-9f13-47d5a8054473,Reem AbdulSalam,3,,I love this game but the problem is when you reach area 11 everyone will start using mega knight😡. Please remove it 😡.,0,,2026-07-25T14:44:54,,
Clash Royale,com.supercell.clashroyale,Gaming,f47db70f-ec4f-4174-b834-638e575d65c8,ABDULLAHI ABDI,4,,great game,0,150535022,2026-07-25T14:06:02,,
Clash Royale,com.supercell.clashroyale,Gaming,4114d7e1-fdde-4dd0-93e1-37580ef1cf95,XRTZ_CLIPS,4,,i would give it a 5 if there wasnt so much pay to win,0,150535020,2026-07-25T14:00:23,,
Clash Royale,com.supercell.clashroyale,Gaming,8111d303-3817-48fc-b119-c06550539300,Arnab Tarafdar,5,,love you,0,150535022,2026-07-25T13:40:45,,
Clash Royale,com.supercell.clashroyale,Gaming,7629a724-32e7-4944-8252-fee4bb96856a,Newuser 2.0,4,,First I have to say one of the best game I play on my mobile phone. the thing is missing on this game is balens between free- to- play and pay to win some say that this game is free to play that true if your new to game when the your trophys rech like 10000 trophys you start to notice different between ftp and ptw,0,150535022,2026-07-25T13:33:14,,
Clash Royale,com.supercell.clashroyale,Gaming,65848ba3-6881-4d86-876b-4b4389127202,Devanshi Raval,5,,been playing it since many years and still not been bored once!!,0,150535022,2026-07-25T13:17:45,,
Clash Royale,com.supercell.clashroyale,Gaming,6cc63ff5-2309-42b8-bc4c-cf16e7bb8ab7,Lucas Canalita,4,,fun to play at school tbh 4 stars because my friend always defeats me.,0,150535022,2026-07-25T13:05:14,,
Clash Royale,com.supercell.clashroyale,Gaming,23338cfd-1f11-4686-8ed7-762b90bc9070,Rabab Ahamed,5,,best game,0,150535022,2026-07-25T12:05:36,,
Clash Royale,com.supercell.clashroyale,Gaming,4ffa3346-b3fa-488b-9ba0-bba44157400b,Makoi Acuña,5,,nice,0,150535022,2026-07-25T11:19:40,,
Clash Royale,com.supercell.clashroyale,Gaming,f5d10aa5-6f5e-4968-b702-fdaf32f8288f,eliazar Fraga,5,,2nd best to last z shooter,0,150535022,2026-07-25T11:15:53,,
Clash Royale,com.supercell.clashroyale,Gaming,4a29e542-954d-4176-9dd0-9794489827e9,Bibek Pun,1,,"poor system and lag and didn't understand the user problem they are facing when they applying recent code still didn't work it's frustrated user when they going to the help and support it's directly said wait 24 hours even they are stock from since past 2,3 week it's a bug or not I don't know but literally poor system",0,,2026-07-25T11:11:07,,
Clash Royale,com.supercell.clashroyale,Gaming,c9765367-21b8-47c7-bfee-1fb3ff836514,Bishnu Bushnu,5,,nice game,0,150535022,2026-07-25T10:48:50,,
Clash Royale,com.supercell.clashroyale,Gaming,e310e761-d82d-4e35-921d-730ccc8cc127,Escher,1,,p2w but I'm so far in I can't stop now,0,150535022,2026-07-25T09:56:56,,
Clash Royale,com.supercell.clashroyale,Gaming,aeee77d6-552b-49e1-b7af-ddbadc07647e,Dietrich Trayhorn,4,,"overall a great game, but they removed wild cards from card mastery. also matchmaking is rigged, if you win 13 times in a row they send somebody that has a credit card after you. also to maintain a 50% win rate they will pay you against certain combinations of cards specifically to make you lose. however if you actually have skill like me they have to send somebody who has money. using overleveled stuff to force somebody to lose is a pitiful move.",1,150535022,2026-07-25T09:48:26,,
Clash Royale,com.supercell.clashroyale,Gaming,01c7309e-5695-4732-92c3-168e25ae0d52,Gracia Boy,5,,super simple and satisfying to play,0,150535022,2026-07-25T09:44:33,,
Clash Royale,com.supercell.clashroyale,Gaming,6e2f0094-896b-4bf2-ace8-733755f58e15,Hwheh Ehehey,1,,this game just isn't fun any more,1,150535022,2026-07-25T09:14:44,,
Clash Royale,com.supercell.clashroyale,Gaming,58e4fe36-6d84-41d7-bd6b-9c3076a073f0,Alexander,5,,best game ever,0,150535022,2026-07-25T09:13:14,,
Clash Royale,com.supercell.clashroyale,Gaming,28b5d554-0960-4c77-b9dd-4182be7cf199,Emilio,5,,Great game IM OBSESSED cant get enough,0,150535022,2026-07-25T08:42:11,,
Clash Royale,com.supercell.clashroyale,Gaming,1b6137f1-8aed-469f-8031-c892545ead8b,Leo Silk,5,,Cool fun,0,150535022,2026-07-25T08:34:50,,
Clash Royale,com.supercell.clashroyale,Gaming,0c88ae6d-6b99-4739-a80a-bf5c0cb6f4d1,Wilson Roldan,3,,very strategic game that is well develpoed but sometimes can feel pay to win and like the owners only want a cash grab,0,,2026-07-25T08:19:11,,
Clash Royale,com.supercell.clashroyale,Gaming,0f768d8c-83da-40ef-89ad-6c5716634d5c,Thata Ramil,5,,great,0,150535022,2026-07-25T07:51:10,,
Clash Royale,com.supercell.clashroyale,Gaming,6a5d6e38-f57d-42c3-b1ce-24e65c2e6c44,Arjun Thapa,5,,good game,0,150535022,2026-07-25T07:50:50,,
Clash Royale,com.supercell.clashroyale,Gaming,ea646097-7989-46ea-b3a7-17fc264ab38f,Abu Sayed,5,,that's Very Good,0,150535022,2026-07-25T07:33:19,,
Clash Royale,com.supercell.clashroyale,Gaming,a7890a7c-1af7-4845-baf1-6e96106e594a,Cooper Nord,5,,peak,0,150535022,2026-07-25T07:21:54,,
Clash Royale,com.supercell.clashroyale,Gaming,5d20641d-579a-450f-8caa-58e96438c2b1,Ryan Dong,1,,one life is the worst mode,0,150535022,2026-07-25T07:02:38,,
Clash Royale,com.supercell.clashroyale,Gaming,5eaa5a00-8552-4c8c-94ef-024e600796a4,Fernando Hernandez,1,,"pay to win game. This game lost its soul a long time ago. champions, evolutions, and overpowered cards are the only ways to win . you dont need to think strategically or have a plan. Just have the newest card and you'll automatically win. Do not get this game. you're better off playing literally anything else",0,150535022,2026-07-25T05:58:46,,
Clash Royale,com.supercell.clashroyale,Gaming,4462743c-f2bc-43b4-9554-a42c67609bc2,Winston Solomon,3,,I've been playing for 7+ years as of 2026 and I currently have an unhealthy amount of hours a day every day. Regardless of that this game can be absolutely hell and horrible. I will still be playing it though simply because I've already dedicated almost half my life to it and quite frankly I can't stop even if I wanted to. Please help me.,0,150535022,2026-07-25T05:44:23,,
Clash Royale,com.supercell.clashroyale,Gaming,5e914f2a-496f-489d-a9f8-351188973173,Adrian Ray,4,,"Great game. but maintain it low storage capacity, hard to get epic and legendary even champion. that cost very hard to win enemy have that. please give us that too so we battle them by fair.",0,150535022,2026-07-25T05:39:07,,
Clash Royale,com.supercell.clashroyale,Gaming,35a5ae75-196c-411e-b06b-983699cd287b,Ryder Peterson,1,,"this game isn't even a game, it's a cash grab. lv 14 and I'm going against lv 16. don't play unless you want to spend 200$ in order to progress properly.",0,150535022,2026-07-25T05:26:38,,
Clash Royale,com.supercell.clashroyale,Gaming,2a0e4f04-d5e0-40c3-9b78-7a854d2052c4,Alem Teshome,5,,wow!!!,0,150535022,2026-07-25T05:20:05,,
Clash Royale,com.supercell.clashroyale,Gaming,2012890f-3314-4f8a-9045-8c0b0f9ebaaa,Ian Mat Sargento,1,,I have strong internet but I'm frequently disconnected from the game.,1,150535022,2026-07-25T05:18:10,,
Clash Royale,com.supercell.clashroyale,Gaming,382f0909-7425-448a-85f7-9768bdda8ce1,Jose Angel Cortes Rogel,1,,damn game turned into a pay to win literally......is ridiculous,1,150535022,2026-07-25T04:59:19,,
Clash Royale,com.supercell.clashroyale,Gaming,ec068ed3-b00d-407c-8fe4-a7b9ed055072,alan healey,1,,"load of bots,bots and more bots",0,150535022,2026-07-25T04:45:03,,
Clash Royale,com.supercell.clashroyale,Gaming,9ff08704-61c4-4894-8140-092fec16d695,Ben B.J. Mentink,5,,A strong 1 on 1 game,0,150535022,2026-07-25T04:37:07,,
Clash Royale,com.supercell.clashroyale,Gaming,27b4132b-d9b9-4709-8334-d3102525c399,Gabriel Connell,1,,mega knight,0,140593015,2026-07-25T04:25:39,,
Clash Royale,com.supercell.clashroyale,Gaming,7373eca2-eebf-4ee7-8fbf-07604a7af25e,Monty G,1,,TOO MUCH PAY TO WIN,0,,2026-07-25T04:17:38,,
Clash Royale,com.supercell.clashroyale,Gaming,11167932-d3da-4cd5-be8a-daa993f66846,Hannah Shipley,5,,Good game. Honestly if you haven't heard of it you live under a rock.,0,150535022,2026-07-25T03:27:46,,
Clash Royale,com.supercell.clashroyale,Gaming,40f816e7-6e20-47dd-bf96-23350e816f1e,Kaius gan,5,,nice game(it's very hard and p2w though but with enough grinding you can beat it),0,130300024,2026-07-25T03:25:24,,
Clash Royale,com.supercell.clashroyale,Gaming,fbbe9c0e-bd3a-4a14-8701-fc7ae4db7ff9,arad jahan,5,,great,0,,2026-07-25T03:21:09,,
Clash Royale,com.supercell.clashroyale,Gaming,2cfee35f-b81f-4d4b-b664-a783130f1883,Brendan Weibel,3,,"fun game, gotten more predatory over time",0,150535022,2026-07-25T03:08:12,,
Clash Royale,com.supercell.clashroyale,Gaming,85fc0ecf-7671-4f8d-81d7-e989b6196139,muhamad,5,,OOOOOOO I AM LOVINN IT,0,150535022,2026-07-25T03:05:31,,
Clash Royale,com.supercell.clashroyale,Gaming,6dcf6c0a-46eb-4ae7-8877-bd782e7b113a,sirkiwi,1,,This game has rigged matchmaking please don't download. They intentionally match you against counters to your deck and it's part of the game,1,150535022,2026-07-25T02:52:35,,
Clash Royale,com.supercell.clashroyale,Gaming,89682f57-9980-42ed-aaa8-8d28324a32d0,Champ,2,,"very epic game , been playing for years, it's so nostalgic but now it's spoiled by over crowded home screen with events, the new updates have really spoiled the experience, otherwise, it's 5/5",0,150535022,2026-07-25T02:49:41,,
Clash Royale,com.supercell.clashroyale,Gaming,33289d01-3d0b-4a68-b5e5-785a464d9530,John Harris,3,,"nobody likes the ""one life to live"" mode, can we just get rid of it please? so many times people (myself included) will just leave the game because its just so bad. one person will be lucky to get great cards and merges, while everyone else is stuck with slop and constantly getting mowed down. remove that garbage mode, its unfun and just lame",2,150535022,2026-07-25T02:38:41,,
Clash Royale,com.supercell.clashroyale,Gaming,366b4143-a568-459f-bb5d-2f5a9547917c,RAP RealAcePik,2,,I have been playing Clash Royale for over 10 years and have supported Supercell throughout this journey. It is disappointing that the in-game shop is inaccessible for Iranian IP addresses. Loyal players should not be excluded because of where they live. I hope Supercell will reconsider this policy and provide equal access to all members of its community.,0,150535022,2026-07-25T02:33:23,,
Clash Royale,com.supercell.clashroyale,Gaming,8a317db4-5f9c-4433-a9dd-36292b707cd7,Derek Ruiters,2,,"Don't play this game. Even though your favorite creators play it and SEEM to have fun, it really is a stressful game and pulls you in a never-ending loop of ""One more game. I cant end on a loss."" other than that its fine",0,150535022,2026-07-25T02:28:46,,
Clash Royale,com.supercell.clashroyale,Gaming,b4ca2043-59b2-445d-b172-1c1c824f4304,Yaakoub Samma,5,,goog game,0,150535022,2026-07-25T02:01:11,,
Clash Royale,com.supercell.clashroyale,Gaming,f802ea8c-c747-4c45-b131-9807b7e660b4,rodrigo,5,,gosto bastante,1,150535022,2026-07-25T01:56:10,,
Clash Royale,com.supercell.clashroyale,Gaming,45d251a4-1f43-4f04-9d36-b63b85990dd7,Vincent Alvarez,2,,I've been playing this game for three to two years during my time playing the one thing I've noticed is promises of making the game better is never gonna happen the more I play the more I realize the pay gap and skill gap is what you spend more terrible updates and more levels kill the free to play side I wonder if clash ever listens to the people that make them rich but I hope if anyone picks this knows that you're gonna lose if you don't pay,0,150535022,2026-07-25T01:09:13,,
Clash Royale,com.supercell.clashroyale,Gaming,31122fa8-96a5-4fb5-922d-b3e63871e3f6,Xavier LaRose,1,,They ruined the game when they released heroes.,0,150535022,2026-07-25T01:08:04,,
Clash Royale,com.supercell.clashroyale,Gaming,ac06e34b-5072-428b-8e80-f985e9aa68b9,Christopher Jackson,1,,"Came back after a 2 year break, they still pander to no skill garbage, it's still incredibly pay to win, and they're still adding bs to cards so you buy them. Awful game, it was only good for like a year before they absolutely butchered it.",3,150535022,2026-07-25T01:03:29,,
Clash Royale,com.supercell.clashroyale,Gaming,fc6d8da2-1f48-4330-aa6a-ddb92a195986,Niu,2,,frustrating leveling system I've played for 10 month yet not a single deck is max and cards imbalance like megaknight with many passive free abilities is broken and unfair matchmaking (level difference/matchups is insane) especially in clan war battles makes you demotivated to battle and just close the tab cause there's no 'quit' button to exit the unfair match,5,150535022,2026-07-25T00:57:32,,
Clash Royale,com.supercell.clashroyale,Gaming,a10c62ef-3223-42dc-b361-7fe439b6bbc2,Aiden Cable,1,,"EXTREMELY PAY TO WIN. I used to play this game all the time when I was younger, it was fun and relaxing and it kept me entertained for hours on end and yes starting out its fun, mostly bots and low levels but once you get your king tower to around level 9 the game hard locks you in matches with people who pay for packs and insane levels, I've lost 122 times in a row tried multiple different decks and I'm still not able to get to the jungle arena, it's a shame what this game has become",0,150535022,2026-07-25T00:56:13,,
Clash Royale,com.supercell.clashroyale,Gaming,de58ceb8-f9d4-4c7c-b3c0-499022219774,Ayush Wagh,1,,it's just a pay to win game if you are under leveled you are gone there no skill base matchmaking in this my enemy is always 2 levels more than me,0,,2026-07-25T00:41:29,,
Clash Royale,com.supercell.clashroyale,Gaming,837335ec-c4ac-4437-8f0b-0a9b815b6231,Cody Lee,1,,about to uninstall because the win rate is rigged against the player,0,150535022,2026-07-25T00:07:10,,
Clash Royale,com.supercell.clashroyale,Gaming,e400ee08-6c09-4926-838d-81c4043d880f,Mars,5,,the best game ever ☺️☺️☺️☺️☺️☺️☺️,0,150535022,2026-07-24T23:58:47,,
Clash Royale,com.supercell.clashroyale,Gaming,cf6b497d-bc89-4fe1-97d8-1f4607b102bf,Eli Flees,3,,too pay to win,0,150535022,2026-07-24T23:55:39,,
Clash Royale,com.supercell.clashroyale,Gaming,b115c8a8-90ab-40d7-a73e-c57311da5a0e,Mayank Kashyap,1,,waste of time for f2p players all about spamming cards worst game all unfair,1,150535022,2026-07-24T23:48:38,,
Clash Royale,com.supercell.clashroyale,Gaming,4b7b1d14-ca3b-48fc-b671-d24b811376aa,Luffy,2,,multiple task and event lead to more pointless grinding for hand full of reward.,1,,2026-07-24T23:25:23,,
Clash Royale,com.supercell.clashroyale,Gaming,7110cc0e-ba2a-4853-9eca-662012d8596d,tooter,1,,"as if the new heroes weren't bad enough, supercell literally keeps doubling down with these atrocious updates and absolutely annihilates any chance of reviving this game every update. this game used to be an amazing strategy game, but now it's quite literally unplayable",1,,2026-07-24T23:01:47,,
Clash Royale,com.supercell.clashroyale,Gaming,625b60dd-e0e7-4a75-9c65-3b94dd79cc14,oksanio satrio,1,,stupid event phase 3,0,150535022,2026-07-24T22:41:32,,
Clash Royale,com.supercell.clashroyale,Gaming,ff17f696-869d-43df-88b2-77444eaf7a01,Adrian,1,,"I like the game, I would rate it a 10/10 but it only lets me rate up to 5 so I will put in the 1 and you put the zero",1,,2026-07-24T22:29:43,,
Clash Royale,com.supercell.clashroyale,Gaming,9836ba0a-ae66-4221-b7ab-0f6eb3fec82f,Francis Nyuak,5,,"life have been so f'in busy nowadays. So there comes Clash Royale in action to paint up my busy-stress days. We men do need entertainment to keep ourself stay sane in going through this hard and cruel life. I might sounds too dramatic, but trust me. all the hours I get to spend onto this game really is my life saviour. ❤",0,150535022,2026-07-24T22:13:49,,
Clash Royale,com.supercell.clashroyale,Gaming,1bc0dd9f-d7a7-4884-8397-9d3a277bc663,ALI CODM,5,,very good 👍👍👍👍,0,,2026-07-24T22:11:58,,
Clash Royale,com.supercell.clashroyale,Gaming,e588c8f2-17cc-4ea0-a392-5adbfefbb57f,Lucas Janav,5,,W GAME,0,150535022,2026-07-24T22:08:42,,
Clash Royale,com.supercell.clashroyale,Gaming,c26a660f-9db1-4b1c-95c1-d89b3d2c345f,Arshia,5,,good 👍,0,150535022,2026-07-24T21:57:13,,
Clash Royale,com.supercell.clashroyale,Gaming,a9380225-3366-4642-8150-fa61ef8e7bdf,Aditya Ashish Arya,1,,worst game,0,150535022,2026-07-24T21:56:29,,
Clash Royale,com.supercell.clashroyale,Gaming,b5a5aa2b-56e1-4104-ac95-74b85216e7fd,Oishi Rest,1,,"actually such a good game at first, but turned absolutely horrible because greedycell made p2w updates again and again. I had been getting increasingly frustrated at these updates and boosted decks but still continued playing. the heads will roll event I thought would be pretty decent. not only did I not get a jackpot, the last vote of the event being 'yes or yes' was just the final straw. lv16 and heroes just sucks, like mo light was so right about dev team needing to get shot in the head.",1,150535022,2026-07-24T21:43:08,,
Clash Royale,com.supercell.clashroyale,Gaming,393fd68f-8edd-4dc0-a277-ad1eb4c1f58f,Zay Ya Linn,4,,ဟဲဟဲ,0,150535022,2026-07-24T21:30:08,,
Clash Royale,com.supercell.clashroyale,Gaming,b3f618f4-3977-4573-9783-b6a62a492dfd,Techno Animates 2.o,4,,nice game but not balanced,0,150535022,2026-07-24T21:10:37,,
Clash Royale,com.supercell.clashroyale,Gaming,c3d05203-a1ab-47f9-89af-279cbc22c2ba,Noel Javier,3,,"fun game, but forsure P2W... troops need to be around lvl 13 to 14 if you wanna compete which would take a while if your a F2P player. Also this is a strategy based game so they're cheese methods that are used frequently and a lot of cycle decks that can shutdown bum rushes..... play smart and think of your moves, but if their units are way higher than yours, you might as well alt+F4....",1,150535022,2026-07-24T21:07:11,,
Clash Royale,com.supercell.clashroyale,Gaming,46cb1a14-fe7d-4129-a82e-4ef215ab918d,Steve Hughes,2,,prices for there 'gifts' are just stupid.,1,150535022,2026-07-24T20:58:23,,
Clash Royale,com.supercell.clashroyale,Gaming,bf57d0f0-5e5f-4aa1-8c8a-398f92e38b28,DJ Orozco,5,,I like it because it is fun and not too many ads,0,150535022,2026-07-24T20:44:10,,
Clash Royale,com.supercell.clashroyale,Gaming,248d4bab-9efd-4388-9918-041452d72a6f,NIMON,1,,Does cancel button work??,0,150535022,2026-07-24T20:40:53,,
Clash Royale,com.supercell.clashroyale,Gaming,f1ad1ab3-622f-42d4-a9d6-0fca888d1bfd,Ed Edison,5,,good,0,150535022,2026-07-24T20:40:20,,
Clash Royale,com.supercell.clashroyale,Gaming,03d9809d-0ba2-4f9b-ac6c-8011bcb6f757,Brett,5,,They just want your money,2,150535022,2026-07-24T20:39:22,,
Clash Royale,com.supercell.clashroyale,Gaming,19dbbc1c-cbbc-4771-8de2-5670f9b4db5e,Md Rakib Mia Rabbi,5,,Good,0,,2026-07-24T20:33:13,,
Clash Royale,com.supercell.clashroyale,Gaming,f4cd4a13-5138-4630-ac4f-2b2052aad6f6,Raunak Ghorui,5,,very very good game ......apart from the coc I have found it very satisfying because I can play it during my neet preparation and it took only 10 minutes for 2 matches ...,0,150535022,2026-07-24T20:11:39,,
Clash Royale,com.supercell.clashroyale,Gaming,7de2f4bb-392f-4283-a163-686ae4b0faf8,Aryan Chaudhary,1,,pay 2 win game skill doesn't matter many bugs and the game engin force 50-50% win rate,0,,2026-07-24T19:55:28,,
Clash Royale,com.supercell.clashroyale,Gaming,aefed9ba-f1ca-46b3-b461-5fff62e60f90,Soumik Biswas,5,,nice 👍🏻,0,,2026-07-24T19:38:33,,
Clash Royale,com.supercell.clashroyale,Gaming,84628a38-6405-4214-8df4-1bbfd792f34c,Marshall Hu,1,,This game is the epitome of ragebait. I don't know why supercell is allergic to nerfing cards like the megaknight. There is zero thought to their balancing issues and the pay to win in this game is just unbelievable. It is just impossible to enjoy this game in any possible way without supercell somehow making your day feel like hell.,0,150535022,2026-07-24T19:25:49,,
Clash Royale,com.supercell.clashroyale,Gaming,33580204-5f8b-4ed9-96d4-8f28247eb6e2,ARJUN S,5,,Maja game,0,150535022,2026-07-24T19:08:45,,
Clash Royale,com.supercell.clashroyale,Gaming,916c7ab9-1849-4d18-b29b-92e3aae9dbab,Mohammad Toorani,5,,عالی,0,,2026-07-24T18:29:33,,
Clash Royale,com.supercell.clashroyale,Gaming,624c63b7-88ac-4c9f-84ea-455d18751ab3,Alan Garcia,5,,do you agree with 1 star? yes / yes,0,,2026-07-24T18:25:21,,
Clash Royale,com.supercell.clashroyale,Gaming,85d93aa5-9a1e-42d7-9a54-190878876c8a,Josh Kern,1,,It's great working for months to build a team just for Clash to nerf every troop in your deck with no in app compensation. They are perfectly fine wasting your time and money. Save yourself the pain and play a game with devs that respect their user base.,0,150535022,2026-07-24T18:13:00,,
Clash Royale,com.supercell.clashroyale,Gaming,3ff83cc6-8456-47f8-aa29-e2bbcb62d20f,Saraflat hossain Tonmoy,1,,i often Don't ger orb after finishing mission in merge tactics,0,,2026-07-24T18:09:32,,
Clash Royale,com.supercell.clashroyale,Gaming,b9aa14d4-896c-4b5b-8b83-a2f32dabe372,Angel V,5,,wonderful 💯,0,150535022,2026-07-24T17:49:38,,
Clash Royale,com.supercell.clashroyale,Gaming,3d7e19b1-9900-4de1-9f07-3dcb7f073c84,Primo Pay,1,,"been playing Clash Royale for a long time, but lately the gameplay has become extremely frustrating. Many matches feel delayed, with card placements and actions dragging even though my internet connection is stable. It's not a Wi-Fi issue, yet the game still feels unresponsive at crucial moments, which often leads to unnecessary losses.",0,150535022,2026-07-24T17:36:38,,
Clash Royale,com.supercell.clashroyale,Gaming,d68ddd20-1fcb-482c-8a39-2b226289338f,Chandra Tinarso,1,,semakin lama main makin gak fair,0,,2026-07-24T17:29:53,,
Clash Royale,com.supercell.clashroyale,Gaming,e728d3fc-6185-4ba2-a266-59110ab8c270,jalall salehi,2,,The game now gives very few coins.,0,150535022,2026-07-24T17:26:31,,
Clash Royale,com.supercell.clashroyale,Gaming,60363d57-39e1-499f-b418-655e2b3c99e5,sherif Abo El Nile,1,,Retiring from the game because playing with ai bot not playing with human,0,150535022,2026-07-24T17:25:10,,
Clash Royale,com.supercell.clashroyale,Gaming,85e84090-b14d-4af6-89cc-3cbee2b893e4,Rabbit Black,1,,"went from 5 star to one had to edit because after a few days the game just says no connection, why let a player play at most 5 days and ever single MF time I load into my first game I get no wifi connection yet I pay for wifi, even upgraded to a more expensive service provider due to the agitation this game caused me. I want compensation for the trophies I've lost and I wish I could play a single game without y'all's fugg ahh app to tell me my 5g wifi gives a service error? I want my money back",0,150535022,2026-07-24T17:22:52,,
Clash Royale,com.supercell.clashroyale,Gaming,cd0c2b47-9a15-43d2-9316-f390cd3a531d,Tinashe Makalo,1,,it can't even download,0,,2026-07-24T17:04:37,,
Clash Royale,com.supercell.clashroyale,Gaming,605a44d0-0f41-44bf-9b0d-0d6c6c92c3a6,Ella Putri,5,,Why is it always stop at 98%😭 (still a good game though),0,150535022,2026-07-24T16:54:11,,
Clash Royale,com.supercell.clashroyale,Gaming,0adf124d-1acd-436c-b65e-b9c90a70df1f,Bianca Fay,1,,try to log onto the game and it won't even load prob another update thing almost not worth trying to play this game,0,150535022,2026-07-24T16:38:21,,
Clash Royale,com.supercell.clashroyale,Gaming,a2cea53c-8c16-4084-9850-8f547c29e999,[FEOX],1,,P2W (Pay to win) game and the game keeps crashing when im logging in the game i have a stable network but it keeps saying that i have an unstable network wow gracias supercell hamgacan,0,150535022,2026-07-24T16:35:37,,
Clash Royale,com.supercell.clashroyale,Gaming,29252720-b98e-4697-b35d-547143df10cc,Aznie Abdul Karim,1,,always having connection issues even when internet is at full spedd,0,150535022,2026-07-24T16:31:54,,
Clash Royale,com.supercell.clashroyale,Gaming,13946f59-de18-43c0-8b6d-8fe7d45d20fd,SIL VER,1,,connection problem 🤮,0,150535022,2026-07-24T16:31:43,,
Clash Royale,com.supercell.clashroyale,Gaming,92ae3ff4-7985-41ce-8316-9d965677c684,Khaled Allaw,1,,the most rigged game I ever played,0,150535022,2026-07-24T16:30:09,,
Clash Royale,com.supercell.clashroyale,Gaming,ae12b423-5ee2-4813-822e-e89b28fd6ef1,miki miladi,5,,خوبه,1,70288020,2026-07-24T16:25:34,,
Clash Royale,com.supercell.clashroyale,Gaming,2175ca66-b156-4327-8c10-afcfba730efd,Ryan McDowell,5,,great game 🎮,0,150535022,2026-07-24T16:13:55,,
Clash Royale,com.supercell.clashroyale,Gaming,7930b17c-87c3-4f40-a243-8050aae9ee64,Kristian Todorov,3,,Not fun anymore,6,140593015,2026-07-24T16:09:38,,
Clash Royale,com.supercell.clashroyale,Gaming,952013fd-a1ce-4428-aa66-3b898497e1fa,sandeep gedam,5,,supporb,0,150535022,2026-07-24T16:00:22,,
Clash Royale,com.supercell.clashroyale,Gaming,ab492d8c-6c99-4e19-845d-a2b678557bcb,Gavin Marsh,5,,It is a great time killer and a fun game to interact with each other. playing cards is great fun you can even chat with your clan and friendly battles.,0,150535022,2026-07-24T15:39:29,,
Clash Royale,com.supercell.clashroyale,Gaming,e2f7ae03-9d65-49df-b0ae-ca02dd043f4a,[BNR] Beats,1,,"If you new, save your self the money and time. A game that never helps the MVP only a money grab , Im not spending 20$ to 40$ a month on a battle pass and junk",0,150535022,2026-07-24T15:31:41,,
Clash Royale,com.supercell.clashroyale,Gaming,0ef91970-0596-4dbf-a59b-7b682706cf39,Rafli Amar20,5,,great game,0,150535022,2026-07-24T15:01:11,,
Clash Royale,com.supercell.clashroyale,Gaming,b1986937-e4b3-4406-9550-b45921fc6d9f,Aravind Murali,5,,really good game,0,150535022,2026-07-24T14:52:01,,
Clash Royale,com.supercell.clashroyale,Gaming,066c5811-6510-48ce-ad54-b77eb410dbc9,HRITHIK THAKUR,5,,good,0,150535022,2026-07-24T14:44:18,,
Clash Royale,com.supercell.clashroyale,Gaming,9666f2e0-b3d4-4938-820d-5cc43d12f16c,Dark D,1,,pay to win,0,150535022,2026-07-24T14:40:02,,
Clash Royale,com.supercell.clashroyale,Gaming,0a9dcde8-5e61-4e28-add5-e222b1bdbe5a,Alsan Armaja,5,,excellent,0,150535022,2026-07-24T14:00:32,,
Clash Royale,com.supercell.clashroyale,Gaming,f91b705a-c920-476e-a6a6-2491371292ef,Ian Hamilton,3,,My review was 4 but recently the game has become SO toxic it's unreal! In theory it's a fun game but if you want to relax and be positive do not play this game,0,150535022,2026-07-24T13:55:09,,
Clash Royale,com.supercell.clashroyale,Gaming,a84ef672-2b91-4469-ab30-1df428125a7a,Hadi Shah,1,,"After reaching 14000 trophies, u need us to choose other deck ...but why u r making it hard to win while we train to use other battle deck that we are not used to it.How to progress up the ladder....where is my prince or hog rider Evo and Heroes...?? why are they last to produce...",8,150535022,2026-07-24T13:52:51,,
Clash Royale,com.supercell.clashroyale,Gaming,fb5fa7f8-acc0-43fa-88a1-df768eee3be9,Κωσταντης Κιαπεκος,4,,cool game,0,150535022,2026-07-24T13:33:15,,
Clash Royale,com.supercell.clashroyale,Gaming,21f7aef2-7b18-48d2-aa74-8f2a2c28a7d2,Prem Acharya,5,,nice game,0,150535022,2026-07-24T13:21:01,,
Clash Royale,com.supercell.clashroyale,Gaming,78330a83-321a-4ff5-a8cb-fb5b767882e8,YATOO ZOLDIK,5,,Fun game,0,150535022,2026-07-24T13:10:30,,
Clash Royale,com.supercell.clashroyale,Gaming,e7380c99-67af-473b-8bbe-4d6244d9b6ec,Scott L,3,,I like this game very much but when you start climbing the ladder the game gets very hard to play. Especially for people like me that can't spend money on the game,0,150535022,2026-07-24T12:46:31,,
Clash Royale,com.supercell.clashroyale,Gaming,1ea7fe55-66c0-4750-a9cd-f76095d73c90,Phil,1,,I have proof that bot players are deliberately used to delay player progress. will be requesting full refund for all money spent on this game,0,150535022,2026-07-24T12:24:49,,
Clash Royale,com.supercell.clashroyale,Gaming,d274cf67-58a2-47e8-95ab-f945aef7c912,Michael D.,1,,"Pay to win, all they do is break the game more and more, they even have you lose - rig the game so you purposely lose. I would give 0 stars but I can't. 👎",7,150535022,2026-07-24T12:04:35,,
Clash Royale,com.supercell.clashroyale,Gaming,8417b75e-33b3-4cf6-98f9-05c6909f9d21,Arya mohammadi,5,,عالیه,0,150535022,2026-07-24T12:02:38,,
Clash Royale,com.supercell.clashroyale,Gaming,d4bba4e5-64d6-40c8-89a4-aec954f8254b,Raj Ratan Shivhare,5,,"please create a ""Claim All"" rewards Button for each weekly, daily or with timeline sections and optimize it accordingly, so boring sometimes if you tap again and again, if having so many rewards left to claim.......",0,150535022,2026-07-24T11:59:09,,
Clash Royale,com.supercell.clashroyale,Gaming,ce9b762d-6ba9-49d7-8be1-274c64fdf854,Project Fire 151,1,,match making is horrible and the spawn in is never the same. worst game ever.,0,150535022,2026-07-24T11:51:07,,
Clash Royale,com.supercell.clashroyale,Gaming,976a8ab0-0821-4e5c-8cb3-60299323e11c,Arshwin's Geography,2,,Firecracker survives log!,0,,2026-07-24T11:39:47,,
Clash Royale,com.supercell.clashroyale,Gaming,dc87dd75-792b-4b2d-908b-ee7b8b7f38b3,Rico Hernandez,2,,this game is torture.,0,150535022,2026-07-24T11:29:38,,
Clash Royale,com.supercell.clashroyale,Gaming,d922a916-0d90-452a-9f82-ee1969c6aa61,Nur1o,1,,this is game died,0,150535022,2026-07-24T10:05:43,,
Clash Royale,com.supercell.clashroyale,Gaming,44da8095-b095-45bf-8366-5abb91e37b18,Aryeh Morris,5,,good loov it it soooo good,0,,2026-07-24T09:45:10,,
Clash Royale,com.supercell.clashroyale,Gaming,863179aa-198a-48d0-9928-207ba778ad27,MarkJoshua Reyes,5,,This game is so good I recommend it to a friend,0,150535022,2026-07-24T09:43:14,,
Clash Royale,com.supercell.clashroyale,Gaming,efafadcb-e2d7-4332-8d05-031041632a8f,Useless Garbige,5,,"everytime I play this game I wanna shoot myself, idk why I keep playing",0,,2026-07-24T09:43:06,,
Clash Royale,com.supercell.clashroyale,Gaming,c3e8f88a-1367-45f5-9d2e-eed099e95e2a,Max Elders,5,,cool,0,150535022,2026-07-24T09:27:07,,
Clash Royale,com.supercell.clashroyale,Gaming,eaaa34ce-fd47-43d4-b813-ec17daecf437,Lucas Jensen,1,,rigged,0,150535022,2026-07-24T08:48:51,,
Clash Royale,com.supercell.clashroyale,Gaming,fcdb304f-0e6b-4f03-a524-6902ba121f88,Eddie Kyler,1,,this game sucks thats it,0,150535022,2026-07-24T08:32:48,,
Clash Royale,com.supercell.clashroyale,Gaming,56c78cf2-29bf-43d7-be2f-d8bd761d1aae,Glenn Carter,2,,"been playing since the 1st year. ngl, I have to say that I seriously HATE having to tap my screen 40 times just to open a chest, or to clear unwanted and unnecessary ""snippets"" and other ridiculous things in the game now. what happened to one click and done? this game is becoming stupidly annoying.",0,140593015,2026-07-24T08:29:54,,
Clash Royale,com.supercell.clashroyale,Gaming,188c92f4-2f41-44ba-8809-aee6d6e65be0,Damzay Dell,4,,love the no ads and thats is like chess and you can play on pc and moblile,0,140593015,2026-07-24T08:28:02,,
Clash Royale,com.supercell.clashroyale,Gaming,774f42cd-a8c8-41fe-bf83-a93212e0bc73,Anthony Matthews,3,,since last season if I try to make a purchase it has linked me to a different account. when I check the settings nothing has changed on both the game and my Google play. because of this I am unable to make any purchases.,0,150535022,2026-07-24T08:08:36,,
Clash Royale,com.supercell.clashroyale,Gaming,106257c7-b505-4c45-806b-2379339e747a,Nahid Hesenli,5,,"Clash royale good game,but game is pay to win.i played 14 level card my oppenets plays 16 level card this not truth",0,150535022,2026-07-24T07:54:24,,
Clash Royale,com.supercell.clashroyale,Gaming,18058396-3260-4e9e-85fe-ba91200ef66c,Gabriel Leavy Garcia,1,,"this game was very promising at first but as you play the game and fight through each arena you realize its not a game to test your brain, it's much rather a game that tests how rich you are because of how pay to win it is and also it makes me wanna throw a chair at someone because of the amount of times this game got me mad. I genuinely think if you want to have a good time and have something to do I humbly advice anyone to avoid this game because these characters are rigged. Just like ronnin..",0,150535022,2026-07-24T07:29:33,,
Clash Royale,com.supercell.clashroyale,Gaming,32bb9e2e-2a6f-4cfc-a65b-fd135c97d858,Hezekiah Escalante,4,,pretty good other places hate lol 16 n heros just because popular streamers n content creators do but its good,0,150535022,2026-07-24T07:14:43,,
Clash Royale,com.supercell.clashroyale,Gaming,82afbcc3-3a62-49ba-b4f7-90e3b2bf2f6c,Gage Wiartalla,3,,its get me so mad sometimes but its addicting,0,150535022,2026-07-24T06:49:39,,
Clash Royale,com.supercell.clashroyale,Gaming,4e2969b0-a8cd-4fae-9493-d2369c5d2fb4,April Flynn,2,,"it is an amazing game and coul literally be the 2nd chess thats how skill ful it is, but the greedy devs just ruin everything and supercell is practically as bad as ubisoft",0,150535022,2026-07-24T06:17:45,,
Clash Royale,com.supercell.clashroyale,Gaming,2bafba0a-14c9-4e14-9998-345fa4c66194,Vikas Singh,1,,"my internet connection is stable, so why this game shows no internet connection in middle of game.",0,,2026-07-24T05:43:40,,
Clash Royale,com.supercell.clashroyale,Gaming,e8eeaa86-23fb-4282-b83c-17fa879a1f9a,Brian Moser,1,,very bad now,0,,2026-07-24T05:27:44,,
Clash Royale,com.supercell.clashroyale,Gaming,85424b5d-f2e4-40d4-95b6-2c4a7006931e,Jonah Bakana-Babin,3,,fun game,0,150535022,2026-07-24T05:25:31,,
Clash Royale,com.supercell.clashroyale,Gaming,ab0e625b-c7a0-4974-b27f-36662b6633ce,Aryan Abdullah,5,,I love this game 🥹,0,150535022,2026-07-24T04:49:48,,
Clash Royale,com.supercell.clashroyale,Gaming,56a605ab-fd2b-4735-befd-cb8167ee8035,Jacob Ball,1,,SO LAGGY,0,150535022,2026-07-24T04:46:42,,
Clash Royale,com.supercell.clashroyale,Gaming,0e8fd330-5fa4-4fa3-85c3-ffafdfde0043,Ali Hoseinian,1,,trash,0,150535022,2026-07-24T04:43:34,,
Clash Royale,com.supercell.clashroyale,Gaming,ba40cf96-0ee2-43b5-b7a7-861121dbd702,EternalGaming,5,,get rid of boss bandit,0,,2026-07-24T04:41:17,,
Clash Royale,com.supercell.clashroyale,Gaming,cb902a47-2d80-4cd8-b483-2c0271c14342,Irwin Melting Tallow,4,,cool,0,150535022,2026-07-24T04:40:45,,
Clash Royale,com.supercell.clashroyale,Gaming,efebc382-dbc5-446e-aa2f-007e6adefd3e,khushu,1,,they purposely put you in bad match ups👎,0,150535022,2026-07-24T04:09:17,,
Clash Royale,com.supercell.clashroyale,Gaming,fb5c974a-c175-4529-b1c8-83d1876575b0,yb_m15,1,,horribly rigged and pay 2 win game,0,150535022,2026-07-24T03:48:58,,
Clash Royale,com.supercell.clashroyale,Gaming,9aeed8ef-5fc1-44d3-80a5-ade0c21dd404,Samuel,5,,I like the game,0,150535022,2026-07-24T03:42:14,,
Clash Royale,com.supercell.clashroyale,Gaming,70bd9591-717b-49e5-9d7a-d05bcfc73cf4,Bailey Cobbe,3,,"I really liked this game, ruined by Pay to Win Heroes.",0,90198014,2026-07-24T03:33:49,,
Clash Royale,com.supercell.clashroyale,Gaming,1c6e9948-9afc-4b41-8ecd-87db5f54ec56,Mike Wirth,1,,I did not think it was possible but this game just gets worse with each update.,0,,2026-07-24T03:21:05,,
Clash Royale,com.supercell.clashroyale,Gaming,1617032f-6aaf-4307-a42f-209eb71dafad,Zach Adika,1,,iv been playing for over 3 years and the game got so p2w i stopped playing it they add to much new things instead of fixing the old things,0,,2026-07-24T03:16:58,,
Clash Royale,com.supercell.clashroyale,Gaming,8a667464-7f6b-4451-8d71-b93fbadb8d7d,Luksontha,1,,rigged,0,150535022,2026-07-24T03:14:19,,
Clash Royale,com.supercell.clashroyale,Gaming,b47bbd15-0742-4867-9deb-0c0777ee4d87,Guyllaume Monet,1,,"rigged 50/50 win rate, dont play this",0,150535022,2026-07-24T02:39:57,,
Clash Royale,com.supercell.clashroyale,Gaming,e2849dff-8e10-47e9-a06b-febfbffbd4e2,Varad Belkade,1,,worst game ever!!!,0,150535022,2026-07-24T02:20:27,,
Clash Royale,com.supercell.clashroyale,Gaming,9d82c966-0c03-43ef-b2c3-0f3a8879e0c9,MagZx,1,,"forget everything you know everyday, they keep on adding cards instead of making the game better, they simply change the game so much its like every year its a new game reusing the graphics, they simply make the game endless every day more to seem there is an objective somewhere else except the collection... the other day they added a card to balance the unbreakable cards, yes it does not balance anything, just makes worse and more expensive matches, each day slower and more chaotic",0,150535022,2026-07-24T01:26:00,,
Clash Royale,com.supercell.clashroyale,Gaming,6724dc24-1fe6-4f3d-b910-4dbf9ab8041e,Abhinav,1,,Gandu mega knight 💔🤞,0,150535022,2026-07-24T01:18:53,,
Clash Royale,com.supercell.clashroyale,Gaming,d71cfafe-c92e-4a00-bc65-114f529c9194,MFAP,1,,"pay to win game, difficult for F2P, i play from 10 years ago and now i think its time for uninstall",0,150535022,2026-07-24T01:01:35,,
Clash Royale,com.supercell.clashroyale,Gaming,23d32924-6fe2-4bd8-a70f-58499e2449c1,Sebastian Kuntz,1,,I was so far into the game and it just restarted me. I was actually starting to have fun too. 0 stars never again,0,150535022,2026-07-24T01:00:41,,
Clash Royale,com.supercell.clashroyale,Gaming,d08ffac8-2d20-4f24-9ffe-bdde90435467,Maxx maxmaxmax,2,,Ban this stupid Echo Sage.... what devil put this guy in the game?,1,150535022,2026-07-24T01:00:14,,
Clash Royale,com.supercell.clashroyale,Gaming,7eaf1dfd-ceb6-4692-ad7e-6cf3590c8cf7,Nsad sad,1,,dogshit game,0,,2026-07-24T00:44:27,,
Clash Royale,com.supercell.clashroyale,Gaming,27083f45-79ce-4f42-a96c-48572a608138,Drew Monson,1,,if u dont pay for what was just added u might as well not play,0,150535022,2026-07-24T00:25:39,,
Clash Royale,com.supercell.clashroyale,Gaming,70d64eee-3673-4695-a661-a10c486d09b5,Joshua,1,,"Clash Royale has become absolute garbage. Matchmaking is terrible, especially in Clan Wars. I'm constantly matched against players with 3,000+ more trophies, and every game feels like I'm hard-countered while I have no answer to their deck. Skill barely matters anymore—it's all pay-to-win. Anyone with a credit card can buy their way to the top while free-to-play players get screwed. Supercell has completely ruined what used to be a great game.",0,150535022,2026-07-23T23:42:41,,
Clash Royale,com.supercell.clashroyale,Gaming,feb12814-dc34-4510-b350-7f15bd947ed6,Prashant Srivastava,1,,Approaching and excellent game graphics,0,150535022,2026-07-23T23:42:16,,
Clash Royale,com.supercell.clashroyale,Gaming,f2adcf41-99e1-4fbb-8a40-82b941034d05,Colten Trimble,1,,Pay to win slop. Used to be a fun game.,0,150535022,2026-07-23T23:11:45,,
Clash Royale,com.supercell.clashroyale,Gaming,61f18a82-c981-4d18-94b9-a9ffce342ac5,Armin Hammer,2,,"This used to be an amazing game full of strategy, like a fast paced chess. But it has turned into a hit the screen 100 times to get a snippet?? like a candy crush. I liked the evolutions and heros but everything else just ruins it.",0,,2026-07-23T22:50:21,,
Clash Royale,com.supercell.clashroyale,Gaming,74e1c314-b168-420a-a309-ac8da70499d6,Obada Lomador,1,,it's a free to play pay to win game where the devs can just add paywalls right and left without content also they can ban you to make you have to restart and pay them again 👌,0,,2026-07-23T22:47:28,,
Clash Royale,com.supercell.clashroyale,Gaming,6688c2d1-1f98-4bac-a575-c7fc787c119b,William Morreau,5,,👍,0,150535022,2026-07-23T22:45:23,,
Clash Royale,com.supercell.clashroyale,Gaming,bced130d-9ddc-4087-9cf9-900acada7a84,Ad7 Km7,5,,best pay to win game ever😈💙🐬,0,,2026-07-23T22:29:57,,
Clash Royale,com.supercell.clashroyale,Gaming,db165e05-4f44-4bd7-ae24-b270f1bda7d3,Ragheemah Jacobs,5,,it is a good game 🙂🙂,0,150535022,2026-07-23T22:29:22,,
Clash Royale,com.supercell.clashroyale,Gaming,8374fdda-831f-4fc2-ba56-b55985891a43,Abner Ibarra,4,,"idk what say, it's a fun game of course, unless you start to look at all the paywall behind nearly every part of the game when climbing to success, and once you pay for something in this game, you have effectively given your soul to the devil. it's still a very fun and interesting game, definitely play it",0,150535022,2026-07-23T22:18:53,,
Clash Royale,com.supercell.clashroyale,Gaming,e750b1f8-20b0-4099-b341-f4b94984bb9a,Victor saul Murcia,5,,good,0,150535022,2026-07-23T21:49:32,,
Clash Royale,com.supercell.clashroyale,Gaming,372c13bb-36fc-4db1-83c5-092a01b22284,Sean Sartin,2,,"The game is riddled with bots and they all have mega knight decks or e golem decks. no wonder the player base is leaving, SUPERCELL DO BETTER I'm tired of only facing mega knight and e golem from every bot because you killed your player base being horrible.",0,150535020,2026-07-23T21:41:53,,
Clash Royale,com.supercell.clashroyale,Gaming,dac8c75f-5c2e-4dee-a21c-d74960937bba,Miguel Angel,5,,is a good hammered!,0,150535022,2026-07-23T21:32:07,,
Clash Royale,com.supercell.clashroyale,Gaming,afe1b3a2-799e-4ff3-a2aa-b399a8aec391,Dishan Lama,2,,game was better in 2019,0,150535022,2026-07-23T21:31:00,,
Clash Royale,com.supercell.clashroyale,Gaming,2cfe930c-e678-48be-8b27-24901c735e85,Oliver Williams,2,,The game is just P2W at this point. dont play until it is fixed,0,150535022,2026-07-23T21:27:50,,
Clash Royale,com.supercell.clashroyale,Gaming,7d21bbff-fd1d-48dd-a70b-9214d0fa1cf0,Dennis Wra,5,,"Clash Royale is one of the best mobile strategy games ever made. The fast-paced battles, creative deck building, and competitive gameplay make every match exciting. The constant updates, new cards, and events keep the game fresh. It rewards skill, strategy, and good decisions, making it fun for both casual players and competitive gamers.",1,150535022,2026-07-23T20:56:55,,
Clash Royale,com.supercell.clashroyale,Gaming,b74ba7f0-1fca-4244-97b9-d61a4f8701d1,Samuel Ireland,1,,this game is so pay to win!!!!!!!!!🤬🤬🤬🤬🤬,0,150535022,2026-07-23T20:55:06,,
Clash Royale,com.supercell.clashroyale,Gaming,c7adc139-e503-47c1-ab76-de6662624814,William,1,,"rubbish, keep lag and lag, IS ONLY THIS GAME KEEP SHOW DISCONNECTED! GO AND UPGRADE YOUR SERVER",0,150535022,2026-07-23T20:22:39,,
Clash Royale,com.supercell.clashroyale,Gaming,0fe2e28a-95f5-4e80-90c5-0d8eac14216b,Ydy Dhhd,1,,it’s play to win game 💢 my Tower level 13 also my Card level 13 some 12.. and my opponents are Tower level14/ 15 also there Card like 15/16 😡 so tell me how can i win 😡💢 so i delete the game. there is no why to win against dem. and clash royale didn’t fix this problem ☹️,0,,2026-07-23T20:21:28,,
Clash Royale,com.supercell.clashroyale,Gaming,df8ae534-0ffd-427d-b49d-f0faef4307f2,Sharon West,1,,i did not get my account back at all after 10 years of service,0,,2026-07-23T19:41:12,,
Clash Royale,com.supercell.clashroyale,Gaming,38fb2be9-dec7-49e3-a830-40c1cff40af6,Ashim Golui,5,,gd game,0,150535022,2026-07-23T19:30:10,,
Clash Royale,com.supercell.clashroyale,Gaming,91022300-63a9-457f-b4a1-7e0be8614bc6,Amir Grubb,1,,The main game mode is unplayable and trash. Merge tactics is unplayable if echo sage is in the match. Who ever keeps making these brain dead decisions have got to start making better ones because you might as well just remove the game at this point.,21,150535022,2026-07-23T19:28:25,,
Clash Royale,com.supercell.clashroyale,Gaming,fbdddabf-75d1-4c28-932d-5ab379a7a730,Shakshi Bajaj,5,,This game is fantastic as always had a new card to play so that eagerness made in minds of people to play .graphics too very nice nd imagined greatly that creates a real image in the mind along with emojis expression sounds good🥳,0,3.2.1,2026-07-23T19:01:51,,
Clash Royale,com.supercell.clashroyale,Gaming,bf9cc55f-bb93-4f18-a3b0-b30d7fc4b0e8,Ethan Minsel,4,,Great game in total. Some things I found is that Supercell uses some broken characters from different games and mixes them into one.,0,,2026-07-23T18:51:19,,
Clash Royale,com.supercell.clashroyale,Gaming,cd4246c6-2a77-4e6c-aebe-0e1b9774b8b4,亗DORAEMON࿐,1,,"This game is very boring. it used to be fun a lot. this game was one of my favorite game but it has became more hard to play because of p2w players. they always have a higher level, more evolutions and heroes. f2p players like me don't get a chance to fight off these p2w players. fix the game supercell! I could have given a 0 star if it was possible. Also the game has so much unfair cards that were used to be a buffed card but became nerfed. and now the cards are now becoming very overpowered.",0,150535022,2026-07-23T18:28:10,,
Clash Royale,com.supercell.clashroyale,Gaming,9c9f075a-c386-45a2-bab6-08b2b3cb7bf5,Itachi,5,,it's good,0,150535022,2026-07-23T18:19:38,,
Clash Royale,com.supercell.clashroyale,Gaming,ed97fc2b-4226-491d-892e-a4f8cd0bb534,Lopez Marcan,1,,this game just got so boring honestly,0,150535022,2026-07-23T18:17:03,,
Clash Royale,com.supercell.clashroyale,Gaming,97468e20-3cd6-4453-84c4-61c67c4f2bae,Mimikyo Pokemon,1,,the game is pay to win and u also get very high ping in every match,1,150535022,2026-07-23T18:10:36,,
Clash Royale,com.supercell.clashroyale,Gaming,9c2b0889-3aff-416e-8fa2-2af497dc85d6,Jushua F. Javier,5,,good,0,150535022,2026-07-23T17:53:52,,
Clash Royale,com.supercell.clashroyale,Gaming,4a071178-c842-41f5-a02b-cd2afffd03a1,James Norris,1,,"Thought of hoping on the game after some time, and looking at the questionable troops (boss bandit or Evo inferno dragon etc) definitely not the greatest choices 😭",0,150535022,2026-07-23T17:18:48,,
Clash Royale,com.supercell.clashroyale,Gaming,5baca0b0-f95a-40b4-b5a7-e714a6f110e2,Prabhas Pal,5,,omg,0,150535022,2026-07-23T17:11:52,,
Clash Royale,com.supercell.clashroyale,Gaming,bdcc3976-6e74-48f5-bb9b-fb3d7c29aa10,Stefan Mesca,5,,I like so much this game!,0,150535022,2026-07-23T17:09:13,,
Clash Royale,com.supercell.clashroyale,Gaming,bac909f9-29e2-4c6d-8e59-26968d6a33b4,M Dor,5,,Amazing game with lots of fun and so much more. Check it out and gamers all alike can enjoy this masterpiece,0,150535022,2026-07-23T16:54:12,,
Clash Royale,com.supercell.clashroyale,Gaming,df955052-adaf-4473-a513-7e9c8182fe48,racoillet maxime,1,,"Supercell se permets de fermer les comptes après 121.86 achats sur le jeu, sous réserve que je n'ai pas joué depuis un moment. Le support ne propose aucune résolution, meme pas un dédommagement sur mon nouveau compte. Des voleurs, à fuir!",0,150535022,2026-07-23T16:28:50,,
Clash Royale,com.supercell.clashroyale,Gaming,88c398c7-cb99-4020-811d-379e296783e0,Hi,5,,best game to play,0,150535022,2026-07-23T16:10:29,,
Clash Royale,com.supercell.clashroyale,Gaming,b626953a-0ab7-4d5b-a49c-f5ee5dd9e564,Salma Pervin,1,,"After some major updates and changes it is getting worse day by day, having 10 elixir max is fine but they should give players the full deck access in battle otherwise they randomly choose which card will come up next and it might not be the right one for me and bcz of these players lose a lot of match, also when players lose they minus 30+ trophies most of the time but after a win players get under 30 trophies rarely they give 30+ trophies like plz fix this issues, if u pay u win and it sucks🤮",0,,2026-07-23T15:44:35,,
Clash Royale,com.supercell.clashroyale,Gaming,5ef19569-097a-4892-9df0-796bc87daad6,Tablette tbnj,5,,واااااو مش عادية,0,150535022,2026-07-23T15:31:55,,
Clash Royale,com.supercell.clashroyale,Gaming,e76578bc-3639-41fd-bc3b-dbb08f7622ae,archer takao,5,,"Amazing game. Quick, simple, engaging and you are able to show progression. Just hit the ultimate champion today and it was a huge accomplishment for me. Anyway, if you're looking for an engaging, fast paced game. This is it.",1,150535022,2026-07-23T15:28:53,,
Clash Royale,com.supercell.clashroyale,Gaming,f084403f-8ff7-483b-9d2b-112581c4d514,Lem Zi Yong,5,,jelly good,0,150535022,2026-07-23T15:08:41,,
Clash Royale,com.supercell.clashroyale,Gaming,16a80df3-7eef-459a-a86e-6a1f79f16c06,Stanky Jackson,1,,"the game uses bots to control your game play the more time you invest in it ai records your tactics so you never know when you are facing bot or people, it's bots 50 % of the time.the game is pay to win free to play and coach favors pay to win players.",0,,2026-07-23T14:49:40,,
Clash Royale,com.supercell.clashroyale,Gaming,21ab3932-3b83-412f-8687-da1fd80d0533,NANKHARI THE GOLDEN SPARROW,5,,excellent game but you should not put everyone on same level when we are fighting in classic and in friendly battle,0,150535022,2026-07-23T14:44:49,,
Clash Royale,com.supercell.clashroyale,Gaming,6643a2f3-442a-4407-82e0-525617f99455,Pro Gamer,5,,I Like Thies Game,0,,2026-07-23T14:37:59,,
Clash Royale,com.supercell.clashroyale,Gaming,2debe69b-bb10-4a6d-8523-cc7eea8c63df,Keyur Shah,1,,really very worst game they just want to get u addicted with this game nthing else,0,,2026-07-23T14:27:58,,
Clash Royale,com.supercell.clashroyale,Gaming,012ca8d2-3bce-4ceb-b993-e79c97570e63,khaled alaa,5,,good game 🎯 fr,0,150535022,2026-07-23T14:10:48,,
Clash Royale,com.supercell.clashroyale,Gaming,b21ffb1c-47d1-46a2-a64a-1045b9b383f1,Emerald Ardiente,5,,"Only Works using WiFi, using data will just stay on loading screen forever",0,150535022,2026-07-23T13:45:10,,
Clash Royale,com.supercell.clashroyale,Gaming,c670c891-a4b7-4d07-b649-e7ad4cee4577,Ibrahim Hawlader,5,,coool,0,150535022,2026-07-23T13:44:58,,
Clash Royale,com.supercell.clashroyale,Gaming,4fe8b5d1-1e71-42a9-9bb4-f3b8d9cefa2f,Aniket Shaw,5,,nice 👍🙂,0,150535022,2026-07-23T13:04:42,,
Clash Royale,com.supercell.clashroyale,Gaming,0ebc2e93-470f-4a0c-9a25-cbedc5a04af4,Andrew Cameron,4,,I like the game,0,150535022,2026-07-23T12:55:39,,
Clash Royale,com.supercell.clashroyale,Gaming,82c41c53-f49d-4e35-94f3-70dcdcdf9e6d,Melinda Stander,4,,Constantly having issues with the special events not showing.,0,1.8.0,2026-07-23T12:30:06,,
Clash Royale,com.supercell.clashroyale,Gaming,80932054-5305-43c0-919e-9e7116fbdbbd,Desert Eagle,3,,pay to win . Hard for non paying users,0,150535022,2026-07-23T12:06:11,,
Clash Royale,com.supercell.clashroyale,Gaming,474b57e0-c00a-4e80-9206-f4a36270d821,Md Faysal,5,,nice,0,150535022,2026-07-23T10:49:48,,
Clash Royale,com.supercell.clashroyale,Gaming,15346007-1069-4080-9a7a-507c146367c5,Syahdan Majid,1,,Sering lost connection padahal jaringan sangat baik. sudah 10 tahun main terpaksa uninstall.,0,3.6.1,2026-07-23T10:30:03,,
Clash Royale,com.supercell.clashroyale,Gaming,1d062a09-6aaa-4544-97a2-2bfcae65adee,A Google user,1,,"The game has become unplayable, same old unimaginative decks once you get high enough. Played it since the beginning, it used to require strategy now just who plays the fastest. I guess that's fun for people who can't think. Only about 12-15 cards you can actually play at high levels and none are fun to play with every game is the same.",0,150535022,2026-07-23T10:16:09,,
Clash Royale,com.supercell.clashroyale,Gaming,865c801f-4316-48d3-a8cf-898d35bee0d1,lauren eardley strugnell-sanders,5,,this game might look pay 2 win but its free to play you can buy Ronin or do easy quests to get him,0,150535022,2026-07-23T10:13:11,,
Clash Royale,com.supercell.clashroyale,Gaming,88eeebf3-9ac5-4cec-b10e-d561bd838881,Henry Miller,2,,"This used to be one of my favorite games. My best friend and I played it almost every day, and it was genuinely fun. Now it feels more like a pay-to-win game that's constantly pushing you to spend money just to stay competitive. I haven't played in months because it simply isn't enjoyable anymore. Gone are the days when games were about fun first. Sadly, I won't be coming back.",0,150535022,2026-07-23T10:01:58,,
Clash Royale,com.supercell.clashroyale,Gaming,ffd27794-0802-43a5-8163-6cc3bd9e158d,Agustin Lopez,1,,not a good game,0,150535022,2026-07-23T09:59:32,,
Clash Royale,com.supercell.clashroyale,Gaming,96f04e44-f3d1-43c4-94ab-fdbfc7e40f30,Viktor Hodosi,5,,"10/10 if you want to throw ur phone at the wall, totally recommend",0,150535022,2026-07-23T09:33:10,,
Clash Royale,com.supercell.clashroyale,Gaming,eee7e05c-5914-403b-8f26-08e869091d0b,M B,1,,"(9 years in) If you're thinking of picking up this game to give it a try, DONT. Save your $$, save your time, go play something else. I promise, you are not missing anything amazing. The devs have successfully ruined this once great game... twice. First they ruined it when they added Heroes. Then they ruined it with level 16. I would not recommend this game to anyone who doesnt already have an account/time in the game. Corpo's at the top only care about taking your $$. Not making a good game.",0,150535022,2026-07-23T09:13:09,,
Clash Royale,com.supercell.clashroyale,Gaming,a85b84cf-afff-4ceb-951c-43182720076f,Grant Bucher,1,,I lost my account supercell made it impossible to get it back.,0,150535022,2026-07-23T08:51:31,,
Clash Royale,com.supercell.clashroyale,Gaming,f72dea49-5e8d-4df0-b2fa-dca245e8021a,A Google user,2,,"Unfair af!!! Paid to win trash game!!! I'd put it at 0 stars if I could, updates with broken cards and evolutions, you really won't enjoy this game!",0,,2026-07-23T08:40:56,,
Clash Royale,com.supercell.clashroyale,Gaming,65e3f306-a6e3-4c88-bd67-428598433236,Kian Gibson,4,,Kind of pay to win not gonna lie,0,150535022,2026-07-23T08:34:24,,
Clash Royale,com.supercell.clashroyale,Gaming,517c6866-6220-4d8e-9843-624481675bd0,Mario Barbosa,5,,cool app,0,,2026-07-23T07:42:22,,
Clash Royale,com.supercell.clashroyale,Gaming,385430f6-6a5b-4ae5-8ea0-6631ccc913fd,Cody Wartenberg,1,,played this game in soft launch 10 years ago and it has aged so poorly. no skill required anymore. if you like swiping up a lot to deploy cards and seeing what sticks then you might like it,0,150535022,2026-07-23T07:28:41,,
Clash Royale,com.supercell.clashroyale,Gaming,d3967599-7af9-44c4-b981-3b8139bdfad5,Jheri Marriott,5,,amazing,0,150535022,2026-07-23T07:28:24,,
Clash Royale,com.supercell.clashroyale,Gaming,5a83a43c-94b3-4008-91ae-4d1ddbea115e,Samantha Bowyer,1,,"We loved this game now what, it's just a bunch of P2W toxic losers and cheesy decks we loved it now it's unplayable for F2P. Please supercell stop before you destroy yourself with your own greed.",0,150535022,2026-07-23T06:58:45,,
Clash Royale,com.supercell.clashroyale,Gaming,ebdfdee2-ca2e-47db-bec1-a24175f94d81,Matthew Gambrazzio,1,,"what happened to this game? It is a completely different game now. It was better the way it was. I don't even understand this new version. No good, put it back the way it was.",0,150535022,2026-07-23T06:05:42,,
Clash Royale,com.supercell.clashroyale,Gaming,75ce666e-a8aa-441f-86a9-cae0f7bb38ca,Row,2,,got bored swiftly,0,,2026-07-23T06:01:42,,
Clash Royale,com.supercell.clashroyale,Gaming,232dc86a-45b2-46cf-9e8f-b4b78ef2496e,Jel Playstation,5,,is gud,0,150535022,2026-07-23T05:25:28,,
Clash Royale,com.supercell.clashroyale,Gaming,07a5e13c-3733-4851-93e5-522138e2d480,Robert Chambers,1,,"I'\nVe been playing this game for quite some time.I love it, but recently.My data is disappeared and my game has been restarted very disappointed.I do not know how to get it back. i do not have my supercell I d and contacting any kind of customer support is very impossible.",0,,2026-07-23T05:03:04,,
Clash Royale,com.supercell.clashroyale,Gaming,bd119ecc-3cfe-497c-89cf-86456cd639b2,Rocky Plesscher,5,,This is a great game,0,150535020,2026-07-23T05:00:29,,
Clash Royale,com.supercell.clashroyale,Gaming,90f48a93-12b1-4ef9-a2dd-6e5e20651e22,Fezastoic,1,,"very competitive, makes you furious",0,,2026-07-23T04:53:46,,
Clash Royale,com.supercell.clashroyale,Gaming,a67db8c5-b022-4694-a7a1-521829e0751c,Jacob Phillips,1,,cringe people and the game is just horrible please never play the game unless you want a reason to commit live from slush,0,150535022,2026-07-23T04:31:48,,
Clash Royale,com.supercell.clashroyale,Gaming,ba08d06c-6525-4e21-b483-c444c4ad26e5,Ahmed Mogahed,1,,Don't play this game ever the community is trash af don't i warned you,0,150535022,2026-07-23T04:26:45,,
Clash Royale,com.supercell.clashroyale,Gaming,70e718b4-3c3b-49c9-bc7e-9878e2fb1fa7,Yoshimiva Jirao,1,,Trash game. rigged with high level players. Annoying taps to open boxes,0,,2026-07-23T04:16:38,,
Clash Royale,com.supercell.clashroyale,Gaming,1860419c-036c-4eff-a1ce-872b9420bc12,Japheth Covey Villafuerte,2,,"GREAT game, but if it were offline ot could be better",0,150535022,2026-07-23T03:54:13,,
Clash Royale,com.supercell.clashroyale,Gaming,8dcd6bdc-02a5-42ac-8f0a-6f06a8f20b89,Enis Vishka,4,,nice untill a point,0,150535022,2026-07-23T03:41:41,,
Clash Royale,com.supercell.clashroyale,Gaming,b4b8b63f-896e-4418-8886-844ff41f992a,Blocky Beanie,1,,fixed matchmaking p2w slop,1,150535022,2026-07-23T03:39:29,,
Clash Royale,com.supercell.clashroyale,Gaming,ff7c75ae-fe60-47e9-adae-e5614527e515,AHMODY GAMING - yt,5,,Best Mobile game every but pls stop with the greed,0,150535022,2026-07-23T03:19:57,,
Clash Royale,com.supercell.clashroyale,Gaming,b021ff67-a711-4a3f-b8d0-1a1d37e726e7,Calan Gilles,1,,"this game is genuinely the worst game I've ever played, im playing a ladder match and winning then all of the sudden my opponent has infinite elixir and is cycling mega knights at the bridge while I am at 0 elixir, also the fact that when I have bad internet everything freezes and I have to restart the app while im getting 3 crowned. And when my highest card is level 14 and I play a dude with every card in his deck is level 16 I cant do anything so the p2w is crazy and overall the game addictive",0,,2026-07-23T03:14:24,,
Clash Royale,com.supercell.clashroyale,Gaming,5a4ecbe4-e5ac-4106-801a-76ffc23ce5b7,shanna,4,,its good,0,150535022,2026-07-23T02:54:30,,
Clash Royale,com.supercell.clashroyale,Gaming,d12edab7-08fd-4426-846c-d584f8d842ee,Abram Johnson,3,,"was able to get back old account(level 13). game is fun. but the monitezation is too much. without buying packs of spending $12 in the battle pass each month, the progression is extremely slow. so I'm done again for a while",0,150535022,2026-07-23T02:53:58,,
Clash Royale,com.supercell.clashroyale,Gaming,59eef053-fb9c-46c8-8589-0dcd9c2099ac,Gilberto Ybanez,5,,I like the game period,0,150535022,2026-07-23T02:50:36,,
Clash Royale,com.supercell.clashroyale,Gaming,6e34f60a-1128-490c-a28d-b9bb5813f8e8,Localhost 8080,1,,Make it more pay to win. Good job. 9+ years on this game and I'm rage quitting cause of the overpowered lvl 16 mega knights and evos and hero and what not bs while I'm struggling to have a single deck with all lvl 15 cards. The meta is just mk mk mk mk and mk. random decks winning. no skills just spam and evo and hero ability. I am very upset with what the game has become.,0,100455011,2026-07-23T02:50:04,,
Clash Royale,com.supercell.clashroyale,Gaming,bfbc29e3-606a-43ad-972c-a842d1fd9a87,Francois,3,,"this game is so miserable. I could be 1 game away from the next arena and get matched with literal world champ players. I don't get how this game is fun but I keep going back and just wining someone BARELY makes me feel so much better than them, rather than being respectful. This game made me a disrespectful person and I advise you to only play if you want to be miserable. This game made me break my screen multiple times, play at your own risk.🫩🫩yea",0,150535022,2026-07-23T02:47:37,,
Clash Royale,com.supercell.clashroyale,Gaming,8d5cf8ec-5cac-4f56-ac31-1f2873b66171,Adnan jokar,5,,gooooood,0,150535022,2026-07-23T02:39:15,,
Clash Royale,com.supercell.clashroyale,Gaming,310e7a9f-b3e8-4fe9-849d-9f19fc3a9fcf,Giovanni Alber,5,,very nice game,0,150535022,2026-07-23T02:35:33,,
Clash Royale,com.supercell.clashroyale,Gaming,41379a0c-f497-41c4-b768-f33be4e10648,Janzaib Hussain,5,,js good and nostalgia,0,150535022,2026-07-23T01:55:03,,
Clash Royale,com.supercell.clashroyale,Gaming,4f945268-4d25-458e-ba4e-0b861fa8c3ff,People,1,,"Stupid game, bring back full card access for classic 1v1",0,,2026-07-23T01:36:52,,
Clash Royale,com.supercell.clashroyale,Gaming,1c312574-ac3e-4b28-8093-29119b8ddb3e,David Avalos,5,,muy bueno. me encanta,0,150535022,2026-07-23T01:32:37,,
Clash Royale,com.supercell.clashroyale,Gaming,95e47c13-c182-4507-a25d-e0666441ff83,Jacob Boltman,4,,good game,0,150535022,2026-07-23T01:30:13,,
Clash Royale,com.supercell.clashroyale,Gaming,fa4e2709-7703-4bcb-802e-c9903a56ada9,Kiaan,5,,very guud,0,150535022,2026-07-23T01:07:51,,
Clash Royale,com.supercell.clashroyale,Gaming,6a6f5513-ecf6-4bfe-987b-3d545f26f5c5,Marexu,1,,"boring, too much grinding",0,,2026-07-23T01:06:53,,
Clash Royale,com.supercell.clashroyale,Gaming,8e74c8b8-a7b0-4501-b5e7-6bdf2161de03,Ansh Chand,3,,nice at all,0,,2026-07-23T01:05:35,,
Clash Royale,com.supercell.clashroyale,Gaming,f038ed1d-06e2-4e6f-b079-a4d6c9c9953d,Max Trujillo,5,,awesome!,0,150535022,2026-07-23T00:55:00,,
Clash Royale,com.supercell.clashroyale,Gaming,9e82ccc7-6e8f-4632-910d-01a4ca470e44,Yassin Mohamed,5,,that's so entertainment 😮‍💨🙏🙏,0,150535022,2026-07-23T00:54:49,,
Clash Royale,com.supercell.clashroyale,Gaming,14a7a63e-4828-45ce-90e8-357d2fc4fb73,Fido,3,,Game straight up pay to win like Dragon Ball Legends,0,50142017,2026-07-23T00:26:33,,
Clash Royale,com.supercell.clashroyale,Gaming,b06db16c-e1d5-405b-9427-ae69091d734f,Nikhil Chandel,1,,this game is now become totally fake they just give bots in matchmaking they perfect deck they counter perfectly they already have your counter cards I think read our deck in matchmaking then send bot accordingly,1,150535022,2026-07-23T00:23:21,,
Clash Royale,com.supercell.clashroyale,Gaming,f53c30aa-5a10-434e-a314-587dab296926,Logan Stocker,1,,"just terrible anymore. ""updates"" killed it",0,150535022,2026-07-23T00:09:44,,
Clash Royale,com.supercell.clashroyale,Gaming,e78fe32f-b506-4cc6-af1c-7e9de95c04f8,Saleh Govashiri,5,,very good,0,150535022,2026-07-22T23:54:09,,
Clash Royale,com.supercell.clashroyale,Gaming,766342cd-c191-4630-a7ed-920c7da72094,Sunil Datheputhe,1,,why your game stuck on match even internet is good.I feel that you make this intentionally.,0,150535022,2026-07-22T23:38:13,,
Clash Royale,com.supercell.clashroyale,Gaming,1bc7f2d3-4147-43f3-b887-006d245dbcb2,Joel Ling,1,,i ded,0,150535022,2026-07-22T23:18:45,,
Clash Royale,com.supercell.clashroyale,Gaming,ba8ca9d5-203d-4d0a-9dde-5a1785c5e804,Roshith Chandran123,1,,"Dear Supercell, I am a free-to-play Clash Royale player. Whenever I reach the rewards or a higher trophy range, I keep getting matched against players with higher-level cards, Champions, and Evolutions. It feels unfair because skill doesn't seem to matter anymore. I enjoy Clash Royale, but I am not playing the game anymore until this is fixed. Please make matchmaking fairer and give free-to-play players a better chance to compete. I hope you listen to your community. Thank you.",0,150535022,2026-07-22T22:41:20,,
Clash Royale,com.supercell.clashroyale,Gaming,97196f27-9041-4786-8e02-ed93038db4bb,Layne,3,,"algorithm makes it so hard to gain... balancing is not great, and ranked is too hard to obtain so it's way less competitive.",0,150535022,2026-07-22T22:16:45,,
Clash Royale,com.supercell.clashroyale,Gaming,92dd7e31-edb0-4737-b5fb-59631b04af7b,nazd vey,1,,heroes suck,0,150535022,2026-07-22T22:05:19,,
Clash Royale,com.supercell.clashroyale,Gaming,c21eb14a-fc70-4465-86a0-1afe3c0b4288,mayur chaudhari,1,,Worst game to waste time on. It feels good at the start but later it is all about money and you will always get high level players who have purchased royal pass which really unfair game. Try to report issue the bot gives to same stupid answer every time doesn't work.,1,150535022,2026-07-22T21:58:44,,
Clash Royale,com.supercell.clashroyale,Gaming,4bfcd835-dda8-47de-935e-c3f487cc2583,لارا السيد,3,,game is good..but THE MICROTRANSACTIONS..i dont know WHAT to say. and the download speed?..sluggish.this better support weaker internet connections(also add an archer tower building and make evo shards easier to get for f2p),0,150535022,2026-07-22T21:40:25,,
Clash Royale,com.supercell.clashroyale,Gaming,b48cbb75-8718-4626-80a4-c93d972de04f,Midhun Nidhin,5,,it is a good game,0,150535022,2026-07-22T21:39:47,,
Clash Royale,com.supercell.clashroyale,Gaming,fc52d75e-081a-4843-acf2-010f4bebb380,Joshua,2,,Game says lost connection with full bars,0,150535022,2026-07-22T21:21:17,,
Clash Royale,com.supercell.clashroyale,Gaming,5a94e4d6-548a-4505-bfee-ad2543b7680f,Tim Smith,1,,sucks,0,,2026-07-22T20:48:33,,
Clash Royale,com.supercell.clashroyale,Gaming,bd5c65ba-4319-4e9d-8a76-e56a820cf009,Pran Kora,5,,good,0,150535022,2026-07-22T20:35:31,,
Clash Royale,com.supercell.clashroyale,Gaming,d6bc5ac9-e79d-43ea-aaef-135cd5639f31,cris tabunares,1,,"the game sucks,unfair matches,rigged trophy,and its so un cool,you are fighting on a no chance of winning match,waste of your time,,,",0,70288038,2026-07-22T20:32:49,,
Clash Royale,com.supercell.clashroyale,Gaming,571f0473-b810-41df-aedd-8d0f4af4d370,Aman Rajbhar,5,,good game,0,150535022,2026-07-22T20:26:32,,
Clash Royale,com.supercell.clashroyale,Gaming,67c61bc2-3999-41ab-868e-b9aaa598fe74,LIL GILLA ray,4,,Its very fun but if you dont spend a bit of money it isnt so if can spend money play if you can not then dont play.,0,150535022,2026-07-22T20:25:16,,
Clash Royale,com.supercell.clashroyale,Gaming,d19c46ff-54aa-42a9-aa52-6e4cedb35592,Bilal Talal Alshami,5,,"The game is amazing and some people may say but it's pay to win, if u get to a high arena that isn't a problem anymore",0,150535022,2026-07-22T20:04:16,,
Clash Royale,com.supercell.clashroyale,Gaming,8ed28770-82ed-41c1-9839-2565cc88d6ce,Zual Hmeltha,3,,game is good... but please update connection issue 😔,0,150535022,2026-07-22T20:03:32,,
Clash Royale,com.supercell.clashroyale,Gaming,485b9ff8-4984-4a8b-8f0a-812cb7a6bfad,Subhi Singh,1,,this game has become pay to win now nobody like this game,0,,2026-07-22T19:50:19,,
Clash Royale,com.supercell.clashroyale,Gaming,59c60e37-91a2-41a0-b6d9-fbaac6f3fbc4,BEHRUZ RUSTAMOV,4,,this game good,0,150535022,2026-07-22T19:32:49,,
Clash Royale,com.supercell.clashroyale,Gaming,ded0b3f7-2b0f-43ef-b3b7-8fb17c15bcfe,Amriesh,5,,fun. 😍😍😍😍 worth playing,0,150535022,2026-07-22T19:30:27,,
Clash Royale,com.supercell.clashroyale,Gaming,61e28a4e-9b40-48ee-b7e3-c76473837550,Mohammed Alkhateeb,5,,fery good game guys it is a fery good game,0,150535022,2026-07-22T19:19:58,,
Clash Royale,com.supercell.clashroyale,Gaming,4bd91d87-9c81-421b-9a81-963021baa8ef,Amreto Bormon,5,,Love this game..,0,,2026-07-22T19:12:28,,
Clash Royale,com.supercell.clashroyale,Gaming,59cc0c63-2c41-454d-8df9-75723d96b0fd,Miyumi Kazayumi,1,,"yes I'm human and not paid to rate this let's keep this a buck 50, this game was amazing on release and was amazing. unfortunately greed just like any current day company has ate their brain turned it into mush and then released a update so bad you'll think prisoners in jail are living the best life. so then comes a beautiful live steamer to play the game and revive it after said update and player disappointment... instead of praise. a spit to the face to EVERYONE. another poo poo update. w :/",0,,2026-07-22T19:09:39,,
Clash Royale,com.supercell.clashroyale,Gaming,3f52ba57-ab4f-4d76-b072-ba0a7b6f7ee3,سعید نیکویی,1,,تخمییییییییی,0,150535022,2026-07-22T19:08:16,,
Clash Royale,com.supercell.clashroyale,Gaming,65865d76-ac65-4637-b7af-ff9b67259ca7,Marek Němec,3,,money grab,0,120169018,2026-07-22T18:51:11,,
Clash Royale,com.supercell.clashroyale,Gaming,ecb75574-202a-4792-82c3-11d809a041f3,Nitesh Ghale,5,,amazing game,0,150535022,2026-07-22T18:32:02,,
Clash Royale,com.supercell.clashroyale,Gaming,820f92e5-aaf1-467a-a7e2-e9696423d515,Sudeep Baroi,5,,😆😆😆😆,0,150535022,2026-07-22T17:38:28,,
Clash Royale,com.supercell.clashroyale,Gaming,8aef23fc-9b4b-4797-90b2-ad8a78aac8f3,Raphael Raffi,2,,this game is sooo pay to win and if ur close to a new arena clash royale will try to make u lose somehow,1,150535022,2026-07-22T17:09:37,,
Clash Royale,com.supercell.clashroyale,Gaming,010471be-1d4f-4832-8225-a8c8d6e38a45,محمد رستمی نسب,5,,عالی,0,150535022,2026-07-22T17:03:19,,
Clash Royale,com.supercell.clashroyale,Gaming,cc29b4d9-355d-4cea-9d0a-1bf233e29acf,nitheesh Kumar,4,,relaxing and enjoying the game,0,150535022,2026-07-22T16:54:23,,
Clash Royale,com.supercell.clashroyale,Gaming,7f2de522-6362-4b19-89a8-c1cc77e93ee2,hasan abdallah,5,,good game,0,150535022,2026-07-22T16:43:15,,
Clash Royale,com.supercell.clashroyale,Gaming,872a6564-3732-4dfe-8e62-423380260477,Goutam Sarkar,5,,must play,0,,2026-07-22T16:36:00,,
Clash Royale,com.supercell.clashroyale,Gaming,e74a87c0-9666-4cab-b2fe-a9127c763301,hamidreza sedghiyani,5,,Very Good,0,150535022,2026-07-22T16:15:41,,
Clash Royale,com.supercell.clashroyale,Gaming,91ba6681-f52d-426e-86ba-895ed9c8f944,wyatt boyle,5,,all i need to say is that it is the most perfect game and will make u addicted for years. absolute cinema,0,150535003,2026-07-22T16:01:50,,
Clash Royale,com.supercell.clashroyale,Gaming,70346d0a-d22b-4912-b34f-99a10bd3c4a4,Mandeep Rai,5,,Chaos mode is ultimate..i really really enjoy it..👍👍👍,0,,2026-07-22T15:51:44,,
Clash Royale,com.supercell.clashroyale,Gaming,7aeecced-cd83-4892-b4bf-5291762fde52,Parsa Jannesar,5,,🙏💪🦁🔥,0,150535022,2026-07-22T15:41:35,,
Clash Royale,com.supercell.clashroyale,Gaming,d1edb28a-430a-4806-a171-2992aebf03bc,Deepak Gupta,5,,good game,0,150535022,2026-07-22T15:00:32,,
Clash Royale,com.supercell.clashroyale,Gaming,338835a9-0f4d-4653-a4ac-67651d05329b,Lejla Shkupolli,5,,"i lost my 9k trophy account and gotta start new, the players in these lower arenas are so nice. I forgot how wholesome players can be",0,150535022,2026-07-22T14:56:43,,
Clash Royale,com.supercell.clashroyale,Gaming,ae6803de-8745-49dd-a6f1-f89732e433ce,Faqeeha Ali,5,,too good game,0,150535022,2026-07-22T14:40:44,,
Clash Royale,com.supercell.clashroyale,Gaming,c15bbadc-aa7b-499a-b9ea-6a3dd91b248d,Its_Jayden Wong,2,,"This game is good and bad! first the cards are good, the fact it's pay to win it's so unfair, especially the over levels instead of fixing it, this game decided to ignore and release all those pay to win offers, the shop is full of stuff you need to pay to get. next, I want to talk about level 16, it's even more horrible, the devs promised not to add it and they did, that means more paying and this will make the game even more unfair for free to plays.",48,150535022,2026-07-22T14:38:27,,
Clash Royale,com.supercell.clashroyale,Gaming,1a1cbc1b-2911-4fae-9e79-5f906dcc5827,Adam Gray,1,,servers are so great that I lose a tower before the game even start,0,150535022,2026-07-22T14:26:28,,
Clash Royale,com.supercell.clashroyale,Gaming,59b9ecb7-6afa-4f4e-aabe-db67129498b0,Amir Bahrkazemi,5,,عالی,0,150535022,2026-07-22T14:22:22,,
Clash Royale,com.supercell.clashroyale,Gaming,01188300-7d7e-4625-9837-0a6757d01ab3,DreadSpex,1,,best game after brawl stars!!,3,60256021,2026-07-22T14:10:05,,
Clash Royale,com.supercell.clashroyale,Gaming,39b32b83-ae02-4b1a-9ba7-38762e16cc84,Unknoe Axc,5,,nice 👍,0,150535022,2026-07-22T14:04:52,,
Clash Royale,com.supercell.clashroyale,Gaming,1801aaed-47f4-460b-97ca-9d920d49909a,Lawrence Sheng,1,,p2w trash game,0,150535022,2026-07-22T13:51:58,,
Clash Royale,com.supercell.clashroyale,Gaming,6d05646b-ac94-403c-8ce9-e670e99b39ad,Fadel Ajami,5,,it's really cool,0,150535022,2026-07-22T13:49:10,,
Clash Royale,com.supercell.clashroyale,Gaming,aa39a158-e187-4830-ad92-845a0bd8106d,ali hallal,5,,BEST GAME TO GET HARDATTAK,0,,2026-07-22T13:35:27,,
Clash Royale,com.supercell.clashroyale,Gaming,22e3f853-674e-477e-84f3-6453cbfa33d5,Alex Porras,1,,"Horrible algorithm matchmaking, once a deck start working for you, you start to get counter decks until you change decks again or leave the game for a while",0,150535022,2026-07-22T13:16:08,,
Clash Royale,com.supercell.clashroyale,Gaming,c427dd4a-cd8a-4cf2-9e22-6c5e7748c2b8,Wyatt C,3,,fun but HEAVY sadily,0,150535022,2026-07-22T13:07:58,,
Clash Royale,com.supercell.clashroyale,Gaming,ebecf216-4b45-44d7-ad25-4d7e0ce831e5,Travis Cool,1,,"make the chaos game mode back to the way it was when it first came out and stop trying to make things better with changes, it's always worse",1,150535022,2026-07-22T12:57:49,,
Clash Royale,com.supercell.clashroyale,Gaming,43b69b05-a5d7-499a-bd6b-a70f9a692971,Joenalyn Pasilan,1,,poor game.,0,150535022,2026-07-22T12:28:05,,
Clash Royale,com.supercell.clashroyale,Gaming,749113a8-674a-4fc5-a041-28772aab588f,Timothy Fitzgerald,1,,After this many years I can't place a unit and expect the game to reflect that. It's a great feature because you never know if units you field will actually get played. 50% chance any card in this trash interface gets played. It's great because you can’t reliably play ANY strategies since units just don't get played when you play them.,0,150535022,2026-07-22T11:39:14,,
Clash Royale,com.supercell.clashroyale,Gaming,b41aa814-e38e-411d-a9a7-a0d7ea515789,Chaos Labs,5,,"the game keeps getting better. it's not the ""must pay to get anywhere"" as some say. ice been playing CR for several years and have had several profiles, all but one, I've never spent a cent on. it's better that way, EARNING your progress rather than paying for it",0,150535022,2026-07-22T10:55:08,,
Clash Royale,com.supercell.clashroyale,Gaming,aa7402e7-5a2e-46cc-98cb-85ed7c5abb6c,Raj Kumari,5,,👍,0,150535022,2026-07-22T09:46:54,,
Clash Royale,com.supercell.clashroyale,Gaming,c01ca814-657b-49b5-9fac-a75da9159342,Aaron Sage,1,,"why would someone make mega night, then give him a evelution, and for some reason, they made heroes that are debalencing the game, and to have a chance, you need higher levels, or pay to win. you say that you try to give good balance changes, when you dont, the idiot that created mega night then made a evo version. and this is the reason people hate your game, your ""effort"" is only the word, it does not matter, thats how meaninless you are to the game. certaint devs should be fired.",2,150535022,2026-07-22T09:39:57,,
Clash Royale,com.supercell.clashroyale,Gaming,fd0396c5-979b-4e1e-b74b-6ed0cd489711,Gurtej Sidhu,5,,best game ever,0,150535022,2026-07-22T09:33:25,,
Clash Royale,com.supercell.clashroyale,Gaming,37f0c744-67c2-4669-818a-4bea705ab2dc,Shamshu Uddin,5,,it's a very good game and enjoyable but requires more data,0,150535022,2026-07-22T09:28:29,,
Clash Royale,com.supercell.clashroyale,Gaming,37835778-268d-41ed-8ed1-79cda6fa01b1,Mason Pearce,2,,"this game used to be the best mobile game i have ever played, however the quality has decreased drastically, making paying almost essential to win after around arena 15. evolutions for 1 card are a whopping 20 aud and are extermely hard to get f2p, taking upwards of a month often. Then we have heroes, which are the second appearance of p2w bullcrap. Finally, level 15 and now 16 cards cost a crapton of money to get. Would not reccomend this game.",0,150535022,2026-07-22T08:57:35,,
Clash Royale,com.supercell.clashroyale,Gaming,4d6ebde2-2662-451f-b947-43d0c6cc19db,Adam Sharp,1,,"The match making algorithm is intentional designed to hinder your progress, instead of randomizing your play experience you either play against someone you will hard counter or will hard counter you, no in-between and no variety.",1,150535022,2026-07-22T08:51:17,,
Clash Royale,com.supercell.clashroyale,Gaming,2c5419e6-d424-4bcc-a305-5bc142d1b6f5,Mayson Kania,1,,terrible match making,1,150535022,2026-07-22T08:45:53,,
Clash Royale,com.supercell.clashroyale,Gaming,6f5984d7-e727-4864-99e9-6b3167e621c7,Amber Strong,2,,Fun but freezes so much it impedes progress through levels. I've lost countless games that I was likely to win from the game freezing.,0,150535022,2026-07-22T08:21:33,,
Clash Royale,com.supercell.clashroyale,Gaming,6bb28338-0832-45d6-9a6c-e43f8c5115d1,Cole Cummings,5,,it fun,0,,2026-07-22T07:53:43,,
Clash Royale,com.supercell.clashroyale,Gaming,b87b4053-5dec-4388-8a58-98881073987b,Mahjabeen H,5,,clashs is new update is so good,0,,2026-07-22T07:53:37,,
Clash Royale,com.supercell.clashroyale,Gaming,405ab9f9-7af5-4257-8cac-8b284340631c,Dingani Mbewe,2,,clash is fun the only issue is that when i progress with level 14 cards i get mix up with level 15 or 16 cards on a arena 14 i swear i hate that. fix the or else well i can't do nothing but yeah,0,150535022,2026-07-22T07:43:53,,
Clash Royale,com.supercell.clashroyale,Gaming,af027100-51c8-4418-b644-b0007e1ee47f,William Bishop,3,,Supercell Id bugged and cant make an account,0,150535022,2026-07-22T07:36:03,,
Clash Royale,com.supercell.clashroyale,Gaming,909750d6-3f49-4225-9e66-efa348a8b307,mmma Mugdho,1,,You will win only when the game algorithm wants you to win. game makers are very clever. Unfair game.,1,150535022,2026-07-22T06:03:55,,
Clash Royale,com.supercell.clashroyale,Gaming,84ac6a0b-5bcb-40da-ba4f-1c62a27b1e5f,Regan Robinson,5,,personally the best game I've ever played even though p2w but for the most part THE BEST GAME,0,150535022,2026-07-22T05:58:22,,
Clash Royale,com.supercell.clashroyale,Gaming,19bfbbed-c3e3-4a03-ba8e-91e4d9b87182,Michael Caputo,1,,Engagement optimized matchmaking and pay to win. Sad.,1,140593015,2026-07-22T05:54:19,,
Clash Royale,com.supercell.clashroyale,Gaming,1a213e9f-3023-4493-812d-8b195b3a4028,Zelealem Demissie,5,,very very very good,0,150535022,2026-07-22T05:48:13,,
Clash Royale,com.supercell.clashroyale,Gaming,aba6fcde-33ce-4ee5-9ea3-ba8aa47d4f16,Jared Chicas,5,,Just a tuff ahhh game,0,150535022,2026-07-22T05:35:05,,
Clash Royale,com.supercell.clashroyale,Gaming,ed72b068-1c66-4654-83b6-5f4cb7f4b405,Matt Walker,2,,enjoyed this game for 10 years been there from the start but now i keep getting connection issues half way into battle. it is so annoying im gonna stop playing. i have asked my clan about this issue and it seems we all suffer. i think you may have dropped the ball here supercell. but thanks for the previous years.,0,150535022,2026-07-22T05:29:52,,
Clash Royale,com.supercell.clashroyale,Gaming,b3d8708e-2a5c-4151-a319-256adae1b3d0,dustin hoffman,1,,too monitized,0,150535022,2026-07-22T05:10:51,,
Clash Royale,com.supercell.clashroyale,Gaming,7e076791-e127-4502-8a68-970c7d4eb79a,Parkour Dragon,1,,this game is atrocious I hate it so much matchmaking is rigged I was on a two game win streak then got met with straight hard counters five games in a row this company is a money hungry POS that wants you to pay to win this game is no longer skill but how much money you can spend to level up ur cards based on meta,1,150535022,2026-07-22T05:09:03,,
Clash Royale,com.supercell.clashroyale,Gaming,a523e450-abfe-44df-a7f2-622e8a681800,Diego Primavera (Diego),1,,nerf hog rider 1 in 5 players use one win condition because it's broken,0,150535022,2026-07-22T05:06:18,,
Clash Royale,com.supercell.clashroyale,Gaming,1c4f095b-7d47-4b96-a0e1-2cdb602f733b,Ali Ashraf,3,,fun game I have been playing it for six years this game needs long progress Its so frustrating and likely causes addiction the higher the level the more repetitive the game becomes i also think evolutions and heroes werent a good add to the game the game is so pay to win Here are things that i think would be usful 1.Enough evos and heroes 2.Make the game less pay to win 3.Make progress easier The interesting part in this game that you can play with friends and there are many fun game modes,0,150535022,2026-07-22T04:25:26,,
Clash Royale,com.supercell.clashroyale,Gaming,3ec65a8a-8f02-462b-888c-96a03b80f23d,William McGaffey,1,,used to be a good game just sucks now. can't go more than one game without facing mega knight. regret downloading.,1,150535022,2026-07-22T03:32:26,,
Clash Royale,com.supercell.clashroyale,Gaming,480505a3-82bf-46fd-86f4-df907082aa59,Kristiano Novakovic,5,,good game,0,150535022,2026-07-22T03:15:17,,
Clash Royale,com.supercell.clashroyale,Gaming,0cac63b8-18f6-4186-ba60-abb5952bffdb,IH EB,1,,"I hate this game. Every time, I hope the next update will be good and improve the game, but it’s completely the opposite. With every update, this greedy company adds overpowered cards just to make money. Just pay, get a powerful card, and win. The company constantly and insanely pumps out content solely for profit, with zero care for the players. Take my advice: stay away from this filthy game and this greedy company.",1,80256051,2026-07-22T03:02:23,,
Clash Royale,com.supercell.clashroyale,Gaming,3c680423-458f-481d-b174-6f70d38cd3a6,Pravitha Joseph,5,,nice,0,,2026-07-22T03:00:45,,
Clash Royale,com.supercell.clashroyale,Gaming,23e0c84b-db97-4a07-9536-be4ea7c971b4,Shranay Pasalkar,5,,great tactical game however can be frustrating sometimes,0,150535022,2026-07-22T02:34:48,,
Clash Royale,com.supercell.clashroyale,Gaming,531e67b4-0865-4973-ad52-4f8e13c21e63,Mega Chungus,3,,good game but can be pay to win,0,150535022,2026-07-22T02:31:19,,
Clash Royale,com.supercell.clashroyale,Gaming,b6d33b68-c128-4e10-a5bf-6b43f6cb4c50,aaron dad,5,,Amazing Game.,0,150535022,2026-07-22T01:46:59,,
Clash Royale,com.supercell.clashroyale,Gaming,738674d1-f57f-4fd9-a899-0659c7d95842,Natalie Kruy,1,,fix yourgame matched making is buns and just delete all the files to the game,1,150535022,2026-07-22T01:12:50,,
Clash Royale,com.supercell.clashroyale,Gaming,bf6933b1-8825-4eee-b049-5664b3f37900,Conan Cargill,5,,Good game and lots of cards 😁,0,150535022,2026-07-22T01:08:29,,
Clash Royale,com.supercell.clashroyale,Gaming,880ff9a3-e424-4365-a436-0719cd7ed736,Guppy,5,,great game. dont overthink ts just get it already its so peak 🥹✌️,0,,2026-07-21T23:49:06,,
Clash Royale,com.supercell.clashroyale,Gaming,eee63bf0-5114-46db-b6d2-d305b31ee3d8,Steve Rhodes,1,,everytime enemy always put middle front solider my troops going turn left or right not go straight to tower. Make me mad. it dumb game!!!! that why I put 1 star!!!!,0,150535022,2026-07-21T23:20:19,,
Clash Royale,com.supercell.clashroyale,Gaming,4503b784-cbc7-452b-816b-9ac37c2746b4,TUSHAR RANJAN SETHI,1,,worst game,0,80256037,2026-07-21T23:12:46,,
Clash Royale,com.supercell.clashroyale,Gaming,b03732ba-666a-4549-952c-1e9e31d990eb,Tht_0ne_guy,5,,keep comin back to it for some reason. good game,0,150535022,2026-07-21T23:00:23,,
Clash Royale,com.supercell.clashroyale,Gaming,f0482307-7494-4b1c-9fe6-1a5015334140,Sithu Naing,1,,"The core mechanics and strategy used to be top-tier, but the game is now completely pay-to-win. Level gaps, over-tuned Card Evolutions, and locked progression make ladder matches feel unfairly stacked against free-to-play players. Skill barely matters when your opponent simply out-levels you or buys the newest broken card.",0,150535022,2026-07-21T22:59:28,,
Clash Royale,com.supercell.clashroyale,Gaming,420d23e0-b21d-4933-a61c-63cb4043a2a5,Tuhin Ghosh,5,,good,0,150535022,2026-07-21T21:50:24,,
Clash Royale,com.supercell.clashroyale,Gaming,058dd035-222b-4acb-ac60-bd6c1a20f657,Jeremy Siagian,1,,ngentit,0,150535022,2026-07-21T21:47:40,,
Clash Royale,com.supercell.clashroyale,Gaming,128dfe2f-d36c-42cc-b713-2984ba9a6c4e,hasanali ali,3,,This is best game but I have reach 5th arena but 2 arena show this is a problem,0,150535022,2026-07-21T21:38:05,,
Clash Royale,com.supercell.clashroyale,Gaming,90070fad-0e26-4ee8-bdfd-07a7b78940a6,Tanishq Patel,5,,bro this game is amazing,0,150535022,2026-07-21T21:34:04,,
Clash Royale,com.supercell.clashroyale,Gaming,47452582-37a7-4b13-bc85-b5307199bac1,L,3,,"Super pay to win and developers don't care, boring events too, but visuals are stunning and fun",0,150535022,2026-07-21T21:03:32,,
Clash Royale,com.supercell.clashroyale,Gaming,cb4561c4-ccc6-4d1c-952b-f64e919162b9,A Google user,5,,great game and now not even that pay-2-win. Edit: after the new updates the progress is much easier and you don't even need to grind for meaningful progress few games daily gets you pretty far.,0,150535022,2026-07-21T20:48:35,,
Clash Royale,com.supercell.clashroyale,Gaming,4497a421-fb36-4ce3-8563-ba22a8267138,Robert Gomez,3,,no point in collecting gems anymore before it was a way to buy cards,0,150535022,2026-07-21T20:42:41,,
Clash Royale,com.supercell.clashroyale,Gaming,95e127ad-f85e-4e43-925f-0d48ad8c1fbe,Axel,1,,AKUN GW HILANG WOI!!!!!!,0,150535022,2026-07-21T20:24:53,,
Clash Royale,com.supercell.clashroyale,Gaming,6dac2a71-5bf1-452a-b13c-5803bf8caa37,Daniel,5,,"It's a fun game. You should do that and admirable updates. Recently, you can do that. Washington Jerry told Right now",0,150535022,2026-07-21T20:19:43,,
Clash Royale,com.supercell.clashroyale,Gaming,248c113c-340e-42e9-923f-fdd7a582d7ef,Grundlegendes Anforderungsniveau,1,,updates make it worse and worse,0,150535022,2026-07-21T20:15:53,,
Clash Royale,com.supercell.clashroyale,Gaming,10fd4baf-d6cc-4fc2-8a45-729a011fdf44,Ra in,1,,where is my old account? why me conect my gmail? hey guys where is my old royal,0,150535022,2026-07-21T20:12:40,,
Clash Royale,com.supercell.clashroyale,Gaming,46664f44-2365-4039-af2d-541c1d6801d7,mohsen 004,5,,👍 game,0,150535003,2026-07-21T20:09:30,,
Clash Royale,com.supercell.clashroyale,Gaming,8ca5181c-07a9-488a-adff-7abe9804f603,Guy Weldon,1,,your echo hero needs fixing.. ridiculous that you get him to 3 star and equip the ring and wipes everybody by himself,0,150535022,2026-07-21T19:03:45,,
Clash Royale,com.supercell.clashroyale,Gaming,d05d26ac-b57c-4a5e-bcce-6a37faf11a7e,Muhamad Fithrah Raharjo,1,,bad server,0,150535022,2026-07-21T18:45:16,,
Clash Royale,com.supercell.clashroyale,Gaming,656ca74d-14e6-4047-9acb-2bf5bbb5afcd,Steven Aranibar,1,,se pasaron con el pay to win si o si quieren que gastemos dinero y las actualizaciones son tan pesadas que a largo plazo pareciera q ocupan toda tu memoria,0,130300033,2026-07-21T18:30:54,,
Clash Royale,com.supercell.clashroyale,Gaming,9beb7bc5-9858-414f-8122-ae38ec1e7850,Jonel Elequin,5,,good gameplay,0,150535022,2026-07-21T18:27:36,,
Clash Royale,com.supercell.clashroyale,Gaming,2e06937e-a16b-4e7b-9eb4-0844d47d0b38,Eduard,5,,Pay to lose,0,150535022,2026-07-21T18:26:55,,
Clash Royale,com.supercell.clashroyale,Gaming,e71d33b4-99cd-485e-b069-c64d8f4a315c,Kayleigh Ply,1,,cant see any events on the main screen 99% of the time. hard to claim rewards in time when i cant even access the freaking events.,0,150535022,2026-07-21T18:22:55,,
Clash Royale,com.supercell.clashroyale,Gaming,1c903866-397f-41f7-9c9b-6df5c6bb4b9d,Qwerty,1,,matchmaking is ahh,0,150535022,2026-07-21T17:53:50,,
Clash Royale,com.supercell.clashroyale,Gaming,e2333aca-c2a1-4a05-8bfa-9b59c133473c,William Proffitt,1,,Theres been a huge drop in player base.. Id estimate you have 50/50 chance of playing against a bot now sadly.,2,150535022,2026-07-21T17:19:39,,
Clash Royale,com.supercell.clashroyale,Gaming,28b6ccc3-91c7-41c0-a8ff-c4ce32851d4f,Eylül,2,,to be honest supercell doesn't care about this game a bit anymore. they started using it to win money... it's such a p2w game anyway it's seriously hard and takes time to get better in it. wish it was different bcuz i loved playing it's such a good strategy game fr,0,150535022,2026-07-21T17:12:44,,
Clash Royale,com.supercell.clashroyale,Gaming,f7160acc-b770-4e99-9b03-e949828a0c33,Gregorio Weber,5,,tuff,0,,2026-07-21T17:04:48,,
Clash Royale,com.supercell.clashroyale,Gaming,1e3e3ef6-27b7-43a1-83cc-1f06e1486e56,Dhruvin Rajput,5,,2017 To Still My Best Game,0,150535022,2026-07-21T16:54:53,,
Clash Royale,com.supercell.clashroyale,Gaming,87b1dae2-472d-405e-aeb4-488bf376ea8b,Sandeep Naik,5,,Good for time pass,0,150535022,2026-07-21T16:10:57,,
Clash Royale,com.supercell.clashroyale,Gaming,4df2edc6-74b7-46b9-934f-dccd65619e3f,Alex Perez manzano,5,,only mobile game worth playing,0,150535003,2026-07-21T15:43:47,,
Clash Royale,com.supercell.clashroyale,Gaming,f55a0a7e-a760-4470-9e9f-94dda084b3c2,Vihar,4,,👍,0,150535022,2026-07-21T15:40:41,,
Clash Royale,com.supercell.clashroyale,Gaming,4adcacb9-839b-4a82-9b68-c716328dfb50,Game Prof,2,,bruh this is good in early but in late game during progression it is hard I always have an enemy that's higher level than me also there's no event that will make your card progress it's too much p2p unlike clash of clans always have events that will help you,0,,2026-07-21T15:29:17,,
Clash Royale,com.supercell.clashroyale,Gaming,778bbe93-a2f9-4751-8d06-28794e851d1f,Rishav Kundal,3,,my experience is best,0,,2026-07-21T15:08:05,,
Clash Royale,com.supercell.clashroyale,Gaming,a28774e8-ae2d-4b95-bd76-d0f6560a56bb,Danne Baker,5,,I love this game,0,,2026-07-21T14:52:50,,
Clash Royale,com.supercell.clashroyale,Gaming,a6790fe1-0cbf-40b3-a33d-996b767816f4,N Mooemi,1,,this game sucks,0,150535022,2026-07-21T14:41:19,,
Clash Royale,com.supercell.clashroyale,Gaming,5688f5c7-cb51-455e-a71f-5bc265ba5647,Roberto Uliana Vieira (VENV),5,,nice,0,150535022,2026-07-21T14:35:17,,
Clash Royale,com.supercell.clashroyale,Gaming,5f41235e-60af-4fe9-bc7d-7e6c05bc8136,Indonesia Player,5,,its good iq game,0,150535022,2026-07-21T14:33:59,,
Clash Royale,com.supercell.clashroyale,Gaming,e2d1f6c1-f4b5-481a-9928-68510e59854b,Aariz Safin Sheikh,5,,"Money sucker! The game is fantastic. It's highly addictive once you get the feel of it. One thing which I found annoying is when you are in battle mode and you get matched against an opponent of higher your level. It's very difficult to beat them since the health of their cards is much more. Ergo, I wish if we get matched according to king tower levels in battle instead of number of trophies. That would be a level playing field. also, gameplay sucks on mobile internet. I hope creators fix it.",0,,2026-07-21T14:20:08,,
Clash Royale,com.supercell.clashroyale,Gaming,b722f092-eb1d-4186-8ba7-233dfd43e8a4,Braxton Goins,1,,"I love getting hard countered 10+ games in a row, then when I finally win one there's a pop up that makes me click 6 times to get it off my screen, then there is a another thing that makes me click 3 times to get it off my screen, then I have to click 3 more times because its a duplicate, then the game asks if i want to spend money on it.",0,150535022,2026-07-21T14:16:36,,
Clash Royale,com.supercell.clashroyale,Gaming,7aeebb4c-31b5-4f61-8ffd-c24c770e4372,Rafik Dawen,5,,nice game,0,150535022,2026-07-21T13:38:50,,
Clash Royale,com.supercell.clashroyale,Gaming,01cfcd80-5a7a-47d2-ae00-14f5e440b691,Amin,5,,🇮🇷 Good Game,0,150535022,2026-07-21T13:29:16,,
Clash Royale,com.supercell.clashroyale,Gaming,c43e2955-01b9-4154-900d-0d14a40be84b,Raylan,1,,"I haven't played it that much yet, and it is decent, but I still hate it",0,150535022,2026-07-21T13:05:02,,
Clash Royale,com.supercell.clashroyale,Gaming,16ceac29-33d9-4f51-9d6f-540683c106c1,Derrick Palmer,1,,"If you're gonna let these twerps all play the lamest deck imaginable, you at least need to let the rest of us bully them. There's no other way this will stop. Grow...balls",7,150535022,2026-07-21T12:17:07,,
Clash Royale,com.supercell.clashroyale,Gaming,1474ff61-ee72-49f9-8f29-f3983a71073f,Akarsh A,1,,Clash royale ❌ Luck royale,1,2.7.4,2026-07-21T12:14:07,,
Clash Royale,com.supercell.clashroyale,Gaming,29974038-2ebf-4a51-bfb0-20ebb0bf38fa,A Google user,1,,New update with new card has killed the game.. double damage what the hell are the developers thinking! im talks with support now about getting a refund for this month pass as its that bad,22,150535022,2026-07-21T12:07:47,,
Clash Royale,com.supercell.clashroyale,Gaming,21c95568-2a09-4a7e-9a9c-ac2d50739cd9,Samrat Sarkar,1,,"even though I have good internet connection, the game signals that network is busy, I'm pissed right now",0,150535022,2026-07-21T12:04:35,,
Clash Royale,com.supercell.clashroyale,Gaming,30952a9c-58cf-4ffd-99b6-c25686b07c2c,zerogamer pro3,1,,"Tried to remember the past, every opponent had 3 times the lvl of my troops. Well at least I tried to get back. I'm back, nothing has improved. Thank god they have lvl 14-15 card to my lvl 11. Edit: I tried it again for 3 weeks, the most cancerous thing in existence. All my opponents are having lvl 15-16 cards and me having only 14 makes it idiotic. I just hope the developers get a fate worse than the time that I wasted.",9,150535022,2026-07-21T11:39:20,,
Clash Royale,com.supercell.clashroyale,Gaming,7f6bd073-7d63-47a9-a586-f985b3c32e02,Nex,5,,good,0,150535022,2026-07-21T11:31:14,,
Clash Royale,com.supercell.clashroyale,Gaming,13cbcd55-f7b3-46fe-863b-a15520f36105,Dominic Guirguis,5,,incredible,0,150535022,2026-07-21T10:26:13,,
Clash Royale,com.supercell.clashroyale,Gaming,4990308b-e3fc-44cd-baf5-1dc37c58f53c,Alt Account (101),2,,"Trash matchmaking, p2w slop — keeping it running because for what it is and the nostalgia it gives, but overall Imo it fell off in casual fun. Only gamemodes with friends carry my experience with it now.",0,150535022,2026-07-21T10:17:58,,
Clash Royale,com.supercell.clashroyale,Gaming,8f238b57-1e28-4eb3-aab1-51c5d7c7e347,killa S,3,,"Been playing for years, there was a point where i stopped playing and started back... The game is overall good, its fun, its a strategy game but it is pay to win heavily, someone with over upgraded cards can absolutely destroy you with little thought.",1,150535022,2026-07-21T10:16:53,,
Clash Royale,com.supercell.clashroyale,Gaming,cde9a26f-de93-4372-9137-2754ccad4844,jon,1,,dogshit p2w game where everyone plays the same 10 meta decks,0,,2026-07-21T10:14:25,,
Clash Royale,com.supercell.clashroyale,Gaming,2e29c562-752a-4661-806a-d92e480a6ba2,Christopher Jimenez,4,,pancakes 🥞🥞🥞🥞,1,150535022,2026-07-21T09:49:23,,
Clash Royale,com.supercell.clashroyale,Gaming,71c99580-0284-4d2b-b5ef-c541061694c6,Mihailo,1,,bad game,0,130300016,2026-07-21T09:18:06,,
Clash Royale,com.supercell.clashroyale,Gaming,4553121c-88e3-483c-9ca3-3f98e4ab8601,David Baez,5,,neil raunat likes dih,0,150535022,2026-07-21T08:24:23,,
Clash Royale,com.supercell.clashroyale,Gaming,0e6378c6-c9d1-4129-b9a3-f2b46cd57f67,Tj Casterline,1,,"2026 update!!still garbage and haven't fixed connection issues 2024 Game is trash! loses connection.Pay to win. Supercell is just money hungry, game is a joke. They keeping coming up with new thing for users to buy but can't fix horrible connection issues",0,150535022,2026-07-21T08:20:22,,
Clash Royale,com.supercell.clashroyale,Gaming,8f503622-b267-4964-a8f8-5fa9f959207c,NightRaven,1,,"Used to be a good game, used to be fun, now there is 0 progression for free to play players and it is entirely pay to win, even if U have good skill or a good deck you cannot win against people who pay. And this is coming from a top 500 player",0,150535022,2026-07-21T08:20:21,,
Clash Royale,com.supercell.clashroyale,Gaming,1fa0e060-d2b2-4133-8733-7de42bd97d11,Lukio,3,,good boy supercell,0,150535022,2026-07-21T08:05:41,,
Clash Royale,com.supercell.clashroyale,Gaming,ad7c5f6d-4c51-4b2d-be32-4ff21524a56a,Wracker,1,,-unfair ban for cheating ?,0,,2026-07-21T08:05:20,,
Clash Royale,com.supercell.clashroyale,Gaming,536f508f-ce2f-408b-a1d8-25d5dcf7610f,ABISHEK AZHAGESAN,1,,this is a waste game I ever played,1,150535022,2026-07-21T07:57:19,,
Clash Royale,com.supercell.clashroyale,Gaming,70798429-2cdf-419e-acf7-42960b9b7f8d,R Z,1,,This game fn sucks! Do not waste your time! supercell is a piece of sht company! YOU SUCK SUPERCELL,253,150535022,2026-07-21T07:23:02,,
Clash Royale,com.supercell.clashroyale,Gaming,dabf4ee3-d38b-4950-a326-c2a396013fb0,Ushant Singh,3,,This is insane game.,0,3.3314.5,2026-07-21T06:53:41,,
Clash Royale,com.supercell.clashroyale,Gaming,880d645e-30db-4efa-9928-2e16d26170b1,angie lol,5,,fun,0,150535022,2026-07-21T06:47:09,,
Clash Royale,com.supercell.clashroyale,Gaming,a40797bb-e93a-4b86-9f22-e879f25ee830,Elijah Soliman,1,,super laggy,0,150535022,2026-07-21T06:14:44,,
Clash Royale,com.supercell.clashroyale,Gaming,18a5b366-6d5d-4b35-be00-71170dc01e80,Bob Green,2,,"app has constant problems. guys, cant you do an update or something? I havent seen my progress on that samurai damage dealt in over a week. im pretty sure im getting cheated out of rewards.",0,150535022,2026-07-21T06:04:55,,
Clash Royale,com.supercell.clashroyale,Gaming,b2900894-2524-451c-9cf8-44486ce4f6dc,Patric Thomas,5,,I like it....,0,150535022,2026-07-21T05:59:16,,
Clash Royale,com.supercell.clashroyale,Gaming,88983e9f-61e4-41e4-950d-cf1770f40fc4,Imam Hasan Rana,5,,New CHAOS mode is super fun! It's the best mode for Mod lovers😂,0,150535022,2026-07-21T05:39:06,,
Clash Royale,com.supercell.clashroyale,Gaming,307ba5dc-9a21-4f0b-842b-74c40d8df69c,Cruz Rodriguez,1,,"Too many times have I lost a match because of connectivity issues! I have a perfectly stable connection, I'm ahead, than suddenly the game freezes. I close the app and come back to see my towers are destroyed. Can I give this game ""0"" stars? I'd rather be playing Bloons TD with the monkeys!",141,150535022,2026-07-21T05:24:36,,
Clash Royale,com.supercell.clashroyale,Gaming,57be82ab-7147-4607-93af-a5875de188bf,Caiden Finch,2,,"Ive played this game for 5 years now, and I have to say, this game is NOT fun anymore, people are too sweaty. The game could be good if they didnt have to add all these new champions and heroes, and enable players to put 3 of them in a deck along with sparky and a megaknight. I've uninstalled now, it's truly gone down hill BIG time🪦; R.I.P to the old clash, wish they would bring it back:(",0,150535022,2026-07-21T05:20:00,,
Clash Royale,com.supercell.clashroyale,Gaming,9c059d5b-779e-4a32-b6a4-535ec30665b1,Arii H,1,,pay to win OG stay away unless you feel like spending just to catch up,0,,2026-07-21T05:14:33,,
Clash Royale,com.supercell.clashroyale,Gaming,cc5856ea-c323-44b5-bf05-e82882e6645d,Keny Oryptiz,5,,goat,0,150535022,2026-07-21T05:09:33,,
Clash Royale,com.supercell.clashroyale,Gaming,875d3744-ef39-4ce4-8f87-e7ff5dc66dd1,quentin tennant,1,,"Back for my final review. I've played clash on and off for about 9-10 years now. It used to be something special. It was dead and or dying for a while, down to it's last legs. Then comes Jynxzi. He revives the game and I come back as well, only for them to completely drag that revival through the mud by amping up their greed and pay2win strategy 10 fold and completely disregarding his effort. No thank you. I'm done for good. See you never Scam Royale",0,3.2729.1,2026-07-21T05:08:10,,
Clash Royale,com.supercell.clashroyale,Gaming,8ff52da2-6c26-4611-a677-95fb22116b5e,ALIREZA,1,,Super Greedy Development.,0,150535022,2026-07-21T05:03:22,,
Clash Royale,com.supercell.clashroyale,Gaming,cbdf1a29-03b5-4706-9caa-e7593cb8eb09,Sumit Sunar,3,,good,0,150535022,2026-07-21T04:54:36,,
Clash Royale,com.supercell.clashroyale,Gaming,4eaf56bf-49fb-4f5b-8a82-6906ccaf493a,Brent Taylor,5,,One of the best games out today!,0,150535022,2026-07-21T04:24:46,,
Clash Royale,com.supercell.clashroyale,Gaming,855a3ef0-3369-41c1-8abc-c4ff21dfa0ee,كرم العراق,5,,good,0,,2026-07-21T04:07:18,,
Clash Royale,com.supercell.clashroyale,Gaming,04d4281d-f78a-4071-aec1-6eb3e51779fe,Kossai Kossai,5,,"✅It's a truly fantastic game, one of the best I've ever played, and probably the best game on my phone.",0,,2026-07-21T04:07:04,,
Clash Royale,com.supercell.clashroyale,Gaming,0d903227-849d-454b-80de-b7ca7bb6e416,Kiran Shoaib,5,,GOOD GAME,0,150535022,2026-07-21T03:58:47,,
Clash Royale,com.supercell.clashroyale,Gaming,3ec773b4-e1cc-4d4a-838b-de9cedcb4012,Pjv 1,3,,"all witch cards need nerfs ASAP, one heals and takes forever to take down the other summons skulls constantly",0,150535022,2026-07-21T03:53:40,,
Clash Royale,com.supercell.clashroyale,Gaming,08a7be10-4c3f-4588-9289-f66c756d023c,Arnav Wali,5,,very good game,0,150535022,2026-07-21T03:26:20,,
Clash Royale,com.supercell.clashroyale,Gaming,6df42099-6afa-4a8d-b022-07f3e879c07b,sergio reinado,1,,I REGRET BELIEVING IN THIS TRASH GAME SCREW THIS HORRIBLE GAME BEEN PLAYING FOR YEARS ON MULTIPLE ACCOUNTS THIS LAST KING EVENT WAS THE ABSOLUTE BIGGEST SCAM AND MOST GARBAGE THING IN MOBILE GAMING HISTORY. NEVER SPEND MONEY ON THIS GAME YOU WILL REGRET IT I GIVE THIS GAME THE WORST RATING IMAGINABLE ONLY BECAUSE I CAN'T GIVE IT AN EVEN WORSE RATING,1,150535022,2026-07-21T03:20:03,,
Clash Royale,com.supercell.clashroyale,Gaming,f5ef02ac-9911-4957-ae1e-7faa4dc24629,qw er,5,,gooooooooood game greedy devs,0,100455000,2026-07-21T02:15:23,,
Clash Royale,com.supercell.clashroyale,Gaming,2fea0b12-5e96-4a81-8ecb-4b962df9a1c7,Lasse Prangenberg,5,,nice game,0,150535022,2026-07-21T01:40:15,,
Clash Royale,com.supercell.clashroyale,Gaming,135d0142-a927-4411-b05e-58a23532e94b,anna kleist,5,,it is really good,0,150535022,2026-07-21T01:15:46,,
Clash Royale,com.supercell.clashroyale,Gaming,20a54e4a-111c-4b82-8373-0b350cdce1d3,Travis Neugent,1,,ts buns,0,150535022,2026-07-21T01:04:54,,
Clash Royale,com.supercell.clashroyale,Gaming,c9ad565b-e283-4ad5-9298-769e9d434ead,Mallyman Lee,1,,the person who come up with evolutions belongs in hell,0,150535022,2026-07-21T01:04:35,,
Clash Royale,com.supercell.clashroyale,Gaming,b5e8e45d-91e3-46a4-9aa1-f1eae7c57f9c,Amarion Lewis,5,,MEGAKNIGHT,0,150535022,2026-07-21T00:56:18,,
Clash Royale,com.supercell.clashroyale,Gaming,a25c7d71-67d9-49a6-a2d7-e993bfbc34cc,Abinesh 12,4,,good👍,0,150535022,2026-07-21T00:37:58,,
Clash Royale,com.supercell.clashroyale,Gaming,5c8ae93d-2430-46c8-909b-64ca8090115d,Amirabbas Ghorbani,5,,good game 🎮,0,,2026-07-21T00:11:59,,
Clash Royale,com.supercell.clashroyale,Gaming,fa027e7a-a74e-4cb4-afb3-5798e2d74f62,Anchor,2,,I play a lot of online games but only have network issue with this one,0,150535022,2026-07-21T00:11:07,,
Clash Royale,com.supercell.clashroyale,Gaming,1208c9d8-ab9e-431e-93c2-9574cee2734f,Waylon Oldham,3,,"rigged match making, if your pay to win you almost always get the advantage",0,150535022,2026-07-21T00:01:02,,
Clash Royale,com.supercell.clashroyale,Gaming,1fa32667-ffcf-4f2f-b311-44382eb70a1a,Craft Moded,1,,very bad new lvl up if u dont have lvl 16 u cooked alot of bugs and issues till it be fixed its kinda unplayable rare but still very annoying they fixed the lvl thing but theres still feel bugs specially in elixir balance,0,150535022,2026-07-20T23:55:54,,
Clash Royale,com.supercell.clashroyale,Gaming,78ddcca0-75ad-463e-8a56-936f762c7c24,AFrozenKitten,1,,"Atrocious balancing and design. Every single game is the same, whether your mid or top ladder. Mega Knight, Witch, Wizard. If it's not that, its bait, hyperbait, or the rare E-Golem. All of these are low-skill and brain dead. It makes playing higher skill decks very frustrating, because I have to play perfectly while my opponent doesn't need a single brain cell to win. And don't get me started on the manipulative matchmaking or monetization.",0,,2026-07-20T23:37:46,,
Clash Royale,com.supercell.clashroyale,Gaming,1250dd1c-0007-41b5-811f-a482b2cb2dbc,Anshika Bijalwan,2,,"my game when reopend it all progress i made from Oct I was in arena 12-13 I lost it progress got erased all the cards, trophy badges all deleted",0,150535022,2026-07-20T23:28:30,,
Clash Royale,com.supercell.clashroyale,Gaming,b0f627fe-7768-488b-8d5e-5eed14c4b9d9,Ray,5,,love this game!,0,150535022,2026-07-20T23:24:52,,
Clash Royale,com.supercell.clashroyale,Gaming,d5c17fa7-51e5-4e19-b063-e2d7432ca561,Xuan,1,,"opponents level always higher, win or lose all control by their system, stupid company",0,,2026-07-20T22:52:41,,
Clash Royale,com.supercell.clashroyale,Gaming,1b7498d3-312c-4b9b-b2f6-4dafd2ef7f2b,Thomas Roffe,1,,This game makes me want to kill myself,1,150535022,2026-07-20T22:42:46,,
Clash Royale,com.supercell.clashroyale,Gaming,8e96596c-3255-4cc4-bf9d-fba705e05bce,Logan Brixey,1,,The game is horrible and ronin is likely the worst card they ever added its so obvious they dont play test cards,2,150535022,2026-07-20T22:31:04,,
Clash Royale,com.supercell.clashroyale,Gaming,894d21ba-24c1-4454-afb8-ad9470a14555,Johnny Rotten,1,,A good Idea to separate the F2P and P2P it to different groups,0,150535022,2026-07-20T22:18:01,,
Clash Royale,com.supercell.clashroyale,Gaming,c2b2fd0f-1005-4d7e-b178-0a7c1e4c84ce,Frozina Valek,5,,Good game,0,150535022,2026-07-20T22:16:53,,
Clash Royale,com.supercell.clashroyale,Gaming,69eebfbe-a548-421b-a358-0a0ee6076726,Graham,3,,not the best graphics,0,150535022,2026-07-20T22:15:15,,
Clash Royale,com.supercell.clashroyale,Gaming,582d99ac-e53a-4083-aa47-db9242e5c883,Christian Rodriguez,1,,I have gotten nothing but duplicate evolutions 8+ times in a row. I have not seen a new evo from these chests in over 3 months of playing. (I play everyday),0,150535022,2026-07-20T21:51:16,,
Clash Royale,com.supercell.clashroyale,Gaming,ddd50028-6e68-4b86-ba04-716abb45bef6,Laura Hipwell,5,,I don't play it anymore but when I did it was too ptw,0,150535022,2026-07-20T21:42:02,,
Clash Royale,com.supercell.clashroyale,Gaming,57fec856-8ed9-4a44-a400-1f1e4ec458d3,Francis Kagira,1,,my son killed himself because of the game he said something about MACTHMAKING targeting him he was at a bad state and this game was his pride and joy it really saddens me to see the things you love go against you supercell I hope you acknowledge the metal crisis you put him through and that's all I have to say,1,,2026-07-20T20:55:34,,
Clash Royale,com.supercell.clashroyale,Gaming,ffa1c263-b81b-4b85-b4cd-258e6cc4b413,Tushar Thakur,1,,its take extremely high speed data or it have many bug and match fixing,0,,2026-07-20T20:49:23,,
Clash Royale,com.supercell.clashroyale,Gaming,02ebcaa6-660b-4f0b-aee2-6abecaeb8bff,JP,1,,"sorry for the 5 stars before ; only paying players wins , the game is rigged anyways... hope the greedy developers get in to hell 🙌",1,150535022,2026-07-20T20:33:44,,
Clash Royale,com.supercell.clashroyale,Gaming,babe1034-05c4-432c-8055-64107cf89061,SAMARTH SHARMA,1,,"all hackers above trophies are really unsatisfied after getting paas and invest money, really bad experience",0,150535022,2026-07-20T20:33:29,,
Clash Royale,com.supercell.clashroyale,Gaming,c734812b-fd59-4051-bdaf-5fe94fc36be9,Gunther Borris,5,,DLELELETE RONANAN RIGHTITITTE NOWOWOWOWOOWOWOW,0,150535022,2026-07-20T19:42:05,,
Clash Royale,com.supercell.clashroyale,Gaming,14ae0e25-2e84-4a04-aef3-6bbb10159932,Jayden Coughlin,1,,"The devs literally said it themselves that the game is rigged to have around a 50% winrate for all players, this game is actually so pathetic, everything they could have possibly released to destroy this game not only did they implement it, they put a price tag on it so the ENTIRE game revolved around the new horrid card variant they released that season but they've milked this strategy for so long that now 80% of cards have game ending abilities, no skill is required at all to win in this game",1,110449005,2026-07-20T19:27:36,,
Clash Royale,com.supercell.clashroyale,Gaming,4d7b90b4-f819-456a-bbc3-709564e9856e,Devismita Kairi,1,,"The game is good but the only problem I am facing nowadays is that it lags so much in the starting.It freezes for sometime whenever we start a new game,which results in losing the game because we aren't able to play any deck or see what's the opponent is playing in the starting.By the time it unfreezes,we've almost lose the game. It's my humble request,please fix this <3",0,,2026-07-20T19:24:30,,
Clash Royale,com.supercell.clashroyale,Gaming,ccb8704a-15df-46a3-ab38-4cd1f54d2950,Liam Hronis,1,,unfortunately 1 star is the lowest you can rate this game,1,90198022,2026-07-20T18:50:17,,
Clash Royale,com.supercell.clashroyale,Gaming,1d8ff174-fa57-4bb4-a31e-e5d146951652,Sandy Anas,2,,pay to win,0,150535022,2026-07-20T18:40:56,,
Clash Royale,com.supercell.clashroyale,Gaming,601c6515-dc30-4240-896e-ec0824738ac8,DEEPA VASU,5,,good best,0,150535022,2026-07-20T18:20:59,,
Clash Royale,com.supercell.clashroyale,Gaming,b24516ed-b58e-4a41-ac8a-6218c6f866a2,Bertram Fyhn Aastrup,3,,Good but not as good as it was when it being OG,0,150535022,2026-07-20T18:00:35,,
Clash Royale,com.supercell.clashroyale,Gaming,83621625-1933-41f5-85fb-75794cdbe155,Albert Bermudo,5,,Goodgame,0,,2026-07-20T18:00:18,,
Clash Royale,com.supercell.clashroyale,Gaming,e7b8d364-4ac8-47f7-8f57-cde6582ada48,Sander Andre,5,,palun lase se mäng tõmmata arvutis,0,,2026-07-20T17:44:23,,
Clash Royale,com.supercell.clashroyale,Gaming,ddb0ae7e-865e-4cc1-8398-f20853718601,Satyabrata Dwivedy,1,,"not opening after 95 percent loading, very bad servers",1,,2026-07-20T17:34:26,,
Clash Royale,com.supercell.clashroyale,Gaming,9c0387a2-e5b9-49a8-96ad-097dab1bf2c3,Matin Abbasi,5,,so good,0,150535022,2026-07-20T17:14:41,,
Clash Royale,com.supercell.clashroyale,Gaming,9107a359-f32f-4b0c-84e4-82e866f2029c,Tarun,5,,good,0,150535022,2026-07-20T17:10:17,,
Clash Royale,com.supercell.clashroyale,Gaming,54db65ae-48f2-4fd4-a7ae-b2557ac22251,Cheeso,1,,too addictive. my life is done.,1,,2026-07-20T16:43:01,,
Clash Royale,com.supercell.clashroyale,Gaming,03cccf51-ca87-48b8-bd02-c82e3f25e542,Ejam Limboo,5,,Good one,0,150535022,2026-07-20T16:41:02,,
Clash Royale,com.supercell.clashroyale,Gaming,2decc03c-86a0-449e-b3aa-451483f53ae7,Madani Kharchi,5,,hograder need a hp nerf,0,150535022,2026-07-20T16:33:16,,
Clash Royale,com.supercell.clashroyale,Gaming,82ccf2e3-2ab3-4ad4-8fcb-bd324414a11f,Jaxon Moucka,3,,hello everyone I'm back again with another review this one is clash royale I been playing clash for almost 5 years and i noticed everyone is complaining about the pay wall or money grab in the game which is true but my issue is with this game is the witch card that card is overpowered and the worst part is they added evolutions and heros and other mess to the game and some times I can't ever win because of those cards it makes the game unplayable the evolutions is ok but the heros nah,0,150535022,2026-07-20T16:27:15,,
Clash Royale,com.supercell.clashroyale,Gaming,7f30150a-e0e1-4257-aa8e-c6ade9866b97,Low Wei Meng,1,,"gave this game so many chances, first is the fixed matches, horrible server where it constantly lag out when searching or after game. money grubbing game. don't bother playing CR cuz it genuinely sucks.",1,,2026-07-20T16:15:12,,
Clash Royale,com.supercell.clashroyale,Gaming,4a679e8e-f974-4d24-b737-70e402040cd1,Caleb Kinshella,1,,everyone is pay to win this game.dont ever recommend for anyone.,1,140593009,2026-07-20T15:54:04,,
Clash Royale,com.supercell.clashroyale,Gaming,745400f8-c321-4349-86e4-ebfb8d5fe143,M. Suleman,2,,"I almost get all snippets. Only one is missing. Now i face issues. I won better and got snippets, but it shows a legendary snippet unlock, but no snippet I get. one missing part is missing .I'm disappointed I give time and win bettal, but not get the last snippet I even buy with gems.",0,150535022,2026-07-20T15:37:13,,
Clash Royale,com.supercell.clashroyale,Gaming,5c34efa5-5ebc-4472-8fb6-92eea6e1521e,Teo Joby,5,,"It has been a year since I posted my review, and now clash Royal has become a bit f2p friendly, a 'bit'. Overall the gameplay has been balanced since the new ronin came but that is in mid ladder idk about other areas, there still needs to be changes to the matchmaking and sometimes it can be miserable to play. The game is really good nowadays so 5 stars for that.🤗",0,150535022,2026-07-20T15:25:38,,
Clash Royale,com.supercell.clashroyale,Gaming,200025fc-26d5-4b5e-9e48-3e2bbba795c7,Allen Kundargi,1,,⚠️ Don't play supercell games. they don't hit the same anymore. you can find a plethora of better games out in the vast play store. (I still stand by this.),2,,2026-07-20T15:19:34,,
Clash Royale,com.supercell.clashroyale,Gaming,d574d675-6f10-496d-bb20-771ff98d6562,Aiman,1,,clash rigs games,0,150535022,2026-07-20T15:12:22,,
Clash Royale,com.supercell.clashroyale,Gaming,9bfe90a3-56df-4b97-b9d6-62d314dc70df,Jensen Cañeja,1,,REMOVE MEGA KNIGHT,0,,2026-07-20T15:05:41,,
Clash Royale,com.supercell.clashroyale,Gaming,b3ec746f-d124-495e-b2f1-560aced895aa,Akash Rajput,1,,After recent update the game is taking to much time to load which is ruining the game experience.,0,150535022,2026-07-20T14:57:11,,
Clash Royale,com.supercell.clashroyale,Gaming,361ea413-5cb1-4e09-bc92-b3fe45bb6dba,Ashish Jain Gyan,4,,good ga me and time pass,0,150535022,2026-07-20T13:54:24,,
Clash Royale,com.supercell.clashroyale,Gaming,6124fdcd-29f1-4d9b-ac75-d2b75ebd968a,Gilles Wintraecken,1,,"game has become absolute pay to win, it has gotten even worse no skill involved anymore in this stupid game",0,130300016,2026-07-20T13:53:20,,
Clash Royale,com.supercell.clashroyale,Gaming,7446b663-3437-4ac7-bd7c-4e9da8f10fef,Садыкова Латифа,1,,donation trash 🗑️,1,,2026-07-20T13:49:27,,
Clash Royale,com.supercell.clashroyale,Gaming,82d65327-d9ff-4403-b74c-eb4bdd6eee85,Oscar Ra,1,,pay to win,1,130300033,2026-07-20T13:47:47,,
Clash Royale,com.supercell.clashroyale,Gaming,05a42b54-0350-44b9-9714-04e030713a2f,Ali Akber Mostafavi,1,,pay to win,0,150535022,2026-07-20T13:16:37,,
Clash Royale,com.supercell.clashroyale,Gaming,1f0c627e-f409-4f31-8a70-8d5ba2b9657f,Jaded Viking22,2,,What's up with the internet instability issue. This game constantly shows a red wifi icon that indicates that there's no internet connection and I've got full bars. Clash Royale is literally the only game I've installed that has this issue,0,150535022,2026-07-20T13:02:46,,
Clash Royale,com.supercell.clashroyale,Gaming,5f9eac3f-d6b5-4394-ada8-bc6c8db744a4,GOLDEN,4,,give me some gifts,0,150535022,2026-07-20T12:54:51,,
Clash Royale,com.supercell.clashroyale,Gaming,93ed1500-b7b6-45fe-8520-033373e7334f,kiana mottaghi,5,,good,0,,2026-07-20T12:34:38,,
Clash Royale,com.supercell.clashroyale,Gaming,eec69682-b358-4b7f-b6d0-390c1d981b7c,abhishek chakravorty,2,,not working on wifi connection is always facing an issue please fix this bug,0,,2026-07-20T12:29:00,,
Clash Royale,com.supercell.clashroyale,Gaming,32a8979c-2649-468a-9094-45f3966ba389,Dip Jyoti Deka,3,,Such a bore for players. Everyone just flaunting the free ladder emotes. Match making is a mess in 2v2. Also no punishment for players who abandon the game in 2v2. Uninstalling. Edit. Chaos mode is all I open the game for. But the replay in boat race is broken. It shows a completely different replay to how the actual game went.,0,150535022,2026-07-20T12:11:35,,
Clash Royale,com.supercell.clashroyale,Gaming,5c3d0f22-a3b7-4a02-b664-af15e76a2ea7,Soham,5,,op,0,150535022,2026-07-20T12:01:03,,
Clash Royale,com.supercell.clashroyale,Gaming,6e24fe91-768b-4675-9866-6385a8777198,Riyan Palikhey,1,,trash,0,150535022,2026-07-20T11:13:47,,
Clash Royale,com.supercell.clashroyale,Gaming,57ead793-25fb-4a3b-8860-746bb07b859c,Ismael,5,,entering and challenging,0,150535022,2026-07-20T11:11:51,,
Clash Royale,com.supercell.clashroyale,Gaming,a1cdb747-c914-4e90-abd4-730e6dace300,Something Fishy,2,,"Became a play to win game, I've been playing this on and off for years now, still the same, now even worst",1,150535022,2026-07-20T10:24:37,,
Clash Royale,com.supercell.clashroyale,Gaming,d16338ca-0e6f-4459-a8c3-5790ee7042df,Tanmoy Sikder,1,,congrats for making the best game rigged💯💯💯,1,150535022,2026-07-20T09:34:23,,
Clash Royale,com.supercell.clashroyale,Gaming,2488c430-4859-429a-ad2b-60c924be344f,Owen Knox,5,,This is a great modern game. One reason its so fun is you don't feel like your constantly loosing. You play people the same level as you (arena). You can play with your friends or online. There are tons of different modes and new ones come out all the time to create all sorts of exciting madness. I have had slight problems with the game loading but it could just be my phone. You have to play with service.,1,150535022,2026-07-20T09:34:03,,
Clash Royale,com.supercell.clashroyale,Gaming,c638d1b7-29af-4efb-8346-162899ddb531,Saeed Karimi,1,,"Aside from the awful and completely unnecessary updates, the childish, nerve-racking animations and all the pointless extra clicks, this game genuinely makes you regret ever installing it. I honestly don't know what the software and development team are thinking. It's as if they're saying, 'Let's make players even more frustrated this time and release yet another update.'",6,150535022,2026-07-20T09:03:19,,
Clash Royale,com.supercell.clashroyale,Gaming,8e8938ca-9095-404b-b03c-f3b916b380e6,Nico,1,,lots of little gooners with their peepees out on the keyboards.,0,140593015,2026-07-20T08:31:26,,
Clash Royale,com.supercell.clashroyale,Gaming,518d65d6-506a-41f3-bb16-380ab294477d,troy,4,,its good and entertaining,0,150535022,2026-07-20T08:24:14,,
Clash Royale,com.supercell.clashroyale,Gaming,34927432-7e35-46d7-9121-e69aaee69707,Sike Yee,1,,dogshit,1,,2026-07-20T07:51:47,,
Clash Royale,com.supercell.clashroyale,Gaming,4bee49f1-f31f-4cf9-8af6-d6620b37e014,henry arreola,5,,Great competitive game but also strategy,0,150535022,2026-07-20T07:48:10,,
Clash Royale,com.supercell.clashroyale,Gaming,d415319f-6c11-4e58-b820-0dfd38ef27fd,IDark 1,3,,greedy,0,150535020,2026-07-20T07:36:54,,
Clash Royale,com.supercell.clashroyale,Gaming,5d507ede-7800-401c-b2da-5a550c845f36,Jack Gleeson,1,,Best concept of any mobile game ever. 0/10 execution you guys killed this game with level 16 and heroes and I'm disappointed and dissatisfied.,0,,2026-07-20T07:19:48,,
