app_name,app_id,category,review_id,username,rating,title,text,thumbs_up_count,review_created_version,at,reply_content,reply_at
"PayPal - Pay, Send, Save",com.paypal.android.p2pmobile,Finance,baae4447-bdde-43bf-a587-bc2591086397,Ian,1,,one complet desperate from start to finish I was a custerma and now you want let me in my account anďnow iv find iv lost hundreds of pounds because my Gmail is not ŕeçonißid,0,,2026-07-26T16:14:11,,
"PayPal - Pay, Send, Save",com.paypal.android.p2pmobile,Finance,9507e6ac-7e16-40c4-96f2-61a6db370ff3,Wulph Gaar,1,,"the sign up process is unusable on mobile, due to the pop-up calendar for entering DOB preventing you from typing the date. Nobody is going to scroll back 100s of months.",0,8.107.0,2026-07-26T16:10:05,,
"PayPal - Pay, Send, Save",com.paypal.android.p2pmobile,Finance,0ad7cc57-b72f-4937-85e8-1c9e04cc6837,Phil Walker,4,,"overall pretty good, however the auto-reload for PayPal card still doesn't work even though it looks like it's been revamped. clicking the authorise button does nothing.",0,10.5.0,2026-07-26T16:00:17,,
"PayPal - Pay, Send, Save",com.paypal.android.p2pmobile,Finance,78da1738-952b-4bf8-8b1d-85eb81607700,Sheety Beef,1,,cant screenshot,0,8.107.0,2026-07-26T15:56:39,,
"PayPal - Pay, Send, Save",com.paypal.android.p2pmobile,Finance,e561438f-b7ed-4753-ad8c-cca9632e2ebc,Nikki Labrador,5,,"Really secure app! Transactions are really fast too, I never worry about payment delays thanks to that. It's also regulated by BSP so I know my money is really safe.",0,,2026-07-26T15:27:45,,
"PayPal - Pay, Send, Save",com.paypal.android.p2pmobile,Finance,41850b99-f2aa-4e9c-89c4-c5af34e68e66,Kevin Butcher,1,,I like the older version,0,8.107.0,2026-07-26T15:06:42,,
"PayPal - Pay, Send, Save",com.paypal.android.p2pmobile,Finance,c92026f9-cbc6-4328-b646-101aff47364f,suraikahengkin31,5,,"""Secure and convenient for online payments. Fast and easy to use. """,0,8.105.1,2026-07-26T14:24:54,,
"PayPal - Pay, Send, Save",com.paypal.android.p2pmobile,Finance,577d8973-56bd-4263-ab27-d08559c25f44,Enriques Romela,5,,good,0,,2026-07-26T14:04:52,,
"PayPal - Pay, Send, Save",com.paypal.android.p2pmobile,Finance,64c628d7-9443-435b-9a2b-69dea80a88a1,Austin Adamson,1,,"can't get in, send new code function doesn't work",0,8.107.0,2026-07-26T12:56:06,,
"PayPal - Pay, Send, Save",com.paypal.android.p2pmobile,Finance,c8be8524-c1ff-4e41-839e-fd9737ac53d2,Sanjib Dinda,1,,faltu,0,,2026-07-26T12:52:09,,
"PayPal - Pay, Send, Save",com.paypal.android.p2pmobile,Finance,e905e236-124a-44c7-af21-aa2297bc8889,Hockeymom #67,1,,ive been hacked 3x. every time I use this app I get hacked by some store I pay.,0,8.107.0,2026-07-26T12:31:44,,
"PayPal - Pay, Send, Save",com.paypal.android.p2pmobile,Finance,14ad3758-4df4-48f6-bd17-05c66746c99a,E Thomas,5,,PayPal is very user-friendly and I've never experienced any problems sending or receiving money using it.,0,8.107.0,2026-07-26T11:47:25,,
"PayPal - Pay, Send, Save",com.paypal.android.p2pmobile,Finance,5762ef26-0359-4f9d-9f2b-1c92c6621904,Nik Kaldobsky,1,,"Thank you for taking a functional app and ruining it with ads and pages of mindless ""online shopping"" garbage I don't want",1,8.102.0,2026-07-26T11:30:08,,
"PayPal - Pay, Send, Save",com.paypal.android.p2pmobile,Finance,06221f13-0a0b-4c3d-a585-a1b9bb3f44b0,Kenny kat00,5,,love PayPal very convenient,0,8.107.0,2026-07-26T11:20:12,,
"PayPal - Pay, Send, Save",com.paypal.android.p2pmobile,Finance,b4732b7e-69d1-4191-a8e0-380758b07b0b,William Nickell,5,,No problems here,0,,2026-07-26T11:18:00,,
"PayPal - Pay, Send, Save",com.paypal.android.p2pmobile,Finance,7bb11ed6-5ba5-4b55-be46-5744bebff82f,Shane Brooks,5,,always use Paypal,0,8.107.0,2026-07-26T09:46:34,,
"PayPal - Pay, Send, Save",com.paypal.android.p2pmobile,Finance,308f6ba7-5c18-4897-b166-e8524959ba78,Hu Tao,2,,"I'VE BEEN TRYING TO GET AN OTP FOR 3 DAYS IN A ROW BUT STILL CAN'T GET IT SO I HAVE TO WAIT UNTIL TOMORROW!? BRO, WHAT'S THIS? 3 DAYS IN A ROW, DO YOU UNDERSTAND?",0,,2026-07-26T09:34:08,,
"PayPal - Pay, Send, Save",com.paypal.android.p2pmobile,Finance,5b1cd535-5c73-47ce-abf2-6b8140fe1cc4,Rachel Thomas,1,,I have no limitations to my account and I still can not cash checks with my paypal app,0,8.107.0,2026-07-26T09:06:57,,
"PayPal - Pay, Send, Save",com.paypal.android.p2pmobile,Finance,1ce1024d-289a-4c8a-a4f8-8f1c8ca7cee1,tshegofatjo mapheto,5,,Very good,0,10.5.0,2026-07-26T08:28:06,,
"PayPal - Pay, Send, Save",com.paypal.android.p2pmobile,Finance,1fa3974d-200a-4f50-9b89-578b6d826ce6,Rhonda Jacoby,5,,"paypal is wonderful and far more supportive than traditional banks.. they offer many attractive features that allow one to build or rebuild finances. thank you, PayPal!",0,8.107.0,2026-07-26T08:02:38,,
"PayPal - Pay, Send, Save",com.paypal.android.p2pmobile,Finance,dd3d10a9-dd6b-4d3c-b51e-3a66101bc8ce,Robert Coleman,5,,A very Unique Bank & Business 👌 that's Top notch services with accuracy & patience for There Customer Five star's !!!!!,0,8.107.0,2026-07-26T07:47:02,,
"PayPal - Pay, Send, Save",com.paypal.android.p2pmobile,Finance,81507090-ab93-482e-a988-5575264b1e74,Chai Jin Xin,5,,"Secure, fast, and convenient for online payments. Sending and receiving money is simple, and the buyer protection adds peace of mind.",0,,2026-07-26T07:37:21,,
"PayPal - Pay, Send, Save",com.paypal.android.p2pmobile,Finance,26a70812-d1dd-47d1-8385-32c24389f6e4,Ningvie,1,,"Right After confirming my debit card and enter the code that they deducted for $3 from my bank account, suddenly got warning that my account was restricted or disabled. Please fix it and what I should to do in order to recover my account?",0,10.5.0,2026-07-26T05:43:48,,
"PayPal - Pay, Send, Save",com.paypal.android.p2pmobile,Finance,e182ad2e-0e7f-4a18-b728-3d614ae72150,Chad Cameron,5,,Simple and works as intended,0,8.107.0,2026-07-26T05:22:47,,
"PayPal - Pay, Send, Save",com.paypal.android.p2pmobile,Finance,25856ef5-d2c3-49f0-9dca-fef762ade691,KJ Jones,1,,these fools lost my email account and a agent said they can't do nothing about it incredibly useless. You let a system control you. you're entire company pitiful how do you lose my email account,0,8.107.0,2026-07-26T05:12:36,,
"PayPal - Pay, Send, Save",com.paypal.android.p2pmobile,Finance,2c8dd20c-f27d-462e-a37b-e96ac99737b4,Wesley,5,,Great app for so many reasons.,0,8.107.0,2026-07-26T05:10:18,,
"PayPal - Pay, Send, Save",com.paypal.android.p2pmobile,Finance,2f7da4ba-5bd1-4ab4-b5a0-dbb03eb0fd84,Harley Snowden,5,,comes in handy regularly,0,8.107.0,2026-07-26T04:56:01,,
"PayPal - Pay, Send, Save",com.paypal.android.p2pmobile,Finance,49adc5cd-0e0e-4a22-9e9d-297155e0d027,Bobby Mcclery,1,,won't link my card.,0,8.107.0,2026-07-26T04:27:46,,
"PayPal - Pay, Send, Save",com.paypal.android.p2pmobile,Finance,1d4edcc1-6a90-460c-8cb1-23ed5607f4d8,Billijean Anderson,5,,I love the PayPal,0,8.107.0,2026-07-26T04:24:12,,
"PayPal - Pay, Send, Save",com.paypal.android.p2pmobile,Finance,87f27f8d-b6b9-44b8-b0c2-6b9e0ade51ca,John Rawlings,1,,money was taken from my account. even after I locked it down. I'm done as well being charged for everything I do with this app.,0,,2026-07-26T03:17:28,,
"PayPal - Pay, Send, Save",com.paypal.android.p2pmobile,Finance,4178ce5f-2958-4123-ad9b-566a3b7c7f80,Get Out And Explore,5,,fantastic,0,8.107.0,2026-07-26T02:44:14,,
"PayPal - Pay, Send, Save",com.paypal.android.p2pmobile,Finance,a5a5c8d8-ef24-4b97-a2d2-2ca39b27a853,Karen,4,,"l have been using your platform for free. Ads are a waste of time, when I am ready, I will find what I need!",0,8.75.1,2026-07-26T02:40:38,,
"PayPal - Pay, Send, Save",com.paypal.android.p2pmobile,Finance,e08ffa28-288d-4a6e-bb5a-216c1e0abec3,Bridge St. Germain,1,,"This latest update is hot garbage. Ugly, literally an eyesore. Is every banking (and banking adjacent) app just hopelessly addicted to changing the entire UI for no reason? I'm just going to use PayPal on browser now and free up some space on my phone. The app never even worked that well, now it's somehow even worse. And the ads! Why are there advertisements here to begin with?! If only I could rate this even lower.",1,10.5.0,2026-07-26T02:38:57,,
"PayPal - Pay, Send, Save",com.paypal.android.p2pmobile,Finance,cd206d84-7e58-482d-b2ef-964431f3975a,David Myles Jr,5,,always money on hand. no confusion,0,,2026-07-26T02:38:02,,
"PayPal - Pay, Send, Save",com.paypal.android.p2pmobile,Finance,f4fc4a98-963d-405d-9e27-7e78bbc34143,Brandon Conner,1,,my tap to pay is not working and negatively affecting my business! PayPal is not helpful at all!,0,10.3.0,2026-07-26T02:28:43,,
"PayPal - Pay, Send, Save",com.paypal.android.p2pmobile,Finance,ad86c304-0256-4f3e-bbcd-a0dd42169f46,Martha Hatton,1,,I don't want my Information share ok.,0,8.107.0,2026-07-26T02:21:49,,
"PayPal - Pay, Send, Save",com.paypal.android.p2pmobile,Finance,77de8e06-a2fc-426e-9a1b-09a14c55f7d2,Carla Flores,1,,"Very disappointing app. I linked my credit card and debit card they charged me 1 USD for every linked of cards. When they asked for another identification Info by submitting a copy of photo ID and debit card in order to resolve, they charged me again with another 1.95 USD. When I almost completed the asking Identification Info, they told me that they permanently deactivated my account, for what reason? I complied and got charged but in the end they permanently limited my account. What a SCAM!",0,,2026-07-26T01:39:51,,
"PayPal - Pay, Send, Save",com.paypal.android.p2pmobile,Finance,41a6d2e2-3979-46aa-8d27-ecb53bd6ca07,Okegunna Aliratu,5,,wonderful,0,,2026-07-26T01:36:51,,
"PayPal - Pay, Send, Save",com.paypal.android.p2pmobile,Finance,120f3b5f-0f0d-4536-9db7-c95e1bbed0e5,Asanda Mdletshe,2,,good app,0,,2026-07-26T00:57:02,,
"PayPal - Pay, Send, Save",com.paypal.android.p2pmobile,Finance,3f6bd23e-3936-489f-8e5c-f8b850e7e28d,M,1,,"Paypal keeps saying they notice suspicious activity on my account, even though I almost never use it. They want me to upload my ID and bank statements every time. This has happened 11 times in 4 months. You're better off using one of the many other apps out there.",0,,2026-07-26T00:42:49,,
"PayPal - Pay, Send, Save",com.paypal.android.p2pmobile,Finance,0ae1f6d7-3d51-4471-a051-65fb133037e5,Kaylie Chenchiah,1,,"Only requests for American Bank account, which I don't have",0,8.107.0,2026-07-26T00:10:40,,
"PayPal - Pay, Send, Save",com.paypal.android.p2pmobile,Finance,02fe1dd7-29ac-4aaa-bfa6-7a3d0fac3542,Surender Gajula,1,,worst application,0,8.107.0,2026-07-26T00:08:20,,
"PayPal - Pay, Send, Save",com.paypal.android.p2pmobile,Finance,069bad84-5d1a-4112-a171-5811d4e312df,DeAngelo Ming,1,,The most recent to decide i am done with paypal is I had about 75-80$ in my account in a matter of 2 days I am left with 7$. I told them I need credit for this while the investigation goes on because I am in another State an stranded an was going to use that money to get back home but they say wait 10days so now I am stuck without no way to get food or get home an ive told them this but they say wait ive been with them for 8yrs for them to not help in a dire situation horrible service also.,0,8.107.0,2026-07-26T00:08:15,,
"PayPal - Pay, Send, Save",com.paypal.android.p2pmobile,Finance,21a7b467-d8cb-456c-8ad4-d106e1b3ba04,Fritz,1,,can't take screenshots of important information.,0,8.107.0,2026-07-25T23:49:22,,
"PayPal - Pay, Send, Save",com.paypal.android.p2pmobile,Finance,b99ac90c-e0dd-48f9-b6bf-bad4d5c8eb8e,Moses Kalen,5,,it's favourable,0,,2026-07-25T23:20:00,,
"PayPal - Pay, Send, Save",com.paypal.android.p2pmobile,Finance,0a525b77-8820-4ecd-8331-3977e7bbf557,Chelsey Fontenot (Chelsey Kalynn Fontenot),5,,amazing app for transferring money to Bank account directly,0,8.107.0,2026-07-25T23:16:42,,
"PayPal - Pay, Send, Save",com.paypal.android.p2pmobile,Finance,f7b080ee-2e46-4a23-bf2a-88e4ebd70a07,kmvr316,3,,"WHY have Paypal physical cards if you're forcing to use 3rd party digital Google wallet to pay-in-4 in-store. A lot of stores still don't have Google Pay. Just place the approved amount on the physical card, giving more incentive of the card's use EVERYWHERE!!!",0,8.107.0,2026-07-25T23:09:29,,
"PayPal - Pay, Send, Save",com.paypal.android.p2pmobile,Finance,1b65a1e9-f273-497d-b17f-0171ab1adcf8,Siphesihle Buthelezi,5,,Please make it easier for us to withdrawa since we cant link,0,8.107.0,2026-07-25T22:40:29,,
"PayPal - Pay, Send, Save",com.paypal.android.p2pmobile,Finance,f4cc20b3-b867-4889-b647-9d7435244f65,Msigwa,5,,I need money to success my life,0,,2026-07-25T22:29:46,,
"PayPal - Pay, Send, Save",com.paypal.android.p2pmobile,Finance,cacb1e77-82e4-4141-b77c-5f54e38392a3,David Forbes,5,,"This is the way to manage your money online, for making and receiving payments to and from game apps. Simply one of the best-programmed apps on the Internet.",0,8.107.0,2026-07-25T22:25:04,,
"PayPal - Pay, Send, Save",com.paypal.android.p2pmobile,Finance,27ce9575-0f34-4a2d-903b-d1f3dbdee218,Kaylee Conway,1,,"way to many features, cant even find my balance which is all im concerned about",0,8.107.0,2026-07-25T21:51:24,,
"PayPal - Pay, Send, Save",com.paypal.android.p2pmobile,Finance,79241d1b-5dad-4170-88c9-2b3cf7489910,Harshith Hitman,1,,when I first tried to create a account my account got banned because I used fake last name . but it's ur fault only not mine . since I don't have a last name on any of my documents but the PayPal forced me to use a last name while creating an account what a horrible experience. when I mailed help desk with asking how to create a business account without last name they haven't even bother replying it's been 2+ weeks since I mailed them this issue,0,,2026-07-25T21:40:09,,
"PayPal - Pay, Send, Save",com.paypal.android.p2pmobile,Finance,6b7ff39b-2201-4b01-a85c-3942047e3fe0,ricky Tw,5,,goated,0,8.107.0,2026-07-25T21:38:13,,
"PayPal - Pay, Send, Save",com.paypal.android.p2pmobile,Finance,4c133463-d2ee-4941-8685-c9ff92b4d67b,fyterfyre,4,,"So far so good... Wish they had a card like Cash App. I would like to have an option such as this aside from CashApp. I have had a HORRIBLE EXPERIENCE with Cash App and they refuse to make it right. Considering how long Paypal has been around, I'm surprised they haven't challenged their competition....",0,8.107.0,2026-07-25T21:37:56,,
"PayPal - Pay, Send, Save",com.paypal.android.p2pmobile,Finance,044d78ad-db1b-4d78-bb59-dbffdf0ce4cf,Kirsten Webb,5,,"I love PayPal! Easy to use and Navigate. Fun easy Buttons to recognize. Great Customer Service, Every Time. And Awesome Offers.",0,8.107.0,2026-07-25T21:32:30,,
"PayPal - Pay, Send, Save",com.paypal.android.p2pmobile,Finance,aa13e609-a253-4d46-b054-002de1caf7fb,Damon Tiedge,1,,Sysytem slower than frozen custard in a winter storm,0,8.107.0,2026-07-25T21:30:36,,
"PayPal - Pay, Send, Save",com.paypal.android.p2pmobile,Finance,bc9a55cd-cfd3-4505-a5eb-2464843ec513,Ana Yumi Misama,1,,keeps having an error upon creating an account,0,8.107.0,2026-07-25T21:04:47,,
"PayPal - Pay, Send, Save",com.paypal.android.p2pmobile,Finance,ec56731b-1f16-49b6-a039-46c8981e5d97,E M,1,,between PayPal synchronization with google play one completes with the other locking out pre paid cards..I'll never purchase any one of these apps ever again!,0,8.107.0,2026-07-25T20:54:44,,
"PayPal - Pay, Send, Save",com.paypal.android.p2pmobile,Finance,755ea1c8-9247-4d4a-ae69-4a3ae04b0359,Susan Jackson,5,,I adore this app but could you please add 2 choices for 5% cashback instead of just 1 ?,0,8.107.0,2026-07-25T20:54:27,,
"PayPal - Pay, Send, Save",com.paypal.android.p2pmobile,Finance,29fa35fd-d8b8-4673-bd89-59e700591914,israr sharak,5,,good luck 🤞,0,8.107.0,2026-07-25T20:01:55,,
"PayPal - Pay, Send, Save",com.paypal.android.p2pmobile,Finance,d11615d5-f81c-45ed-92cb-ec00e9f226d4,Joseph Godinez,5,,"I am very greatful for PayPal's pay in four. I have not so good credit, but PayPal works with me. Thanks PayPal...",0,8.107.0,2026-07-25T19:58:58,,
"PayPal - Pay, Send, Save",com.paypal.android.p2pmobile,Finance,8c55cf06-d252-4a6f-be32-f3304f43da99,George Eddy,5,,"I always seem to get fast, smooth transfers with the app.",0,,2026-07-25T19:57:24,,
"PayPal - Pay, Send, Save",com.paypal.android.p2pmobile,Finance,333ec2f5-91c7-4711-b69f-4ae7abc3cb55,Heather Inzinna,5,,Paypal is the best!!!!,0,8.107.0,2026-07-25T19:48:49,,
"PayPal - Pay, Send, Save",com.paypal.android.p2pmobile,Finance,b016f46d-4dfd-4b88-bdd8-5fb6f500ff93,Priya Priya,5,,good,0,8.107.0,2026-07-25T19:43:54,,
"PayPal - Pay, Send, Save",com.paypal.android.p2pmobile,Finance,2f76d18e-1c37-4209-ae2f-6f971937de73,Patrick McMasters,5,,Great for me. I like to help my friends. Easy to use for multiple things. Good for business or just sending to family or friends.,0,8.107.0,2026-07-25T19:40:32,,
"PayPal - Pay, Send, Save",com.paypal.android.p2pmobile,Finance,b9b832be-ee3a-45d0-829a-2154c45203a9,Naia Phillip,5,,love it,0,8.107.0,2026-07-25T19:29:08,,
"PayPal - Pay, Send, Save",com.paypal.android.p2pmobile,Finance,95b5495e-9fa3-48b4-8bb4-8f427952adba,A Google user,3,,Need paypal lite version,0,,2026-07-25T19:15:42,,
"PayPal - Pay, Send, Save",com.paypal.android.p2pmobile,Finance,3570ca34-8f6f-44f7-bf32-13e317320ac9,KyzzBoysReview,5,,Gooodd apps genggg,0,8.107.0,2026-07-25T17:56:46,,
"PayPal - Pay, Send, Save",com.paypal.android.p2pmobile,Finance,6766366d-a3ac-4860-82e6-15faf49e6ec0,Virginia,5,,it's cool ty,0,,2026-07-25T17:56:09,,
"PayPal - Pay, Send, Save",com.paypal.android.p2pmobile,Finance,b456817c-8fde-479a-8c13-0fef066fd242,Absolute Legend,1,,2 links over each other on report button causing continuous loops when using app resolution centre reporting. Unusable Trying to report unauthorised activity on account.. now changing delivery addresses on its own ridiculous,0,8.107.0,2026-07-25T17:53:23,"Hello, Richard. I'm sorry you're having trouble reporting unauthorized account activity. I can certainly understand your concern. Please contact our Customer Service at https://bit.ly/ContactPayPal. We'll be happy to help report the activity. -Meghan",2021-09-18T23:42:44
"PayPal - Pay, Send, Save",com.paypal.android.p2pmobile,Finance,b71662d5-6dfc-4ee5-b512-24a5419e09e7,Russell Peterson,5,,Great app very easy to use tons of features.,0,8.107.0,2026-07-25T17:29:37,,
"PayPal - Pay, Send, Save",com.paypal.android.p2pmobile,Finance,31f93988-5ff2-4f37-b1a3-986ad32d0410,Immo,1,,"Datenkrake, amerikanisch, use Wero if you can",0,10.5.0,2026-07-25T17:10:23,,
"PayPal - Pay, Send, Save",com.paypal.android.p2pmobile,Finance,7da882fc-6917-46de-a7bb-8e17a1f72842,Sushi-bun Neonline,1,,"if you're a user of PayPal for years and had multiple accounts permanently banned for no sudden reason, especially you accurately gave them the documents that they asked for. Then I guess I'll have to complain about this as well. PayPal has been getting hostile towards their users, mostly freelancers and artists trying to make a living. And what do they do? Ban them! Just because of the scummy AI moderation they have formed in their customer service despite giving all the documents needed.",1,8.107.0,2026-07-25T17:04:28,,
"PayPal - Pay, Send, Save",com.paypal.android.p2pmobile,Finance,9e8583a0-4ed1-4e92-a831-19c931623d02,Baddy,1,,creating an account for new user is a problem can't contact support when in need of them to find solutions I thought it was the best app before glitch and debug everytime,1,8.107.0,2026-07-25T16:54:00,,
"PayPal - Pay, Send, Save",com.paypal.android.p2pmobile,Finance,48b2053f-aef8-4661-a641-3c7fdd271eed,A Google user,2,,"why on earth is this thing 1.06Gb in size? not the cache, not the user data.. the app.. yeah uninstalling.",1,8.107.0,2026-07-25T16:45:03,,
"PayPal - Pay, Send, Save",com.paypal.android.p2pmobile,Finance,1e903f23-511d-452d-ad07-def919318dd0,Nitish Acharya,5,,good but bad abcd,0,,2026-07-25T16:43:22,,
"PayPal - Pay, Send, Save",com.paypal.android.p2pmobile,Finance,4d08669c-ace8-4cae-8a22-1c2b27c8e9fb,V L SMITH,5,,"This product is strong and getting Stronger, thank you.",0,8.107.0,2026-07-25T16:12:40,,
"PayPal - Pay, Send, Save",com.paypal.android.p2pmobile,Finance,3529bd89-521a-47d6-ab7d-2ff57f6a3b4a,Wayne Joseph,5,,Good app. Only use it now and again. Great to pay any time of the week.,0,8.107.0,2026-07-25T16:10:06,,
"PayPal - Pay, Send, Save",com.paypal.android.p2pmobile,Finance,96bb91be-0e5e-4cf8-97f2-9a10f4e80df7,Waiswa Swabiru,5,,Good work for providing us,0,8.107.0,2026-07-25T15:41:47,,
"PayPal - Pay, Send, Save",com.paypal.android.p2pmobile,Finance,dc1a9df9-512b-4866-a6a7-137a618ceb34,M.VENKATA RANGA CHARYULU,1,,"I, now, download paypal app. let me know how to use it. I am from india",1,8.107.0,2026-07-25T15:10:09,,
"PayPal - Pay, Send, Save",com.paypal.android.p2pmobile,Finance,370db5a3-b04d-452e-8de6-2adcc0ac99a6,Philip R VanAmerongen,1,,I don't like it tells me I don't have cards I've had in the past I never had one not to mention it's not helpful at all I can't figure anything out on it you call customer service and they tell you what's there and it's not there,0,8.107.0,2026-07-25T15:07:12,,
"PayPal - Pay, Send, Save",com.paypal.android.p2pmobile,Finance,b04524bd-a2e0-43a0-8032-00151eec1f60,brian lee,5,,PayPal is a very useful app and finance institution. I am very happy it exists for transferring funds to my family abroad.,0,8.107.0,2026-07-25T14:38:29,,
"PayPal - Pay, Send, Save",com.paypal.android.p2pmobile,Finance,6761ebc4-cb4c-418c-9b3d-dd3db6422d97,Duncan Mwangi,5,,Better,0,,2026-07-25T14:38:28,,
"PayPal - Pay, Send, Save",com.paypal.android.p2pmobile,Finance,4668b199-8853-4820-bdf1-19d261a1075f,Nonhle Zondi,5,,A very good app,0,8.78.1,2026-07-25T14:21:27,,
"PayPal - Pay, Send, Save",com.paypal.android.p2pmobile,Finance,705cdc49-74d2-47f2-82c9-80f4420f6c43,E Adams,5,,easy peasey !,0,8.107.0,2026-07-25T14:10:20,,
"PayPal - Pay, Send, Save",com.paypal.android.p2pmobile,Finance,f2a19bf0-8bd0-445d-b7d3-7438865f9395,Peter Chan,1,,seit dem letzten Update funktioniert nichts mehr,0,10.5.0,2026-07-25T13:57:57,,
"PayPal - Pay, Send, Save",com.paypal.android.p2pmobile,Finance,964f27e4-9774-44b6-ad4b-b7abc2537b14,Elizabeth Williams,5,,it was good,0,10.5.0,2026-07-25T13:55:41,,
"PayPal - Pay, Send, Save",com.paypal.android.p2pmobile,Finance,c0db133e-70a5-45cb-836d-3b6fcfcfd257,tootay Taylor,5,,it works,0,8.107.0,2026-07-25T13:53:46,,
"PayPal - Pay, Send, Save",com.paypal.android.p2pmobile,Finance,471de138-0c1d-4e9b-81bc-1caaeb1bc713,Kg Kg,4,,so far good,0,8.107.0,2026-07-25T13:45:51,,
"PayPal - Pay, Send, Save",com.paypal.android.p2pmobile,Finance,21c05f54-82c8-48e8-81f6-946d9b85ffec,Bernard Crabbe,5,,"Amazing for the drunks nights, when I don't want to show my real worth at the bars..",0,8.107.0,2026-07-25T12:58:42,,
"PayPal - Pay, Send, Save",com.paypal.android.p2pmobile,Finance,a2ab4930-5e1e-44a3-aebd-abc49f66fdcb,James Dennis,5,,excellent you won't let me block somebody keeps taking money out of my account,0,8.107.0,2026-07-25T12:45:30,,
"PayPal - Pay, Send, Save",com.paypal.android.p2pmobile,Finance,646f51f3-361a-490f-8ddb-47ad88ce10fe,Kotibabu Karam,5,,exlent,0,,2026-07-25T12:24:50,,
"PayPal - Pay, Send, Save",com.paypal.android.p2pmobile,Finance,159a5316-7c48-45f6-b1b5-8d010260605c,Aziddin Mohd Zaidi,5,,PayPal lets users make online purchases at stores around the world without having to convert the currency first. The payment made is safe and secure because users does not require to disclose credit card or bank acc no. to the website or stores.,0,8.107.0,2026-07-25T12:03:48,,
"PayPal - Pay, Send, Save",com.paypal.android.p2pmobile,Finance,0d5df580-ada6-47cc-959c-8c83c3de5fdf,Regina Rabaya,1,,kicked me off using this app and no reason why.,1,8.107.0,2026-07-25T11:56:08,,
"PayPal - Pay, Send, Save",com.paypal.android.p2pmobile,Finance,f850079a-bdf2-4c28-a0c5-5a19ae1ba973,Shally Yates,5,,thank you,0,8.107.0,2026-07-25T11:48:25,,
"PayPal - Pay, Send, Save",com.paypal.android.p2pmobile,Finance,a5be2a71-c39b-4b93-860f-39ab6389f9f3,James Russell,5,,Y'all are so AWWWWWWSOME!,0,,2026-07-25T10:58:10,,
"PayPal - Pay, Send, Save",com.paypal.android.p2pmobile,Finance,4348ed03-4821-4132-bef9-a4e5fee6c257,Lance Davis,2,,"This app is cluttered with ads and suggestions on items to purchase, instead of being the app I need; one that allows me to access my financial information with ease. I'm sure the website is the same situation. Please, think about who you were as a company in your prime. You're a payment processing company not an ad agency that gets kickback from items sold. Do better.",0,10.5.0,2026-07-25T10:49:41,,
"PayPal - Pay, Send, Save",com.paypal.android.p2pmobile,Finance,ebfec5c8-587f-46fe-bff7-94af1452e660,Jenny Rosa,5,,Great app easy to pay and send money. Very easy to use app.,0,8.107.0,2026-07-25T10:46:29,,
"PayPal - Pay, Send, Save",com.paypal.android.p2pmobile,Finance,b3b0a81b-9c43-4f12-8c62-cf27af9645af,Danette Childs,1,,PayPal bad business locking me out,0,,2026-07-25T10:18:11,,
"PayPal - Pay, Send, Save",com.paypal.android.p2pmobile,Finance,fefb7324-6f4f-478e-bb61-0952caf8189b,Hadley Jane Albelda Lasaca,1,,"Give my friend money back, you're holding up his money and limited his account that doesn't even have a single cent, he's basically on his tiptoes rn😭",0,,2026-07-25T10:12:06,,
"PayPal - Pay, Send, Save",com.paypal.android.p2pmobile,Finance,df43e1f3-04e5-4a43-9e9b-a18a01338193,Darren Langford,1,,if you only have a driver's license as I'd. it isn't enough. they want passport accounts and more. so if you are just a simple Aussie like me you will never be allowed to use PayPal,0,10.5.0,2026-07-25T10:06:37,,
"PayPal - Pay, Send, Save",com.paypal.android.p2pmobile,Finance,45247913-451c-4d52-bbc4-777ca4440e56,Jocelyn Nichols,1,,I've only had one transaction. they're trying to not give me my money. they're holding it and saying that my account looks like a scam and I can't get anybody to messaging me back. they just keep using a stupid AI that's not helpful and won't won't get a person to message me,1,8.107.0,2026-07-25T09:22:35,,
"PayPal - Pay, Send, Save",com.paypal.android.p2pmobile,Finance,992a7a0a-ebb0-4a7c-9c12-9d0f60753bb7,Eli Braden,1,,"Horrible company, horrible service.",0,8.105.1,2026-07-25T09:17:30,,
"PayPal - Pay, Send, Save",com.paypal.android.p2pmobile,Finance,ee5ef811-e434-4297-a28b-a97fe94908e5,Norhafidzi Ahmad Rafaai,5,,"PayPal remains a global standard for safe online transactions and international money transfers. Its robust buyer and seller protection, simple one-touch checkouts, and broad acceptance across online storefronts give users peace of mind when managing payments online.",0,,2026-07-25T09:11:33,,
"PayPal - Pay, Send, Save",com.paypal.android.p2pmobile,Finance,428d40df-2468-4f53-8093-23cbefbcfab3,Tyler Weis,5,,I love it. so easy to use.,0,8.107.0,2026-07-25T09:07:57,,
"PayPal - Pay, Send, Save",com.paypal.android.p2pmobile,Finance,b57db31a-ed0c-4691-b4c5-ce43c1078f9d,Kaye,1,,it deactivated my account suddenly,0,,2026-07-25T08:57:08,,
"PayPal - Pay, Send, Save",com.paypal.android.p2pmobile,Finance,49e9dd7d-e5e2-40a5-8fa7-01004e5f952e,Brian Brown,5,,its great works.just fine no bs,0,8.107.0,2026-07-25T08:56:14,,
"PayPal - Pay, Send, Save",com.paypal.android.p2pmobile,Finance,def9656e-7c99-48ea-984e-035d91cce860,Joseph Henderson,5,,this is great,1,8.107.0,2026-07-25T08:31:58,,
"PayPal - Pay, Send, Save",com.paypal.android.p2pmobile,Finance,9a251c78-ff0c-4a40-b24b-8efdd288469b,M Mz,3,,I like paypal a lot. paypal assistant and help features are terrible on the app. Had to call to report problem. App support does not answer anymore.,1,,2026-07-25T07:50:37,,
"PayPal - Pay, Send, Save",com.paypal.android.p2pmobile,Finance,1a755354-35a5-40a3-b293-caf07f375fca,Darryl McMahon,3,,haven't had one yet but looking forward to the experience,1,8.107.0,2026-07-25T07:49:21,,
"PayPal - Pay, Send, Save",com.paypal.android.p2pmobile,Finance,42c2eeff-f4fb-4186-b32d-6d99d7e33dbe,Wolf “Spirit”,1,,nothing but problem's enclosed. over charges double charging and failing to fix the issue's not worth the headaches sad there's some good stuff but they tied to pandemic. it's just not worth it!!!,1,,2026-07-25T06:06:10,,
"PayPal - Pay, Send, Save",com.paypal.android.p2pmobile,Finance,d594b8c9-3990-4385-9406-7ee41e3ab4f3,Mastapharaoh,1,,"so, my review was a 5* I have had no issues, used PayPal and it's apps for years across numerous devices. now when I try to report something in the app it just forces close. running on a Pixel Pro 10 Fold",1,8.107.0,2026-07-25T05:46:05,,
"PayPal - Pay, Send, Save",com.paypal.android.p2pmobile,Finance,78a4ef98-b178-4bbd-a3df-4a0237b83f01,Kelvin Byson,5,,cool and lovable App 🔥👑💯,1,8.107.0,2026-07-25T05:25:06,,
"PayPal - Pay, Send, Save",com.paypal.android.p2pmobile,Finance,6e5ede22-a9cc-46e1-8ac7-dcdd28ef0b5b,Lungiswa Nkosi,1,,I don't know what is going,0,8.107.0,2026-07-25T05:20:43,,
"PayPal - Pay, Send, Save",com.paypal.android.p2pmobile,Finance,b8f3a08e-aa77-4a55-a78f-5d576293b9db,Jim Kallas,1,,Cash back feature inoperative. Bait and switch? Or hacked? The new look sucks! A downgrade.,4,10.5.0,2026-07-25T05:14:19,"Hi there, we are sorry to hear that the app freezes, we will be sure to share your feedback with the concerned team. Did you check by uninstalling and reinstalling the app? Please contact our Customer Care team for further support with any issues. You can do this by clicking on 'Help and Contact' at the bottom of any page on the PayPal website.",2024-05-01T12:28:58
"PayPal - Pay, Send, Save",com.paypal.android.p2pmobile,Finance,7f507a3e-c156-4a5f-b931-002bca5c814f,B Snyder,5,,convenient and easy to use.,0,8.107.0,2026-07-25T05:11:00,,
"PayPal - Pay, Send, Save",com.paypal.android.p2pmobile,Finance,43ef3028-65c5-4dbe-b849-513cf3a4b3b5,ricky lee ka kit,1,,"Worst ever experience. Once I was trying to complete the iherbs order paid by paypal app was hanged. As a result, bank transaction was settled but the iherbs order was still not being processed. It totally wasted my time to phone the bank account manager to void the payment process. I deleted the paypal app now. I warn everyone NOT to use paypal to settle any etrading.",0,,2026-07-25T04:45:06,,
"PayPal - Pay, Send, Save",com.paypal.android.p2pmobile,Finance,3b1e3e4e-9a41-4980-a3ca-4aa80b2eb580,Patrick Ferrell,5,,great 👌,0,8.107.0,2026-07-25T04:42:29,,
"PayPal - Pay, Send, Save",com.paypal.android.p2pmobile,Finance,11526440-78d1-4a29-8289-9ebfd4668223,Joshua Vaughn,2,,bad i couldn't sign in and when I did it said I no longer can use app but I also did verification info and still kicked me out,0,,2026-07-25T03:58:38,,
"PayPal - Pay, Send, Save",com.paypal.android.p2pmobile,Finance,5c89750f-2d2b-4cbc-b087-aae49ba2a0ac,Kimberly Erwin,1,,can't get into my account ???????,0,8.107.0,2026-07-25T03:37:34,,
"PayPal - Pay, Send, Save",com.paypal.android.p2pmobile,Finance,4ec60bb5-ef64-4848-bbda-7a2e8aadd326,Lamont Taylor,5,,easy and simple way to send money,0,8.107.0,2026-07-25T03:14:25,,
"PayPal - Pay, Send, Save",com.paypal.android.p2pmobile,Finance,4d8019c5-47d7-4011-9373-56547d8a1b2b,Ricky Santana,5,,very safe fast prompt highly recommend,0,8.107.0,2026-07-25T02:36:50,,
"PayPal - Pay, Send, Save",com.paypal.android.p2pmobile,Finance,6315f35f-b293-4358-9830-49c9ccbe0e90,Jodie Richardson,5,,learning now,0,8.107.0,2026-07-25T02:30:27,,
"PayPal - Pay, Send, Save",com.paypal.android.p2pmobile,Finance,7bf60217-6d6f-445d-9846-f5b758ed73a6,Ermia Tatoy,1,,It keeps saying that I have unauthorised activity in my account but I never got any notify that someone uses it and there's is no digital footprint left in my account so how so?,0,,2026-07-25T02:26:54,,
"PayPal - Pay, Send, Save",com.paypal.android.p2pmobile,Finance,07036529-def9-4b1a-abaf-9a7ced6fdcbb,Christina Cruz - CC Customs,1,,"new app layout is absolutely awful, uninstalling and going back to desktop",1,10.5.0,2026-07-25T02:06:39,,
"PayPal - Pay, Send, Save",com.paypal.android.p2pmobile,Finance,44929a25-d319-47f7-ae5b-f90857156948,Gary Weaver,1,,horrible time getting in. keep running circles,1,8.107.0,2026-07-25T02:05:48,,
"PayPal - Pay, Send, Save",com.paypal.android.p2pmobile,Finance,54323a92-5c21-4151-b481-0840618e69b0,Billy Gavlick,5,,I love paypal!!),0,8.107.0,2026-07-25T01:42:26,,
"PayPal - Pay, Send, Save",com.paypal.android.p2pmobile,Finance,c85fa665-2f71-4642-aedb-ce207283095b,Barbara Graun,5,,I love it! 😍,0,8.107.0,2026-07-25T01:41:18,,
"PayPal - Pay, Send, Save",com.paypal.android.p2pmobile,Finance,847f6d3c-0ed7-4f5f-a8dd-7688f2ef1d3e,Mohammed THIANDOUM,5,,Great experience 👍,0,8.107.0,2026-07-25T01:39:49,,
"PayPal - Pay, Send, Save",com.paypal.android.p2pmobile,Finance,a9b5918f-310e-4a23-9121-6ba60430737f,Fuad Alomari,5,,"Excellent app! Fast, secure, and easy to use .",0,8.107.0,2026-07-25T01:04:48,,
"PayPal - Pay, Send, Save",com.paypal.android.p2pmobile,Finance,90138019-7e63-40ec-989e-3b7597a5394d,Myisha Peterson,5,,"Easy to use, easy to send money",0,8.107.0,2026-07-25T00:40:50,,
"PayPal - Pay, Send, Save",com.paypal.android.p2pmobile,Finance,3b528302-6cb6-4df9-a6cd-3115fe5d28cf,Eric John Staudermann,2,,horrible,0,8.107.0,2026-07-25T00:35:01,,
"PayPal - Pay, Send, Save",com.paypal.android.p2pmobile,Finance,01999a1b-6bac-47ac-8595-8896ee63061d,Ian Calibar,5,,This apps is super original in super amazing thank you so much PayPal apps,0,8.107.0,2026-07-25T00:18:20,,
"PayPal - Pay, Send, Save",com.paypal.android.p2pmobile,Finance,9a99ca23-e6a4-4c9a-9d28-a5922dd14e46,Debra Snyder,5,,My go to way to pay! If you have any problems they are there to help you out.,0,8.107.0,2026-07-25T00:12:59,,
"PayPal - Pay, Send, Save",com.paypal.android.p2pmobile,Finance,1ee6ea79-e3bf-4608-9ea2-17fe7282d08c,Maleshoane Thamae,5,,it works very well,0,8.107.0,2026-07-25T00:12:41,,
"PayPal - Pay, Send, Save",com.paypal.android.p2pmobile,Finance,9634a86c-6c79-4114-aafc-2e2fc80484a7,Donald Lackey III,1,,"PayPal froze a $25 wire from my friend and won't let me refund it or close my account! $25 stuck there wasted and their Generative AI bot is absolutely useless, but not as useless as their human customer service reps! I have found PayPal to be entirely worthless and unhelpful. Terrible.",0,10.5.0,2026-07-25T00:01:25,,
"PayPal - Pay, Send, Save",com.paypal.android.p2pmobile,Finance,cd6101c4-e0a1-4831-95a3-0fd79b796a47,Marshelaine Jordaan,5,,love paypal app,0,8.107.0,2026-07-24T23:53:22,,
"PayPal - Pay, Send, Save",com.paypal.android.p2pmobile,Finance,dfb3136b-56e7-4e9b-b765-8e2987b888ec,Panagiota,5,,useful,0,8.107.0,2026-07-24T23:12:19,,
"PayPal - Pay, Send, Save",com.paypal.android.p2pmobile,Finance,b59883b2-618d-4ab2-9699-b69eb6ed8832,Jamien,1,,"possibility the worst money app I've used, money sent dont get into ur account for like 2 weeks sayin its pending when the date came saying itll transfer it didn't even transfer till to days later very glitchy take 5 dollars or more when adding paper money like its a check fee or something some how I had another account open didn't even tell me when makin a new one I thought was the first, tried closing the account its was having trouble even doing that",0,,2026-07-24T22:42:34,,
"PayPal - Pay, Send, Save",com.paypal.android.p2pmobile,Finance,54e9468f-1762-4479-97b0-806816cf3729,Jason Watson,1,,"Absolute nightmare. My account has been blocked ""temporarily"" for 3 months. Everytime I try to resolve it, my bank account gets charged. I don't appreciate being treated like a criminal and having money taken out of my account.",0,8.107.0,2026-07-24T22:16:53,,
"PayPal - Pay, Send, Save",com.paypal.android.p2pmobile,Finance,72300170-52f1-4063-a4b1-ae50231436f2,Graham Lockley,5,,very useful for online payments etc.,0,8.107.0,2026-07-24T22:01:16,,
"PayPal - Pay, Send, Save",com.paypal.android.p2pmobile,Finance,9c896abb-293f-4360-ba01-3209183205af,UniqueBassin,3,,it's ok but I have a lot of issues and they have followed through the years and I don't think it's going to ever be fixed also they have a problem when you have issues the app just freezes and crashes etc. it just works well enough to send and receive your money and I use a paypal card to pay for things so it works well enough but not great.,0,8.107.0,2026-07-24T21:44:03,,
"PayPal - Pay, Send, Save",com.paypal.android.p2pmobile,Finance,d684d370-f12e-42c4-9f96-ecc447618d17,D G,1,,these days none app allow screenshots ? 🙄,0,8.107.0,2026-07-24T21:42:23,,
"PayPal - Pay, Send, Save",com.paypal.android.p2pmobile,Finance,0297ee27-2884-4074-b6a0-dfa585cc8467,Yahaya Mohammed,5,,really appreciate about the worldwide wallet account that will assist you in any your dreams come true,0,8.107.0,2026-07-24T21:40:52,,
"PayPal - Pay, Send, Save",com.paypal.android.p2pmobile,Finance,a3712e75-87c8-4212-b557-29278e856fe3,Ivoros Shopper,4,,"Since the beginning, PayPal has never disappointed! Fast and easy p payments while protecting my payment accounts. Only problem is how difficult to navigate the site is when you need actually assistance.",0,,2026-07-24T21:39:42,,
"PayPal - Pay, Send, Save",com.paypal.android.p2pmobile,Finance,73bc5187-f59b-4eab-adc5-ad7cfab219fe,Lilian Velasco,5,,great,0,8.60.1,2026-07-24T21:28:20,,
"PayPal - Pay, Send, Save",com.paypal.android.p2pmobile,Finance,f22d203c-8380-4b42-9d06-01cc0d284724,Aslanie Bayabao,5,,I love it ❤️🤲,0,8.107.0,2026-07-24T20:53:24,,
"PayPal - Pay, Send, Save",com.paypal.android.p2pmobile,Finance,abed9376-1c97-41f2-86d1-67e5134fce81,Justice,5,,Best Money App On The Block 🧬❤️‍🩹,0,8.105.1,2026-07-24T20:49:02,,
"PayPal - Pay, Send, Save",com.paypal.android.p2pmobile,Finance,f3999171-5815-414a-9072-b0de042e445d,Rojaughn Hivey,5,,its ok I guess,0,8.107.0,2026-07-24T20:09:44,,
"PayPal - Pay, Send, Save",com.paypal.android.p2pmobile,Finance,abfa678e-9620-4b5a-bacb-50386aeaea40,John G. Keating,5,,Highly useful and easy to manage.,0,8.107.0,2026-07-24T19:41:26,,
"PayPal - Pay, Send, Save",com.paypal.android.p2pmobile,Finance,44c57766-692c-4747-85be-eb4a51d1347c,Linn Lawrence,2,,kinda hard to navigate the app. I needed to talk to customer service and it took me a bit to find it.,0,8.107.0,2026-07-24T18:59:03,,
"PayPal - Pay, Send, Save",com.paypal.android.p2pmobile,Finance,7e76329d-0c85-4800-b3a6-6b499a67f47d,Ernie Mark Largo,1,,you permanently deactivated my account without any valid reason.,0,8.107.0,2026-07-24T18:54:33,,
"PayPal - Pay, Send, Save",com.paypal.android.p2pmobile,Finance,c22aa0a7-2506-45a1-a057-10d7683e6896,Twizted Dream,1,,"Why does my business account have the ability to add money at the register via the app, but my personal account doesn't?? Please make them the same",6,8.107.0,2026-07-24T18:33:21,,
"PayPal - Pay, Send, Save",com.paypal.android.p2pmobile,Finance,5ccfa812-146d-42eb-a40f-81d680a8db4d,Jason Bell,5,,easy instructions,0,8.107.0,2026-07-24T18:22:24,,
"PayPal - Pay, Send, Save",com.paypal.android.p2pmobile,Finance,a19d3313-787a-4be1-97a6-dd506396f2c8,Mr. Tyson Telugu,5,,"I says PayPal is Great . I says 3,2,1 let it rip!!",0,10.5.0,2026-07-24T17:42:11,,
"PayPal - Pay, Send, Save",com.paypal.android.p2pmobile,Finance,68d16cdc-6e12-42bf-863d-9942ac5a856e,Dewald Smith,5,,excellent,0,8.107.0,2026-07-24T17:27:36,,
"PayPal - Pay, Send, Save",com.paypal.android.p2pmobile,Finance,5a03588b-54db-4b31-bd54-44e857b7bb4f,Pankaj Gupta,1,,most stupid app for international payments,0,8.107.0,2026-07-24T16:50:15,,
"PayPal - Pay, Send, Save",com.paypal.android.p2pmobile,Finance,214beb2f-9f14-47ad-af29-243a059eb4e5,muhd fairoze,5,,PayPal adalah aplikasi pembayaran digital yang mudah dan selamat digunakan. Ia memudahkan penghantaran serta penerimaan wang secara dalam talian di seluruh dunia.,0,,2026-07-24T16:49:26,,
"PayPal - Pay, Send, Save",com.paypal.android.p2pmobile,Finance,a9885e1c-19f4-4bab-bac5-f9abd9c30af9,Chad Swaringam,1,,worst than I thought it would be harder to find everything and progress in my account to make it work for everything it dies in on me!,0,,2026-07-24T16:45:58,,
"PayPal - Pay, Send, Save",com.paypal.android.p2pmobile,Finance,5038c71f-572f-43ed-bd47-7a3a859f8e0f,Jim Jimmy,3,,Best Financial Bank App,0,8.107.0,2026-07-24T16:42:43,,
"PayPal - Pay, Send, Save",com.paypal.android.p2pmobile,Finance,e30998e8-87fb-4f42-96f8-3459615daa7b,Andrew Christner,5,,intuitive and easy to use.,0,8.107.0,2026-07-24T16:40:29,,
"PayPal - Pay, Send, Save",com.paypal.android.p2pmobile,Finance,53b6db67-c421-4a45-b882-d4eb1f9c5e04,Cassandra Thomas,5,,it really works perfectly,0,8.107.0,2026-07-24T16:24:21,,
"PayPal - Pay, Send, Save",com.paypal.android.p2pmobile,Finance,0377fe38-601a-4eb7-941c-072d284b9b77,Amir Ehsan Dehghani,1,,they will do nothing in face of documented fraud and scam. their agent keeps repeating. what their bot says and they don't even look at the evidence. if you want safety look elsewhere. I am disappointed,1,8.107.0,2026-07-24T16:09:13,,
"PayPal - Pay, Send, Save",com.paypal.android.p2pmobile,Finance,e92e1bcc-9266-41fb-a730-d3901b4e0dbb,Sir jGRite,4,,"It seems that the login experience has improved however having to continuously use email, my phone number, or WhatsApp to log in while I'm already in the app is frustrating. It's time to add two factor authentication with an authentication app. I'd much rather put in a six digit code from my authentication app then use something outside of it repeatedly.",1,10.5.0,2026-07-24T16:02:33,,
"PayPal - Pay, Send, Save",com.paypal.android.p2pmobile,Finance,09ffe676-f912-416b-b5c3-0e0c36e3130d,Dela Peña Brylle Eugene D.,1,,too much inconvenience,0,10.5.0,2026-07-24T15:45:03,,
"PayPal - Pay, Send, Save",com.paypal.android.p2pmobile,Finance,8651125e-17d3-47db-b178-85c682044df5,Dreldams,1,,"this is a terribly corrupt company. they can email you and tell you about changes they are going to make but if you reply to the email it says ""address not found"" they can email you one way but you cannot reply to the customer service. let it formally be known here as a public forum that I do not agree with the changes and I do not consent to it. since you will not hear my reply through email. corrupt companies email you from no reply addresses so you can't respond. should be illegal",0,,2026-07-24T15:32:08,,
"PayPal - Pay, Send, Save",com.paypal.android.p2pmobile,Finance,d622df3f-1baa-4211-82c4-2780ff4d1920,Garyn Tan,5,,I’ve been using PayPal for years for online shopping and sending money to friends. It makes checking out so much faster since I don't have to type in my card details every time. Super reliable!,0,8.107.0,2026-07-24T15:19:01,,
"PayPal - Pay, Send, Save",com.paypal.android.p2pmobile,Finance,26a91f52-073b-4017-ab10-774536aff939,Faith Rambire,5,,what a super app nice and and trustworthy,0,8.107.0,2026-07-24T15:13:58,,
"PayPal - Pay, Send, Save",com.paypal.android.p2pmobile,Finance,fbb92c91-d9ed-4ddd-b183-937439ac0e52,Gus Ojeda,5,,its been good,0,8.107.0,2026-07-24T15:09:39,,
"PayPal - Pay, Send, Save",com.paypal.android.p2pmobile,Finance,16b0b863-5708-4e6f-b5d9-ffe2d2204f40,Lisa Domrzalski,5,,it's helpful but I am still having problems getting money,0,8.107.0,2026-07-24T15:02:43,,
"PayPal - Pay, Send, Save",com.paypal.android.p2pmobile,Finance,b08e5682-8478-4f0b-aac8-a426ff1d663e,Ishani Wakishta,5,,super,0,8.107.0,2026-07-24T15:02:34,,
"PayPal - Pay, Send, Save",com.paypal.android.p2pmobile,Finance,f7da9537-3484-4086-afd9-66a20072c825,April Bigelow,1,,scammed but claims denied after giving proof. unfair,0,,2026-07-24T14:53:18,,
"PayPal - Pay, Send, Save",com.paypal.android.p2pmobile,Finance,32739981-bbd6-44f3-bd85-6e8db142f269,Abhinav J,1,,"worst service of all this one is completely developed by some twerp low IQ brain engineers, cause that much worse ui it has, and always has technical problems,, don't use PayPal if there is possibility I would not, give half star to this worst app, and it's, services,",0,8.107.0,2026-07-24T14:48:39,,
"PayPal - Pay, Send, Save",com.paypal.android.p2pmobile,Finance,54973d38-2a95-4b15-bd4e-7333ee87296a,Mark Emuss,5,,great,0,8.107.0,2026-07-24T14:26:21,,
"PayPal - Pay, Send, Save",com.paypal.android.p2pmobile,Finance,69783d05-d9e7-42fb-a62e-a77430108e77,Jennelyn Pongpong,1,,worst app. I couldn't even connect my physical card. even my visa card,0,,2026-07-24T14:12:51,,
"PayPal - Pay, Send, Save",com.paypal.android.p2pmobile,Finance,a1abe5de-da47-4de4-90f3-444e6dead6f4,Agada Josephine,5,,Nice and interesting,0,8.84.0,2026-07-24T14:02:17,,
"PayPal - Pay, Send, Save",com.paypal.android.p2pmobile,Finance,60158a80-f997-43f6-9743-5f6b5e575394,Daddy Chit,5,,Thank .,0,8.107.0,2026-07-24T13:38:00,,
"PayPal - Pay, Send, Save",com.paypal.android.p2pmobile,Finance,00c34e64-435e-4003-9ce8-11f44ace357e,Terry Crabtree,2,,all of a sudden I can't find my statement within the app. I'm guessing a recent update?,0,8.107.0,2026-07-24T13:34:44,,
"PayPal - Pay, Send, Save",com.paypal.android.p2pmobile,Finance,40ce921d-35a2-4047-b25a-74f3477bba50,Jade Zilla,5,,great experience,0,,2026-07-24T13:28:25,,
"PayPal - Pay, Send, Save",com.paypal.android.p2pmobile,Finance,8ee0f8b3-9808-4329-a4a6-b20058759d9f,Danny Thompson,1,,doesn't load PayPal credit half the time,0,8.107.0,2026-07-24T13:20:37,,
"PayPal - Pay, Send, Save",com.paypal.android.p2pmobile,Finance,f096cb24-f17d-4ca3-b05b-d8230bdac9cb,Barney Wharton-Jones,5,,easy to send and receive money,0,8.107.0,2026-07-24T13:15:45,,
"PayPal - Pay, Send, Save",com.paypal.android.p2pmobile,Finance,9986ffb0-7fc8-4ed0-aa53-94f2ddf9fa3a,GD Vlogs,5,,good,0,8.107.0,2026-07-24T12:44:57,,
"PayPal - Pay, Send, Save",com.paypal.android.p2pmobile,Finance,11ea1bc9-4c59-4de6-b026-b0db4fc1fe73,Francesco Morisetti,1,,Dopo anni di utilizzo ha smesso completamente di aprirsi l'applicazione,0,8.107.0,2026-07-24T12:37:52,,
"PayPal - Pay, Send, Save",com.paypal.android.p2pmobile,Finance,3651fa50-6b84-48ef-aea5-29f765408005,Tara Bethel,5,,very easy app to use. The user interface is great and it's nit complicated. love it!,0,,2026-07-24T12:28:14,,
"PayPal - Pay, Send, Save",com.paypal.android.p2pmobile,Finance,2856a1e5-a8de-4682-b4ca-e6124c75223d,Thomas Vickers,5,,reliable,0,8.105.1,2026-07-24T12:18:08,,
"PayPal - Pay, Send, Save",com.paypal.android.p2pmobile,Finance,755578e9-e452-4014-95cb-ed9e3a17ae4e,D,1,,paypal credit will steal money from other bank accounts or debit cards on file that weren't placed on the credit payment plans. they took money from a random card I had on file that would let them take a payment from.,0,8.107.0,2026-07-24T12:11:27,,
"PayPal - Pay, Send, Save",com.paypal.android.p2pmobile,Finance,9a9e6fef-f44c-417b-9ce3-92b0019d5792,Tyson Robertson,5,,really good,0,,2026-07-24T12:06:48,,
"PayPal - Pay, Send, Save",com.paypal.android.p2pmobile,Finance,0fc24230-9ea8-4f19-a481-8d88a772e995,KiKiASOBI,1,,your CS is suck,0,8.107.0,2026-07-24T11:28:01,,
"PayPal - Pay, Send, Save",com.paypal.android.p2pmobile,Finance,9bf55d48-984e-4023-9db3-382090d7fab7,Jordan Hanash,1,,"this ancient service has run its course and should be forgotten. literally anything is better than this payment service. countless hidden and outrageous fees with no justification. use Wise for international, Venmo for domestic transfers instead",0,8.98.1,2026-07-24T10:03:00,,
"PayPal - Pay, Send, Save",com.paypal.android.p2pmobile,Finance,0a03afab-2451-4128-8c2c-015047b3d863,Chandu Jarapatti,1,,Bank account linking problem,0,,2026-07-24T10:00:01,,
"PayPal - Pay, Send, Save",com.paypal.android.p2pmobile,Finance,5d42f2d4-0a15-4b4d-8e05-dc898dfd7e19,Sahil Kumar,5,,good payment app,0,,2026-07-24T09:05:12,,
"PayPal - Pay, Send, Save",com.paypal.android.p2pmobile,Finance,aeaea176-f035-4721-8c97-f299bb812399,AYOBAMI GABRIEL Adeoye,5,,very nice,0,8.89.1,2026-07-24T08:59:04,,
"PayPal - Pay, Send, Save",com.paypal.android.p2pmobile,Finance,8439e91d-9dec-457d-8f6e-4424107f2712,Shining Light Ministry,5,,nice 👍,0,8.107.0,2026-07-24T08:37:29,,
"PayPal - Pay, Send, Save",com.paypal.android.p2pmobile,Finance,56ab64c5-ec4d-47f2-a011-72c1b9385742,Laura Michels,1,,They claimed my transactions didn't follow their protocol and they took away all privileges but would not tell me why!,0,,2026-07-24T08:12:02,,
"PayPal - Pay, Send, Save",com.paypal.android.p2pmobile,Finance,c3d6d7e1-a101-472e-9e24-6ddbcceee75b,Pauline Hall,2,,"used to be able to send money instantly , now it takes 4-7 days , no thanks I'll use cash app from now on .",0,8.107.0,2026-07-24T07:32:32,,
"PayPal - Pay, Send, Save",com.paypal.android.p2pmobile,Finance,9633b76c-9922-4e81-b5b0-702c09977797,Marvin Scantlebury.85,5,,👍,0,8.107.0,2026-07-24T07:21:09,,
"PayPal - Pay, Send, Save",com.paypal.android.p2pmobile,Finance,3842df0c-6079-4dd0-869a-9dad39b9abcd,No Name,5,,Good,0,,2026-07-24T07:16:01,,
"PayPal - Pay, Send, Save",com.paypal.android.p2pmobile,Finance,660d0f4f-f0be-4a6b-803d-4ba4482ee7ed,Wally Nuku,3,,what's goin on with my account,0,8.107.0,2026-07-24T06:51:57,,
"PayPal - Pay, Send, Save",com.paypal.android.p2pmobile,Finance,0c2c3334-7704-4eea-bcff-70b741ae4719,Allen,1,,this app is hands down one of the worst financial platforms I have ever dealt with. I have been trying for 6 months to get a debit card by saying my social security number and date of birth is connected to another PayPal account. but when I go to customer service they say there is no other PayPal account there should not be a problem go to the page to set up your debit card get to that page and it says cannot your information is tied to another account but PayPal can't seem to find other account,0,8.107.0,2026-07-24T06:47:31,,
"PayPal - Pay, Send, Save",com.paypal.android.p2pmobile,Finance,ff8e3ae8-6f43-4eb9-ae73-08ab65896b30,Kieran Tomkinson,5,,easy and fast,0,8.107.0,2026-07-24T05:25:59,,
"PayPal - Pay, Send, Save",com.paypal.android.p2pmobile,Finance,01cccde0-2fe5-4919-b7b4-96bb25a763f3,Kristine Padios,1,,they put my account on permanently deactivated,0,8.107.0,2026-07-24T05:20:01,,
"PayPal - Pay, Send, Save",com.paypal.android.p2pmobile,Finance,fa8f68c1-de96-47c9-8da1-e2e8d9ed19fd,Trevor R,1,,customer service sucks,0,8.107.0,2026-07-24T05:14:22,,
"PayPal - Pay, Send, Save",com.paypal.android.p2pmobile,Finance,d3da069f-3f28-4817-ad2b-970ae3ebb822,Aloura Banks,5,,great way to send money..easy and fast,0,,2026-07-24T04:49:45,,
"PayPal - Pay, Send, Save",com.paypal.android.p2pmobile,Finance,662f010b-29ee-465f-85e5-d0ae0b73d94e,Kathleen P.,5,,easy-to-use,0,8.103.0,2026-07-24T04:29:30,,
"PayPal - Pay, Send, Save",com.paypal.android.p2pmobile,Finance,1182945b-8547-4782-ab3a-723faef691ce,Tiny Chickens,1,,the new UI update looks like dogwater how can we change it back? Im visually impaired and its almost impossible to use now,1,10.5.0,2026-07-24T04:10:12,,
"PayPal - Pay, Send, Save",com.paypal.android.p2pmobile,Finance,9cb6c093-b498-45d3-bcc4-2a5ea26610b5,Susan Scobie,5,,having a hard time tracking a shipment,0,10.5.0,2026-07-24T02:56:02,,
"PayPal - Pay, Send, Save",com.paypal.android.p2pmobile,Finance,54ef76e2-e2c9-4472-a7e7-91455d5fe820,leonard hall,5,,all good,0,8.107.0,2026-07-24T02:52:01,,
"PayPal - Pay, Send, Save",com.paypal.android.p2pmobile,Finance,f8bcdc23-dd74-4192-9c3d-275a6ae977de,Hernan Gutierrez,5,,it's good,0,8.107.0,2026-07-24T02:44:41,,
"PayPal - Pay, Send, Save",com.paypal.android.p2pmobile,Finance,94164b7e-700f-462c-b110-19b41411e643,Hugo Cantu Sr,1,,this company is a horrible company. wish I never would have subscribe to it,0,,2026-07-24T02:33:47,,
"PayPal - Pay, Send, Save",com.paypal.android.p2pmobile,Finance,81695cc3-5f6e-4eb9-9922-2db41d75349f,Cliff Ogega,1,,Russian roulette if it was a financial service. All transactions are subject to how they feel not reality you can loose money for absolutely no reason,0,8.107.0,2026-07-24T01:09:08,,
"PayPal - Pay, Send, Save",com.paypal.android.p2pmobile,Finance,60654370-490c-4d16-9ff3-4d44a018b129,Just Me,1,,customer service is just then hanging up in your face. been trying to get someone for the last 3 days. Just keep getting hung up on or dial tone,0,8.107.0,2026-07-24T00:57:32,,
"PayPal - Pay, Send, Save",com.paypal.android.p2pmobile,Finance,93d87284-d2ca-42b1-b11b-4501ba7816d4,Grand Yanc Studio,5,,Nice one,0,8.107.0,2026-07-24T00:54:44,,
"PayPal - Pay, Send, Save",com.paypal.android.p2pmobile,Finance,82fbfbf0-0785-4390-a0ce-562723e311df,Wendy Skhosana,5,,were doing I go for the PayPal card the is the problem I have I don't know were to get it,0,8.107.0,2026-07-24T00:35:59,,
"PayPal - Pay, Send, Save",com.paypal.android.p2pmobile,Finance,4ba0074a-c2ee-4a34-b358-6a4762c4d903,Hiedie Dominguez,5,,love PayPal!!,0,8.107.0,2026-07-23T23:35:40,,
"PayPal - Pay, Send, Save",com.paypal.android.p2pmobile,Finance,ff1864b1-9a58-4c89-91b8-bfc40585519e,Karen Calicutt,1,,if you like getting your money stolen than PayPal is for you if not move ON,0,8.107.0,2026-07-23T23:29:21,,
"PayPal - Pay, Send, Save",com.paypal.android.p2pmobile,Finance,a4dfece9-ca20-4c06-a772-d16c58fcc925,Edikan Ezekiel,1,,PayPal is disabled my account two times for unusual activity which i haven't do anything yet in my Paypal account very bad and frustrating,0,8.100.1,2026-07-23T23:24:17,,
"PayPal - Pay, Send, Save",com.paypal.android.p2pmobile,Finance,3068dbbf-df14-400e-b9fb-192879e93908,Garland E Simpson,3,,"have new #, am unable to get into account called person could not comprehend i have new # kept wanting to send info to old number",0,8.107.0,2026-07-23T23:10:49,,
"PayPal - Pay, Send, Save",com.paypal.android.p2pmobile,Finance,7bfcb7fc-c2cd-4417-b2d1-9b50a1293c4c,Peter Bentley,5,,great app,0,,2026-07-23T23:07:32,,
"PayPal - Pay, Send, Save",com.paypal.android.p2pmobile,Finance,e1bf00d7-a0fd-4665-9baa-516ae67909f1,Cade Sharpe,2,,The screen resolution doesn't fit my Pixel 10 Pro XL and has a very distracting black bar at the bottom of the screen. That's enough reason for me to switch to one of the several other money transfer and payment apps.,0,8.107.0,2026-07-23T23:01:43,,
"PayPal - Pay, Send, Save",com.paypal.android.p2pmobile,Finance,dea86f0d-49f8-4ea2-b2b2-d613c18a5e81,Adrian Mosley,1,,worst app ever I've used PayPal 2trs plus and now all of sudden they put holds on your money for 20 r more days for no reason and getting someone to help forget it . then there's all sorts of fees. like 5 on a 100 then there's fees for those fees so it seems I really hated to give a single star but I didn't see the option for negative stars because one star is 6 to many pay pal is a no go,1,8.107.0,2026-07-23T22:58:19,,
"PayPal - Pay, Send, Save",com.paypal.android.p2pmobile,Finance,dea877e4-af6f-4c5d-b51c-7a272649c607,Jason “Craven More” Kitchens,5,,amazing,0,8.105.1,2026-07-23T22:51:37,,
"PayPal - Pay, Send, Save",com.paypal.android.p2pmobile,Finance,fe3ca740-fe51-42c9-a3e5-55cf3048fc43,Susannah Mccuish,1,,i cant get in to my paypal its linked to old phone number and ive got new number cant remember old one,0,8.107.0,2026-07-23T22:51:01,,
"PayPal - Pay, Send, Save",com.paypal.android.p2pmobile,Finance,30661abd-ab2a-4e9b-8406-49d5bb9e727d,Kim Orben,5,,The app was easy to use. Quick and easy.,0,8.107.0,2026-07-23T22:37:28,,
"PayPal - Pay, Send, Save",com.paypal.android.p2pmobile,Finance,95583f4b-512e-4720-b929-b7519d2dd804,Paul Labate,5,,"Been with paypal for years now. Evrey time I've had any issues with anything, they've been spot on with helping understand and get threw whatever my issue was. Thanks paypal. You earned your five stars from me for sure.",0,8.107.0,2026-07-23T22:23:56,,
"PayPal - Pay, Send, Save",com.paypal.android.p2pmobile,Finance,d52e7b50-e631-4fdb-af54-97ac46291c8d,Rosie Dohrman,5,,How do I get a PayPal card? I would like to have one. I have been trying and trying to get one. How do I do it? Can you help me?,0,8.85.2,2026-07-23T22:12:54,,
"PayPal - Pay, Send, Save",com.paypal.android.p2pmobile,Finance,e54e2d64-dd56-4c6e-8146-8a72e6ecbb98,Jake,4,,"PayPal stands above the other payment apps, it's reliable, fast and secure. That's my opinion from years of use. My only quam is qualifying for their business solutions such as working capital or loans, in my opinion their bars are set too high. But most vendors accept PayPal and it's easy to be satisfied with the app and it's many good options",0,,2026-07-23T22:11:38,,
"PayPal - Pay, Send, Save",com.paypal.android.p2pmobile,Finance,04016b65-414d-469f-b5b8-1f69e7098966,Brian Juza,5,,very easy to use,0,8.107.0,2026-07-23T22:06:12,,
"PayPal - Pay, Send, Save",com.paypal.android.p2pmobile,Finance,e0da8cf0-0f80-4b13-b542-d837d21030a3,HARMONY WOLF,1,,the worst tjkng thats evwr happened to me my college id used to launder mkney after my financial aid was stolen my passport my enhanced id and my sons and qe qere left stranded in mexico for mknths and tjey have allowed this to continue for the last twn years,0,8.107.0,2026-07-23T21:47:03,,
"PayPal - Pay, Send, Save",com.paypal.android.p2pmobile,Finance,5cedfdf2-2c0e-423b-8b63-0b49f175920c,Deon Cruywagen,1,,"USELESS APP! If you're outside the US, DO NOT USE! Let me explain. So I started registering an account on the PayPal app. Last step is to put in banking details. They ask for US banking details, but I am not in the US, so I do not have a US bank account. I get referred to the Resolution Center. The Resolution Center is just a bunch of articles, but none that resolve the problem. The only other option is to contact PayPal via phone. Not going to do that. If you're outside the US, DO NOT USE!",0,8.107.0,2026-07-23T21:43:47,,
"PayPal - Pay, Send, Save",com.paypal.android.p2pmobile,Finance,df5753a3-411b-4780-865f-2ce0b4060df8,Nagib Gorgous,1,,complicated and so bad,1,8.107.0,2026-07-23T21:37:19,,
"PayPal - Pay, Send, Save",com.paypal.android.p2pmobile,Finance,de05036b-d18a-4720-995b-205518303ce2,Troy Jackson,2,,that's issues an hour and a half on phone with support still not resolved just trying to upload photo,0,8.107.0,2026-07-23T21:18:54,,
"PayPal - Pay, Send, Save",com.paypal.android.p2pmobile,Finance,72387e72-506e-4393-96e7-79016397e5c3,Çåll Mhê Çruella,5,,can I convert money,0,,2026-07-23T21:13:35,,
"PayPal - Pay, Send, Save",com.paypal.android.p2pmobile,Finance,0f3c5772-38b5-427e-bf04-72b876b08ace,Tami Douglas,1,,bogus app. canceled and banned for nothing!!!! unacceptable,0,,2026-07-23T21:13:31,,
"PayPal - Pay, Send, Save",com.paypal.android.p2pmobile,Finance,9c9d406e-30ff-4fe2-a590-7ceee2cf042c,Paul Moore,5,,very safe... love it!!,0,8.107.0,2026-07-23T21:09:57,,
"PayPal - Pay, Send, Save",com.paypal.android.p2pmobile,Finance,a8ea7474-b566-4a30-8002-6867a68f6312,Dennis Wra,1,,"PayPal used to be convenient, but the fees have become too high, and customer support can be frustrating to deal with. Account restrictions sometimes happen without clear explanations, and resolving issues can take far too long. There are now several alternatives that offer a smoother and more transparent experience.",0,8.107.0,2026-07-23T20:49:21,,
"PayPal - Pay, Send, Save",com.paypal.android.p2pmobile,Finance,f38cc79b-fb1b-420a-b590-76171748d60c,Beth,3,,would be great if the app could be saved to the SD card.,0,8.107.0,2026-07-23T20:47:00,,
"PayPal - Pay, Send, Save",com.paypal.android.p2pmobile,Finance,0cebcd75-817c-48f3-9d31-b2c3137a0d18,Julio Mengual,4,,horrible,0,8.107.0,2026-07-23T20:43:15,,
"PayPal - Pay, Send, Save",com.paypal.android.p2pmobile,Finance,2eb12eee-93c5-4574-9471-878485a0bbe9,MR Hyde,1,,tf this app when I press resolve it always refresh and went back to the same page again,0,8.107.0,2026-07-23T20:30:19,,
"PayPal - Pay, Send, Save",com.paypal.android.p2pmobile,Finance,345a12f8-aefa-475c-8788-ca6e6a781c7f,Roy Williams,5,,Quick and easy to use.,0,8.107.0,2026-07-23T20:24:48,,
"PayPal - Pay, Send, Save",com.paypal.android.p2pmobile,Finance,7fa08395-ac22-4520-9b8f-2f82027537d1,Rhonda Baum,5,,never ever an issue that haven't taken care of. Best app ever,0,8.107.0,2026-07-23T20:17:26,,
"PayPal - Pay, Send, Save",com.paypal.android.p2pmobile,Finance,9ac7aafa-3360-427d-8c04-23398ce97502,Burl Sapp,5,,I love this app it works for me every single time I use my just play app because I'm able to cash out every 15 minutes through PayPal it's amazing,0,8.107.0,2026-07-23T20:06:47,,
"PayPal - Pay, Send, Save",com.paypal.android.p2pmobile,Finance,892afc87-9c0f-4dde-a141-1c9f07f9f747,Łukasz Klimkiewicz,5,,"PayPal makes managing payments simple and stress‑free. The interface is clean, security features are solid, and notifications keep everything transparent. Works flawlessly for purchases, refunds, and sending money to friends. One of the most reliable financial apps on the Play Store.",0,8.107.0,2026-07-23T20:02:49,,
"PayPal - Pay, Send, Save",com.paypal.android.p2pmobile,Finance,3ec7fba5-b053-48c6-b25e-9b58524f1e78,MUHAMMAD HAKIMI,5,,"""Secure and convenient for online payments. Transactions are smooth, and the interface is straightforward.""",0,,2026-07-23T19:48:53,,
"PayPal - Pay, Send, Save",com.paypal.android.p2pmobile,Finance,1fd44d7e-6e81-46b1-a2fe-7ba785684085,Stefano Grosso,1,,"saranno anni che provo a premere su una mail per aprirla con l'app in questione per mandare i soldi, e l'app mi porta nella home invece di portarmi direttamente sulla vista per scrivere la cifra da inviare. Elon, siamo nel 2026 e ancora non ti sei degnato di far sistemare una idiozia del genere su Oneplus Nord 3. Continuate pure a crogiolarvi sull'ecosostenibilità e le macchine elettriche.",0,8.107.0,2026-07-23T19:44:51,,
"PayPal - Pay, Send, Save",com.paypal.android.p2pmobile,Finance,5d0bbf02-f583-424d-b3a9-40c3c20f7730,MOROBE Tshepo Dominic,1,,"I always trying to verify my account and they always denied me an access to my account beside my identity is pure there then,what makes them to suspect me .it seemed they are scammers.right now ""I have tried to asked me to pay for my dream car Mercedes GLE from other company in South Africa then last time they talk about my verification",0,8.107.0,2026-07-23T19:33:48,,
"PayPal - Pay, Send, Save",com.paypal.android.p2pmobile,Finance,3ce50ab1-44db-4dcb-97d9-de7f4cc316f6,David Anson,1,,dreadful update its so slow glitchy u name it sooooo bad,1,10.5.0,2026-07-23T18:31:49,,
"PayPal - Pay, Send, Save",com.paypal.android.p2pmobile,Finance,d8ecdcec-c8fc-4134-a993-7729a8d315c9,Pamela Sonsim,1,,0 estrelas pra mim! CUIDADO! FUI ROUBADA NESSE APLICATIVO! O PAYPAL ME ROUBOU MAIS DE 500 DÓLARES!,0,8.107.0,2026-07-23T18:30:28,,
"PayPal - Pay, Send, Save",com.paypal.android.p2pmobile,Finance,b589eb41-cf0d-4644-ba8f-a440e2e5ff14,missy amissy,5,,good app,0,,2026-07-23T18:06:11,,
"PayPal - Pay, Send, Save",com.paypal.android.p2pmobile,Finance,80aae0ea-5859-4e5c-95d6-a0ca6dac4930,Awajiiroijana Uriah Okpojo,5,,Exciting,0,8.107.0,2026-07-23T17:51:26,,
"PayPal - Pay, Send, Save",com.paypal.android.p2pmobile,Finance,029293bd-9cb7-4c63-85f7-bf07524d583d,Bob8787,1,,not safe use this,0,,2026-07-23T17:47:40,,
"PayPal - Pay, Send, Save",com.paypal.android.p2pmobile,Finance,1929e0b0-a77b-4866-9082-f94db01c992e,Melody Ricafort,5,,love it,0,,2026-07-23T16:22:51,,
"PayPal - Pay, Send, Save",com.paypal.android.p2pmobile,Finance,acd84678-9d9f-4de6-b152-6d4ca16df988,Steve Copeland,1,,Updated but couldn't get in kept looking back to update.,0,8.107.0,2026-07-23T16:01:52,,
"PayPal - Pay, Send, Save",com.paypal.android.p2pmobile,Finance,35ce91a4-73e0-4c05-9e4d-8d5e5f964caa,Frederick Miller,5,,awesome,0,8.107.0,2026-07-23T15:59:44,,
"PayPal - Pay, Send, Save",com.paypal.android.p2pmobile,Finance,9943e60f-91c6-441d-b8c6-1c4366e647df,Canada Extra Mile,1,,Poor transparency. I trying to close my account and have got stuck w/ a limitation in it. Not even the customer service knows which limitation is that.,1,10.5.0,2026-07-23T15:51:42,,
"PayPal - Pay, Send, Save",com.paypal.android.p2pmobile,Finance,95258d44-663b-4bcf-9a2c-be8d75f7d5cf,Goth,1,,"Whatever you did to the old app, it's a lot worse now. Commands are slow to respond and it takes forever to see your past transactions.",1,10.5.0,2026-07-23T15:37:26,,
"PayPal - Pay, Send, Save",com.paypal.android.p2pmobile,Finance,7ff29fed-d505-44c0-81d8-db5bbd13cfc1,Sophia Matenga,5,,very good Nothing to complain about 200%,0,8.107.0,2026-07-23T14:43:09,,
"PayPal - Pay, Send, Save",com.paypal.android.p2pmobile,Finance,646d51f7-ff54-4809-a6cb-16eee0070d71,Mphiwa Maphoto,5,,good,0,8.107.0,2026-07-23T14:30:03,,
"PayPal - Pay, Send, Save",com.paypal.android.p2pmobile,Finance,ff76af91-afde-43e5-8833-7907850764e3,E,2,,"7/23/26 I do not like the new look of the app, at all. When you open it now, 90% of the screen is pushing offers, and your accounts are in the tiny top row. It's hard to see and unintuitive. It makes me want to switch back to my regular bank for everything.",1,10.5.0,2026-07-23T14:13:37,,
"PayPal - Pay, Send, Save",com.paypal.android.p2pmobile,Finance,5b8deb58-15f0-447a-836d-ab58f41befc0,Johsline,5,,love it,0,,2026-07-23T13:56:54,,
"PayPal - Pay, Send, Save",com.paypal.android.p2pmobile,Finance,f9008ab3-1eb9-4e69-b1d5-370a238112b5,mel,1,,this app literally can ban people when they don't do any violations and are following the rules without a good explanation. and when we confront it and get this fixed they deny it and still say the same lie that we can't fix it. NEVER TRUST THIS APP,1,8.107.0,2026-07-23T13:40:40,,
"PayPal - Pay, Send, Save",com.paypal.android.p2pmobile,Finance,00739859-ea29-476a-9b4d-2e21371a0bc3,Richard Jones,5,,it's a great way to send and receive funds from all around the world I just wish I could link it to my Capitec bank account in South Africa.,0,,2026-07-23T13:34:52,,
"PayPal - Pay, Send, Save",com.paypal.android.p2pmobile,Finance,9d2db4f1-18be-4003-8390-b6c6b67837fd,Priyanshu Singh,1,,"Very Bad Experience , I just recently opened my account in PayPal to receive some payments . After uploading my identity documents they banned my account permanently and there nothing i can do about it. No customer care no nothing. very disappointed",1,,2026-07-23T13:33:06,,
"PayPal - Pay, Send, Save",com.paypal.android.p2pmobile,Finance,d67f8b96-4fe8-48c2-a2ce-6cb651f12ad2,Sifu Paul Fernandez The Wing Chun Historic Archives,1,,how can one access the account if it doesn't accept my password. assistance is terrible. no one serves you it's all automated. they give you parameters for changing the password and when you do it says try again later... later when?? I wasted a whole morning and no one helps. now I can't access my money. bloody hopelessly,1,,2026-07-23T13:08:17,,
"PayPal - Pay, Send, Save",com.paypal.android.p2pmobile,Finance,dab277bf-7be5-454d-ac41-d4b0ecae76d2,SUSMITA ROY,2,,worst app for foreign transaction they take taxes and can't work properly ...one transaction take 1 month to complete the process ...never gonna use this app again,1,8.107.0,2026-07-23T12:48:32,,
"PayPal - Pay, Send, Save",com.paypal.android.p2pmobile,Finance,78747728-f512-4a71-ac80-44f468b2910b,Ggg Ggg,1,,worst app ever,0,,2026-07-23T12:44:42,,
"PayPal - Pay, Send, Save",com.paypal.android.p2pmobile,Finance,a3c63838-6a35-4869-93c0-21cc9af84ab6,Mehrad H,3,,"Per accedere all'app, non viene richiesta l'impronta digitale e viene necessario inserire una password. L'ID del link è errato ed è risultato falso.",0,10.5.0,2026-07-23T12:21:12,,
"PayPal - Pay, Send, Save",com.paypal.android.p2pmobile,Finance,57c6492e-8712-4caa-8e7d-99f5579f1f8e,Sally SD,3,,laggy after july 16 update,1,,2026-07-23T12:14:01,,
"PayPal - Pay, Send, Save",com.paypal.android.p2pmobile,Finance,45d419f4-6261-46db-a88d-2010ff32a1f5,Nurulain Sha,5,,the best apps ever,0,,2026-07-23T11:54:49,,
"PayPal - Pay, Send, Save",com.paypal.android.p2pmobile,Finance,46a74294-165d-4aa9-9f2d-d140f558317e,Jordan Sullivan,1,,customer service let me down for the final time. Will never use their service again.,1,10.5.0,2026-07-23T11:54:38,,
"PayPal - Pay, Send, Save",com.paypal.android.p2pmobile,Finance,de1fdb53-b337-4bc9-87dc-62ae236c4ca2,Brett Burton,1,,"The app, even after forced closed, continually tries to reopen. Very suspicious why it does this. Once forced closed, the app should never automatically open, unless it is manually opened.",1,8.107.0,2026-07-23T11:52:01,,
"PayPal - Pay, Send, Save",com.paypal.android.p2pmobile,Finance,39551b32-25b3-4c96-bebc-19871c23392c,Jeri Franco,5,,a life saver,1,8.94.0,2026-07-23T11:09:17,,
"PayPal - Pay, Send, Save",com.paypal.android.p2pmobile,Finance,64e0a09d-b1bf-4b05-bc2d-268164f41557,Md Milon Islam,5,,good apps,0,8.107.0,2026-07-23T11:07:40,,
"PayPal - Pay, Send, Save",com.paypal.android.p2pmobile,Finance,dbf9c338-1882-4975-9c54-3a320ddb052a,Meerab,1,,Why didn't you put our country name in this app? I can't even login there. From Pakistan,1,,2026-07-23T10:17:09,,
"PayPal - Pay, Send, Save",com.paypal.android.p2pmobile,Finance,d26a8f07-a58e-47d6-ac07-d5a078e09aca,Lorie Hockenbury,5,,I'm loving the app,0,,2026-07-23T10:04:18,,
"PayPal - Pay, Send, Save",com.paypal.android.p2pmobile,Finance,9f88612b-5a2e-45b5-becf-d530e4eb74ad,Harry Barnes,1,,"Why is the app 539mb in size? edit: now 626mb, 18 months later",1,8.107.0,2026-07-23T09:59:07,,
"PayPal - Pay, Send, Save",com.paypal.android.p2pmobile,Finance,8ea17384-8dfe-4396-a841-91a40dc6974e,Lavia Arori,1,,why are Kenyans getting banned Do you hate us,0,8.107.0,2026-07-23T09:52:54,,
"PayPal - Pay, Send, Save",com.paypal.android.p2pmobile,Finance,76c96c5e-07ea-482c-85ff-b91be9b56aa8,David Smith,5,,its very good,0,8.107.0,2026-07-23T09:41:15,,
"PayPal - Pay, Send, Save",com.paypal.android.p2pmobile,Finance,ca4d687f-75fd-4a33-99af-608fb6a57613,America's Son,5,,"PayPal 2 convenient - u scream,PayPal scream,""PayPal!"", PayPal definitely proceed their name - PayPal demand it's respect on yo demand! Lol 😂😆 but definitely true! 1nuk",0,,2026-07-23T09:07:06,,
"PayPal - Pay, Send, Save",com.paypal.android.p2pmobile,Finance,b9a8f807-1779-4fd1-bb6e-7242fdd28b21,Jasmine,1,,The ui of the app seems more... old fashioned? It isn't very smooth and convenient as the previous version (which has much better user experience) When you press back on the phone it LITERALLY went back to every page I've been (example: transfering funds and get a popup saying transfer successful or something. when you click done and then press back from your phone it shows that popup again which I don't think is needed),1,10.5.0,2026-07-23T09:03:29,,
"PayPal - Pay, Send, Save",com.paypal.android.p2pmobile,Finance,06597b3e-e9d6-4ffd-b941-bb86134f0710,Dave Jurgens,5,,A bit confusing at first but after setting everything up and using it a couple of times it's a piece of cake.,1,8.107.0,2026-07-23T08:59:40,,
"PayPal - Pay, Send, Save",com.paypal.android.p2pmobile,Finance,9e09d7b0-affc-43cd-b6a0-5ddd4ac795d6,Deepak kumar,1,,"very bad service i submitted all the proof after that they blocked everything not possible to receive money, not possible to remove the card nor possible to delete the account .😡😡😡👎👎👎👎",1,,2026-07-23T08:56:00,,
"PayPal - Pay, Send, Save",com.paypal.android.p2pmobile,Finance,ebe23dd0-8837-41fa-8df0-f2fe702047d1,Where’s Toby,1,,app is broken right now never had a probkem ever in years i been logged in and never have i been signed out automatically until now and cannot login the app it will not allow to even type my login just infinite loading at bottom of login screen did paypal get hacked or something ? whats going on with the app ? is my Money even there now ?,1,10.5.0,2026-07-23T08:38:59,,
"PayPal - Pay, Send, Save",com.paypal.android.p2pmobile,Finance,28d9f3ef-eacb-42db-8c88-3539deddb930,Delacy Wyman Sr. (DZ),1,,"I've had the hardest time logging in the my account, I can't change and olllllld phone number so I can't get a new PayPal debit card. I'm not happy with PayPal..I never have problems with my other online banking apps... Fix y'all unnecessary issues that hinder ppl like me, please... very much would be greatful... if not soon, I'm done with PayPal...",1,8.107.0,2026-07-23T08:22:59,,
"PayPal - Pay, Send, Save",com.paypal.android.p2pmobile,Finance,e19d592c-f1af-4758-922e-6ce92e345271,Paul Schmura,5,,valuable app,1,8.107.0,2026-07-23T07:44:53,,
"PayPal - Pay, Send, Save",com.paypal.android.p2pmobile,Finance,4d880303-1995-4af7-b5ec-75a2129485ec,Brian Gerig (Chapo el Musico),5,,I've been with PayPal for quite a few years. And awesome way too pay!!,1,8.107.0,2026-07-23T07:40:23,,
"PayPal - Pay, Send, Save",com.paypal.android.p2pmobile,Finance,c5f3506b-82eb-4566-a741-faca9955d626,Winter Shy,5,,convenient,1,8.107.0,2026-07-23T07:37:11,,
"PayPal - Pay, Send, Save",com.paypal.android.p2pmobile,Finance,b74570aa-f2cf-4729-961e-c551ef7bb463,nieshard bent,1,,"your pay in 4 feature it usesless, attempted to make a purchase twice and money has been taken out the store says pay in 4 has not registered on their side, and we have no way to contest it because payments are still pending, how do we rectify this",1,8.107.0,2026-07-23T07:17:37,,
"PayPal - Pay, Send, Save",com.paypal.android.p2pmobile,Finance,bea43838-edca-4f69-a4f2-3d813d9b31d7,Sindile Celeste Paliso,5,,Good,0,,2026-07-23T07:15:42,,
"PayPal - Pay, Send, Save",com.paypal.android.p2pmobile,Finance,a1bd710c-f655-4230-b0b2-8ee4045e2c7a,Cathy Woodall,5,,I love paypal !,0,8.107.0,2026-07-23T05:49:08,,
"PayPal - Pay, Send, Save",com.paypal.android.p2pmobile,Finance,eb5c9ba0-b2e9-4458-9851-36419f3c1f2f,H O B I,1,,the new update is so bad. it makes it look like a webpage that cannot be loaded properly on an app. return the old UI. this is also a lot slower than before and harder to navigate. Worst update ever.,1,10.5.0,2026-07-23T05:35:16,,
"PayPal - Pay, Send, Save",com.paypal.android.p2pmobile,Finance,878ec8d3-4da2-498f-82a3-bd0b6dc36cba,Jeffery Osborne,1,,this app has allowed me to be hacked it even has my sister Sallie jackson as my customer. I never put that on my app. and they allowed my money and banks to be linked by other. and Sallie Jackson is not my customer. she has showed up on webull and PayPal. fix my app,1,8.107.0,2026-07-23T05:22:11,,
"PayPal - Pay, Send, Save",com.paypal.android.p2pmobile,Finance,96ae089a-421c-40fb-96ce-de955c975505,Rita Sutton,1,,No cash,0,8.107.0,2026-07-23T05:17:56,,
"PayPal - Pay, Send, Save",com.paypal.android.p2pmobile,Finance,9fd647bf-97d6-4031-a01d-c565ebc28e51,Cam,1,,"The overall quality of the app is horrible. I tried setting an account up (bearing in mind the first time setup) and the UI was lagging. Not only that but when trying to submit my ID, it would take the worst photo and then say it was blurry (doesn't take a rocket scientist). To top it all off, my account has now got a permanent suspension with a pop-up stating ""We are no longer offering our services to this account"". I would stay away from PayPal if you just need to purchase online.",0,,2026-07-23T05:13:44,,
"PayPal - Pay, Send, Save",com.paypal.android.p2pmobile,Finance,72687d59-30d5-43c5-97ab-76c9d5dc02d1,Phil Davis,1,,need work 😭,0,8.107.0,2026-07-23T04:52:03,,
"PayPal - Pay, Send, Save",com.paypal.android.p2pmobile,Finance,8bb08fe1-359b-4941-96e5-f786f7ecf992,Ryan G.,5,,"long time user of paypal has its ups and downs, its great help to send funds and helps tracks purchases. customer service little weird, but you are able to to speak with an actual person.",0,8.107.0,2026-07-23T04:50:25,,
"PayPal - Pay, Send, Save",com.paypal.android.p2pmobile,Finance,a3fb143f-5a77-4834-b55a-227403dd2251,Matthew Atkins,5,,great for money transfers. I wish the fees were lower.,0,8.107.0,2026-07-23T04:02:20,,
"PayPal - Pay, Send, Save",com.paypal.android.p2pmobile,Finance,3c7b4df9-89d5-4bfc-9b27-af4de57d811f,Duane Holder,5,,"Great app, dependabel and easy to use",0,,2026-07-23T03:58:07,,
"PayPal - Pay, Send, Save",com.paypal.android.p2pmobile,Finance,168ef084-1cd0-4b8b-89a1-9e27bb9449c7,Jonathan Auguiste,5,,it's a good app to have,0,8.107.0,2026-07-23T03:38:51,,
"PayPal - Pay, Send, Save",com.paypal.android.p2pmobile,Finance,a3419c46-1f38-4b45-bacf-0f8efdcfe191,Wade Potter,1,,app is so hard to use i can not find away to cash a check. I have tried the help page its no help at all,0,8.73.1,2026-07-23T03:21:15,,
"PayPal - Pay, Send, Save",com.paypal.android.p2pmobile,Finance,feae4470-38ef-4999-b621-e44a73d7f017,Progress Nnaemeka (Mr Pee),2,,am unable to see money that was sent to my palpay account today. help,0,8.107.0,2026-07-23T03:18:41,,
"PayPal - Pay, Send, Save",com.paypal.android.p2pmobile,Finance,4ae06915-a5c6-4bc0-a693-28ba375e8fdd,Henry Ifediora,5,,Awesomely Great I love it 😘🤝,0,,2026-07-23T03:07:40,,
"PayPal - Pay, Send, Save",com.paypal.android.p2pmobile,Finance,a032b100-f205-4b94-88b7-c15cdf8f4977,Michelle D'Alessio,1,,"'Report a Problem' does not work for transactions on Samsung S26 in the app. After selecting the option the page does not open, just a spinning wheel that never changes. There is a massive problem with 'Report a Problem' preventing us from being able to handle fraudulent charges to our PayPal accounts which is the benefit of using PayPal in the first place.",1,8.107.0,2026-07-23T03:06:49,,
"PayPal - Pay, Send, Save",com.paypal.android.p2pmobile,Finance,90fdbcbd-3b00-4bd4-a363-e8b0e7c6fbe4,Epie M,5,,immediately responsive to complaints and resolved immediately.,0,8.63.0,2026-07-23T02:27:27,,
"PayPal - Pay, Send, Save",com.paypal.android.p2pmobile,Finance,0e392e0e-6824-44ba-bf14-54288ed1e5a5,Tyler Baker,1,,Awful experiences everytime you need to add money.,0,8.107.0,2026-07-23T02:22:49,,
"PayPal - Pay, Send, Save",com.paypal.android.p2pmobile,Finance,5fcb6785-115f-4384-86cc-61ec3dfc51de,Ignacio Cervantes,3,,update July 2026: AI representative would go the distance if it jumped over simple hurdles.,2,10.4.0,2026-07-23T02:14:30,,
"PayPal - Pay, Send, Save",com.paypal.android.p2pmobile,Finance,f0934b5b-19cb-4d04-afd2-0ae3bc81bc52,Timothy Witt,1,,trash this app is completely trash you can't even make a profile without it stop working,0,8.107.0,2026-07-23T02:08:29,,
"PayPal - Pay, Send, Save",com.paypal.android.p2pmobile,Finance,3c9c5dfd-191a-47a7-a428-65426a76c9b7,Kelvin Clarke,5,,I love it,0,8.107.0,2026-07-23T01:50:57,,
"PayPal - Pay, Send, Save",com.paypal.android.p2pmobile,Finance,44bf1403-1961-47c6-b78a-da7354a8e64b,siti nur balqis,5,,"my experience with it is good,i like it because don't use more data",0,,2026-07-23T01:29:13,,
"PayPal - Pay, Send, Save",com.paypal.android.p2pmobile,Finance,365c1a62-b096-4b39-9ba5-4db2ba5f949a,Marcus,1,,yall this company stole money. again,1,8.82.0,2026-07-23T01:21:26,,
"PayPal - Pay, Send, Save",com.paypal.android.p2pmobile,Finance,14d3a0fa-2623-4e5d-8c01-000ac94b892f,Abdullahi Kaka,5,,it don good,0,8.107.0,2026-07-23T01:09:27,,
"PayPal - Pay, Send, Save",com.paypal.android.p2pmobile,Finance,333a93a7-8cbf-4ec4-8ccc-099d35d088ba,Lauret De Jager,5,,excellent,0,8.107.0,2026-07-23T01:06:55,,
"PayPal - Pay, Send, Save",com.paypal.android.p2pmobile,Finance,9872f3a2-1565-4478-97c9-551d4c4a816d,Veronica Guitang,1,,The worst!!!!!! Having to wait 21 days just for them to release the hold on your fund. And wait another 3 business days for it to be credited on your bank account!! Never again!! Given a very high transfer fee of almost 400 pesos for a 7k fund. Beyond disappointing!,0,8.107.0,2026-07-23T00:59:24,,
"PayPal - Pay, Send, Save",com.paypal.android.p2pmobile,Finance,562bf468-47a7-464e-9dc9-ff96512ce706,shane dougherty,1,,poor user experiance,1,8.107.0,2026-07-23T00:36:32,,
"PayPal - Pay, Send, Save",com.paypal.android.p2pmobile,Finance,b5ae2388-b6aa-4357-b8ff-af922291b6b9,Lekeishia Clay,5,,I often use this app when I don't want to use my banking account for purchases,0,8.107.0,2026-07-23T00:30:10,,
"PayPal - Pay, Send, Save",com.paypal.android.p2pmobile,Finance,e07dc06d-0fe9-4320-965d-79a5ee53b759,ZombiePro gaming,1,,be careful! if a payment fails you will end up up with fees that make your balance overdrawn which they will try to take by force from your bank and if that fails you are slapped with more fees and then they will immediately try again and slapped you with even more fees! over the past year they have legally stolen around $200 from me by doing this. its utterly disgusting and should be illegal!,1,8.107.0,2026-07-23T00:23:36,,
"PayPal - Pay, Send, Save",com.paypal.android.p2pmobile,Finance,afa9a9e5-7f73-485d-a302-d89f8768de82,Patricia Harmon,1,,I've been with this platform for 3 years plus and they still continuously screw me over. I don't have a problem with verifying anything because I am who I say I am. FIX THIS APP.,1,10.5.0,2026-07-23T00:22:15,,
"PayPal - Pay, Send, Save",com.paypal.android.p2pmobile,Finance,0e8d8e74-fa7d-4a9e-9528-70b8cd52a362,Johnson Olanma,1,,nonsense app,1,8.107.0,2026-07-22T23:50:55,,
"PayPal - Pay, Send, Save",com.paypal.android.p2pmobile,Finance,9e495024-bd46-4e55-99a3-460005bc7557,Lucie Monette Jean Baptiste,5,,easy to use,0,,2026-07-22T22:51:10,,
"PayPal - Pay, Send, Save",com.paypal.android.p2pmobile,Finance,3b8bc3d8-737e-4501-b774-57f752031f7e,Renee,1,,security not as good as they claim,1,8.107.0,2026-07-22T22:42:39,,
"PayPal - Pay, Send, Save",com.paypal.android.p2pmobile,Finance,2ac6edfc-a28b-48fb-9fe1-cc2288647132,Brandy Draper,2,,Just updated phone and this app released an updated version... In my opinion IT'S TERRIBLE!! I can't switch accounts to utilize both of my PayPal accounts. I know have to log out of one and log back into the other account. PayPal has no date set on when this issue is fixed. Why release an update if so the links aren't fixed? Or not able to tell us when it will be fixed? This is almost worth closing my PayPal accounts that I have had for 6 years.. not worth the trouble it's causing me 😡,0,8.74.1,2026-07-22T22:05:52,,
"PayPal - Pay, Send, Save",com.paypal.android.p2pmobile,Finance,61627e3e-d8dd-458d-a15e-751c962c561c,LeeAnn Schafer,5,,I like this app.It's very useful for me to send money to my kids or for them to send money to me.,0,,2026-07-22T22:05:19,,
"PayPal - Pay, Send, Save",com.paypal.android.p2pmobile,Finance,a2a86c5a-26b4-406f-96af-3f8b76ae9adf,Lu,1,,"This app is terrible, it does not even register my address and their help center did nothing.",0,,2026-07-22T21:53:21,,
"PayPal - Pay, Send, Save",com.paypal.android.p2pmobile,Finance,9c6418ae-0bf6-4316-8cb9-d763dac545b4,Crystal Clark,1,,don't use unless you want your account hacked repeatedly,0,7.42.3,2026-07-22T21:52:54,,
"PayPal - Pay, Send, Save",com.paypal.android.p2pmobile,Finance,0762f844-3674-40ab-9135-56c6784325ee,Pheonixs,5,,Fast and reliable payments,0,8.69.2,2026-07-22T21:47:21,,
"PayPal - Pay, Send, Save",com.paypal.android.p2pmobile,Finance,ae2f2e3b-fb1d-4341-b578-08bacbb7b004,James McPatrick,1,,I never want to deal with this company again. I just wanted to return a cousin's money that was sent with the wrong transaction type. I asked for a manager to help but none reached back out. I was dismissed. I understand my account was on hold as a new member but unnecessarily holding funds in a way that I can't even return the money is unbelievable.,0,8.107.0,2026-07-22T21:29:53,,
"PayPal - Pay, Send, Save",com.paypal.android.p2pmobile,Finance,57927e9c-0843-4e4b-826b-69139d4a0b57,Caleb Glenn,1,,"Sold an item on swappa, sent through all required shipping info, and now my account is permanently disabled conveniently as my account has a $600 transaction I now can't access. I have not been given a reason for this. All of the customer service has been replaced with ai, so I can't even find out. Never entrust your money to this pathetic excuse of a payment app.",0,,2026-07-22T21:15:26,,
"PayPal - Pay, Send, Save",com.paypal.android.p2pmobile,Finance,ac7fc450-1f49-43c0-a68a-330c7ac866be,CJ,1,,"Not happy, this PayPal App will not let me get the App again!!",0,8.107.0,2026-07-22T21:14:53,,
"PayPal - Pay, Send, Save",com.paypal.android.p2pmobile,Finance,5f631467-2f9d-4da8-90c1-b090af2fcc3f,MARVIN GAYE Thompson,1,,never gotten anything from playing games hard to get it done! don't understand why 😔😭😭😭,0,8.107.0,2026-07-22T21:14:09,,
"PayPal - Pay, Send, Save",com.paypal.android.p2pmobile,Finance,e44c1988-3101-4c67-bc45-bbfdd4225c09,Carlos Reyes,5,,good y rapido,0,8.107.0,2026-07-22T21:13:14,,
"PayPal - Pay, Send, Save",com.paypal.android.p2pmobile,Finance,49df4fc0-1ea2-4ebd-b5cc-cf6ed83e7681,Toni Grider,5,,"Great app, fast and easy",0,8.107.0,2026-07-22T21:00:54,,
"PayPal - Pay, Send, Save",com.paypal.android.p2pmobile,Finance,6be04677-906f-4b10-bf64-14f60a733420,Jordon Ratliff,1,,I got hacked on my account and it was temporarily disabled n I can't make changes due to that. so I can't even report my loss,0,8.107.0,2026-07-22T20:47:04,,
"PayPal - Pay, Send, Save",com.paypal.android.p2pmobile,Finance,2f211dcd-9b46-4975-ad94-1f69e02a8fb1,Deandra,5,,this is so easy to use anywhere around the world and the rates are low.,0,8.107.0,2026-07-22T20:20:40,,
"PayPal - Pay, Send, Save",com.paypal.android.p2pmobile,Finance,184774c5-4d26-4401-aa9a-84a8fa28f585,Lawrence Dodson,4,,always been excellent.,0,,2026-07-22T20:19:27,,
"PayPal - Pay, Send, Save",com.paypal.android.p2pmobile,Finance,132c99ba-3ea2-4383-b5e7-d4c20bd70c42,John Aucott,5,,works just fine,0,8.107.0,2026-07-22T19:52:22,,
"PayPal - Pay, Send, Save",com.paypal.android.p2pmobile,Finance,ab0b26b2-7987-46f4-9e5f-e11a2d83fff3,Sali Frankenstein,5,,Good app,0,8.107.0,2026-07-22T19:44:20,,
"PayPal - Pay, Send, Save",com.paypal.android.p2pmobile,Finance,16ab428f-4a1d-497f-9134-3dd373cbe7b3,Jacki Livingston,1,,Toyal ripoff. Worst customer service. They don't handle disputes.,0,8.107.0,2026-07-22T19:42:21,,
"PayPal - Pay, Send, Save",com.paypal.android.p2pmobile,Finance,d95d0f6a-3bc1-45c7-8de9-f6c090152795,Richard Kiely,5,,It's improving,0,8.107.0,2026-07-22T19:29:35,,
"PayPal - Pay, Send, Save",com.paypal.android.p2pmobile,Finance,96f69193-0edf-4204-b5b8-26a77236136c,Dimitri Martiny,5,,"The UI layout is simple and easy to manage. Small fees are expected with transfers, sometimes, but they transfer smoothly. Customer service is very reliable and effective. They also have a bunch of features and promotions I will try out.",0,8.107.0,2026-07-22T19:28:18,,
"PayPal - Pay, Send, Save",com.paypal.android.p2pmobile,Finance,a7995043-4fec-4a9f-95f4-606dc2495148,Luke Steele,1,,Account was permanently limited with no reason as to why. Have only used it once since signing up.,0,8.107.0,2026-07-22T19:19:39,,
"PayPal - Pay, Send, Save",com.paypal.android.p2pmobile,Finance,578e1a45-0e3b-45c7-8815-270a58d58d62,Michelle Jones,5,,well today is my first time using payPal I hope it helps me out I really need a challenge to see if I steal got this. Because everybody needs help and we all need someone to believe in them. That's for every day life. Peace and love and understanding,0,8.97.0,2026-07-22T19:02:26,,
"PayPal - Pay, Send, Save",com.paypal.android.p2pmobile,Finance,61ddf1c4-afd3-4293-bcd5-60a719ba297b,Vanhelslinki,1,,"Just about the most frustrating money app I've ever come accross. Th UI is restrictively out of date to modern standards, the design is convoluted, setting up banking is full of bugs and the system to retrieve accounts is mad, including forcing use of a camera to see I'd which doesn't focus which makes it impossible.",0,8.107.0,2026-07-22T18:55:03,,
"PayPal - Pay, Send, Save",com.paypal.android.p2pmobile,Finance,2408772a-4435-4857-85d6-f12c3cb79fd2,Nicole Mcauley,5,,love this,0,8.107.0,2026-07-22T18:46:41,,
"PayPal - Pay, Send, Save",com.paypal.android.p2pmobile,Finance,95d3c14a-6630-4577-a04c-67a56417fea2,Nerissa Matthews,5,,easy to use,0,,2026-07-22T18:26:12,,
"PayPal - Pay, Send, Save",com.paypal.android.p2pmobile,Finance,e4619697-be65-4bb7-b41d-9171d26637d1,Malorey&Tommy,1,,app is ALWAYS messing up,0,,2026-07-22T18:13:58,,
"PayPal - Pay, Send, Save",com.paypal.android.p2pmobile,Finance,c4ea1a92-32e8-400e-80f3-2fc073646f21,0099 NURUL SYAZWANI BINTI GHAZALI,5,,PayPal is a reliable and convenient payment app. It makes sending and receiving money quick and easy. I love how secure and user-friendly it is.,0,,2026-07-22T18:13:44,,
"PayPal - Pay, Send, Save",com.paypal.android.p2pmobile,Finance,406ff96e-aa71-4fe0-8508-f028f574d7e3,Zezintle Ndlwana,5,,very very convenient.,0,8.107.0,2026-07-22T18:01:32,,
"PayPal - Pay, Send, Save",com.paypal.android.p2pmobile,Finance,22999e7f-62a3-4b0a-985e-0a78e8e490c7,Rob Domino,3,,So far it's ok,0,8.107.0,2026-07-22T17:50:11,,
"PayPal - Pay, Send, Save",com.paypal.android.p2pmobile,Finance,6e743371-4a00-4e25-9f26-b2c106faf096,Farrell Jackson,5,,ok,0,8.107.0,2026-07-22T17:04:33,,
"PayPal - Pay, Send, Save",com.paypal.android.p2pmobile,Finance,6a585e91-52a4-4f41-8e11-16ea68bfd53c,Alice Tellez,5,,it's been awhile since I used paypal,0,8.107.0,2026-07-22T16:57:17,,
"PayPal - Pay, Send, Save",com.paypal.android.p2pmobile,Finance,397545fb-137c-4a3c-aea7-f6ce3afb2374,Alex Taylor-Ash,3,,Had a query about changing a payment date on my pay in 3 account by ONE day. Initially told this could happen only to be told no when I spoke the correct dept. Then I get the hardship support guff from the advisor so I cut off the call. Do better please.,0,8.107.0,2026-07-22T16:29:03,,
"PayPal - Pay, Send, Save",com.paypal.android.p2pmobile,Finance,cd4bf530-9217-41a0-8242-da56f832774d,Brian Silveira,5,,love the app,0,8.107.0,2026-07-22T16:25:56,,
"PayPal - Pay, Send, Save",com.paypal.android.p2pmobile,Finance,f25a29c7-4244-4fa6-ae28-31af9c890f2a,Tony Willins,5,,quick and easy,0,8.107.0,2026-07-22T16:21:57,,
"PayPal - Pay, Send, Save",com.paypal.android.p2pmobile,Finance,4d2f9e7e-5675-4dd0-8417-2e589d23a77b,Emmanuel Osezele,5,,very helpful,0,8.107.0,2026-07-22T15:34:59,,
"PayPal - Pay, Send, Save",com.paypal.android.p2pmobile,Finance,46e0da8e-8df5-476d-b207-e48ec14b651d,Patrick Phamotse,5,,It's great to send and receive money internationally... I used it a couple of times and it worked wonders.,0,8.107.0,2026-07-22T15:18:59,,
"PayPal - Pay, Send, Save",com.paypal.android.p2pmobile,Finance,b79c2804-51c4-4e66-97f9-fae79f8baad0,Element Unknown,3,,great thankyou,0,8.107.0,2026-07-22T14:51:17,,
"PayPal - Pay, Send, Save",com.paypal.android.p2pmobile,Finance,39de0159-0410-4972-b920-42e63508d3ab,KRYL-Z SARDONIDOS,2,,Got my account limited and deactivated even though i did all the requirements. the app says go to the resolution center but it still doesnt do anything to help. Very difficult to navigate and now i want to close my account but i couldnt do that either. Frustrating,0,8.107.0,2026-07-22T14:48:56,,
"PayPal - Pay, Send, Save",com.paypal.android.p2pmobile,Finance,a8f4b25f-7a28-4fd5-a3cd-45f0dc41f873,Muslim Tornado,1,,very bad experience in this app 😡,0,8.107.0,2026-07-22T14:42:41,,
"PayPal - Pay, Send, Save",com.paypal.android.p2pmobile,Finance,39cb4e9c-b505-413b-9b6f-0e2acb53d72c,ANDREW,5,,"Absolutely phenomenal, great app",0,8.107.0,2026-07-22T14:14:21,,
"PayPal - Pay, Send, Save",com.paypal.android.p2pmobile,Finance,7154cddf-efc3-4d09-a593-3355e95617ee,Michael Setzer II,1,,"Bought item on a site, and was billed for that, but then a 2nd bill with an additional monthly subscription from fonslife for over $100. Contacted both seller and PayPal. over 20 emails, and PayPal saying charge is fine??? They must be part of scam. fonslive had terrible ratings online. original website EMSense has 4.1. don't know how it was rerouted or how PayPal doesn't see this as major problem.",0,8.107.0,2026-07-22T14:05:29,,
"PayPal - Pay, Send, Save",com.paypal.android.p2pmobile,Finance,de746329-26e2-47cb-a7a8-d1e5d887b7c0,Dana Hager,1,,The worst company to use. In the last nine months PayPal services have went from bad to worse. They are constantly missing funds up. The customer service reps are rude and disrespectful. Its a huge problem for them to take time out of their day to help anyone.,0,8.107.0,2026-07-22T13:41:07,,
"PayPal - Pay, Send, Save",com.paypal.android.p2pmobile,Finance,2002c7e2-6a65-4069-be4a-cbc8282e8b62,Polite Chipanga,5,,Awesome app,0,8.107.0,2026-07-22T13:39:26,,
"PayPal - Pay, Send, Save",com.paypal.android.p2pmobile,Finance,2041b436-0d05-4097-a7a9-e93e75eea66e,andrew william,1,,too much in transfer fees thsts why ut gets bad rating lol,0,8.107.0,2026-07-22T13:30:18,,
"PayPal - Pay, Send, Save",com.paypal.android.p2pmobile,Finance,37a153b9-1434-4548-9e2c-929bfa63cead,Sunny,5,,good,0,8.107.0,2026-07-22T13:20:10,,
"PayPal - Pay, Send, Save",com.paypal.android.p2pmobile,Finance,7c580be3-e74c-4f5c-a7e4-4278427cf041,Michael Desira,5,,very pleased and satisfied,0,8.107.0,2026-07-22T12:27:32,,
"PayPal - Pay, Send, Save",com.paypal.android.p2pmobile,Finance,7d1586cc-71d2-4cf9-aebb-5b17a09788a7,Diet Rebel Rosie,5,,easy to use. everyone's experience is different but I am happy with it. have used it for years.,0,8.107.0,2026-07-22T12:26:13,,
"PayPal - Pay, Send, Save",com.paypal.android.p2pmobile,Finance,579b2281-a8af-4fed-9f20-2779bbd1fa42,Tione Green,5,,Tried to use camera to take picture of check it would do the back not front. I had no problem on another app.,0,10.4.0,2026-07-22T12:17:47,,
"PayPal - Pay, Send, Save",com.paypal.android.p2pmobile,Finance,95754b20-9e11-457e-a922-a2faf97eecd1,Syuib Qwebz,5,,reliable and convenient apps to manage online payments.,0,8.107.0,2026-07-22T11:53:30,,
"PayPal - Pay, Send, Save",com.paypal.android.p2pmobile,Finance,be874146-521b-4524-9316-c511c8291f80,golden lady,5,,My happiness is that PayPal now works in Nigeria.,0,,2026-07-22T11:29:10,,
"PayPal - Pay, Send, Save",com.paypal.android.p2pmobile,Finance,d9fd4e6d-4b28-485e-940d-de6257a8429e,Ravi J,1,,the updated app sucks. you click on pay later to try see your balance and pay things off early and you can't. why remove features that were previously on the app!!,0,,2026-07-22T11:22:52,,
"PayPal - Pay, Send, Save",com.paypal.android.p2pmobile,Finance,2ab7382a-d353-483b-8058-16ca4d02ee5d,Lottie Williams,5,,couldn't use the website to send payments so I downloaded the app now I can send payments with ease,0,8.107.0,2026-07-22T11:04:44,,
"PayPal - Pay, Send, Save",com.paypal.android.p2pmobile,Finance,bc331bcb-64ec-4cb4-8766-8522dce5ed2b,Brian C. Davis,1,,"PayPal wants to read ALL of my emails, just so they can help track a package. Nope!",0,8.107.0,2026-07-22T10:36:01,,
"PayPal - Pay, Send, Save",com.paypal.android.p2pmobile,Finance,4e78c09a-83ee-45ab-83de-9a12dbc37310,Jonathan Quinn,1,,"this update is nothing but adds, can't find a way to send my info, can't see my picture anymore, for someone to pay me, just that QR trash. why does every app suck so much now?",0,10.4.0,2026-07-22T09:16:28,,
"PayPal - Pay, Send, Save",com.paypal.android.p2pmobile,Finance,810f9712-786a-4fc4-8bff-537bff9ff36f,Bea Golden,5,,Great app. safe and easy to use. I absolutely love PayPal.,0,8.107.0,2026-07-22T09:04:40,,
"PayPal - Pay, Send, Save",com.paypal.android.p2pmobile,Finance,36e719b8-dfea-467c-97a2-6c5c1fba9b8a,Haters GunnaHate,1,,slow asf,0,,2026-07-22T09:04:38,,
"PayPal - Pay, Send, Save",com.paypal.android.p2pmobile,Finance,2f7e02d1-490b-41bb-9f48-bc050eceae21,Michael Lewis,4,,"this app is horrible, the customer service is excellent, the customer service saved this for me, pls work on your app.",0,8.107.0,2026-07-22T08:44:26,,
"PayPal - Pay, Send, Save",com.paypal.android.p2pmobile,Finance,6b326d4e-ddab-4aa0-a18f-2066241a31ec,PanDa-Lia VT,5,,Muy útil~,0,,2026-07-22T08:31:41,,
"PayPal - Pay, Send, Save",com.paypal.android.p2pmobile,Finance,13cac996-e9a7-4896-a1f1-0e69d8d87c81,Southpaw Mongoose,1,,the mobile app is unusable at least for me. it kept giving a pop up to save the log in stuff no matter what I did to say I didn't want to do that then in the actual app I tried accepting funds and I kept being sent to a white screen. I had to go to the desktop app to get anything done. this app sucks,0,,2026-07-22T07:52:51,,
"PayPal - Pay, Send, Save",com.paypal.android.p2pmobile,Finance,407e61ab-95bc-4781-86b4-a0d8cfb69dfb,David Seneff,5,,convenience,0,8.107.0,2026-07-22T07:43:56,,
"PayPal - Pay, Send, Save",com.paypal.android.p2pmobile,Finance,3d792d3c-a40b-429f-8cc7-7aa285cd3062,Rudy Diaz,1,,App won't let you type a Note when sending a payment. Emojis Keep popping up instead of the typing option. Android. It,1,8.107.0,2026-07-22T07:34:31,,
"PayPal - Pay, Send, Save",com.paypal.android.p2pmobile,Finance,4c3c2657-75ec-4c00-91fd-8dce142aa1bb,Brenton Smith,5,,I like this app,0,8.107.0,2026-07-22T07:20:27,,
"PayPal - Pay, Send, Save",com.paypal.android.p2pmobile,Finance,84189645-445e-44cb-891b-8fc5e62a850e,Paul Tretter,1,,poor support for crypto never works costs too much 50$ per 1000,0,8.107.0,2026-07-22T07:16:31,,
"PayPal - Pay, Send, Save",com.paypal.android.p2pmobile,Finance,edc4384d-f3ff-4685-b851-4871be4437ce,Abdul Basit,1,,He swindled me out of my money.,0,8.107.0,2026-07-22T05:53:50,,
"PayPal - Pay, Send, Save",com.paypal.android.p2pmobile,Finance,37567f5e-7016-43e5-9dc7-96ba3b2057ac,Steve Zywica,1,,Brand new app update... SAME PROBLEM. trash. update: weeks later and a new device. kyc is still broken and keeps making me redo. this app is a joke update: I literally just did it 10 times and it still fails. screw this app. update: this stupid new kyc system is trash. it keeps denying me for not having a neutral facial expression despite my 1000% neutral facial expression. this used to be the best on ramp for crypto and now it's insane how much of a joke this app turned into.,3,10.5.0,2026-07-22T05:43:50,,
"PayPal - Pay, Send, Save",com.paypal.android.p2pmobile,Finance,b1877e6a-0a44-4ec9-80a9-bdd6a3ea017e,Brian OBrien,5,,"Mary familiar with paypal , so it's been a good service",0,8.107.0,2026-07-22T05:10:56,,
"PayPal - Pay, Send, Save",com.paypal.android.p2pmobile,Finance,839f1f52-8b9b-424f-ad4d-ba5490aeaeda,Bob Lee,1,,Payments from ga.es played f a iled to get into my PayPal Account. My c a lls to Pay P a l went nowhere. These g a mes we play don't n PAY OFF. Terribly disappoint I ng.,0,8.107.0,2026-07-22T04:57:20,,
"PayPal - Pay, Send, Save",com.paypal.android.p2pmobile,Finance,4f5a8f44-73a7-4599-9acd-04c19e40709d,Duck,5,,Transfer's money in seconds! I'm fascinated,0,8.107.0,2026-07-22T04:41:27,,
"PayPal - Pay, Send, Save",com.paypal.android.p2pmobile,Finance,95a73536-abe7-418e-a8f2-c05abdcaf8c4,Colin Brisel,2,,Forced to download to use the QR code pay.,0,10.5.0,2026-07-22T04:38:16,,
"PayPal - Pay, Send, Save",com.paypal.android.p2pmobile,Finance,5809df1f-27dc-4545-b2d0-5d9b4517a872,Roland Y,5,,great app,0,8.107.0,2026-07-22T04:33:51,,
"PayPal - Pay, Send, Save",com.paypal.android.p2pmobile,Finance,b52e66ec-6c87-41f2-ad80-129e895633ad,Naj Pirate,5,,Trusted global payment standard for safe online shopping and hassle-free international transfers.,0,8.107.0,2026-07-22T04:30:08,,
"PayPal - Pay, Send, Save",com.paypal.android.p2pmobile,Finance,6f34eda9-ddb3-4ef9-b323-9fc6be370bd9,ron will,5,,love paypal,0,8.107.0,2026-07-22T04:07:09,,
"PayPal - Pay, Send, Save",com.paypal.android.p2pmobile,Finance,472b0c34-eab7-4281-a37c-4dd2bb2c4098,Eyerus Melaku,5,,wow,0,8.107.0,2026-07-22T03:53:54,,
"PayPal - Pay, Send, Save",com.paypal.android.p2pmobile,Finance,b24c3e71-06a5-4787-af37-4d5eabaab834,Otuokena Israel,1,,"fake and going around scaming people, please guys don't use this app they will steel your money i successfully but i not move my money to my credit cards i tried multiple times that said they permanently limit me for using PayPal can you I'm i am so gonna sue PayPal for scaming me",0,,2026-07-22T03:37:42,,
"PayPal - Pay, Send, Save",com.paypal.android.p2pmobile,Finance,a9143635-a8d1-4683-8d7d-a006a56eeba3,Patrick Waylon “Wade” Ford,5,,fantastic,0,8.107.0,2026-07-22T03:30:36,,
"PayPal - Pay, Send, Save",com.paypal.android.p2pmobile,Finance,14b85ceb-8395-45ad-90ce-20db96625a0f,Issac Ruiz,5,,great app 💯,0,8.105.1,2026-07-22T03:24:06,,
"PayPal - Pay, Send, Save",com.paypal.android.p2pmobile,Finance,69cc0053-c115-4924-ab40-8db0162fe971,Kenneth Ehimiowele,5,,excellent,0,8.107.0,2026-07-22T03:14:02,,
"PayPal - Pay, Send, Save",com.paypal.android.p2pmobile,Finance,d5d4c0aa-46ff-4ccc-ad19-4fe83656a3fc,BADR EZZEDDINE,5,,need the update,0,,2026-07-22T03:11:37,,
"PayPal - Pay, Send, Save",com.paypal.android.p2pmobile,Finance,e7b1470b-5cd9-4550-a1a2-95096f530e89,Betty Harper,3,,I like PayPal but what I don't understand is why I can't get the pictures uploaded that you ask for. I know that I have money on my account but I just can't get to it because I have no way of getting it off,0,8.107.0,2026-07-22T03:10:59,,
"PayPal - Pay, Send, Save",com.paypal.android.p2pmobile,Finance,c188f363-a9c1-4f4e-80b2-7bd602ed41e1,Henry Reeves,1,,"This is now a DANGEROUS APP. At 1:14 am on my Android phone, the PayPal app was updated. Today, after lunch, I started logging into the app. The interface has changed. This is a disaster. You can no longer logout of this app. The person icon that used to be in the top right corner is gone. No where on Any screen in this new app is the ability to logout of the app. This app now has the ability to expose your account balance and activity to anyone that sees your phone or picks it up!",0,8.47.0,2026-07-22T03:07:27,,
"PayPal - Pay, Send, Save",com.paypal.android.p2pmobile,Finance,07cd82fe-5664-4350-b36c-6dd9e39b04ad,Kenneth S,5,,Good,0,8.107.0,2026-07-22T02:56:24,,
"PayPal - Pay, Send, Save",com.paypal.android.p2pmobile,Finance,372a42cf-1d16-4204-ad87-c333d8b12b62,Robert Hocking,1,,no thanks will keep using prepaid cards,0,,2026-07-22T02:17:27,,
"PayPal - Pay, Send, Save",com.paypal.android.p2pmobile,Finance,eab3e797-5cd4-482c-b26c-371a853ce5a7,Sidharth Pv,1,,cant login,0,8.107.0,2026-07-22T00:39:55,,
"PayPal - Pay, Send, Save",com.paypal.android.p2pmobile,Finance,bd10348f-3d2d-4fd4-8eb1-bd31d449d2a4,Ian Sola,1,,DO NOT CASH CHECKS. They just had me write VOID across my check in order to deposit it and then turned around and said sorry we're not going to cash it. So now my check is destroyed and I'm screwed. Thanks PayPal...,0,8.107.0,2026-07-22T00:10:12,,
"PayPal - Pay, Send, Save",com.paypal.android.p2pmobile,Finance,c289c57c-0d04-451f-a59a-b043e23b3096,h k,1,,Will not let me do anything with my cards or accounts including removing them from PayPal. Asked to talk with the fraud department and a supervisor said this is a known issue and I still can't do anything with my account.,1,8.107.0,2026-07-21T23:47:47,,
"PayPal - Pay, Send, Save",com.paypal.android.p2pmobile,Finance,4e48a8a9-cee3-42b5-bb42-ebf0acba3460,Collin Fry,5,,Brilliant!,0,8.107.0,2026-07-21T23:30:38,,
"PayPal - Pay, Send, Save",com.paypal.android.p2pmobile,Finance,b0390857-8dd1-43a2-92e4-31d963fdb5aa,Jennifer Konkle,1,,Your PayPal AI is not helpful. It is trying to close my account when I needed a debit card removed. It will not let me type anything. It is so stupid and I am extremely frustrated that real people can't help me!!!!,0,,2026-07-21T23:28:45,,
"PayPal - Pay, Send, Save",com.paypal.android.p2pmobile,Finance,092ea5de-be7a-468c-9ed6-a765fba89b5c,Miftauddin Balogun,5,,paypal is the best I have ever come across,0,,2026-07-21T23:20:38,,
"PayPal - Pay, Send, Save",com.paypal.android.p2pmobile,Finance,752f846d-e932-4413-87f7-1fe6480f227e,Raven Roth,1,,"For over a year I have tried to use PayPal and still it's completely broken. Will not even let me complete a sign up. The automatic ID reading software is horrible and won't accept my ID despite multiple attempts. Support has no way to verify it themselves even if I send them the pictures. So I'm stuck with a dead account even though I've given PP all my info. If your AI cant read a basic ID, at least let your human workers do it themselves. Done fighting with it. Deleting to use a competitor.",0,,2026-07-21T23:07:16,,
"PayPal - Pay, Send, Save",com.paypal.android.p2pmobile,Finance,0575df50-91e2-4a82-ab15-d7911bb44186,Joseph Ferrell,5,,keeps getting even better,0,8.107.0,2026-07-21T23:04:19,,
"PayPal - Pay, Send, Save",com.paypal.android.p2pmobile,Finance,978ac873-e578-495f-90c9-27162891ab0b,Thyodrick Dix,2,,there s seems to be a issue everytime I do the facial identification. it saids time after the scan process. i don't know if a technical glitch or . because I already did facial identification once .don't see why have to do it again this issue needs to be resolved .please and thank you!,0,,2026-07-21T22:42:29,,
"PayPal - Pay, Send, Save",com.paypal.android.p2pmobile,Finance,6cec8ec3-72fa-467f-8c71-7f36e0e56ae1,Makie Magabeane,1,,doesn't answer to all questions I need to know,0,8.107.0,2026-07-21T22:23:16,,
"PayPal - Pay, Send, Save",com.paypal.android.p2pmobile,Finance,0681c97c-d5e0-489b-b252-75c569bb86d2,Jose Del,4,,have to wait some time but everything is good 👍,0,8.107.0,2026-07-21T22:20:12,,
"PayPal - Pay, Send, Save",com.paypal.android.p2pmobile,Finance,253c77d5-d97e-47f1-a0be-461ff11c2105,James Anderson,1,,"You guys mangled the package tracking functionality. Deep links are busted and it now has duplicates and requires reauth every time. That feature was pretty much the only reason I kept this hot garbage on my phone. It's now riddled with ads and coupons just like Capt1, Shop and every other bloated junk app selling your consumer data.",7,10.5.0,2026-07-21T22:10:02,,
"PayPal - Pay, Send, Save",com.paypal.android.p2pmobile,Finance,de8d8cc4-e25c-4e30-9545-980198845137,Antlion Atomos,1,,2-3 days transfer to local bank in indonesia,0,8.107.0,2026-07-21T21:59:46,,
"PayPal - Pay, Send, Save",com.paypal.android.p2pmobile,Finance,57d934a2-112e-4799-9dff-df659fc720b4,Joseph Gervasiojr,3,,The new update on android is horrible honestly I cant even deal with this right now.,2,10.5.0,2026-07-21T21:48:29,,
"PayPal - Pay, Send, Save",com.paypal.android.p2pmobile,Finance,1b53f424-345e-444c-98fc-1ff1f34bd0dd,Zawadi Mukambwa idepfonse,5,,this app is perfect,0,8.107.0,2026-07-21T21:40:45,,
"PayPal - Pay, Send, Save",com.paypal.android.p2pmobile,Finance,6cdd3445-e2c2-4212-aa91-543b157edf07,Maria Fernandes da Silva Fernandes,4,,Easy and fast to use but I don't like the idea of holding payment till 21 Days is very annoying and the charges for goods and services is too much.,0,8.107.0,2026-07-21T21:35:54,,
"PayPal - Pay, Send, Save",com.paypal.android.p2pmobile,Finance,249d95f0-ebae-4857-8182-7a66a6842ef1,Yanty Hisham,5,,easy to use,0,,2026-07-21T20:44:05,,
"PayPal - Pay, Send, Save",com.paypal.android.p2pmobile,Finance,50ee5daf-c9cd-4d5a-9669-ecf5484f5c95,Matt Harry,4,,it is reliable and trusted,0,,2026-07-21T20:36:47,,
"PayPal - Pay, Send, Save",com.paypal.android.p2pmobile,Finance,dc573b21-a3a4-4756-aabe-130055b358f6,A Google user,5,,"Very convenient & smooth, works well.",0,8.107.0,2026-07-21T20:31:18,,
"PayPal - Pay, Send, Save",com.paypal.android.p2pmobile,Finance,4a014e79-1850-48e1-9785-b910c4c1a93c,Penelope Potlako,5,,my personal use,0,8.107.0,2026-07-21T19:56:21,,
"PayPal - Pay, Send, Save",com.paypal.android.p2pmobile,Finance,ebc1a530-821d-4107-a3cc-25a35401b75c,Moustafa Chamli,2,,why the heck is the install size for this 1GB?,0,,2026-07-21T19:54:53,,
"PayPal - Pay, Send, Save",com.paypal.android.p2pmobile,Finance,ea084406-39ff-428c-87ca-9c327c8f7738,Lehighvalleymoverandmore,5,,fast,0,,2026-07-21T19:36:47,,
"PayPal - Pay, Send, Save",com.paypal.android.p2pmobile,Finance,10948076-6429-4438-a9b9-bd0f20dd9cfe,Christine Nambuye,5,,the best,0,,2026-07-21T19:33:15,,
"PayPal - Pay, Send, Save",com.paypal.android.p2pmobile,Finance,8bc0bfa9-da7e-438a-9ed8-c7d673e6a681,Rosa Gorostiza,5,,I use it to keep track of my spending.,0,8.107.0,2026-07-21T18:58:08,,
"PayPal - Pay, Send, Save",com.paypal.android.p2pmobile,Finance,e4fdd510-fd11-40af-9939-5d8c2be5a61c,M Presents (Michael B),5,,Good for business,0,8.102.0,2026-07-21T18:26:42,,
"PayPal - Pay, Send, Save",com.paypal.android.p2pmobile,Finance,69bcb024-e8db-4b55-a5b8-8a6d47455bcc,Ali,1,,"I've been waiting months for 25 bucks to go through to my account, give me my money.",0,,2026-07-21T17:57:00,,
"PayPal - Pay, Send, Save",com.paypal.android.p2pmobile,Finance,ac64266e-7d0e-4b11-92a3-eb44de511c4a,A Google user,1,,We don't want to chat with your AI support bot. Terrible customer service.,2,10.5.0,2026-07-21T17:50:24,,
"PayPal - Pay, Send, Save",com.paypal.android.p2pmobile,Finance,66dd6935-ad51-484d-8733-2c20a7cf18c2,Muhammad A.,5,,It was easy to use,0,,2026-07-21T17:23:52,,
"PayPal - Pay, Send, Save",com.paypal.android.p2pmobile,Finance,67227948-6d40-4117-b816-a30e1a0d2a55,Oluwafunmilayo Oshin,1,,very bad,1,10.5.0,2026-07-21T17:23:26,,
"PayPal - Pay, Send, Save",com.paypal.android.p2pmobile,Finance,eb25c92a-33ff-411d-962f-372ab5e029f7,Sdala Madulablonkhata,1,,"What is being described about the app is nothing like the actual app. Nothing works with PayPal. The virtual card is a dream, not even a single option concerning it on the app. PayPal, you guys have failed us!",0,,2026-07-21T17:09:00,,
"PayPal - Pay, Send, Save",com.paypal.android.p2pmobile,Finance,6d8c937a-7aef-40d5-98c3-4235a93c4ccd,A Winkler,5,,helpful,0,8.107.0,2026-07-21T16:44:22,,
"PayPal - Pay, Send, Save",com.paypal.android.p2pmobile,Finance,299df618-5110-43de-84b1-afadf94168f4,Данііл Литвин,1,,заблокировали акк по приколу. красавчики,0,,2026-07-21T16:38:49,,
"PayPal - Pay, Send, Save",com.paypal.android.p2pmobile,Finance,f4bf531b-1023-4173-969c-c5bf002d1e54,Walt Reams,1,,"Supposed to be a Financial app, but all you see on the home screen is a circus of ""partners"". I. Don't. Care. I want to see my transactions. How Frickin difficult is that?",0,10.4.0,2026-07-21T16:24:13,,
"PayPal - Pay, Send, Save",com.paypal.android.p2pmobile,Finance,a16c73e3-1959-404b-a4e6-670e7ec3b7e0,Jakob Dzhong,2,,2FA EVERY TIME even after authing with fingerprint. bruh. Billion Dollar Company btw.,0,8.107.0,2026-07-21T15:11:06,,
"PayPal - Pay, Send, Save",com.paypal.android.p2pmobile,Finance,55274d6c-2c8a-475c-b9e0-38abf5aab0f8,Mona Bustin,1,,I need to log out and delete the app but cant,0,8.107.0,2026-07-21T14:46:46,,
"PayPal - Pay, Send, Save",com.paypal.android.p2pmobile,Finance,b837dfc3-3f75-4b51-ab5a-f1b39769775f,Fergie,1,,"Paypal as a payment service is NOT secure. Took money out of my account without consent, refused to help or address my concerns afterwards. It is NOT safe for your money.",0,8.107.0,2026-07-21T14:40:26,,
"PayPal - Pay, Send, Save",com.paypal.android.p2pmobile,Finance,05eb7a9c-90ee-4ceb-95b4-1bf9cf5c887e,Stiofáinín Ní Chléirigh,5,,fantastic app never had any problems,0,8.107.0,2026-07-21T14:37:29,,
"PayPal - Pay, Send, Save",com.paypal.android.p2pmobile,Finance,e236aa55-e82b-4e8a-8b79-761b8a093ac9,Tam Monaghan,5,,fast and reliable,0,8.107.0,2026-07-21T14:32:38,,
"PayPal - Pay, Send, Save",com.paypal.android.p2pmobile,Finance,ee07a108-9a6e-4909-87b5-e771a5ddf9a8,Celfa Esik,5,,Useful,0,8.107.0,2026-07-21T14:17:19,,
"PayPal - Pay, Send, Save",com.paypal.android.p2pmobile,Finance,07d3189a-b996-4956-bf5c-905183430649,Mac-Daddy,2,,"I've recently had issues with this app not notifying me when I received invoice payments. I have notifications on, but it still won't notify me. Why!?",0,,2026-07-21T13:45:32,,
"PayPal - Pay, Send, Save",com.paypal.android.p2pmobile,Finance,6a3d692e-44d0-4ca5-adab-7816d51861de,Cap'N. C,1,,Just Great! Update: Your app is bricked. it stuck with a loading bar when asking to enter email or phone number. Can not use it whatsoever.,0,8.60.1,2026-07-21T13:28:55,,
"PayPal - Pay, Send, Save",com.paypal.android.p2pmobile,Finance,88eec74e-2c7c-4c65-8af1-279a7e04a9d9,John Culnane,1,,"Asked for information I could not supply, can't move on... Unsubscribe... No good Samsung!!!!!",0,,2026-07-21T13:15:57,,
"PayPal - Pay, Send, Save",com.paypal.android.p2pmobile,Finance,919c8958-6174-4776-8531-f49bbc4474d9,Siscca,5,,can use as international saving,0,10.4.0,2026-07-21T12:56:19,,
"PayPal - Pay, Send, Save",com.paypal.android.p2pmobile,Finance,82323133-1be0-48c9-becf-3f3587d8cf1e,Bashir Ahmed,1,,welcome you public,0,8.107.0,2026-07-21T12:11:40,,
"PayPal - Pay, Send, Save",com.paypal.android.p2pmobile,Finance,e8b6479e-df0e-49bc-be0d-47af0deafc79,Aaron Bondy,1,,tried linking my bank account and I am not getting any push notifications even though I have them turned on. without it I can't link my bank which means its useless to me.,0,8.107.0,2026-07-21T12:07:12,,
"PayPal - Pay, Send, Save",com.paypal.android.p2pmobile,Finance,26476a21-2a8c-4ef0-b2e4-54ec7710e6fa,aizat nazri,5,,"PayPal is a secure and reliable online payment platform that makes sending and receiving money easy. The app is user-friendly, transactions are fast, and it is widely accepted by online stores and businesses.",0,8.107.0,2026-07-21T11:15:08,,
"PayPal - Pay, Send, Save",com.paypal.android.p2pmobile,Finance,abac25cf-996e-4aa3-8304-63148a3f3a32,Owen Trantham,1,,otp codes never get sent out. apparently this has been an issue for some people for over a year. where's Paypal support?,0,8.107.0,2026-07-21T11:13:19,,
"PayPal - Pay, Send, Save",com.paypal.android.p2pmobile,Finance,0cd382aa-e445-45f2-9d3a-164859571f5d,Tammy Rifai,5,,"PayPal is an awesome virtual currency app. They take real good care of their clients. the app is extremely easy to use there's so many other rewards on their, discounts. PayPal is one of the better ones. The only thing I would say is that it would be nice if they offered advancements off of your direct deposits. so if you're one of those people looking for a virtual place for your money PayPal is the way to go",1,8.107.0,2026-07-21T11:00:13,,
"PayPal - Pay, Send, Save",com.paypal.android.p2pmobile,Finance,be87b747-d5a9-49b7-9c9b-80305d3a2503,archie archer,5,,This is hands down one of the best banking apps no probably the best banking app Except for the ads that everyone seems to be putting everywhere it's not just you guys you guys as in paypal but it's everywhere in a bad way,0,8.107.0,2026-07-21T10:42:19,,
"PayPal - Pay, Send, Save",com.paypal.android.p2pmobile,Finance,f34c86b8-b73a-4375-b4d8-35923229e443,testeru tesbot,1,,"i tried withdrawing money to my bank, bad conversion rate ill understand, but they refunded my withdrawal and the anount they gave back was missing $2, can't even dispute ""this kind of transaction"", so we're being transparent about stealing now? so this is how paypal stays big in the game?",0,,2026-07-21T10:12:05,,
"PayPal - Pay, Send, Save",com.paypal.android.p2pmobile,Finance,00aff664-039d-4f51-b550-6693863fb976,Brett Young,5,,great app tracking is also great,0,8.107.0,2026-07-21T09:48:00,,
"PayPal - Pay, Send, Save",com.paypal.android.p2pmobile,Finance,68ecfbe2-d4fa-4751-8c51-0c6f9c4f9d81,Andrew Padilla,5,,No b.s. with this card. Just tap & go money in the bank!,0,8.107.0,2026-07-21T09:34:29,,
"PayPal - Pay, Send, Save",com.paypal.android.p2pmobile,Finance,375bdf4a-0e34-4b32-9c22-154053bdb28a,Yáminah Gore,4,,I like this app. just wish they put your due date so you can keep up with sending payments in on time.,0,8.107.0,2026-07-21T09:23:46,,
"PayPal - Pay, Send, Save",com.paypal.android.p2pmobile,Finance,3156289b-04c9-4e7a-b90d-ca47cb5e2c16,The sisters felix,5,,fast and easy to use and pretty convenient,0,8.105.1,2026-07-21T08:48:26,,
"PayPal - Pay, Send, Save",com.paypal.android.p2pmobile,Finance,8a3049b3-52dc-44a0-9a56-927ab963efa5,james carroll,1,,"still not working , no matter how correct your information is still shows up wrong",0,8.107.0,2026-07-21T08:20:43,"We’d appreciate hearing your thoughts and ideas to improve the app. By giving us your feedback, you are helping us to understand what we do well, and what we need to focus on improving. Lisa",2023-07-21T23:01:42
"PayPal - Pay, Send, Save",com.paypal.android.p2pmobile,Finance,35502362-3601-4095-bbf7-d26b269cebea,A Google user,2,,nope go back to the old gui new (su ks),2,10.5.0,2026-07-21T08:14:17,,
"PayPal - Pay, Send, Save",com.paypal.android.p2pmobile,Finance,eaf2805d-cf7c-4bbf-870c-a71d18bcb999,Shaun Connell,5,,PayPal is a excellent way to pay without your details been shared out 👍👌.,0,8.107.0,2026-07-21T08:05:53,,
"PayPal - Pay, Send, Save",com.paypal.android.p2pmobile,Finance,d0980749-c79f-4123-b8a9-ebd7e7df5896,Chris Tucker,2,,other people can get your money,0,,2026-07-21T07:32:05,,
"PayPal - Pay, Send, Save",com.paypal.android.p2pmobile,Finance,b9119b14-2db9-475c-b905-931c3588671f,JA SC,5,,fast and secure!,0,8.107.0,2026-07-21T07:04:24,,
"PayPal - Pay, Send, Save",com.paypal.android.p2pmobile,Finance,1318fc1a-b144-4259-9a75-f5f811945149,Mey Dey,5,,nice apps,0,,2026-07-21T06:58:21,,
"PayPal - Pay, Send, Save",com.paypal.android.p2pmobile,Finance,e95d472c-6332-420c-a257-ffe2263c90d7,Unknown 3636,1,,"it's very difficult to sign up and log in to the most garbage and annoying financial application, too much useless security that actually makes signing up or logging in difficult",0,8.107.0,2026-07-21T06:53:53,,
"PayPal - Pay, Send, Save",com.paypal.android.p2pmobile,Finance,b11a1491-01fd-4226-a747-12175616f7d7,Mark Maynard,5,,"very nice app, very trustworthy.",0,8.107.0,2026-07-21T06:24:12,,
"PayPal - Pay, Send, Save",com.paypal.android.p2pmobile,Finance,79c5e69b-4f7f-4bf6-b344-8835ecff32e3,Mohammed,1,,I hope it will be available in Iraq,0,8.11.0,2026-07-21T05:50:35,,
"PayPal - Pay, Send, Save",com.paypal.android.p2pmobile,Finance,6ddb79b6-14a0-43c0-b23e-2bceb50feef9,Abdul Kader,4,,I want open and deposit,0,8.107.0,2026-07-21T05:35:13,,
"PayPal - Pay, Send, Save",com.paypal.android.p2pmobile,Finance,ad042535-c8a7-45f3-93ac-6a4a378ddad0,Christian Blessing,5,,Of all the ways to send money Paypal has been around the longest. I've used it for years and it's never failed me.,0,8.107.0,2026-07-21T05:33:48,,
"PayPal - Pay, Send, Save",com.paypal.android.p2pmobile,Finance,16a9e01d-15e7-4fe3-8b54-f4c71464b0be,Misty Brosenne,5,,it was okay I have no complaints,0,,2026-07-21T05:25:28,,
"PayPal - Pay, Send, Save",com.paypal.android.p2pmobile,Finance,c6c2b8b1-f709-408d-a8de-4ec3b87099aa,Yassar Alkhenaizi,5,,easy transaction,0,8.107.0,2026-07-21T04:09:41,,
"PayPal - Pay, Send, Save",com.paypal.android.p2pmobile,Finance,0c48db29-a071-4997-bb73-18e8b00b7cf6,Deborah Green,3,,i need a new card I don't know how to order it.,0,8.107.0,2026-07-21T03:13:01,,
"PayPal - Pay, Send, Save",com.paypal.android.p2pmobile,Finance,670b9836-bfe4-4e6e-b66f-2bfb8fdf7ace,Kimberly,2,,I used PayPal to get my direct deposit from social security for about 5 years with no problems. But then when I did have a problem (someone getting into my account and stealing my direct deposit) PayPal was not just useless to me but actually hindered my attempts to stop it. For over 6 months I got a different answer from each agent I spoke with and their assurances of having solved the problem,0,,2026-07-21T02:52:07,,
"PayPal - Pay, Send, Save",com.paypal.android.p2pmobile,Finance,746a884b-1faf-48b9-8fc8-a19420b58f8a,Belinda Briscoe,5,,Can access my PayPal account,0,8.107.0,2026-07-21T02:48:13,,
"PayPal - Pay, Send, Save",com.paypal.android.p2pmobile,Finance,46767648-022e-4595-b6c0-7c3491649e94,Bongumusa Fortune,5,,excellent and good app,0,8.107.0,2026-07-21T02:09:59,,
"PayPal - Pay, Send, Save",com.paypal.android.p2pmobile,Finance,8cd85604-c649-4b16-b23b-f0a82c35a5ef,Brandon Williams,5,,love it.,0,,2026-07-21T01:48:10,,
"PayPal - Pay, Send, Save",com.paypal.android.p2pmobile,Finance,575b5f55-1e88-4034-8987-0dee4809e1f5,Elita One,5,,"It works great! I use it for all sorts of payments and transfers. If you like to log out after you use it, like I do, a recent update has buried that option. Thoroughly. I have to hunt for it every time now. That's my only complaint.",1,10.4.0,2026-07-21T01:40:06,,
"PayPal - Pay, Send, Save",com.paypal.android.p2pmobile,Finance,892625ef-f930-4a9a-bb3f-0af4444c61a9,Tammy Rutter,1,,"I'm not sure what is going on here, but I am under the understanding that there is a card that is for child support through your app and I need to make sure I've had you guys for 13 years. What is really going on?",0,8.33.0,2026-07-21T01:39:33,"Hi Tammy. We're sorry you can't log into the app. Try uninstalling and reinstalling it. If you need further assistance, please contact our customer service at https://bit.ly/ContactPayPal. From there, click Password and Account Access and then Login Problems. Then, scroll down, you will see the logged-out contact options. -Meghan",2022-06-23T02:59:30
"PayPal - Pay, Send, Save",com.paypal.android.p2pmobile,Finance,1a8f606c-9394-4d76-91d2-9027e70d0d18,Jake Rhodes,1,,they are ridiculous they are holding my money for a month because the person hit for service o even then I completed the service on the app and that was supposed to make it release in 7 days but that didn't happened. but even if I was doing business I would not use PayPal cause what business wants to wait 30 days for there money. there are several other apps that can help and more convenient and doesn't hold YOUR money that don't belong to PayPal! VERY FRUSTRATING,0,,2026-07-21T01:39:26,,
"PayPal - Pay, Send, Save",com.paypal.android.p2pmobile,Finance,53096be4-2ece-4a4f-91ea-fe8720e12907,Emmanuel Miranda,1,,"Cant take a screenshot for payment confirmation, disgusting.",0,8.107.0,2026-07-21T01:36:17,,
"PayPal - Pay, Send, Save",com.paypal.android.p2pmobile,Finance,c6c31869-06f3-4d91-8c8b-5d5a1ef3b183,shifty,2,,nothing works. there's no human behind the screen I can talk to help delete my PayPal account. I don't trust this app it's all run by (generative) ai that doesn't even help just repeats the questions. 👎👎 give me back my information I don't trust you guys.,0,,2026-07-21T01:22:41,,
"PayPal - Pay, Send, Save",com.paypal.android.p2pmobile,Finance,56a3e9bc-3e3e-4753-896e-74ac0a72b5ce,Em C,1,,these are the most competent scam artists I've ever met. you have to be borderline genius to avoid their traps.,0,8.107.0,2026-07-21T01:15:01,,
"PayPal - Pay, Send, Save",com.paypal.android.p2pmobile,Finance,23a7f8c8-fe4c-46c7-8ce9-906c9bc3bf3e,Letina Burch,5,,Great,0,8.107.0,2026-07-21T00:53:38,,
"PayPal - Pay, Send, Save",com.paypal.android.p2pmobile,Finance,619a69b5-9f89-40c3-9ed0-c5837b52a897,Lilybet Kim,1,,"I am extremely frustrated with the PayPal app. For days, I’ve been trying to sign up, only to be met with a constant 'sorry, the problem is from us' error. When the app finally allowed me to get in and even when trying to access my old account, my account was immediately and permanently limited without any explanation. If PayPal does not fully support users from my region, it should state that clearly upfront rather than wasting people's time with glitchy errors and instant bans.",0,,2026-07-21T00:48:09,,
"PayPal - Pay, Send, Save",com.paypal.android.p2pmobile,Finance,c3017afd-a541-4cbb-b515-d1259a99681f,Luca,1,,"The UI was updated; and it's terrible. It's a pain to navigate, it doesn't match with the website; some features can only be accessed on the website now when it could previously be accessed in-app. On top of that, the PayPal website and app don't sync properly when it comes to preferred payment methods. The website shows my card is the preferred payment method, while the app shows it's my bank account (which i did not set as preferred.)",2,10.4.0,2026-07-21T00:46:53,,
"PayPal - Pay, Send, Save",com.paypal.android.p2pmobile,Finance,9c96447c-7c2e-4fd3-8661-7c938d8f4e49,TONJA Scott,5,,I love my PayPal,0,8.107.0,2026-07-21T00:30:10,,
"PayPal - Pay, Send, Save",com.paypal.android.p2pmobile,Finance,0217b851-20f5-4821-96a7-f673676d2b91,Petr Bajger,5,,Well done,0,10.4.0,2026-07-21T00:23:01,,
"PayPal - Pay, Send, Save",com.paypal.android.p2pmobile,Finance,a7c34fcf-bb6d-42bc-8ebd-b6a285dc177d,Cheryl Gibbons,5,,I like pay pal alot easier to use,0,8.107.0,2026-07-20T23:46:21,,
"PayPal - Pay, Send, Save",com.paypal.android.p2pmobile,Finance,ae75badd-413e-482a-bccc-fa004cb18396,Diane Moore,3,,I don't like using PayPal at all. Too hard to manage,0,8.83.0,2026-07-20T23:37:34,,
"PayPal - Pay, Send, Save",com.paypal.android.p2pmobile,Finance,bd504720-4f2c-4e39-84bb-ef70bceee48f,Peyare Khan,5,,thanks for everything and all paypal team,0,8.107.0,2026-07-20T23:27:17,,
"PayPal - Pay, Send, Save",com.paypal.android.p2pmobile,Finance,79771a49-bbb5-42ab-bd43-b70f90dc0f28,Cinoe Williams,1,,app has illegal external trackers and spies and I am going to have this app and the people who are behind this prosecuted and I will win i am Christin Anthony Williams the one who has been accused and abused and this is my alaby I just became aware as of 7/19/2026,0,8.107.0,2026-07-20T23:13:28,,
"PayPal - Pay, Send, Save",com.paypal.android.p2pmobile,Finance,21d7d988-5d7f-4c36-9299-b3b255962bee,William Black,5,,Best,0,,2026-07-20T23:07:12,,
"PayPal - Pay, Send, Save",com.paypal.android.p2pmobile,Finance,79349462-61b0-4c8a-aaa4-a07f0272166c,Anthony Dussault,1,,horrible,0,8.107.0,2026-07-20T23:07:11,,
"PayPal - Pay, Send, Save",com.paypal.android.p2pmobile,Finance,344ed893-421a-418c-ac06-290fe06c112e,john jackson,5,,easy to use,0,8.107.0,2026-07-20T22:40:52,,
"PayPal - Pay, Send, Save",com.paypal.android.p2pmobile,Finance,a5e572b8-7dce-4347-9a5f-64247c04fbed,Zach Hagelgans,5,,paypal has come along way and has a lot to offer that other institutions do not I fully recommend especially if you make purchases online,0,8.107.0,2026-07-20T22:40:16,,
"PayPal - Pay, Send, Save",com.paypal.android.p2pmobile,Finance,3b40d0fa-b966-4b6e-8559-2baee5e74d9f,Azrael O'Dorren,5,,It works for what I need it for.,0,8.107.0,2026-07-20T22:14:03,,
"PayPal - Pay, Send, Save",com.paypal.android.p2pmobile,Finance,7e8911da-a9a0-49f7-937f-8f53c7bcf2d5,Billie G.,1,,Most recent version I am Missing most recent transactions in transaction history. The quick links from home page are missing and way too many product adds on home page. Logging in through Web Browser from now on.,2,10.4.0,2026-07-20T22:06:11,,
"PayPal - Pay, Send, Save",com.paypal.android.p2pmobile,Finance,33b3b20b-d428-43a5-b75a-b80965218463,Frances Rochford,1,,they are horrible i paid someone the money he lied and said he didnt get the money I even showed them proof and they tried to make me pay again I will never use PayPal nor recommend them to anyone,1,,2026-07-20T22:05:34,,
"PayPal - Pay, Send, Save",com.paypal.android.p2pmobile,Finance,82ee35f6-9c6e-4b56-9a68-7a610b3f01dc,Jeremy Refson,5,,killer,0,8.107.0,2026-07-20T21:47:01,,
"PayPal - Pay, Send, Save",com.paypal.android.p2pmobile,Finance,146f6d7b-fefd-4175-b293-61a5b8e48bb5,Seamus Connolly,5,,good,0,8.107.0,2026-07-20T21:25:54,,
"PayPal - Pay, Send, Save",com.paypal.android.p2pmobile,Finance,5fdeda7e-5e17-41c5-a7af-80bd78c35c17,Ali Akram,5,,excellent fast service,0,8.107.0,2026-07-20T21:23:47,,
"PayPal - Pay, Send, Save",com.paypal.android.p2pmobile,Finance,1d1397bf-2f5a-4dfa-81eb-39320783ad30,HiTek RedNek,3,,"PayPal talks big on their business app and POS, but customer service fails hard. The chat bot is as useful as junk in a garage, just taking up space. PayPal Credit has its own issues too. Tried setting up a payment schedule, used the chat bot to confirm a transaction, exited, and got kicked out of the credit section. Logged back in, waited through the reload, tried again, and the chat bot hijacked the screen asking if I still wanted to chat. Then it locked up. Fix your app.",0,,2026-07-20T20:49:50,,
"PayPal - Pay, Send, Save",com.paypal.android.p2pmobile,Finance,fa173d59-6cbb-40e3-bbd5-ddb106098377,Lokesh Kumar,5,,👻,0,,2026-07-20T20:46:11,,
"PayPal - Pay, Send, Save",com.paypal.android.p2pmobile,Finance,e887627f-5972-4e11-992b-ac4f37b63cc5,DReeves,4,,ups and downs,0,,2026-07-20T20:34:00,,
"PayPal - Pay, Send, Save",com.paypal.android.p2pmobile,Finance,dc2d7820-a572-48d2-b9a5-a90bb6ae6987,Phyllis Love,5,,"Been user for over 20 years before all these other apps. May be a bit time-consuming for conflict resolution, but understandably, vetting takes monitoring, so I still give 5 stars. Dependable, easy to use, and secure.",1,8.107.0,2026-07-20T20:11:22,,
"PayPal - Pay, Send, Save",com.paypal.android.p2pmobile,Finance,66508a7f-5452-4f02-a9bf-630ac0cb2080,Agbaje Paul chukwuneke,5,,love 💙💙💙 ⭐,0,8.107.0,2026-07-20T20:05:59,,
"PayPal - Pay, Send, Save",com.paypal.android.p2pmobile,Finance,636d3c19-5c34-4c7d-b002-cff033a39838,myworld story,5,,mudah untuk membuat pembayaran,0,8.107.0,2026-07-20T19:56:02,,
"PayPal - Pay, Send, Save",com.paypal.android.p2pmobile,Finance,d6602ace-79d8-4a15-ad21-d306d06fabcf,Tom Meadowcroft,1,,"Has become totally unusable over the last few years. I am locked out of my account and any attempt to reset my password shows ""Something is wrong try again later"" for weeks on end. 30 mins waiting for a reply from their chat and a 30 minute international call I'm told I'll receive a password reset email and two hours later nothing. Fed up with it now. Won't be using going forward. A huge downfall from such a household name.",2,8.107.0,2026-07-20T19:33:44,,
"PayPal - Pay, Send, Save",com.paypal.android.p2pmobile,Finance,08bee9c0-5c3e-4811-a857-1e03ff9a4843,Delogen Garganian Omagtang,5,,"Thank You PayPal, I trust this app,and let me link my virtual card in the Philippines",0,8.107.0,2026-07-20T19:23:05,,
"PayPal - Pay, Send, Save",com.paypal.android.p2pmobile,Finance,e18fc694-b10c-4251-811b-fd7f758ea6cc,Joseph Lupines,5,,good,0,8.107.0,2026-07-20T19:21:44,,
"PayPal - Pay, Send, Save",com.paypal.android.p2pmobile,Finance,2568618b-3117-45b8-b3d5-525a63c9ba2e,Deano,5,,fairly straight foward enough but yeah good once your all set up😁,0,8.107.0,2026-07-20T19:02:55,,
"PayPal - Pay, Send, Save",com.paypal.android.p2pmobile,Finance,36c82514-cbe7-46db-9151-c560709d276a,Robert Hall,1,,"complete joke. can't receive verification texts. try to receive email verification. try to input verification email number to verification website, but then it times out...",1,,2026-07-20T18:52:25,,
"PayPal - Pay, Send, Save",com.paypal.android.p2pmobile,Finance,5f7840b3-3231-4634-aa39-4f83d8bddf44,Solomon Azubuike,2,,"PayPal is a very interesting App, But it is not fair not to allow Nigeria's to be able to receive there payments after working please the teams should work towards it at list 200$ should be able to enter the account Thank you...",0,,2026-07-20T18:46:42,,
"PayPal - Pay, Send, Save",com.paypal.android.p2pmobile,Finance,ce23eca5-98b4-4a4b-9db7-42791dd0b6e2,Sponge HUB,1,,keeps asking for camera permission when it already has it,1,,2026-07-20T18:38:22,,
"PayPal - Pay, Send, Save",com.paypal.android.p2pmobile,Finance,61121b63-03e4-419e-9f6e-f4522c5334a9,hansani herbert,5,,Good,0,8.107.0,2026-07-20T18:32:38,,
"PayPal - Pay, Send, Save",com.paypal.android.p2pmobile,Finance,490d5e99-b77e-4b5c-bc8b-366a24676646,Laura Yackuboskey,1,,"what happened to this app? it's completely full of store ads now. it used to be so easy to find what I was looking for and now I have to search forever just to find something as simple as account activity. plus the black background makes it harder to see. believe it or not some people have color blind issues and a black background makes it really difficult. if I didn't have to use PayPal to pay an invoice from an online store that I absolutely love, I wouldn't use this at all anymore.",2,10.4.0,2026-07-20T18:30:52,,
"PayPal - Pay, Send, Save",com.paypal.android.p2pmobile,Finance,90c0e6cb-82b3-41c2-8dc9-dd047fecb1a6,JESSICA OBAD,5,,cute and lovely app,0,,2026-07-20T18:24:46,,
"PayPal - Pay, Send, Save",com.paypal.android.p2pmobile,Finance,f51e5191-d3d8-409e-8d50-4f7c1cdc37f5,Steven Raynel,5,,Easy streamlined transfers and purchases,0,8.107.0,2026-07-20T18:24:12,,
"PayPal - Pay, Send, Save",com.paypal.android.p2pmobile,Finance,17cef97c-d102-4248-9ecd-5590f6e94357,Mamogwashi Pretty,5,,Paypal is secure and trustworthy. It's quick and safe to use.,0,8.107.0,2026-07-20T18:18:51,,
"PayPal - Pay, Send, Save",com.paypal.android.p2pmobile,Finance,c522e251-b4c5-4b70-bb3f-447efb99fcba,Megan Metters,5,,Best way to send money and receive money from long distance family and kids,0,8.107.0,2026-07-20T18:12:48,,
"PayPal - Pay, Send, Save",com.paypal.android.p2pmobile,Finance,f6b6c4b6-5ffb-4fc8-8aee-e3f0406b5861,Cooper Williams,1,,"sueing yall, stole over 5000 from me which someone sent to me and yall ""refunded"" it to them and they didn't receive it back and i didn't get it either.",0,8.107.0,2026-07-20T18:12:44,,
"PayPal - Pay, Send, Save",com.paypal.android.p2pmobile,Finance,b89a92f6-7e8d-4a1f-af19-9d61e1e3f504,alexander vick,1,,"PayPal is a decent application usually, but recently I've become involved in a scam where they're holding my money in a locked account. PayPal is fully aware that the seller is incapable of accessing this account to refund me or withdraw the money but they refuse to send it back to me or credit my account.",1,8.107.0,2026-07-20T17:29:37,,
"PayPal - Pay, Send, Save",com.paypal.android.p2pmobile,Finance,ba58af3b-2e9d-4b24-ac4f-b3a041eefae6,Caleb Wipf,1,,hold money for months for absolutely no reason . do not use this company,1,8.107.0,2026-07-20T17:28:18,,
"PayPal - Pay, Send, Save",com.paypal.android.p2pmobile,Finance,312620e6-86a8-47b7-bd3f-f854048b5824,Keisha Francis,5,,"PayPal is an excellent app that makes sending and receiving money quick, easy, and secure. The interface is clean, user-friendly, and makes it simple to manage payments, track transactions, and shop online with confidence. I appreciate how reliable and convenient the app is for both personal and business use. Transactions are processed smoothly, and the security features provide extra peace of mind. Overall, PayPal is a trusted and efficient payment app that I highly recommend",0,,2026-07-20T17:15:14,,
"PayPal - Pay, Send, Save",com.paypal.android.p2pmobile,Finance,5b448f42-1e6f-449d-9092-67dae19e04c4,Zarskid Peperdem (ZARSKID PEPERDEM),5,,good luck,0,,2026-07-20T17:04:21,,
"PayPal - Pay, Send, Save",com.paypal.android.p2pmobile,Finance,b2447b78-b2e7-4014-a927-596b305c4bfd,dahpfhanie nicole,5,,good apps,0,,2026-07-20T16:57:26,,
"PayPal - Pay, Send, Save",com.paypal.android.p2pmobile,Finance,cda40639-11fd-4ae7-b58a-0779aa21b6b3,Dhritiman Choudhury,1,,I don't have any business how will I provide any business licence strange,1,8.107.0,2026-07-20T16:23:20,,
"PayPal - Pay, Send, Save",com.paypal.android.p2pmobile,Finance,389d084c-c269-44b4-9126-8dd90eab4b5f,lerato07 sthole,4,,good app,0,,2026-07-20T16:00:15,,
"PayPal - Pay, Send, Save",com.paypal.android.p2pmobile,Finance,7a1ff30f-82f2-4b0f-abad-e63131911e43,Isaac John-Giles,1,,You're a scam! You're a scam artist!!!,1,,2026-07-20T15:46:53,,
"PayPal - Pay, Send, Save",com.paypal.android.p2pmobile,Finance,dc262d20-48f2-4502-90f5-5673675e0570,Good luck Benjamin obasi,5,,PayPal is very good my brother and sister go and try men,0,8.107.0,2026-07-20T15:41:32,,
"PayPal - Pay, Send, Save",com.paypal.android.p2pmobile,Finance,6cac1fe9-8281-4929-8753-23f655113d05,Richard Lougher,1,,"STOP FLIPPIN EMAILING PEOPLE IN THE MIDDLE OF THE NIGHT!!!! ALL NIGHT EVERY NIGHT!!@@! NOBODY ASKED YOU, OR GAVE YOU PERMISSION TO TRACK EVERY OTHER COMPANY I ORDER FROM AND TRACK THOSE ORDERS, MUCH LESS, SEND ME 400 EMAILS ABOUT IT!!!!! STOP!!!! STOP!!!! STOP!!!!",1,8.107.0,2026-07-20T15:27:00,,
"PayPal - Pay, Send, Save",com.paypal.android.p2pmobile,Finance,e80876ec-f1a6-44e4-baca-c9f6b5bd2d7e,Gone To lunch,1,,will not let you use anything but a Gmail email address.,1,8.104.1,2026-07-20T15:13:21,,
"PayPal - Pay, Send, Save",com.paypal.android.p2pmobile,Finance,ae8d4866-51f1-4c74-916d-56c7674ee41a,Emmanuel Marshall,2,,So there's actually no way to set the currency conversion option by default anymore? I have to choose a reasonable rate from my card provider every time i do checkout? This is borderline scam territory.,0,8.107.0,2026-07-20T15:12:27,,
"PayPal - Pay, Send, Save",com.paypal.android.p2pmobile,Finance,de4d1107-a161-442b-8fe1-d98ef45c1ae1,Reuben Wilson,5,,fantastic,0,8.107.0,2026-07-20T14:49:43,,
"PayPal - Pay, Send, Save",com.paypal.android.p2pmobile,Finance,28864867-1974-4c3a-9dbd-d4d716dbf8dd,Simphiwe Dalasile,5,,Very good,0,8.107.0,2026-07-20T14:46:59,,
"PayPal - Pay, Send, Save",com.paypal.android.p2pmobile,Finance,d4f1ddb4-1707-4016-aa45-18c1d976c11a,Emily Bixby,5,,"I love PayPal, so far so good and user friendly and safe ! they are the best!! facts",0,,2026-07-20T14:18:47,,
"PayPal - Pay, Send, Save",com.paypal.android.p2pmobile,Finance,14eaac38-8821-4167-acc6-437e171d29c9,Jonathan Jordan,5,,great app not one time since I have been a customer with PayPal for over 3 years I have been please with the customer banking service that is service to me,0,8.107.0,2026-07-20T13:45:58,,
"PayPal - Pay, Send, Save",com.paypal.android.p2pmobile,Finance,fff32c83-6486-498c-89c7-446b086b7e29,Jennifer Haberlein,5,,great,0,8.107.0,2026-07-20T13:40:10,,
"PayPal - Pay, Send, Save",com.paypal.android.p2pmobile,Finance,11d7e8ec-123c-4c11-b10e-420fb4a3f772,Febierae Ebuenga,5,,"good for saving money, paying bills ang transferring money",0,8.107.0,2026-07-20T13:35:19,,
"PayPal - Pay, Send, Save",com.paypal.android.p2pmobile,Finance,bcad2932-f5a6-44a2-981d-91ecf388ef30,Teresa Cousins,4,,pretty decent app.,0,8.107.0,2026-07-20T13:28:03,,
"PayPal - Pay, Send, Save",com.paypal.android.p2pmobile,Finance,09b41c20-4060-4718-b770-af02bb0f0874,Ronald Operaña,5,,Very Nice,0,,2026-07-20T13:16:53,,
"PayPal - Pay, Send, Save",com.paypal.android.p2pmobile,Finance,832f7456-1d67-4439-be9b-3daa6df09c93,abdulrahman Salah,1,,"Ich wurde über Ihre Plattform um 366 Euro betrogen. Ich habe dort eine Klimaanlage gekauft, die jedoch nicht wie vereinbart geliefert wurde. Der sogenannte Käuferschutz von Ihnen und PayPal hat mir überhaupt nicht geholfen. Obwohl der Betrug eindeutig ist, konnten weder Sie noch PayPal oder eBay mein Geld zurückholen. Ich bin sehr enttäuscht, weil mit Käuferschutz geworben wird, Kunden im Ernstfall aber offenbar nicht ausreichend geschützt werden. Ich fordere Sie daher auf, meinen Fall erneut",0,8.84.0,2026-07-20T13:06:19,,
"PayPal - Pay, Send, Save",com.paypal.android.p2pmobile,Finance,d89bff41-9441-4af6-84a0-a9db1332bd1d,Emily Hernandez,1,,"I got money stolen from me and they say there's nothing suspicious, I had my password changed and they said there is nothing suspicious. I reported and called them and they do nothing. Unfortunately will have to delete my account. too many security issues and they do nothing",2,8.107.0,2026-07-20T12:36:30,,
"PayPal - Pay, Send, Save",com.paypal.android.p2pmobile,Finance,06bde6c8-bf3e-4f73-bbcf-34781961830f,Akosimoises Romero,5,,satified good app highly recomended,0,,2026-07-20T12:33:02,,
"PayPal - Pay, Send, Save",com.paypal.android.p2pmobile,Finance,89e92a1f-f09e-4ea4-95af-fd7a903552df,EzeGodwin Chukwuemeka,4,,wld I be able to redraw money from this app to me other bank cos it helpful,0,,2026-07-20T12:30:54,,
"PayPal - Pay, Send, Save",com.paypal.android.p2pmobile,Finance,39bcc2a8-929d-427a-9b8a-14e87cd1eb0f,Pete Driver,1,,"Foreign Transactions Beware. In their efforts to simplify the app, they've made it easy to send the wrong amounts to the wrong person. There is no confirmation before the transaction is completed. And if you're dealing with currencies it can easily switch back to another currency without notice. I've uninstalled the app. Between the homepage being nothing but ads, and now this currency swap. It's unusable.",1,8.72.0,2026-07-20T12:00:06,,
"PayPal - Pay, Send, Save",com.paypal.android.p2pmobile,Finance,4b96b278-e8ef-4013-9f42-51f14be70fc1,IKA WILLIE JESSE,1,,"PayPal is definitely racist, if you're an African, don't bother downloading this nonsense. I download it, provide every info they need, and then first they tell me my account is limited and that I can only use it when I provide identity verification info. funny thing is they do this immediately you're done with the first process. I want to use my account fast, so I provide my national identity number, and then they say I can't use PayPal coz something suspicious blah blah. smells like Facebook.",0,8.107.0,2026-07-20T10:58:44,,
"PayPal - Pay, Send, Save",com.paypal.android.p2pmobile,Finance,089b5dc5-fa4f-476b-a6c5-d5a8daddd664,Steven Barbre,5,,great,0,,2026-07-20T10:50:14,,
"PayPal - Pay, Send, Save",com.paypal.android.p2pmobile,Finance,7363a4e9-3ec5-4487-9c5f-d50adea23d8c,Anver Carrim Miskin,5,,LOVE IT,0,8.107.0,2026-07-20T10:46:07,,
"PayPal - Pay, Send, Save",com.paypal.android.p2pmobile,Finance,fe72147a-8020-4b23-89a0-039777173ea2,ZenlessAdventurousZero REVIEWS,1,,every single person who ever has an issue with paypal should come together and sued PayPal for the constant issues of logging into your account and the lateness it keeps having too many freaking issues this app has and nothing doesn't seem to get fixed. every PayPal costume should deactivate their account and find a better app that doesn't have to many freaking issues,0,8.107.0,2026-07-20T10:24:04,,
"PayPal - Pay, Send, Save",com.paypal.android.p2pmobile,Finance,da850bd4-f9d8-4de9-9a17-8d8efe0cfee9,A Google user,5,,it help me keep track of my spending,0,,2026-07-20T09:57:21,,
"PayPal - Pay, Send, Save",com.paypal.android.p2pmobile,Finance,2f8316ee-78e5-41c7-bd61-a2cdb5385530,Eunice Zyrene Santiago,1,,"not recommended, too strict",0,8.107.0,2026-07-20T09:49:12,,
"PayPal - Pay, Send, Save",com.paypal.android.p2pmobile,Finance,69bcca7d-eeeb-43e3-807f-7e803a3eade6,Brixey,2,,Disconnects my Chime card constantly when it came to recurring payments which caused me to get declined for pay in 4. App deleted.,0,10.4.0,2026-07-20T09:18:09,,
"PayPal - Pay, Send, Save",com.paypal.android.p2pmobile,Finance,d2a300ae-c4aa-4927-b352-dcaaa4e67f23,John Kelley,5,,excellent app,0,8.107.0,2026-07-20T08:50:00,,
"PayPal - Pay, Send, Save",com.paypal.android.p2pmobile,Finance,aa4ea9e8-1daa-48fd-9205-2488d267c924,Betty Widener,5,,It was pretty quick and easy setting everything up,0,8.107.0,2026-07-20T08:41:25,,
"PayPal - Pay, Send, Save",com.paypal.android.p2pmobile,Finance,a999f7c3-446d-407f-90c7-b57da6313058,primero ultimo,1,,why are my rewards for the entire month of July missing? ai agent says is cos my account is not in good standing or something,1,8.107.0,2026-07-20T07:55:41,,
"PayPal - Pay, Send, Save",com.paypal.android.p2pmobile,Finance,95153cc7-5594-47fd-b5bb-0af51a307f08,Jason Peattie,5,,"always ready to roll, great app interface and easy to use",0,8.107.0,2026-07-20T07:51:08,,
"PayPal - Pay, Send, Save",com.paypal.android.p2pmobile,Finance,89d3ffc5-71fb-4be4-a722-3665b16a331d,Heidi Fox,5,,have used for years and I love it. doesn't get more secure,0,8.107.0,2026-07-20T07:34:24,,
"PayPal - Pay, Send, Save",com.paypal.android.p2pmobile,Finance,361fa756-0363-4f61-97dd-878352e3c148,theresa holbert,5,,I have excellent service every time,0,8.107.0,2026-07-20T07:30:50,,
"PayPal - Pay, Send, Save",com.paypal.android.p2pmobile,Finance,0ff4e928-de80-4468-a863-530d55bd3920,Scott Bowman,5,,More than a money app. A great tool to help keep your finances in order.,0,10.4.0,2026-07-20T07:29:01,,
"PayPal - Pay, Send, Save",com.paypal.android.p2pmobile,Finance,3e981586-dbe5-4755-9da0-a9246212b1cc,Shannon Shirt,5,,loving this app,0,8.98.1,2026-07-20T06:56:00,,
"PayPal - Pay, Send, Save",com.paypal.android.p2pmobile,Finance,9368b979-9d7b-4e33-8b77-1f107d51cdc5,Tarik Hamzić,1,,terrible login system,0,8.107.0,2026-07-20T06:51:42,,
"PayPal - Pay, Send, Save",com.paypal.android.p2pmobile,Finance,9b1aa186-948a-4859-a5bb-5a335603cc34,Evan T,1,,"I needed to use PayPal one time because I happened to be dealing with someone making something for me in the US, I'm based in Canada. Then the next time I went to use PayPal, my account was permanently limited for some reason and they don't even tell you why. AND their customer service sucks! No email to contact them. What a terrible experience.",1,8.107.0,2026-07-20T06:39:56,,
"PayPal - Pay, Send, Save",com.paypal.android.p2pmobile,Finance,e30af6b7-3700-4659-8163-7c975632b7de,Kigati Suda,2,,sign in for me,0,8.107.0,2026-07-20T06:37:50,,
"PayPal - Pay, Send, Save",com.paypal.android.p2pmobile,Finance,cdb6a8aa-326d-4d21-8d58-503c89170532,Maddox Bago,1,,"worst money transfer app. Im a small artist who makes custom digital pieces by demand. im not a major business so I set up a personal account as I make maybe $200 a year doing this. I set this up so non us people could purchase from me. they verify way more than every other app. email, phone number, ID, bank info, etc. then i get payment. they are holding it till I prove 10 transactions for at least 200!!! why!! its my money. I verified who I am!! he sent it to me for a reason!!",1,8.107.0,2026-07-20T06:02:08,,
"PayPal - Pay, Send, Save",com.paypal.android.p2pmobile,Finance,d5975679-3cc6-4c5d-96b3-cf52beb66536,Princes Arabell,5,,I always love PayPal is the best of all the apps that are to download for me PayPal will always be my favorite 😍if I could I would give more stars😎🙏,0,,2026-07-20T05:46:25,,
"PayPal - Pay, Send, Save",com.paypal.android.p2pmobile,Finance,7812c9e5-c7d4-4951-b13c-60fa143c2531,Ann Merrett,5,,love it simple in every kind of way..,0,8.107.0,2026-07-20T05:13:48,,
"PayPal - Pay, Send, Save",com.paypal.android.p2pmobile,Finance,40c35a3c-5e9e-4d5c-8d79-01e334316c2d,H Marie,1,,I can't even use my own money on this app. Paypal is just holding it. I've added my bank 6 times. Added multiple cards. Email address verified. It's now 2 days after receiving a payment I still don't have access too!,1,8.107.0,2026-07-20T05:11:15,,
"PayPal - Pay, Send, Save",com.paypal.android.p2pmobile,Finance,f61ffbf1-413a-48cb-a9f3-0e0b28ce0af9,Ejovwoke Ughwanogho,1,,Fraudulent activities using Google,1,,2026-07-20T04:58:12,,
"PayPal - Pay, Send, Save",com.paypal.android.p2pmobile,Finance,4a41b7f4-31c0-4582-bf6b-02a43b4b0459,hezekia bishaza,1,,I still think if I can receive my Facebook payment in this account,1,,2026-07-20T04:30:01,,
"PayPal - Pay, Send, Save",com.paypal.android.p2pmobile,Finance,5ca985be-7d44-45a8-b445-f58f0d7107e4,Angela Denise Cooks,3,,as long as you can get a live person to handle issues they will be resolved. since everything is cash out on the app . it's ok to have. never got a card or offer to get one and I almost had to make another account as most is PayPal to PayPal.,0,8.95.0,2026-07-20T03:46:26,,
"PayPal - Pay, Send, Save",com.paypal.android.p2pmobile,Finance,4b8ceb47-c8a8-4c59-b18e-8f8a8a8a0d4d,Nomonde Dukwe,5,,is the best app ever,0,8.107.0,2026-07-20T03:32:59,,
"PayPal - Pay, Send, Save",com.paypal.android.p2pmobile,Finance,4a04987a-43f6-4ab3-9b8d-d2a899e5c6d9,Sean Lindsey,1,,it doesn't let you link other accounts,1,,2026-07-20T02:55:22,,
"PayPal - Pay, Send, Save",com.paypal.android.p2pmobile,Finance,094e59b1-08f5-4bb2-b5a5-1a85f34c4e15,FXRBES Beatz,1,,pos app,1,10.4.0,2026-07-20T02:15:46,,
"PayPal - Pay, Send, Save",com.paypal.android.p2pmobile,Finance,104e8be0-413d-4638-95b1-8bb9fcff5800,Gail Graunke,1,,Enjoy that it is kept on file,1,8.34.0,2026-07-20T02:13:28,,
"PayPal - Pay, Send, Save",com.paypal.android.p2pmobile,Finance,04139a17-3f34-491e-b2ef-7956673aa418,Tedi Ursa,1,,keep getting stuck on account creation,0,8.107.0,2026-07-20T02:05:07,,
"PayPal - Pay, Send, Save",com.paypal.android.p2pmobile,Finance,07ef2ddc-c672-4bf0-adac-343b88a3c4f1,J e n,1,,payment holds for using PayPal more than usual. bizarre its like they dont want me to use it,2,8.107.0,2026-07-20T01:59:53,,
"PayPal - Pay, Send, Save",com.paypal.android.p2pmobile,Finance,051ff2a1-1977-4f6a-9363-6ff4a047b9b9,Andra Wickware,4,,good,0,8.107.0,2026-07-20T01:57:51,,
"PayPal - Pay, Send, Save",com.paypal.android.p2pmobile,Finance,c38c2158-3801-47d6-8b13-5075a563e911,TheGipsyQueen,5,,"The easiest way to send funds to friends and loved, near and far!!!",0,8.107.0,2026-07-20T01:44:44,,
"PayPal - Pay, Send, Save",com.paypal.android.p2pmobile,Finance,02e2d674-16ed-4dc1-bdc2-ca1348811f0d,Michael Hurlburt,1,,PayPal sucks.,0,8.106.0,2026-07-20T01:31:44,,
"PayPal - Pay, Send, Save",com.paypal.android.p2pmobile,Finance,e3bf0bd0-a08b-4a63-ad2d-69b0b43fc8f8,Thomas McFarland,5,,"fast and easy, no charge to my account.",0,8.107.0,2026-07-20T01:30:25,,
"PayPal - Pay, Send, Save",com.paypal.android.p2pmobile,Finance,bc322943-df7c-46d8-8fba-2df368e62107,Thomas Kulawinski,4,,Works great right up until you lose your device and have your Email password changed on you then you're just....um... F'd !,0,,2026-07-20T01:27:55,,
"PayPal - Pay, Send, Save",com.paypal.android.p2pmobile,Finance,af5ee69d-9925-4c04-be0b-4b879e7ad3bc,Ohonsi Margaret,3,,"You can use it to transfer to Palmpay ,other online banks and other banks",0,,2026-07-20T01:18:48,,
"PayPal - Pay, Send, Save",com.paypal.android.p2pmobile,Finance,77978051-1168-40e6-ba41-7871d27e8088,Earl Louis,5,,good as ever,0,8.107.0,2026-07-20T01:09:52,,
"PayPal - Pay, Send, Save",com.paypal.android.p2pmobile,Finance,3331208e-821a-4ced-a5e4-e8c3d6d2d558,Jerry Price,3,,terrible,0,10.4.0,2026-07-20T01:00:01,,
"PayPal - Pay, Send, Save",com.paypal.android.p2pmobile,Finance,c639adc3-db4e-468d-81d9-305b26cf81bb,Vulpurus,2,,"App won't stop opening on its own. I close it, and it opens up again either in the background, or while my screen is locked. Won't stop unless I force close the damned thing.",0,8.107.0,2026-07-20T00:53:43,,
"PayPal - Pay, Send, Save",com.paypal.android.p2pmobile,Finance,9143c262-d14d-4dcc-9aa6-0463b39bfe2c,Mohamed Sakr,1,,"I'm giving one star because I just created an account,sent all the required documents to prove it and that I'm of legal age in my country and got my account permanently limited despite not Even doing any transactions and can't even contact support to help with my issue. I don't recommend this app to any one.",1,8.107.0,2026-07-20T00:26:51,,
"PayPal - Pay, Send, Save",com.paypal.android.p2pmobile,Finance,1116453d-1432-4c09-ab3b-f910fff41fe9,Violet Camel,2,,Best when I use tap to pay.,0,8.107.0,2026-07-20T00:13:05,,
"PayPal - Pay, Send, Save",com.paypal.android.p2pmobile,Finance,3de268de-76bb-464e-ae04-7917f80aba7b,naomi,1,,u cant js ban me from my account with 0 explanation only cuz i dont remember my password u have permanently blocked my account,0,,2026-07-19T23:59:51,,
"PayPal - Pay, Send, Save",com.paypal.android.p2pmobile,Finance,828a2f9b-7790-4452-8187-76852e400edc,Pinky Megdlin Booysen,5,,login access account to transfer money,0,,2026-07-19T23:55:01,,
"PayPal - Pay, Send, Save",com.paypal.android.p2pmobile,Finance,39bd0104-2524-46ad-b0cc-2206c1ed5010,Julia G,1,,"I tolerated this app/card because of the rewards program. Now that they ""updated"" their program, their services are pretty much useless to me.",0,,2026-07-19T23:37:21,,
"PayPal - Pay, Send, Save",com.paypal.android.p2pmobile,Finance,83a0790b-50b8-4fdf-b04c-314e60219476,Aiden D,2,,i just updated and i genuinely hate this new ui. its so clunky and ugly. it was so much easier to use and navigate previously :/ previously the account page was very sleek and i could see all my balances without even having to scroll. now everything takes up way more space than necessary and is harder to find. front page is also disgustingly full of ads and garbage offers,2,10.4.0,2026-07-19T23:16:51,,
"PayPal - Pay, Send, Save",com.paypal.android.p2pmobile,Finance,566363b8-d4e4-4845-8011-b1ca8596e20b,Joselito e Cabrera,5,,love it,0,8.107.0,2026-07-19T23:08:51,,
"PayPal - Pay, Send, Save",com.paypal.android.p2pmobile,Finance,f55dd817-9302-4c71-a2d7-95b2e900156c,Jack “Jayy”,5,,"this is my go -to, card",0,8.107.0,2026-07-19T23:06:11,,
"PayPal - Pay, Send, Save",com.paypal.android.p2pmobile,Finance,0bd6f6ef-9ea0-45aa-b746-2dfdc37d9293,LindaRosa,1,,can't get access,0,8.107.0,2026-07-19T23:04:30,,
"PayPal - Pay, Send, Save",com.paypal.android.p2pmobile,Finance,3b2c5e2f-89a7-4c81-acec-9772bdf9caa7,The president Xilaveko,4,,good,0,,2026-07-19T22:02:43,,
"PayPal - Pay, Send, Save",com.paypal.android.p2pmobile,Finance,9dfb80b2-1107-4b84-932b-85bf5b885bab,Brian Knowler,1,,"Worst company I have every had dealings with, customer support lied to me every time I talked to them. should be negative stars.",4,8.107.0,2026-07-19T21:53:38,,
"PayPal - Pay, Send, Save",com.paypal.android.p2pmobile,Finance,d24076b2-cf09-4230-8d8e-ffdc524f63c3,Ann Wood,4,,Fine thanks,0,8.107.0,2026-07-19T21:39:58,,
"PayPal - Pay, Send, Save",com.paypal.android.p2pmobile,Finance,61531f06-506e-4bbc-993b-8001a0da7323,Raul Perez,5,,it be great If paypal had a barrow loan.,0,8.107.0,2026-07-19T21:26:26,,
"PayPal - Pay, Send, Save",com.paypal.android.p2pmobile,Finance,b4ceddd8-3091-4105-a9f0-771837ffa394,Hartley Vicki,5,,awesome,0,8.107.0,2026-07-19T21:08:36,,
"PayPal - Pay, Send, Save",com.paypal.android.p2pmobile,Finance,e512ee80-8800-4c3c-8c0e-90ef4cc3ec27,Patrick Daly,5,,MURNI,0,8.107.0,2026-07-19T21:06:01,,
"PayPal - Pay, Send, Save",com.paypal.android.p2pmobile,Finance,226b9cd7-1e49-48e8-99d6-f5520068f7f6,carl brammer,5,,This is a Fantastic App to have on your Phone .,0,8.107.0,2026-07-19T20:58:32,,
"PayPal - Pay, Send, Save",com.paypal.android.p2pmobile,Finance,8e6ebddb-ae0e-4bc6-8f2e-5591944e919e,Yanagi qwq,1,,Being a digital artist and having this was a dream for having international customers. But verifying it and having a legal age ( i am legal age btw! ) ? Having the name properly and sent my documents clear for verification. They've banned me from my acc. My savings are still there and most of us artist don't get the money back. What for y'all havung more income in your accounts?.. The payment fee is also at a hugh price. leaving us underpaid.,1,,2026-07-19T20:55:16,,
"PayPal - Pay, Send, Save",com.paypal.android.p2pmobile,Finance,1db550e2-8480-435d-bc67-975e4e4ee06d,Melissa Hoglund (Melly),5,,good experience,0,8.90.1,2026-07-19T20:54:55,,
