app_name,app_id,category,review_id,username,rating,title,text,thumbs_up_count,review_created_version,at,reply_content,reply_at
Google Docs,com.google.android.apps.docs.editors.docs,Productivity,c13c58ed-cdb3-4329-b0c6-f71e4dda56ce,Billy Sparks,1,,cant even get my documents I sent to this thing by Bluetooth Google is useless,0,1.21.202.04.30,2026-07-26T16:18:10,Hi Billy. We'd like our users to have the best possible experience with the Google Docs app. We'll share your feedback with our product team. Thanks!,2026-07-26T22:07:10
Google Docs,com.google.android.apps.docs.editors.docs,Productivity,64f1b406-af9d-494b-af82-c82da145bfbc,Sukla Das,5,,"well, this is a great app. Not only the necessary information but also all kinds of writing tasks can be done here. This is really a very good app.",0,1.26.261.04.90,2026-07-26T16:05:16,,
Google Docs,com.google.android.apps.docs.editors.docs,Productivity,7aaf2056-1aed-4ba1-82b9-1cffe2b6df5d,Master coder,3,,good,0,1.26.281.01.90,2026-07-26T15:56:27,,
Google Docs,com.google.android.apps.docs.editors.docs,Productivity,47e27470-a46a-4245-910c-ec70fff74e6d,Raja Mubbashar,5,,good,0,1.26.291.00.90,2026-07-26T15:45:38,,
Google Docs,com.google.android.apps.docs.editors.docs,Productivity,e9878c1e-2afb-4593-8155-09812da8d90e,Moses David Abah,5,,Great app.,0,1.26.281.01.90,2026-07-26T15:44:47,,
Google Docs,com.google.android.apps.docs.editors.docs,Productivity,0ffbf1ce-4f0f-494b-a513-ec84e66c9ab3,SUMIT MEDA,5,,good,0,1.26.281.01.90,2026-07-26T15:24:10,,
Google Docs,com.google.android.apps.docs.editors.docs,Productivity,02e7af75-7466-4979-90e3-0846a3a484ca,Lochlan Braiden,5,,nakakatulong sya sa pag aaral ng mga students,0,1.26.281.01.90,2026-07-26T15:15:46,,
Google Docs,com.google.android.apps.docs.editors.docs,Productivity,9246ca6a-d384-4c00-8e6c-61e5f8ca13f7,Dhimmar Rakesh,5,,nice,0,1.26.271.03.90,2026-07-26T15:08:55,,
Google Docs,com.google.android.apps.docs.editors.docs,Productivity,450cad94-4acd-435a-9788-dc5da36836a1,ABBAKAR ALIYU BUGYA,5,,excellent 👌,0,1.25.341.00.90,2026-07-26T14:54:52,,
Google Docs,com.google.android.apps.docs.editors.docs,Productivity,5119f6a8-1ae4-4a61-94c7-3f7b1190a48d,Randi Jackson,5,,Best document app,0,1.26.281.01.90,2026-07-26T14:15:17,,
Google Docs,com.google.android.apps.docs.editors.docs,Productivity,832dc52a-08ed-4aa2-8761-525ecdc08b7a,Sangita Murmu,5,,😍😍,0,1.26.251.02.90,2026-07-26T14:02:20,,
Google Docs,com.google.android.apps.docs.editors.docs,Productivity,2b332a4c-6f12-4913-b0f1-f1c8f5c689af,Stephen Koya,5,,I can work from anywhere!,0,1.26.191.01.90,2026-07-26T13:49:55,,
Google Docs,com.google.android.apps.docs.editors.docs,Productivity,c2a14527-bfce-4238-b618-23a34769c3d7,TechaitShow Show,5,,It is best,1,1.26.291.00.90,2026-07-26T13:34:50,,
Google Docs,com.google.android.apps.docs.editors.docs,Productivity,97c5ca03-b894-4690-aad7-39a1f4656376,Saldan Xalxo,5,,बेहतरीन है यार गूगल मेरी जान ही है,0,1.26.131.00.90,2026-07-26T13:02:02,,
Google Docs,com.google.android.apps.docs.editors.docs,Productivity,f3aec4e0-7268-4208-bf43-d0cf13adfbdd,Sawan Kumar,5,,good 😊,0,1.26.291.00.90,2026-07-26T12:53:37,,
Google Docs,com.google.android.apps.docs.editors.docs,Productivity,95f479a3-de1c-4882-b67c-84b14c2618a5,Sudhanshu Verma,5,,best app for documents creation editing etc,0,1.26.091.03.90,2026-07-26T12:37:37,,
Google Docs,com.google.android.apps.docs.editors.docs,Productivity,b3a112ff-54e3-440d-b708-1c26027e2bbf,Nitish Kumar,4,,"one mistake page margine , layout options not in phone ,",0,1.26.271.03.90,2026-07-26T12:19:49,,
Google Docs,com.google.android.apps.docs.editors.docs,Productivity,6270b53a-0b72-4573-ad55-d498995a12d9,Fake Id,5,,please export problem fix all time an error occured while export to pdf,0,,2026-07-26T12:10:27,,
Google Docs,com.google.android.apps.docs.editors.docs,Productivity,059870c2-16e5-450b-880d-1940532efb8e,AlexTolu Ayaoge,5,,I just think Google docs is a really good docx editor. It's nice.,0,1.26.271.03.90,2026-07-26T12:04:57,,
Google Docs,com.google.android.apps.docs.editors.docs,Productivity,e0c4495d-c8ab-4d74-9de9-6930796d5e13,Gulam Dastagir Kalia,5,,very good service,0,1.26.281.01.90,2026-07-26T11:56:42,,
Google Docs,com.google.android.apps.docs.editors.docs,Productivity,a019b1a1-c0f2-433c-baf1-f448a7bdbe2b,Aamir zaffar,4,,Good Application,0,1.26.291.00.90,2026-07-26T11:38:23,,
Google Docs,com.google.android.apps.docs.editors.docs,Productivity,68c922a4-404b-409a-86bf-771bb7bed47d,deepak gaikwad,5,,Good application,0,1.26.191.01.90,2026-07-26T11:30:38,,
Google Docs,com.google.android.apps.docs.editors.docs,Productivity,f5c35f1b-13ff-4c93-aca1-e6891ac386f1,Jon,2,,"Search function doesn't work properly. Everytime i scroll through a lengthy doc, it's so easy to accidentally touch the scroll bar on the right and it'll suddenly bring me to another part of the doc. Has happened countless times by accident. Make it less sensitive or smaller!",3,1.26.291.00.90,2026-07-26T11:21:29,Hi Jon. Thanks for sharing your valuable feedback. We'll pass this along to our team. Appreciate it!,2026-06-13T16:00:24
Google Docs,com.google.android.apps.docs.editors.docs,Productivity,67d5b39f-5c3a-4271-9f0b-51f25a9dc845,Lenka Dayrit,5,,best way to create docs,0,1.26.291.00.90,2026-07-26T11:00:12,,
Google Docs,com.google.android.apps.docs.editors.docs,Productivity,45aaeeb5-8ed3-4a2b-967f-f9243289e4e9,JENNY,5,,Amazing I love it 😃,0,1.26.271.03.90,2026-07-26T10:48:16,,
Google Docs,com.google.android.apps.docs.editors.docs,Productivity,1dddf43f-37c0-4819-9002-c679c001fc29,Prashant Kumar Mohanty,4,,good,0,1.26.281.01.90,2026-07-26T10:27:27,,
Google Docs,com.google.android.apps.docs.editors.docs,Productivity,c968d4b0-edf2-4d5a-9c93-4180215a615d,AMINU UMAR SIDI,5,,I really appreciate it,0,1.26.161.04.90,2026-07-26T10:25:57,,
Google Docs,com.google.android.apps.docs.editors.docs,Productivity,2ce7da6e-c164-43c2-8448-6e8f2f4c0e52,MD AL-AMIN SIKDAR,5,,excellent,0,1.26.291.00.90,2026-07-26T10:22:43,,
Google Docs,com.google.android.apps.docs.editors.docs,Productivity,411cbf2b-1cf9-4fe0-92b8-fb35b5d494e3,Garnet Blazio,4,,It's nice I have ever come across,0,1.26.271.03.90,2026-07-26T10:08:49,,
Google Docs,com.google.android.apps.docs.editors.docs,Productivity,11254ee9-3183-46fe-92a9-ec07673b8b64,Hardik Purohit,5,,Excellent,0,1.26.281.01.90,2026-07-26T09:55:33,,
Google Docs,com.google.android.apps.docs.editors.docs,Productivity,dbef1467-ad16-4fb8-b81f-7e9ba9f045dc,Sharan Kumar S,4,,good,0,1.26.291.00.90,2026-07-26T09:39:23,,
Google Docs,com.google.android.apps.docs.editors.docs,Productivity,cba9a7c5-52ed-4632-b20b-104a2aa26b36,Anthony Fobbs,5,,Thank you.,0,1.26.291.00.90,2026-07-26T09:03:02,,
Google Docs,com.google.android.apps.docs.editors.docs,Productivity,032d802d-34cd-48d5-82f7-08b9247e77bf,Rameja Kittur,5,,super,0,1.26.271.03.90,2026-07-26T08:56:17,,
Google Docs,com.google.android.apps.docs.editors.docs,Productivity,fbad5b39-07da-4c3a-abdc-cb98aed9e087,Fathul Rih,5,,"Google Docs is a cloud-based word processor built around real-time collaboration and automatic cloud saving. It allows multiple users to edit the same document simultaneously while providing version history, voice typing, inline comments, and flexible export options. Its effortless collaboration features make it an outstanding choice for students, remote teams, and collaborative projects, while automatic saving eliminates the risk of losing unsaved work.",0,,2026-07-26T08:40:53,,
Google Docs,com.google.android.apps.docs.editors.docs,Productivity,93e005b2-3923-4026-ad76-60ea27735902,Agbor Edmarker,5,,"best overall text, word, document editor.",0,1.26.291.00.90,2026-07-26T08:39:29,,
Google Docs,com.google.android.apps.docs.editors.docs,Productivity,9514d31a-96b5-409f-96c1-7af9e1241e48,Vaishali Challirwar,5,,very nice,0,1.26.281.01.90,2026-07-26T08:32:08,,
Google Docs,com.google.android.apps.docs.editors.docs,Productivity,69de9b2f-bafc-49ce-ba1c-727cbd8873b9,Aparna Konda,5,,thankyou for this such nice app ❤️ I just loved it,0,1.26.281.01.90,2026-07-26T07:19:48,,
Google Docs,com.google.android.apps.docs.editors.docs,Productivity,8a7cd219-b891-4af7-9a5a-8f5424feda05,syed Vaseem,5,,good,0,1.26.291.00.90,2026-07-26T07:13:54,,
Google Docs,com.google.android.apps.docs.editors.docs,Productivity,4721944b-e6ac-465a-959b-7eecda6d3166,mohanned ahmedhassan,5,,كويس,0,1.26.281.01.90,2026-07-26T07:09:59,,
Google Docs,com.google.android.apps.docs.editors.docs,Productivity,bfb8443f-51bf-4b00-b452-69b72f658f7b,Ivy sacal,5,,I like it,0,1.26.261.04.90,2026-07-26T07:06:40,,
Google Docs,com.google.android.apps.docs.editors.docs,Productivity,e15fcaf4-ecbf-4ac9-9f77-510479d4d571,UFUOMA EVUARHERHE,5,,Great,0,1.26.222.01.90,2026-07-26T06:50:44,,
Google Docs,com.google.android.apps.docs.editors.docs,Productivity,af2456d3-cca0-45b6-92c6-f85d7650c07c,Angelina Schramm,5,,"Good System, I wish use instructions we're writen simpler. Then it would be perfect.",0,1.26.291.00.90,2026-07-26T04:49:56,,
Google Docs,com.google.android.apps.docs.editors.docs,Productivity,bb78a386-6a4f-4aa3-8731-9c827d461545,Tyson Reyes,4,,"Able to put whatever I decide on it. Also, able to read necessary word documents this way.",0,1.26.291.00.90,2026-07-26T04:42:34,,
Google Docs,com.google.android.apps.docs.editors.docs,Productivity,9e7a5f7b-68c6-4a7d-a7fb-a6a62d2d5883,Sally,2,,Recently there has been this error where certain documents cannot be opened --Replying to reply: Connection was fine and I already cleared cache and did all that. I wouldn't be here now would I?,0,1.26.291.00.90,2026-07-26T04:32:43,Hi Sally. We recommend you check if there are any network connectivity issues or check this article to troubleshoot: https://goo.gle/3ONnjLM. You can also try clearing apps cache on your device: Settings - Apps - Docs - Storage & cache - Clear cache. Thank you.,2026-07-26T02:31:17
Google Docs,com.google.android.apps.docs.editors.docs,Productivity,06d82920-2f1c-4033-ad02-a7e237fa6144,Rizwan Ali,5,,Very Good App For Create Documents.,0,1.26.291.00.90,2026-07-26T04:23:41,,
Google Docs,com.google.android.apps.docs.editors.docs,Productivity,2b3a98f4-39c7-4617-9d6a-fe55ab6a2ff1,M.subhan Saifullah.,5,,I found Google drive Very helpful.,0,1.26.281.01.90,2026-07-26T03:42:15,,
Google Docs,com.google.android.apps.docs.editors.docs,Productivity,393bddc5-b0f2-4e44-add5-15d9405026e8,Maria Mistika,5,,good,0,1.26.241.02.90,2026-07-26T03:27:51,,
Google Docs,com.google.android.apps.docs.editors.docs,Productivity,3146ba4e-30e3-494b-94c2-841fdce1abbc,Jim MacLeod,5,,I use this every day for notes and everything,0,1.26.291.00.90,2026-07-26T03:22:31,,
Google Docs,com.google.android.apps.docs.editors.docs,Productivity,c99e3776-9261-4ad7-88ed-7f5bb0819aff,Gabriel Collins,3,,"I think there is a glitch right now that causes the find and replace bar to not bring up certain terms or if it does bring results, it shows random text in the document instead of the specific word or phrases like ""reference"". if it is a glitch, please fix it ASAP if possible",4,1.26.291.00.90,2026-07-26T03:12:12,"Hello Gabriel, thanks for sharing your valuable feedback. We'll pass this along to our team. Appreciate it!",2025-06-03T13:57:05
Google Docs,com.google.android.apps.docs.editors.docs,Productivity,539dc32c-bfa8-4bc9-b80c-22781448d04a,Khadija,3,,good,0,1.26.281.01.90,2026-07-26T01:20:55,,
Google Docs,com.google.android.apps.docs.editors.docs,Productivity,8fb26a6c-046f-43cf-9080-5dc7799c172b,Rani Kumar Mondal,5,,nice app,0,1.26.131.00.90,2026-07-26T01:08:03,,
Google Docs,com.google.android.apps.docs.editors.docs,Productivity,04ecce51-15c8-41b0-ad84-420e334be570,Md Sohel,5,,like,0,1.26.291.00.90,2026-07-26T01:07:42,,
Google Docs,com.google.android.apps.docs.editors.docs,Productivity,93812c32-30a3-4ec0-9a32-d09109f39c3c,Henry TC,5,,I can easily accessy docs from everywhere,0,1.26.241.02.90,2026-07-26T00:03:38,,
Google Docs,com.google.android.apps.docs.editors.docs,Productivity,e1db85a5-cbec-441e-926e-3dc93a642fe7,Puja Gupta,4,,good,0,1.26.281.01.90,2026-07-25T23:42:52,,
Google Docs,com.google.android.apps.docs.editors.docs,Productivity,00e6239c-3b46-4b84-81e6-7eb853791cca,Roshan Tambe,5,,nice,0,1.26.261.04.90,2026-07-25T23:33:30,,
Google Docs,com.google.android.apps.docs.editors.docs,Productivity,ff90ad18-637d-47f9-9989-102876f83e39,Eric Gagnon,5,,Very helpful.,0,1.26.291.00.90,2026-07-25T22:56:20,,
Google Docs,com.google.android.apps.docs.editors.docs,Productivity,189f9cfd-085f-4e4f-aebb-bb7c5e4ceaea,Vincii Chopin,3,,there's a bug i think in find and replace tool where I can't find the word that i want to locate. it just takes me to somewhere else..,1,,2026-07-25T22:56:06,"Hi there. We suggest you clear apps cache on your device: Settings - Apps - Docs - Storage & cache - Clear cache. If that doesn't help, you may post your query in the Docs Community and get help from our experts: https://goo.gle/3o58rPT. Thank you.",2026-07-26T02:15:10
Google Docs,com.google.android.apps.docs.editors.docs,Productivity,74b30002-40b7-4b3e-9bcc-22b7d133273c,smolbean,1,,Will not let me edit any of my docs anymore,0,1.26.291.00.90,2026-07-25T22:41:44,Hi there. Try clearing apps cache: Settings - Apps - Docs - Storage & cache - Clear cache and see if that works. Learn more troubleshooting options here: https://goo.gle/45jzpmX. Thank you!,2026-07-25T23:24:14
Google Docs,com.google.android.apps.docs.editors.docs,Productivity,f5852e4b-f93d-40d1-abbd-b90e1d6b791f,Kalpesh Patel,5,,good,0,1.26.101.02.90,2026-07-25T22:27:35,,
Google Docs,com.google.android.apps.docs.editors.docs,Productivity,1a841e39-6202-41c0-bc2d-9b48da561f12,Ioana,3,,"Search feature doesn't work properly after today's update, on both phones, S21+ and S25. ""Clear cache"" didn't work. This error appeared after the update on both phones. When searching for a particular word, for example the word ""monday"", the selection doesn't go to that particular word more than one time, even if that words appears ten times in that document.",1,1.26.291.00.90,2026-07-25T21:48:32,"Hi Loana. We suggest you clear apps cache on your device: Settings - Apps - Docs - Storage & cache - Clear cache. If that doesn't help, you may post your query in the Docs Community and get help from our experts: https://goo.gle/3o58rPT. Thank you.",2026-07-26T02:20:34
Google Docs,com.google.android.apps.docs.editors.docs,Productivity,936ed448-e19c-45b9-8395-030b6f9d7688,Liam Smithhart,5,,great for notes,0,1.26.261.04.90,2026-07-25T21:22:10,,
Google Docs,com.google.android.apps.docs.editors.docs,Productivity,ca6d55df-db2c-4a47-b032-3bf6ac7aaf04,Sujit Kumar,5,,good,0,1.26.251.02.90,2026-07-25T21:03:06,,
Google Docs,com.google.android.apps.docs.editors.docs,Productivity,c4d71ca3-8eb8-445b-be9e-a29d6207ca7b,Siddhikulakbar Sidhu,5,,good,0,1.26.271.03.90,2026-07-25T21:00:13,,
Google Docs,com.google.android.apps.docs.editors.docs,Productivity,6775f456-34b8-4207-a814-3020bd4d396a,Chinyere Amago,4,,it's kinda nice,0,1.26.251.02.90,2026-07-25T20:59:58,,
Google Docs,com.google.android.apps.docs.editors.docs,Productivity,150c5bce-2cae-45f5-a497-641e9ec3906e,Md Robin Mia,5,,ভাল এটা,0,1.26.271.03.90,2026-07-25T20:37:25,,
Google Docs,com.google.android.apps.docs.editors.docs,Productivity,126f001e-9a5a-4402-84de-4b3c41bf350a,Martins Izibili,5,,very good app and reliable app for storing documents,0,1.26.271.03.90,2026-07-25T20:33:24,,
Google Docs,com.google.android.apps.docs.editors.docs,Productivity,48ddfa4b-84af-4e16-bc85-f15fda165365,edme jorias yehoueta,5,,good 👍🏽,1,1.26.271.03.90,2026-07-25T20:14:08,,
Google Docs,com.google.android.apps.docs.editors.docs,Productivity,62478af2-d302-4c24-8236-9f4d0d5bbb02,Bna,5,,it's satisfactory,0,1.26.281.01.90,2026-07-25T20:09:15,,
Google Docs,com.google.android.apps.docs.editors.docs,Productivity,9a2388ec-644d-419b-b2b1-30faf075198f,Shawn Robinson,5,,I have problems with other programs. NOT this one. Google Docs works for all occasions.,0,1.26.291.00.90,2026-07-25T19:12:06,,
Google Docs,com.google.android.apps.docs.editors.docs,Productivity,10f2570e-f0bf-48ca-b5a1-74fabbf5deda,Kvpraju 37,5,,good,0,1.26.281.01.90,2026-07-25T18:53:11,,
Google Docs,com.google.android.apps.docs.editors.docs,Productivity,3bccd671-ac9f-4261-bd83-8550e5dc0db9,Masilamani Selvam,5,,excellent 👌,0,1.26.241.02.90,2026-07-25T18:35:01,,
Google Docs,com.google.android.apps.docs.editors.docs,Productivity,456e5dea-6bbd-495a-8cf0-d7418887ce2c,Gappa,4,,good,0,1.26.291.00.90,2026-07-25T18:12:35,,
Google Docs,com.google.android.apps.docs.editors.docs,Productivity,d83df813-79a2-4b52-bb99-4b3e3ef3e034,Dan,1,,The latest Android update has caused a bug where double tapping to edit a document causes a jump to a different part of the document. This is a fairly major bug as the app has now been rendered unusable. Note: it stays in the correct spot the first time but every subsequent double tap jumps progressively further away from the desired location.,7,1.26.291.00.90,2026-07-25T17:35:53,"Hi Dan. We suggest you clear apps cache on your device: Settings - Apps - Docs - Storage & cache - Clear cache. If that doesn't help, you may post your query in the Docs Community and get help from our experts: https://goo.gle/3o58rPT. Thank you.",2026-07-26T01:00:32
Google Docs,com.google.android.apps.docs.editors.docs,Productivity,75789e02-f6b9-45a4-9011-01f9554be30f,Anuj Thakur,3,,excellent application,0,1.26.131.00.90,2026-07-25T17:18:34,,
Google Docs,com.google.android.apps.docs.editors.docs,Productivity,d1e7edf4-b3e8-4de9-8624-c62323c9f194,onwughai samuel,5,,it's helpful and good... no stress at all,0,1.26.231.01.90,2026-07-25T17:14:23,,
Google Docs,com.google.android.apps.docs.editors.docs,Productivity,89079cb6-f3cb-462c-99ea-6faa1a7aea26,Gabe Darrett,2,,"~200 pg document can't be opened on my phone, even after downloading updates. Tried uninstalling and reinstalling. That'll work at first, but the problem reappears eventually. No other doc has this problem. When it is possible to open that doc, it's always slow to load. The app takes up 100-400 MB, which is excessive",0,1.26.281.01.90,2026-07-25T16:54:17,Hi Gabe. You may post the query in Docs community and get help from our experts: https://goo.gle/3o58rPT. Thank you.,2026-07-25T16:05:56
Google Docs,com.google.android.apps.docs.editors.docs,Productivity,e3a42f4d-f9cb-41c4-91b4-5320b0827c2a,Anjali Kumari,5,,Good,0,1.26.281.01.90,2026-07-25T16:40:35,,
Google Docs,com.google.android.apps.docs.editors.docs,Productivity,b01e78ca-dad3-4e3c-945b-9f3ae3b62ba7,Fonyuy Gilford,5,,being accessible from all my devices makes it cool,0,1.26.281.01.90,2026-07-25T15:48:54,,
Google Docs,com.google.android.apps.docs.editors.docs,Productivity,11089048-41a0-4944-b513-d2c1abb1fc1c,Sarth Sarode,3,,could've used better memes,0,1.26.291.00.90,2026-07-25T15:26:33,,
Google Docs,com.google.android.apps.docs.editors.docs,Productivity,055d3d70-6ad4-4256-a5ee-977dc3d4622e,Dileep Kumar,3,,v good application,0,1.26.281.01.90,2026-07-25T15:10:03,,
Google Docs,com.google.android.apps.docs.editors.docs,Productivity,620822ce-9508-43ff-a69c-f6792958e506,RAMAN KUMAR,5,,best,0,1.26.281.01.90,2026-07-25T15:09:07,,
Google Docs,com.google.android.apps.docs.editors.docs,Productivity,718bd263-76a9-4291-8917-669de52a91bd,Victor Effah Boakye,5,,good,0,1.26.281.01.90,2026-07-25T14:33:25,,
Google Docs,com.google.android.apps.docs.editors.docs,Productivity,a0b7ea30-0da4-463c-8771-b9363dfa26aa,Fatima,5,,excellent,0,1.26.291.00.90,2026-07-25T13:59:59,,
Google Docs,com.google.android.apps.docs.editors.docs,Productivity,51d3b7c4-481c-450e-ad3f-39a207c096f2,sheik farith,5,,Google good for Human mind,0,1.26.281.01.90,2026-07-25T13:40:52,,
Google Docs,com.google.android.apps.docs.editors.docs,Productivity,1daa4f1a-79b9-4aed-8d0e-339c82c8358f,Siyambalagoda Sandaruwan,5,,excellent 👌,0,1.26.271.03.90,2026-07-25T13:36:31,,
Google Docs,com.google.android.apps.docs.editors.docs,Productivity,459b5db2-c9a5-42b8-966e-f0a4ad5ea28d,Ravi Singh,5,,Good,0,1.26.281.01.90,2026-07-25T13:14:08,,
Google Docs,com.google.android.apps.docs.editors.docs,Productivity,51ca2892-79e9-41ec-a054-87ea9f391e4c,Nobel Mahmud,5,,perfect performance good,0,1.26.291.00.90,2026-07-25T13:11:30,,
Google Docs,com.google.android.apps.docs.editors.docs,Productivity,e9ac0601-4e75-41e8-825b-a1cc7445c55b,Dnyaneshwar Dalvi,5,,good,0,1.26.281.01.90,2026-07-25T13:07:20,,
Google Docs,com.google.android.apps.docs.editors.docs,Productivity,b84d8fa6-bf47-46ce-b851-acfca07ce4b1,Zeudex,1,,"I have been using the ""Find and Replace"" function almost daily, today when I use it to search for specific words, it just jump to random location within the document. Note that I have already tried clearing cache for both Google Doc and Google Drive and it did not solve the problem. Wonder what did the latest update gone wrong.... but the Find function is literally unusable in its current state",1,1.26.291.00.90,2026-07-25T13:02:23,Hi there. You may post the query in Docs community and get help from our experts: https://goo.gle/3o58rPT. Thank you.,2026-07-25T16:07:13
Google Docs,com.google.android.apps.docs.editors.docs,Productivity,6621881f-6cfd-4c12-bc1b-befbec90745a,tarek chowdhury,5,,good,0,1.26.271.03.90,2026-07-25T12:56:09,,
Google Docs,com.google.android.apps.docs.editors.docs,Productivity,07e62f32-4192-46fb-91af-3cd5cecec411,Mustafa Çokay,5,,Very useful,0,1.26.281.01.90,2026-07-25T12:48:46,,
Google Docs,com.google.android.apps.docs.editors.docs,Productivity,590ab410-831a-4cfa-b0dd-a7e334e35802,Hennesse Caprice,5,,"absolutely love this very useful, highly recommend getting it",0,1.26.271.03.90,2026-07-25T12:41:18,,
Google Docs,com.google.android.apps.docs.editors.docs,Productivity,3109acf1-64f5-479b-b4a9-ecabc61a8f9e,சிவ மணி,5,,மிகவும் நன்றி,0,1.26.211.01.90,2026-07-25T12:37:34,,
Google Docs,com.google.android.apps.docs.editors.docs,Productivity,a85432fa-6685-46a4-931a-6c4f9af54ab5,Nithyasri Nithyasri,1,,worst because it does not open any files,0,1.26.251.02.90,2026-07-25T12:33:54,Hi Nithyasri. We recommend you check if there are any network connectivity issues or check this article to troubleshoot: https://goo.gle/3ONnjLM. You can also try clearing apps cache on your device: Settings - Apps - Docs - Storage & cache - Clear cache. Thank you.,2026-07-25T16:03:26
Google Docs,com.google.android.apps.docs.editors.docs,Productivity,cac8cf41-69cf-4d96-aa01-afe63c8c9594,Harsh,5,,nice app,0,1.26.281.01.90,2026-07-25T12:25:41,,
Google Docs,com.google.android.apps.docs.editors.docs,Productivity,8c561d58-6eae-4c4c-8e79-6840403f59f9,navdeep kumar,5,,fantastic,0,1.26.281.01.90,2026-07-25T11:44:25,,
Google Docs,com.google.android.apps.docs.editors.docs,Productivity,b92cdf25-d266-4a3f-b8f1-023bb343e44f,Kriyansh Prajapati,5,,"It's a very nice app , all tho it is better in all devices.",1,1.26.291.00.90,2026-07-25T10:52:00,,
Google Docs,com.google.android.apps.docs.editors.docs,Productivity,2c231bf8-74be-446d-8b8f-0361ed30f7e9,raja ram,4,,good,0,1.26.291.00.90,2026-07-25T10:49:47,,
Google Docs,com.google.android.apps.docs.editors.docs,Productivity,687cb2b9-fe6d-452d-a03f-912653023fd8,Ankur Jyoti,1,,nice,0,1.26.251.02.90,2026-07-25T10:43:52,,
Google Docs,com.google.android.apps.docs.editors.docs,Productivity,7e282716-252a-4250-a9ff-9b88cc7782ba,Sukhman Singh,5,,this is very expensive and beautiful,0,1.20.462.03.40,2026-07-25T10:42:00,,
Google Docs,com.google.android.apps.docs.editors.docs,Productivity,432371bb-5dd7-4006-883d-3c2005e0d99f,Joel Katie,1,,"keeps refusing to let me open one of my documents. I can open it on desktop just fine, or through the browser, just not the app.",1,1.26.291.00.90,2026-07-25T10:30:41,Hi Joel. We recommend you check if there are any network connectivity issues or check this article to troubleshoot: https://goo.gle/3ONnjLM. You can also try clearing apps cache on your device: Settings - Apps - Docs - Storage & cache - Clear cache. Thank you.,2026-07-25T11:29:36
Google Docs,com.google.android.apps.docs.editors.docs,Productivity,90d381aa-0573-4561-8aa7-ea10b5be187a,Free Phone,1,,"Find text stopped working and now it jumps to random points in the documents and often to the beginning or end of the documents. I see one other person reported this in a recent review so it's not just me. Clearing cache, user data and rebooting the phone did not help. A recent update must have broken the Find feature.",1,1.26.291.00.90,2026-07-25T10:09:21,"Hi there. We suggest you clear apps cache on your device: Settings - Apps - Docs - Storage & cache - Clear cache. If that doesn't help, you may post your query in the Docs Community and get help from our experts: https://goo.gle/3o58rPT. Thank you.",2026-07-25T11:31:23
Google Docs,com.google.android.apps.docs.editors.docs,Productivity,0a34b08b-6e77-4f20-8c07-05924d5beb97,Peter Bea,5,,does everything I need and more.,0,1.26.291.00.90,2026-07-25T10:03:22,,
Google Docs,com.google.android.apps.docs.editors.docs,Productivity,3c3c643e-c637-4c75-bbc4-e2b9b059c4bf,Mohd Waseem,5,,Good,0,1.26.131.00.90,2026-07-25T09:47:03,,
Google Docs,com.google.android.apps.docs.editors.docs,Productivity,bb48c2a8-3519-4918-8ce2-9e012662233e,Satyawan Kumar,5,,best app,0,1.26.161.04.90,2026-07-25T09:41:53,,
Google Docs,com.google.android.apps.docs.editors.docs,Productivity,79478148-7eab-43c9-a142-cb60d9360028,Second Apprentice,5,,"good, perfect for making scripts :)",0,1.26.291.00.90,2026-07-25T09:21:41,,
Google Docs,com.google.android.apps.docs.editors.docs,Productivity,5efcd39b-7750-433e-aa0f-802131aa184f,John Bell,3,,Its fine.,0,1.26.261.04.90,2026-07-25T08:42:52,,
Google Docs,com.google.android.apps.docs.editors.docs,Productivity,dda51652-8e2c-483c-a235-d0255d974afc,gopal krishan,5,,better m s word app for mobile,0,1.26.251.02.90,2026-07-25T08:42:13,,
Google Docs,com.google.android.apps.docs.editors.docs,Productivity,3f0cc854-f09e-4a85-ae8b-7bc2e2f0ba2b,Araya Abai,5,,Docs is very helpful app.,0,1.26.281.01.90,2026-07-25T08:32:03,,
Google Docs,com.google.android.apps.docs.editors.docs,Productivity,a0b912a4-6c82-4b94-bca9-dee2c5a5d9d8,Andi Alliston,5,,"I've used this app forever, and it's never let me down! You can even access your documents without Internet. The only thing that would be nice would be if it had more customization options like Canva.",0,1.26.291.00.90,2026-07-25T08:26:19,,
Google Docs,com.google.android.apps.docs.editors.docs,Productivity,29139e4d-d8e4-4b90-80d4-e3b03122644f,Kanchan Sharma,5,,very good,0,1.26.271.03.90,2026-07-25T07:49:53,,
Google Docs,com.google.android.apps.docs.editors.docs,Productivity,b191d2eb-e0a0-4a5d-8bd5-d6206b2dfcae,Clent osborn,5,,love it,0,1.26.281.01.90,2026-07-25T07:42:05,,
Google Docs,com.google.android.apps.docs.editors.docs,Productivity,fdd699a0-5133-428b-908e-d58b1f456728,Ronnie Douglas jr,5,,I love all Google as long as you keep me safe,0,1.26.281.01.90,2026-07-25T07:29:05,,
Google Docs,com.google.android.apps.docs.editors.docs,Productivity,ae9ce06c-b500-4b12-a03a-1c34e9f42119,Paramita Mitra,3,,the microphone is not working and hindering my work. I am a writer and write in different languages. the voice typing is not working for languages other than English.,0,1.26.291.00.90,2026-07-25T07:25:42,Hi Paramita. Could you give us some more information on the issue you are facing so that we may be of help? You can update your comment with a description of the issue. Have a great day!,2026-07-25T05:47:05
Google Docs,com.google.android.apps.docs.editors.docs,Productivity,0cb54fd9-1223-4d71-b111-5703a6461c8c,Ali Hamza,5,,good,0,1.26.281.01.90,2026-07-25T07:13:20,,
Google Docs,com.google.android.apps.docs.editors.docs,Productivity,104c59ed-504f-4fa1-acb1-2c026cddda47,Alexander McCabe,3,,"Since the latest update ""Find and Replace"" will not take me to the selected words only to the top & bottom of the doc.",1,1.26.291.00.90,2026-07-25T07:05:00,"Hi Alexander. We suggest you clear apps cache on your device: Settings - Apps - Docs - Storage & cache - Clear cache. If that doesn't help, you may post your query in the Docs Community and get help from our experts: https://goo.gle/3o58rPT. Thank you.",2026-07-25T11:26:59
Google Docs,com.google.android.apps.docs.editors.docs,Productivity,eedf1c85-ad1f-4a12-8b6b-d0e11a26b82a,Harold Ben Gevera,5,,very handy,0,1.26.281.01.90,2026-07-25T07:02:52,,
Google Docs,com.google.android.apps.docs.editors.docs,Productivity,11fc9c3a-fa92-489e-b860-034184576f62,JIBRIN MOHAMMED,5,,professional,0,1.26.061.00.90,2026-07-25T06:24:08,,
Google Docs,com.google.android.apps.docs.editors.docs,Productivity,85476192-6cfa-47e6-8969-1511a4b2d67a,kawcher rayhan,5,,very very very helpful ☺️☺️☺️☺️,0,1.26.281.01.90,2026-07-25T05:43:31,,
Google Docs,com.google.android.apps.docs.editors.docs,Productivity,743f26fc-4826-4302-985e-a83367114dde,पारसाराम पारीक,5,,झक्कास,0,1.26.291.00.90,2026-07-25T05:35:57,,
Google Docs,com.google.android.apps.docs.editors.docs,Productivity,0873225e-df26-42e4-a1ca-efc23d53caca,BadmintonKaki,1,,Laggy and crashy,1,1.25.461.02.90,2026-07-25T05:16:42,"Hi there. We suggest you clear apps cache on your device: Settings - Apps - Docs - Storage & cache - Clear cache. If that doesn't help, you may post your query in the Docs Community and get help from our experts: https://goo.gle/3o58rPT. Thank you.",2026-07-25T05:44:15
Google Docs,com.google.android.apps.docs.editors.docs,Productivity,7dc571ff-416e-4c11-a168-0c63a1c4d106,Ed C,5,,does everything I need in a word processor,0,1.26.291.00.90,2026-07-25T04:57:57,,
Google Docs,com.google.android.apps.docs.editors.docs,Productivity,73cf1297-dd9a-4b67-9957-db3e8b968cf5,Sanyogita,5,,best for self study,0,1.26.201.00.90,2026-07-25T04:57:18,,
Google Docs,com.google.android.apps.docs.editors.docs,Productivity,6c324609-c0b3-4f2c-a672-c433af1c680c,Sanjo Taiwo,5,,"This app is topnotch, it is excellent, I like the interface and the way it was structured.",0,1.26.261.04.90,2026-07-25T04:54:03,,
Google Docs,com.google.android.apps.docs.editors.docs,Productivity,1ae40abe-3889-4f30-9c4e-4a4cd014abf2,Julia michaella M. Viola,4,,such a good app!!,0,1.26.281.01.90,2026-07-25T04:53:10,,
Google Docs,com.google.android.apps.docs.editors.docs,Productivity,f1a8a8d7-fbd2-4777-96e7-824138c11037,ashley,1,,constantly crashes even with clearing cache. update 7.26.26: search feature is useless,1,1.26.291.00.90,2026-07-25T04:17:43,"Hi Ashley. We suggest you clear apps cache on your device: Settings - Apps - Docs - Storage & cache - Clear cache. If that doesn't help, you may post your query in the Docs Community and get help from our experts: https://goo.gle/3o58rPT. Thank you.",2026-07-20T04:51:38
Google Docs,com.google.android.apps.docs.editors.docs,Productivity,6e1d76fc-455c-4a87-b1a0-772b45ec363d,Piper Rose Lumsden,5,,Great place for every file!,0,1.26.281.01.90,2026-07-25T02:53:33,,
Google Docs,com.google.android.apps.docs.editors.docs,Productivity,377301fc-842e-40a8-bc24-157a93749976,martha Ugbabe,5,,this app is pretty user friendly,0,1.26.281.01.90,2026-07-25T02:51:21,,
Google Docs,com.google.android.apps.docs.editors.docs,Productivity,5955ffba-9291-4f5d-9270-4ff98aa498b9,wael ahmed,5,,"find and replace , not working, why ?",1,1.26.291.00.90,2026-07-25T01:44:29,,
Google Docs,com.google.android.apps.docs.editors.docs,Productivity,ff5245a7-6a2e-4318-97c5-1d36a9a8e488,Madukar G,4,,"° Include LaTex support. ° Include EPUB export support. ° Include offline save support. ° Almost all word processors those have inline LaTex or Multiline formula will not render properly and quality, alignment is not not also good as well. ° Some word processors omit/not display LaTex formula at all once exported/saved as EPUB. This is main drawback of almost all word processors right now.",0,1.26.281.02.90,2026-07-25T01:43:05,,
Google Docs,com.google.android.apps.docs.editors.docs,Productivity,f474728e-fba2-496b-8355-029df27a41ed,Lupe Bear,5,,Google Docs is my favorite subject,0,1.26.281.01.90,2026-07-25T01:38:54,,
Google Docs,com.google.android.apps.docs.editors.docs,Productivity,618d9bce-8f3d-401e-8da7-f6614925fd36,Alimi olanrewaju,5,,Reliable and Very useful. You can bank on it.,0,1.26.091.03.90,2026-07-25T01:28:32,,
Google Docs,com.google.android.apps.docs.editors.docs,Productivity,ddc5c8ce-7335-43d4-8519-d106a8b73a5f,Marcy,1,,"Horrible. You may randomly not be able to access your own docs that are downloaded on your device for no discernable reason, so you better hope you don't use this app for anything important! :)",1,,2026-07-25T00:55:26,"Hi Marcy. We suggest you clear apps cache on your device: Settings - Apps - Docs - Storage & cache - Clear cache. If that doesn't help, you may post your query in the Docs Community and get help from our experts: https://goo.gle/3o58rPT. Thank you.",2026-07-25T02:36:46
Google Docs,com.google.android.apps.docs.editors.docs,Productivity,408c1270-adff-4ded-85f1-5153924a6bf5,SHIVA & MONI,5,,save option should be easy,1,1.26.291.00.90,2026-07-25T00:23:46,,
Google Docs,com.google.android.apps.docs.editors.docs,Productivity,84177905-1c0a-466e-a296-d7ee7a19eb38,Noorghadami Mohamad Javad,5,,best,0,1.26.271.03.90,2026-07-25T00:13:52,,
Google Docs,com.google.android.apps.docs.editors.docs,Productivity,fe8a33af-772a-47e9-8e74-05776afa3933,AM Muktarul,3,,"DW বাংলা | MUN International Press Report কমিটি রিপোর্ট (আজকের পর্যবেক্ষণ) জাতীয় সংসদ পর্যবেক্ষণ প্রতিবেদন প্রতিবেদক: Deutsche Welle পদবি: International Press (DW বাংলা) তারিখ: 24 July 2026 জাতীয় সংসদ অধিবেশন পর্যবেক্ষণ আজকের জাতীয় সংসদ অধিবেশন পর্যবেক্ষণকালে দেখা যায়, প্রধানমন্ত্রী, নিরপেক্ষ দলের নেতা এবং দিনাজপুর-৫ আসনের প্রতিনিধি আলোচনায় সক্রিয় ভূমিকা পালন করেন। তারা বিভিন্ন গুরুত্বপূর্ণ বিষয়ে নিজেদের মতামত তুলে ধরেন এবং আলোচনায় বিশেষ গুরুত্ব রাখেন। বিশেষ করে জাতীয় স্বার্থ, কূটনৈতি",0,,2026-07-24T23:46:00,,
Google Docs,com.google.android.apps.docs.editors.docs,Productivity,d5a9bf9f-bf93-4215-9a15-91bc9cb397f4,Abdul Wadud,5,,very helpful,0,1.26.211.01.90,2026-07-24T23:26:59,,
Google Docs,com.google.android.apps.docs.editors.docs,Productivity,6c9b1547-9d08-4f44-b66c-5d44f933ac78,Akhilesh Kumar,5,,best app,0,1.26.281.01.90,2026-07-24T23:25:49,,
Google Docs,com.google.android.apps.docs.editors.docs,Productivity,17d6f788-1133-4c81-ac22-58990e30d115,Lalzi Suantah,1,,useful,0,1.26.281.01.90,2026-07-24T23:22:33,,
Google Docs,com.google.android.apps.docs.editors.docs,Productivity,35330015-c38e-4a03-a475-8a410cb28ae4,sisay adugna,1,,it v.good and helpfull,0,1.26.281.01.90,2026-07-24T23:22:13,,
Google Docs,com.google.android.apps.docs.editors.docs,Productivity,0e64b1ea-1876-4f38-a2d5-053965f5c7e2,Sushil Bhalake,4,,good,0,1.26.291.00.90,2026-07-24T23:21:03,,
Google Docs,com.google.android.apps.docs.editors.docs,Productivity,8b59b1ff-dc85-4333-bdf6-e602c0099147,sunil Mourya,5,,very nice 👍👍,0,1.26.291.00.90,2026-07-24T23:02:57,,
Google Docs,com.google.android.apps.docs.editors.docs,Productivity,4148070d-5abd-42b8-8789-6600768a2e8f,Shubham Kandpal,5,,good,0,1.26.281.01.90,2026-07-24T22:59:48,,
Google Docs,com.google.android.apps.docs.editors.docs,Productivity,6d945d74-1a56-4648-95e8-933ec87834eb,Hira Thakur,5,,it's very easy and fantastic use for document creating editing and keeping,0,1.26.131.00.90,2026-07-24T22:45:22,,
Google Docs,com.google.android.apps.docs.editors.docs,Productivity,2a288891-9b2f-475b-b5ed-d183995fe019,Sk Aktar,5,,super,0,1.26.251.02.90,2026-07-24T21:58:40,,
Google Docs,com.google.android.apps.docs.editors.docs,Productivity,7ca3df09-358b-4ac4-83d7-eba235fd5b17,Kirubel Tsegay,4,,goof,0,1.26.291.00.90,2026-07-24T21:47:20,,
Google Docs,com.google.android.apps.docs.editors.docs,Productivity,cc44e37c-f4d5-41b9-93cd-f9aa8b26b682,Abisola Fatunde,5,,Helpful,0,1.26.271.03.90,2026-07-24T21:36:35,,
Google Docs,com.google.android.apps.docs.editors.docs,Productivity,6bf34a9f-8d5a-45af-ba18-1af3e589854b,Shivam Keshri,5,,good,0,1.26.131.00.90,2026-07-24T20:51:37,,
Google Docs,com.google.android.apps.docs.editors.docs,Productivity,8c0ba6e0-c279-4bb3-a7b7-0842c5200786,Abdur Rahim,5,,best,0,1.26.271.03.90,2026-07-24T20:36:45,,
Google Docs,com.google.android.apps.docs.editors.docs,Productivity,16a5c0a6-f36b-47cd-8edf-1e1411a66ef6,Robert Harris,5,,This app is perfect for writing scripts for my comic books that I plan to write. Solid 10 out of 10!.,0,1.26.281.01.90,2026-07-24T20:35:48,,
Google Docs,com.google.android.apps.docs.editors.docs,Productivity,ef814a20-84ba-4fcf-9cd1-b8cf60d5e5ff,Abi LaFazio,5,,I love docs.,0,1.26.281.01.90,2026-07-24T20:32:14,,
Google Docs,com.google.android.apps.docs.editors.docs,Productivity,12c9727c-ee7f-4f37-955e-063c9bd35239,B,4,,good but.... please add a tab button to keyboard,0,1.26.281.01.90,2026-07-24T19:59:17,,
Google Docs,com.google.android.apps.docs.editors.docs,Productivity,bec0a67a-a16f-4c2a-af98-923d581233d4,Bhimashankar Kanmuchke,1,,"Dear Developer, The option to directly change margins is not available in the Google Docs mobile app. The app only allows for changing 'Page Setup' settings (such as size, orientation, and color). Please provide an option to change margins within the Google Docs mobile app. Please add krutidev 10 font for Hindi & marathi language in India. And add margine set up in option.",4,1.26.291.00.90,2026-07-24T19:52:37,,
Google Docs,com.google.android.apps.docs.editors.docs,Productivity,18604eba-d90a-4998-852f-3cc1d6ba574f,Phindile Matebula,4,,They just need to fix a few things.,0,1.26.281.01.90,2026-07-24T19:49:05,,
Google Docs,com.google.android.apps.docs.editors.docs,Productivity,5bb5da18-540f-464b-acef-1163114d8d82,Ima-Abasi David,3,,I love it,0,1.26.241.02.90,2026-07-24T19:37:32,,
Google Docs,com.google.android.apps.docs.editors.docs,Productivity,dfa8e73a-3795-4896-a829-c439f33a647f,Shivam upadhyay,5,,very nice app,0,1.26.281.01.90,2026-07-24T19:19:45,,
Google Docs,com.google.android.apps.docs.editors.docs,Productivity,25ad2a76-0c65-482b-b6ca-5e726074f243,Rahul Kumar Rahul Kumar,5,,very nice,0,,2026-07-24T18:44:54,,
Google Docs,com.google.android.apps.docs.editors.docs,Productivity,300e7ffa-8982-43c5-8e6e-75910c0e3142,Deepak Kumar,5,,good,0,1.26.251.02.90,2026-07-24T18:36:59,,
Google Docs,com.google.android.apps.docs.editors.docs,Productivity,4c912e56-acb4-4b07-91b1-fdc7ca75c3b0,Abraão luís,5,,muito funcional 😁👍,0,1.26.271.03.90,2026-07-24T17:48:18,,
Google Docs,com.google.android.apps.docs.editors.docs,Productivity,097118a5-7d3a-4d02-9bc5-fdb8c4a74e9f,Awotedu Adeola,5,,Is so good 👍👍👍,0,1.26.271.03.90,2026-07-24T17:31:17,,
Google Docs,com.google.android.apps.docs.editors.docs,Productivity,42fb26f7-5158-42bf-a25d-eca98789ceaf,Candrashekhar Patidar,5,,nice,0,1.26.271.03.90,2026-07-24T16:22:17,,
Google Docs,com.google.android.apps.docs.editors.docs,Productivity,fa903cc6-2c77-4c97-9995-145d1a84de8a,Prabhu Kumar,5,,very good apps,1,1.26.281.01.90,2026-07-24T16:22:03,,
Google Docs,com.google.android.apps.docs.editors.docs,Productivity,bbca29cd-6996-4400-8fa5-e92f46654168,Kyle Phua,5,,it is easy to use and convinent can access anywhere with internet even last time went to the forest with only star link to do field research. and then it is free and very functional. I like the functionality and the fact that it is free.,0,1.26.211.01.90,2026-07-24T16:19:58,,
Google Docs,com.google.android.apps.docs.editors.docs,Productivity,288690fe-f1f6-4293-8c57-6529db9fe2bc,Gaurav,5,,good,0,1.26.281.01.90,2026-07-24T16:05:59,,
Google Docs,com.google.android.apps.docs.editors.docs,Productivity,4cf2c957-4bfc-4188-90c2-4bee584e72e8,Ansh Gaur,5,,best,0,,2026-07-24T15:15:37,,
Google Docs,com.google.android.apps.docs.editors.docs,Productivity,5288a455-66bd-4250-b2f0-7932eeded4f6,Deepak Kumar,5,,good 👍😊,0,,2026-07-24T14:49:56,,
Google Docs,com.google.android.apps.docs.editors.docs,Productivity,742d6289-ec30-4a6e-83cf-3e0943d893e0,xyz P,2,,"after the so called bug fixes, searching does not work. It won't go to the searched items on Android 11. Search works on android 16. The new update is not backwards compatible. 25jul2026",1,1.26.291.00.90,2026-07-24T14:19:19,"Hi there. We suggest you clear apps cache on your device: Settings - Apps - Docs - Storage & cache - Clear cache. If that doesn't help, you may post your query in the Docs Community and get help from our experts: https://goo.gle/3o58rPT. Thank you.",2026-07-24T16:08:46
Google Docs,com.google.android.apps.docs.editors.docs,Productivity,8e0808d0-eeb5-4d1a-8c26-83414ff7d32d,JOH SAH2025,5,,🤗,0,1.26.271.03.90,2026-07-24T14:13:20,,
Google Docs,com.google.android.apps.docs.editors.docs,Productivity,1878cac0-4e5f-4a33-afa8-15e5161c2e70,Punith Sai,4,,good,0,1.26.281.01.90,2026-07-24T14:13:16,,
Google Docs,com.google.android.apps.docs.editors.docs,Productivity,5d62de17-d1a6-4a61-8959-eb44b8f3f176,Jagath kumara kathriarachchige,5,,functionality and user friendly to use,0,1.26.281.01.90,2026-07-24T12:50:51,,
Google Docs,com.google.android.apps.docs.editors.docs,Productivity,41540f63-4e38-45b8-9660-d2e7037c137e,mehwish m,5,,nice 👍🏻,0,1.26.291.00.90,2026-07-24T12:34:15,,
Google Docs,com.google.android.apps.docs.editors.docs,Productivity,cfb3ff83-a201-4d3b-b12e-e096cc352441,Poonam,1,,"this app keeps crashing if i try to save any documents after editing. it's always stuck at 58% during saving and then goes like ""Google docs is not responding"" i thought maybe the prob is in my phone but the same things happened with the other 2 phones!! i urgently needed to edit a doc file!!",0,1.26.281.01.90,2026-07-24T12:24:25,"Hi Poonam. We suggest you clear apps cache on your device: Settings - Apps - Docs - Storage & cache - Clear cache. If that doesn't help, you may post your query in the Docs Community and get help from our experts: https://goo.gle/3o58rPT. Thank you.",2026-07-24T16:07:39
Google Docs,com.google.android.apps.docs.editors.docs,Productivity,c5fd7329-7f2e-426a-9fd9-d4b300fa4dc4,Khushi Shah,5,,fabulous,0,1.26.281.01.90,2026-07-24T12:15:05,,
Google Docs,com.google.android.apps.docs.editors.docs,Productivity,85c0fad2-2c9a-48d4-ba25-f9ae00a19fc4,MJ Serableyn,1,,recent update is so corny,1,1.26.271.03.90,2026-07-24T12:05:39,Hi there. We'd like our users to have the best possible experience with the Google Docs app. We'll share your feedback with our product team. Thanks!,2026-07-24T16:10:10
Google Docs,com.google.android.apps.docs.editors.docs,Productivity,155d35c4-701d-415c-ba64-06b1ffdbfe0c,Peter Mbewe,5,,"This is a great app, i can work while traveling without my computer.",0,1.26.271.03.90,2026-07-24T11:58:14,,
Google Docs,com.google.android.apps.docs.editors.docs,Productivity,e3667d03-765d-4709-8dad-b2473089efb2,Dr August Adnew Aliye,5,,great...very interesting !,0,1.26.281.01.90,2026-07-24T11:54:23,,
Google Docs,com.google.android.apps.docs.editors.docs,Productivity,4c71ee4a-d363-4f78-82f2-768f2f25bea5,Jayant Raaz,5,,good 👍,0,1.26.271.03.90,2026-07-24T11:48:13,,
Google Docs,com.google.android.apps.docs.editors.docs,Productivity,dffc5b2b-cacd-4142-bb45-d5c0fc4ea196,Afsal K Aziz,5,,love ittttttttt♥️♥️♥️♥️♥️♥️,0,1.26.201.00.90,2026-07-24T11:46:10,,
Google Docs,com.google.android.apps.docs.editors.docs,Productivity,9a63eec1-cce6-4fef-88dc-ded7b27cb420,starple #1,1,,"I am u able to view since its attached to a Gmail account I no longer use, ifs full, I do not see any new emails.",0,1.26.271.03.90,2026-07-24T11:45:24,,
Google Docs,com.google.android.apps.docs.editors.docs,Productivity,9b2ea776-0502-4092-a0b4-653a2bcbf8d8,Ella mae Castellano,5,,Amazing app,0,1.26.281.01.90,2026-07-24T11:26:52,,
Google Docs,com.google.android.apps.docs.editors.docs,Productivity,f06d4cc0-5d12-433b-ade3-148f4e224a69,s. k. y Ham,5,,nice,0,1.26.281.01.90,2026-07-24T11:12:51,,
Google Docs,com.google.android.apps.docs.editors.docs,Productivity,8d8aa118-dd46-4f94-9614-016dbdedf609,Hashim Ansari,5,,Good,0,1.26.251.02.90,2026-07-24T10:58:06,,
Google Docs,com.google.android.apps.docs.editors.docs,Productivity,e58cf8a9-93ad-462a-bd8d-902cf9e7f149,Łukasz Klimkiewicz,5,,"Google Docs makes writing and editing so easy. Everything syncs instantly, and the app feels fast and reliable. Perfect for work and school. Five stars.",0,1.26.291.00.90,2026-07-24T10:48:44,,
Google Docs,com.google.android.apps.docs.editors.docs,Productivity,fade8644-6d06-4e19-a974-ae900240ddfa,Hong Anh Nguyen,3,,Limited editing options compared to PC version,0,,2026-07-24T10:13:03,Hi Hong. Thanks for sharing your valuable feedback. We'll pass this along to our team. Appreciate it.,2026-07-24T11:43:11
Google Docs,com.google.android.apps.docs.editors.docs,Productivity,28169e28-c693-4a13-8416-92fe028bf4fd,Abdullah CE,5,,Very much useful,0,1.26.281.01.90,2026-07-24T09:36:26,,
Google Docs,com.google.android.apps.docs.editors.docs,Productivity,9a0152c4-2ed0-4d46-9731-e62bdb00541c,D Parushuram Naik,3,,good,0,1.26.271.03.90,2026-07-24T09:35:58,,
Google Docs,com.google.android.apps.docs.editors.docs,Productivity,c427bb50-4f50-45d5-b5e8-326f006f8e8f,MANISHA SINGH,5,,good,0,1.26.222.01.90,2026-07-24T09:07:02,,
Google Docs,com.google.android.apps.docs.editors.docs,Productivity,124e0219-9ac3-45bd-8328-9b99e2a2c835,priscilla garcia,5,,very good and great,0,1.26.281.01.90,2026-07-24T08:59:40,,
Google Docs,com.google.android.apps.docs.editors.docs,Productivity,77033dc6-e873-47f3-a037-585c803c7274,Ranjit Thakor,5,,nice,0,1.26.281.01.90,2026-07-24T08:50:23,,
Google Docs,com.google.android.apps.docs.editors.docs,Productivity,bcda4f8d-a0df-4ed8-beef-a39a2abc3dd3,Anne McKiernan,1,,I do not consent to developers using my information.,0,1.26.101.02.90,2026-07-24T08:45:57,,
Google Docs,com.google.android.apps.docs.editors.docs,Productivity,0860d62c-226a-4a16-9b76-b6f554fc8b93,Aje Emmanuel,5,,A Good app with so many features that makes work easier 👍👍👍👍👍,0,,2026-07-24T08:40:17,,
Google Docs,com.google.android.apps.docs.editors.docs,Productivity,f82e81cd-042f-48d4-b478-518d74dff3a8,Sunil Khanna,4,,great,0,1.26.281.01.90,2026-07-24T08:08:22,,
Google Docs,com.google.android.apps.docs.editors.docs,Productivity,b8cf4131-4132-4a43-9afc-220f1f198599,Void Loid,1,,unnecessary AI features you cant turn off and are constantly pushed on you,1,1.26.281.01.90,2026-07-24T08:01:41,,
Google Docs,com.google.android.apps.docs.editors.docs,Productivity,19453a85-0140-426e-ad78-c6e82704db60,Soumava Mandal,1,,very bad,0,1.26.241.02.90,2026-07-24T07:48:05,,
Google Docs,com.google.android.apps.docs.editors.docs,Productivity,ac05ab6e-1730-4fa8-bf0c-70fbaa591171,Rakesh Ajnar,5,,good,0,1.26.271.03.90,2026-07-24T07:39:38,,
Google Docs,com.google.android.apps.docs.editors.docs,Productivity,9e742523-5b82-438a-b16c-167b539bbde4,Tribhuvan S 33,3,,good,1,1.26.281.01.90,2026-07-24T06:31:26,,
Google Docs,com.google.android.apps.docs.editors.docs,Productivity,c757cb12-87e0-4970-997b-018c537fd7d9,Esther Sara King,5,,what an exceptionally useful program,0,1.26.281.01.90,2026-07-24T04:25:41,,
Google Docs,com.google.android.apps.docs.editors.docs,Productivity,79e1f138-67b5-4158-94ef-3da03442c4d6,Solar Surfers,1,,FIND is broken! it's not highlighting the word not even showing it on the screen as I cycle thru instances where the word is,0,,2026-07-24T03:57:47,"Hi there. We suggest you clear apps cache on your device: Settings - Apps - Docs - Storage & cache - Clear cache. If that doesn't help, you may post your query in the Docs Community and get help from our experts: https://goo.gle/3o58rPT. Thank you.",2026-07-24T05:06:12
Google Docs,com.google.android.apps.docs.editors.docs,Productivity,89115884-7a75-4441-b4bd-78e449aa2848,Lardi zuani Albert Andoh,5,,Very Good,0,1.26.222.01.90,2026-07-24T02:53:45,,
Google Docs,com.google.android.apps.docs.editors.docs,Productivity,2edce958-98a9-4fb0-92f1-d8491bffe9a9,William Lanier,5,,I use on all my connected devices. It's versatile.,0,1.26.281.01.90,2026-07-24T02:33:40,,
Google Docs,com.google.android.apps.docs.editors.docs,Productivity,ebe4fc22-168f-4999-b0c6-1de0ea08f526,vinay yadav,3,,good,0,1.26.281.02.90,2026-07-24T02:26:50,,
Google Docs,com.google.android.apps.docs.editors.docs,Productivity,8a28274f-80c7-48f2-8800-8e38529508f8,Sandy Scott,2,,No able to update,0,1.7.232.04.40,2026-07-24T02:08:36,"Hi Sandy. We suggest that you follow these steps: goo.gle/2tPy0rx to fix problems with updating the app. If that doesn't help, you may post your question in the Docs Community and get help from our experts: https://goo.gle/3o58rPT. Thank you.",2026-07-24T05:07:40
Google Docs,com.google.android.apps.docs.editors.docs,Productivity,9242490d-b361-4101-ba53-177802da9b2e,Johnson Odinaka,5,,Good,0,1.26.231.01.90,2026-07-24T00:36:07,,
Google Docs,com.google.android.apps.docs.editors.docs,Productivity,5a267a6a-c2e0-4966-9c0a-311ad11cb985,Fabian Corral (Big Chief Gummie Bear),1,,I take back what I said on a previous review. Google forced updated the app and now its trash again.,0,1.26.271.03.90,2026-07-23T23:43:36,,
Google Docs,com.google.android.apps.docs.editors.docs,Productivity,cc9620dd-eb6a-44a1-b973-509efbcbc322,Caption habib,4,,ok,0,1.26.281.01.90,2026-07-23T23:26:15,,
Google Docs,com.google.android.apps.docs.editors.docs,Productivity,581da0a5-ee0d-45cd-a860-42f70f3bcd68,My futures More s p,1,,"very intelijant program this services all good and लर्निग mindseting growth,knowlegable platform and chanjing the mind our life freedum outstanding hardwork and smartwork.thank to bizgurukul",0,1.26.281.01.90,2026-07-23T22:42:12,,
Google Docs,com.google.android.apps.docs.editors.docs,Productivity,b8cbeb83-bf38-4b70-beae-ea5824aba117,Ahmed Tufayel,5,,ওকে,0,1.26.271.03.90,2026-07-23T22:37:41,,
Google Docs,com.google.android.apps.docs.editors.docs,Productivity,4a0b7af5-afbc-4b0a-8034-a64c2fdb5a92,Habibullah Bahar,5,,very nice,1,1.26.291.00.90,2026-07-23T22:36:58,,
Google Docs,com.google.android.apps.docs.editors.docs,Productivity,6f0e0318-e525-4693-89cf-e4dd6ce88477,mitul ahmed,5,,অসাধারণ ❤️❤️,0,1.26.281.01.90,2026-07-23T22:12:01,,
Google Docs,com.google.android.apps.docs.editors.docs,Productivity,bff2a871-2c75-40b5-829a-17fa5881f1ed,Paul Baisie,5,,Exceptional,0,1.26.131.00.90,2026-07-23T22:04:51,,
Google Docs,com.google.android.apps.docs.editors.docs,Productivity,4fd0abf1-fd68-402f-825c-8fc5f40f1eac,Mohammed ShahAlam,5,,nice app,0,1.26.281.01.90,2026-07-23T21:58:42,,
Google Docs,com.google.android.apps.docs.editors.docs,Productivity,9c97aca5-bea5-434c-b66e-0ea3fc7efc11,John Digal,5,,Amazing,0,1.26.251.02.90,2026-07-23T21:56:12,,
Google Docs,com.google.android.apps.docs.editors.docs,Productivity,95a9c88d-c678-4be6-b237-19f77eedb53e,Isaac Awuah,5,,good,0,1.26.251.02.90,2026-07-23T21:55:56,,
Google Docs,com.google.android.apps.docs.editors.docs,Productivity,18ed5349-f07e-42dc-9d1c-6437086bc49e,Amanda Crane,5,,I LOVE how every keystroke is basically saved immediately and I don't have to worry about losing anything. I also love that I can work on my documents on multiple devices.,0,1.26.281.01.90,2026-07-23T21:49:50,,
Google Docs,com.google.android.apps.docs.editors.docs,Productivity,a506254e-3406-4ef0-9e1f-8e92f9615ce1,Langa Langa,1,,it makes it extremely difficult for me to easily use my letterhead,0,1.26.241.02.90,2026-07-23T21:40:09,Hi Langa. Could you give us some more information on the issue you are facing so that we may be of help? You can update your comment with a description of the issue. Have a great day!,2026-07-23T23:57:21
Google Docs,com.google.android.apps.docs.editors.docs,Productivity,fc7e9b61-8bfa-446b-bada-91e731b5f394,Sonam Goud,2,,good app 👍🏻,0,1.26.131.00.90,2026-07-23T21:36:30,,
Google Docs,com.google.android.apps.docs.editors.docs,Productivity,916eca0e-8512-4540-86a0-f1f40a34d582,OGHENEVOVWERO OKPORUANEFE,4,,A very good app for writing editing and formatting texts.,0,1.26.241.02.90,2026-07-23T21:23:10,,
Google Docs,com.google.android.apps.docs.editors.docs,Productivity,e5905d46-e4ec-48f3-a0bd-e4e4f34959ce,Hminga Vuite,5,,work,0,1.26.281.01.90,2026-07-23T21:03:52,,
Google Docs,com.google.android.apps.docs.editors.docs,Productivity,652ddfd4-5873-4355-bc1e-352ab10db2b9,Taylor Hayes,4,,"Great app, but will occasionally lock you out of your own documents even though you can access them on the browser version",0,,2026-07-23T20:44:06,,
Google Docs,com.google.android.apps.docs.editors.docs,Productivity,75861a53-37c6-4e94-b111-23e99cb81151,Orcajada Ace,5,,su nice 👍🏻,0,1.26.271.03.90,2026-07-23T20:27:46,,
Google Docs,com.google.android.apps.docs.editors.docs,Productivity,26a1f54b-823c-47d2-ae81-5b5c3389d030,Hitesh Rajput,5,,thias best app,0,1.26.271.03.90,2026-07-23T20:24:36,,
Google Docs,com.google.android.apps.docs.editors.docs,Productivity,2ac0e334-ee38-4afe-bc3b-db0de264da28,Parthik Sarkar,5,,wow,0,1.26.051.00.90,2026-07-23T20:08:50,,
Google Docs,com.google.android.apps.docs.editors.docs,Productivity,fa98a043-dd5d-47c7-b9ff-daac8ddf7ec5,Elias Nare,5,,excellent!,0,1.26.281.01.90,2026-07-23T20:00:48,,
Google Docs,com.google.android.apps.docs.editors.docs,Productivity,db6714e0-7efb-469f-a7e5-10ad53b9b238,El Guanako Hernandez,5,,very good tool for office work 👏,0,1.26.291.00.90,2026-07-23T19:23:14,,
Google Docs,com.google.android.apps.docs.editors.docs,Productivity,29ab8e1b-8258-47c4-9b1d-29a25f233f31,Balram Kumar,5,,good experience,0,1.26.271.03.90,2026-07-23T19:19:36,,
Google Docs,com.google.android.apps.docs.editors.docs,Productivity,a17a8334-1d4d-4330-9d9b-bf4385e7a260,Vincent Tee,5,,good the neh,0,1.26.271.03.90,2026-07-23T19:05:05,,
Google Docs,com.google.android.apps.docs.editors.docs,Productivity,833af185-45d8-4f46-a49f-764620bcd902,Ajay Kumar Dhaundiyal,4,,good,0,1.26.271.03.90,2026-07-23T18:56:57,,
Google Docs,com.google.android.apps.docs.editors.docs,Productivity,707d44ae-11a2-44a8-9516-d0240dd84a4a,arish habib,4,,good thing,0,1.26.281.01.90,2026-07-23T18:52:28,,
Google Docs,com.google.android.apps.docs.editors.docs,Productivity,286a245a-dcc0-4793-bad1-1758017421e4,"Rev. Joseph Deck, III",5,,"Easy to use, especially on my smartphone",0,1.26.281.01.90,2026-07-23T18:23:15,,
Google Docs,com.google.android.apps.docs.editors.docs,Productivity,5da5116d-fc4c-41a2-a13a-36d2c392941b,T-Roy Whitacre,2,,Google docs often can't open docs,0,1.26.281.01.90,2026-07-23T18:22:59,"Hi there. We suggest you clear apps cache on your device: Settings - Apps - Docs - Storage & cache - Clear cache. If that doesn't help, you may post your query in the Docs Community and get help from our experts: https://goo.gle/3o58rPT. Thank you.",2026-07-24T00:00:57
Google Docs,com.google.android.apps.docs.editors.docs,Productivity,d0829417-0c02-476a-93ad-9380b8dad95d,Wanda Harris,5,,love docs!!,0,1.26.281.01.90,2026-07-23T18:15:08,,
Google Docs,com.google.android.apps.docs.editors.docs,Productivity,d2a6d23a-192b-4764-8648-08c866e992ff,Ngoc Bao,3,,3 downsides: - phone app doesn't sync with website immediately - large documents unable to open and automatically close the app - Mistyping & sometimes 'eat' words Everythings else beside this work great.,0,1.26.281.01.90,2026-07-23T17:42:28,"Hi there. In order to find your documents in the app, we suggest you check if the account has synced: on your device, open settings - About phone - Google Account - Account sync - Docs (check for the last sync date). If not, toggle the option off and on and see if that works. Thank you.",2026-07-24T00:00:21
Google Docs,com.google.android.apps.docs.editors.docs,Productivity,6ed36274-fa85-47e9-ad44-034d6d93f016,Flashing The Truth,5,,good,0,1.26.281.01.90,2026-07-23T17:42:07,,
Google Docs,com.google.android.apps.docs.editors.docs,Productivity,1c3dedd4-acb2-4bfd-908d-abc7649b23c4,Shaban Fundi,5,,I like,0,1.26.261.04.90,2026-07-23T16:55:47,,
Google Docs,com.google.android.apps.docs.editors.docs,Productivity,c13af23b-6acb-4749-9eef-7f7b63f6565f,Syed Ali Ahmed,5,,best,0,1.26.281.01.90,2026-07-23T16:36:42,,
Google Docs,com.google.android.apps.docs.editors.docs,Productivity,247a7e64-bbc5-4558-83e1-b210dfe5d1b9,Shedrack Sango,5,,very nice,0,1.26.241.02.90,2026-07-23T16:21:57,,
Google Docs,com.google.android.apps.docs.editors.docs,Productivity,5a012104-2663-4a84-b5f3-67330191e7ab,Njabulo Nkosinathi Emmanuel Africander,5,,too dope,0,1.26.281.01.90,2026-07-23T16:16:47,,
Google Docs,com.google.android.apps.docs.editors.docs,Productivity,67ec0675-01dd-41c7-9cf9-2e4fd27f2997,Peter Wolfson,5,,solid alternative to MS word THANK YOU,0,1.26.281.02.90,2026-07-23T16:04:28,,
Google Docs,com.google.android.apps.docs.editors.docs,Productivity,d994af62-7715-477b-9ca6-df922d695559,Medo Hamdani,5,,It can improve further if they added Gemini capabilities to OCR Arabic documents.,0,1.26.211.01.90,2026-07-23T15:53:19,,
Google Docs,com.google.android.apps.docs.editors.docs,Productivity,4e759212-0f28-4472-93b7-75b4480f7d7d,Billy Spells,5,,One of my favorite apps for securing the documents,0,1.26.271.03.90,2026-07-23T15:40:13,,
Google Docs,com.google.android.apps.docs.editors.docs,Productivity,fd4f1fde-da4f-47e4-88a2-1413ba51e1c2,Peter Remedy,5,,"Very good, easy to read and attractive",0,1.26.271.03.90,2026-07-23T14:44:40,,
Google Docs,com.google.android.apps.docs.editors.docs,Productivity,e088d7dc-bb6c-4faa-86dc-e7571727d9b4,Naresh Kushmi,5,,need to make more accessible. such as we can't move line by line paragraph by paragraph with screen reader.,0,1.26.291.00.90,2026-07-23T14:43:49,,
Google Docs,com.google.android.apps.docs.editors.docs,Productivity,352c499f-6884-4f6d-84b7-b93454cb551b,N Tolentino,5,,reliable,0,1.26.271.03.90,2026-07-23T14:13:41,,
Google Docs,com.google.android.apps.docs.editors.docs,Productivity,b36b35ad-a385-468a-8bf5-f59e2185e137,arun kumar,5,,It's a very good app to workout,0,1.26.281.01.90,2026-07-23T14:13:10,,
Google Docs,com.google.android.apps.docs.editors.docs,Productivity,2462c0f5-4a5d-405f-b3b3-224e07cd3728,Ayoola Ogunleye,5,,beat of the best,0,1.26.101.02.90,2026-07-23T14:10:38,,
Google Docs,com.google.android.apps.docs.editors.docs,Productivity,22fdc8ae-8d98-4113-9f5c-e8c0dd8f135a,MANOJ HEMKE,5,,ok thank you,0,1.26.281.01.90,2026-07-23T13:39:50,,
Google Docs,com.google.android.apps.docs.editors.docs,Productivity,48be82b9-4fcd-4e23-9467-09071ff9b024,Steven Gbondo,5,,best documents editor,0,1.26.271.03.90,2026-07-23T13:39:27,,
Google Docs,com.google.android.apps.docs.editors.docs,Productivity,cbb69248-58ad-4d63-83b9-20032270264f,Brian Rindel,5,,Great app alround,1,1.26.281.01.90,2026-07-23T13:29:33,,
Google Docs,com.google.android.apps.docs.editors.docs,Productivity,aa23c85f-2298-4ade-8f57-6bcaf7baf0f6,Sandiswa Mthembu,5,,I love it,0,1.26.241.02.90,2026-07-23T13:25:42,,
Google Docs,com.google.android.apps.docs.editors.docs,Productivity,8c3c7385-bfa1-4eca-8648-5994e790e182,Emediong Matthew,5,,Good 👍🏽😃,0,1.26.281.01.90,2026-07-23T13:21:45,,
Google Docs,com.google.android.apps.docs.editors.docs,Productivity,8edc68ef-6a2a-4cdb-b6f8-fac083197752,Gloria Edwin,5,,good nice for printing of stuff,0,,2026-07-23T13:20:40,,
Google Docs,com.google.android.apps.docs.editors.docs,Productivity,90674e87-5438-43e6-a2cf-a88b60499a00,Addy Lopez,5,,excelente recomendado,0,1.26.281.02.90,2026-07-23T12:21:55,,
Google Docs,com.google.android.apps.docs.editors.docs,Productivity,1f9f378c-2dee-4318-ada1-9bbb206d0cd7,Sanjana Palit,5,,nice,0,1.26.281.01.90,2026-07-23T11:53:05,,
Google Docs,com.google.android.apps.docs.editors.docs,Productivity,05d34619-1f93-4553-8ca3-6ed95e26e7ec,Md Rafi,5,,very helpful,0,1.26.281.01.90,2026-07-23T11:30:57,,
Google Docs,com.google.android.apps.docs.editors.docs,Productivity,55bbea56-2f93-4d3f-a158-e837a403d47f,Saroj Behera,5,,good,0,1.26.281.01.90,2026-07-23T11:25:30,,
Google Docs,com.google.android.apps.docs.editors.docs,Productivity,04ffcf3a-1c63-4894-b835-b97d53be15b8,Pradeep Yadav,5,,out standing,0,1.26.251.02.90,2026-07-23T10:47:06,,
Google Docs,com.google.android.apps.docs.editors.docs,Productivity,4e81bcc1-befe-4cdc-995b-36d18bb868b7,Anjali Kumari,5,,Good,0,1.26.241.02.90,2026-07-23T10:40:59,,
Google Docs,com.google.android.apps.docs.editors.docs,Productivity,4e1eb137-a0eb-4de2-a376-5be1c2235d82,Charity Nkata,5,,"this app is very good.now the Microsoft word is there but the rest e.g Microsoft point,excel should be added for it to be unique otherwise it's the best",0,1.26.281.01.90,2026-07-23T10:33:08,,
Google Docs,com.google.android.apps.docs.editors.docs,Productivity,325cdf0f-d122-4773-a677-22c8ec2ad9c6,Devotion,2,,"While not bad, they seriously need to bring over some basic features of desktop to mobile, like color picking for text, being able to change the size of fonts to a specific scale, image editing etc. I'm getting sick and tired of the visual updates while providing us with no substantial changes to the app itself aswell the last 7 updates were changes to the app icon and main menu, not actually making documents, some of us can't be at our desktop all the time.",0,1.26.281.01.90,2026-07-23T10:26:00,,
Google Docs,com.google.android.apps.docs.editors.docs,Productivity,6221fef7-7a6d-4f2a-9beb-7f36a08981fc,KARTHIK ADVOCATE,5,,good,0,1.26.281.01.90,2026-07-23T10:12:47,,
Google Docs,com.google.android.apps.docs.editors.docs,Productivity,bd54356b-d6ef-4023-8cd6-6100bbc28cb0,Teja Padi,5,,good,0,1.26.281.01.90,2026-07-23T10:08:23,,
Google Docs,com.google.android.apps.docs.editors.docs,Productivity,b1372039-6758-46d6-b64d-6cbec754564b,Shiva Kumar,5,,good 😍,0,1.26.222.01.90,2026-07-23T09:28:09,,
Google Docs,com.google.android.apps.docs.editors.docs,Productivity,c77d3541-ff1a-4c83-a6ae-ed67511027b8,Sonali yadav,5,,"Google Docs is a very useful and easy-to-use app for creating, editing, and sharing documents. It is especially helpful for students, teachers, and professionals. The automatic saving feature is very convenient, and documents can be accessed anytime and anywhere. I also like its simple interface, sharing options, voice typing, and formatting tools. Overall, Google Docs is a reliable and helpful app that makes document work simple and efficient. Overall, Google Docs is a reliable, convenient,",1,1.26.251.02.90,2026-07-23T09:11:36,,
Google Docs,com.google.android.apps.docs.editors.docs,Productivity,ddeede94-d7f0-4640-a97f-69beac1b1271,Md Jahangir Bokhs,5,,Most Helpful,0,1.26.281.01.90,2026-07-23T08:59:48,,
Google Docs,com.google.android.apps.docs.editors.docs,Productivity,30863b37-22da-4b8f-81a7-e6babfa01789,meo sr apna watsapp no tu sand karen sapoot1,5,,love this app,0,,2026-07-23T08:55:57,,
Google Docs,com.google.android.apps.docs.editors.docs,Productivity,312a7ec9-0d2b-4103-b468-9b76aa118c3a,krishn kumar,3,,ok,0,1.26.281.01.90,2026-07-23T08:33:34,,
Google Docs,com.google.android.apps.docs.editors.docs,Productivity,42f621da-f261-42ff-841f-f9b86597c13c,Rathin Sarkar (RD),4,,good,0,1.26.251.02.90,2026-07-23T08:32:59,,
Google Docs,com.google.android.apps.docs.editors.docs,Productivity,e056d1c7-f5bd-452c-b678-632e2ae1dfd6,Michael Sanchez,5,,I have used this and use this to make my world a better place for me.,0,1.26.141.05.90,2026-07-23T08:00:13,,
Google Docs,com.google.android.apps.docs.editors.docs,Productivity,a572e5d8-62aa-4826-be86-6d2983a59f7a,Nzube Nzegwu,5,,the best,0,1.26.271.03.90,2026-07-23T07:03:56,,
Google Docs,com.google.android.apps.docs.editors.docs,Productivity,046b2d13-9d94-40bd-97f3-f7226bd5b8db,Sieun Park,4,,It is convenient to read the file.,0,1.26.281.01.90,2026-07-23T06:18:22,,
Google Docs,com.google.android.apps.docs.editors.docs,Productivity,bfd8552c-a02c-4552-90a7-6502902c3d01,DavidC EG,5,,it's great to have online document editing team program that is full of capabilities and compatibilities.,0,1.26.281.01.90,2026-07-23T05:41:18,,
Google Docs,com.google.android.apps.docs.editors.docs,Productivity,5daab763-9e7c-4f54-a669-ce8f4ce339ee,Adama Touray,3,,very good,0,1.26.251.02.90,2026-07-23T05:33:43,,
Google Docs,com.google.android.apps.docs.editors.docs,Productivity,3ada8ae5-cfa2-495d-a0dd-bb6539271d5e,K William T Great (Spelll),5,,it works.,0,1.26.131.00.90,2026-07-23T05:13:26,,
Google Docs,com.google.android.apps.docs.editors.docs,Productivity,3307234f-b43b-46ee-b646-b6aba2b8831b,Dr. B Rock,5,,good,0,,2026-07-23T04:26:55,,
Google Docs,com.google.android.apps.docs.editors.docs,Productivity,39d300b1-a48a-4eb8-bb9a-8b8cef834f45,Tj,3,,"Animation problems when apps open with Android 17, also occurring with Google Drive. Same issues—apps open smoothly once in a while, but most of the time the animations are janky.",0,1.26.281.01.90,2026-07-23T04:19:45,,
Google Docs,com.google.android.apps.docs.editors.docs,Productivity,de5c23d7-ddd3-4fa2-add3-0f82cc5a8a07,Rachelle Garzia,1,,What's wrong with this update?! It glitches! and the find and replace doesn't work either! it keeps saying 0 and going from the start of the document to the end and not showing the word you search for.,1,,2026-07-23T04:17:59,"Hi Rachelle. We suggest you clear apps cache on your device: Settings - Apps - Docs - Storage & cache - Clear cache. If that doesn't help, you may post your query in the Docs Community and get help from our experts: https://goo.gle/3o58rPT. Thank you.",2026-07-23T06:14:11
Google Docs,com.google.android.apps.docs.editors.docs,Productivity,255bc878-732f-4e8d-88dd-0a56fc69fde6,sasi kumar,5,,very useful app,0,1.26.281.01.90,2026-07-23T04:09:54,,
Google Docs,com.google.android.apps.docs.editors.docs,Productivity,2a4d2b8e-341f-49df-b067-6929bcc28aa7,fortress thato,5,,great,0,1.26.251.02.90,2026-07-23T03:52:26,,
Google Docs,com.google.android.apps.docs.editors.docs,Productivity,58521036-2c8f-44f9-b961-162d00196c14,Rahleigh Paet,5,,good,0,1.26.281.01.90,2026-07-23T03:49:28,,
Google Docs,com.google.android.apps.docs.editors.docs,Productivity,66bc4cd9-aefc-4195-82d2-1b5cb1ef7d6f,Att Mahfuj,4,,"eta valo app, sobai use Koro go",0,1.26.281.01.90,2026-07-23T03:08:53,,
Google Docs,com.google.android.apps.docs.editors.docs,Productivity,cd01e623-cb17-4390-ae72-87caffd49260,Mata Nui Gaming,5,,Perfect to make some stories for any community!,0,1.26.281.01.90,2026-07-23T02:42:33,,
Google Docs,com.google.android.apps.docs.editors.docs,Productivity,0f430ce0-e66f-4b85-83a8-3a8a3114cf1a,Asher Padonou,3,,"this has been bugging. everytime you make a change on your documents and re-download on the phone version, it still downloads the old version. Fix it plz",1,1.26.281.01.90,2026-07-23T02:35:28,"Hi Asher. In order to find your documents in the app, we suggest you check if the account has synced: on your device, open settings - About phone - Google Account - Account sync - Docs (check for the last sync date). If not, toggle the option off and on and see if that works. Thank you.",2026-07-23T05:13:18
Google Docs,com.google.android.apps.docs.editors.docs,Productivity,0b622a87-67aa-416f-9418-e0b091f062b8,John Richter,4,,some features are disabled on android,0,1.26.281.01.90,2026-07-23T01:46:07,,
Google Docs,com.google.android.apps.docs.editors.docs,Productivity,4fc8c41a-e7fc-4350-ac97-74ee6a0a4b10,Juan Botes,5,,\o/,0,1.26.251.02.90,2026-07-23T01:43:46,,
Google Docs,com.google.android.apps.docs.editors.docs,Productivity,4b0b6371-b646-4afe-ab02-59f262f957bf,Vitória Fabbrini (VickSaturn),5,,very good,0,1.26.281.01.90,2026-07-23T01:37:45,,
Google Docs,com.google.android.apps.docs.editors.docs,Productivity,5883f869-d0ca-4cb4-9d3b-94f3bcedaa08,Chimezirim Heavenslight,4,,good,0,1.25.371.00.90,2026-07-23T01:36:44,,
Google Docs,com.google.android.apps.docs.editors.docs,Productivity,6f7fe820-d65a-4815-aac7-0024adbeca88,Emeka Samuel Ugochukwu (Alpha),5,,wonderful app,0,1.26.251.02.90,2026-07-23T01:34:54,,
Google Docs,com.google.android.apps.docs.editors.docs,Productivity,0ca0cb87-b8a4-438d-b4e6-bc0633a76341,Esther Ariono,5,,easy to understand and use effectively and efficiently,1,1.26.291.00.90,2026-07-23T01:29:58,,
Google Docs,com.google.android.apps.docs.editors.docs,Productivity,051e1020-4c58-45c5-9d99-d6d3be075a89,Dagi Gere,5,,best,0,1.26.251.02.90,2026-07-22T23:46:08,,
Google Docs,com.google.android.apps.docs.editors.docs,Productivity,6e0bae8a-068a-4e46-b82f-d66e8b003be9,Ram Raghuvanshi,4,,ok,0,1.26.251.02.90,2026-07-22T23:24:46,,
Google Docs,com.google.android.apps.docs.editors.docs,Productivity,909c4d80-31eb-4e4e-90e9-beecc9ea342f,Md. Rashidul Islam,3,,It is a good apps. All people can use this apps. It is a usefull apps. and more...,0,1.26.281.01.90,2026-07-22T23:15:36,,
Google Docs,com.google.android.apps.docs.editors.docs,Productivity,f8e81a6b-71e4-4e45-b7e3-f82b8f307e2f,Siyamthanda Shelembe,5,,Great. editing . love this & recommend.,0,1.26.251.02.90,2026-07-22T23:15:06,,
Google Docs,com.google.android.apps.docs.editors.docs,Productivity,8ab311a5-3f4f-4d2d-93ac-ae5ddaec63be,Muhammad Shakeel Gujjar,5,,Very easy and simple to use if you save your time.,0,1.26.281.01.90,2026-07-22T23:11:14,,
Google Docs,com.google.android.apps.docs.editors.docs,Productivity,de9c08e5-c1cf-407a-b41e-8acbef93ff7a,Jasim Sharefi,5,,good 👍,0,1.26.281.01.90,2026-07-22T23:03:31,,
Google Docs,com.google.android.apps.docs.editors.docs,Productivity,3bddc77c-b0b3-4b5b-8f4e-2e7e9190a184,arjun debnath,5,,good app,0,1.26.281.01.90,2026-07-22T23:03:12,,
Google Docs,com.google.android.apps.docs.editors.docs,Productivity,e02a6ae3-b580-4e11-9f06-daf87d18c57f,Musabbir Ahmed,3,,"bad apps. There are no necessary templates to create CV. Also, many times there is a problem in setting up the page. I have had a very bad experience using it.",0,1.26.281.01.90,2026-07-22T22:55:01,Hi Musabbir. We'd like our users to have the best possible experience with the Google Docs app. We'll share your feedback with our product team. Thanks!,2026-07-22T22:37:31
Google Docs,com.google.android.apps.docs.editors.docs,Productivity,458f52f4-c1a1-47e1-b906-975d5711facf,Vinod Mithari,4,,good,0,1.26.281.01.90,2026-07-22T22:53:43,,
Google Docs,com.google.android.apps.docs.editors.docs,Productivity,46cdb8e6-83ec-42a4-84dc-d1c10b98ade2,Adeyemi Ibrahim,5,,it's nice for me.... cos of the smooth flow experience working on it..,0,1.26.261.04.90,2026-07-22T22:32:41,,
Google Docs,com.google.android.apps.docs.editors.docs,Productivity,719d8356-e19c-486d-8343-c752aa83d65c,Amry Maganto,5,,"very awesome, also makes stuff easier",0,1.26.251.02.90,2026-07-22T22:19:45,,
Google Docs,com.google.android.apps.docs.editors.docs,Productivity,0377fd2e-6bf5-4e31-b13e-9d9f976bfeef,SAMUEL JERRY,5,,so good to use,0,1.26.271.03.90,2026-07-22T22:18:03,,
Google Docs,com.google.android.apps.docs.editors.docs,Productivity,3fe9007d-14dc-4e28-9b33-d4f916855c2f,Fahim Hasan,5,,good,0,1.26.271.03.90,2026-07-22T22:02:20,,
Google Docs,com.google.android.apps.docs.editors.docs,Productivity,f71c6246-4421-480b-8eb8-cd1acc0d98e5,Isaac Nzaro,5,,this app is soo good,0,1.26.281.01.90,2026-07-22T21:58:05,,
Google Docs,com.google.android.apps.docs.editors.docs,Productivity,12383d49-5f7e-4ef6-bf34-e049ca49d5c8,Robert Napier,5,,Dose what I need it to.,0,1.26.222.01.90,2026-07-22T21:39:27,,
Google Docs,com.google.android.apps.docs.editors.docs,Productivity,3c317034-a751-4b3f-a2a1-f5e1c2264fc0,mohammed Tauseef raza,5,,GOOD,0,1.25.321.02.90,2026-07-22T21:32:37,,
Google Docs,com.google.android.apps.docs.editors.docs,Productivity,d44282b4-e059-4025-8fbb-5b17e245c026,mahendra mulge,5,,Best,0,1.26.251.02.90,2026-07-22T21:24:51,,
Google Docs,com.google.android.apps.docs.editors.docs,Productivity,188b9a87-6b3b-4a41-9bee-81795504f111,Daw Hnin Win,4,,it's more than I expected,0,1.26.281.01.90,2026-07-22T21:12:20,,
Google Docs,com.google.android.apps.docs.editors.docs,Productivity,28c0bb21-289e-48a8-9c54-2e4ed0ff71da,Zero Sun,5,,useful af,0,1.26.281.01.90,2026-07-22T21:09:02,,
Google Docs,com.google.android.apps.docs.editors.docs,Productivity,e4461bb1-3864-492f-a17d-879735ae555e,Samuel Mkuli,5,,simple and good to use,0,1.26.271.03.90,2026-07-22T21:07:21,,
Google Docs,com.google.android.apps.docs.editors.docs,Productivity,c4e289bc-9221-4b61-91a3-408eec196d44,Shayne Noel,5,,Great for everything and anyone,0,1.26.281.01.90,2026-07-22T21:03:21,,
Google Docs,com.google.android.apps.docs.editors.docs,Productivity,f505847f-a373-4841-a5ed-1f08e87511ba,Karen Green,5,,amazing for college students fixing grammar.,0,1.26.271.03.90,2026-07-22T20:56:22,,
Google Docs,com.google.android.apps.docs.editors.docs,Productivity,e6d41fa8-695d-4b4d-993f-b5411f155f72,Beverley Mccalla,1,,don't want this App,0,1.25.102.00.90,2026-07-22T20:41:20,,
Google Docs,com.google.android.apps.docs.editors.docs,Productivity,0f495487-8217-41e2-a8db-58311780ac0a,Nayem Bin kalam,3,,nice,0,1.26.281.01.90,2026-07-22T20:29:58,,
Google Docs,com.google.android.apps.docs.editors.docs,Productivity,a324aacb-5305-4f36-baee-25ab89e129eb,Vincent Mattaliano,5,,"it's easy to use, although it's not intuitive. but if you've used any widely known wp apps, it's no trouble.",0,1.26.281.01.90,2026-07-22T20:29:34,,
Google Docs,com.google.android.apps.docs.editors.docs,Productivity,0bd13b6b-7963-4e87-91ed-ffcc7b140770,prisca madu Jachimma,4,,Contest on adding break down of info options for unlearned individuals.,0,1.26.271.03.90,2026-07-22T20:22:32,,
Google Docs,com.google.android.apps.docs.editors.docs,Productivity,78af7cd1-dfa8-48e5-873b-145866694141,Manvi Eranna,5,,very good,0,1.26.261.04.90,2026-07-22T19:47:51,,
Google Docs,com.google.android.apps.docs.editors.docs,Productivity,379b1a6f-5fcc-4184-904f-09c69d4a976f,Bablu Kumar,5,,excellent,0,1.26.281.01.90,2026-07-22T18:43:55,,
Google Docs,com.google.android.apps.docs.editors.docs,Productivity,17073f0d-f35b-4174-97b6-383355c120f2,Suhas,1,,stupid annoying app,0,1.26.131.00.90,2026-07-22T18:35:50,,
Google Docs,com.google.android.apps.docs.editors.docs,Productivity,963a3268-1e38-4375-b18f-318823f44405,Isaac Mateo,1,,I can't open some documents because of internet connection or permissions (which I have both) but I can open others.,0,1.26.281.01.90,2026-07-22T18:34:09,Hi Isaac. We recommend you check if there are any network connectivity issues or check this article to troubleshoot: https://goo.gle/3ONnjLM. You can also try clearing apps cache on your device: Settings - Apps - Docs - Storage & cache - Clear cache. Thank you.,2026-07-22T22:32:41
Google Docs,com.google.android.apps.docs.editors.docs,Productivity,aa436690-d30d-49b6-8bac-0e05f93ddd75,Santosh Dabangg,5,,It is very easy to create document notice or any kind of question paper and this app helps in doing these tasks in a very easy way and it has lots of features. I have been using this app for about 2 years.,0,1.26.281.01.90,2026-07-22T18:33:53,,
Google Docs,com.google.android.apps.docs.editors.docs,Productivity,8ac2fca3-8093-4bad-8336-efeb9edac7e3,Ernest Holiness,5,,good,0,1.26.271.03.90,2026-07-22T18:32:14,,
Google Docs,com.google.android.apps.docs.editors.docs,Productivity,17ce9aa5-ae61-44bb-b3fc-0a4d0233133d,Patrick Sullivan,1,,No connectivity. Trying to share documents between computers at my company and they are never accessible and the error messages are useless.,0,1.26.281.01.90,2026-07-22T18:23:30,"Hi Patrick. In order to find your documents in the app, we suggest you check if the account has synced: on your device, open settings - About phone - Google Account - Account sync - Docs (check for the last sync date). If not, toggle the option off and on and see if that works. Thank you.",2026-07-23T03:46:59
Google Docs,com.google.android.apps.docs.editors.docs,Productivity,1d4466fc-a8ca-4ae2-8d68-8669cd0bc68e,SHARMILI,5,,super,0,1.26.281.01.90,2026-07-22T18:19:27,,
Google Docs,com.google.android.apps.docs.editors.docs,Productivity,f5aeb32c-3cf9-4c59-b46f-53d5b2fccf6c,Barad Mahiypat,4,,good,0,1.26.261.04.90,2026-07-22T17:51:49,,
Google Docs,com.google.android.apps.docs.editors.docs,Productivity,3bc8301e-9e33-490a-b060-881843af4a7f,Joe Laorino,5,,awesome to use,0,1.26.281.01.90,2026-07-22T17:16:22,,
Google Docs,com.google.android.apps.docs.editors.docs,Productivity,9a4b1fb4-b492-4ca9-8a80-e4598c824f20,Matthew Faith,5,,this app is great and easy to understand,0,,2026-07-22T17:14:52,,
Google Docs,com.google.android.apps.docs.editors.docs,Productivity,f3f72060-3478-4fe8-88ae-cfb55f8382e3,Daniel Idoko,5,,fantastic app,0,1.26.261.04.90,2026-07-22T16:19:17,,
Google Docs,com.google.android.apps.docs.editors.docs,Productivity,5ec5a3e7-a18f-4e4f-a1e7-bd8683ae0ef8,Brajesh Yadav,4,,good 😊😊,0,1.26.141.05.90,2026-07-22T16:12:49,,
Google Docs,com.google.android.apps.docs.editors.docs,Productivity,44e40529-78e6-4c89-a088-12f6212501e0,Khalid Muhammad,5,,amazing,0,1.26.281.01.90,2026-07-22T15:46:32,,
Google Docs,com.google.android.apps.docs.editors.docs,Productivity,5c972e16-0f28-44b8-97b2-ba79e2debf43,Valdis Barons,5,,works like charm,0,1.26.281.01.90,2026-07-22T15:46:00,,
Google Docs,com.google.android.apps.docs.editors.docs,Productivity,0e9e3175-0ca4-4177-a8e4-91908a7261f6,Danielle Bailey,5,,Perfect set up for school,0,1.26.281.02.90,2026-07-22T15:45:41,,
Google Docs,com.google.android.apps.docs.editors.docs,Productivity,af398743-b471-443c-bbb6-95650af69032,Angela Giraldo,5,,great,0,1.26.281.01.90,2026-07-22T15:38:42,,
Google Docs,com.google.android.apps.docs.editors.docs,Productivity,3df7c431-8d57-4594-affa-fdcca9b0d61f,Eunica Cele,5,,fantastic app it's an easy use way to type and submit documents.very easy to save to preferred documents either pdf or word,0,1.26.281.01.90,2026-07-22T15:19:38,,
Google Docs,com.google.android.apps.docs.editors.docs,Productivity,9a1b0afd-dba7-4812-add5-c96f1be7eccf,Alan Jackson,4,,"Very good app normally, however, just recently a ‘suggestions’ pop up appears immediately after I type a colon in the text. It puts up a contact email address I haven’t used for years. I cannot stop this pop up and it is infuriating.",0,1.26.281.01.90,2026-07-22T14:56:29,,
Google Docs,com.google.android.apps.docs.editors.docs,Productivity,e2334fab-2089-4212-a01b-9f619107f6af,Yennyfer Pakita Romero,5,,"applicazione efficente, meglio di altri",0,1.26.191.01.90,2026-07-22T14:34:16,,
Google Docs,com.google.android.apps.docs.editors.docs,Productivity,ac31c021-6e64-4895-8434-69935af44e4b,Jhon Lorence F. Fronda,5,,👍,0,1.26.281.01.90,2026-07-22T13:58:33,,
Google Docs,com.google.android.apps.docs.editors.docs,Productivity,6d2fd886-a89b-4d76-8e69-4e291037ae6e,Liam McGregor,1,,useless,0,1.26.281.01.90,2026-07-22T13:39:53,,
Google Docs,com.google.android.apps.docs.editors.docs,Productivity,f0d51d77-2d4c-4389-b98d-ff22c2a30c3e,gopal mitra,5,,good,0,1.26.281.01.90,2026-07-22T13:03:10,,
Google Docs,com.google.android.apps.docs.editors.docs,Productivity,030d654f-14ae-42c6-931e-d17bd0428edd,Raja Shekarreddy,5,,super 👍,0,1.26.281.01.90,2026-07-22T12:52:45,,
Google Docs,com.google.android.apps.docs.editors.docs,Productivity,7fa504d3-a074-41e2-a639-6abf3242fc11,asaphg mwangi,5,,This is the best app I have used in my field activities and class assignments. Thanks a lot and good work.,0,1.26.281.01.90,2026-07-22T12:35:29,,
Google Docs,com.google.android.apps.docs.editors.docs,Productivity,c1d94cc4-89c3-4a0a-a7cb-9fdab6a1f659,KR Chandhrakumaar Chandy,1,,Too many advs and disturbances..,0,1.26.281.01.90,2026-07-22T12:23:23,,
Google Docs,com.google.android.apps.docs.editors.docs,Productivity,b4d57f2e-1aa6-4332-9816-44b84c74e589,Joyce Stanfield,2,,did not get the initial deposit for just downloading the game. did not pass the never ending level 2. did not enjoy any of the advertisements that I had no choice in watching. worst experience ever.,0,,2026-07-22T12:23:12,,
Google Docs,com.google.android.apps.docs.editors.docs,Productivity,16b48c80-bef2-459e-8852-af91344985ab,Md Rahat,4,,very useful for me ✨,0,1.26.281.01.90,2026-07-22T12:10:24,,
Google Docs,com.google.android.apps.docs.editors.docs,Productivity,2c12db24-f502-4122-9510-aa1d6845ae2d,Dinesh Kumar,5,,ok,0,1.26.251.02.90,2026-07-22T11:21:46,,
Google Docs,com.google.android.apps.docs.editors.docs,Productivity,f8a86f07-4acc-4aeb-acf4-c71130435d11,Manzoor Ahmad,5,,very easy to prepare any document,0,1.26.261.04.90,2026-07-22T11:14:59,,
Google Docs,com.google.android.apps.docs.editors.docs,Productivity,6f7ec342-5868-44d4-9628-e6f87f285262,Roopa BN,5,,after joining cqc it's really helped me lot i learn lot of things about my perimenopause how to handle my health problems and my emotional imbalance somany things i learned thank u geetha mam still i dint upgrade i want to upgrade,0,,2026-07-22T11:08:44,,
Google Docs,com.google.android.apps.docs.editors.docs,Productivity,4895ef46-bae0-48f4-aaa1-4cf1a816876b,Richard Barksdale,5,,"a wonderful free tool that works well with Android, even if it is associated with Alphabet and Google which ties them to the Epstein class!",0,1.26.251.02.90,2026-07-22T10:53:58,,
Google Docs,com.google.android.apps.docs.editors.docs,Productivity,37a90e57-5bcb-4a38-ad33-af775038471a,Kylie Hubbard,5,,"I'm a screenwriter. I honestly, to this day, prefer plain old Google Docs to Final Draft. I'll transcribe it over for the, you know, literal final draft, but when I need to get my ideas down, pen and paper is best, but Google Docs is an amazing intermediate. It just works.",1,1.26.281.02.90,2026-07-22T10:51:09,,
Google Docs,com.google.android.apps.docs.editors.docs,Productivity,05163621-140d-4d2f-a239-4353c3a533a3,Kailash Lad,5,,Good,0,1.26.281.01.90,2026-07-22T10:27:41,,
Google Docs,com.google.android.apps.docs.editors.docs,Productivity,2da00a60-2992-46bb-9c78-aaa743a07921,Abhijeet Kame,5,,nice,0,1.26.271.03.90,2026-07-22T10:01:31,,
Google Docs,com.google.android.apps.docs.editors.docs,Productivity,2fb00a08-e0d7-4d28-8e71-26eefd10c518,Amrik Singh,5,,excellent 👌,0,1.26.281.01.90,2026-07-22T09:44:41,,
Google Docs,com.google.android.apps.docs.editors.docs,Productivity,c4ba7a74-4757-4919-99bb-66f05f523032,iCent Cyber,5,,"It's an amazing app. Even though it lacks some features e.g. page borders, naira symbol, etc.",0,1.26.281.01.90,2026-07-22T09:39:02,,
Google Docs,com.google.android.apps.docs.editors.docs,Productivity,7726b705-3df8-477d-8621-cd05cda7b56d,Julekha Wahida Ahmed,5,,excellent,0,1.26.281.01.90,2026-07-22T09:16:31,,
Google Docs,com.google.android.apps.docs.editors.docs,Productivity,f07844a2-37c4-4f76-9882-64e6b3de556b,Zachary Jackson,1,,"Will randomly 'glitch out', making me unable to edit my documents, even in editing mode. Only fixed by a full reinstall and happens every couple of days. This continuing issue, along with AI pushing, makes the app worse and worse each time I try to use it. Edit: Clearing the cache didn't fix the primary issue and I am awaiting support (from a 'support forum', i.e not Google itself.). I will update this review if that changes ever.",2,1.26.281.01.90,2026-07-22T08:41:42,"Hi Zachary. We suggest you clear apps cache on your device: Settings - Apps - Docs - Storage & cache - Clear cache. If that doesn't help, you may post your query in the Docs Community and get help from our experts: https://goo.gle/3o58rPT. Thank you.",2026-07-21T22:24:12
Google Docs,com.google.android.apps.docs.editors.docs,Productivity,4950236c-1522-4b06-9b8e-49bbaa4da079,JoseBordz 41,5,,its very helpful in schoolwork with its perks,0,1.26.281.01.90,2026-07-22T08:05:29,,
Google Docs,com.google.android.apps.docs.editors.docs,Productivity,341c8496-a4fc-40fa-a559-a9825754f6be,Harsh Nayak,4,,useful for me as a college student,0,1.26.281.01.90,2026-07-22T07:36:57,,
Google Docs,com.google.android.apps.docs.editors.docs,Productivity,23bafb2b-56e4-4b56-b752-660ee538799d,Ravindra Singh,5,,ok,0,1.26.281.01.90,2026-07-22T07:22:10,,
Google Docs,com.google.android.apps.docs.editors.docs,Productivity,b6459a0e-fdce-4ada-9621-33a71e532254,kathleen kent,1,,could not pull up my doc,0,1.26.281.01.90,2026-07-22T07:19:44,Hi Kathleen. Could you give us some more information on the issue you are facing so that we may be of help? You can update your comment with a description of the issue. Have a great day!,2026-07-22T08:59:27
Google Docs,com.google.android.apps.docs.editors.docs,Productivity,429927e6-7f05-4a59-8b91-7a822bbeeeb3,David Christensen,1,,I am trying to do things and you keep jumping in front of me asking me to rate it you get zero. I am busy trying to create a document right now and for the third time in 60 seconds I get asked to rate my experience.,0,1.26.281.01.90,2026-07-22T06:53:10,,
Google Docs,com.google.android.apps.docs.editors.docs,Productivity,166ec347-5d2f-4362-bb13-c46c9ac6deea,Abdikadir Molu,1,,loved,0,1.26.281.02.90,2026-07-22T06:25:10,,
Google Docs,com.google.android.apps.docs.editors.docs,Productivity,1c85b51c-fdc6-4a4a-b931-2c435099a5b9,Rian Pabalate,5,,"Google Docs is a really convenient and good app. I really like how you can choose several fonts, page colors, and some font sizes. It makes me happy that this app is completely free. This app helps me a lot when i compose a song lyrics. It also helps me keep my documents safe and even when i already deleted all the notes in my official notes app, this app still preserve it so it helps my future self appreciate and look back what I've written before.",2,1.26.281.01.90,2026-07-22T06:07:46,,
Google Docs,com.google.android.apps.docs.editors.docs,Productivity,444a10f9-7e01-46a3-a7a8-a36c66b39ace,KING,5,,Life saver,0,1.26.281.01.90,2026-07-22T06:00:07,,
Google Docs,com.google.android.apps.docs.editors.docs,Productivity,cb970c08-6e34-48a9-83ec-51be1fb69048,Salli Thompson,5,,I love using docs!,0,1.26.271.03.90,2026-07-22T05:08:17,,
Google Docs,com.google.android.apps.docs.editors.docs,Productivity,f8a8036c-9792-48e8-b25b-c53f5c92780e,Beuma Vunda,5,,great,0,1.26.281.01.90,2026-07-22T05:07:37,,
Google Docs,com.google.android.apps.docs.editors.docs,Productivity,c75bf122-1e6d-46cb-9bd2-53d6cc5dfeec,Anasonye Gift Olanma,5,,good,0,1.26.281.01.90,2026-07-22T04:55:10,,
Google Docs,com.google.android.apps.docs.editors.docs,Productivity,e5c78aa7-dc73-4075-83bc-ac99bb9449ba,gray sevilla,5,,"I'm using it on my phone, but I normally use it on a laptop, and my experience is wonderful. I prefer this to Microsoft Word because it automatically saves, so you don't have to worry about losing your work.",0,1.26.251.02.90,2026-07-22T04:32:14,,
Google Docs,com.google.android.apps.docs.editors.docs,Productivity,6f4a0c11-080b-456a-9867-22430723cc13,Anmol Mani,5,,बेहतरीन,1,1.26.271.03.90,2026-07-22T04:25:01,,
Google Docs,com.google.android.apps.docs.editors.docs,Productivity,aafc031a-78da-4f6a-a062-2b08462559f3,Raul Lizada,4,,Safe and secure,0,1.26.281.01.90,2026-07-22T04:08:45,,
Google Docs,com.google.android.apps.docs.editors.docs,Productivity,42f025a7-7e90-4d68-bf2f-15e3c7976814,Matthew Bright,5,,Sharp 💯,0,,2026-07-22T03:35:56,,
Google Docs,com.google.android.apps.docs.editors.docs,Productivity,fefb8e60-8409-440d-9cb1-15fad04222bb,J Goward,5,,"in the beginning it was a little difficult to find the flow to the app after using Microsoft and Apple fries for so many years. overall simple and intuitive program to become a Google docs master, nearly immediately!",0,1.26.281.01.90,2026-07-22T03:23:57,,
Google Docs,com.google.android.apps.docs.editors.docs,Productivity,97fa88b2-d90e-4293-8a3b-bf3632ac253d,Shad Lhony,1,,"The app lacks the advanced formatting tools and complex layout options needed for heavy-duty work. Performance could also be improved for large or detailed documents, and it does not match the capabilities or quality of iWork or Microsoft Word documents for users performing serious, heavy work. Additionally, the app lacks support for custom fonts like Unicode Goran or Unicode Jino for Kurdish, and it doesn't offer manual control for features like footnotes, page numbers, and list numbering",2,1.26.281.01.90,2026-07-22T02:20:10,,
Google Docs,com.google.android.apps.docs.editors.docs,Productivity,269a93db-30f8-4990-9265-aaee6d862edc,Dawuda Mani,5,,"Simply, the best!!!",0,1.26.211.01.90,2026-07-22T01:53:37,,
Google Docs,com.google.android.apps.docs.editors.docs,Productivity,baf76c53-ea11-4767-a035-9f11f2724be4,K. Langiewicz,1,,Can't open files even after updates.,0,1.25.451.02.90,2026-07-22T01:43:48,Hi there. We recommend you check if there are any network connectivity issues or check this article to troubleshoot: https://goo.gle/3ONnjLM. You can also try clearing apps cache on your device: Settings - Apps - Docs - Storage & cache - Clear cache. Thank you.,2026-07-22T02:46:37
Google Docs,com.google.android.apps.docs.editors.docs,Productivity,5e206039-3fb8-4ee4-a119-d1f3dd69be07,Musfiq Abdullayev,1,,it is so annoying that half of the times edit (pen) symbol doesn't appear and i can't edit my own files.,1,1.26.281.01.90,2026-07-22T01:12:23,"Hi Musfiq. We suggest you clear apps cache on your device: Settings - Apps - Docs - Storage & cache - Clear cache. If that doesn't help, you may post your query in the Docs Community and get help from our experts: https://goo.gle/3o58rPT. Thank you.",2026-07-22T02:48:17
Google Docs,com.google.android.apps.docs.editors.docs,Productivity,cc96b47b-9832-43bb-800b-baebad50f647,Parkash Dhami,5,,amazing,0,1.26.271.03.90,2026-07-22T01:08:22,,
Google Docs,com.google.android.apps.docs.editors.docs,Productivity,b07019a9-1735-47c0-b47f-ee0d70ac901a,agoda henry,5,,nice app,0,1.26.281.01.90,2026-07-22T01:05:17,,
Google Docs,com.google.android.apps.docs.editors.docs,Productivity,400a4a87-58a7-4160-ab42-9b87e9df0970,Eric Coyle (EventsMarketingFamilyCorp),5,,Very helpful and works great with my assistant,0,1.26.271.03.90,2026-07-22T00:11:17,,
Google Docs,com.google.android.apps.docs.editors.docs,Productivity,69b81951-8fea-4dc9-aa63-8a536e050fa1,Rakib Islam,5,,Excellent,0,1.26.281.01.90,2026-07-21T23:56:19,,
Google Docs,com.google.android.apps.docs.editors.docs,Productivity,68439d17-bf8b-42f2-9401-9b80992857b2,Rajesh Pathak,5,,Awesome,0,1.26.261.04.90,2026-07-21T23:42:54,,
Google Docs,com.google.android.apps.docs.editors.docs,Productivity,87bcdccc-789b-4696-917d-bb1a2ee4c0d0,Kinyuy,4,,it's an excellent app it got all the features,0,1.26.281.01.90,2026-07-21T23:42:23,,
Google Docs,com.google.android.apps.docs.editors.docs,Productivity,4d2863ca-d58b-4af8-a65b-cd9572ebf768,JA “AJSH” Garcia,5,,Google docs is very beneficial to my business and havin Gemini now connected jas made it a million times better.,0,,2026-07-21T23:37:13,,
Google Docs,com.google.android.apps.docs.editors.docs,Productivity,1dceba78-2859-4184-a423-70aa8f56b253,Ifa Atunwaye,5,,"Dually Reliable, Easy To Use, And Storage Is Ample For Consideration.",2,1.25.252.00.90,2026-07-21T23:14:50,,
Google Docs,com.google.android.apps.docs.editors.docs,Productivity,82fd6fb2-a29e-48a2-8f56-e7255af04ca8,Pranjyoti Deka,5,,very good app,0,1.26.281.01.90,2026-07-21T23:03:02,,
Google Docs,com.google.android.apps.docs.editors.docs,Productivity,6ddec5e4-38a3-4169-9de0-761b8661cb2f,Matthew Mayer,5,,Does everything I need a Word program to do!,0,1.26.281.01.90,2026-07-21T22:47:42,,
Google Docs,com.google.android.apps.docs.editors.docs,Productivity,2021869f-6464-4cea-9be0-049c3abd25fe,Christopher Brinkmeyer,5,,excellent companion tool for my Google search/Geminu findings and follow on work.,0,1.26.241.02.90,2026-07-21T22:23:22,,
Google Docs,com.google.android.apps.docs.editors.docs,Productivity,386bec77-4be7-4ba3-a3e2-4c4637a3f078,Blino Willson,5,,Good enough to me,0,1.7.232.04.40,2026-07-21T21:50:34,,
Google Docs,com.google.android.apps.docs.editors.docs,Productivity,690e022a-c1a0-4a65-9bac-ad82717df57a,Foyin Abatan,5,,Incredible!!!...,0,1.26.271.03.90,2026-07-21T21:43:45,,
Google Docs,com.google.android.apps.docs.editors.docs,Productivity,c6bed5c7-e66a-401d-9b42-2484d8dfdc93,Mohd Afendi,5,,awesome,0,1.25.391.00.90,2026-07-21T21:01:30,,
Google Docs,com.google.android.apps.docs.editors.docs,Productivity,73f23b7c-c86f-4f0c-adc5-d491f8cbc00b,Daniel Aworele,4,,Nice,0,1.26.261.04.90,2026-07-21T21:01:17,,
Google Docs,com.google.android.apps.docs.editors.docs,Productivity,0fc30c54-da9e-4394-9d08-87b671024c97,STEPPING STONES THERAPAY SEVICES,4,,great 👍,0,1.26.281.01.90,2026-07-21T20:24:00,,
Google Docs,com.google.android.apps.docs.editors.docs,Productivity,942107f4-2d97-454e-801c-f12fc806e771,Devrshi Sharma,5,,VeryGood Application,0,,2026-07-21T20:19:27,,
Google Docs,com.google.android.apps.docs.editors.docs,Productivity,9554382a-ae6b-46b2-ae65-28770efd58c5,Sandra King,4,,Works great,0,1.26.211.01.90,2026-07-21T19:33:03,,
Google Docs,com.google.android.apps.docs.editors.docs,Productivity,9c6dfb51-2f91-46e1-9958-1e5647275d8e,Ko Ar Kar,5,,nice app,0,1.26.281.01.90,2026-07-21T19:12:59,,
Google Docs,com.google.android.apps.docs.editors.docs,Productivity,8bab7382-486c-41de-9bdd-eba60a67b870,Edward Saggeus,5,,"Its working nicely,gentle i love it...",0,1.26.281.01.90,2026-07-21T19:07:16,,
Google Docs,com.google.android.apps.docs.editors.docs,Productivity,0530b049-4fc3-4c7c-934d-a813edb0de4c,Siddesha T,5,,super this document,0,1.26.281.01.90,2026-07-21T19:01:44,,
Google Docs,com.google.android.apps.docs.editors.docs,Productivity,77885bd7-4493-4cde-b8c7-58dc4538d6a4,sovita bin,5,,កម្មវិធីនាយពិតជាល្អណាស់ មិនគិតថ្លៃហើយគ្មានពាណិជ្ជកម្មទៀត,0,1.26.281.01.90,2026-07-21T18:50:49,,
Google Docs,com.google.android.apps.docs.editors.docs,Productivity,c7310e77-0519-4314-8c35-9e8cf3dcd442,Rushikesh Kalmuke,5,,excellent,0,1.26.271.03.90,2026-07-21T18:30:23,,
Google Docs,com.google.android.apps.docs.editors.docs,Productivity,256999d2-a661-40b4-bca4-4f337e3bbbbc,Mst Jannatun Nahar Madhobi,5,,nice,0,1.26.271.03.90,2026-07-21T18:18:48,,
Google Docs,com.google.android.apps.docs.editors.docs,Productivity,c1d47c3a-1fb3-439c-bcb6-b8254ff34243,Scott Tillis,4,,cool,0,1.26.271.03.90,2026-07-21T18:07:31,,
Google Docs,com.google.android.apps.docs.editors.docs,Productivity,48f9c18b-13be-458e-bce6-a9ceff882324,lava kafle,5,,best google docs offline too no other vendor do it wow lavakafle: kaflelava: blessed,0,1.26.281.01.90,2026-07-21T17:57:46,,
Google Docs,com.google.android.apps.docs.editors.docs,Productivity,603998bd-dcd2-4c6b-874f-15f3a368d37b,fortnite pro,3,,"I've been using this app for while now. But lately I'm having issues with it. The app closes on its own, sometimes it's unresponsive. And sometimes it won't open my documents and just closes the app. I have it updated so I really don't know what's going on and if some can help me find the fix.",2,1.26.281.01.90,2026-07-21T17:34:57,"Hi there. We suggest you clear apps cache on your device: Settings - Apps - Docs - Storage & cache - Clear cache. If that doesn't help, you may post your query in the Docs Community and get help from our experts: https://goo.gle/3o58rPT. Thank you.",2026-07-21T19:27:00
Google Docs,com.google.android.apps.docs.editors.docs,Productivity,98cf42e6-1c52-419e-9a04-869c7c2e8aa5,Tuseef Majeed,3,,where is Doc live❓,0,1.26.281.01.90,2026-07-21T17:34:43,Hi Tuseef. Could you give us some more information on the issue you are facing so that we may be of help? You can update your comment with a description of the issue. Have a great day!,2026-07-21T19:17:12
Google Docs,com.google.android.apps.docs.editors.docs,Productivity,449c737f-d89a-45ea-bc4e-48cff3695daa,Asmita Dhage,5,,nice,0,1.26.281.01.90,2026-07-21T17:32:25,,
Google Docs,com.google.android.apps.docs.editors.docs,Productivity,bf9ca046-83d0-467a-801a-d7a2055955bb,MM Brady,1,,I can't share or download or save to a thumb drive. entirely too exclusive. I have to fight for hours just to get it to a word document to sent resumes. it's not a cashe thing. I shouldn't have to research how to do it. it should be part of the save functions. I'm literally going to replace you with an open source word program that I don't have to fight with tech nerds on a review of a suck a$$ product. thanks for inviting me to edit this!,1,1.26.131.00.90,2026-07-21T17:20:27,"Hi there. We suggest you clear apps cache on your device: Settings - Apps - Docs - Storage & cache - Clear cache. If that doesn't help, you may post your query in the Docs Community and get help from our experts: https://goo.gle/3o58rPT. Thank you.",2026-07-19T23:20:36
Google Docs,com.google.android.apps.docs.editors.docs,Productivity,b321bb9a-9f5d-4fd6-8dc8-10132aae420f,Nicaise Beugre,5,,Excellente App,0,1.26.291.00.90,2026-07-21T17:15:37,,
Google Docs,com.google.android.apps.docs.editors.docs,Productivity,7297fcc8-2c25-4985-9be5-0cde665748c1,조강한,5,,"best! I've never used it before, but once I'm using it, it feels like home.",0,,2026-07-21T17:08:24,,
Google Docs,com.google.android.apps.docs.editors.docs,Productivity,cb57c717-2913-4a54-9927-b9f19868e369,Sudesh Mali,4,,🥳,0,1.26.281.01.90,2026-07-21T16:53:55,,
Google Docs,com.google.android.apps.docs.editors.docs,Productivity,4cc9f24b-b632-4503-9202-aa61529aaa7e,First Option,5,,good,0,1.26.281.01.90,2026-07-21T16:19:34,,
Google Docs,com.google.android.apps.docs.editors.docs,Productivity,6d297006-4eed-40f8-967e-19849f214d3a,OBIEFULE NKIRUKA,5,,Very helpful,0,1.26.222.01.90,2026-07-21T15:50:50,,
Google Docs,com.google.android.apps.docs.editors.docs,Productivity,e766ce86-5d06-4aaa-9188-a26892917882,Prof. Rajendra Kale,5,,good my friends,0,1.26.222.01.90,2026-07-21T15:29:49,,
Google Docs,com.google.android.apps.docs.editors.docs,Productivity,53014c1e-85fa-4dfa-a7c7-3335ca19b73a,Shadiqul Islam,5,,good,0,1.26.281.01.90,2026-07-21T15:25:38,,
Google Docs,com.google.android.apps.docs.editors.docs,Productivity,28294dba-c33d-4a8f-8071-bdd9bb0d145d,Farshid Zamani,5,,"so many features, yet easy to use",0,1.26.281.02.90,2026-07-21T15:24:34,,
Google Docs,com.google.android.apps.docs.editors.docs,Productivity,f737ea27-b42b-44cc-b0b1-a0ca88bcb6a5,Darrius Neo,4,,"I have been using this app, and it's been a breeze, everything is just so much easier to write, very user friendly,but when I add a photo in, I can't adjust it on mobile and I have to hop on a laptop to do so, it would easier for it to allow photo adjustments in the documents without the need of a laptop,",0,1.26.281.01.90,2026-07-21T15:17:54,,
Google Docs,com.google.android.apps.docs.editors.docs,Productivity,d11ddc45-803e-4cf9-af6b-d0dc17619ee9,MD. RAYHAN UDDIN,5,,Very Helpful.,0,1.26.281.01.90,2026-07-21T15:03:21,,
Google Docs,com.google.android.apps.docs.editors.docs,Productivity,1015bc75-9d1b-453b-ae50-adff04c43bfb,Jaideep Nalluri,4,,"it's a good app with sync and the version history is very useful feature. it would be better if the document tab feature is updated like merge the tabs all at once and if a tab is deleted, the content should merge with the previous tab the user can select if they want to delete the content or not and when exporting a document with document tab to pdf or word the document should be merged with out the annoyance or tab 1 and all",0,1.26.281.01.90,2026-07-21T14:24:04,,
Google Docs,com.google.android.apps.docs.editors.docs,Productivity,b0f62e31-6ee2-410d-8d1f-3518cab88028,Rahul Kumar,5,,8th wonder,0,1.26.281.01.90,2026-07-21T14:07:49,,
Google Docs,com.google.android.apps.docs.editors.docs,Productivity,e01a7437-c700-4059-a248-b0daebd0bf6d,Ma. Theresa Jabonero,5,,I love google docs. it help so much,0,1.26.281.01.90,2026-07-21T13:38:18,,
Google Docs,com.google.android.apps.docs.editors.docs,Productivity,07877c3e-922a-4a10-81ec-4bd4619f752d,Adithyan Vas,5,,super,1,1.26.281.01.90,2026-07-21T13:24:42,,
Google Docs,com.google.android.apps.docs.editors.docs,Productivity,6e20e2f6-89d1-4afd-b10b-e6641f6c6600,Emmanuel Popson,5,,love 💖 it,1,1.26.251.02.90,2026-07-21T13:07:49,,
Google Docs,com.google.android.apps.docs.editors.docs,Productivity,9b930fd7-d40e-40d0-a0c4-e513f7f0a028,Mitchell,5,,Excellent,0,1.26.281.01.90,2026-07-21T13:07:24,,
Google Docs,com.google.android.apps.docs.editors.docs,Productivity,4db51bca-97e6-49d2-830b-2579dcf3c345,Rody ashley Zagado,5,,Very convenient,0,1.26.271.03.90,2026-07-21T12:59:50,,
Google Docs,com.google.android.apps.docs.editors.docs,Productivity,efa020cc-265c-4aa2-b0ea-61f8cc296a7f,Rose Imara,5,,cool,0,1.26.251.02.90,2026-07-21T12:52:03,,
Google Docs,com.google.android.apps.docs.editors.docs,Productivity,03a7f941-79a9-4d48-9b77-e843304e39fe,Dhanjeet Yadav,3,,thank,0,1.26.281.01.90,2026-07-21T12:32:19,,
Google Docs,com.google.android.apps.docs.editors.docs,Productivity,090b887c-854a-48fe-9f89-219ad80f3b05,Rashmi Bajaj,5,,Good application. easy to use. you can do all your work with this app upto giving print.,0,1.26.281.01.90,2026-07-21T11:44:52,,
Google Docs,com.google.android.apps.docs.editors.docs,Productivity,1d70b4a8-2529-4a9e-816f-2d59ff793ef2,Salote Radinivuna,5,,good,1,1.26.131.00.90,2026-07-21T11:42:05,,
Google Docs,com.google.android.apps.docs.editors.docs,Productivity,10355c59-e375-4eda-b336-6ebf1dc3a9c4,Oluwatimilehin Soyemi,4,,very accurate,0,1.26.231.01.90,2026-07-21T11:21:14,,
Google Docs,com.google.android.apps.docs.editors.docs,Productivity,dc0ad4b2-a996-459f-90d7-3f9110675386,Lynn Copeland,5,,"I've used the suite of Google products for years both professionally and personally, especially google docs which has been and is highly useful and indispensable.",0,1.26.271.03.90,2026-07-21T11:05:33,,
Google Docs,com.google.android.apps.docs.editors.docs,Productivity,52b25942-b7c1-4850-8cbf-7647b18247ca,Sree Lal,5,,best,0,1.26.271.04.90,2026-07-21T10:58:09,,
Google Docs,com.google.android.apps.docs.editors.docs,Productivity,fc74e890-bfdc-4464-a27c-e4d32a9cdf36,DIVYA G VIMAL,5,,👍,0,1.25.192.03.90,2026-07-21T10:45:07,,
Google Docs,com.google.android.apps.docs.editors.docs,Productivity,a17a91d2-b579-496d-9f44-7ce67145cc25,Ram Milan,5,,Nice,0,1.26.281.01.90,2026-07-21T10:35:39,,
Google Docs,com.google.android.apps.docs.editors.docs,Productivity,51872900-f416-4bd9-b27c-853977d1fdea,HG Cool,4,,"Nice functioning, 😁",0,1.26.111.01.90,2026-07-21T10:31:45,,
Google Docs,com.google.android.apps.docs.editors.docs,Productivity,6c6daa33-ede0-48e4-b9c2-717904e0a84f,Yahya Ahijo,5,,enjoy,0,1.26.281.01.90,2026-07-21T10:27:51,,
Google Docs,com.google.android.apps.docs.editors.docs,Productivity,d3ade52d-be88-446f-aff1-c66d16746d23,Angela Rodriguez,1,,This game sucks. Ive been playing everyday for months and I have $0.14 to go before cash out. It WILL NOT LET ME MAKE MORE THAN $0.0001 per game and is taking DAYS JUST TO MAKE 1 CENT. THIS IS A SCAM!!!,0,1.26.281.01.90,2026-07-21T10:09:44,,
Google Docs,com.google.android.apps.docs.editors.docs,Productivity,39d9ba0f-bf79-489e-8700-08742a496f0d,FOC,5,,I love this app,0,1.26.281.01.90,2026-07-21T10:06:01,,
Google Docs,com.google.android.apps.docs.editors.docs,Productivity,53c49a7a-3356-4cd2-acd8-8f02a8d3dc1f,disha info,5,,good,0,1.26.281.01.90,2026-07-21T09:48:10,,
Google Docs,com.google.android.apps.docs.editors.docs,Productivity,ab3dfe67-24cb-4be8-87b3-e38bbcee91f4,Boom Booom,5,,I love it 💕! even though I only make stories with this app it's actually great it checks ur mistakes and all that and it's 10x better than word so yeah COME HERE AND DOWNLOAD AND CREATE UR STORY OR DOCUMENT OR WHATEVER,0,,2026-07-21T08:51:34,,
Google Docs,com.google.android.apps.docs.editors.docs,Productivity,b7d12dbf-6a76-4873-a40f-5fedcaf889ce,Nene Paintworth,5,,very helpful and easy to use,0,1.26.251.02.90,2026-07-21T08:30:33,,
Google Docs,com.google.android.apps.docs.editors.docs,Productivity,209fc102-68d2-4c4c-bf78-cb15f66dc0bb,Maggie Salter,5,,I love google docs because it is so easy to pull up on my phone to make fast changes or notes for later events.,1,1.26.281.01.90,2026-07-21T08:09:06,,
Google Docs,com.google.android.apps.docs.editors.docs,Productivity,00479eda-dde5-4d5e-bb4c-d060a4afa1c0,TWINMILLARIO,3,,"The images on the documents displayed nothing but white squares. I wish it can show images, if this issue can be fixed.",0,1.26.281.01.90,2026-07-21T07:37:00,"Hi there. We suggest you clear apps cache on your device: Settings - Apps - Docs - Storage & cache - Clear cache. If that doesn't help, you may post your query in the Docs Community and get help from our experts: https://goo.gle/3o58rPT. Thank you.",2026-07-21T13:09:11
Google Docs,com.google.android.apps.docs.editors.docs,Productivity,74a3c4cf-ea49-44de-a6b6-fd0cc456e41e,Jeffrey Blumenthal,5,,scanner function is great,1,1.26.281.01.90,2026-07-21T07:32:25,,
Google Docs,com.google.android.apps.docs.editors.docs,Productivity,aab8b6c6-3d1d-4949-91e0-281c5a7035d0,Ravi Kiran,5,,good,0,1.26.281.01.90,2026-07-21T06:26:09,,
Google Docs,com.google.android.apps.docs.editors.docs,Productivity,534182cd-b424-4ee9-83b6-27c4b253b87d,दैनिक अप्रतिम,5,,best,0,1.26.051.00.90,2026-07-21T06:21:04,,
Google Docs,com.google.android.apps.docs.editors.docs,Productivity,954f50cd-20a3-48a8-9fd7-6f72a59a056b,Thomas V Stewart Jr,5,,"kiss&Tell, I the is everything you need for what ever assignment you have to do. I been looking for a Good writing program and had one the whole while, you know Google have some great apps too now don't over look these apps by Google y'all.",0,1.26.281.01.90,2026-07-21T05:27:30,,
Google Docs,com.google.android.apps.docs.editors.docs,Productivity,3b387f8a-b956-4a81-bdef-7ea0696f409b,La Madduk Kelleng,5,,recommended,0,1.26.281.01.90,2026-07-21T05:25:52,,
Google Docs,com.google.android.apps.docs.editors.docs,Productivity,d85466f0-9a8e-4afa-a6f2-efe3b52d3a48,harinirina,5,,good 😊,0,1.25.411.01.90,2026-07-21T05:11:41,,
Google Docs,com.google.android.apps.docs.editors.docs,Productivity,02ec4b1e-f303-41f2-b19b-9fc14ba927b0,M,1,,My labor should not be expoited for your ai b.s.,0,1.26.191.01.90,2026-07-21T04:02:12,,
Google Docs,com.google.android.apps.docs.editors.docs,Productivity,365694c5-0ea4-4e31-965a-15adc62fdc95,Drew Whitney,1,,"Chromebook wont open the app version anymore, help!! I like using the app version of Google docs the most and have become the most familiar with that interface. My chromebook won't open the app version of Docs anymore and only opens the web version which doesn't format as well when I minimize it to half a page while working on assignments.",0,,2026-07-21T03:51:33,Hi Drew. You may post the query in Docs community and get help from our experts: https://goo.gle/3o58rPT. Thank you.,2026-07-21T05:27:47
Google Docs,com.google.android.apps.docs.editors.docs,Productivity,f9c88099-5d2d-4cd4-9883-9861e2063a54,Daniel James,5,,Good experience,0,1.26.281.01.90,2026-07-21T02:47:48,,
Google Docs,com.google.android.apps.docs.editors.docs,Productivity,0b530b04-6e35-4879-97bf-7d466ddc467a,Elvis Asante,5,,love everything about it.,0,1.26.101.02.90,2026-07-21T02:24:00,,
Google Docs,com.google.android.apps.docs.editors.docs,Productivity,2772a6f2-dd92-48c7-ab8b-af55797e4384,Noshaba Qaisar,5,,"It's really easy to use for beginners, helps with grammar, easy to change fonts, highlight important things, u can add a link, name ur work a link and send to other people just wonderful overall",1,1.26.281.01.90,2026-07-21T02:21:40,,
Google Docs,com.google.android.apps.docs.editors.docs,Productivity,bbf470fd-5ec5-4142-b009-c7d5e1496887,Iyke Damian,4,,Fun and love,0,1.26.231.01.90,2026-07-21T02:20:40,,
Google Docs,com.google.android.apps.docs.editors.docs,Productivity,d30d4eb6-360f-4076-9326-b4ec5b998f82,Nestor Uchechukwu,5,,"perfect, only few things remaining. Insert (shapes and character) please Admin take note.",0,1.26.201.00.90,2026-07-21T01:55:08,,
Google Docs,com.google.android.apps.docs.editors.docs,Productivity,96804eed-be61-49bb-aea7-92ff86989398,Finnur Carlsen,5,,love it,0,1.26.281.01.90,2026-07-21T01:49:56,,
Google Docs,com.google.android.apps.docs.editors.docs,Productivity,43dd7d4e-2406-4821-914d-f98b6ddf8e5a,SEMAHUNGU Jerome,2,,good,0,1.26.231.01.90,2026-07-21T00:49:10,,
Google Docs,com.google.android.apps.docs.editors.docs,Productivity,899f7d15-7328-4923-9bc9-e544c6e1ba9f,Juno Tourgeman,3,,"it works just fine as a text processor, but the grammar + spelling correction suggestions have gotten much worse over the last few years. it's given me enough suggestions that I knew for a fact weren't right that I just generally dont trust that feature anymore",1,1.26.281.01.90,2026-07-21T00:47:25,,
Google Docs,com.google.android.apps.docs.editors.docs,Productivity,b3afb73f-06e7-473c-be36-94a87d7ed7a2,Nikiwe Precious Mabunda,5,,perfect,0,1.26.281.01.90,2026-07-21T00:32:39,,
Google Docs,com.google.android.apps.docs.editors.docs,Productivity,94dd4e37-c963-4b61-8051-39a7f4c48777,Miki _Maika Việt Nam,4,,First try so I will tell it later.,0,1.26.281.01.90,2026-07-21T00:16:48,,
Google Docs,com.google.android.apps.docs.editors.docs,Productivity,d3a811e1-fed9-4624-af39-da4e6b4f717e,mohit kumar,5,,veri good,0,1.26.271.03.90,2026-07-21T00:11:06,,
Google Docs,com.google.android.apps.docs.editors.docs,Productivity,a82403a8-11d3-4b4c-b474-7f292e63baba,Im Abbaass,1,,"It has very minimal font style. If it had Urdu font and Myanmar font in it, how useful it would be.",1,1.25.052.01.90,2026-07-20T23:45:07,"Hi there, thanks for sharing your valuable feedback. We'll pass this along to our team. Appreciate it!",2026-07-21T03:28:25
Google Docs,com.google.android.apps.docs.editors.docs,Productivity,60331d58-122f-421e-986e-f444c8ab2cc7,NAVIN PANDEY,5,,best app,0,1.26.261.04.90,2026-07-20T23:44:18,,
Google Docs,com.google.android.apps.docs.editors.docs,Productivity,9865a94a-22dd-448e-a504-2a9a9889b4fa,PBA Practical Creations LLC,5,,I'm trying this to see if it allowed me to send it via text to somebody,0,1.26.281.01.90,2026-07-20T23:35:57,,
Google Docs,com.google.android.apps.docs.editors.docs,Productivity,339caeaf-38c1-4e86-a62b-b587410af572,James Jackovich,5,,Kool💯👍👍,0,1.26.271.03.90,2026-07-20T23:15:36,,
Google Docs,com.google.android.apps.docs.editors.docs,Productivity,ca6a133a-4581-47c0-ad51-9187bc40aaf2,Adv. Sharda Galphade,5,,nice 👍,0,1.26.201.00.90,2026-07-20T23:02:28,,
Google Docs,com.google.android.apps.docs.editors.docs,Productivity,8825e067-f4f0-486d-ba4e-35f0c7518267,Joseph Atanasio MD,5,,from a wretch granted favor from above,0,1.26.281.01.90,2026-07-20T22:57:28,,
Google Docs,com.google.android.apps.docs.editors.docs,Productivity,9031728e-05fc-434c-8481-56c6db42e67d,Kenedy Sanasam,5,,Awesome,0,1.26.101.02.90,2026-07-20T22:50:31,,
Google Docs,com.google.android.apps.docs.editors.docs,Productivity,63898c04-651f-4ab2-81d9-6f1c3198dd94,The Sun,5,,"does what it does pretty well on Android, which shouldn't be surprising. not quite as convenient as the ""Notes"" feature on OnePlus phones (either is noticeably inferior to having pen/pencil and paper on hand) but much more versatile for creating, sharing, or collaborating on text documents.",0,1.26.271.03.90,2026-07-20T22:45:49,,
Google Docs,com.google.android.apps.docs.editors.docs,Productivity,e58fd54b-1c58-474e-ac28-faf3f271c030,sagar Thorat sir,4,,good,0,1.26.281.01.90,2026-07-20T22:39:28,,
Google Docs,com.google.android.apps.docs.editors.docs,Productivity,06625017-9fd1-4012-817b-4cd685ecda44,Idu Destiny,5,,nice,0,1.26.271.03.90,2026-07-20T22:19:04,,
Google Docs,com.google.android.apps.docs.editors.docs,Productivity,e965b004-c1a2-446f-97a1-511a4698b1c7,Adria Hewitt,5,,I love Apple Pages more,0,1.26.101.02.90,2026-07-20T22:08:49,,
Google Docs,com.google.android.apps.docs.editors.docs,Productivity,b81f0eca-9364-4363-a3b9-55f83b072e4d,Khushi Kandu 'Leelanath',5,,fabulous,0,1.26.271.03.90,2026-07-20T22:08:03,,
Google Docs,com.google.android.apps.docs.editors.docs,Productivity,190021d0-a472-404c-b89b-43985e130b44,Ashuu Kohli,5,,Best app for content writers ❤️,0,1.26.251.02.90,2026-07-20T22:05:26,,
Google Docs,com.google.android.apps.docs.editors.docs,Productivity,f23d1018-e8b7-4c96-b2df-ae3a9c633241,Thato Ruth Ramodike,1,,I can't save my documents,0,1.26.271.03.90,2026-07-20T21:57:59,"Hi Thato. We suggest you clear apps cache on your device: Settings - Apps - Docs - Storage & cache - Clear cache. If that doesn't help, you may post your query in the Docs Community and get help from our experts: https://goo.gle/3o58rPT. Thank you.",2026-07-20T23:22:59
Google Docs,com.google.android.apps.docs.editors.docs,Productivity,5b57ea46-5daf-4dfb-9847-0f525293a636,Amresh devi,1,,this comp. should be banned forever it can't handle one document,0,,2026-07-20T21:10:53,Hi Amresh! Could you give us some more information on the issue you are facing so that we may be of help? You can update your comment with a description of the issue. Have a great day!,2026-07-20T23:14:40
Google Docs,com.google.android.apps.docs.editors.docs,Productivity,23c64d3c-5d60-4e2d-b433-e0d6748b4a79,Kuhelika Dutta,3,,good,0,,2026-07-20T21:01:12,,
Google Docs,com.google.android.apps.docs.editors.docs,Productivity,78133753-7918-4471-8d92-c2099e90bc8d,Jaden Konda,3,,A really good app just like Microsoft word. But comparatively I suggest word. Few features are not available but very simple easy to use app (google docs). please google docs do not take this as an offense. thank you,0,1.26.281.01.90,2026-07-20T20:58:51,,
Google Docs,com.google.android.apps.docs.editors.docs,Productivity,3a8df1af-4e9b-4ca0-8e8a-7c0e9d5ab4af,chidimma okereafor,4,,it's makes work fun and smart,0,1.26.281.01.90,2026-07-20T20:37:49,,
Google Docs,com.google.android.apps.docs.editors.docs,Productivity,419e7753-9be6-43ac-8310-2e9bc8bd529f,Dave King,1,,Shifted all my Google docs to Proton. Not great - in fact quite limited so far - but possibly more secure and less complacent.,0,1.26.281.01.90,2026-07-20T20:36:09,,
Google Docs,com.google.android.apps.docs.editors.docs,Productivity,9c840dd2-2ec7-40b4-b0ee-e9e89c4dbebd,SK RAHAM,5,,good,0,1.26.281.01.90,2026-07-20T20:20:31,,
Google Docs,com.google.android.apps.docs.editors.docs,Productivity,88db0a52-ae1d-44d1-83d8-b5984e4ef35a,Divyang MIYANI,5,,check blinkit it's terrorist hacked,0,,2026-07-20T20:20:29,,
Google Docs,com.google.android.apps.docs.editors.docs,Productivity,85bbb4c3-327a-4d46-9a54-1c55a253708f,DRANK LIVE,5,,Docs is good.,0,1.26.271.03.90,2026-07-20T19:49:27,,
Google Docs,com.google.android.apps.docs.editors.docs,Productivity,93ddf674-9a19-4eff-bd47-0171f4c9e625,Jerry Takyi,5,,Thanks for making it free,0,1.26.271.03.90,2026-07-20T19:42:18,,
Google Docs,com.google.android.apps.docs.editors.docs,Productivity,9a20ce9b-c11d-4470-afd2-9010cf838924,S P (Vivi Annwn),2,,documents won't load on the app unless uninstalled and then reinstalled clearing cache doesn't help,1,1.26.281.01.90,2026-07-20T19:39:43,"Hi there. We suggest you clear apps cache on your device: Settings - Apps - Docs - Storage & cache - Clear cache. If that doesn't help, you may post your query in the Docs Community and get help from our experts: https://goo.gle/3o58rPT. Thank you.",2026-07-20T19:32:07
Google Docs,com.google.android.apps.docs.editors.docs,Productivity,bd4ecaca-21df-4864-b735-0aa764cff58a,SABANAZ SHEIKH,5,,dill se tq,0,1.26.281.01.90,2026-07-20T19:34:43,,
Google Docs,com.google.android.apps.docs.editors.docs,Productivity,c453501e-41f5-4dab-9db7-670a1917c5bb,Jo Hamilton,1,,"Suddenly in the last week or two I have to copy all my frequently opened documents! Clearing the cache does nothing, I made the document, there is internet connection, and still, I need to copy to open it. STUPID! FIX IT!",1,1.26.281.01.90,2026-07-20T19:34:02,Hi Jo. You may post the query in Docs community and get help from our experts: https://goo.gle/3o58rPT. Thank you.,2026-07-20T23:28:27
Google Docs,com.google.android.apps.docs.editors.docs,Productivity,a54f4088-e7eb-4c03-80bb-ee1448f6c505,Creepypasta Art (Tatsuki Tsuyoshi),3,,missing lots of features,0,1.26.281.01.90,2026-07-20T19:32:48,Hi there! Could you give us some more information on the issue you are facing so that we may be of help? You can update your comment with a description of the issue. Have a great day!,2026-07-20T23:20:26
Google Docs,com.google.android.apps.docs.editors.docs,Productivity,b1352a9c-9ff1-4691-aff1-80392a651859,Akhil,5,,good... simple.,0,1.26.261.04.90,2026-07-20T19:29:44,,
Google Docs,com.google.android.apps.docs.editors.docs,Productivity,2a189ab9-a81e-4304-87df-9d5d3a1a4b9f,SUDHANSU SEKHAR DAS,5,,EXCELLENT,0,1.26.281.01.90,2026-07-20T19:10:18,,
Google Docs,com.google.android.apps.docs.editors.docs,Productivity,233d5297-036d-45ef-ab4b-a78363c6b71f,Shannelle Kiruwi,3,,I love it,0,1.26.211.01.90,2026-07-20T19:06:39,,
Google Docs,com.google.android.apps.docs.editors.docs,Productivity,db5e8c72-ba93-46ec-8853-64c5bb1b14b3,Md mofizul islam,5,,wow nice application,0,1.26.231.01.90,2026-07-20T18:12:26,,
Google Docs,com.google.android.apps.docs.editors.docs,Productivity,9bebc387-23a7-4945-a6e5-cfe42553b599,Zoe Teitelbaum,5,,awesome app to make your ideas come true,0,1.26.281.01.90,2026-07-20T18:00:20,,
Google Docs,com.google.android.apps.docs.editors.docs,Productivity,45ae5a38-6447-4233-814f-608de21133f8,Pavithra Pc,2,,about storage,0,1.26.281.01.90,2026-07-20T17:56:02,Hi Pavithra. Could you give us some more information on the issue you are facing so that we may be of help? You can update your comment with a description of the issue. Have a great day!,2026-07-20T19:32:35
Google Docs,com.google.android.apps.docs.editors.docs,Productivity,3228cc5c-a900-4793-bc18-ff072b48f843,KUNAL SARKAR,5,,ok,0,1.26.161.04.90,2026-07-20T17:40:10,,
Google Docs,com.google.android.apps.docs.editors.docs,Productivity,26dcce5b-3cdc-4e19-bbe1-7597164ce95d,Jendayii Robertson,4,,"I wanna be able to snap ,upload and edit all in one",0,1.26.281.01.90,2026-07-20T17:29:18,,
Google Docs,com.google.android.apps.docs.editors.docs,Productivity,db5d4a5c-c352-44ac-8006-bd2ea56cc011,Neelam Agrawal,5,,"The documents are well prepared and everything has to be kept safe and grouped, it is a very handy app.",0,1.26.131.00.90,2026-07-20T16:45:09,,
Google Docs,com.google.android.apps.docs.editors.docs,Productivity,9c869622-8d97-4cdd-9f0b-029d74c004ea,Gazza Rover,5,,notice...,0,1.23.022.04.90,2026-07-20T16:39:00,,
Google Docs,com.google.android.apps.docs.editors.docs,Productivity,d4864424-3d5d-4e5e-a655-af912a557b95,Gobind Narayan Mittal,1,,my files is corrupted... not opened,0,1.26.281.01.90,2026-07-20T16:29:03,Hi Gobind. We recommend you check if there are any network connectivity issues or check this article to troubleshoot: https://goo.gle/3ONnjLM. You can also try clearing apps cache on your device: Settings - Apps - Docs - Storage & cache - Clear cache. Thank you.,2026-07-20T18:57:46
Google Docs,com.google.android.apps.docs.editors.docs,Productivity,4da6aa14-3a9d-48ed-8df5-fea82fb88a7e,Vladimir Baltazar Paucara Rocha,5,,good,0,1.26.281.01.90,2026-07-20T15:31:48,,
Google Docs,com.google.android.apps.docs.editors.docs,Productivity,3ff28739-d1bf-405f-91f9-d2f1daa61520,Vaishali Pawar,3,,good,0,1.26.251.02.90,2026-07-20T15:26:29,,
Google Docs,com.google.android.apps.docs.editors.docs,Productivity,1b6b9878-5ecd-4517-abfe-a8df8360893e,Janakiram Tenneti,5,,superb,0,1.26.281.01.90,2026-07-20T15:19:05,,
Google Docs,com.google.android.apps.docs.editors.docs,Productivity,9e2fe2b9-191b-4f17-ac14-85b386beda96,UMESH BHAVAR,4,,nice,0,1.26.271.03.90,2026-07-20T15:00:10,,
Google Docs,com.google.android.apps.docs.editors.docs,Productivity,0ba8de7f-ffe8-4ec7-9544-f06d72b2b6ca,Kill Gebremedhin,5,,this app is fantastic,0,1.26.271.03.90,2026-07-20T14:56:16,,
Google Docs,com.google.android.apps.docs.editors.docs,Productivity,d1b7ba18-3608-4f27-a32a-20d68c2e4e53,Nirmesh Kumar,5,,"outstanding ! easy to use , made our work faster , I love this app to use ♥️🤗",0,1.26.281.01.90,2026-07-20T14:45:36,,
Google Docs,com.google.android.apps.docs.editors.docs,Productivity,322629e1-787c-4ed8-8361-26f55feac112,Akash Deshmukh,5,,good 😊,0,1.26.091.03.90,2026-07-20T14:37:25,,
Google Docs,com.google.android.apps.docs.editors.docs,Productivity,2e463f98-2d29-459f-b48f-5cc52747a068,Selim Al Din,5,,good,0,1.26.281.01.90,2026-07-20T14:35:21,,
Google Docs,com.google.android.apps.docs.editors.docs,Productivity,904e1750-5b3a-4341-b6ba-7280bf6cf1f9,Krystal Joanne,1,,"Why is the app bugging out and refused to save my file?! I edited a file offline because I needed it so I can finish it on time. BUT THE FILE I EDITED OFFLINE CAN'T BE SAVED AND I COULDN'T OPEN IT EITHER, BOTH ON MY PHONE AND PC. I MADE IT AVAILABLE OFFLINE FOR THE EXACT REASON MENTIONED. I'M DISAPPOINTED.",0,1.26.201.00.90,2026-07-20T14:33:48,"Hi Krystal. We suggest you clear apps cache on your device: Settings - Apps - Docs - Storage & cache - Clear cache. If that doesn't help, you may post your query in the Docs Community and get help from our experts: https://goo.gle/3o58rPT. Thank you.",2026-07-20T15:32:42
Google Docs,com.google.android.apps.docs.editors.docs,Productivity,6fd86546-648b-42aa-ba55-e2a914f41d98,Subir Barman,5,,"Dear Google Docs Team, I would like to request that you please add the Kalpurush and SutonnyMJ Bengali fonts to the Google Docs app. These fonts are widely used for Bengali typing and document formatting. Having them available in Google Docs, especially in the mobile app, would be very helpful for Bengali-speaking users. Please consider adding these two fonts in a future update. Thank you.",2,1.26.281.01.90,2026-07-20T14:22:45,,
Google Docs,com.google.android.apps.docs.editors.docs,Productivity,75a92639-ff88-4788-86f7-d6d0d87ef5a3,Ire,2,,It causes lag whenever you try typing,0,1.26.281.01.90,2026-07-20T14:21:31,"Hi Ire. We suggest you clear apps cache on your device: Settings - Apps - Docs - Storage & cache - Clear cache. If that doesn't help, you may post your query in the Docs Community and get help from our experts: https://goo.gle/3o58rPT. Thank you.",2026-07-20T15:23:07
Google Docs,com.google.android.apps.docs.editors.docs,Productivity,6c69fa66-76d1-4d7a-9e2c-0d70cad45240,Sawyer Hall,1,,remove the ai features or let me turn them off istg it irritates me,0,1.26.281.01.90,2026-07-20T14:11:40,,
Google Docs,com.google.android.apps.docs.editors.docs,Productivity,7647195d-f7be-408c-8d1e-e571fa5739d2,EDIDIONG INIOBIONG,5,,great app,0,1.26.251.02.90,2026-07-20T13:52:06,,
Google Docs,com.google.android.apps.docs.editors.docs,Productivity,e3bb6178-e914-4fdd-951d-908b34866936,Aman Raj,5,,You can use it in every device everywhere anywhere.,0,1.26.251.02.90,2026-07-20T13:35:37,,
Google Docs,com.google.android.apps.docs.editors.docs,Productivity,9c3eba3e-c72c-4b6d-8eb9-f13ee71aa2ae,Danny Jackson,4,,great,0,1.26.281.01.90,2026-07-20T13:32:35,,
Google Docs,com.google.android.apps.docs.editors.docs,Productivity,07d3bf92-8fac-4e13-9e54-37dc6f7ee7e8,Marshallina Ong,5,,very good,0,1.26.281.01.90,2026-07-20T13:03:54,,
Google Docs,com.google.android.apps.docs.editors.docs,Productivity,1fcffe2e-53d2-4684-8ddd-8deb6be7dec4,EVEREST EVEREST,5,,👍,0,1.26.281.01.90,2026-07-20T12:41:47,,
Google Docs,com.google.android.apps.docs.editors.docs,Productivity,5b4ee20f-b30b-4cc4-ba24-f60f512e90b9,Sanket Waykule,5,,Its very good for documents.,0,1.26.271.03.90,2026-07-20T12:21:51,,
Google Docs,com.google.android.apps.docs.editors.docs,Productivity,4b14b1a2-6a4a-4c1b-9b19-30d8f07989f7,Sachidanada DM (Sachin),3,,nice,0,1.26.271.03.90,2026-07-20T12:13:40,,
Google Docs,com.google.android.apps.docs.editors.docs,Productivity,6ce4f1eb-2cdd-4adb-8d8b-4296e8a640cf,Jandry Gabriel,5,,good app to edit,0,1.26.281.01.90,2026-07-20T12:12:55,,
Google Docs,com.google.android.apps.docs.editors.docs,Productivity,1ffd8a7f-b45f-4a66-8abe-a7bf45662c5a,STARK__ 27__YT,5,,very useful app app for me 😍😍,0,1.26.281.01.90,2026-07-20T12:00:20,,
Google Docs,com.google.android.apps.docs.editors.docs,Productivity,75af97e3-5bbc-4145-a0e6-3ddf5ca16eb8,suresh vickie,5,,perfect,0,1.26.281.01.90,2026-07-20T12:00:13,,
Google Docs,com.google.android.apps.docs.editors.docs,Productivity,1120eaea-d09f-4fa0-8bf1-571a58aa5284,Subhasish Pal,5,,excellent app,0,1.26.281.01.90,2026-07-20T11:58:10,,
Google Docs,com.google.android.apps.docs.editors.docs,Productivity,e125e0ed-d97e-4f70-8ec5-619fe1bedceb,Shifa Chowdhury,5,,it's really good,0,1.26.281.01.90,2026-07-20T11:48:48,,
Google Docs,com.google.android.apps.docs.editors.docs,Productivity,ab0a31b7-1ee3-438b-b37d-4cb2479b4994,I series YTC,5,,good,0,1.26.281.01.90,2026-07-20T11:28:44,,
Google Docs,com.google.android.apps.docs.editors.docs,Productivity,5bde2620-1441-49fa-ba4a-48f58603faa8,Shashidhar Gulabal,5,,good,0,1.26.251.02.90,2026-07-20T11:06:56,,
Google Docs,com.google.android.apps.docs.editors.docs,Productivity,92f6d712-b1dc-4c00-8a4a-89dfb1910775,Bond Amf,5,,weeeeeee,0,1.26.201.00.90,2026-07-20T10:49:23,,
Google Docs,com.google.android.apps.docs.editors.docs,Productivity,a0311f2a-3248-4506-84ce-27fed51e0e6a,Soe Nandar Kyaw,5,,easy to use,0,1.26.281.01.90,2026-07-20T10:42:17,,
Google Docs,com.google.android.apps.docs.editors.docs,Productivity,499c9fcc-cde1-405e-bffd-11ddcff2f8ba,ILIAS MONDAL,5,,মেয়েদের একটি ভিডিও দেখাও,0,1.26.281.01.90,2026-07-20T10:20:12,,
Google Docs,com.google.android.apps.docs.editors.docs,Productivity,890a7836-b5be-4cb5-ae0b-09917f837e46,Punu Dhurve,5,,Good,0,1.26.271.03.90,2026-07-20T10:12:04,,
Google Docs,com.google.android.apps.docs.editors.docs,Productivity,6396e829-ebc1-4ad1-95af-7dbc07e227a1,Frederick Samari,1,,"Whenever it updates, why does it look like I'm trying to do paperwork for school students? I hate the new design. I like it when it looks more like an app or a video game. I really hate it when it looks like the web version of Google Docs. I'm using a Chromebook, so when it updated, it turned to something like the web version, but when I open it in the Play Store, it looks like the regular app version. What's going on?",0,1.26.271.03.90,2026-07-20T09:55:14,Hi Frederick. We'd like our users to have the best possible experience with the Google Docs app. We'll share your feedback with our product team. Thanks!,2026-07-20T12:20:26
Google Docs,com.google.android.apps.docs.editors.docs,Productivity,ddc9c334-c415-4b30-a29d-af39fe76eb91,Clayton Martin,5,,Simple interface that is easy to use and cloud compatible.,0,1.26.271.03.90,2026-07-20T09:41:12,,
Google Docs,com.google.android.apps.docs.editors.docs,Productivity,90b5d5c6-407b-4d3f-b883-25996ff79f5d,Musab Muhammad ishaka,5,,past an reliable,0,1.26.191.01.90,2026-07-20T09:30:14,,
Google Docs,com.google.android.apps.docs.editors.docs,Productivity,38f31434-db94-4bd7-99e7-df101f109a4f,SANJIV CHAUDHARI,3,,thik,0,1.26.281.01.90,2026-07-20T09:20:17,,
Google Docs,com.google.android.apps.docs.editors.docs,Productivity,8aa6b070-16b6-48b0-9894-4ce2684c25a4,chakrapani gummadi panchath secretary,5,,nice service,0,1.26.281.01.90,2026-07-20T09:15:56,,
Google Docs,com.google.android.apps.docs.editors.docs,Productivity,29ff00ac-6253-416f-aa64-30968c9b26c9,Vijay Kumar,5,,good,0,1.26.251.02.90,2026-07-20T08:48:32,,
Google Docs,com.google.android.apps.docs.editors.docs,Productivity,632a0a5b-b8f5-45f2-97d7-b6cf50d5ceba,Gajanan Mote,1,,nice,0,1.26.271.03.90,2026-07-20T08:46:31,,
Google Docs,com.google.android.apps.docs.editors.docs,Productivity,76d6ed64-c350-4b38-a2ed-29bddbda3319,Sanjay Hulle,4,,very good app,0,,2026-07-20T08:43:14,,
Google Docs,com.google.android.apps.docs.editors.docs,Productivity,1b188363-a517-4943-b38e-2cd0cf5345d0,falcom episodes,2,,"it was good but it reached somewhere, and couldn't share my documents. check on that please.",0,1.26.281.01.90,2026-07-20T08:13:41,,
Google Docs,com.google.android.apps.docs.editors.docs,Productivity,755eda3c-687b-4bbc-9a33-64cb540921b5,Annie L,1,,actual game is fun. but you never get your money that the game promised to pay.,0,1.26.281.01.90,2026-07-20T07:58:06,,
Google Docs,com.google.android.apps.docs.editors.docs,Productivity,957f864c-53e1-4b33-9d64-9a03b9e8a660,Jim King,5,,"awesome reliability, thnx.",0,1.26.281.01.90,2026-07-20T07:32:19,,
Google Docs,com.google.android.apps.docs.editors.docs,Productivity,86d99c89-63dc-4e80-831a-abc76e8c99df,naruto,5,,great tool,0,1.26.271.03.90,2026-07-20T07:31:33,,
Google Docs,com.google.android.apps.docs.editors.docs,Productivity,ee3ad668-400a-4183-bae0-b3fc3a18b38c,Cando Bhasa,5,,good,0,1.26.271.03.90,2026-07-20T07:17:25,,
Google Docs,com.google.android.apps.docs.editors.docs,Productivity,b84a2d19-6dec-4cbf-bdaf-ed96e54e0b4e,Jenny Chau,5,,"loved, it helped me to accomplish over 60 📖, great app",0,1.26.281.01.90,2026-07-20T06:40:38,,
Google Docs,com.google.android.apps.docs.editors.docs,Productivity,9d85d49f-8780-420d-9c2c-1045d4c04740,Abdulrazaq shuaibu,5,,nice,0,1.26.271.03.90,2026-07-20T05:57:51,,
Google Docs,com.google.android.apps.docs.editors.docs,Productivity,b33c1ad6-17e6-4f10-80aa-1e1e87cc6daa,Anjaneil Ennis,5,,keeps all my documents accounted for.,0,1.26.281.01.90,2026-07-20T04:36:16,,
Google Docs,com.google.android.apps.docs.editors.docs,Productivity,d4f929ba-cbaa-44ec-a822-7c0e6bb27172,David Cocco,5,,Easy to use between platforms.,0,1.26.271.03.90,2026-07-20T04:06:11,,
Google Docs,com.google.android.apps.docs.editors.docs,Productivity,e37b245c-93c7-4f98-9ba8-ccff9f9c7f0c,Max Ybanez,5,,easy to use,0,1.26.271.03.90,2026-07-20T03:39:23,,
Google Docs,com.google.android.apps.docs.editors.docs,Productivity,8580071e-c578-485f-8a49-a62c62c9424e,Franklin Eneche,5,,its good for everything,0,,2026-07-20T02:08:37,,
Google Docs,com.google.android.apps.docs.editors.docs,Productivity,31e8dbe1-7a7c-481b-a982-1763f4d8cb68,David Zuback,1,,not working,0,1.26.281.01.90,2026-07-20T00:50:51,Hi David! Could you give us some more information on the issue you are facing so that we may be of help? You can update your comment with a description of the issue. Have a great day!,2026-07-20T03:40:37
Google Docs,com.google.android.apps.docs.editors.docs,Productivity,e6fc7814-969e-4ec6-9fd6-141ee42177f7,Ibrahim Alshathri,1,,Sometimes it refuses to allow me to write. Every tool you want to use is hidden in an awful menu design,0,1.26.281.01.90,2026-07-20T00:37:26,"Hi Ibrahim. We suggest you clear apps cache on your device: Settings - Apps - Docs - Storage & cache - Clear cache. Also, we'll pass this along to our team. Appreciate it.",2026-07-20T04:53:11
Google Docs,com.google.android.apps.docs.editors.docs,Productivity,10111b57-5c9e-4256-bdab-b7c62293dd02,Awale Ahmed Ali (Wiil waal officiall),5,,good,0,1.26.241.02.90,2026-07-20T00:12:23,,
Google Docs,com.google.android.apps.docs.editors.docs,Productivity,5a0a49c4-0a84-45f1-a569-8027a32c7cf2,NICHOLAS OSOR,5,,awesome,0,1.26.281.01.90,2026-07-19T23:41:06,,
Google Docs,com.google.android.apps.docs.editors.docs,Productivity,99f34c09-2e18-4bff-a4d6-a1b6a986aea9,MD.Yousuf Ali,5,,ভালো,0,1.26.241.02.90,2026-07-19T23:07:02,,
Google Docs,com.google.android.apps.docs.editors.docs,Productivity,7ada42c6-3c40-4023-bc8d-f8bcfb865a75,Matome Stewart,5,,the best app,0,1.26.281.01.90,2026-07-19T22:26:31,,
Google Docs,com.google.android.apps.docs.editors.docs,Productivity,4b4051a3-4fa5-405c-be3c-3fc67578ab6b,Halima Yousifzai,1,,۱۲۳۴۵۶۷۸,0,1.26.271.03.90,2026-07-19T22:22:35,,
Google Docs,com.google.android.apps.docs.editors.docs,Productivity,d92ee930-f280-4049-9aec-7b6d9cbb8de7,Charity Kamanga,5,,excellent service,0,1.26.141.05.90,2026-07-19T22:16:12,,
Google Docs,com.google.android.apps.docs.editors.docs,Productivity,8da4778d-6dd2-4b6a-aaeb-b1c3e904c602,Vaibhav kammar,5,,"I find it very much useful, doesn't have any kind of ads completely clean and premium experience loved it.",0,1.26.131.00.90,2026-07-19T22:13:06,,
Google Docs,com.google.android.apps.docs.editors.docs,Productivity,b2ad81d1-59f6-40a4-b22d-44c332a72374,Rifa Moni,5,,Good,0,1.26.251.02.90,2026-07-19T21:32:50,,
Google Docs,com.google.android.apps.docs.editors.docs,Productivity,ee657825-f0bf-4c74-aa83-bf3909d18d8b,Aweaq Fury,5,,excellent job,0,1.26.251.02.90,2026-07-19T21:18:17,,
Google Docs,com.google.android.apps.docs.editors.docs,Productivity,67d25e54-18bd-49b0-9028-0862f6764cbb,Abdulmalik Haruna,5,,excellence,0,1.26.251.02.90,2026-07-19T21:00:49,,
Google Docs,com.google.android.apps.docs.editors.docs,Productivity,30015be9-c930-48b8-a0c0-2d06100b66f1,Bejay Muñoz,4,,ok na ok sya oo,0,1.26.251.02.90,2026-07-19T20:39:50,,
Google Docs,com.google.android.apps.docs.editors.docs,Productivity,566aee2e-b931-4f76-b6f9-1700806ec551,Oluchi Irene,5,,good,0,1.26.051.00.90,2026-07-19T20:34:13,,
Google Docs,com.google.android.apps.docs.editors.docs,Productivity,7a969eea-bbca-4da2-8414-f800f2e68677,Kasey Smith,5,,original word processor,0,1.26.281.01.90,2026-07-19T20:11:32,,
Google Docs,com.google.android.apps.docs.editors.docs,Productivity,db80fb3c-1033-4f88-aea4-9fa3a607fdba,Nkosinathi Tumiso,5,,good,0,1.26.281.01.90,2026-07-19T20:09:21,,
Google Docs,com.google.android.apps.docs.editors.docs,Productivity,bf2b8125-73f6-4cd9-b572-bb81c2c6c444,JAMEEL ULLA,5,,good,0,1.26.281.01.90,2026-07-19T20:04:16,,
Google Docs,com.google.android.apps.docs.editors.docs,Productivity,72782f9e-3d15-4f8c-9b36-1efbe5c659a9,Mathew Brazal,5,,ayos,0,1.26.281.01.90,2026-07-19T19:58:55,,
Google Docs,com.google.android.apps.docs.editors.docs,Productivity,0d69f997-2183-4b06-80df-88017e6d7da2,JupiterPlayz Ttv,2,,wish it had better mobile support good though,0,1.26.271.03.90,2026-07-19T19:42:49,"Hello there, thanks for sharing your valuable feedback. We'll pass this along to our team. Appreciate it!",2026-07-19T23:13:07
Google Docs,com.google.android.apps.docs.editors.docs,Productivity,43eb9da2-15b9-43f1-b0c6-00f947e80119,Brian McIntosh,5,,two thumbs up 👍 👍,0,1.26.261.04.90,2026-07-19T19:40:12,,
Google Docs,com.google.android.apps.docs.editors.docs,Productivity,4c08ec96-3f1b-454b-ab54-b4068437adc6,Chris Bourne,5,,Great option for people like me who no longer have Microsoft Word due to Microsoft's greedy pricing strategy.,0,1.26.271.03.90,2026-07-19T18:40:50,,
Google Docs,com.google.android.apps.docs.editors.docs,Productivity,8a2375bb-13a1-4b6b-b184-b0537400f186,Yogender Kumar,5,,excellent,0,1.26.281.01.90,2026-07-19T18:39:57,,
Google Docs,com.google.android.apps.docs.editors.docs,Productivity,5c0c2822-bfc2-4d1d-83df-d3f748499fe6,T A,5,,good,0,1.26.281.01.90,2026-07-19T18:28:16,,
Google Docs,com.google.android.apps.docs.editors.docs,Productivity,d05a2bb7-4293-4c86-87c1-70200de67d0f,Panagiotis Tsi,5,,Just so convenient with all the tabs to store all the different topics,0,1.26.281.01.90,2026-07-19T18:08:53,,
Google Docs,com.google.android.apps.docs.editors.docs,Productivity,eac2d6c6-56e6-4083-b92a-29cebcd9ed57,Fey Wheeler,5,,"I've never had any issues and it's an easy and simple platform to use to store information. there's really not a lot to say about it however I will say I commonly use it to copy and paste important research information, and I've never lost anything that I stored so I'll give it that for sure.",2,1.26.281.01.90,2026-07-19T18:08:24,,
Google Docs,com.google.android.apps.docs.editors.docs,Productivity,f48f0ede-1f8f-465e-955d-507cb1624e32,Ammami Muhammad,5,,wonderful,0,1.26.191.01.90,2026-07-19T17:52:42,,
Google Docs,com.google.android.apps.docs.editors.docs,Productivity,c6f1d47c-59e3-4c6e-be98-6faf0f255569,Ghazan Shah,5,,"it's honestly amazing that's all I will say, I sound like a bot but anyways I mean I got nothing bad to say about it",0,1.26.281.01.90,2026-07-19T17:42:55,,
Google Docs,com.google.android.apps.docs.editors.docs,Productivity,55b90e32-af92-442d-981b-61dd2cee8c83,k7 Anime Reviews,5,,Thanks for making this app.. please add margin option it's help to write a story.,0,1.26.281.01.90,2026-07-19T17:08:33,,
Google Docs,com.google.android.apps.docs.editors.docs,Productivity,e08e3474-380b-41aa-98d0-268476c4c8a5,Jeffrey Kimbal,5,,the best is yet to come,0,1.26.281.01.90,2026-07-19T16:55:48,,
Google Docs,com.google.android.apps.docs.editors.docs,Productivity,f698d4ac-159b-49cf-b5dd-a013df7d0444,oPo,3,,Developer please insert page border option in this application.,0,1.26.281.01.90,2026-07-19T16:54:53,"Hi there, thanks for sharing your valuable feedback. We'll pass this along to our team. Appreciate it!",2026-07-19T23:16:18
Google Docs,com.google.android.apps.docs.editors.docs,Productivity,f31456b6-f85d-499d-8b51-b32170cd129e,Abdullah Al Baki,5,,Just wow!,0,1.26.281.01.90,2026-07-19T16:54:44,,
Google Docs,com.google.android.apps.docs.editors.docs,Productivity,93bbe4c6-eccf-4276-bd0d-1bd8de049126,Srihari Srikrishnan,5,,Very nice nothing to complain about.,0,1.26.281.01.90,2026-07-19T16:42:21,,
Google Docs,com.google.android.apps.docs.editors.docs,Productivity,1bf00530-f82e-4d53-99df-a700d3416907,MD GHULAM RAMZANI,5,,good 😊,0,1.26.271.03.90,2026-07-19T16:15:45,,
Google Docs,com.google.android.apps.docs.editors.docs,Productivity,60e63d3e-bcd9-403b-9ae7-a52c4b356236,Niki 2046,5,,great app,0,1.26.281.01.90,2026-07-19T16:09:44,,
Google Docs,com.google.android.apps.docs.editors.docs,Productivity,0d3dd345-da3c-4020-a68d-5a980be3bac6,Ben Schneider,3,,Really makes it easier to find documents with formats.,0,1.26.211.01.90,2026-07-19T16:01:53,,
Google Docs,com.google.android.apps.docs.editors.docs,Productivity,59c615e4-c250-4a4d-ab90-9b451c615074,lowestprice bazaar,5,,Great,0,1.26.261.04.90,2026-07-19T15:25:58,,
Google Docs,com.google.android.apps.docs.editors.docs,Productivity,2452bb0f-de6b-4d48-b7cb-95020867a16a,Reeta,5,,👌👌👌👌,0,1.26.251.02.90,2026-07-19T15:08:06,,
Google Docs,com.google.android.apps.docs.editors.docs,Productivity,802b580d-9a88-40d1-a01b-6cd10000d727,Soumik Barui,5,,excellent,0,1.26.271.03.90,2026-07-19T14:51:57,,
Google Docs,com.google.android.apps.docs.editors.docs,Productivity,e635b7f3-90b9-465c-9b60-82ae3886ca36,Mahmudur Rahman,5,,"Convenient, remotely accissable, user friendly",0,1.26.222.01.90,2026-07-19T14:45:22,,
Google Docs,com.google.android.apps.docs.editors.docs,Productivity,99105c68-27b9-448c-8a5a-0376b061452a,Sanjay Kate,5,,Very Nice,0,1.26.251.02.90,2026-07-19T14:44:37,,
Google Docs,com.google.android.apps.docs.editors.docs,Productivity,e85ee9f8-edf2-4606-a5bc-e7e16be7e4e8,Haziq Zikri PS Poly Pack Sdn Bhd,5,,So far no problem.,0,1.26.281.01.90,2026-07-19T14:16:41,,
Google Docs,com.google.android.apps.docs.editors.docs,Productivity,80560c77-4215-4cb4-9bfd-44033aa8c89d,Atharva Kawre,5,,💗,0,1.26.261.04.90,2026-07-19T13:51:38,,
Google Docs,com.google.android.apps.docs.editors.docs,Productivity,cf02a860-14be-45e5-8f78-6bda6f79fc94,ATUL SINGH,1,,ok,0,,2026-07-19T13:26:43,,
Google Docs,com.google.android.apps.docs.editors.docs,Productivity,46151b04-87be-4d79-a322-4c4065582d0b,Venki Venki,2,,good 👍🏻,0,1.26.222.01.90,2026-07-19T13:18:31,,
Google Docs,com.google.android.apps.docs.editors.docs,Productivity,94390b7c-6154-43cd-bbe9-5b6c2d5cb912,"Ibrahim, Kayode",5,,awesome experience,0,1.26.141.05.90,2026-07-19T13:17:25,,
Google Docs,com.google.android.apps.docs.editors.docs,Productivity,775ee366-9384-49c1-a482-8dd5234010e5,cynthia jeff,5,,great,0,1.26.161.04.90,2026-07-19T13:15:21,,
Google Docs,com.google.android.apps.docs.editors.docs,Productivity,c5c9f419-cdfb-4e3c-b4cd-3b005f30b1b2,DEBASIS DUTTA (দেবা),5,,nice 👍🏻,0,1.25.142.01.90,2026-07-19T13:11:10,,
Google Docs,com.google.android.apps.docs.editors.docs,Productivity,cde3eb3f-05fb-4fb2-82c1-2aa74b8bfb90,Abdullah Kazi,5,,good,0,1.26.281.01.90,2026-07-19T12:43:48,,
Google Docs,com.google.android.apps.docs.editors.docs,Productivity,74829b82-0564-445f-817d-6cdeda4ca60f,Ngonwing Thomas,5,,good,0,1.26.222.01.90,2026-07-19T12:04:10,,
Google Docs,com.google.android.apps.docs.editors.docs,Productivity,63480176-f75c-4daa-94e3-4d602b4ce44d,S K,3,,not sure what to say 🙊,0,1.26.281.01.90,2026-07-19T11:50:44,,
Google Docs,com.google.android.apps.docs.editors.docs,Productivity,c163bb02-a78f-44b6-8bfd-d67ccaae8085,Lucky Mandal,5,,good,0,1.26.271.03.90,2026-07-19T11:40:50,,
Google Docs,com.google.android.apps.docs.editors.docs,Productivity,baf4af2f-e23f-4825-b9da-4bc447ae2529,David Wamani,5,,Reliable space to work on,0,1.26.281.01.90,2026-07-19T11:28:47,,
Google Docs,com.google.android.apps.docs.editors.docs,Productivity,f270fa26-f42b-4641-b789-f179ae82e514,shanon davidson,5,,soo great,0,1.26.281.01.90,2026-07-19T11:05:38,,
Google Docs,com.google.android.apps.docs.editors.docs,Productivity,f64ff937-b517-450f-ac7e-589964633af5,Khokhar Bother,5,,Go 5,0,1.7.232.04.40,2026-07-19T10:57:27,,
Google Docs,com.google.android.apps.docs.editors.docs,Productivity,ab4d2b49-29a5-4bf2-8c75-c1f7199f750e,Krish Renu,5,,super docs app for imp files to save,0,1.26.271.03.90,2026-07-19T10:55:06,,
Google Docs,com.google.android.apps.docs.editors.docs,Productivity,fcea8a66-b9d7-485f-8048-fdd746633a76,Dr M.Sailendra kumar,5,,Excellent,0,1.26.281.01.90,2026-07-19T10:45:38,,
