app_name,app_id,category,review_id,username,rating,title,text,thumbs_up_count,review_created_version,at,reply_content,reply_at
Uber - Request a ride,com.ubercab,Travel,4932e53f-878e-42e0-b6a7-cb7ad055b893,Amar Yadav,5,,nice,0,4.639.10000,2026-07-26T16:28:04,,
Uber - Request a ride,com.ubercab,Travel,166ca2cc-7d90-4222-a102-8befb33da524,Sahil Khan,1,,ek number ka ghatiya app hai maine ride buck kiya tha 563₹ ka driver akar bol rha hai sir uber ka sistem chenge ho gya hai ab km. kee hisab se paisa. lagega 950₹ leliya,0,4.639.10000,2026-07-26T16:27:37,,
Uber - Request a ride,com.ubercab,Travel,03434628-d77c-4c58-b179-93b70f078438,Manisha Upadhyay,1,,"Very disappointing experience today. The ride was initially estimated at ₹200, but after reaching the destination I was charged ₹275. The driver took a wrong turn and even made unnecessary personal stops during my ride, yet I was made to pay the increased fare. Passengers should not be charged extra for delays or detours caused by the driver. Uber needs to improve fare transparency and provide better customer support for such issues. This experience has seriously affected my trust on uber.poor",0,4.639.10000,2026-07-26T16:26:30,,
Uber - Request a ride,com.ubercab,Travel,7b21c012-9149-49a2-9463-722fa7ad80fb,Somia Manju,4,,it's good 😊😊 but car is full of scent,0,4.639.10000,2026-07-26T16:26:06,,
Uber - Request a ride,com.ubercab,Travel,d3c71a5a-4357-4d47-9012-e5333a22a28e,Gautham S,5,,noce,0,4.639.10000,2026-07-26T16:25:06,,
Uber - Request a ride,com.ubercab,Travel,861b82d5-ae49-401a-ad9d-5c0322353c3f,Song of car,1,,Very bad app.I call Uber many times but they didn't response!! This is 2026 And Still I am saying This is very bad app..Worst app ever,0,4.639.10000,2026-07-26T16:24:44,,
Uber - Request a ride,com.ubercab,Travel,44af7db9-b346-43a6-aac0-5545592e7a98,Zaida Khan,5,,good 👍,0,4.639.10000,2026-07-26T16:22:06,,
Uber - Request a ride,com.ubercab,Travel,439ecba9-33ea-49a6-b17a-bd5174082bba,KUELU RAM,5,,very good and helpful,0,4.639.10000,2026-07-26T16:21:02,,
Uber - Request a ride,com.ubercab,Travel,6cee4b80-5ac0-47fb-ba57-279caa3e41af,Dimakatso Mosunyane,5,,my last driver was amazing. Thank you sir for getting me home safe. you were meant to be a stranger but I'll always carry your kindness,0,4.639.10000,2026-07-26T16:19:56,,
Uber - Request a ride,com.ubercab,Travel,290f1b41-05fc-4790-91ca-07d63bef27d9,Badr A A,5,,i love Uber,0,4.639.10000,2026-07-26T16:10:31,,
Uber - Request a ride,com.ubercab,Travel,4312dd92-2040-479c-a382-a3e9338af175,Ashmitha Bathepu,5,,simply perfect!,0,4.636.10000,2026-07-26T16:08:32,,
Uber - Request a ride,com.ubercab,Travel,48d5bbcc-c36d-4e31-999a-717b937c285f,Nitesh Kumar,5,,Good service low price ride booking,0,4.639.10000,2026-07-26T16:06:53,,
Uber - Request a ride,com.ubercab,Travel,e51aab60-2e2a-496f-9db0-1d18d55df848,francisca amoani,5,,"Very cool, cool",0,4.639.10000,2026-07-26T16:05:16,,
Uber - Request a ride,com.ubercab,Travel,5e3ebd12-281a-43e2-b1a7-7b58600c8d72,Fathima Mp,5,,good,0,,2026-07-26T16:05:07,,
Uber - Request a ride,com.ubercab,Travel,90a0119a-e5b5-447f-8e8b-61aa9a04ce57,murtaza unwala,1,,Better to take trains and metro you will not be in the mercy of drivers who accept the ride and make you wait for 30 min. Even when you choose an another driver hoping to be on time the same story repeats increasing the wait time. If you are a Mumbaikar then congratulations the driver will force you to take Bandra Worli sealink as it saves him traffic and time. If you are in a emergency or travelling with your family better ask the Kaali peeli cab driver or auto wala directly.,0,,2026-07-26T16:02:54,,
Uber - Request a ride,com.ubercab,Travel,f000ef53-750b-4c29-bb6a-2a33ace31513,Gopal Tripathi,1,,very bad app... i booked time to save my time but driver is taking a route which takes 30 min... if I am giving you 100 rupees extra that means I am saving my time very disgusting app.... i will never book ride from this app.,0,4.639.10000,2026-07-26T16:01:09,,
Uber - Request a ride,com.ubercab,Travel,960e54a7-983a-49ef-9678-48de12208f54,Mitchell Whitney,5,,fantastic,0,4.628.10002,2026-07-26T16:00:51,,
Uber - Request a ride,com.ubercab,Travel,03fc6e20-f171-4fbb-89fc-fa34e718b991,Arijit Dalui,5,,best,0,4.639.10000,2026-07-26T15:59:20,,
Uber - Request a ride,com.ubercab,Travel,ae0c24fa-65ab-4869-af51-0c59026c5b91,MD ABDUR RAZZAK,5,,nice,0,,2026-07-26T15:58:24,,
Uber - Request a ride,com.ubercab,Travel,4486c311-685b-499c-8d7f-0aead6392c8b,Isaac Fuentes,1,,"Terrible app, better drive drunk",0,4.631.10000,2026-07-26T15:56:17,,
Uber - Request a ride,com.ubercab,Travel,1752f286-1e1c-4f78-b451-496ec368ecb7,Rich Wallwork,1,,being forced to rate a previous journey you can't even remember because it was weeks ago is terrible app design.,0,4.639.10000,2026-07-26T15:55:25,,
Uber - Request a ride,com.ubercab,Travel,4415c3f0-5103-4b47-8f85-33620a2c8c61,Md Hasnain,5,,here is no word for this app because it is very beautiful app comparative with rapido,0,,2026-07-26T15:55:18,,
Uber - Request a ride,com.ubercab,Travel,14c35065-6afe-413f-a93a-6e6865483ed5,Nethu Pul,5,,Good,0,4.639.10000,2026-07-26T15:51:50,,
Uber - Request a ride,com.ubercab,Travel,01b13d63-0fb4-4955-9c11-5b619b5157b2,Anupam Anand,1,,"Horrible app and service. They showed that 65 rupees promotion would be available and my final fare was 135 rupees but the driver asked for 200 rupees and the support team doesn't even respond to your queries. other apps are better, they don't scam people off their money.",0,,2026-07-26T15:45:29,,
Uber - Request a ride,com.ubercab,Travel,57f48a04-0725-45c2-8504-e1d67105dbb1,Sheikh Mi,2,,"Very disappointing experience with Uber in Ajmer. Most drivers accepted the ride but never came to pick me up. Some cancelled the trip after making me wait for 10–15 minutes, wasting a lot of my time. Late at night, this became even more frustrating and stressful. In one case, when I called the driver, he demanded extra money outside the app before agreeing to come. This is completely unacceptable and goes against the purpose of using Uber. Uber should take strict action against such drivers to",0,,2026-07-26T15:42:37,,
Uber - Request a ride,com.ubercab,Travel,c75b7891-3af3-4e98-a175-184986e5c25a,Ebony Tart,1,,the drivers never want to give me a ride it took 5 ubers to say no before I got a yes and I got off work at 4. smh,0,4.637.10003,2026-07-26T15:33:16,,
Uber - Request a ride,com.ubercab,Travel,cd197b48-0f85-4bbb-bfbe-436e20802356,Navya Kohli,1,,"never able to find rinds even after adding extra amount, and without extra amount literally impossible, Worst app amongst all, unrealistic prices, and hours of waiting",0,4.639.10000,2026-07-26T15:29:29,,
Uber - Request a ride,com.ubercab,Travel,2fd1afea-4b44-4c3e-be2b-97e06553dcb8,Rohit Jadhav,5,,very good,0,4.639.10000,2026-07-26T15:22:37,,
Uber - Request a ride,com.ubercab,Travel,23a32cc6-f801-47af-afd6-308cede5188e,Piyush,1,,In the same place my brother tried to book a cab and it was showing 120rs but when I tried to book it was showing 200rs,0,4.639.10000,2026-07-26T15:18:41,,
Uber - Request a ride,com.ubercab,Travel,2f2db2e6-c08f-45a1-8551-2057c744c67f,James Purkins,5,,Great driver had canny chat ;)),0,4.639.10000,2026-07-26T15:16:51,,
Uber - Request a ride,com.ubercab,Travel,10855d45-79c9-4700-afee-b6e084b732db,Anandhu V. A,5,,good Rides,0,4.639.10000,2026-07-26T15:10:01,,
Uber - Request a ride,com.ubercab,Travel,3a2c416b-79b5-4c37-ab05-dbde0c0ce47a,Jadaun Ji,5,,best ride,0,4.639.10000,2026-07-26T15:08:23,,
Uber - Request a ride,com.ubercab,Travel,787db14b-038c-40ed-a022-59195d9ef9c6,Sisanda Portia Mgxekwana,5,,My experience is always the best,0,4.621.10004,2026-07-26T15:03:06,,
Uber - Request a ride,com.ubercab,Travel,18398fb6-0af2-4896-a771-1e9a30e487c2,Nishu Raj,5,,good,0,4.639.10000,2026-07-26T15:00:54,,
Uber - Request a ride,com.ubercab,Travel,65aadf4e-6146-4bd7-be98-7cc79b093c4a,Bhuvana Amma,5,,I like it,0,4.639.10000,2026-07-26T15:00:30,,
Uber - Request a ride,com.ubercab,Travel,2bde6ade-a7ff-4e90-8a40-49aedbaeee43,Md Rehan,5,,5 star,0,,2026-07-26T14:52:29,,
Uber - Request a ride,com.ubercab,Travel,ce0b5b3c-f482-4ed3-b2aa-11d38bd51ccd,Yogita Girme,1,,what the heck when i book the auto it showed me 17rs and when the trip ended it showed 72rs to driver,0,4.639.10000,2026-07-26T14:48:58,,
Uber - Request a ride,com.ubercab,Travel,1ae4cf7d-5a0a-438f-a2db-a9f801705937,AJ P,5,,fast easy affordable,0,4.639.10000,2026-07-26T14:47:18,,
Uber - Request a ride,com.ubercab,Travel,17b9a7ef-c409-475e-a66a-60a6cef3ea9c,Mondal Sanjib,5,,good,0,4.639.10000,2026-07-26T14:46:40,,
Uber - Request a ride,com.ubercab,Travel,128d2ed4-bd32-4a55-9f3b-c12ce4747445,Vinay Singh,5,,Acha laga,0,4.639.10000,2026-07-26T14:44:25,,
Uber - Request a ride,com.ubercab,Travel,b3124030-c061-46f1-b846-3ba807410d14,Shanmitha,1,,Never open the Uber app during any emergency for booking. The auto or any form of transportation never gets booked. I am always cancelling the ride after waiting for a long time.,1,4.639.10000,2026-07-26T14:37:33,,
Uber - Request a ride,com.ubercab,Travel,386d99ce-44f4-4607-8307-e3c07e51a8fd,Algernon Whatsup,1,,horrible company,0,,2026-07-26T14:36:00,,
Uber - Request a ride,com.ubercab,Travel,e810f5fb-ff58-4372-a04f-f4fa532c48f3,Ellite Cv,5,,excellent,0,4.639.10000,2026-07-26T14:27:15,,
Uber - Request a ride,com.ubercab,Travel,301a3eb2-f7d5-4fd9-a327-7f75d29f099b,Lexi Peirce,1,,"some of the drivers on this app are just terrible. i had an uber waiting for me and a friend after a concert, ten minutes pass after the concert and we are almost there. the guy doesnt even message us, he cancels the ride and drives off. they still charged me $20 for that ride. what a rip off.",0,,2026-07-26T14:27:07,,
Uber - Request a ride,com.ubercab,Travel,b5c141e7-2b8a-476f-b4b7-526743bd5073,Nature Beauty,5,,good 👍,0,4.639.10000,2026-07-26T14:26:32,,
Uber - Request a ride,com.ubercab,Travel,17071b61-4d69-49b7-922c-5095a364ea96,Fit Hasssu,5,,best appp,0,4.637.10003,2026-07-26T14:23:43,,
Uber - Request a ride,com.ubercab,Travel,a56f75fb-6998-450b-9f3c-a2d15d3282c8,Rick Hinson,5,,He was great and so friendly. We appreciate that he made the ride to the airport enjoyable.,0,4.639.10000,2026-07-26T14:23:30,,
Uber - Request a ride,com.ubercab,Travel,7b6b8709-2bce-4cc4-a6d1-4d22639845d3,mapitsi aletta ngoatje,5,,the service is exceptional,0,4.639.10000,2026-07-26T14:15:48,,
Uber - Request a ride,com.ubercab,Travel,54dad332-a82e-413f-b09d-6bebf2ce3449,Romeo Vicedo,5,,good service,0,4.639.10000,2026-07-26T14:14:58,,
Uber - Request a ride,com.ubercab,Travel,6d74616a-8340-45a4-8f4a-791bddb02817,manas ghosh,5,,good,0,4.639.10000,2026-07-26T14:12:11,,
Uber - Request a ride,com.ubercab,Travel,87db8446-dc83-4325-8892-cf7994d9c090,Shekhar Kabiraj,5,,Good Service,0,4.639.10000,2026-07-26T14:09:59,,
Uber - Request a ride,com.ubercab,Travel,c517d780-dc82-42e8-8577-c6f115733ee9,chandni limbachiya,5,,good experience,0,4.639.10000,2026-07-26T14:06:22,,
Uber - Request a ride,com.ubercab,Travel,977cd9dc-656b-45a6-a2e6-faf70a18415f,Kamini Kushwaha,5,,I got a free ride today 😀,0,4.639.10000,2026-07-26T14:03:19,,
Uber - Request a ride,com.ubercab,Travel,40ad6973-2bb3-444c-b398-71556d16f2a1,Md Jahangir,5,,good,0,4.638.10003,2026-07-26T14:03:13,,
Uber - Request a ride,com.ubercab,Travel,e5ee51d8-6697-4e05-9541-64c9c942de7d,Ravishankar Kumar,5,,good behaviour,0,4.638.10003,2026-07-26T14:02:10,,
Uber - Request a ride,com.ubercab,Travel,13b9b107-a455-4110-8897-fd9abb929d5e,altaf khan,5,,good service 👍,0,4.639.10000,2026-07-26T13:55:57,,
Uber - Request a ride,com.ubercab,Travel,2f4326d6-92a3-4d2a-8b22-e4bd66f0a2b3,Gajanan Petkar,3,,To much late,0,,2026-07-26T13:54:18,,
Uber - Request a ride,com.ubercab,Travel,46d3ebeb-f2cd-4da1-b474-26afd76ab303,Heskiel Andreas,5,,good,0,4.639.10000,2026-07-26T13:52:46,,
Uber - Request a ride,com.ubercab,Travel,55636b6b-3fb1-4b70-807c-3f3e943eb80a,Gautam Parihar,1,,3rd clas app. don't book ride.. from this app.. last two time same problem.. drivers not accepting rides . then why. u give offers... just waste of time...,1,,2026-07-26T13:49:40,,
Uber - Request a ride,com.ubercab,Travel,a8937baa-e6ae-431a-a4ef-62a914cc0c18,Amanda Munasinghe,1,,"""I am extremely disappointed by an unauthorized charge on my debit card. I never authorized this transaction or used Uber at the time. This is a serious security issue that has caused me significant concern and damaged my trust in your service. I expect an immediate investigation, a prompt resolution, and a clear explanation of how this happened. This experience has been unacceptable.""",0,4.639.10000,2026-07-26T13:44:41,,
Uber - Request a ride,com.ubercab,Travel,83c45671-4a7e-49cc-b8c5-573adc2765c3,BHIM SEN,5,,Best experience in my life with familier behavior,0,,2026-07-26T13:44:16,,
Uber - Request a ride,com.ubercab,Travel,716cc615-939d-4dd5-91f0-b119e4097d0d,Jangam Sridhar Goud,5,,super,1,4.639.10000,2026-07-26T13:43:19,,
Uber - Request a ride,com.ubercab,Travel,4c738073-347b-458b-a96c-8abf2271212a,Sk garments,5,,good app,1,4.639.10000,2026-07-26T13:35:58,,
Uber - Request a ride,com.ubercab,Travel,2ab12fd7-ba06-4043-84a6-62333e1818db,Jitendra kumar Behera,5,,Gd experience,0,4.639.10000,2026-07-26T13:28:42,,
Uber - Request a ride,com.ubercab,Travel,8eebb9ba-3036-43af-b74e-28bdc63c7091,Pranjal,2,,3rd class application Aise aise onbroded krke krkaha hai sb extra pay maangte hai pune me bewter to unsatall this application,0,,2026-07-26T13:27:50,,
Uber - Request a ride,com.ubercab,Travel,2c603563-ac11-4806-b5a9-e210b7d64386,niladri sekhar bagchi,1,,I had a very bad experience today while booking a ride for my family. The worst part was I couldn't convey my concern or grievance to uber during the ongoing trip. Later also I got no opportunity to convey my grievance as all the options in the help menu are preset and could not write or email my concern. This is a serious issue. Why there is no option to convey my opinion or grievance directly. There were no preset option which matched my concern and so I couldn't convey it. Felt really bad.,0,4.639.10000,2026-07-26T13:23:31,,
Uber - Request a ride,com.ubercab,Travel,24a2d8e3-3abc-478a-9881-7e1900068cf5,Aneesh Reddy Likki,1,,the worst app in the app the amount shows with discount bht actually driver charges more than that such a worst app,0,,2026-07-26T13:22:36,,
Uber - Request a ride,com.ubercab,Travel,758b025d-7415-47de-b32b-9a468bc0589f,Danny Smith,5,,always great to have a ride home.,0,4.639.10000,2026-07-26T13:18:22,,
Uber - Request a ride,com.ubercab,Travel,d5f3bff0-e7ba-4a0f-af97-249c4fe8a520,TIYASHA SHAW,3,,the price after a ride get changed.. sometimes it increases... sometimes decreases.,0,4.639.10000,2026-07-26T13:18:21,,
Uber - Request a ride,com.ubercab,Travel,5e742491-d82a-4d67-aeb7-7fb3a45b0c47,Jens Richter,3,,"tried to use Uber in Paris and 4 out 5 accepted drives got cancelled while we waited for the driver to pick us up. it seems like there is zero consequences for s driver to cancel a ride. One time a driver cancelled the drive while we were about to enter the car . He denied that he was our drive even though his face was on app and the registration plate was correct. Also, why is there no option to change units between miles and kilometers in the app.",1,4.639.10000,2026-07-26T13:11:42,,
Uber - Request a ride,com.ubercab,Travel,6abfc922-be26-4e55-ae93-db69fbaedff7,Rajshri bihani,5,,verry nice,0,4.639.10000,2026-07-26T13:07:23,,
Uber - Request a ride,com.ubercab,Travel,4206f89a-e299-4d4d-9601-fa6e5b09c1e2,Elthan Kock,5,,Loving the app so far. Find it more safer and reliable than their competitors...,0,4.639.10000,2026-07-26T13:02:09,,
Uber - Request a ride,com.ubercab,Travel,f45de6eb-be2f-4b48-84ea-ef16f4d6ec30,Mahesh Kale,5,,Good,0,4.639.10000,2026-07-26T13:00:26,,
Uber - Request a ride,com.ubercab,Travel,2038c7d5-269e-4714-bfea-0fdbda806039,ramachandra k,5,,good,0,4.639.10000,2026-07-26T12:59:04,,
Uber - Request a ride,com.ubercab,Travel,58643ffa-5536-4904-bcba-e5a14aef9651,Desmond Kojo,2,,That driver needs award,0,4.639.10000,2026-07-26T12:57:33,,
Uber - Request a ride,com.ubercab,Travel,3953a8da-f5d4-4273-be46-7715f865a664,UPSC ASPIRANT (ROHIT),5,,bahut Badhiya,0,4.639.10000,2026-07-26T12:56:17,,
Uber - Request a ride,com.ubercab,Travel,5dd8a1d3-4a4e-4701-b542-a2d765ba1c58,Shankar Meena,5,,acha hai,0,,2026-07-26T12:56:07,,
Uber - Request a ride,com.ubercab,Travel,14c79c7d-e293-4e3e-bfde-8a8395d76410,arun sharma,5,,very good experience ❤️,0,,2026-07-26T12:53:42,,
Uber - Request a ride,com.ubercab,Travel,7f298f63-b479-4e11-a318-6735bac396bf,pratheeksha a,1,,it showed the offer while booking and ride history and yet charged us the full amount after the ride not the price showing in the ride history or while booking very bad experience basically feels lyk a scam,0,4.639.10000,2026-07-26T12:53:07,,
Uber - Request a ride,com.ubercab,Travel,a6037c44-9981-462e-8776-2bcaf0594437,Amit Kumar,5,,good,0,4.638.10003,2026-07-26T12:52:25,,
Uber - Request a ride,com.ubercab,Travel,6c7e3922-b59d-45b7-a63f-18c16cc0842b,manoj kumar,5,,super,0,4.639.10000,2026-07-26T12:52:21,,
Uber - Request a ride,com.ubercab,Travel,faf68ab1-c5ea-44b0-bee5-f94158c26bef,Pablo Gorostiaga,1,,"latest update causes the skip button to appear too high at the top right, causing button presses to not work. you can no longer skip a review. so I guess you are getting one.",0,4.639.10000,2026-07-26T12:51:50,,
Uber - Request a ride,com.ubercab,Travel,92a8a72a-47ac-45cd-b455-40d07a48000d,VINOD YADAV,5,,What a rider man✨🖊️ and a good humanity person ⏰🤞📈🧿💯😊😎,0,4.639.10000,2026-07-26T12:49:50,,
Uber - Request a ride,com.ubercab,Travel,632346b5-6389-4694-9561-a89cc73d6901,Surekha H,5,,good,0,4.639.10000,2026-07-26T12:48:31,,
Uber - Request a ride,com.ubercab,Travel,6badb571-fc4d-4878-a31e-74a1c2ddc423,Sunil kulariya Sunil kulariya,5,,best,0,,2026-07-26T12:47:33,,
Uber - Request a ride,com.ubercab,Travel,56357762-23fa-4d21-a284-a4bcb7c7e962,Ayesha Fathima,5,,"I took Uber at midnight with my daughters n my son, we reach safely n very soon also so tq u so much to Uber n dt driver..",0,4.639.10000,2026-07-26T12:46:16,,
Uber - Request a ride,com.ubercab,Travel,b6508285-d842-4e85-aac9-367b0a0ad1fc,Chasing Rabbits,1,,uber is a scam and has ruined taxis. ridiculously high prices and then the drivers scam it as well. worst app and driving app ever brought to Australia,1,4.639.10000,2026-07-26T12:42:07,,
Uber - Request a ride,com.ubercab,Travel,02a94af8-0ff5-4c9f-a442-f75e178924cd,tshepo william,5,,Thee best!!!!,0,4.639.10000,2026-07-26T12:40:12,,
Uber - Request a ride,com.ubercab,Travel,51e8c7d5-c8f6-46b3-a349-95630aac79da,Deepak Singh,5,,very good driving and very good service,0,4.639.10000,2026-07-26T12:36:32,,
Uber - Request a ride,com.ubercab,Travel,f6660d2d-f34b-4bb7-86b3-d1cae167b918,Mohammad Shareef,5,,good service,0,4.639.10000,2026-07-26T12:36:28,,
Uber - Request a ride,com.ubercab,Travel,4844ed94-fe84-479f-b343-7c0946ed0f6d,Beatrice Mbugua,3,,slow to install,0,,2026-07-26T12:34:55,,
Uber - Request a ride,com.ubercab,Travel,c14b4bb7-8d84-43f8-99e8-76b0c32bd33e,MALAPPA MANDOLI,4,,👌super,0,4.639.10000,2026-07-26T12:32:40,,
Uber - Request a ride,com.ubercab,Travel,3904c179-ce99-4d3e-a720-0ef4455ce755,Veronica Naserian,5,,superb,0,4.639.10000,2026-07-26T12:28:42,,
Uber - Request a ride,com.ubercab,Travel,a1d47090-46bd-4c05-b17f-42213ae442b7,brahma bull,5,,great,0,4.639.10000,2026-07-26T12:28:07,,
Uber - Request a ride,com.ubercab,Travel,cb830a82-3b80-47c2-a4b5-dcdb52b23687,Mitansh Kaskar,5,,nice service,0,4.639.10000,2026-07-26T12:25:33,,
Uber - Request a ride,com.ubercab,Travel,892f8d0c-e9ef-474e-8b31-110c484e493c,Nanette Arigo,5,,Driver was quick to arrive & a very good driver. He overheard me telling my traveling partner that I was hot & he immediately turned up the AC. Arrived at our destination promptly,0,4.639.10000,2026-07-26T12:14:36,,
Uber - Request a ride,com.ubercab,Travel,2f0ccc86-3577-4961-9a64-7e78cf58ebde,Akhilesh Kurmi,5,,best prices very awsome app,0,4.639.10000,2026-07-26T12:11:36,,
Uber - Request a ride,com.ubercab,Travel,68282f2a-d6cc-4d7f-bae6-bfa8b8f5e035,Sampath Alakunta Sampath,4,,good,0,4.639.10000,2026-07-26T12:11:02,,
Uber - Request a ride,com.ubercab,Travel,3a293265-9f4d-429e-b9d8-e192b836324f,Abraham GHIMIRE,5,,good service,0,4.639.10000,2026-07-26T12:10:17,,
Uber - Request a ride,com.ubercab,Travel,9f848057-bce6-4184-8ce4-f835901343a5,B Siva Shankar,5,,Good,0,4.639.10000,2026-07-26T12:09:45,,
Uber - Request a ride,com.ubercab,Travel,8f89b5a9-59a9-48e3-afbd-a64df4a833cb,Indu Indira Lala,2,,"Bhopal में Uber Go पर Drivers की भयानक दादागिरी चल रही है. Uber Go में affordable AC rides की booking करने पर, Cab driver AC ko चालू nahi करता है. Drivers बोलते है कि हम सारे Drivers ने chat में ये decide किया है, कि --- Uber Go पर AC बिल्कुल NAHI चलाएंगे. Jab customer bohot request करेगा, tab EXTRA payment लेकर ही AC को ON करेंगे. This is actually happening since past 2 months. Me & my friends are all facing this Bhopali Blackmail technique. We are paying for affordable AC rides, but no AC!",0,4.639.10000,2026-07-26T12:08:15,,
Uber - Request a ride,com.ubercab,Travel,dd5c67c1-70e7-4bae-8058-06aa65f41b53,D Nish,1,,Will always take your money but you won't always get your food,0,4.534.10000,2026-07-26T12:06:08,,
Uber - Request a ride,com.ubercab,Travel,f9059cfd-937c-4d77-8a05-5b2dab29137d,Shivam Omeo,5,,good,0,4.639.10000,2026-07-26T12:04:21,,
Uber - Request a ride,com.ubercab,Travel,f73ce94d-fa57-4b18-9b9d-f3e19458e892,Md. Khan,5,,good,0,,2026-07-26T11:59:49,,
Uber - Request a ride,com.ubercab,Travel,95f590ef-d47b-4b15-87f3-7add940b8d00,chawla builders,5,,"nice, timely, services",0,4.639.10000,2026-07-26T11:56:50,,
Uber - Request a ride,com.ubercab,Travel,2e32fe29-723a-4cbf-95ce-f90ab4b0e305,Shaun Wewege,1,,"Update: Uber Pets has disappeared & the ""solution"" is to book a ride, then contact the driver to see if pets are allowed. This is rubbish for both customers & drivers. Also, replacing support staff with AI is a reason to switch to another service. Review 1: The app shows multiple vehicles that are apparently ""4 minutes away"" yet when attempting to a book a ride, the app cannot connect to a nearby driver. It's almost as if the cars ""4 minutes away"" don't actually exist.",2,4.639.10000,2026-07-26T11:51:34,,
Uber - Request a ride,com.ubercab,Travel,7d33f057-0389-4abe-8ee3-626e7dfef5aa,Thimmappa M,5,,competative price,0,4.639.10000,2026-07-26T11:51:12,,
Uber - Request a ride,com.ubercab,Travel,027c197c-62ec-4834-8e37-5d47d622abbb,G GANESH,1,,very very Wrost very very Bad😭,0,4.639.10000,2026-07-26T11:49:13,,
Uber - Request a ride,com.ubercab,Travel,9c18fcf7-4b68-4a47-82db-371f79604524,Dytto Das,5,,it's amezing,0,4.639.10000,2026-07-26T11:43:27,,
Uber - Request a ride,com.ubercab,Travel,3ab97f2a-ae2a-4a16-8e25-496e0fb5c4e3,Pat Mitzel,5,,friendly polite very clean vehicle,0,4.639.10000,2026-07-26T11:38:43,,
Uber - Request a ride,com.ubercab,Travel,d664b293-c0d5-4df0-b421-1c92f1478cd3,PRIYANSHI,1,,this does not give any discount and riders are rude 👎always do rapido,0,4.639.10000,2026-07-26T11:25:11,,
Uber - Request a ride,com.ubercab,Travel,c43fb7e9-8098-471e-a564-7e90d9d19a71,chirag,5,,ok,0,4.639.10000,2026-07-26T11:23:39,,
Uber - Request a ride,com.ubercab,Travel,6833ea2a-e48f-445e-a5a3-1b820491e3bf,Yvette,5,,excellent!,0,4.639.10000,2026-07-26T11:12:48,,
Uber - Request a ride,com.ubercab,Travel,38271136-b279-4cb4-92a7-69256aaf897a,Raktima Nandi,5,,good experience,0,4.638.10003,2026-07-26T11:11:36,,
Uber - Request a ride,com.ubercab,Travel,439ea4b3-9c84-4025-82b2-6862858a1f3d,Shivam Singh,1,,"worst experience with your drivers every time when we need so much to go anywhere on time them can't 😒 accept the ride, if by chance miskenly they accept..they fooled the customer and not taking tha right way they roamed their wheicle round round.. They don't cancel the ride themselves; instead, they wait for the customer to get frustrated and cancel it, so that any cancellation charges are borne by the customer rather than the driver.",0,4.639.10000,2026-07-26T11:10:55,,
Uber - Request a ride,com.ubercab,Travel,ea33edff-1a0e-488f-aec1-e5c6188002bb,Anup Deb,5,,good and fast service,0,4.639.10000,2026-07-26T11:09:22,,
Uber - Request a ride,com.ubercab,Travel,197040f0-f8e6-4b9c-8197-c7ca633ec6cf,Thakor Dashrath,5,,nice,0,4.639.10000,2026-07-26T11:08:44,,
Uber - Request a ride,com.ubercab,Travel,b2d9353a-31e9-4e7e-8697-92d358b0a5e4,Zimmerman,1,,"140 dollars for a ride when I left a concer that got rained out, thanks uber!",0,4.639.10000,2026-07-26T11:04:58,,
Uber - Request a ride,com.ubercab,Travel,32b61390-cec6-4912-a3eb-1283293a2c04,Chris Ball,5,,great service,0,4.639.10000,2026-07-26T11:04:31,,
Uber - Request a ride,com.ubercab,Travel,bb863ded-2a96-4d14-94bf-834388b60d1a,Sumi Nayak,4,,too much rate at night,1,4.639.10000,2026-07-26T10:59:08,,
Uber - Request a ride,com.ubercab,Travel,8fba02a4-907b-4229-80d8-27e019b58de7,Haripriya Preetha,5,,good,0,4.639.10000,2026-07-26T10:56:54,,
Uber - Request a ride,com.ubercab,Travel,3694db7d-d467-45f7-a8ec-f3424ffc05de,Kutlwano Motswai,5,,Very affordable and greatly trips to be served,0,4.639.10000,2026-07-26T10:56:47,,
Uber - Request a ride,com.ubercab,Travel,d0f4508d-3467-41fb-97f0-bc48c7d9a6e6,ravi nt,5,,ok thanks,0,4.639.10000,2026-07-26T10:55:19,,
Uber - Request a ride,com.ubercab,Travel,25699c0e-b249-4015-81b6-12829a1de2b8,DUSHYANT SIKARWAL,5,,good,0,4.639.10000,2026-07-26T10:53:17,,
Uber - Request a ride,com.ubercab,Travel,c8185ca4-2c6b-489d-9010-96b8124f7bb6,Ashish Yadav,5,,supar,0,4.639.10000,2026-07-26T10:52:41,,
Uber - Request a ride,com.ubercab,Travel,ec8b6d76-83d6-4780-97b6-cf18f33258a1,Neer Subba,1,,"extremely disappointed with Uber's fare system. This has happened to me more than three or four times now. Most of the time, when I book a cab, the estimated fare shown is much lower than what I am charged after the trip. Today, the estimated fare was around ₹56, but after I reached my destination, I was charged ₹118. This kind of fare increase without a clear explanation is unacceptable. To make matters worse, I tried contacting customer support through the app, but I received no response after",0,,2026-07-26T10:52:20,,
Uber - Request a ride,com.ubercab,Travel,1b9e2e8d-5b6c-44a0-b673-b320080a92c2,Ashok Kumar,5,,very nice 💯,0,,2026-07-26T10:42:03,,
Uber - Request a ride,com.ubercab,Travel,1ea78b9f-0307-4b2f-bcea-52309e6ae1ca,Manisha Chaudhary,5,,awesome service,0,4.633.10001,2026-07-26T10:40:27,,
Uber - Request a ride,com.ubercab,Travel,484aaaab-46d5-4e98-93d5-5915d5643119,Irene Jibu,5,,i never have got this much discount in my life 🥹,0,4.639.10000,2026-07-26T10:39:48,,
Uber - Request a ride,com.ubercab,Travel,604a6065-bbbd-4177-9b2a-1bf30f457014,Bhargavi,3,,The student Auto option is not available... And the app is easy to use:),0,4.639.10000,2026-07-26T10:37:33,,
Uber - Request a ride,com.ubercab,Travel,a5f08267-1d35-4da0-a7c3-af822ad5888c,KNPalayam EO,5,,excellent service,0,4.639.10000,2026-07-26T10:36:54,,
Uber - Request a ride,com.ubercab,Travel,3f20857e-021d-45ee-9285-112f574af0ec,Trueesar Tewi,5,,Highly recommended.,0,4.639.10000,2026-07-26T10:36:43,,
Uber - Request a ride,com.ubercab,Travel,109628c1-aca7-4394-9048-1b0aa777bd50,Laurent Wang,1,,I've to give a one star because there's no other way to get heard: Uber CS only allows you complain about the driver and never about the app or themselves. The app is hopeless in its routing and location when you use it in Taiwan. I've tried numerous times and spoken to local drivers and all feel the same. So it's not drivers fault but Uber.,0,,2026-07-26T10:34:58,,
Uber - Request a ride,com.ubercab,Travel,0c0bc11e-abfd-46b9-a231-6fabfa769db5,Adil Khan,1,,"one of the biggest trash. First they charge high. 2nd their driver dont know where their customer start and end, 3rd their driver pic another call when they are booked by other customer and ask them to wait. I mean why we give them extra to treat like that. I will give them minus 5 if i can.",0,4.639.10000,2026-07-26T10:34:39,,
Uber - Request a ride,com.ubercab,Travel,404f8510-f79f-4b63-94fe-a712a0be71bb,SHANE ANDERSON,1,,"Paid extra to connect to driver quicker(which is already a ridiculous add on) and still took longer then 5 minutes so downloaded Lyft signed up for a account, entered my credit card info for the new account booked a ride and had a driver on the the way before Uber even confirmed a driver. have been using Uber for years but switching to Lyft after this experience",0,4.639.10000,2026-07-26T10:31:43,,
Uber - Request a ride,com.ubercab,Travel,adbd9fc2-cd46-4fd1-a797-7c17ada8c8d3,md akeef,2,,don't work in time of need,0,,2026-07-26T10:31:11,,
Uber - Request a ride,com.ubercab,Travel,e1e51bd0-2307-405a-b5ab-ee2545887b03,Doug,5,,Always dependable. Never had a bad driver. Great service. I'd give more stars if it were possible.,0,4.639.10000,2026-07-26T10:29:59,,
Uber - Request a ride,com.ubercab,Travel,e82e2fdf-906c-441b-b3c5-9b4eea8c7479,sandeep dahiya,5,,"driver behaviour is polite and calm,ride was excellent.",0,4.639.10000,2026-07-26T10:28:17,,
Uber - Request a ride,com.ubercab,Travel,2d6b1adf-1c49-4f2f-88ba-2ec84f12b422,Atul Kumar,5,,good,0,,2026-07-26T10:27:07,,
Uber - Request a ride,com.ubercab,Travel,e79607cb-dbb8-4877-a18a-d66db3d3bab9,Aarushi G Sharma,1,,"drivers are very aggressive, rude and impolite .",0,4.632.10002,2026-07-26T10:19:45,,
Uber - Request a ride,com.ubercab,Travel,c4d0e15d-8442-4b34-8759-05de748ed84b,Monu Jewellers,5,,nice pic,0,,2026-07-26T10:15:48,,
Uber - Request a ride,com.ubercab,Travel,33a6c043-a9fc-478b-a7a2-db7a0de37fea,Aneesh R,5,,good service,0,4.637.10003,2026-07-26T10:15:48,,
Uber - Request a ride,com.ubercab,Travel,36bf053a-5542-41eb-9b36-0cb5ee1094eb,Retro Rocket,1,,"your app is all over the place, why cant I chose my pick up spot?? everyone else is getting picked up there",0,4.639.10000,2026-07-26T10:13:40,,
Uber - Request a ride,com.ubercab,Travel,2e789cb1-f0b6-4fee-8760-23c820b6d6fe,David Hristovsky,1,,you guys suck you guys will offer me a price and then change it when the ride ends. I don't make the driver wait. I don't take any detours no nothing and then every time I try to dispute it I get it automated message saying it's in parameters. I can't ever talk to human. whenever I do talk to human they send me straight to that automated message. you guys are filing FTC rules how how,0,4.639.10000,2026-07-26T10:12:09,,
Uber - Request a ride,com.ubercab,Travel,48ba5164-d596-4359-bdd5-329748534267,Santosh Pujari,5,,Nice Journey,0,4.639.10000,2026-07-26T10:05:22,,
Uber - Request a ride,com.ubercab,Travel,0a1ea7fc-7b4a-4d94-8e70-628740e37534,ian val,5,,great app,0,4.639.10000,2026-07-26T10:01:35,,
Uber - Request a ride,com.ubercab,Travel,b499db2e-4486-42f2-9320-446e91b60ba8,Smiley Alex,5,,super good driving,0,4.639.10000,2026-07-26T09:45:24,,
Uber - Request a ride,com.ubercab,Travel,e40f9f41-73f8-4571-bb13-bd8ff1217d13,Sandesh Pawar,5,,thank you ubar my ट्रेन time 6.40 mi आळंदी to pune fast sarvice xespat devar 🙏🏻💕,0,4.639.10000,2026-07-26T09:41:44,,
Uber - Request a ride,com.ubercab,Travel,51765799-0159-4d5e-b6bf-8e2981f36f9f,Ryan Johnson,1,,"My account got deactivated due to a lack of use, which is understandable. I'm not upset about that. the issue is that when I went to get my account reactivated or create a new one, the app tells me that my account is locked. Still, that's fine. I figured Customer Service can help me. When I reached out to Customer Service, they tell me that my account went against their terms and service, that I'm permanently banned, and will not be looking into anything further. No appeal or anything.",0,4.639.10000,2026-07-26T09:35:45,,
Uber - Request a ride,com.ubercab,Travel,b03e2574-0674-4625-9724-dd24ddf75bb5,Krishna Kumar,5,,👍,0,4.639.10000,2026-07-26T09:33:42,,
Uber - Request a ride,com.ubercab,Travel,9f7491cd-9e84-4221-a580-c1526f746a2b,King Lucky,5,,Absolutely amazing app really liked it so much better then other apps and everytime they gave offers that's very impressive highly recommended for everyday use I Appreciate them ❤️🫶🏻,0,4.639.10000,2026-07-26T09:31:06,,
Uber - Request a ride,com.ubercab,Travel,53b5996c-6100-46d4-91f4-fa1a7dd875e8,IKBAL SHAIKH,5,,good👍,0,4.639.10000,2026-07-26T09:22:12,,
Uber - Request a ride,com.ubercab,Travel,f13bb872-6961-456e-ab2e-1641651d28a7,Rushabh Shah,5,,nice,0,4.639.10000,2026-07-26T09:19:59,,
Uber - Request a ride,com.ubercab,Travel,be3a2218-85e9-4542-be78-c12d9deee93d,Cadeau Limina,5,,very good,0,4.639.10000,2026-07-26T09:18:13,,
Uber - Request a ride,com.ubercab,Travel,347be0d3-9503-4283-84da-ca749703813d,Julian Teague,5,,awesome,0,,2026-07-26T09:16:44,,
Uber - Request a ride,com.ubercab,Travel,e544fc5a-9395-4473-b335-4d9fd590bf03,Bhushan,5,,Good service..,0,4.639.10000,2026-07-26T09:09:34,,
Uber - Request a ride,com.ubercab,Travel,404d8090-460d-4130-adb6-19911af62407,prasenjit mahata,5,,good 👍,0,4.639.10000,2026-07-26T09:03:16,,
Uber - Request a ride,com.ubercab,Travel,c6cd8197-dedb-49be-82a2-8f80b2693991,Anil kumar Yadav,5,,ok,0,4.632.10002,2026-07-26T08:59:55,,
Uber - Request a ride,com.ubercab,Travel,8789d901-d123-421f-92aa-4d80743bb948,Elyas DeWitt,1,,"literally ANY OTHER FOOD SERVICE is better. Gott charged 100$ for an order that I didn't order, forced to chat with AI, no resolution, then forced to talk to two Indians who had no power to help me, one of which just abandoned the conversation. im an Uber One subscriber by the way. literally ANY OTHER FOOD SERVICE is better. THIS APP SUCKS",0,4.639.10000,2026-07-26T08:53:28,,
Uber - Request a ride,com.ubercab,Travel,597e7004-fb9b-40f6-bb57-a1324a14bf5d,pravin kumate,5,,"nice app , time to time drop, driver behaviour is good",0,,2026-07-26T08:52:08,,
Uber - Request a ride,com.ubercab,Travel,33515ed7-ec5e-48a2-ab89-329882220f50,Bharat,5,,very nice but don't discount,0,,2026-07-26T08:51:27,,
Uber - Request a ride,com.ubercab,Travel,0cbf2bac-ca05-46e0-a65b-85e559a8b6fe,Jessica Giovannini,4,,I ordered an uber. it had 2 stops that were far apart. the uber driver didn't know there were 2 stops. my friend then my house. once we dropped my friend off he realized there were 2 stops. he was muttering to himself complaining that he had drive across town. he wasn't saying it directly to me . just under his breath . he wasn't swearing. other than that ride I love uber,0,4.639.10000,2026-07-26T08:47:04,,
Uber - Request a ride,com.ubercab,Travel,e3bcac99-1f6d-4d5b-b2db-ecd76db7f1ec,Suma Mulgund,5,,Accurate app for booking vehicles!,0,4.639.10000,2026-07-26T08:43:51,,
Uber - Request a ride,com.ubercab,Travel,70e583b3-ba84-464c-a669-c09537540735,Mildred Small,2,,Charges when a cancelation is needed are unfair.,0,4.638.10003,2026-07-26T08:42:52,,
Uber - Request a ride,com.ubercab,Travel,d4a45971-a7dc-49e2-98b9-cf223d6b7a83,B Chase,5,,more expensive than others,0,4.639.10000,2026-07-26T08:40:32,,
Uber - Request a ride,com.ubercab,Travel,104faa17-32c2-4707-b131-ae9912b4b86f,Raman deep,4,,good,0,4.639.10000,2026-07-26T08:37:36,,
Uber - Request a ride,com.ubercab,Travel,7680f5cd-599e-4a3d-b7ad-236c84010144,Youngha Kim,1,,newest version of the Uber app is terrible. doesn't work properly,0,4.639.10000,2026-07-26T08:11:57,,
Uber - Request a ride,com.ubercab,Travel,8beb0636-9fe2-4814-836a-3cb3c8099fca,RS Daya Rajput,5,,nice service,0,,2026-07-26T08:10:49,,
Uber - Request a ride,com.ubercab,Travel,f1a46806-6d75-4b91-9b46-7225c4ec9065,seby francis,5,,budget friendly,1,4.639.10000,2026-07-26T08:05:32,,
Uber - Request a ride,com.ubercab,Travel,86b2c626-98e0-4baf-a98e-c2fe0a07a35c,jesica beni,3,,"My feedback is that whenever I need a ride the most, I'm often unable to book one. This should be treated as a top priority. Even after paying extra, it still doesn't make any difference. Another issue is that the vehicle shown in the app is often different from the one that actually arrives. For example, the app may show a bike, but a scooter arrives instead. Most of the time, even the vehicle registration number doesn't match. These are important issues, and I believe they should be clearly me",1,,2026-07-26T08:02:01,,
Uber - Request a ride,com.ubercab,Travel,890bad76-902d-4110-9ad8-c46158fc5e14,Rayyan Khan,1,,false prize shows the high price in drivers phone and low price in my phone .,1,,2026-07-26T07:51:53,,
Uber - Request a ride,com.ubercab,Travel,c7f1bc76-9311-44d8-baed-6898e7ded08c,Suresh Kalagatla,5,,great,0,4.639.10000,2026-07-26T07:46:25,,
Uber - Request a ride,com.ubercab,Travel,43a5a611-5cde-4422-822a-8b6c0b7e34c7,Vishwaelanchezian,5,,good,0,,2026-07-26T07:40:21,,
Uber - Request a ride,com.ubercab,Travel,014b690d-ba46-411f-80bb-50138aec8b50,Thelma Reeves,5,,"Christina is the best Uber driver! She went above and beyond to help find the passenger and was incredibly patient while waiting and searching for him. She never rushed or complained and made sure everything worked out. She truly deserves five stars! I highly recommend her to anyone looking for a kind, professional, and caring driver. Thank you so much for going above and beyond to make sure everything worked out. Your kindness, patience, and professionalism truly made a difference.",0,4.639.10000,2026-07-26T07:30:03,,
Uber - Request a ride,com.ubercab,Travel,dd152028-5783-40b1-a392-789c753962b3,Joseph Nartey,5,,good,0,4.639.10000,2026-07-26T07:23:59,,
Uber - Request a ride,com.ubercab,Travel,332ca2bd-7d58-4a0f-b4d0-8c8602e6cc44,Thomas Jörg,3,,Take advantage of the startup money till it lasts. For the conscious there is taxi.eu .,0,4.639.10000,2026-07-26T07:15:53,,
Uber - Request a ride,com.ubercab,Travel,68f0620f-0ca3-4add-ade1-519df450a6c3,Oluwatoyin Olubambi,5,,Efficient,0,4.639.10000,2026-07-26T07:14:28,,
Uber - Request a ride,com.ubercab,Travel,52b063a6-5562-4e70-bdf5-1a66f4a1122f,Rich Orberg,1,,The app is annoying forcing you to review every interaction before moving to the next.,1,4.639.10000,2026-07-26T07:08:01,,
Uber - Request a ride,com.ubercab,Travel,ff3d669e-9c39-4897-aa11-8bd902075712,Thiago Diniz,1,,"bugs, poor customer service, AI support only, and on and on. - Uber comfort refusing to turn AC on - Fiat Argo and Volkswagen Polo should not be comfort category cars",1,4.639.10000,2026-07-26T07:07:49,,
Uber - Request a ride,com.ubercab,Travel,c56e3f06-56f0-4f1c-bf5a-2fe0ea3086c3,Md ramjan,5,,ok,0,4.639.10000,2026-07-26T07:04:50,,
Uber - Request a ride,com.ubercab,Travel,7a0110a1-41bf-4033-8779-69e3fe0dff27,SINGIRESU ADITHYA,5,,good and safe,0,4.639.10000,2026-07-26T07:02:11,,
Uber - Request a ride,com.ubercab,Travel,5111e33f-fba2-4a71-81f8-b723c62334f2,Erika Hyppolite (Kika),5,,good driver,0,4.639.10000,2026-07-26T06:51:42,,
Uber - Request a ride,com.ubercab,Travel,95e4df45-c874-4a66-83e0-51f3acd6692e,Fire F Songs,5,,Nice App ❤️😍,0,4.639.10000,2026-07-26T06:47:36,,
Uber - Request a ride,com.ubercab,Travel,0b61568a-0337-4a1e-b03d-d9cd6130f20e,Chad Bullard,5,,like the app and convenience,0,4.639.10000,2026-07-26T06:35:19,,
Uber - Request a ride,com.ubercab,Travel,7441d689-5ab7-46af-b0c4-ac9fdf3df228,barun chatterjee,5,,good,1,4.638.10003,2026-07-26T06:07:23,,
Uber - Request a ride,com.ubercab,Travel,7f4fa100-fc23-484c-a44a-3c3490e827b3,Tyreek Pettigrew,5,,I love it great people fast and reliable,0,4.639.10000,2026-07-26T06:02:12,,
Uber - Request a ride,com.ubercab,Travel,16210233-a30a-4e8b-8f31-f81377a54e8a,Abhishek bhati,1,,"Your riders ask for extra money for the ride, yet you question why we cancel and even impose cancellation charges on us. You don't even have any customer service we can speak to; you people are just running things however you please.",0,4.639.10000,2026-07-26T05:57:26,,
Uber - Request a ride,com.ubercab,Travel,7e08cbb1-4cc7-4ee7-9d1a-e3c1075aae37,isaih,1,,Ridiculous pricing. Any type of priority option presented is a regular level of service and is just there to justify punishing those who pick a cheaper option.,0,4.639.10000,2026-07-26T05:52:19,,
Uber - Request a ride,com.ubercab,Travel,14c874ed-684f-4440-bfb1-cd2f749f885e,John Turner,5,,it's great and it works,0,4.639.10000,2026-07-26T05:39:56,,
Uber - Request a ride,com.ubercab,Travel,4533e24a-bc39-49c5-9bff-a5886d09b7a9,Rob,1,,Hit and miss (mainly miss) if an Uber driver can be bothered to turn up.,0,4.639.10000,2026-07-26T05:31:11,,
Uber - Request a ride,com.ubercab,Travel,96a385c5-dfc7-4f56-b47a-c84c0d14c669,Roger W,5,,"The only issue was communication, and the driver stated, ""I'm doing this for $6.00""........",0,4.639.10000,2026-07-26T05:22:05,,
Uber - Request a ride,com.ubercab,Travel,cf30f59d-50d2-4346-8628-28af4c5b270f,Andy Dickson,5,,Great! 👍😃,0,,2026-07-26T05:11:10,,
Uber - Request a ride,com.ubercab,Travel,2bb19f44-b924-4d6e-9a85-49c50c339c3f,Asare Obeng Godfred,5,,professional,0,4.639.10000,2026-07-26T04:56:08,,
Uber - Request a ride,com.ubercab,Travel,04125dcc-7225-4699-8355-352a2ea41694,Jaswanth,4,,super,0,4.639.10000,2026-07-26T04:55:02,,
Uber - Request a ride,com.ubercab,Travel,ad495a81-5f58-4bb5-a26f-9a5c108c77e0,Cyriac,1,,Such a dumb app that needs 30Mbps internet speed to load,3,4.637.10003,2026-07-26T04:48:06,,
Uber - Request a ride,com.ubercab,Travel,a7b76265-a211-4ec8-8dac-d19f664d21be,Shamim Akhtar,1,,No one accepts the ride... it's total waste of time👎🏻,1,4.639.10000,2026-07-26T04:47:04,,
Uber - Request a ride,com.ubercab,Travel,492f996b-ade7-4100-ac1f-cb2a199ff04e,suraj borde,5,,useful,0,4.639.10000,2026-07-26T04:35:27,,
Uber - Request a ride,com.ubercab,Travel,021d9959-2bec-4af9-9762-6c678fb39712,Seneca Harris,5,,awesome,0,4.639.10000,2026-07-26T04:33:54,,
Uber - Request a ride,com.ubercab,Travel,a5706cea-00f7-4d39-ae20-b06eb095d625,Syed Saleem,5,,super collection uber thanks my ride earning money,0,4.639.10000,2026-07-26T04:28:44,,
Uber - Request a ride,com.ubercab,Travel,a655b20b-aaa6-4876-be83-575f1236e608,JAJA TVcHaNnEL Vblogs,4,,Very nice....,0,4.639.10000,2026-07-26T04:26:46,,
Uber - Request a ride,com.ubercab,Travel,8dfb8423-df46-43d0-acb7-4fc973c5566e,Judith White,5,,Excellent service,0,4.639.10000,2026-07-26T04:24:10,,
Uber - Request a ride,com.ubercab,Travel,793f32ff-0cbe-4304-a7e2-19b23811b4b3,Dean Oliveri,5,,Great service! Clean and friendly!,0,4.637.10003,2026-07-26T04:13:15,,
Uber - Request a ride,com.ubercab,Travel,a59842fc-6a00-4f7d-ad36-ea9086cd18a2,Muhammad Hadi,1,,uber is modern slavery,0,4.639.10000,2026-07-26T04:11:45,,
Uber - Request a ride,com.ubercab,Travel,9770a1e6-5ee4-41e4-bd4d-4453fbb534bf,Brendan Rayner,4,,"As advertised, pickup times can vary pretty wildly but if you leave plenty of time it's normally pretty good l.",0,4.639.10000,2026-07-26T03:54:01,,
Uber - Request a ride,com.ubercab,Travel,c0bd04ec-3b69-4138-a618-d822821f8127,Chris Carlson,5,,overall good,0,4.639.10000,2026-07-26T03:47:47,,
Uber - Request a ride,com.ubercab,Travel,8431cb98-6894-4be6-a008-1d237c24d32c,Alfonso Alfaro,5,,Muy buena experiencia,0,4.639.10000,2026-07-26T03:45:02,,
Uber - Request a ride,com.ubercab,Travel,5e87245d-e139-4c79-9909-6b3cb9e663b0,Robert Akins,1,,Waste of time. cancels grocery orders with no explanation why. refund wont go through for 2 weeks. I'm beyond upset!,0,4.639.10000,2026-07-26T03:39:29,,
Uber - Request a ride,com.ubercab,Travel,1b62b905-f872-491e-a1e0-ecd592247093,Maggie Friend,5,,"I have always had good, respectful, safe drivers and experiences.",0,,2026-07-26T03:35:12,,
Uber - Request a ride,com.ubercab,Travel,814fc2ea-a9e9-4027-ab61-67419fbf7bcb,"Evandro Roldão, o Doug Funnie",1,,me pagando por viagem que já paguei e do ano passado até,0,4.553.10000,2026-07-26T03:35:02,,
Uber - Request a ride,com.ubercab,Travel,763ab9ff-14d7-4958-af96-c51a19330008,Mostafa Mahmod Tay,1,,the worst customer support i ever seen in my entire life i can't believe how much time does it take to customer support reply to you 5 hours to get useless reply and nothing more,0,,2026-07-26T03:34:35,,
Uber - Request a ride,com.ubercab,Travel,6e3851f8-b06d-495b-820c-b93cff26386b,Tina Gomes,5,,Superb.....,0,4.639.10000,2026-07-26T03:29:20,,
Uber - Request a ride,com.ubercab,Travel,53ff32ca-2e19-46e4-8457-4456dcf7263b,Jhon Paul Lopez,5,,nice ride and food app,0,4.639.10000,2026-07-26T03:27:01,,
Uber - Request a ride,com.ubercab,Travel,433a47b1-3dec-4653-b7ba-f5db7b42969a,Beverly Boone,4,,Good,0,4.639.10000,2026-07-26T03:23:16,,
Uber - Request a ride,com.ubercab,Travel,5bd92b10-d26d-4a5f-8257-216681e71db6,Josephine Vella,5,,excellent driver and very polite,0,4.639.10000,2026-07-26T03:13:01,,
Uber - Request a ride,com.ubercab,Travel,f0873bda-34b8-4bd1-aa4e-6c1b9d712324,Oscar Moreno,5,,Very good and useful.,1,4.639.10000,2026-07-26T03:12:59,,
Uber - Request a ride,com.ubercab,Travel,9d9ff3d5-d7c6-4a42-b06f-65482b8883a1,Noordin Ali,5,,is safe and trustworthy,0,4.639.10000,2026-07-26T03:04:43,,
Uber - Request a ride,com.ubercab,Travel,1aa98653-917f-49a2-a857-f0199d16b336,Jeremy Recupero,1,,"we already knew Uber was cheating drivers out of appropriate pay, now they're cheating customers by using AI for their ads. As though they couldn't get any greedier.",0,4.601.10001,2026-07-26T03:04:21,,
Uber - Request a ride,com.ubercab,Travel,221cdb41-ca2a-45c9-b1f9-b623e674bae1,kumarrohit kumarrohit,5,,good men,0,4.637.10003,2026-07-26T03:00:46,,
Uber - Request a ride,com.ubercab,Travel,b57fd38e-385a-4525-a689-a3af92378013,Hamidur Rahman,5,,Very Well - App's ( Uber ) and Many help full I am use All Time This. Also i like uber.,0,4.639.10000,2026-07-26T02:36:55,,
Uber - Request a ride,com.ubercab,Travel,bc29380b-57ae-4052-b446-4e326969c3a8,Isaias Oleta,5,,good experience,1,,2026-07-26T02:30:58,,
Uber - Request a ride,com.ubercab,Travel,bcca363d-448f-4438-a3dc-299a23cbc6b4,Houdini Gonz,3,,"it's an ok app, don't see any value in purchasing their uber one subscription, anything you order as far as food wise will always be over $16 plus the driver tip, no matter how far you order from.",0,4.639.10000,2026-07-26T02:28:39,,
Uber - Request a ride,com.ubercab,Travel,b593642d-afee-465a-b229-d80c84229d4c,Janet Jackson,5,,"fantastic kind, considerate 👏 😀",0,4.639.10000,2026-07-26T02:27:40,,
Uber - Request a ride,com.ubercab,Travel,8ffa84b9-0c5b-4769-bd17-8545114fa94b,Fred Agbedoe,5,,Good app,0,4.639.10000,2026-07-26T02:24:54,,
Uber - Request a ride,com.ubercab,Travel,f0ee07b3-fbfe-4b05-b049-ff90d6424df0,Bokang Nelson,1,,"unauthorized transaction via banking app, very unprofessional",0,4.639.10000,2026-07-26T02:16:07,,
Uber - Request a ride,com.ubercab,Travel,04bda9d2-fa99-4b24-9e02-38198ca417d3,Sean Zammit,2,,"first ever ride, already extremely expensive, upon receiving my receipt i see an additional 22 euro surcharge for ""ride taking longer than expected"" . completely unacceptable and predatory",0,4.639.10000,2026-07-26T02:15:58,,
Uber - Request a ride,com.ubercab,Travel,2f59b7c8-52d8-4636-9d31-9516ec8365e5,Vikrant chaliya,1,,not interested in app,0,4.511.10001,2026-07-26T02:14:30,,
Uber - Request a ride,com.ubercab,Travel,76f709e8-b1ab-4934-9f01-a536471e6d8f,Saif ali Khan,5,,good app some time price up,0,4.639.10000,2026-07-26T02:09:30,,
Uber - Request a ride,com.ubercab,Travel,132b6cc1-4a5c-4a9c-abe0-9b10272a308c,Piyushsingh204@gmail.com Piyushsingh,1,,very bad app,0,,2026-07-26T02:05:52,,
Uber - Request a ride,com.ubercab,Travel,886dc6ca-9c87-4b38-9952-e863b67476d1,Mo Ahmad Ansari,5,,thanku,0,4.639.10000,2026-07-26T02:04:10,,
Uber - Request a ride,com.ubercab,Travel,f6dec13b-b4ad-460d-9e1f-d70741af440a,Shane Norman,5,,awesome ride,0,4.639.10000,2026-07-26T02:00:57,,
Uber - Request a ride,com.ubercab,Travel,c353fc92-4baa-4730-b5d4-6e529c45c72a,kofi gator,5,,Uber is the best,0,4.639.10000,2026-07-26T01:57:44,,
Uber - Request a ride,com.ubercab,Travel,a1652683-7614-4c4b-8d61-7e00c5964b70,Charles Cline,5,,great way to get around where you need to go. awesome people,0,4.639.10000,2026-07-26T01:54:40,,
Uber - Request a ride,com.ubercab,Travel,b333228f-6482-4ddd-a673-58391b4ba9eb,Monty Majumder,5,,excellent 👌,0,,2026-07-26T01:48:16,,
Uber - Request a ride,com.ubercab,Travel,343989a3-d88e-4fc3-a820-aac2c55b00fe,Vytas Mazeika,5,,very friendly and safe,0,4.639.10000,2026-07-26T01:33:52,,
Uber - Request a ride,com.ubercab,Travel,6024720e-8a6d-4b03-9918-40750a4f44cb,david mcbride,5,,Very knowledgeable on black history and the history in particular of black people in the state of Georgia,0,4.639.10000,2026-07-26T01:24:40,,
Uber - Request a ride,com.ubercab,Travel,0fdae163-5a8f-46cf-90b0-c60a86d226eb,Sam Stokes,5,,Our driver was polite and friendly. He drove very well thank you,0,4.619.10001,2026-07-26T01:18:52,,
Uber - Request a ride,com.ubercab,Travel,d4ca96aa-7210-41ee-874c-bea42971fe1d,William Maull,5,,Luis was right on time! Very appreciative of his professionalism. 🙏,0,4.639.10000,2026-07-26T01:13:47,,
Uber - Request a ride,com.ubercab,Travel,7a48d18f-ff69-4714-8c60-c1adcdfdf8d5,Gillian Trace,5,,"what a smashing, courteous young man.. had an interesting comversation.. about family.",0,4.639.10000,2026-07-26T01:13:04,,
Uber - Request a ride,com.ubercab,Travel,7cd04798-6620-4514-9431-92bca4238f37,SANJIB SHAW,5,,very very very happy 😁❤️😁❤️,0,4.639.10000,2026-07-26T01:03:28,,
Uber - Request a ride,com.ubercab,Travel,6d7f18b4-6e26-47c9-af9c-04410343c380,Bidyut Dutta,4,,good,0,4.639.10000,2026-07-26T00:55:24,,
Uber - Request a ride,com.ubercab,Travel,3b978a70-1eec-43ca-8600-8eba7ba63141,Darren Perry,3,,you can rate drivers 5star with putting a comment,0,4.639.10000,2026-07-26T00:55:17,,
Uber - Request a ride,com.ubercab,Travel,3332f419-8304-4a35-98a3-69c78033f310,Sunil Surendhar,5,,nice,0,4.639.10000,2026-07-26T00:43:02,,
Uber - Request a ride,com.ubercab,Travel,ce6eccd4-ff72-4969-9973-05d04d4fa90b,Harsh Gupta,1,,shows booking price which is different on rider phone hence create conflict,0,,2026-07-26T00:37:31,,
Uber - Request a ride,com.ubercab,Travel,018edad8-cb11-44e5-ae54-172d2a7e4c61,James Wood,5,,Great pickup and very friendly. very clean,0,4.639.10000,2026-07-26T00:37:09,,
Uber - Request a ride,com.ubercab,Travel,5e6657f6-c64c-4f48-aac5-2c6d480e7979,Nii-Quaye Joseph,3,,good,0,4.638.10003,2026-07-26T00:32:20,,
Uber - Request a ride,com.ubercab,Travel,0ae1068a-2d5f-4257-acbc-1beb68d12691,Ajitkumar Yadav,5,,good job,0,4.639.10000,2026-07-26T00:30:42,,
Uber - Request a ride,com.ubercab,Travel,63c7f89b-46f1-4ea3-8bdb-3485ce523f2e,Jason Craig,5,,great,0,4.639.10000,2026-07-26T00:29:24,,
Uber - Request a ride,com.ubercab,Travel,6b578b5d-e804-4027-842b-cd413fd5ee1e,Ashley Rogers,1,,thanks for NOTHING!!! you kept my only 30 dollars for a ride now I have to walk 54 miles!!!!!!!!!! I will never use your service again,0,4.639.10000,2026-07-26T00:28:51,,
Uber - Request a ride,com.ubercab,Travel,f0c04220-913b-4145-bd18-47dd57b414a6,Rahul Kumar,5,,good aap and nice price,0,4.631.10000,2026-07-26T00:23:51,,
Uber - Request a ride,com.ubercab,Travel,f3d66ecc-4375-4d8f-a884-afd2822318d0,Bruce Jones,5,,Uber is very easy to use and the drivers have all been great!,0,4.639.10000,2026-07-26T00:15:05,,
Uber - Request a ride,com.ubercab,Travel,8d42fe6f-5e92-4dba-ac3c-c1396a9cb37b,June Allingan,5,,prompt and pleasant,0,4.639.10000,2026-07-26T00:15:01,,
Uber - Request a ride,com.ubercab,Travel,2c398a24-3b1b-4e5d-adf3-9a6c4cb6975e,Samantha,5,,it was good,0,4.639.10000,2026-07-26T00:08:28,,
Uber - Request a ride,com.ubercab,Travel,225a31b6-f92b-4722-83dc-ee989cf0fb3c,alaa soliman,1,,ابلكيشن بشع و شركة زفت .. كل شويه ال network تقطع و بكون في الشارع محتاجه اطلب عربية !! أو بكون مستنية الكابتن يوصل !! وطبعا مش هتكلم اني بفضل استنى فوق التلت ساعه عشان الاقي عربية !! أو أن السواق يبقا مكتوب أن قدامه دقيقتين يقبلوا ١٠ و ١٥ دقيقه !! أو أن بعد ما طلبت الride الاقي أن الاسعار زادت,0,,2026-07-26T00:07:10,,
Uber - Request a ride,com.ubercab,Travel,b00b715a-cca5-46d6-8839-5371e6b1f5db,deva medhi,5,,very nice,1,4.636.10000,2026-07-26T00:06:05,,
Uber - Request a ride,com.ubercab,Travel,dca4cc4b-4621-4d0a-a9ce-f7748212cc04,Sherilyn Thiele,5,,always on time!,0,4.638.10003,2026-07-25T23:59:43,,
Uber - Request a ride,com.ubercab,Travel,4674fcd8-2614-43be-8fdc-05e2d8c884ae,Sarah Caza,1,,I've had 3 rides get canceled after waiting for an hour in between each one. Will never use Uber again.,0,4.639.10000,2026-07-25T23:42:25,,
Uber - Request a ride,com.ubercab,Travel,a5b5b03b-eca1-4b3e-afcf-cac33af7dd14,Manish Kumar,5,,reached on time thanks Iber,1,4.639.10000,2026-07-25T23:41:30,,
Uber - Request a ride,com.ubercab,Travel,20ab2bce-b4d0-4ad6-9c5f-7decefc33b05,vinay aradya,1,,"worst experience my friend booked a courier and tried reaching customer care not easy task , never ever i will use uber parcel service",0,,2026-07-25T23:40:51,,
Uber - Request a ride,com.ubercab,Travel,92eec6e0-7d17-49f4-aa42-8fc774e15a90,Nilotpal Sarkar,5,,best,0,,2026-07-25T23:32:15,,
Uber - Request a ride,com.ubercab,Travel,029d344c-b940-4513-926c-8af97aef7d18,Arpita Sen,5,,uber is the best transporter I love this app,1,,2026-07-25T23:31:59,,
Uber - Request a ride,com.ubercab,Travel,494825be-132c-49c9-a720-cc90044114ab,nikhat fatima,1,,drunk drivers,1,4.630.10001,2026-07-25T23:30:56,,
Uber - Request a ride,com.ubercab,Travel,e477aad1-3531-4ec3-94c5-b7bea24473d4,Saadma Parveen,2,,full safety and good service,0,4.639.10000,2026-07-25T23:28:26,,
Uber - Request a ride,com.ubercab,Travel,3bc437aa-4180-4e85-b805-1705f45a4d50,Arwa Lokhandwala,1,,Itd the worst app for rides. The wait time is so long it finds driver for about 10 mins and then it show taking lomger than expected or busier than usual whenever i book a ride.. Not revcpmemdes at all,0,4.639.10000,2026-07-25T23:21:24,,
Uber - Request a ride,com.ubercab,Travel,45bbe606-5f71-4ca4-805d-db3a3d0ccfad,SUNILPRASAD YADAV,5,,Good,0,4.626.10000,2026-07-25T23:21:08,,
Uber - Request a ride,com.ubercab,Travel,536b316d-8d68-42b5-8a32-b305a6a8567d,Kundan Kumar,5,,thank you,0,4.639.10000,2026-07-25T23:20:10,,
Uber - Request a ride,com.ubercab,Travel,e7f0baf6-ed07-4cfa-828e-4139cf295bd7,Iris m Otero Sepulveda,5,,safe efficient and the people's speak Spanish best experience and they didn't force me to talk,0,4.639.10000,2026-07-25T23:16:37,,
Uber - Request a ride,com.ubercab,Travel,483bd28c-d0c2-491a-9ada-778f946abd16,Godson Adaglo,5,,Swift and Sure,0,4.639.10000,2026-07-25T23:15:53,,
Uber - Request a ride,com.ubercab,Travel,1671d038-4f98-4a74-98cb-8a8653771d47,Magida Ndlovu,5,,good,0,4.639.10000,2026-07-25T23:15:47,,
Uber - Request a ride,com.ubercab,Travel,bbbce041-d2f3-4ae2-bac6-5b26534f93b5,Sehzar Siddiqui,5,,this platform is very helpful for bike and car taxi rides,0,4.637.10003,2026-07-25T23:06:10,,
Uber - Request a ride,com.ubercab,Travel,059e69ba-19bc-48ed-9848-fe879b786b81,Feras khan,1,,تحط موقع وبعدها يختارلك موقع مختلف تماما وأتفاجئ بعد ما اركب ويزيد السعر علي لما اعدل بشكل مهول الله ياخذهم من تطبيق خلاص الشخص حط موقع لا تلعبو في موقعه ويقترح مكان ثاني حتى خدمة عملاء ما يردو,0,,2026-07-25T23:05:22,,
Uber - Request a ride,com.ubercab,Travel,b04eb979-72f8-45c2-a605-38fb86b734fc,lishani Sanka,5,,Supar🇱🇰,0,4.639.10000,2026-07-25T23:04:51,,
Uber - Request a ride,com.ubercab,Travel,c2deeea3-89e6-44b0-a44d-1c574645eaad,Jipimoni Bora,5,,great service,0,4.639.10000,2026-07-25T23:03:08,,
Uber - Request a ride,com.ubercab,Travel,685d2cbd-e43c-4f0f-8101-2ac494a4b0c0,Jameel Qazi,5,,Great,0,4.639.10000,2026-07-25T22:59:06,,
Uber - Request a ride,com.ubercab,Travel,4548ebb0-da9f-479a-a643-4e18406463da,And rew W,5,,excellent for getting around in foreign countries.,0,4.639.10000,2026-07-25T22:57:00,,
Uber - Request a ride,com.ubercab,Travel,2d472b0e-1789-42e5-bc81-db0f64aa0715,Bimal Shrestha,2,,what's wrong with railcard discount? it is not giving discount check this,0,4.639.10000,2026-07-25T22:55:58,,
Uber - Request a ride,com.ubercab,Travel,2aac2a93-b03e-4d38-b5c5-cb70c6351086,Big Ben Don,5,,best ride service among all,0,,2026-07-25T22:54:33,,
Uber - Request a ride,com.ubercab,Travel,96690e74-ee63-461f-827d-5b4db4ba26ec,Bisnu Mahaldar,5,,excellent,0,4.639.10000,2026-07-25T22:53:33,,
Uber - Request a ride,com.ubercab,Travel,f97cc781-bbf2-4c94-8b68-ff400b99e929,BALWINDER SINGH,5,,ok,0,4.639.10000,2026-07-25T22:48:55,,
Uber - Request a ride,com.ubercab,Travel,b1c857b6-3a9c-4d29-98fc-665337005c55,fartooprecious,5,,very good experience,0,4.639.10000,2026-07-25T22:47:50,,
Uber - Request a ride,com.ubercab,Travel,f5d9fdd5-33e7-49c1-a0cd-7bc5951151f4,Wyclef Joab,5,,Excellent,0,4.639.10000,2026-07-25T22:47:15,,
Uber - Request a ride,com.ubercab,Travel,0daa8f94-9adc-4105-a7a8-a2dc2eac5709,Adv Taranpreet Singh,2,,"While booking auto, e-rickshaw automatically booked instead of auto. Keep the auto and e-rickshaw booking option separate.",0,4.639.10000,2026-07-25T22:47:12,,
Uber - Request a ride,com.ubercab,Travel,29b7d79a-6b1d-4a22-8c88-a90948a93227,B K MOBILE CENTER & C S C,4,,good,0,4.639.10000,2026-07-25T22:38:02,,
Uber - Request a ride,com.ubercab,Travel,c0142dbe-d266-4d54-b2cf-448d51011c9e,RdB,5,,great ride,0,4.639.10000,2026-07-25T22:33:22,,
Uber - Request a ride,com.ubercab,Travel,beff160e-7098-4923-a052-757ded5a6728,Trish Price,5,,was right on time and very sweet lady,0,4.639.10000,2026-07-25T22:32:59,,
Uber - Request a ride,com.ubercab,Travel,d3fbfd5d-0bc1-41f8-a2c7-3bc67cefe857,Md Khokon,5,,it's good,0,4.639.10000,2026-07-25T22:29:28,,
Uber - Request a ride,com.ubercab,Travel,28f4a5f8-d10c-4bb4-bad1-53113dffff84,bonita hardy hicks,5,,"clean car, patient driver",0,4.639.10000,2026-07-25T22:28:13,,
Uber - Request a ride,com.ubercab,Travel,2d856e6d-e9c4-4b27-8b63-b98d7c5671f2,Chris Sharpe,5,,We had a wonderful experience.,0,4.639.10000,2026-07-25T22:24:17,,
Uber - Request a ride,com.ubercab,Travel,2ac8846a-d306-4ca3-b5e7-1f489a882e0b,Ujjawal Bhardwaj,2,,"7 out of 10 drivers have the wrong number plates. Uber needs to verify their bike plates periodically. If anything wrong happens, who'll be responsible?",0,,2026-07-25T22:23:43,,
Uber - Request a ride,com.ubercab,Travel,666b54f6-faa7-45b3-b5ca-02a468e5de0b,Omkar Dharmavarapu,1,,very veryyyyyyy Bad uber bike,0,4.639.10000,2026-07-25T22:22:58,,
Uber - Request a ride,com.ubercab,Travel,425c243d-de7d-44d9-a0f0-dbbcbbf4f2ad,Lynnsie V,1,,any way we can select a drop off spot?,0,4.639.10000,2026-07-25T22:22:14,,
Uber - Request a ride,com.ubercab,Travel,1b523458-0d6c-4d5d-8f12-17c0d65e646b,S.,1,,"Does not use the Uber cash & credits that are the oldest/expiring soon and instead, chooses to randomly deduct the balance while keeping the balance expiring soon intact. This is dumb as it should be first in, first out.",0,4.639.10000,2026-07-25T22:21:59,,
Uber - Request a ride,com.ubercab,Travel,2800a713-625b-4e40-8a06-7cd35b639071,Medico world,1,,they give coupons but drivers asking extra asking after drop,0,,2026-07-25T22:20:05,,
Uber - Request a ride,com.ubercab,Travel,47cbe691-8a75-4c69-b836-e920d3ab8004,Debabrata Harichandan,5,,superb,0,4.639.10000,2026-07-25T22:17:03,,
Uber - Request a ride,com.ubercab,Travel,3e21f991-f5c1-424c-9468-ba5c63137371,naresh sarkar,5,,very very good,0,4.639.10000,2026-07-25T22:15:06,,
Uber - Request a ride,com.ubercab,Travel,80055ac4-252f-498a-b593-dd9301ad997e,Themba Ledrick,5,,good 👍,0,4.639.10000,2026-07-25T22:10:22,,
Uber - Request a ride,com.ubercab,Travel,b5383d3c-5226-4637-981f-118d6a90d21f,Eileen Jacob,5,,arrived in minutes. friendly courteous driver. good value.,0,4.639.10000,2026-07-25T22:09:27,,
Uber - Request a ride,com.ubercab,Travel,12777c76-4d3e-489c-936f-2e398b309178,Dhrubajyoti Lahkar,5,,nice,0,4.639.10000,2026-07-25T22:06:21,,
Uber - Request a ride,com.ubercab,Travel,c34158e1-e898-43cc-931c-a7a916cee9be,Cindy Calkins,1,,Uber double taps your account steals your money and does not give it back,0,4.604.10002,2026-07-25T22:05:36,,
Uber - Request a ride,com.ubercab,Travel,24903df8-b186-4e48-8bbe-31dab64f3f26,Atik Choudhary,5,,very good driver foundd,0,4.639.10000,2026-07-25T22:05:17,,
Uber - Request a ride,com.ubercab,Travel,d35a4d78-d74a-4c17-a9b9-eddcf70fbc93,Rashmi Rani,4,,when you urgent to go anywhere this app is very useful and less price for ride.,0,4.639.10000,2026-07-25T22:05:01,,
Uber - Request a ride,com.ubercab,Travel,6fcd9180-07aa-4e05-af82-9e8f0f3ba1f4,Sami Balushi,5,,good excellent,0,4.639.10000,2026-07-25T21:58:25,,
Uber - Request a ride,com.ubercab,Travel,ee9a0132-6954-4ea8-8b51-ebe4bafa55dd,rock wale afatolo,5,,very nice and accurate,0,4.639.10000,2026-07-25T21:55:47,,
Uber - Request a ride,com.ubercab,Travel,3903a297-9321-4b5b-926b-dc2903e4b406,Stickman2026,5,,better,0,,2026-07-25T21:55:47,,
Uber - Request a ride,com.ubercab,Travel,ee190264-9673-485c-af27-eea3449ddb12,Bajulu shiva,5,,best app tank u uber,0,,2026-07-25T21:53:56,,
Uber - Request a ride,com.ubercab,Travel,b5c18eb6-4983-477b-b690-74d2709b1588,SURYA S,1,,downloading slowlyyyyy,0,,2026-07-25T21:46:08,,
Uber - Request a ride,com.ubercab,Travel,f6211ab6-948f-433d-919b-faf34e216355,Abdul Azeez,5,,good ride love it,0,4.639.10000,2026-07-25T21:41:53,,
Uber - Request a ride,com.ubercab,Travel,a5768137-1485-4f77-888d-01a4bd9e82b1,Carmela Agro,3,,someone hacked mt account once and it took me forever to get my money back from uber,0,4.639.10000,2026-07-25T21:37:09,,
Uber - Request a ride,com.ubercab,Travel,9e169fdb-56e5-45da-b4ec-307b8ab33fe9,Gogikar VENKATESWARt,4,,ok,0,4.639.10000,2026-07-25T21:29:15,,
Uber - Request a ride,com.ubercab,Travel,07f9e6ea-edc7-4647-878f-c03b879c72a3,Corona Randolph,5,,He is an exceptional driver,0,4.639.10000,2026-07-25T21:28:59,,
Uber - Request a ride,com.ubercab,Travel,b2e52e70-8d6a-4fe4-a122-8a2708997f39,Alexander Rosato,3,,the Uber side of things is great and I've had no issues but Uber eats is an absolute tragedy. I've had back to back orders come in either missing items or been given the wrong order and I don't get a full refund if it's someone else's. Sometimes it's not on the driver but man this is frustrating,0,4.639.10000,2026-07-25T21:28:20,,
Uber - Request a ride,com.ubercab,Travel,d5c301b5-f13d-40d5-a5bb-a8bcd038fa50,Gerardo Vega Cruz,5,,good,0,4.639.10000,2026-07-25T21:26:59,,
Uber - Request a ride,com.ubercab,Travel,cd0a5dd5-f1e1-4e75-892a-0bc1f0d69eb6,INtuition Academy,5,,ok,0,,2026-07-25T21:26:51,,
Uber - Request a ride,com.ubercab,Travel,1f83aeb2-f392-4cc5-93a5-31244eaeac44,aditya rao,5,,good uber,0,4.639.10000,2026-07-25T21:23:56,,
Uber - Request a ride,com.ubercab,Travel,b04ac6a8-c3f7-4730-9897-7b56e2b31761,Venkat prathap,5,,good 👍,0,4.639.10000,2026-07-25T21:15:42,,
Uber - Request a ride,com.ubercab,Travel,d9c67edc-4220-4389-958a-9e66edbbef76,Hardik chhatani,5,,best app,0,4.639.10000,2026-07-25T21:13:38,,
Uber - Request a ride,com.ubercab,Travel,9737876d-fd92-497a-b251-9879588c0937,Anil Kumar,5,,ok,0,4.639.10000,2026-07-25T21:09:53,,
Uber - Request a ride,com.ubercab,Travel,dd504382-9d62-4250-8ad3-0f0962b9de30,Vaishali Punmiya,2,,while booking it shows different rate .. once we reach drop location driver shows different amt... always .. wen we raise complaint no response no refund ... it's high time nw uber should b banned.. and auto drivers who do this should b punished with heavy fine,0,4.639.10000,2026-07-25T21:08:04,,
Uber - Request a ride,com.ubercab,Travel,c7e06226-9e9f-4735-ba38-24d4332310c6,Zaid Shaikh,5,,good,0,4.639.10000,2026-07-25T21:02:08,,
Uber - Request a ride,com.ubercab,Travel,55f101d9-e9ab-4ab0-89e6-5471becc7d26,Mohd Ahamed,5,,superb Service,0,4.639.10000,2026-07-25T21:01:23,,
Uber - Request a ride,com.ubercab,Travel,0ce96c34-d8db-466b-8911-ca40f3f0a370,Pranjal Tiwari,1,,"Worst app ever, i paid the trip amount from amazon pay wallet but driver didn't acknowledge, driver ask me to pay again in cash , when i go to report an issue there is no option to contact directly to uber.... overall worst experience",0,,2026-07-25T21:00:40,,
Uber - Request a ride,com.ubercab,Travel,8f6db190-f723-4da2-ba82-e480c122194c,Thakshila Wickramasinghe,5,,its good,0,4.639.10000,2026-07-25T20:58:20,,
Uber - Request a ride,com.ubercab,Travel,33975974-64f4-4d08-b5f0-a680e3637670,Julian Pierre,5,,fix dynamic pricing,0,4.495.10001,2026-07-25T20:51:47,,
Uber - Request a ride,com.ubercab,Travel,eafe52ed-ad17-4dc7-b8aa-d780c99b2903,Jatin Sumriwal Gamer,5,,"This app is very good, please use it and your journey will be good, if you use this app then you will not be able to go anywhere",0,4.638.10003,2026-07-25T20:46:07,,
Uber - Request a ride,com.ubercab,Travel,03ca92f6-eb9e-422f-a4fe-59984262eda7,ananda ganesh,5,,very Good app,0,4.639.10000,2026-07-25T20:44:12,,
Uber - Request a ride,com.ubercab,Travel,2c779b2b-825e-4986-bce7-61023df59a9f,palle swamy,5,,I like uber,0,4.639.10000,2026-07-25T20:42:27,,
Uber - Request a ride,com.ubercab,Travel,698b533c-38f2-41b2-a0f0-b5af526bd441,Ragini,5,,Nice,0,4.639.10000,2026-07-25T20:41:59,,
Uber - Request a ride,com.ubercab,Travel,90c76ee2-bdc0-4a50-be83-b84c4cdf2b68,Ravi Singh,5,,nice trip,0,4.639.10000,2026-07-25T20:41:07,,
Uber - Request a ride,com.ubercab,Travel,65c8e565-3b43-414f-ae4e-4f87d5263eac,Aaisha Kataria,1,,no pick up,0,,2026-07-25T20:36:15,,
Uber - Request a ride,com.ubercab,Travel,f8d0dc49-f580-49ef-8894-9197d8483cf7,Limakatso Mei,5,,"very humble and kind, thank you 🙏",0,4.639.10000,2026-07-25T20:30:31,,
Uber - Request a ride,com.ubercab,Travel,fa22f862-9b9a-4dfc-bffc-a4f86cfc1558,Mohd Allay,5,,my trip was exclent i orderd a comfort car and i recevied out standing service and the car was luxury and new both driver and the car,0,4.639.10000,2026-07-25T20:22:46,,
Uber - Request a ride,com.ubercab,Travel,8eb85d81-674f-41dd-8bbf-0d2a836f1c75,Krishna Jain,5,,good,0,4.639.10000,2026-07-25T20:15:17,,
Uber - Request a ride,com.ubercab,Travel,2c447073-876e-4994-8ea9-540f81c89744,Souvik Maji,5,,very good,0,4.639.10000,2026-07-25T20:14:43,,
Uber - Request a ride,com.ubercab,Travel,0998f007-2a5f-4df2-96a4-380969fddf53,Md Yeamin,5,,nice app,0,4.639.10000,2026-07-25T20:13:51,,
Uber - Request a ride,com.ubercab,Travel,58b4efb9-b034-4648-8586-f393b9965256,Debasish Das,5,,all ok..but night price in high level....32rs debar chilo app theke...Ora 150 rs chaiche ...ei gulo nojor din ...biker chilo,0,4.639.10000,2026-07-25T20:12:22,,
Uber - Request a ride,com.ubercab,Travel,c2790f3a-fa4f-4e66-952a-d217e0122390,Sameer Sayyed,5,,best,0,4.639.10000,2026-07-25T20:08:47,,
Uber - Request a ride,com.ubercab,Travel,66eecdb4-33cb-44ea-93a9-29fc18558a5e,Julie Mitchell,5,,very good always on time and very friendly,0,4.639.10000,2026-07-25T20:08:27,,
Uber - Request a ride,com.ubercab,Travel,af7a26c6-1687-4142-bf47-b91c02f2a8cc,Hemraj Choudhary,5,,grate experience,0,4.639.10000,2026-07-25T20:07:43,,
Uber - Request a ride,com.ubercab,Travel,fe57fc4d-cf5e-4609-8b2d-e50d67e083f3,Heitor Bonfim,1,,"Que experiência ruim!! a gente vai confirmar a identidade e não funciona, nem com CNH, e ainda bloquearam meu acesso ao aplicativo sem qualquer motivos, não tenho antecedentes criminais nem nada!! Não recomendo esse lixo!! Que injustiça",0,4.639.10000,2026-07-25T20:06:46,,
Uber - Request a ride,com.ubercab,Travel,883915f2-c50b-4f7a-bb61-3f624106185e,sathvik jaldesh,1,,"No proper system Fares changes accordingly which is total scam,Very Disgusting, ola is much better than this thing",0,4.639.10000,2026-07-25T20:06:45,,
Uber - Request a ride,com.ubercab,Travel,e963143f-0897-422a-95ed-4d479f574433,Shahnwaz Alam,5,,good app,0,4.639.10000,2026-07-25T20:05:27,,
Uber - Request a ride,com.ubercab,Travel,a7fef388-d194-48e5-a167-98c3890eda12,YASH PRASAD,4,,571 ka ride tha traffic is 741 Dena pada mujhe 172 extra Gaya Mera Aisa nahin karna chahie to aap log ko,0,4.639.10000,2026-07-25T20:04:11,,
Uber - Request a ride,com.ubercab,Travel,5fdcb6fc-7004-4450-8bc4-fe3f58a159ed,Amro Alwasseif,1,,سيء جدا,0,4.639.10000,2026-07-25T20:03:17,,
Uber - Request a ride,com.ubercab,Travel,5928550f-156e-4439-967a-098d25fcc0e6,Sujeeva Premaratne,5,,So far so good!,0,4.639.10000,2026-07-25T19:59:49,,
Uber - Request a ride,com.ubercab,Travel,9e9f7f9a-56a9-4ca0-9821-95d489799f87,Michelle Meads,5,,"Good ride, got us home and nice to talk too",0,4.622.10002,2026-07-25T19:55:45,,
Uber - Request a ride,com.ubercab,Travel,77bc32e2-f4eb-46d7-a7a5-00189279619d,Echo Das,5,,"easy to navigate,excellent drop-off specially at the airport",0,4.639.10000,2026-07-25T19:53:26,,
Uber - Request a ride,com.ubercab,Travel,7fc7782e-000c-46d2-a415-78478163718d,Schalk,5,,Excellent service...,0,4.639.10000,2026-07-25T19:47:56,,
Uber - Request a ride,com.ubercab,Travel,03eda777-438b-4322-8125-cbc8dd182637,Codrut Georgian,5,,verry good company,0,4.639.10000,2026-07-25T19:40:36,,
Uber - Request a ride,com.ubercab,Travel,89179c0b-c988-44ef-927c-627c12ee868a,Derry Barnes,5,,"on time,polite and helpful 👌",0,4.629.10001,2026-07-25T19:40:07,,
Uber - Request a ride,com.ubercab,Travel,9c819646-a185-40f4-ae14-5c49db0a36b7,Ms. shaikh,5,,good,1,4.639.10000,2026-07-25T19:34:44,,
Uber - Request a ride,com.ubercab,Travel,298a6f1e-4d55-47c6-8276-83cdf7068b34,kiran kumar,5,,twentastik,0,4.639.10000,2026-07-25T19:30:59,,
Uber - Request a ride,com.ubercab,Travel,cecdd750-3836-458b-bd49-bb9999e44e71,Azam Ali,5,,best journey,0,4.639.10000,2026-07-25T19:30:01,,
Uber - Request a ride,com.ubercab,Travel,41f9c55f-6ea5-4e74-be47-e8fdbadb9485,Andre Willemse,5,,cool,0,4.639.10000,2026-07-25T19:28:54,,
Uber - Request a ride,com.ubercab,Travel,cf20da70-a587-46de-873a-3c2de094ee9e,Draco Priest,5,,splendid,0,4.639.10000,2026-07-25T19:23:17,,
Uber - Request a ride,com.ubercab,Travel,103d4d81-33d1-4690-a669-ae4ede790516,koyel santra,5,,nice,0,4.639.10000,2026-07-25T19:18:30,,
Uber - Request a ride,com.ubercab,Travel,b9583996-cae3-4721-8885-0d879a654027,Haresh Mer,5,,good app,0,,2026-07-25T19:15:35,,
Uber - Request a ride,com.ubercab,Travel,9c0b6c86-2dfc-47b4-be18-15b0d9c91c48,Heba Abdel haleem,5,,perfect,0,4.639.10000,2026-07-25T19:11:59,,
Uber - Request a ride,com.ubercab,Travel,98ea1769-246d-4e70-b781-66c96a9f8692,pawan prajapati,5,,very nice,0,4.639.10000,2026-07-25T19:03:54,,
Uber - Request a ride,com.ubercab,Travel,a3768df6-e358-4bab-b248-c619a90b5197,Suman Mahak,5,,ride good,0,4.639.10000,2026-07-25T19:00:10,,
Uber - Request a ride,com.ubercab,Travel,cc353bd2-7dd8-4b1e-bb0d-f2e8c6b3d6ae,Khushi Pawar soni,5,,great work,0,,2026-07-25T18:55:25,,
Uber - Request a ride,com.ubercab,Travel,50458cb4-66c7-43e7-8280-649926594873,Bharat Singh OLI,5,,very nice 👌,0,4.639.10000,2026-07-25T18:49:00,,
Uber - Request a ride,com.ubercab,Travel,bcb19934-66c7-4d08-a49c-2ac730fca52f,Samar Ibraheem,5,,very excellent,0,4.639.10000,2026-07-25T18:47:04,,
Uber - Request a ride,com.ubercab,Travel,fe488b56-99bc-4a76-93e5-0c3824814ec0,Vijay Jadhav,5,,nice,0,4.639.10000,2026-07-25T18:42:28,,
Uber - Request a ride,com.ubercab,Travel,45a7fdff-f9ca-4f50-8261-5487126f1deb,Taufique Rahman,1,,Very bad app fraud,0,4.601.10001,2026-07-25T18:41:51,,
Uber - Request a ride,com.ubercab,Travel,96619c0e-1c90-413b-b683-378cbf4b5d2f,Papa Kat,5,,great service,0,4.639.10000,2026-07-25T18:39:37,,
Uber - Request a ride,com.ubercab,Travel,14c49aa5-ec06-484c-96bb-83f5b917ad22,Georgina Namanya,5,,excellent,0,4.639.10000,2026-07-25T18:37:49,,
Uber - Request a ride,com.ubercab,Travel,7f740dc2-f9b0-432f-b426-5abe81dd4ce3,Steve McCaffrey,1,,no way to contact support,0,,2026-07-25T18:37:38,,
Uber - Request a ride,com.ubercab,Travel,4a80b107-950e-4411-a38a-8c746de32d34,Shailessh kanth h.p,5,,nice,0,4.639.10000,2026-07-25T18:36:28,,
Uber - Request a ride,com.ubercab,Travel,c3ea7cbf-bc10-4368-b606-2f1f72c53b67,Kim Williams,5,,10/10 ride,0,4.639.10000,2026-07-25T18:34:40,,
Uber - Request a ride,com.ubercab,Travel,11717d57-b938-4e0f-bf81-8085ab6d18d7,Vishnu Abhi,1,,"“We are not just drivers, we are hardworking partners who keep Kerala moving. Respect drivers, support fair fares, and value our hard work. Together we can build a better future for every Uber driver.” “Behind every ride, there is a driver’s sweat, struggle and sacrifice. Fair pay is not a demand, it is a right. Stand with Kerala’s Uber drivers.”",0,4.639.10000,2026-07-25T18:30:09,,
Uber - Request a ride,com.ubercab,Travel,2fc6a835-982d-4f6c-a0ce-5beb696c5104,M Bya,5,,"very nice ride, country music playing made the drive relaxing. driver was very nice as well.",0,4.634.10003,2026-07-25T18:24:59,,
Uber - Request a ride,com.ubercab,Travel,ec364940-34b9-402c-9d09-9ffa407a3cb3,Haytham Tayle,1,,"Old cars, no AC in hot summer..",0,4.636.10000,2026-07-25T18:24:54,,
Uber - Request a ride,com.ubercab,Travel,ec5a6df3-5156-4358-b55f-697f9a0a0240,Vishal Chaurasiya,5,,Good 👍,0,4.639.10000,2026-07-25T18:22:59,,
Uber - Request a ride,com.ubercab,Travel,bb32ccaa-3360-467f-a3b5-bd30d66bb51d,B Ramu,5,,I love it low price raides,0,,2026-07-25T18:22:17,,
Uber - Request a ride,com.ubercab,Travel,2cdbe94e-082f-466f-a775-b45cb0ab1807,Arun Shriswal,5,,ossm,0,4.639.10000,2026-07-25T18:20:06,,
Uber - Request a ride,com.ubercab,Travel,84ecde12-66a1-4191-9032-6ca897dddbd7,Dilip Kumar Panda,5,,Driver etticacy,0,4.639.10000,2026-07-25T18:19:11,,
Uber - Request a ride,com.ubercab,Travel,390b49d9-65e2-427c-b3d8-cf033b98cb2f,Agnes Osoro,5,,the Uber driver is calm and car is comfortable kudos Eliud,0,4.639.10000,2026-07-25T18:18:52,,
Uber - Request a ride,com.ubercab,Travel,0511212f-fdf2-45bb-b984-21408bf005fd,NITIN TANEJA,1,,worst and pathetic service,0,4.639.10000,2026-07-25T18:14:47,,
Uber - Request a ride,com.ubercab,Travel,8bbc87f5-69fe-4605-b8db-d169fbde506a,Sagar Zinzala,4,,good,0,4.639.10000,2026-07-25T18:14:15,,
Uber - Request a ride,com.ubercab,Travel,2c628b9c-1a0b-4368-aaa2-880ef52a2639,Joseph Asante Phiri,5,,so amazing,0,4.632.10002,2026-07-25T18:14:07,,
Uber - Request a ride,com.ubercab,Travel,a6ab8524-b4b8-4290-bf64-a3b60640fcf3,Nancy Mberira,5,,good service,0,4.638.10003,2026-07-25T18:10:08,,
Uber - Request a ride,com.ubercab,Travel,ae77b405-0272-410a-a780-0f78cd40027c,Boi_ Mic_,5,,gud app,0,,2026-07-25T18:06:47,,
Uber - Request a ride,com.ubercab,Travel,76087a52-80a4-437b-b2d1-36f2ca5ba2be,Lalita Sain,5,,excellent,0,4.622.10002,2026-07-25T18:05:17,,
Uber - Request a ride,com.ubercab,Travel,f54122b7-7a74-4728-a433-6cbd0c58992b,Daniel McCormick,1,,"For some reason, and I have tried literally everything, the search bar is entirely gone from the Eats/Food side of things. I am just kind of baffled as to how Uber came to any sort of conclusion that removing a search function from an app where you are trying to find food options among thousands of choices was in any way something that wouldn't be just insulting to the users. Good lord, who in their right mind made that call?!?",0,4.639.10000,2026-07-25T18:01:19,,
Uber - Request a ride,com.ubercab,Travel,fab6ac1c-ad7d-4bbf-8315-058c51074a1d,Trouble,5,,nice,0,4.639.10000,2026-07-25T17:39:39,,
Uber - Request a ride,com.ubercab,Travel,e48f6fdd-0d4d-4698-be88-1d6fbac8493c,Shiv Sharma,5,,best service,0,4.639.10000,2026-07-25T17:36:38,,
Uber - Request a ride,com.ubercab,Travel,708fadf1-909a-4f3f-9d75-fc88a5f1bd54,vishnu vardhan reddy,5,,good,0,,2026-07-25T17:34:42,,
Uber - Request a ride,com.ubercab,Travel,e6617199-d14f-4f93-ae21-79f6ac91f5f7,SAIBORC GAME,5,,great,0,4.637.10003,2026-07-25T17:33:35,,
Uber - Request a ride,com.ubercab,Travel,cbdec91c-696e-423e-b864-e0081396777b,NAVEEN KUMAR S B,5,,ok,0,4.639.10000,2026-07-25T17:31:00,,
Uber - Request a ride,com.ubercab,Travel,28b13821-9ddf-45fc-bf91-a802d0cff20a,Rocky Kamat,5,,good ride,0,4.639.10000,2026-07-25T17:26:53,,
Uber - Request a ride,com.ubercab,Travel,35ead442-d9d5-41a3-9456-9d355b584c32,Biswarup ghosh,5,,best,0,4.639.10000,2026-07-25T17:25:58,,
Uber - Request a ride,com.ubercab,Travel,117a65e5-5eb2-41bf-9111-80cf61c5ff4d,Chandrashekhar Sawant,3,,बडीया,0,4.636.10000,2026-07-25T17:24:57,,
Uber - Request a ride,com.ubercab,Travel,5abad134-494e-45d7-8427-48c04fdfe704,Chetan Sonawane,5,,exellent,0,4.639.10000,2026-07-25T17:21:31,,
Uber - Request a ride,com.ubercab,Travel,47e5519e-551b-48ec-8b2e-5ac71c3c827a,Jyothi Vadapalli,4,,👍,0,4.639.10000,2026-07-25T17:16:47,,
Uber - Request a ride,com.ubercab,Travel,e0c194dc-047c-4480-8263-c1cc40aec777,Sanjay Kumar Singh,1,,Pathetic Service. Pathetic App experience. the fair shows in the apps are varied with they charged at the end. long waiting time. after cancellation the ride due to long wait they charged extract amount also.,0,4.639.10000,2026-07-25T17:10:57,,
Uber - Request a ride,com.ubercab,Travel,652e38cf-3beb-437a-a413-fdb82e542d5d,Ntombenhle Thombeni,5,,What a patient young man that guy was in treating me as a Pensioner Gogo! Bless him! 🙏,0,4.638.10003,2026-07-25T17:08:06,,
Uber - Request a ride,com.ubercab,Travel,b2bf2e73-d86c-4bfa-a6a3-4e1891ed231a,Mohd. Sajid Ahmed,5,,good service,0,4.639.10000,2026-07-25T17:02:58,,
Uber - Request a ride,com.ubercab,Travel,b83c41db-d93f-4e4c-a1cf-8fa655b8ad2a,Valsan K N,5,,👍,0,4.638.10003,2026-07-25T17:01:21,,
Uber - Request a ride,com.ubercab,Travel,6e828181-49ca-4e59-9430-a627268ca629,Anusha Ranathunga,4,,It was fast and good.,0,4.638.10003,2026-07-25T17:00:55,,
Uber - Request a ride,com.ubercab,Travel,69bad9db-52f0-4fc7-9947-d15dff01667b,Sarita Gupta,1,,"worst experience when tried first time, no driver came waited for more than 30min",0,,2026-07-25T16:59:20,,
Uber - Request a ride,com.ubercab,Travel,b5e91133-f25e-4d1d-bbf3-32a81e0a5942,Amin Ghanchi,5,,excellent,0,4.639.10000,2026-07-25T16:57:37,,
Uber - Request a ride,com.ubercab,Travel,48ca5db7-bedb-4e3d-aa16-c59277363561,Rahul Medi,5,,good and fast,0,4.639.10000,2026-07-25T16:56:25,,
Uber - Request a ride,com.ubercab,Travel,696118bb-e33b-4272-a85d-7f25a9beb2ab,Sandra Davison,5,,cheaper and quicker then local taxis,0,4.639.10000,2026-07-25T16:55:07,,
Uber - Request a ride,com.ubercab,Travel,e67e6f04-adc7-4b05-aef1-5dad169f018a,Lesley Dunderdale,5,,Lovely car and extremely friendly driver.,0,4.639.10000,2026-07-25T16:44:03,,
Uber - Request a ride,com.ubercab,Travel,c379b5e7-2a14-4e5a-a803-75a570165161,Robert Rickerby,5,,super efficient. Good driver. Well done.,0,4.639.10000,2026-07-25T16:40:42,,
Uber - Request a ride,com.ubercab,Travel,de5b3c5c-b488-45d7-bda1-1a2b9f5df475,"Raj Kumar (Raj,s)",1,,very poor and chip service by uber,0,4.639.10000,2026-07-25T16:38:45,,
Uber - Request a ride,com.ubercab,Travel,173bbb56-2a3a-4f40-ae24-b579933b839b,Raval Sunil,5,,supar,0,4.639.10000,2026-07-25T16:38:27,,
Uber - Request a ride,com.ubercab,Travel,690cba75-e92c-40c3-b6a8-84bacef29a85,yogesh kandpal,5,,wonderful ride with Uber,0,4.639.10000,2026-07-25T16:37:12,,
Uber - Request a ride,com.ubercab,Travel,5079f82c-0b13-4cbe-8dbc-d66f773f32bc,mohamed sayad,1,,bad customer service,0,4.639.10000,2026-07-25T16:30:21,,
Uber - Request a ride,com.ubercab,Travel,4515a56c-0eff-48a9-9a01-d0ac9fdb6b69,Shashi kala,5,,good,0,4.639.10000,2026-07-25T16:25:43,,
Uber - Request a ride,com.ubercab,Travel,1f8d83fd-9e91-4d85-893a-3803328e0b7b,Adem Mujagic,1,,Sometimes unreliable,0,4.639.10000,2026-07-25T16:22:56,,
Uber - Request a ride,com.ubercab,Travel,4367ff25-1256-47fc-b80c-20eabc1e9339,Angel,1,,"Today I booked first ride for Uber parcel cost was showing 75..Then later charged 35.both the payment I paid online on Uber app.But still the driver Shashikumar asked me for 150 inr for payment, he said payment not received u need to pay, and the payment done on app u will get refund.. So I paid him.After having conversation with Uber help they are saying we cannot to anything as u paid to driver.. Uber is not responsible for that,will not get the refund. Driver is fraud, do not book, be alert..",0,4.639.10000,2026-07-25T16:13:36,,
Uber - Request a ride,com.ubercab,Travel,28abcae9-fd88-45e7-872c-a799d75ef465,Ijas Sidhique,5,,👍🏽,0,4.634.10003,2026-07-25T16:12:32,,
Uber - Request a ride,com.ubercab,Travel,4e748773-6e5d-4560-a5cf-6d5205497b98,Neelam Joshi,4,,very good and comfortable app,0,4.639.10000,2026-07-25T16:11:56,,
Uber - Request a ride,com.ubercab,Travel,d77ed322-6acc-4d7b-b726-fbe0f9b60fb4,A D,5,,Had a glitch in the system for about two weeks where I couldn't use uber- but otherwise always excellent,0,4.639.10000,2026-07-25T16:09:52,,
Uber - Request a ride,com.ubercab,Travel,90d16f03-9814-4521-92ec-d89f38fdc23b,Shahin Qaiser,5,,easy to travel with uber,0,4.639.10000,2026-07-25T16:06:27,,
Uber - Request a ride,com.ubercab,Travel,cabe8efb-658e-4164-ac47-3ac760179c76,Md Waqas,5,,nice,0,4.639.10000,2026-07-25T15:59:12,,
Uber - Request a ride,com.ubercab,Travel,82c3c8d1-5552-443c-8172-d0df5712fd78,Mohammad Janbaz Shaikh,5,,good 👍,0,4.639.10000,2026-07-25T15:56:54,,
Uber - Request a ride,com.ubercab,Travel,d9ddca01-60e3-459b-be00-940a094aafe6,Ntombenhle Makhoba,5,,amazing rides and easy to use,0,,2026-07-25T15:53:37,,
Uber - Request a ride,com.ubercab,Travel,b457efbe-eff9-42cf-b505-d632ef03486a,Sarita choudhary,5,,very nice,0,4.639.10000,2026-07-25T15:47:30,,
Uber - Request a ride,com.ubercab,Travel,94301047-9bc7-4778-b874-9de0b9fec870,Mathew Foot,5,,best service great driver,0,4.639.10000,2026-07-25T15:46:15,,
Uber - Request a ride,com.ubercab,Travel,64981202-a67f-4bcd-9f73-1313d26f68e9,Faith Peter,1,,I was charged for goods which were never delivered,0,,2026-07-25T15:34:47,,
Uber - Request a ride,com.ubercab,Travel,397b1d73-875e-4648-9ee2-a637709512f3,DEEPA G,5,,good traveled,0,4.639.10000,2026-07-25T15:33:54,,
Uber - Request a ride,com.ubercab,Travel,f8ee6cef-6dbd-482e-bb69-426d5a2bb58f,Saif Akram,5,,good,0,4.639.10000,2026-07-25T15:27:51,,
Uber - Request a ride,com.ubercab,Travel,8e16522a-9cfa-4f4c-9d36-af5242799915,Qwerts,1,,drivers are theives used uber package and the driver stole it dont use this service,0,,2026-07-25T15:27:32,,
Uber - Request a ride,com.ubercab,Travel,3d010acd-414a-41fd-96c0-ce40ad183281,kiwi hybrid,5,,fast,0,4.639.10000,2026-07-25T15:25:26,,
Uber - Request a ride,com.ubercab,Travel,9ecf92cd-62c1-41f1-ae89-0c61f3205474,Dinesh Meena,5,,safe derive,0,,2026-07-25T15:23:37,,
Uber - Request a ride,com.ubercab,Travel,1e1c8d48-c793-4dba-ac92-0dd739014bcb,Jewel Ahmed,5,,good,0,4.639.10000,2026-07-25T15:21:27,,
Uber - Request a ride,com.ubercab,Travel,24280488-a5b2-4c1b-8cde-9e94db985926,Sana Khan,5,,excellent,0,4.639.10000,2026-07-25T15:19:59,,
Uber - Request a ride,com.ubercab,Travel,85c065f6-033e-43f7-b91d-b267fdabc0fa,mrfiroj _singer,5,,nice,0,4.639.10000,2026-07-25T15:18:49,,
Uber - Request a ride,com.ubercab,Travel,0da53c1a-0cc2-46b1-b239-c73be0dadb99,Hariom singh,5,,bahut achha sarvise,0,4.639.10000,2026-07-25T15:17:41,,
Uber - Request a ride,com.ubercab,Travel,373316c8-b960-4d93-b74a-faa00b1f3e2d,Pabathi Adithya,5,,Good 👍,0,4.638.10003,2026-07-25T15:15:38,,
Uber - Request a ride,com.ubercab,Travel,f33f6c06-57c4-40aa-963b-f449b2038622,Neeraj Giri,5,,good to use,0,4.639.10000,2026-07-25T15:14:41,,
Uber - Request a ride,com.ubercab,Travel,e9e03c94-0fa1-4009-a726-ab9dc4a59331,Srikanth,5,,super 👌,0,4.639.10000,2026-07-25T15:14:02,,
Uber - Request a ride,com.ubercab,Travel,d21ab990-a9fa-4013-80fd-b72ab62201c8,om g,1,,I've never seen such pathetic customer support ever in my life its been hours and hours I'm not getting Any reply and there is no way to resolve the query on phone..I'm deleting this pathetic app after using it for years I'll suggest u to download ola or rapido instead or if not walking towards your location would be better than using this pathetic app,0,4.639.10000,2026-07-25T15:05:25,,
Uber - Request a ride,com.ubercab,Travel,3a868ace-000d-444a-832d-e7c367e5ea3e,ASHA,4,,"My driver for the trip today in Kochi, Mr. Romeo, was polite n well mannered. Appreciate his attitude n smooth driving too.",0,4.639.10000,2026-07-25T15:04:45,,
Uber - Request a ride,com.ubercab,Travel,b45f9fc0-8997-4828-b1db-a4136a5ac5fa,Vinay Patil,5,,very nice service ❤️😊👍,0,4.639.10000,2026-07-25T15:02:17,,
Uber - Request a ride,com.ubercab,Travel,2ae439d7-068b-4f68-9656-65be2a14ad7c,Vaishali Kashyap,1,,"This app is disgusting. The drivers are untrained, the vehicles are different from what is shown, and the drivers are drunk while driving. Yet, there is no helpline number to support the riders. Don't use this app.""",0,,2026-07-25T15:01:36,,
Uber - Request a ride,com.ubercab,Travel,f3959948-aab5-453e-b435-c4c8481a931f,Pauline Hartley,5,,"good experience. first time I've used uber and app. car came in good time, car was clean, driver pleasant and friendly.",0,4.639.10000,2026-07-25T15:01:08,,
Uber - Request a ride,com.ubercab,Travel,c3bc70a7-2249-4b6c-947a-043bf3ea7475,Bichitra Boruah,5,,good,0,4.639.10000,2026-07-25T14:59:37,,
Uber - Request a ride,com.ubercab,Travel,6ee20900-beb9-4a89-a135-eb12dca022a2,Akshy Kumar,1,,if your driver's can cancel the ride after 15 minutes of waiting you deserve 0 star,0,4.639.10000,2026-07-25T14:59:33,,
Uber - Request a ride,com.ubercab,Travel,b386860a-fe8a-47c5-8169-2741adee7e8f,godfrey nyameyio,5,,Good services,0,,2026-07-25T14:57:38,,
Uber - Request a ride,com.ubercab,Travel,95a825dd-e112-40db-b8ce-1338a7e597b9,Henry Anthony,5,,great app to use,0,4.639.10000,2026-07-25T14:54:28,,
Uber - Request a ride,com.ubercab,Travel,f20048a8-ba68-456e-80e0-0795efeb8565,K. Ad,1,,"the application forces me to rate the drivers and makes it not possible to use without rating the last guy, very annoying",0,4.639.10000,2026-07-25T14:48:03,,
Uber - Request a ride,com.ubercab,Travel,bcb03261-a549-4c94-9628-5ad2cb721610,Delbert Smith,5,,"very courteous, easy to talk too ask for Dwayne super driver@",0,4.639.10000,2026-07-25T14:47:45,,
Uber - Request a ride,com.ubercab,Travel,888292fd-0929-46aa-9f04-145af70d6abc,Dineshkumar Sekar,5,,excellent,0,4.639.10000,2026-07-25T14:47:18,,
Uber - Request a ride,com.ubercab,Travel,05baed68-47ec-4560-a700-68e4b7f8b9e1,Gita Dive,5,,Best amongst all,0,4.639.10000,2026-07-25T14:42:01,,
Uber - Request a ride,com.ubercab,Travel,d3591214-2bd5-43b6-8bf0-550f8bea7c4b,Subhash Joshi,1,,i have waited half and hour not responding don't working,0,4.639.10000,2026-07-25T14:37:51,,
Uber - Request a ride,com.ubercab,Travel,b09764a4-f51f-4295-8ffd-0c27d784e475,Arisha Islam,5,,good driver,0,4.639.10000,2026-07-25T14:33:27,,
Uber - Request a ride,com.ubercab,Travel,a9885ffa-90dc-4af5-8e85-e229ff64e956,HARIKA RATHNAM MUDILI,2,,Day by day it's getting worst,0,4.639.10000,2026-07-25T14:32:35,,
Uber - Request a ride,com.ubercab,Travel,06162e2c-e549-4e48-8bdf-0cc0ec35eac5,Pronita Kumari,5,,love it,0,4.639.10000,2026-07-25T14:28:17,,
Uber - Request a ride,com.ubercab,Travel,1fe896d0-0e00-4a77-96bb-fc069820ec5b,William Reble,5,,safe and friendly driver,0,4.639.10000,2026-07-25T14:25:27,,
Uber - Request a ride,com.ubercab,Travel,0b912ad0-84cf-400a-b189-9b038e28821b,justin haynes,5,,ta bueno,0,,2026-07-25T14:23:59,,
Uber - Request a ride,com.ubercab,Travel,c3f9aa85-e5bc-477e-b9cc-60b52f4fc9e1,Bhaskar Hazarika,4,,ok,0,4.639.10000,2026-07-25T14:20:06,,
Uber - Request a ride,com.ubercab,Travel,1e92ea27-f4cd-4986-9590-13840069ae5b,Muskan Muskan,5,,great service love it,0,4.639.10000,2026-07-25T14:14:05,,
Uber - Request a ride,com.ubercab,Travel,99e69fe6-f10d-4612-852c-d4186105b312,Patrick Johnston,5,,Lovely man. Very smooth and easy ride home from the Airport,0,4.639.10000,2026-07-25T14:11:21,,
Uber - Request a ride,com.ubercab,Travel,16a1d0f7-203c-4b24-8f17-ecd37e06fdb8,Pieter Veldsman,5,,Nice ride!,0,4.639.10000,2026-07-25T14:05:34,,
Uber - Request a ride,com.ubercab,Travel,e97b33f3-d021-404c-abc7-20d41d8d9af6,Pratik Katariya,5,,Great experience 👍🏻,0,4.639.10000,2026-07-25T14:01:33,,
Uber - Request a ride,com.ubercab,Travel,793affa0-9a42-42bf-bc84-70c558aca042,Jasmine Van-Doh,5,,comfortable and the driver had good driving skills,0,4.638.10003,2026-07-25T13:58:02,,
Uber - Request a ride,com.ubercab,Travel,fbdb001f-b875-463a-8806-af8ac60d28ca,Hemendra Jethva,5,,very good,0,4.634.10003,2026-07-25T13:54:03,,
Uber - Request a ride,com.ubercab,Travel,ddc3ae4e-ad80-437e-bcb6-dab7fb9150cb,Md Nahid,5,,good,0,4.639.10000,2026-07-25T13:49:48,,
Uber - Request a ride,com.ubercab,Travel,ecd32d97-aa80-40bf-b623-0116f6eb1d25,Rukhsar Khan,1,,always on waiting...the drivers are always asking for extra money ...uber needs to act on this...I have given feedback several times but nothing changes,0,4.639.10000,2026-07-25T13:49:09,,
Uber - Request a ride,com.ubercab,Travel,f887acf2-774b-4b85-9c99-f610b341a561,Sahil Khan,4,,very good ride,0,4.639.10000,2026-07-25T13:47:21,,
Uber - Request a ride,com.ubercab,Travel,b348de09-c32a-410d-be3c-061144c95316,manaf majid,1,,very bad experience... don't use this app,0,4.639.10000,2026-07-25T13:40:12,,
Uber - Request a ride,com.ubercab,Travel,a32d8661-e474-44a8-93ce-c58f28b60257,Ahmad Ibrahim,5,,okay,0,4.639.10000,2026-07-25T13:35:14,,
Uber - Request a ride,com.ubercab,Travel,b64dc5f7-37d6-402d-82d6-49a18961c6d6,Enis,1,,Almadığınız sürüş için bile sizden para kesen rezalet bir uygulama,0,4.639.10000,2026-07-25T13:32:40,,
Uber - Request a ride,com.ubercab,Travel,011c1dd5-57e5-4158-9081-fdf8bb7fc79c,Surabhi Nayak,4,,excellent work,0,4.639.10000,2026-07-25T13:32:39,,
Uber - Request a ride,com.ubercab,Travel,0644127f-e796-4e49-a40e-2fe811a04193,Reeya lepcha,5,,"I've been using Uber for over 3 years, and it's been a great experience. It has helped me a lot with daily travel, and whenever I've had an issue, it was resolved quickly. I especially appreciate the improved cancellation policy. Earlier, customers were charged even when drivers asked them to cancel or canceled after making them wait. That's no longer the case, making Uber much fairer and more reliable. Love using it!",0,4.639.10000,2026-07-25T13:31:37,,
Uber - Request a ride,com.ubercab,Travel,55da74e7-eddd-4f8f-a19e-f0ab06aaa8a6,Nandan Lande,5,,best,0,,2026-07-25T13:24:32,,
Uber - Request a ride,com.ubercab,Travel,859e73b9-46e6-4a6e-a73d-e591cd08fb8d,khaim chand prajapati,5,,nice,0,4.639.10000,2026-07-25T13:18:29,,
Uber - Request a ride,com.ubercab,Travel,a3e43427-939a-493a-928b-83b47ec32b72,Divya Singh,5,,gud experience,0,4.639.10000,2026-07-25T13:16:48,,
Uber - Request a ride,com.ubercab,Travel,419adfb7-3222-47e4-a642-a9bb66349a98,amal shaji,5,,good,0,4.639.10000,2026-07-25T13:16:46,,
Uber - Request a ride,com.ubercab,Travel,3e2a114f-2fcb-4dfb-ac17-5e5aebe921df,Rama Sharma,5,,good service,0,4.639.10000,2026-07-25T13:16:44,,
Uber - Request a ride,com.ubercab,Travel,e0998d1d-0da2-4271-91e8-381d78b6d661,Nirmal mansingh,1,,cheapless service driver ride lene ke bad ata bhi nahi hai location fraud hai uber wale,0,4.638.10003,2026-07-25T13:15:45,,
Uber - Request a ride,com.ubercab,Travel,3615ad91-9e9b-452f-aa55-c1aa2e698291,Tony Shafer,1,,"WORST COMPANY EVER!!!! SWITCHING TO LYFT IMMEDIATELY!!!! Forgot my phone in backseat of Uber. Can't log in to account because all verification codes go to phone I left in car. Can't reset password without access to either email or text message code. Again, both go to phone in car. Can't get customer service on the phone EVER. Instructed to fill out acct recovery form. 24-48 hr approval time. Can't access bank accounts to unlock debit card, so can't access money, so can't get to work tomorrow!",0,4.639.10000,2026-07-25T13:14:54,,
Uber - Request a ride,com.ubercab,Travel,934aca78-52cd-41e8-9e59-0ed8f0dc14cb,Honey Ebert,1,,price gouging is trashy. I'm just gonna by a car with how much I'm paying per month... update it went from a 2 to a 1 star and I'm going to say they were slow on a group of 4 apparently stealing my ride after work and the AI WAS Slow. NO PERSON TO CALL including the driver. hate this app with a passion,1,4.633.10001,2026-07-25T13:10:43,,
Uber - Request a ride,com.ubercab,Travel,1aec2ad9-0794-4682-aa03-91656b3edf11,Victorious Gaming,5,,nice,0,4.639.10000,2026-07-25T13:10:25,,
Uber - Request a ride,com.ubercab,Travel,fb5df88a-5ba5-4028-913f-31caa4f95f6e,Syed shabaz Hussain,1,,"day by day uber ride is becoming worst because...i have booked uber and the driver took me long route amount was only 330 somthing and by taking long route after, coming to destination it shows 450 what the hell is this always amount fluctuate and then it also shows 20 percent off. i have never got offer by booking it. uber team make prices reasonable dont put your amount. i am giving 1 star there is no option for 0 thats why. give offers and also put resonable prices for the trip.",1,4.639.10000,2026-07-25T13:08:11,,
Uber - Request a ride,com.ubercab,Travel,bc626b5b-64a8-4809-b146-54d7e184cd76,Deidre Rigdon,5,,fun and good.,0,4.639.10000,2026-07-25T13:08:09,,
Uber - Request a ride,com.ubercab,Travel,27ff725a-0e75-4108-8e30-09d156fffa02,Nayab Meer,5,,nice,0,4.639.10000,2026-07-25T13:06:23,,
Uber - Request a ride,com.ubercab,Travel,b6091fc3-9734-43ef-9196-a9ae17b4c535,Adharsh S,5,,Travel more pay less🙏🙏,0,4.634.10003,2026-07-25T13:05:25,,
Uber - Request a ride,com.ubercab,Travel,4c403246-85c6-448c-9927-a8f4923a036b,Raju vasa,5,,good,0,4.639.10000,2026-07-25T13:02:17,,
Uber - Request a ride,com.ubercab,Travel,1c0ad4d3-ae9e-4305-8ad3-7940d58792cf,Manish Rawat,5,,"⭐⭐⭐⭐⭐ Excellent app! Booking a ride is quick and easy. The interface is user-friendly, drivers are professional, and the rides are safe and comfortable. The fare is transparent, and customer support is helpful. Highly recommended!",0,4.639.10000,2026-07-25T13:00:05,,
Uber - Request a ride,com.ubercab,Travel,5595d878-2ff3-4978-b2c8-b2fa0f51ce9b,Arjun Mukherjee,5,,very clean vehicle,0,4.639.10000,2026-07-25T12:56:27,,
Uber - Request a ride,com.ubercab,Travel,9ee370da-7412-4c74-9df5-136de198a92b,Preetham R,1,,I booked a ride to destination A and the driver tells he will take me to destination B.,0,4.638.10003,2026-07-25T12:55:58,,
Uber - Request a ride,com.ubercab,Travel,b96d7637-246e-4c36-89a6-b199d4fadb48,Nasir Nalado,5,,very relyable,0,4.639.10000,2026-07-25T12:52:46,,
Uber - Request a ride,com.ubercab,Travel,55d932aa-f577-4542-8045-665b7419e13b,Dyed Esatasor,5,,very accommodating and very cheap price..,0,4.639.10000,2026-07-25T12:52:39,,
Uber - Request a ride,com.ubercab,Travel,a6a40b67-47b5-4f1e-9fdd-645c84fef7fe,Kerala Tiger,1,,very bad experience no one pick up my request.i Wai long time.very bad service. no one use this app waste your time that's all,0,4.639.10000,2026-07-25T12:50:50,,
Uber - Request a ride,com.ubercab,Travel,c8dfd29c-ae07-4d73-b235-4eb89b78b638,Maanya Sharma,1,,"It shows less amount for me but more amount for the driver, this creates alot of misunderstanding, hope this improves",0,4.639.10000,2026-07-25T12:47:37,,
Uber - Request a ride,com.ubercab,Travel,a70ec7ed-cee3-4d14-8394-ebb0e824e686,David “Beebo” Martin III,2,,"I attempted to purchase a ride and after 3 attempts each resulted in a failure stating no available drivers. However, each successive attempt resulted in an additional authorization hold from my debit card, which then takes 5 to 10 days to be returned to my account. this left me penniless, without transportation or food and 3 days walking distance from home because Uber continue to place separate new holds and search for drivers each time even without drivers being available to begin with.",0,4.639.10000,2026-07-25T12:47:28,,
Uber - Request a ride,com.ubercab,Travel,720bcf8b-7640-4a44-8239-aacfcf81c968,Mehul Solanki,5,,very Good Sevice,0,4.634.10003,2026-07-25T12:45:04,,
Uber - Request a ride,com.ubercab,Travel,3be1e258-cdb0-4617-bf4a-9d1654bdc3fb,Rudra Joshi,1,,I would give this application 1 star because the driver asked me for extra money; it is really bad—don't download it.,0,,2026-07-25T12:42:15,,
Uber - Request a ride,com.ubercab,Travel,aad29878-13ca-4fec-8b32-d185b47f2fa7,Arunima karthu Ak,5,,very good experience. and safe,0,4.639.10000,2026-07-25T12:41:39,,
Uber - Request a ride,com.ubercab,Travel,944c44b8-cf7e-471b-b773-11b196e6bb78,shariful islam,5,,good,0,4.639.10000,2026-07-25T12:37:44,,
Uber - Request a ride,com.ubercab,Travel,eb485dba-e65d-462e-9a11-7d492a997d52,Raktim Saha,2,,become worst whenever I book my ride I always have to increase the amount otherwise it is not accepted.,0,4.639.10000,2026-07-25T12:36:45,,
Uber - Request a ride,com.ubercab,Travel,4da390a4-afd3-41e3-8444-34663bda45fb,Vikas Kumar Mathur,5,,"Fast service, No calling to the driver for pickup and safe driving.",0,4.639.10000,2026-07-25T12:36:26,,
Uber - Request a ride,com.ubercab,Travel,19d263fb-4ff7-4291-bb2f-bba340a7b228,Anil Rajbhar,3,,some time you charge more then estimate,0,4.639.10000,2026-07-25T12:32:44,,
Uber - Request a ride,com.ubercab,Travel,14d02816-0bf7-405f-bc50-c516c314108f,chandan kuldip,4,,app should do a better at navigational points. directions update and regarding pickup up and dropof options,0,4.639.10000,2026-07-25T12:22:00,,
Uber - Request a ride,com.ubercab,Travel,a74c112e-d150-4e0d-be60-356952b29cd8,Hard Times,5,,Favorite Food and Ride App,0,4.639.10000,2026-07-25T12:17:55,,
Uber - Request a ride,com.ubercab,Travel,4b77a516-658e-4e9b-9f82-532579c79e24,Amol Pagare,4,,good,1,4.639.10000,2026-07-25T12:15:29,,
Uber - Request a ride,com.ubercab,Travel,1f3c6e2d-030b-40f8-9d81-0939d7e752a1,Anastasia,5,,good,0,4.639.10000,2026-07-25T12:11:54,,
Uber - Request a ride,com.ubercab,Travel,b6caf434-224c-471e-a4ca-a92637b15acf,Arjun Kumar,5,,very nice 👍,0,4.639.10000,2026-07-25T12:11:37,,
Uber - Request a ride,com.ubercab,Travel,10b0ea78-6976-4f2b-9222-3156147204e9,ABIODUN OMOYENI,5,,So reliable and dependable,0,4.639.10000,2026-07-25T12:11:37,,
Uber - Request a ride,com.ubercab,Travel,5c6b6b3b-f2ba-4c6e-8cf8-a0627f90c1b4,MAHENDRA SOLANKI,5,,👍😊😊😊😊😊,0,,2026-07-25T12:11:03,,
Uber - Request a ride,com.ubercab,Travel,f48c7f73-ecdd-440f-a303-f9cb58f4609d,Marcus Lopes,5,,our driver was very friendly,0,4.639.10000,2026-07-25T12:09:02,,
Uber - Request a ride,com.ubercab,Travel,bf66fff1-4cb9-4cf2-9857-8d2b65d87cf2,pradeep verma,5,,nice rate nd services,0,4.639.10000,2026-07-25T12:05:25,,
Uber - Request a ride,com.ubercab,Travel,9cf5f2f2-3bf1-49db-ac70-3d9d881fc4e4,Gopal M Tapariya,5,,Nice 👍,0,4.639.10000,2026-07-25T11:55:23,,
Uber - Request a ride,com.ubercab,Travel,08e27a28-21db-47a1-858f-62b4e2ba19b5,Andrew Chatman,5,,always on time and have had friendly drivers,0,4.639.10000,2026-07-25T11:51:11,,
Uber - Request a ride,com.ubercab,Travel,cb330412-6a22-47c1-bcf4-8a241c389837,John Nagy,5,,awesome,0,4.639.10000,2026-07-25T11:46:05,,
Uber - Request a ride,com.ubercab,Travel,e6d246bb-69d3-4a4e-98eb-98799dfb5c3e,nDAAN RICHARD,5,,excellent,0,4.639.10000,2026-07-25T11:44:23,,
Uber - Request a ride,com.ubercab,Travel,ae068dcb-2739-423e-96fe-ee45f30081c7,Venkata Sesha Sai Chigurupati,3,,"Some Riders Called me and asked me ""how much amount showing in your Uber app"". If I told them then they asked to cancell the ride or sombodies delayed to reach me or stop the reach without cancellation. This is the Main Problem .",0,,2026-07-25T11:39:51,,
Uber - Request a ride,com.ubercab,Travel,f45d4768-5135-4278-bd5a-c5dada30cb83,Julie Egan,1,,"2026. editing my review to say Uber continues to suck. I have tried and tried to cancel my account and they just won't do it. I looked up a ride and got charged $5... why?? customer service sucks, don't ever expect to actually speak to anyone and they will 100% not resolve any issues! 2018...Can't get ahold of customer service for the life of me. I have a friend who lost a phone in the uber they ordered and no way to get ahold of them",1,4.634.10003,2026-07-25T11:37:38,"Hi, we understand your concern here. For lost items, please visit http://ubr.to/1Xr8SeC . If you have any further queries, reach out to us at t.uber.com/contact and we'll follow up with you.",2018-07-26T15:52:49
Uber - Request a ride,com.ubercab,Travel,fb03d953-7cbb-460a-bd30-f01ffad0ac68,Jirikel Debbarma,5,,good 👍,0,4.639.10000,2026-07-25T11:35:31,,
Uber - Request a ride,com.ubercab,Travel,ef63c936-6756-41a7-987a-d18f6ebad610,Awad,3,,"to expensive, normal ratings 3.5...thats what I would give Uber or Lyft all day long, but i don't want to hurt the driver s ratinds,because they work hard Uber and Lyft rob the blind sad anyway to get rich and there investors keep happy",0,4.634.10003,2026-07-25T11:35:18,,
Uber - Request a ride,com.ubercab,Travel,9416ff17-eb3e-48ac-b85a-c798e6e40084,vinay kumar,1,,"It's very unfortunate that Uber-like companies have to see their downfall just because of their policy... The driver didn't come to pick me up, he had cancelled the request after some time but the penalty i have to pay. is this a justice? it happened many times",0,4.639.10000,2026-07-25T11:24:51,,
Uber - Request a ride,com.ubercab,Travel,a032a1cc-16df-4762-b20e-69d86ae1770f,Aparna Barua,1,,"they're asking for 32 rupees charge when the driver themself asked us to cancel the trip, why should I pay the extra charge when the driver himself told us to cancel the trip? this is ridiculous, pls fix this this",1,4.639.10000,2026-07-25T11:21:02,,
Uber - Request a ride,com.ubercab,Travel,6506faee-a3c4-4d86-a6dd-ffd8f9fae62e,Noxie Mama we boys Msutu,5,,excellent service oko,0,4.639.10000,2026-07-25T11:17:51,,
Uber - Request a ride,com.ubercab,Travel,6d667343-5046-4990-93f9-b4cf66e2f419,Rich-Love,5,,Great and fast,0,4.639.10000,2026-07-25T11:17:18,,
Uber - Request a ride,com.ubercab,Travel,d6b03e75-5d07-4f7a-94f5-7c110c7157e0,Saraswati,5,,very good,0,,2026-07-25T11:17:17,,
Uber - Request a ride,com.ubercab,Travel,9e2a6368-e343-411e-a0b7-4c420186c819,Ralph Arnold,5,,price was fair and my rides response time was on point being a few minutes sooner than the calculated eta at the time of scheduling my pick up.,0,,2026-07-25T11:16:19,,
Uber - Request a ride,com.ubercab,Travel,bb55c134-d03a-4140-91dc-c11b9ce5954f,mervyn dirckze,5,,"I downloaded the app, booked my first trip, tuk arrived in less than 2 minutes and I was at my destination in no time. all this took about 5 minutes. the driver was really good. thank you",0,4.639.10000,2026-07-25T11:16:16,,
Uber - Request a ride,com.ubercab,Travel,241c8531-9933-419f-b826-04c2a3fcf3dd,Md.Tanvir Mahatab,5,,Nice,0,4.637.10003,2026-07-25T11:05:27,,
Uber - Request a ride,com.ubercab,Travel,f69e88ec-f696-41b3-a51c-4387e96d320b,Sai Krishna,4,,uber is best,0,4.639.10000,2026-07-25T11:04:17,,
Uber - Request a ride,com.ubercab,Travel,1f8caba0-e30b-410c-b523-4e0c304a2e59,Murungi Julian (JY),5,,so far best,0,4.639.10000,2026-07-25T11:01:57,,
Uber - Request a ride,com.ubercab,Travel,dc9249eb-77aa-4d8c-8490-85d83fa8668b,Amarish Rathod,2,,i have raise a issue but without solving my problem uber said ur issue solve i wanna talk to cistomer care exe. r u interested?,0,,2026-07-25T10:56:50,,
Uber - Request a ride,com.ubercab,Travel,64e342a4-4b64-49fa-8eba-b0bd5fc6b357,Ajay Singh,5,,this aap is best but price is so high,0,4.639.10000,2026-07-25T10:56:40,,
Uber - Request a ride,com.ubercab,Travel,eee32f00-e5ef-4eda-b518-7bac9633d703,Randall Bell,5,,Excellent customer service with a smile!,0,4.639.10000,2026-07-25T10:52:27,,
Uber - Request a ride,com.ubercab,Travel,a5065c98-5124-447a-9711-d8ccbd024003,Lucas Martinez,5,,excelente app,0,4.639.10000,2026-07-25T10:50:11,,
Uber - Request a ride,com.ubercab,Travel,e576c042-b85d-412a-a81f-21c42a65a4f5,Vaijayanthi Sarma,5,,"lovely person, 💖",0,4.639.10000,2026-07-25T10:47:58,,
Uber - Request a ride,com.ubercab,Travel,586cd919-4236-42b4-9d5a-9f77674ad100,Krishna Patel राधे राधे,5,,always superb experience,0,4.634.10003,2026-07-25T10:47:44,,
Uber - Request a ride,com.ubercab,Travel,245524d4-3220-4c0d-812c-24f86dedac6a,Sandipagu Naresh,1,,"While booking urgent trips, it's frustrating that I can't book a new trip unless I rate the previous one. Although there is a ""Skip"" option, it doesn't work. Please fix this issue.",0,4.639.10000,2026-07-25T10:46:56,,
Uber - Request a ride,com.ubercab,Travel,eff637ad-2e21-4a43-b9cf-386c567754d4,yogini3173patil,2,,Very Worst app showing less fare while booking and at the end of trip price has been changed a lot it increases a lot difference is not just of 5-10/- but directly high difference like 20-30/- and this is happening constantly....also drivers are so rude and impolite,0,,2026-07-25T10:38:48,,
Uber - Request a ride,com.ubercab,Travel,5afdc740-5ac5-4915-b6a4-80baf2df76b1,NoorAlam Ali,5,,good,0,4.639.10000,2026-07-25T10:38:48,,
Uber - Request a ride,com.ubercab,Travel,c83b54ea-b0de-4703-9c23-6d3c301b90fa,Johnnie,1,,"they have zero customer support and don't offer refunds, they attempt to force you to tip when tipping shouldn't be required. If you can't pay your workers minimum wage you shouldn't be allowed to operate as a business.",1,4.639.10000,2026-07-25T10:32:50,,
Uber - Request a ride,com.ubercab,Travel,4dbcb9b9-df3e-4e7e-a6fe-cbd15dc71061,Susanta Kumar,5,,Nice app,0,4.639.10000,2026-07-25T10:27:45,,
Uber - Request a ride,com.ubercab,Travel,9cffc7e2-e81a-42b5-908a-124f2f6660ff,Rita,5,,very nice app rs 15 only,0,4.639.10000,2026-07-25T10:18:01,,
Uber - Request a ride,com.ubercab,Travel,99858f4e-802c-486d-8f55-1b6bfa65b26a,Abhisek Roy,5,,"Very nice and quick response , so cool ,I have never used bike ride, but this time great experience,very less amount and quick service",0,4.639.10000,2026-07-25T10:16:20,,
Uber - Request a ride,com.ubercab,Travel,8307f97f-7613-401c-9ce3-ad7f9b9b23b8,tabish gadkar,5,,always on time,0,4.639.10000,2026-07-25T10:09:57,,
Uber - Request a ride,com.ubercab,Travel,1bfa711a-9b7e-41db-a4a7-6d386b2981cd,Saurbh Kanotiya,5,,very good 😊👍🏼,0,4.634.10003,2026-07-25T10:04:10,,
Uber - Request a ride,com.ubercab,Travel,b5787b64-6e6f-4f0c-8b84-4ed228eb2817,Pravin Kharat,1,,driver behaviour bad and demand extra cash,0,4.639.10000,2026-07-25T10:03:56,,
Uber - Request a ride,com.ubercab,Travel,701bba3e-00fa-4fa5-9ea7-bf0d78774251,Ganesh Parsad,5,,Good Service,0,4.639.10000,2026-07-25T09:55:02,,
Uber - Request a ride,com.ubercab,Travel,12d0e663-5f70-438a-88f5-22e0530cf060,Pratik Shinde,5,,it is best app to going anywhere,0,4.639.10000,2026-07-25T09:54:08,,
Uber - Request a ride,com.ubercab,Travel,f14b4587-42b5-490b-afdd-92f059a9a8a4,Dhaval Modi,5,,very good😊👍,0,4.639.10000,2026-07-25T09:52:48,,
Uber - Request a ride,com.ubercab,Travel,9a59c40b-b75d-4ef5-b47a-5c6de4b7e9d1,jonah kirenzi,5,,Reliable,0,4.639.10000,2026-07-25T09:49:37,,
Uber - Request a ride,com.ubercab,Travel,9c882b32-9b0a-40bd-8d32-4356d7917fd0,Avon gaming,5,,good,0,4.627.10003,2026-07-25T09:48:06,,
Uber - Request a ride,com.ubercab,Travel,ceb0f63e-8dbf-49e8-bb89-81cbfe84cdd8,Anurag Kharwar,5,,good,0,4.639.10000,2026-07-25T09:47:33,,
Uber - Request a ride,com.ubercab,Travel,5919d37e-6fed-4b93-9985-d214317acfbf,da strobe,1,,watch out they change the price. do you think you're ordering it and then at the last minute they charge you more money on your credit card period use Lyft it's safer,1,4.639.10000,2026-07-25T09:47:18,,
Uber - Request a ride,com.ubercab,Travel,69ef3d7d-04b8-4017-8fc8-56730f83e270,asha Mohmmad,1,,very worest app is this this one star also waste because there's cancel the ride very much but we cancel one there charge to much amount very valger app,1,4.638.10003,2026-07-25T09:41:24,,
Uber - Request a ride,com.ubercab,Travel,a84c9793-9fbb-4bb8-9fdb-6309c907be6d,Tiffany Wonge,1,,"I shouldn't have to verify every time. The app is supposed to make getting home easier, not more dangerous and inconvenient.",1,4.639.10000,2026-07-25T09:39:23,,
Uber - Request a ride,com.ubercab,Travel,d17fb1b7-5022-4aa6-a1fa-589c3b5e6d18,Vikas Smart,4,,nice service,0,4.639.10000,2026-07-25T09:32:04,,
Uber - Request a ride,com.ubercab,Travel,6dfccde3-5d14-4649-b599-e0c75a680920,Jeyabharathi Jeyabharathi,3,,good,1,4.639.10000,2026-07-25T09:29:18,,
Uber - Request a ride,com.ubercab,Travel,066ee85d-d85f-4d39-b013-fd67d6ebba2f,Unnamed Boy,4,,they give me first ride free,0,4.639.10000,2026-07-25T09:26:33,,
Uber - Request a ride,com.ubercab,Travel,90eea56b-49e2-4711-9c18-461ec6693aac,manoj kulkarni,1,,"worst experience, rude driver behaviour and left before dropping location, after registered complaint on application,still there is no proper response, and cab which is registered itself from uber .",0,,2026-07-25T09:25:46,,
Uber - Request a ride,com.ubercab,Travel,ab32f751-3d63-4a40-a9e1-da13403fea5c,akash patil,2,,"don't fall in first three free rides, auto drivers are Thug you. first they don't accept your free ride and if you add extra tips quick accept and asks for all money. it's totally fraud.",0,4.639.10000,2026-07-25T09:24:57,,
Uber - Request a ride,com.ubercab,Travel,85be41b5-7c6b-4445-8234-872dcbce83e4,Uday Kiran,5,,good service I like it,0,4.639.10000,2026-07-25T09:20:29,,
Uber - Request a ride,com.ubercab,Travel,d4cd995e-5130-4fcc-b36c-1caf7db83546,rupam saikia,4,,very good,0,4.639.10000,2026-07-25T09:20:16,,
Uber - Request a ride,com.ubercab,Travel,c017d25c-4019-4cd2-89b6-219a8de73d50,Ajay Kumar Pandit,1,,This app is easy to use but it takes extra charge after booking. I have to argue badly for the money change. I booked a ride for 44 rupees but after riding he asked and showed me that the ride was of 112 rupees. I doesn't like this app. This is a cheater app. Never using this app again.,0,4.639.10000,2026-07-25T09:18:34,,
Uber - Request a ride,com.ubercab,Travel,715c76d8-015d-434f-84c2-3c3feb767d9e,Shushant GGj,4,,it's actually good 👍😊,0,,2026-07-25T09:12:18,,
Uber - Request a ride,com.ubercab,Travel,e10aa666-3075-4da8-940c-34ea3b48dd15,Donn Ruffino,5,,love the app and it's So much cheaper and easier to use than Lyft,1,,2026-07-25T09:04:27,,
Uber - Request a ride,com.ubercab,Travel,0a167346-070a-419a-a0aa-b71fd308f7d3,krushna pande,1,,"Terrible and unsafe experience, especially for solo travelers! ​I recently had a deeply unpleasant experience traveling alone in Pune. The drivers here lack basic professionalism, behave poorly, and completely disregard passenger safety and courtesy. If you are traveling solo in Pune, please exercise extreme caution with this service. Customer support was of no help either. Definitely not safe or reliable.",0,,2026-07-25T09:04:00,,
Uber - Request a ride,com.ubercab,Travel,372a0af3-bc3e-4d57-9c29-63e76cc4d77b,Gould Janene,5,,Wayne Southlander fab great ride,0,4.628.10002,2026-07-25T08:55:33,,
Uber - Request a ride,com.ubercab,Travel,f500fb7a-bc7d-4e3b-892c-2bb616dd20a0,Satan Kumar,5,,good,0,4.637.10003,2026-07-25T08:50:27,,
Uber - Request a ride,com.ubercab,Travel,0e2ed2d5-b9b2-4382-86fc-092c7e677d76,Pankaj Kumar,5,,good,0,4.639.10000,2026-07-25T08:47:49,,
Uber - Request a ride,com.ubercab,Travel,8ac459a0-15d9-462a-ab2f-d6dd8add0964,udit gupta,5,,Great experience whenever I use it,0,4.638.10003,2026-07-25T08:46:44,,
Uber - Request a ride,com.ubercab,Travel,9aa96297-8b65-4f13-bb92-b77112aef54b,Lori Knudsen,5,,"Driver was patient, professional and delightful!",0,4.639.10000,2026-07-25T08:45:56,,
Uber - Request a ride,com.ubercab,Travel,854cc9b8-4fbd-402f-b9d6-53fa2fbe55db,Sivnath Gupta,5,,very best experience for driver,0,4.639.10000,2026-07-25T08:45:15,,
Uber - Request a ride,com.ubercab,Travel,b5aef8db-f20e-4c08-902b-2686483cd350,Akhil,1,,The worst customer service provided by uber....My friend E wilson works for uber service...he works very hard..but one of the customers didn't pay the amount...he went to his flat...when he was trying to call that passenger building security person is not allowing inside....he lost his amount of 380/-,0,,2026-07-25T08:33:52,,
Uber - Request a ride,com.ubercab,Travel,bd76aba6-e4c1-44d3-867a-abea12527454,Alam Stitching work,5,,good,0,4.639.10000,2026-07-25T08:31:35,,
Uber - Request a ride,com.ubercab,Travel,a694061b-eb01-4f25-aace-45d3016c27fb,Ramesh Pandhare,5,,super,0,,2026-07-25T08:29:04,,
Uber - Request a ride,com.ubercab,Travel,5509102f-c809-4919-8000-71235d614589,Michael Meo,5,,Works,0,,2026-07-25T08:27:31,,
Uber - Request a ride,com.ubercab,Travel,7247dcb2-d192-49a2-adfd-7f5754a627ac,Juan Batista,5,,"excelente app, the best",0,4.639.10000,2026-07-25T08:26:26,,
Uber - Request a ride,com.ubercab,Travel,7ee904bc-3ffa-4b8b-9864-48bddec47210,Mint Magazine,1,,"Useless. drivers drive off, cancel whenever they like. nothing ever changes with it and no comeback for the endless time wasted",0,,2026-07-25T08:24:58,,
Uber - Request a ride,com.ubercab,Travel,68daee1e-c643-41a4-ac34-097b34a66fc6,Daniela Tomoiaga,5,,Excellent,0,4.639.10000,2026-07-25T08:09:18,,
Uber - Request a ride,com.ubercab,Travel,dff43630-d7e2-48dd-93bb-cd3d68c3a56a,Medisetty Sreeja,5,,super,0,4.639.10000,2026-07-25T08:08:41,,
Uber - Request a ride,com.ubercab,Travel,82e3659a-f1d0-42f9-b219-6d62a00aeffa,Sanjay Jethwa,5,,good,0,4.639.10000,2026-07-25T08:08:38,,
Uber - Request a ride,com.ubercab,Travel,1125e256-6cda-4e26-b4ca-fa062c0e8db2,Gaurav gh,5,,nice ride,0,4.639.10000,2026-07-25T08:07:04,,
Uber - Request a ride,com.ubercab,Travel,9a9fe798-159b-49cb-a3da-a386dd365f23,lakshmi ranganath,5,,good,0,4.639.10000,2026-07-25T08:06:52,,
Uber - Request a ride,com.ubercab,Travel,c1d61def-7799-4b68-9949-64aab61ca4fb,Stephen Byrne,5,,super guy,0,4.639.10000,2026-07-25T07:50:35,,
Uber - Request a ride,com.ubercab,Travel,bf20d10f-0d80-4c64-9d27-9dd662015d14,Adler,5,,use as your own car when the driver is there to pick you up,0,,2026-07-25T07:42:52,,
Uber - Request a ride,com.ubercab,Travel,4fb86dd2-3b34-4a90-b8d9-2348e5e789f3,Harpal Singh,5,,good service always the best thanks,0,,2026-07-25T07:42:50,,
Uber - Request a ride,com.ubercab,Travel,5c24924c-19bf-4039-b2ac-e790b0de07e6,SN,2,,"The price difference has been happening increasingly. The app shows the driver a different pick up location, and automatically cancelled the ride because the driver was delayed and still on the way.",0,4.639.10000,2026-07-25T07:36:16,,
Uber - Request a ride,com.ubercab,Travel,14f41b69-3fe3-4e1b-b081-d66b22c3657c,Anthony Torres,5,,"Very convenient , when I need it and very fast",0,4.639.10000,2026-07-25T07:34:21,,
Uber - Request a ride,com.ubercab,Travel,8a96d828-23fc-461b-ad1d-ca6a7e108e87,Soumi Biswas,2,,"The drivers are becoming very arrogant day by day and if lower prices are shown in the app,they are not willing to go..what kind of behaviour is this?",0,4.639.10000,2026-07-25T07:25:22,,
Uber - Request a ride,com.ubercab,Travel,5e3dfa5b-ab54-4495-b2f5-1bea26bbaf1a,Sohil Khan,5,,osam,0,4.639.10000,2026-07-25T07:24:27,,
Uber - Request a ride,com.ubercab,Travel,e8f31a0f-8215-4bbc-b6ba-34923691386a,Ganesh agency Ganesh agency,1,,rate high hai repido rate lo,0,,2026-07-25T07:22:13,,
Uber - Request a ride,com.ubercab,Travel,ecd87752-9d7a-421a-aea1-e38d2fed2db5,ebin michael,5,,good 👍,0,4.639.10000,2026-07-25T07:21:35,,
Uber - Request a ride,com.ubercab,Travel,11210af6-45cd-4d93-b614-085dc33d5653,Vishnu,5,,Cab is in on time very efficient service,0,4.639.10000,2026-07-25T07:21:30,,
Uber - Request a ride,com.ubercab,Travel,cce44f35-f11d-46f3-8132-a8f51392e31d,C B,5,,"I've had generally very good experience with this app. I've used it domestically and in another country and it's worked equally well in each. I gave it 5 stars because it's fast and accurate (if you use precise location), but I'd like it much more if the ads were less intrusive. I don't want to be upsold all the time, and they take up more of my screen than I'd like.",0,4.639.10000,2026-07-25T07:21:17,,
Uber - Request a ride,com.ubercab,Travel,9c9fb4e1-bbd7-40e9-a367-82b55f081084,SURYA BALAJI TRACTOR SPARES,5,,good,0,4.639.10000,2026-07-25T07:19:34,,
Uber - Request a ride,com.ubercab,Travel,8b8802fa-f3e7-415d-921e-e80d045727a3,Dennis Hallgren,5,,"as a former UBER driver, I like the improvements especially the green light to show the driver. I'll be using it more for sure.",0,4.639.10000,2026-07-25T07:19:08,,
Uber - Request a ride,com.ubercab,Travel,f0bf3348-525c-4982-88c5-0104bf1cc918,Lekha Sajith,5,,life saver🤗,0,4.639.10000,2026-07-25T07:16:56,,
Uber - Request a ride,com.ubercab,Travel,0c6c94be-ff29-4eed-adfc-4690bb4630c0,Mahadeva Swamy,4,,good it's time to helpful,1,4.639.10000,2026-07-25T07:05:50,,
Uber - Request a ride,com.ubercab,Travel,7cce88bf-9684-4752-a8a7-98af2f08ec27,Sakshi Malik,1,,yeh bhout hi ghatiya aap ha unke driver etra charge lete ha or koi costumer care service nhi ha please don't chose this aap,0,,2026-07-25T07:04:12,,
Uber - Request a ride,com.ubercab,Travel,a5c375a6-759d-440c-acc7-046a91f34bb2,Rahul Darjee,5,,good👍,0,4.639.10000,2026-07-25T06:59:02,,
Uber - Request a ride,com.ubercab,Travel,cf4a2fd8-1268-4b50-ac50-4815eb471161,Paul Castillo,5,,so far my first ride was perfect,0,4.639.10000,2026-07-25T06:51:35,,
Uber - Request a ride,com.ubercab,Travel,02f9627e-2bcc-4a0d-afe0-20be2e3bc663,Mouse Birkett,5,,"some drivers drive like dumbasses. I will be reviewing them as such from now on. No more five stars just for getting me home. Otherwise, good service. 👍",0,4.639.10000,2026-07-25T06:50:46,,
Uber - Request a ride,com.ubercab,Travel,e36b180d-b3b2-451d-a026-4a3c2c08f56b,Abhishek Kumar Choudhary,5,,good,0,,2026-07-25T06:47:00,,
Uber - Request a ride,com.ubercab,Travel,fe79ec37-70e5-404a-bb4f-94d7fe8ae1f3,Tiashely Harris,5,,I switched to Uber from Lyft in both are really convenient when you needed to get somewhere,0,4.639.10000,2026-07-25T06:44:26,,
Uber - Request a ride,com.ubercab,Travel,5e2ea225-78ff-4ef0-bb61-725a850fdd70,Haam M L N,1,,"Unable to see Uber Black. Since the last fortnight or so, my Uber App is NOT showing the option of Black. It is for rides to and from. Airport in Bengaluru. There is no email id or phone number where I can pour my woes. And the bot is of no help. The people in Uber pickup are helpless. Sad. Very sad. Hope something will be done by Uber to address the issue. And interestingly Uber Black is visible on the app of my spouse's handset. Wonder why this discrimination and disparity",0,4.639.10000,2026-07-25T06:42:50,,
Uber - Request a ride,com.ubercab,Travel,03faf415-a9b8-473f-957d-1cdae836bf32,Sweety Man Gaming,1,,"I use this app to order food while I am at work, seeing as I can't leave my post at my security job, the person delivering the food not only grabbed the wrong order, when I pointed it out to him, he left and then claimed the order was delivered, when I went to complain and report the order as fraudulent, the support site revealed it had closed two tickets, both on my behalf, the support for the app sucks, the drivers suck, and to be honest I hate the whole thing.",0,4.639.10000,2026-07-25T06:41:58,,
Uber - Request a ride,com.ubercab,Travel,6d6d7e16-d8c7-49c3-81f9-20793937ee89,Md. Masum Billah,1,,They are not ensure customers safety. Ignore them.,0,,2026-07-25T06:30:59,,
