app_name,app_id,category,review_id,username,rating,title,text,thumbs_up_count,review_created_version,at,reply_content,reply_at
Microsoft Teams,com.microsoft.teams,Productivity,c997610d-29b1-4714-ab21-b4c495449145,MD SELIM MORAL,5,,good,0,,2026-07-26T15:41:18,,
Microsoft Teams,com.microsoft.teams,Productivity,1049ac81-4bba-478c-9b2b-aa8e3c2f60cc,naziem isaacs,5,,excellent 👍,0,1416/1.0.0.2026133602,2026-07-26T15:35:57,,
Microsoft Teams,com.microsoft.teams,Productivity,b1112850-e07e-4c6a-af5d-7b0f92e98fdf,Shobeir Asayesh,1,,"No matter what the 'Appearance' is set, everytime I open the app says theme is Light. I have set it many times..",0,1416/1.0.0.2026133602,2026-07-26T15:15:07,,
Microsoft Teams,com.microsoft.teams,Productivity,db5f2493-1756-4fae-8ccc-b58901750acb,Darsh Bhardwaj (DxG),5,,Helped Me A lOt In My Studies During Covid-19,0,1416/1.0.0.2026141303,2026-07-26T14:40:48,,
Microsoft Teams,com.microsoft.teams,Productivity,574b2746-5d1d-4838-8aeb-fcb267297b7e,Isa Barcena,1,,"Ugh the join button doesn't always show up, causing me to become late to my class. I either join through link or get invited into the meeting by a presenter. Mind you, i have good signal so i don't understand why does this keep happening.. Please fix this.",0,1416/1.0.0.2026132904,2026-07-26T14:28:38,,
Microsoft Teams,com.microsoft.teams,Productivity,5ff1fe6c-784e-475e-a200-2e3c4b57deda,Ratnesh Pathak,4,,good,0,1416/1.0.0.2026112702,2026-07-26T14:09:55,,
Microsoft Teams,com.microsoft.teams,Productivity,17ef2db9-27ef-4fb4-bf06-5502a72657a6,Abubakar Ibrahim,5,,excellent,0,1416/1.0.0.2026132904,2026-07-26T12:30:39,,
Microsoft Teams,com.microsoft.teams,Productivity,567a0e95-eb2e-4e58-876f-abe1bc2448ea,Nikki Labrador,5,,"I use this mostly for work, and it helps me with my daily tasks A LOT. It eases my collaboration with my colleagues, and the fact that I can use the app for both my desktop and tablet is a huge plus.",0,,2026-07-26T12:29:04,,
Microsoft Teams,com.microsoft.teams,Productivity,8a27d5d2-1f9c-4478-9413-aa927c8bda2b,dhanushka udayangani,5,,Great,0,1416/1.0.0.2026132904,2026-07-26T12:14:32,,
Microsoft Teams,com.microsoft.teams,Productivity,4e2d3b4e-6cdc-4dff-8469-aa1f82bab100,Juliana Tabuena,4,,reliable,0,1416/1.0.0.2026133602,2026-07-26T11:39:02,,
Microsoft Teams,com.microsoft.teams,Productivity,caa4aa8c-1cc5-4d97-814c-6156003a44eb,Kamal Malik,5,,I can text my friend,0,1416/1.0.0.2026133602,2026-07-26T10:28:24,,
Microsoft Teams,com.microsoft.teams,Productivity,fdcd9ca5-f0b0-43f3-8936-61f667193d18,suraikahengkin31,5,,"""Perfect for work and study. Great collaboration features and stable performance.""",0,1416/1.0.0.2026082702,2026-07-26T10:17:41,,
Microsoft Teams,com.microsoft.teams,Productivity,46f9ea54-c4c2-4c17-811c-07070db4b93d,Rohan Pradhan,4,,good,0,1416/1.0.0.2026095102,2026-07-26T10:16:50,,
Microsoft Teams,com.microsoft.teams,Productivity,0ada03c9-ddd5-4410-bb82-df0745bda98a,sanjesh darbari,1,,useless,0,1416/1.0.0.2026132904,2026-07-26T10:14:31,,
Microsoft Teams,com.microsoft.teams,Productivity,7f888c0f-5587-414e-b09a-1c5943d41f45,Karunasagar,4,,It was very good to attend class or meeting this app is very nice.,0,1416/1.0.0.2026132904,2026-07-26T09:49:49,,
Microsoft Teams,com.microsoft.teams,Productivity,68f75706-c805-429f-ba3c-59888290c172,Todd,1,,it sucks,0,,2026-07-26T09:02:15,,
Microsoft Teams,com.microsoft.teams,Productivity,ef4b85b0-b645-4ac4-bf68-7ad7cdef41cd,Fathul Rih,5,,"Microsoft Teams is a comprehensive collaboration platform that combines messaging, video conferencing, cloud storage, and workplace communication into a single application. It supports channel-based discussions, Copilot AI meeting summaries, PowerPoint Live presentations, and seamless integration with Microsoft 365 services. Its tight integration with Microsoft's productivity ecosystem and enterprise-grade security make it an excellent choice for businesses and educational institutions.",0,,2026-07-26T08:36:10,,
Microsoft Teams,com.microsoft.teams,Productivity,a8832930-3bc6-40f4-9dab-a983168fb85b,Admin Boy,5,,best APP,0,1416/1.0.0.2026133602,2026-07-26T07:38:28,,
Microsoft Teams,com.microsoft.teams,Productivity,8a2bca3e-f8b4-49c1-ac5d-8f2f83ff00dc,Sharon,1,,trash app. can't send anything,0,1416/1.0.0.2026133602,2026-07-26T07:29:29,,
Microsoft Teams,com.microsoft.teams,Productivity,f15d251f-4326-4da0-8580-95d5ac6c260e,Chai Jin Xin,5,,"Perfect for work and collaboration. Chat, video calls, and file sharing are all integrated, making teamwork much more efficient.",0,1416/1.0.0.2026082702,2026-07-26T07:26:01,,
Microsoft Teams,com.microsoft.teams,Productivity,f0e71034-6964-4545-a074-2c10323b1209,Matthew Tinney,1,,I guess work decided I didn't already receive enough spamm messages every day. Because now they expect us to use this insufferable garbage.,0,1416/1.0.0.2026132904,2026-07-26T05:37:52,,
Microsoft Teams,com.microsoft.teams,Productivity,88092ba5-7b17-4b7b-b269-0b853a962c42,Venkatesh Anandan,2,,After update copilot not showing in chat,0,1416/1.0.0.2026133602,2026-07-26T02:26:23,,
Microsoft Teams,com.microsoft.teams,Productivity,6383bf25-9b13-4aea-b19e-4564bd078fad,Mulalo Tshishivhiri,5,,in my experience with this app is a reliable app I encourage other people to use it it won't disappoint you,0,,2026-07-26T01:18:01,,
Microsoft Teams,com.microsoft.teams,Productivity,0aea2f4f-30e0-4d68-a3ac-b6bb0534822e,Onwabile Xhame,5,,This is a very good app for work or school purporses highley recommend you use it,0,1416/1.0.0.2026132904,2026-07-25T23:13:38,,
Microsoft Teams,com.microsoft.teams,Productivity,0ae2ae94-a584-4c33-95cf-867d2fc3b50f,Cassidy Moses,5,,good,0,1416/1.0.0.2026123608,2026-07-25T22:58:38,,
Microsoft Teams,com.microsoft.teams,Productivity,2796b901-e14f-46f7-a14c-df1097531c15,Bharat Jadhav,5,,good,0,1416/1.0.0.2025235602,2026-07-25T22:51:21,,
Microsoft Teams,com.microsoft.teams,Productivity,2c733791-f9e4-4b79-93d8-b6f6e4b7951a,sondra,2,,the messages I have sent have started to disappear being to think I made a mistake using this app,0,1416/1.0.0.2026132904,2026-07-25T21:36:51,,
Microsoft Teams,com.microsoft.teams,Productivity,9e3797d6-33c8-4220-931d-8534bcb22d3e,Benjamin “McPherson”,1,,"Not sure where to start. Privacy issues, forced AI that doesn't work, difficult sign out options. forcing me to enter a password to sign out while signed in. removal of gifs, horrible UI. Useless features and no quality of life. Microsoft you ruined it.",0,1416/1.0.0.2025174002,2026-07-25T20:38:37,,
Microsoft Teams,com.microsoft.teams,Productivity,558ba77b-985d-4498-8273-2fd4e0775060,Yuvaan Kathuria,5,,It was great and it helped me learn,0,1416/1.0.0.2026132904,2026-07-25T18:33:34,,
Microsoft Teams,com.microsoft.teams,Productivity,e3756caf-f39d-4970-a0c0-3309d26649e7,arun dixit,5,,ok,0,1416/1.0.0.2026112702,2026-07-25T17:32:36,,
Microsoft Teams,com.microsoft.teams,Productivity,0a6261bc-181b-4bf9-90e3-f5accacdafd6,Vinoth Kumar,1,,this application is not working properly i Miss my interview,0,1416/1.0.0.2026133602,2026-07-25T17:24:15,,
Microsoft Teams,com.microsoft.teams,Productivity,fec4014d-0145-45a7-856b-c759010c6022,Dawen Liang,1,,"The annoying red dot always appears on the ""plus"" sign in each conversation",0,1416/1.0.0.2026133602,2026-07-25T16:11:17,,
Microsoft Teams,com.microsoft.teams,Productivity,ebab51c5-5a2d-472f-b315-70be9889a8b7,Md. Mahbub Rain,5,,good,0,1416/1.0.0.2026123608,2026-07-25T15:09:37,,
Microsoft Teams,com.microsoft.teams,Productivity,579bf677-7fda-47b7-b96e-5096c4351321,Manjiri Gaikwad,5,,Good,0,1416/1.0.0.2023213504,2026-07-25T14:59:07,,
Microsoft Teams,com.microsoft.teams,Productivity,573a4686-f16b-4a64-8a9d-3ac08982104b,George Boniko,1,,not compatible in my device,0,1416/1.0.0.2025183402,2026-07-25T14:45:46,,
Microsoft Teams,com.microsoft.teams,Productivity,bc0a1128-3983-4e92-8fef-c06111bb193d,Anna Paulsson,1,,last updat I can now no longer acces teams on samsung phone . opens up let's me log in then back to log in again. tried clearing Cache and reinstall nothing works. anyone got any suggestions as need it for work. cheers.,0,1416/1.0.0.2026133602,2026-07-25T13:23:54,,
Microsoft Teams,com.microsoft.teams,Productivity,98de5064-d2f1-44fb-9bcd-3f3faff7e4a6,RA7OMA MO7AMED,5,,It's a great,0,,2026-07-25T13:22:39,,
Microsoft Teams,com.microsoft.teams,Productivity,e79ac147-1b62-4a41-9442-18bc80b5eec8,Magdalena,5,,Great for Team Work,0,1416/1.0.0.2026133602,2026-07-25T12:55:35,,
Microsoft Teams,com.microsoft.teams,Productivity,04ada7dc-854a-4cae-af0a-f03e7161ffb3,Bishnupodo shyam choudhury,5,,ok,0,1416/1.0.0.2026123608,2026-07-25T11:41:52,,
Microsoft Teams,com.microsoft.teams,Productivity,a9bbfa73-319c-4631-9b55-8b45071f3ff2,John Vhon Liquigan,1,,not working. i already log in my account but always ask me again to lpg in even though i already log in.,0,1416/1.0.0.2024132702,2026-07-25T11:37:35,,
Microsoft Teams,com.microsoft.teams,Productivity,27690bd4-ec2d-4632-952a-d5bced7282dd,Sohail Arshed,3,,"Microsoft is currently facing significant challenges in implementing seamless integration and enhancing user experience, particularly when compared to the smooth and efficient authentication processes offered by Google and other services. For instance, when an account is added to Teams and access is subsequently revoked by the organization, removing that account from the team proves to be quite difficult. Additionally, if a user inadvertently clicks on that account, they may encounter an authent",0,1416/1.0.0.2026132904,2026-07-25T11:33:07,,
Microsoft Teams,com.microsoft.teams,Productivity,cfd16ad2-72e0-48ea-b5b8-64cfe467a58a,Wan muhammad firdaus Wan Rizuan,5,,Great app for communication and teamwork. It integrates well with Microsoft Office and makes managing projects and meetings much easier.,0,1416/1.0.0.2026123608,2026-07-25T11:12:50,,
Microsoft Teams,com.microsoft.teams,Productivity,fab84ec6-6895-487f-aeff-1e3bfc7a36f9,Shakiba Zaidi,1,,baaaaaaaaaaadest app,0,1416/1.0.0.2026132904,2026-07-25T10:45:11,,
Microsoft Teams,com.microsoft.teams,Productivity,3c56ce57-98ae-4c3f-bf19-1e01f496d2e6,XII XII,5,,good,0,1416/1.0.0.2026132904,2026-07-25T09:38:29,,
Microsoft Teams,com.microsoft.teams,Productivity,d680b6a8-744b-46fc-b2e6-cfb82837f58c,Norhafidzi Ahmad Rafaai,5,,"Microsoft Teams is an essential powerhouse for workplace collaboration. By deeply integrating chat, high-quality video meetings, file storage, and Microsoft 365 apps into one hub, it drastically reduces app-switching. It is an invaluable tool for modern hybrid teams looking to stay organized and aligned",0,1416/1.0.0.2021093701,2026-07-25T09:03:00,,
Microsoft Teams,com.microsoft.teams,Productivity,f8ad369d-a0b0-49fa-9c21-c03a007adc29,Kelvin Byson,5,,sweet and lovely App 🔥👑💯,0,,2026-07-25T05:27:23,,
Microsoft Teams,com.microsoft.teams,Productivity,a1ec2a1c-7e98-45a3-b1ec-78c249b26de0,Alisha Reyes,5,,very good and nice to use,1,,2026-07-25T05:02:15,,
Microsoft Teams,com.microsoft.teams,Productivity,2d8b4123-ccf6-40be-940a-5cdf1f1550cb,Reginald Farrar,1,,Takes forever to load. I use Google now and no issues.,0,1416/1.0.0.2026132904,2026-07-25T04:40:12,,
Microsoft Teams,com.microsoft.teams,Productivity,119d3582-cf6b-4989-a611-2f1e697d81ac,Joshua Selvidge,1,,"Microsoft has garbage QA. 5 years later, They still screw up multiple accounts. Now I can't delete an account I lost access to, but it opens to that account, which I can't access. Now I must uninstall to use it correctly again. MICROSOFT UX SUCKS!",1,,2026-07-25T03:43:11,,
Microsoft Teams,com.microsoft.teams,Productivity,526d0c72-f22b-4561-bfb2-dfd67b24443b,clarita similatan,5,,nice,0,1416/1.0.0.2026123608,2026-07-25T02:46:47,,
Microsoft Teams,com.microsoft.teams,Productivity,601c2e5c-d503-4d8e-9817-0632aebff378,KEVIN FRAYN,4,,good to communicate with. No cell phone drop calls.,0,1416/1.0.0.2026132904,2026-07-25T02:31:20,,
Microsoft Teams,com.microsoft.teams,Productivity,92e99c1e-6af9-4a8e-8ad6-1f15f15b8297,Dima,1,,"absolutely terrible experience. glirches and freezes. latest version, device - s25 ultra. please bring back Skype",0,1416/1.0.0.2025052202,2026-07-25T01:07:45,,
Microsoft Teams,com.microsoft.teams,Productivity,d775846f-cbc0-41a4-9fe9-42444e9259d4,Aziddin Mohd Zaidi,5,,Microsoft teams is another similar app to Zoom but with an advantage. It has 360 ecosystem that make it's users have a seamless workflow.,0,1416/1.0.0.2026133602,2026-07-25T00:04:04,,
Microsoft Teams,com.microsoft.teams,Productivity,56856013-ae91-4cd2-8ec1-fd365a90ef88,Dasun Mendis,5,,Best for Work related doing. Meetings and organizing things much easier !,1,1416/1.0.0.2026132904,2026-07-24T23:53:08,,
Microsoft Teams,com.microsoft.teams,Productivity,4ed0a896-e1f7-469e-aec6-2fe4e59f729c,falase femi,5,,you guys really improved the notifications 👏 👌,0,1416/1.0.0.2026123608,2026-07-24T22:41:20,,
Microsoft Teams,com.microsoft.teams,Productivity,112318aa-3836-4d43-9b93-77d0f6870400,Manoj M,5,,one of the best in world,0,1416/1.0.0.2026132904,2026-07-24T22:37:05,,
Microsoft Teams,com.microsoft.teams,Productivity,7630b7af-c725-40d1-ad87-93ef01ef8f80,Rafat Khan,1,,very bad condition,0,1416/1.0.0.2026132904,2026-07-24T22:32:53,,
Microsoft Teams,com.microsoft.teams,Productivity,543a7bcf-cd49-4be0-ad84-456953a4c645,Gary Clyman,1,,I'm locked out and can't figure out how to get in.,0,1416/1.0.0.2026132904,2026-07-24T21:37:57,,
Microsoft Teams,com.microsoft.teams,Productivity,bedc0d66-c433-4c51-8a85-015d08c299cf,Salman Ahmad,5,,good,0,1416/1.0.0.2026132904,2026-07-24T21:07:47,,
Microsoft Teams,com.microsoft.teams,Productivity,23571935-456a-4566-b7aa-09771846f8da,Brock Stevens,4,,great tool for work!,0,1416/1.0.0.2026132904,2026-07-24T19:28:04,,
Microsoft Teams,com.microsoft.teams,Productivity,53bb3ecc-88bd-44b5-bec1-98c94da36f0a,thabo mahlangu,5,,great app,0,1416/1.0.0.2026132904,2026-07-24T19:19:03,,
Microsoft Teams,com.microsoft.teams,Productivity,07cda910-5b4c-4a6f-9c2c-b80f5c31cd00,Ester Cuyno,5,,Very concise and informative,0,1416/1.0.0.2026132904,2026-07-24T18:47:00,,
Microsoft Teams,com.microsoft.teams,Productivity,616f79bf-d89f-447d-8c0b-3c6e664d37f6,Jennifer Schutte,5,,"So far, this app has been very helpful and convenient!",0,,2026-07-24T18:42:40,,
Microsoft Teams,com.microsoft.teams,Productivity,4d5952b3-65fa-4be6-b8c5-daada9fc942d,RAVI THAKUR हमीरपुर हिमAचल,1,,doesn't work,0,1416/1.0.0.2026132904,2026-07-24T18:38:12,,
Microsoft Teams,com.microsoft.teams,Productivity,2d428716-099b-44e1-8055-41d45ad73e3e,usama ejaz,1,,"I don't like this app, everytime I open it someone's ask me to do something. Please fix this",0,1416/1.0.0.2026132904,2026-07-24T18:17:41,,
Microsoft Teams,com.microsoft.teams,Productivity,a7f6cac9-ab56-423d-9418-1782b76de318,Syazana Shahdan,5,,yes great apps absolutely use it,0,,2026-07-24T17:50:27,,
Microsoft Teams,com.microsoft.teams,Productivity,467853a7-7257-4cdd-97b3-04912a8c5e8a,AmitG,4,,There is a need for improvement....,0,1416/1.0.0.2026132904,2026-07-24T17:26:45,,
Microsoft Teams,com.microsoft.teams,Productivity,c3756bb0-700a-4018-8901-081599e6ee41,Vishwash Chauhan,5,,good,0,1416/1.0.0.2026132904,2026-07-24T17:20:12,,
Microsoft Teams,com.microsoft.teams,Productivity,a5b7ba69-a974-4c7f-8462-9e46e5d0ce93,Lalit Kumar,5,,good,0,1416/1.0.0.2026062402,2026-07-24T17:18:44,,
Microsoft Teams,com.microsoft.teams,Productivity,1f36574f-741b-4b49-9dd6-5649cabd3c94,muhd fairoze,5,,"Microsoft Teams adalah aplikasi yang sangat berguna untuk kerja dan pembelajaran. Mudah digunakan untuk mesyuarat, berkongsi fail, dan berkomunikasi dengan pasukan.",1,1416/1.0.0.2026132904,2026-07-24T16:50:56,,
Microsoft Teams,com.microsoft.teams,Productivity,e3901f00-094c-474e-85a9-09e8dff8107b,Paul Nanewortor,5,,Very Reliable,0,1416/1.0.0.2026112702,2026-07-24T16:29:18,,
Microsoft Teams,com.microsoft.teams,Productivity,ffa8e755-231b-40bb-af47-09e29e973719,swostika gautam,4,,very good,0,1416/1.0.0.2026132904,2026-07-24T15:44:19,,
Microsoft Teams,com.microsoft.teams,Productivity,0d679ca4-e280-4c00-9ac2-47ea84e9cc50,Garyn Tan,5,,"I am having chat, calendar invites, file sharing, and video meetings all in one place saves so much time during the workday. The screen sharing works great without lagging, and the search bar makes it super easy to pull up old messages or documents.",1,1416/1.0.0.2026132904,2026-07-24T15:26:17,,
Microsoft Teams,com.microsoft.teams,Productivity,1b519ab1-3cd6-466f-9f93-a60981e36f7c,Wajiha Hammad,5,,It is much better than WhatsApp; it is right for my business. It is literally better than WhatsApp. I like it 😊,1,1416/1.0.0.2026132904,2026-07-24T15:25:51,,
Microsoft Teams,com.microsoft.teams,Productivity,cc75c25d-c527-41a4-b030-d1276dc72872,Terri Winiata,4,,its a good ststem,0,1416/1.0.0.2026132904,2026-07-24T14:56:53,,
Microsoft Teams,com.microsoft.teams,Productivity,d2c9cbaf-8516-4866-b497-00f22b03205e,Maria E. Prieto A.,5,,easy to use,0,1416/1.0.0.2026132904,2026-07-24T14:39:18,,
Microsoft Teams,com.microsoft.teams,Productivity,7ce6db2b-7ad3-4d64-adcd-98f82b0a65d5,Rudolph Mhlongo,5,,"App is good, i can now have meetings anywhere without being in the office, works very well and uses less data",0,1416/1.0.0.2026123608,2026-07-24T14:38:47,,
Microsoft Teams,com.microsoft.teams,Productivity,5349221a-0161-46da-984c-90ffa4b657ee,Malina khatua,2,,worst app,0,,2026-07-24T14:17:40,,
Microsoft Teams,com.microsoft.teams,Productivity,f0bfc7a9-0db4-4c0c-9991-4627d6156668,MD MERAJ ANSARI,5,,very good,0,,2026-07-24T14:03:50,,
Microsoft Teams,com.microsoft.teams,Productivity,c6a5fb45-4129-422a-94dc-01f274882622,IFEANYI NWACHUKWU,5,,easy to use,0,1416/1.0.0.2026132904,2026-07-24T13:34:04,,
Microsoft Teams,com.microsoft.teams,Productivity,042ed8fd-330d-4a54-aa21-3491eabfcb7f,Agniv Saha,5,,good apps,0,1416/1.0.0.2026123608,2026-07-24T12:52:27,,
Microsoft Teams,com.microsoft.teams,Productivity,11fd2c55-efa1-436f-bf74-2c85890d450b,Eric Bautista,5,,using the app daily and no issues,0,1416/1.0.0.2026132904,2026-07-24T12:42:49,,
Microsoft Teams,com.microsoft.teams,Productivity,2ba4a826-e6b1-4f21-b7b2-db04c8f416c6,Tamiru Hailu,5,,good,0,1416/1.0.0.2026112702,2026-07-24T12:32:30,,
Microsoft Teams,com.microsoft.teams,Productivity,d0c46053-9bed-4c0a-9d31-127cd629a387,Surender Kumar,5,,Excited,0,,2026-07-24T12:24:26,,
Microsoft Teams,com.microsoft.teams,Productivity,9ae5070f-5a93-429f-869f-b3121eb239df,Saroj Kumar,3,,heavy application to start and closed,0,1416/1.0.0.2026132904,2026-07-24T12:24:23,,
Microsoft Teams,com.microsoft.teams,Productivity,001a6520-e237-4778-bb8d-1a5134a48f3c,Santu Karmarkar,4,,good,0,1416/1.0.0.2026123608,2026-07-24T12:02:26,,
Microsoft Teams,com.microsoft.teams,Productivity,e1936829-fb26-4699-8e9f-53e5145572aa,niraj kumar,5,,good,0,1416/1.0.0.2026112702,2026-07-24T11:11:01,,
Microsoft Teams,com.microsoft.teams,Productivity,6e557b10-b0ab-40b8-8cc4-af109b2da47b,Bappa Biswas,5,,all good,0,1416/1.0.0.2026123608,2026-07-24T10:46:55,,
Microsoft Teams,com.microsoft.teams,Productivity,2fab2e1f-3c6d-4086-b3e0-e703527ffd7e,Iron Alt,5,,easy to use,0,,2026-07-24T10:28:38,,
Microsoft Teams,com.microsoft.teams,Productivity,24c9daeb-f5ac-425c-9029-23f4dc7d8651,Aiza Amjad,4,,Good experience,0,1416/1.0.0.2026123608,2026-07-24T10:17:43,,
Microsoft Teams,com.microsoft.teams,Productivity,35d90a57-f691-4011-a46e-9dedf4debe2f,OCS Nxtra Hinjewadi,5,,very good 👍,0,1416/1.0.0.2026132904,2026-07-24T10:02:03,,
Microsoft Teams,com.microsoft.teams,Productivity,13f3bcee-a3c4-466d-9e66-b49f72bab524,SACHIN UJAGARE,5,,very good,0,1416/1.0.0.2026123608,2026-07-24T09:50:10,,
Microsoft Teams,com.microsoft.teams,Productivity,841825ad-7e70-4a14-a50d-2363ee069c70,Birungi Joan,1,,it can't send messages&I can't receive messages.,0,1416/1.0.0.2026132904,2026-07-24T09:26:48,,
Microsoft Teams,com.microsoft.teams,Productivity,888c233b-a722-4c58-a5c8-4723b4025011,Desiree Eaton,1,,took away my Google home screen,0,,2026-07-24T09:10:41,,
Microsoft Teams,com.microsoft.teams,Productivity,4bc4e917-8370-480c-9fa9-7a4b14e277d2,Saranya malathi,5,,super,0,1416/1.0.0.2025052402,2026-07-24T09:02:14,,
Microsoft Teams,com.microsoft.teams,Productivity,77f95472-1930-4f96-9224-0bc43500de99,Ricardo “Rudxain” Fernández Serrata,1,,unreliable and bloated as hell,0,1416/1.0.0.2026132904,2026-07-24T08:33:58,,
Microsoft Teams,com.microsoft.teams,Productivity,7c5f3574-120f-4158-ba36-8a43fffa01bb,Kamni Rajput,1,,I don't like the way it works as whenever I use it after a lot of time it starts asking for again making account or entering the password,0,1416/1.0.0.2026132904,2026-07-24T08:31:09,,
Microsoft Teams,com.microsoft.teams,Productivity,d80ea878-be62-412d-8cea-5807826f9bff,broke_lover MXO7,1,,I don't like this app like they make me feel unsafe,0,,2026-07-24T08:23:45,,
Microsoft Teams,com.microsoft.teams,Productivity,73ae6aa5-bd9f-4c7e-829a-50fbe03dcbad,Arlana Chezick,5,,awesome,0,1416/1.0.0.2026132904,2026-07-24T08:01:04,,
Microsoft Teams,com.microsoft.teams,Productivity,45284738-7dfb-4caf-9112-f62e742d682c,Raj Dubey,4,,nice app for meeting.,0,1416/1.0.0.2026132904,2026-07-24T07:46:36,,
Microsoft Teams,com.microsoft.teams,Productivity,a37c3e33-4193-4b3b-bdc5-68b4c17a3e28,Aditya Dongare,5,,Brilliance,0,1416/1.0.0.2026123608,2026-07-24T06:23:06,,
Microsoft Teams,com.microsoft.teams,Productivity,cfd93bb3-6808-4948-8776-02290ef31806,Adam Jarvey,1,,"Very inconsistent with the Windows version. I assume it's okay if you want to join and interact with calls/meetings but as the organiser, the app is pretty much useless without basic features like the calendar view. People need to pay subscription fees to use this service, it would be nice to see a bare minimum amount of effort being put in...",1,1416/1.0.0.2026123608,2026-07-24T03:30:30,,
Microsoft Teams,com.microsoft.teams,Productivity,e02a7e19-6a9a-453a-9ba0-9050b60897b2,Boutokai Tebuke,5,,easy to access and convenient,0,1416/1.0.0.2026082702,2026-07-24T03:19:05,,
Microsoft Teams,com.microsoft.teams,Productivity,47e2fb9a-508d-45bd-a6e2-3ce54ab1826e,Vinh Tran,5,,👌,0,1416/1.0.0.2026132904,2026-07-24T03:10:03,,
Microsoft Teams,com.microsoft.teams,Productivity,79930da4-ceaf-4e73-b40d-e0bf55d8e6fc,Dan Marsden,5,,"Great tool for meetings. Really convenient, and easy to use.",1,1416/1.0.0.2026132904,2026-07-24T02:53:04,,
Microsoft Teams,com.microsoft.teams,Productivity,deea6bfd-d51c-43af-8958-36bd3d71281e,vivek gaur,4,,very Good,0,1416/1.0.0.2026132904,2026-07-24T02:53:00,,
Microsoft Teams,com.microsoft.teams,Productivity,93b58c2d-7db4-4d72-b118-ce9d16b527bf,Maddy D,1,,Yeah I'm going to need a bit better heads up when your app is going to decide not to send crucial time sensitive messages to my boss at a whim. I appreciate that it saved my message as proof of the whimsy.,0,1416/1.0.0.2026132904,2026-07-24T02:00:12,,
Microsoft Teams,com.microsoft.teams,Productivity,17078463-1c76-48d6-b72b-007ad270084e,Gabriel Avena,1,,"This absolute garbage of an app literally won't let me join any meetings at all. I have to join on browser and force the pc version to not get forced to install this fail app. Could not be worst, it quite literally makes a browser functionality NOT work! ""The account you are using doesn't have access"" to a meeting anyone without one can simply join.... What a waste of bits.... Joining in a browser works great, this app? NOPE.",0,1416/1.0.0.2025162702,2026-07-24T01:55:13,,
Microsoft Teams,com.microsoft.teams,Productivity,58dc21a2-5cf4-4c08-ae06-7f51d942dd65,Christine Gwyneth Oleo (GRADE-10 AQUA),5,,this is useful for schools👍✨,0,1416/1.0.0.2026123608,2026-07-24T01:49:59,,
Microsoft Teams,com.microsoft.teams,Productivity,e090819a-485a-4327-b93f-908f21bb490d,Suneel,1,,login just takes to a blank white page and does nothing.,0,,2026-07-24T01:00:43,,
Microsoft Teams,com.microsoft.teams,Productivity,106381cf-3f4f-4311-9506-139a0848ef9c,Lisa Brewer,5,,"have used the app for work on my personal phone for almost a year, so far so good!",0,1416/1.0.0.2026132904,2026-07-24T00:02:14,,
Microsoft Teams,com.microsoft.teams,Productivity,e26728d9-7256-4046-aebe-4902044ac1c9,Tabili Great,2,,the pictures sent to me are taking too long to load please do something now,0,1416/1.0.0.2026132904,2026-07-23T23:33:42,,
Microsoft Teams,com.microsoft.teams,Productivity,0e18edff-4a4e-4a8d-a8b6-3ec305b2d4aa,jadhav durvank,5,,very good and helpful app for me thanks to Microsoft,0,1416/1.0.0.2026123608,2026-07-23T23:28:29,,
Microsoft Teams,com.microsoft.teams,Productivity,73419813-b50b-4c73-acf9-4336904b8bfd,Kaylie Miller,5,,Easy to use on the go or seated at my workspace. Helps bridge the gap with my team who is remote.,1,1416/1.0.0.2026132904,2026-07-23T23:21:55,,
Microsoft Teams,com.microsoft.teams,Productivity,ea7f416c-ac4d-40c1-974c-c696959872ec,Zach,1,,You have to open the app every half hour or they turn off notifications. WHAT IS THE POINT OF PUSH NOTIFICATIONS IF YOU MAKE ME OPEN THE APP EVERY HALF HOUR OR YOU THREATEN TO TURN OFF NOTIFICATIONS? The LOG OUT button is a lie. It does not log you out if it automatically logs in again next time it is opened.,2,1416/1.0.0.2026132904,2026-07-23T23:15:20,,
Microsoft Teams,com.microsoft.teams,Productivity,4f17ebf4-089a-478e-a2ae-f62f5065fc12,Anastasia Cassella,5,,just started using seems to be fully functional,0,1416/1.0.0.2026132904,2026-07-23T23:00:19,,
Microsoft Teams,com.microsoft.teams,Productivity,430ef21d-7fd4-41ea-806f-4e34156f8777,Julia Filander,1,,Bad app,0,1416/1.0.0.2026132904,2026-07-23T22:59:57,,
Microsoft Teams,com.microsoft.teams,Productivity,9b38a052-99b2-44bb-bf3e-a9a512362559,Renee Langley,3,,Please add an option on Android to silence the incoming Teams ringtone while still displaying the incoming call screen. Many users in office environments use Bluetooth headsets and need to see incoming calls without hearing another ringtone.,0,1416/1.0.0.2026132904,2026-07-23T22:59:28,,
Microsoft Teams,com.microsoft.teams,Productivity,805de4ce-38f3-46ce-a0fb-0c0269c4dd3b,kamar lathan,1,,"crashes often, which sucks because many of people use this for work",0,1416/1.0.0.2026132904,2026-07-23T21:46:46,,
Microsoft Teams,com.microsoft.teams,Productivity,afc6b83b-37d0-49d3-b1a6-dc5c960f5165,Łukasz Klimkiewicz,5,,"Microsoft Teams is an excellent communication tool. Meetings are smooth, chat is reliable. The app is stable, fast, and makes teamwork effortless. A solid 5‑star experience.",1,1416/1.0.0.2026132904,2026-07-23T20:21:57,,
Microsoft Teams,com.microsoft.teams,Productivity,53f13ea3-124b-4aaf-a9e7-5463969fdbf3,Steven Kingori,5,,Quite a useful app.,0,,2026-07-23T19:56:25,,
Microsoft Teams,com.microsoft.teams,Productivity,217b4634-f5b6-40bf-8e84-bb10d9ec66d0,Rachelle Araña,1,,not updated,0,1416/1.0.0.2026132904,2026-07-23T19:48:57,,
Microsoft Teams,com.microsoft.teams,Productivity,b80b2dd5-2098-4bfa-a836-cbc48367e7b7,MUHAMMAD HAKIMI,5,,"""Very useful for work and study. The integration with Microsoft Office makes collaboration simple and efficient.""",0,,2026-07-23T19:35:41,,
Microsoft Teams,com.microsoft.teams,Productivity,89443bc5-71f8-4d5b-aaf0-adc2e019d2a6,Amit kumar,5,,thank you,0,1416/1.0.0.2026123608,2026-07-23T19:11:47,,
Microsoft Teams,com.microsoft.teams,Productivity,e7508de5-9980-482e-81f7-1cb057c27d24,Dave Holmes,5,,"teams has been working well, can glitch if a pending update is noted. do the update and restart.",0,1416/1.0.0.2026132904,2026-07-23T19:07:50,,
Microsoft Teams,com.microsoft.teams,Productivity,95f1068e-e41b-4d21-9ac7-eaaaa1dc22b8,chirag aradhya,5,,Good,0,1416/1.0.0.2026123608,2026-07-23T18:54:24,,
Microsoft Teams,com.microsoft.teams,Productivity,7b66ba5d-5b8e-4e87-af15-8cff205f07b5,Thoon Shwe Yee Mg,3,,I like,0,1416/1.0.0.2026132904,2026-07-23T18:42:47,,
Microsoft Teams,com.microsoft.teams,Productivity,f42b44b0-09cb-418f-a36a-2ef784d3d9e7,Stephan Mfune,4,,perfect 👍,0,1416/1.0.0.2026132904,2026-07-23T18:35:43,,
Microsoft Teams,com.microsoft.teams,Productivity,2e856a75-ae49-4cc4-b9ca-e5578b41a2cd,Aditya Kumar,1,,why does the authentication takes 100 tries to log in this terrible app.,0,1416/1.0.0.2026132904,2026-07-23T17:45:09,,
Microsoft Teams,com.microsoft.teams,Productivity,74ffb405-9f93-4815-825c-169e101cd492,Dinesh Ghalme,4,,ok,0,1416/1.0.0.2026112702,2026-07-23T17:41:12,,
Microsoft Teams,com.microsoft.teams,Productivity,0a951e00-787e-4735-ba2f-fef2ae25b23d,Andea cummings,3,,cant get the numbers to join in,0,1416/1.0.0.2026132904,2026-07-23T17:33:51,,
Microsoft Teams,com.microsoft.teams,Productivity,6a9a15d8-e321-4acd-980c-ddadda5fc30b,Marco Zakaria,2,,"the app stopped showing older chats , it tells me to use search but when I use it it doesn't show older chats windows desktop version works fine",0,1416/1.0.0.2026132904,2026-07-23T17:14:34,,
Microsoft Teams,com.microsoft.teams,Productivity,43acaf1a-cb84-4112-a769-c4fc0bd54df9,Lourdes Lim,2,,"App used to work on my phone, and now all of a sudden, it won't because it says that I needed an upgraded Android 🙄",0,1416/1.0.0.2026123608,2026-07-23T16:47:57,,
Microsoft Teams,com.microsoft.teams,Productivity,47e2fc26-7272-4920-8cb3-ecd41d3ccb0c,Sreetama Bhattacharyya,3,,average app,0,1416/1.0.0.2026112702,2026-07-23T16:25:18,,
Microsoft Teams,com.microsoft.teams,Productivity,9d73304f-bfec-424a-809d-e678311bf323,sohail ejaz,5,,great app for the communications purposes,0,1416/1.0.0.2026132904,2026-07-23T15:52:57,,
Microsoft Teams,com.microsoft.teams,Productivity,cb6e5c56-dee4-4707-9d10-a53c3408a116,Thakor Laluji,5,,Nice app,0,1416/1.0.0.2026123608,2026-07-23T15:21:03,,
Microsoft Teams,com.microsoft.teams,Productivity,15888642-6a64-4020-ae18-3f4dcebb605d,Goutham,1,,worst app in the world 😡😡😡😡,0,1416/1.0.0.2026132904,2026-07-23T15:18:51,,
Microsoft Teams,com.microsoft.teams,Productivity,5f1efc77-1089-4c3b-b1a2-676e603ba31e,Dhanasekaran R,5,,good,0,1416/1.0.0.2026132904,2026-07-23T15:16:47,,
Microsoft Teams,com.microsoft.teams,Productivity,64b9857b-0675-4f6a-8d4d-dd48900e6b85,Suh4s_dpex,5,,I genuinely use teams for studies and school,0,,2026-07-23T14:54:21,,
Microsoft Teams,com.microsoft.teams,Productivity,d9730341-dc31-4fd9-a120-f8ef84c28ec2,Abanya Firja,5,,helpful to connect,0,1416/1.0.0.2026033106,2026-07-23T14:53:40,,
Microsoft Teams,com.microsoft.teams,Productivity,6f01f578-14c4-42c0-a188-3dfe7be665a4,Thangapandian Pandi,5,,good,0,1416/1.0.0.2026122504,2026-07-23T14:38:23,,
Microsoft Teams,com.microsoft.teams,Productivity,849d9a0a-8704-4379-aad7-46d2ac0d6714,Hareesh Kumar,5,,"Overall user experience with Microsoft Teams has been fantastic. It has been a reliable tool for communication, meetings, and collaboration, making it easier for teams to stay connected and share information. While it can take some time to get used to all the features and keep things organized, its been an very useful and valuable platform for everyday work.",1,1416/1.0.0.2026132904,2026-07-23T14:32:18,,
Microsoft Teams,com.microsoft.teams,Productivity,6c08a30c-d906-414e-8464-356cb5b9c004,Linamandla Ntontela,5,,It is so convenient and it makes it easier to answer another call even if there is a call on the Team app on the Laptop. This is amazing.,1,1416/1.0.0.2026132904,2026-07-23T12:57:05,,
Microsoft Teams,com.microsoft.teams,Productivity,2f950c2f-5c0f-4ee8-bac4-507eba2f10c5,jolyyy,1,,App crashes on login with my Pixel 10,1,,2026-07-23T12:56:28,,
Microsoft Teams,com.microsoft.teams,Productivity,ebe5440a-b0c5-436a-903e-9e100e487f83,Marek Patočka,2,,"The use of the app is plagued with constant log-outs, often notifications for new messages don't arrive",0,1416/1.0.0.2026132904,2026-07-23T12:31:22,,
Microsoft Teams,com.microsoft.teams,Productivity,e58b62ab-af01-4a95-bc02-7f74a8ee4578,Nurulain Sha,5,,the best apps ever,0,,2026-07-23T11:41:33,,
Microsoft Teams,com.microsoft.teams,Productivity,d23face5-83f5-4ae2-8b6b-f59d04a2b3d0,Rahul Nawadkar,5,,good,0,1416/1.0.0.2026112702,2026-07-23T11:00:28,,
Microsoft Teams,com.microsoft.teams,Productivity,39427e37-b328-4986-a51f-a61b400f12b0,Rishikesh Kumar,5,,very good experience,1,1416/1.0.0.2026132904,2026-07-23T10:40:50,,
Microsoft Teams,com.microsoft.teams,Productivity,03257ed2-b71a-41d7-a653-e414fe8b96f5,Gary Brown,1,,Unable to join other people's meetings. The browser version is worse as it says my account doesn't exist and I go into a loop of pwd reset and no validation email from Microsoft,0,,2026-07-23T10:29:42,,
Microsoft Teams,com.microsoft.teams,Productivity,2df7ce74-4694-40bb-9a09-e72a013e9937,Sohail Ahmed,5,,good app for students for study,0,1416/1.0.0.2026123608,2026-07-23T10:25:14,,
Microsoft Teams,com.microsoft.teams,Productivity,905b98b2-06f0-4e06-952d-1015961e5c51,Saharudin Abdullah,5,,very good,0,1416/1.0.0.2026123608,2026-07-23T10:12:43,,
Microsoft Teams,com.microsoft.teams,Productivity,3f3257b2-8a00-4794-857b-91d05080b40d,Pruthvi Kalidindi,5,,"Excellent team collaboration app, meetings and app integrations are awesome!",0,1416/1.0.0.2026123608,2026-07-23T09:30:36,,
Microsoft Teams,com.microsoft.teams,Productivity,3669266c-1aa7-476e-b8e4-ac7ae376c7d2,Vishal Sharma,4,,i am getting extra padding in keyboard edit: thanks for fixing the issue,2,1416/1.0.0.2026132904,2026-07-23T09:10:16,,
Microsoft Teams,com.microsoft.teams,Productivity,78ed0330-1719-4658-9e35-756b46d7e988,Periasamy G,4,,good,0,1416/1.0.0.2026123608,2026-07-23T07:38:33,,
Microsoft Teams,com.microsoft.teams,Productivity,fb57bb1b-16b0-42a5-a825-07d78b31d5ee,Sabrina G.,5,,it was good.,0,,2026-07-23T05:32:40,,
Microsoft Teams,com.microsoft.teams,Productivity,edde5790-6ebe-4bf6-afea-cb4ada6a59dc,Sandip Guneshwar,1,,not working on Android 12,1,1416/1.0.0.2026123608,2026-07-23T03:46:54,,
Microsoft Teams,com.microsoft.teams,Productivity,062f2421-bea3-4117-9319-597061df2955,Sebas Betancur,1,,"Update Jul 2026: I simply cannot rely on Teams. Crashes entering, messaging, calling, unfortunately I have to use it because my job demands it. I can't count the number of messages I've sent that haven't been delivered. If something is expected from a messaging application, it is that it fulfills its promise of value and Teams does not fulfill it.",4,1416/1.0.0.2026132904,2026-07-23T02:41:30,,
Microsoft Teams,com.microsoft.teams,Productivity,bca2805a-c4c6-4ea7-9157-fd61a50539f9,Dave Fallon,1,,Unstable and poor execution. Now they won't let you join meetings on cell without the unstable app. Microsoft is going downhill at a fast pace......,0,1416/1.0.0.2026015202,2026-07-23T01:35:40,,
Microsoft Teams,com.microsoft.teams,Productivity,a27169ad-16c4-407e-beea-5cbaf394f2f1,Makanjuola Joseph,5,,love it,0,1416/1.0.0.2026123608,2026-07-23T00:15:59,,
Microsoft Teams,com.microsoft.teams,Productivity,f10cbdbe-ffff-46f1-9add-d23572272ff5,Nicole Cortese,2,,Does not work well with most androids. alot of stuff that gets put in is corrupted and u cant view anything. my job uses it for all staff for work schedules and notifications. not such a great app,0,1416/1.0.0.2026132904,2026-07-22T23:26:34,,
Microsoft Teams,com.microsoft.teams,Productivity,2ae0bafa-17e1-42fa-bc81-4f4efcd8f515,Tracy Thomas,1,,"It does nothing, you would think after you download it take you there or click OPEN but it doesn't",0,1416/1.0.0.2026123608,2026-07-22T22:17:47,,
Microsoft Teams,com.microsoft.teams,Productivity,46a5b5fc-7398-4c47-9792-315465c86ce0,BJ Ehrenberg,1,,"Edit the most recent update does NOT fix this. The latest update is broken. I constantly get notifications that I need to ""Open Teams to continue receiving notifications"". Never had that happen in all the years of using Teams until the recent update. Please fix this ASAP!",32,,2026-07-22T22:05:07,,
Microsoft Teams,com.microsoft.teams,Productivity,4383f616-f56d-421b-8c23-e36aea5360de,V V,2,,does not work well with fold. when unfolded keyboard covers text and you cannot see what you are typing. I have to close my phone to type text in a chat. very annoying,1,1416/1.0.0.2026132904,2026-07-22T21:47:22,,
Microsoft Teams,com.microsoft.teams,Productivity,65cc9bae-f2b4-4a39-bbd8-8c411c557824,Khaled Rabbah,1,,اسوء حاجة عملتها ميكروسوفت,0,1416/1.0.0.2026132904,2026-07-22T21:23:18,,
Microsoft Teams,com.microsoft.teams,Productivity,7ee44259-b722-4d1f-973e-1ec559e8ae84,Steven Banks,4,,"As of mid-2026, Teams has been relatively stable, and I live in it daily. I'm not a fan of the condensed views of chats, teams, and channels; thankful we can still break chats out to a separate view.",1,1416/1.0.0.2026132904,2026-07-22T20:42:39,,
Microsoft Teams,com.microsoft.teams,Productivity,d1694226-fb6e-46b2-898c-dc678ea1b981,Soumyajit Roy,1,,very poor app in my smart phone it is loading and close,0,1416/1.0.0.2024014204,2026-07-22T20:40:37,,
Microsoft Teams,com.microsoft.teams,Productivity,7dcaff83-2c9d-4914-a3f2-b88f4dafd3c6,Mathebula Muano,5,,it's awesome,1,1416/1.0.0.2026062402,2026-07-22T20:39:08,,
Microsoft Teams,com.microsoft.teams,Productivity,388c91b3-e71b-4f4e-a53d-ecaf38fd1c8c,Monika K.,1,,"All chat history is gone, all my saved contacts have vanished. Interface is very unintuitive. Having video call open and going to the same call chat to send some info, is impossible to get back to the call screen. Do not recommend. Its high time to switch to more user-friendly and reliable apps",0,1416/1.0.0.2026132904,2026-07-22T20:18:15,,
Microsoft Teams,com.microsoft.teams,Productivity,d1c0bfbd-8e45-43ca-96db-92efe5a9a991,Thekgo Mathatho,5,,perfect app to use for school things,1,1416/1.0.0.2026123608,2026-07-22T19:21:59,,
Microsoft Teams,com.microsoft.teams,Productivity,52ea4e00-960f-4b54-9917-c93d2d331917,Fareed Ismail,5,,Works like the desktop version. Reliable and serves its purpose,2,1416/1.0.0.2026132904,2026-07-22T18:55:43,,
Microsoft Teams,com.microsoft.teams,Productivity,7f5b6e25-cc7b-480f-9558-75df76d83371,supriyarani panda,4,,you should add a feature to mute a specific section in the teams chat. so that we can add unwanted chats in a section and mute all the group chats at once. It'll save us from unnecessary distractions.,0,1416/1.0.0.2026123608,2026-07-22T18:48:50,,
Microsoft Teams,com.microsoft.teams,Productivity,35e93791-328b-4eee-9f15-b05001f00b67,Misha Anandani,1,,this stopped working in Android 14 version. asking to update 15. this is so hectic in the mid it stopped working. please resolve this,0,1416/1.0.0.2021206203,2026-07-22T18:23:09,,
Microsoft Teams,com.microsoft.teams,Productivity,05c81ee8-4c44-40c7-adb6-e4641e2a1fca,devika nanda,5,,An amazing app for work and classes. 5/5,1,1416/1.0.0.2026123608,2026-07-22T18:06:18,,
Microsoft Teams,com.microsoft.teams,Productivity,bdb97be6-4dab-435a-b5ce-af4433322485,D Kwon,1,,push alerts aren't working.,1,1416/1.0.0.2026132904,2026-07-22T17:58:00,,
Microsoft Teams,com.microsoft.teams,Productivity,1600e755-5275-4c8e-a300-54dcebf27b8f,Juvelyn Abellar,5,,For school and help send home work,0,1416/1.0.0.2026123608,2026-07-22T17:53:47,,
Microsoft Teams,com.microsoft.teams,Productivity,62be700e-ddc7-4208-a065-8daf1c4a8385,0099 NURUL SYAZWANI BINTI GHAZALI,5,,"Microsoft Teams is an excellent collaboration platform for work and study. It makes communication easy with chat, video meetings, file sharing, and seamless integration with Microsoft 365 apps. The interface is user-friendly, meetings are reliable, and it helps teams stay organized and productive. Highly recommended for remote work, online classes, and business collaboration.",0,1416/1.0.0.2026033106,2026-07-22T17:52:37,,
Microsoft Teams,com.microsoft.teams,Productivity,5bae977b-3f96-4856-9658-16639d4401a6,Nicolette Head,5,,Excellent quality,0,1416/1.0.0.2026074102,2026-07-22T17:44:27,,
Microsoft Teams,com.microsoft.teams,Productivity,fcb6f167-bb37-41a9-a767-af370693dbf2,Thedrick Scott,4,,Good but glitches at times,0,1416/1.0.0.2026123608,2026-07-22T17:32:20,,
Microsoft Teams,com.microsoft.teams,Productivity,e771621c-3812-4ea2-b66f-cf4fd6ca1eb3,mohammed aaqib,5,,greate,0,1416/1.0.0.2026132904,2026-07-22T16:48:55,,
Microsoft Teams,com.microsoft.teams,Productivity,04ea7ab8-764f-4032-b076-3799d3392655,Mphenene Daniel Motloung,5,,100% fast and responsive,0,1416/1.0.0.2026132904,2026-07-22T16:13:54,,
Microsoft Teams,com.microsoft.teams,Productivity,8628b563-1d86-439c-9e06-7b403ab02632,Tin Tun,5,,The best app I ever used,0,1416/1.0.0.2026132904,2026-07-22T15:01:13,,
Microsoft Teams,com.microsoft.teams,Productivity,0ae0caae-c8da-4639-92c9-6a7f9210d95b,Umar Masroor,4,,good app... but there is a weird white speace recently on my new phone above my keyboard when i want to type something,0,1416/1.0.0.2026123608,2026-07-22T14:59:46,,
Microsoft Teams,com.microsoft.teams,Productivity,4e5865ba-6d4e-43d3-b111-5af81af419bd,CBZ Merchant Services Harare region,5,,the app is superb,0,1416/1.0.0.2026123608,2026-07-22T14:54:46,,
Microsoft Teams,com.microsoft.teams,Productivity,861c4229-0588-46dc-a2da-3d01550547cd,Mutombo Junior,5,,Just amazing,0,1416/1.0.0.2026123608,2026-07-22T14:26:08,,
Microsoft Teams,com.microsoft.teams,Productivity,e89715bc-69c9-4f03-8cde-e619a1fa3fc2,Asit Kumar Santra,5,,Fantabulous,0,1416/1.0.0.2026122504,2026-07-22T14:15:33,,
Microsoft Teams,com.microsoft.teams,Productivity,9ec2d369-ac36-47f2-898c-a78de2c85c08,Ram,3,,"facing issue that, seen/read chats were not updated in mobile App hope you guys fix this.",0,1416/1.0.0.2026123608,2026-07-22T14:13:29,,
Microsoft Teams,com.microsoft.teams,Productivity,708d28f8-8422-4588-a610-2405a0173a16,Dr. Pholchai Limviphuvadh,5,,I'm very much appreciated as an subscriber of this app. Thank you so much.,0,,2026-07-22T13:35:30,,
Microsoft Teams,com.microsoft.teams,Productivity,61727abb-96cf-4473-b188-5b99da6e2ac4,ksks 503,5,,very nice,0,1416/1.0.0.2026123608,2026-07-22T13:33:18,,
Microsoft Teams,com.microsoft.teams,Productivity,33c4677e-1b7b-42ae-aa35-8f684c6343cf,Syed Zumar,5,,"nice app, and easy to use. recommended",0,1416/1.0.0.2026123608,2026-07-22T12:22:35,,
Microsoft Teams,com.microsoft.teams,Productivity,7ab01de7-666d-4f44-9c26-e903c6283455,Ayanda Sandra Ncongwane,1,,Can't save the app,0,1416/1.0.0.2026112702,2026-07-22T11:51:40,,
Microsoft Teams,com.microsoft.teams,Productivity,4dc3f3c0-e815-4687-a2a7-3185d505cb24,Elizabeth Wayua,3,,can't login for a meeting,0,,2026-07-22T11:45:37,,
Microsoft Teams,com.microsoft.teams,Productivity,af1d6a22-ea37-424b-a147-caebeef28f6c,Ravi Tej,5,,good,0,1416/1.0.0.2026123608,2026-07-22T11:43:29,,
Microsoft Teams,com.microsoft.teams,Productivity,0777438b-490c-4fc8-918c-0f97d1a37a95,Umair Khan,5,,great,0,1416/1.0.0.2026123608,2026-07-22T10:54:16,,
Microsoft Teams,com.microsoft.teams,Productivity,e50a85b2-e469-4bbf-b340-861864bf0876,John Menju,5,,good,0,,2026-07-22T10:32:04,,
Microsoft Teams,com.microsoft.teams,Productivity,99bd76f2-8981-4f85-8ea9-71cc5c00f36c,Allan Talag,5,,User friendly,0,1416/1.0.0.2026123608,2026-07-22T09:44:55,,
Microsoft Teams,com.microsoft.teams,Productivity,34060286-9121-4183-a03a-843d5a47423e,Maylene Nudo,5,,good,0,1416/1.0.0.2026123608,2026-07-22T09:14:55,,
Microsoft Teams,com.microsoft.teams,Productivity,dfff117e-debf-48b7-8468-1ff9222068e8,Asamoah Gyam Nava Diaz,5,,BEST APP FOR CALLS I LOVE MICROSOFT THANK YOU SO MUCH FOR THIS APP THANK YOU THANK YOU,0,1416/1.0.0.2026123608,2026-07-22T09:11:09,,
Microsoft Teams,com.microsoft.teams,Productivity,a031f532-14ce-406f-afb9-f58d51581145,Ko Tun,5,,good,0,,2026-07-22T08:51:21,,
Microsoft Teams,com.microsoft.teams,Productivity,e7219c95-7703-49cc-8616-9874eedcc99e,Ariyawat Ch,1,,there is a bug that it show big blank space between keyboard and text area that blinds all the text area,0,1416/1.0.0.2026123608,2026-07-22T08:51:13,,
Microsoft Teams,com.microsoft.teams,Productivity,7aec736a-e618-4724-abd6-90aa4a41306d,ALL IN ONE,5,,nice,0,,2026-07-22T08:49:20,,
Microsoft Teams,com.microsoft.teams,Productivity,cc7b3b6d-9a38-457d-b04a-bc97adbb5ceb,The zealous The hacker,1,,so slow ... !,0,1416/1.0.0.2026123608,2026-07-22T08:21:55,,
Microsoft Teams,com.microsoft.teams,Productivity,04ec4ef8-1c7b-48e1-abd1-71bc73b047be,Vikash Periwal,1,,Unable to login to the app despite several tries and reinstalls,1,1416/1.0.0.2026132904,2026-07-22T08:03:05,,
Microsoft Teams,com.microsoft.teams,Productivity,aa6d6b30-e7e6-4ac5-bf44-0290863503b4,Thirupathi Balaji,5,,Appreciated the team who developed and continuous improving... Few Impressions with me below - Easy connect anywhere any mobile - Crystal clear Audio/Video - Easy Virtual Audio Translation of international - Works fine at low network also - User friendly customized priority icons (home page).. I preferred calander/task/messages..,0,,2026-07-22T07:17:23,,
Microsoft Teams,com.microsoft.teams,Productivity,89b51367-c76e-49f9-b741-d0d923011056,William Pranata,1,,"please fix keyboard bug when chat using this apps. there is a big space betwen chat and keyboard. im using vivo x80. i noticed my other friend phone, iqoo having same problem",1,1416/1.0.0.2026123608,2026-07-22T06:59:30,,
Microsoft Teams,com.microsoft.teams,Productivity,05458a92-863c-493f-92be-d5f77cf2981c,Mark Ryan Lomibao,4,,great for business,0,1416/1.0.0.2026123608,2026-07-22T06:16:29,,
Microsoft Teams,com.microsoft.teams,Productivity,0c2690c5-eae7-4e21-9f36-b6127f8601f1,D.M. Rydzewski,1,,not user friendly,0,1416/1.0.0.2026132904,2026-07-22T05:17:24,,
Microsoft Teams,com.microsoft.teams,Productivity,fc7d48c1-fd33-4499-bd3a-92b62c164276,Marthelius Green,5,,nice!,0,1416/1.0.0.2026123608,2026-07-22T04:51:40,,
Microsoft Teams,com.microsoft.teams,Productivity,c7b94d8a-17a2-4a85-8e8d-ee24072541d8,J Himmell,1,,Often gets locked/blocked I assume due to intune and I have to wait a day to get back in despite being able to get in portal fine. Only using it because I have to for work.,1,1416/1.0.0.2026123608,2026-07-22T04:51:15,,
Microsoft Teams,com.microsoft.teams,Productivity,047e18d7-e72e-40b9-ad84-9c32be35d2a5,Ferris Maghi,1,,"when i open the app with no internet connection, it goes into a log in loop. which can only be fixed by clearing app data. so frustrating. the UX of Skype 10 years ago was much better than this",2,1416/1.0.0.2026122504,2026-07-22T04:08:24,,
Microsoft Teams,com.microsoft.teams,Productivity,b7750e1e-8c8c-48b2-ac08-286a1f2f4583,Kids Account,1,,dear: Microsoft corporation I'm here because my teams it not work properly and it's not working during class if you could fix it that would be great but right now it's really annoying me that I'm getting bad grade because Microsoft teams isn't working properly and making me use my outlook to send it to the teacher making it easier for him to detect my use of chat gpt and it probably made it so other kids get bad grades because of teams so can you please fix it. yours sincerely: lee lindblom,0,1416/1.0.0.2026123608,2026-07-22T03:27:34,,
Microsoft Teams,com.microsoft.teams,Productivity,f6a9b24e-8e12-4f38-9958-0a28dffe8b0d,Dianne Scales,5,,easy to use and communicate with others in your team,0,1416/1.0.0.2026123608,2026-07-22T03:20:39,,
Microsoft Teams,com.microsoft.teams,Productivity,88d77bd6-e3b9-4833-b392-4ffa85c57af6,Barbie Gibson,5,,great communications with the management team.,0,1416/1.0.0.2026123608,2026-07-22T02:56:55,,
Microsoft Teams,com.microsoft.teams,Productivity,36691e19-1b8f-4c98-a516-4de86937851d,Iyanu Arowosola,5,,The app is reliable,0,1416/1.0.0.2026123608,2026-07-22T02:12:57,,
Microsoft Teams,com.microsoft.teams,Productivity,508d69c2-ec05-4ac8-8682-f45a32a9d955,Blessan Bl,5,,officially the best,0,1416/1.0.0.2026123608,2026-07-22T00:46:59,,
Microsoft Teams,com.microsoft.teams,Productivity,a712ce15-b3e8-4487-bdde-9ebead673064,Sohail Imran,5,,good one,0,1416/1.0.0.2026123608,2026-07-22T00:07:58,,
Microsoft Teams,com.microsoft.teams,Productivity,cd64540a-2c6a-4c16-aa29-2d443b88b97d,Tamerecaliss,1,,boooo,1,1416/1.0.0.2026123608,2026-07-22T00:05:42,,
Microsoft Teams,com.microsoft.teams,Productivity,2052bf6e-47a1-40d4-81f8-50718f0f7cc5,Kelvin Macharia,5,,nice,0,1416/1.0.0.2026132904,2026-07-21T23:52:40,,
Microsoft Teams,com.microsoft.teams,Productivity,7643a2ac-d9ed-414c-9b33-e95e42f6e7a5,Maxx Emmons,1,,"Microsoft sucks at everything they do. I don't get notified from channels any more for seemingly zero reason. the app constantly tells me it updtaed itself, it's super slow once you're using it. and to top it all off, it's prone to crashing.",1,1416/1.0.0.2026132904,2026-07-21T23:49:20,,
Microsoft Teams,com.microsoft.teams,Productivity,d738286e-f5ca-4a70-983d-7a453565769b,fadare damilola,4,,nice,0,1416/1.0.0.2026123608,2026-07-21T23:19:13,,
Microsoft Teams,com.microsoft.teams,Productivity,20f15ada-fe11-4542-993e-da14d0093437,Yogesh Badade,1,,"with your recent update, when replying to someone individual or group chat, the message goes up all the way and i cannot see or read conversation. i have to type Fully and send to see conversation. also mentions using @ doesn't give names to select in group chat or individual chats. please fix this",1,1416/1.0.0.2026123608,2026-07-21T22:48:07,,
Microsoft Teams,com.microsoft.teams,Productivity,d084caea-1149-4c67-9c04-eee3fca0cca0,Karen Broman,5,,"much better, teams has improved in the past few years",0,1416/1.0.0.2026112702,2026-07-21T22:45:33,,
Microsoft Teams,com.microsoft.teams,Productivity,fa91d7c8-efec-4f3d-a0a7-94454cc16368,Pedro Zapata,5,,Easy to use and effective for Teamwork,0,1416/1.0.0.2026123608,2026-07-21T22:06:55,,
Microsoft Teams,com.microsoft.teams,Productivity,52d9d064-aba7-4dc5-99b1-2ce255b92500,rhealyn Castanares,5,,its good and safe,0,1416/1.0.0.2026123608,2026-07-21T21:52:31,,
Microsoft Teams,com.microsoft.teams,Productivity,51621833-78ad-4f30-8df8-ae2000eb46b2,Muhammad Asif Zaman,3,,A lot of glitches related to notifications and chats. A lot of improvement is needed in that regard.,2,1416/1.0.0.2026132904,2026-07-21T21:28:03,,
Microsoft Teams,com.microsoft.teams,Productivity,b374ebc0-d613-4d07-a6fa-39560a8a8224,Gary Beal,5,,Very handy for communication. Just be careful...,0,1416/1.0.0.2026123608,2026-07-21T21:01:11,,
Microsoft Teams,com.microsoft.teams,Productivity,1ba37d30-bf31-450b-93a4-5ceda85cf3c2,Cae Watson,1,,"Couldn't find my account, despite the fact I was actively using said account on my PC. This is nonsense.",1,1416/1.0.0.2026123608,2026-07-21T20:58:34,,
Microsoft Teams,com.microsoft.teams,Productivity,9b35bd5c-f8d5-497c-a73b-c51e59fcdd23,Trevis Gardner,5,,Pretty Solid app on Android Galaxy S26 Ultra,0,1416/1.0.0.2026123608,2026-07-21T20:58:32,,
Microsoft Teams,com.microsoft.teams,Productivity,73d4ead3-0101-482a-9a69-83b66675f8dc,Asif Ameer,5,,good,0,1416/1.0.0.2026123608,2026-07-21T19:59:47,,
Microsoft Teams,com.microsoft.teams,Productivity,7a790c80-8b1b-43ee-8ee7-bb9ce249368c,Laura Jackson,1,,Can't share videos on Teams calls. This includes sharing with or without sounds.,0,1416/1.0.0.2026123608,2026-07-21T19:58:48,,
Microsoft Teams,com.microsoft.teams,Productivity,24c45cf4-e238-49d6-8044-513909e4822c,Maryjane Robles,5,,Easy to navigate and great to use for interviews. Also during training recordings can be done.,0,1416/1.0.0.2026123608,2026-07-21T19:27:39,,
Microsoft Teams,com.microsoft.teams,Productivity,071ef531-6d00-4770-a3bf-87ad6d39040c,Naveen Kumar,5,,nice,0,1416/1.0.0.2026082702,2026-07-21T19:10:24,,
Microsoft Teams,com.microsoft.teams,Productivity,11c9a0ea-98fe-42a5-ada4-f94ca3e24069,Durgesh sakla,5,,good 👍 experience,0,1416/1.0.0.2026123608,2026-07-21T18:51:11,,
Microsoft Teams,com.microsoft.teams,Productivity,490233d1-544a-4a77-ba6f-319a623ae099,babalu metadiya,5,,Good App For Online Meeting And Lot Of Option Are Available,0,1416/1.0.0.2026123608,2026-07-21T18:49:36,,
Microsoft Teams,com.microsoft.teams,Productivity,a2d958f3-8a9d-4351-8374-52ba3626f95f,Musical Harshit,1,,microslop can't make anything right,1,,2026-07-21T18:13:00,,
Microsoft Teams,com.microsoft.teams,Productivity,98c97d26-cd29-45fc-b07e-e0efa665f41f,KK Rohit,4,,Great for Academic and Professional team meetings. thank you.,0,1416/1.0.0.2026123608,2026-07-21T18:07:14,,
Microsoft Teams,com.microsoft.teams,Productivity,b38b77ef-6b45-48fe-ab4b-5d8a170ced99,Billuz Billuz,5,,Good,0,1416/1.0.0.2026123608,2026-07-21T18:05:04,,
Microsoft Teams,com.microsoft.teams,Productivity,44b75723-f494-46d4-b814-a22e74a37ba8,Amar Yadav,4,,very good,0,1416/1.0.0.2026132904,2026-07-21T17:51:38,,
Microsoft Teams,com.microsoft.teams,Productivity,ad754c86-7c1e-424e-b9bb-0c18d8ec7de1,Christopher lea Downey,5,,im going to start my team of 5-10 this week,0,1416/1.0.0.2026123608,2026-07-21T16:59:50,,
Microsoft Teams,com.microsoft.teams,Productivity,18586568-684c-4ed3-a709-223818528080,Stephen Vanpraise,5,,excellent,0,,2026-07-21T16:28:27,,
Microsoft Teams,com.microsoft.teams,Productivity,37a3d363-d44f-4035-ab5e-43c7872490b8,James Lwaina,4,,Good for officer communication,0,1416/1.0.0.2026123608,2026-07-21T16:26:35,,
Microsoft Teams,com.microsoft.teams,Productivity,d3edf7d5-ba7e-4766-bfe3-d769c8b4bcfb,Harsha G14 VLSI,4,,Good,0,1416/1.0.0.2026123608,2026-07-21T15:42:47,,
Microsoft Teams,com.microsoft.teams,Productivity,576baba3-fb82-4ac1-860c-10df13ef98d3,Daniel,1,,The app makes it very difficult to figure out how to join a meeting using meeting code.,1,1416/1.0.0.2026122504,2026-07-21T15:30:41,,
Microsoft Teams,com.microsoft.teams,Productivity,d14948c3-895c-41fa-bb56-31d687143868,vikas srivastava,5,,good,0,1416/1.0.0.2026123608,2026-07-21T15:03:13,,
Microsoft Teams,com.microsoft.teams,Productivity,38928f5f-d02e-4f44-a0bb-541a65471e7a,Tahir Md,5,,super,0,,2026-07-21T14:48:05,,
Microsoft Teams,com.microsoft.teams,Productivity,28cc7400-4c52-490a-902e-9f7903d89457,Stiofáinín Ní Chléirigh,1,,deplorable crashes to many times had it on my phone and crashed my phone lost everything,0,,2026-07-21T14:36:20,,
Microsoft Teams,com.microsoft.teams,Productivity,0b6ed58b-c411-4718-afbe-8120b7a18fd9,P Shashi,1,,Worst app not working properly on the phone and in the laptop.,0,1416/1.0.0.2026123608,2026-07-21T14:20:06,,
Microsoft Teams,com.microsoft.teams,Productivity,077e007c-75b4-416f-b06e-d9f1dfb2b5be,Bridget Francis,5,,ok,0,1416/1.0.0.2026123608,2026-07-21T14:16:13,,
Microsoft Teams,com.microsoft.teams,Productivity,69fa6aa8-0cdb-4ee6-952f-3848cf2ba5aa,Sibo Bonheur,4,,awesome 👍💯,0,1416/1.0.0.2026123608,2026-07-21T14:08:36,,
Microsoft Teams,com.microsoft.teams,Productivity,ba7b59e7-34af-4e71-acb3-0126a7e0b99e,Divya Ch,5,,good,0,1416/1.0.0.2026123608,2026-07-21T13:22:25,,
Microsoft Teams,com.microsoft.teams,Productivity,6f50f032-f9c9-40c9-80ba-d133df63da01,Rounak Naskar,5,,Great app for working professionals,0,1416/1.0.0.2026123608,2026-07-21T13:19:51,,
Microsoft Teams,com.microsoft.teams,Productivity,a1082161-3459-41ea-aa25-78b1bb335989,Narendra Kumar,5,,good,0,1416/1.0.0.2026123608,2026-07-21T13:08:40,,
Microsoft Teams,com.microsoft.teams,Productivity,73136133-2cbb-429a-9105-792ffc297e8f,Yanty Hisham,5,,good experience with this app.,0,,2026-07-21T12:58:42,,
Microsoft Teams,com.microsoft.teams,Productivity,2438cb84-62b7-4719-a269-6a2f35bdf274,Vlad Sirbu,5,,"For me is a great way when you have courses. Can share screen and you do not need other apps to share files or any materials , it can be done on the app via messages. Thumbs up 👍",1,1416/1.0.0.2026123608,2026-07-21T12:39:56,,
Microsoft Teams,com.microsoft.teams,Productivity,c0b1c5e4-e779-4698-a97f-532694eda9cc,Sumit Mitra,5,,Good,0,1416/1.0.0.2026123608,2026-07-21T12:32:14,,
Microsoft Teams,com.microsoft.teams,Productivity,2e52606b-3579-47ee-9868-4856557ef9d6,Ashraf Zainal,1,,"Had to use for work, keep removing my chat and failed at something. 4 my chat remains, the unimportant one. Even using search failed.",0,1416/1.0.0.2026123608,2026-07-21T12:31:35,,
Microsoft Teams,com.microsoft.teams,Productivity,401e92b0-c790-4744-aaa9-673ebd0c389b,Conré Boshoff,4,,works great for my online school😁,0,1416/1.0.0.2026123608,2026-07-21T12:30:37,,
Microsoft Teams,com.microsoft.teams,Productivity,28f17330-99dc-4e13-9528-2a764b411a35,Ramkrushna Rathod,5,,good 👍 app very useful,0,1416/1.0.0.2026112702,2026-07-21T11:09:34,,
Microsoft Teams,com.microsoft.teams,Productivity,aaf10210-04d4-40e5-a006-913f112c7f0b,Nitin Bhandari,5,,I blink twice,0,1416/1.0.0.2026123608,2026-07-21T10:34:38,,
Microsoft Teams,com.microsoft.teams,Productivity,712db066-6781-4606-9d13-a75edad29582,aizat nazri,5,,"Microsoft Teams is an excellent collaboration app for work and online meetings. It offers reliable video calls, chat, file sharing, and seamless integration with Microsoft Office. The interface is user-friendly, making it easy to communicate and collaborate with teams from anywhere. Highly recommended for both business and education.",0,1416/1.0.0.2026123608,2026-07-21T10:33:31,,
Microsoft Teams,com.microsoft.teams,Productivity,0a279952-fc35-412b-83f1-28014aaeaf73,abdul aziz,5,,i love it,0,1416/1.0.0.2026123608,2026-07-21T10:32:54,,
Microsoft Teams,com.microsoft.teams,Productivity,e2265b2e-754f-4730-a5be-38b3ff7a0b8a,Sharir Husain,5,,Best for corporate style,0,1416/1.0.0.2026122504,2026-07-21T10:17:37,,
Microsoft Teams,com.microsoft.teams,Productivity,5322003f-4bbf-4ee7-afec-92121e6fd02c,Andrei Blajievschii,1,,After an update all my chats disappeared 😑,7,1416/1.0.0.2026123608,2026-07-21T10:16:55,,
Microsoft Teams,com.microsoft.teams,Productivity,aefe569c-cd1b-407f-9d66-6c3c28f019eb,"QUINTANA, Leigh Anne C.",1,,I am experiencing a problem that stops me from doing my job!!!!! i hate this app,0,,2026-07-21T10:15:27,,
Microsoft Teams,com.microsoft.teams,Productivity,90799c4b-5a9c-4cca-b7aa-8d312cce098e,Herlin Abdurachman,5,,keren praktis and easy way,0,,2026-07-21T09:01:01,,
Microsoft Teams,com.microsoft.teams,Productivity,9643d842-ef24-447c-a82e-5b5072483b90,Sagar Sagar,5,,good experience,0,,2026-07-21T08:48:25,,
Microsoft Teams,com.microsoft.teams,Productivity,28ed3e64-a4ae-433e-afc8-df479fa0e486,Santosh Rai,5,,excellent,0,1416/1.0.0.2026123608,2026-07-21T08:41:07,,
Microsoft Teams,com.microsoft.teams,Productivity,59633532-3b46-4042-8b25-4c9d5523edae,Jason Hokkanen,5,,very smooth!,0,1416/1.0.0.2026123608,2026-07-21T08:14:49,,
Microsoft Teams,com.microsoft.teams,Productivity,f605b559-4087-4c5c-86ec-672d3b798720,Chihuwa Hua,5,,"it is very good apps to work, class and hybrid meeting",0,,2026-07-21T06:45:36,,
Microsoft Teams,com.microsoft.teams,Productivity,d65769c1-ead3-4255-973a-b0eb91a20293,SHIVAJI Dora Alla,3,,"lot of bugs, no notifications, no call rings, no sync between device (mobile and laptop), veryyy woreeestuuu performs in app world.",0,,2026-07-21T06:43:55,,
Microsoft Teams,com.microsoft.teams,Productivity,23e6261e-2f29-444b-a7d2-657fbaa81bf8,Amit Biswas,4,,it's a really nice app,0,1416/1.0.0.2026122504,2026-07-21T06:18:42,,
Microsoft Teams,com.microsoft.teams,Productivity,45c530c7-abdf-4e11-ba47-cd637da92bce,Juan Amezcua,5,,good app,0,,2026-07-21T05:11:17,,
Microsoft Teams,com.microsoft.teams,Productivity,287abf5d-40ba-4b6f-ad05-9e433c2ba1dd,Steve Mathias,2,,"the app has usually worked well, but last week it started randomly not outputting audio, regardless of if I use headphones, standard phone audio, or speakerphone. it's unusable until it's fixed.",0,1416/1.0.0.2026123608,2026-07-21T04:37:50,,
Microsoft Teams,com.microsoft.teams,Productivity,3777c8ba-053e-443d-b35e-c95ebe3a677e,Reign “Rei” Garcia,1,,It keeps bugging. Can't send messages and sometimes it crashes and then closed,0,1416/1.0.0.2026123608,2026-07-21T04:13:22,,
Microsoft Teams,com.microsoft.teams,Productivity,9e5319c8-20df-4ea2-a39c-ea35dbf9e51f,Kushal,5,,great,0,1416/1.0.0.2026123608,2026-07-21T03:53:26,,
Microsoft Teams,com.microsoft.teams,Productivity,df098426-a54a-4abd-b6b2-80fa73e9e8e3,Mikaella Maria Burce Gaton,3,,easy to use,0,1416/1.0.0.2026123608,2026-07-21T03:38:14,,
Microsoft Teams,com.microsoft.teams,Productivity,41bf7aff-39fc-43ff-b928-67e3944ffcc5,Alan Waterman,2,,Volume down doesn't work on speaker. meetings take a while to update - I've missed meetings because of y this. Gets very hoy whilst using web cam.,0,1416/1.0.0.2026123608,2026-07-21T01:27:47,,
Microsoft Teams,com.microsoft.teams,Productivity,da70141d-b5c0-45a8-a9c4-d641041b63ee,Joseph Aurelius,1,,"Probably one of the worst apps out there of its kind. For whatever reason my company's had implemented this app and I hate it. Calls aren't always forwarded and messages often don't make it through. Voicemail icon shows when there's new voicemail, but when you open the voicemail page it says there are no messages. Despite having the option to download files, it never works unless you first open file within the app. And that goes for the desktop version as well. Teams is garbage all around.",6,,2026-07-21T01:26:15,,
Microsoft Teams,com.microsoft.teams,Productivity,ec16f17e-78d5-40a8-b5e9-f89e16b0005b,Pratham Meshram,2,,In the teams app there is a mute option while working with a big group or in a meeting where people are saying something but some people mute the person who is speaking so it is very disrespectful and who muted the person we couldn't find so can you please update the app that if the person is muting the other person there name mentioned that this person muted the person who is speaking. Thank you,0,,2026-07-20T23:25:43,,
Microsoft Teams,com.microsoft.teams,Productivity,3f46e27b-c75c-4f73-ab1e-e0c773968a9a,Precious Sibedula,5,,Good,0,1416/1.0.0.2026123608,2026-07-20T23:23:25,,
Microsoft Teams,com.microsoft.teams,Productivity,d756bc9e-370e-419e-a7bf-c0572cf03e15,Paul Khuphwathea,5,,Nice,0,1416/1.0.0.2026123608,2026-07-20T23:03:24,,
Microsoft Teams,com.microsoft.teams,Productivity,b466edfd-d41a-4750-a43a-c4af719a233f,Rajendra Gupta,5,,good,0,1416/1.0.0.2026123608,2026-07-20T22:55:48,,
Microsoft Teams,com.microsoft.teams,Productivity,571d96e8-c24a-4815-ac26-eaeb2323ad30,Bhavani K,5,,good,0,1416/1.0.0.2026112702,2026-07-20T22:48:36,,
Microsoft Teams,com.microsoft.teams,Productivity,34fa711a-a2df-486d-ac23-25863133c561,Deepansh Arora,1,,anyone can remove me in the meeting,0,1416/1.0.0.2026123608,2026-07-20T22:20:41,,
Microsoft Teams,com.microsoft.teams,Productivity,0753894c-5ece-49cc-ad7d-474e72d5654c,Jessica Anderson,2,,"Why so difficult to find email address concerning issue with Teams? I sent a picture using picture icon, but it did not send to recipient. The app is updated.",0,1416/1.0.0.2026123608,2026-07-20T22:14:23,,
Microsoft Teams,com.microsoft.teams,Productivity,241162d3-9831-4859-ab0c-aa4ed7832bf7,Gregor Lamche,1,,"Barely functions as a messaging app. Messages don't load, or don't send, notifications don't show or link into nothing. Mind-boggling bad.",1,1416/1.0.0.2026123608,2026-07-20T22:13:42,,
Microsoft Teams,com.microsoft.teams,Productivity,1bc34b76-2263-4d79-bd14-028c74bfda45,Rudy Rivera,5,,ok,0,1416/1.0.0.2026123608,2026-07-20T21:34:02,,
Microsoft Teams,com.microsoft.teams,Productivity,b6fc9fa9-fcce-42e2-b2c9-8c3f6dc1b256,Allistair Le Grange,5,,awesome,0,1416/1.0.0.2026123608,2026-07-20T21:32:25,,
Microsoft Teams,com.microsoft.teams,Productivity,8df15c64-ccae-40dd-86c8-89db3ea3e0e5,Black Gen,5,,best app ever,0,1416/1.0.0.2026123608,2026-07-20T21:12:47,,
Microsoft Teams,com.microsoft.teams,Productivity,83678292-29a1-49c7-9304-b9c4a1b93775,Vikas Singh,5,,awesome 👍😎 app,0,1416/1.0.0.2026122504,2026-07-20T21:08:59,,
Microsoft Teams,com.microsoft.teams,Productivity,4fe951b3-68bd-4b1c-97c2-012694a8ae88,gaurav subhedar,5,,wonderful app,0,1416/1.0.0.2026123608,2026-07-20T20:23:53,,
Microsoft Teams,com.microsoft.teams,Productivity,91f9263c-927e-4349-8413-9641f0facd89,Bruce Davis,2,,"The Teams app always joins meeting with ""device"" audio, even when ""speaker"" is selected. If I'm holding my phone in front of me, I expect the audio to come out of the speaker, not the earpeice. Microsoft has ignored this persistent bug for years.",0,1416/1.0.0.2026123608,2026-07-20T19:43:18,,
Microsoft Teams,com.microsoft.teams,Productivity,bc308563-75af-4b41-81d1-09389a4392ef,Kha123 Awan,5,,good for online classes,0,1416/1.0.0.2026123608,2026-07-20T19:19:03,,
Microsoft Teams,com.microsoft.teams,Productivity,0da28677-801b-44c1-b685-39fed7e6d4f5,Devin Fleck,1,,Took 10 minutes and 5 attempts to get a login code,0,,2026-07-20T19:16:47,,
Microsoft Teams,com.microsoft.teams,Productivity,367ddbfa-6e74-4983-8497-7faf76687c15,Alaa,5,,so good,0,1416/1.0.0.2026074102,2026-07-20T19:11:12,,
Microsoft Teams,com.microsoft.teams,Productivity,e36b00dd-dcaf-4ec5-8838-455492b49bf3,Bijeswari Devi,5,,bad app,0,1416/1.0.0.2026082702,2026-07-20T18:03:48,,
Microsoft Teams,com.microsoft.teams,Productivity,1f9620d9-9716-4783-83da-7bc8d5692693,Travelling Tech,3,,archaic interface - should have in-line replies in chat in 2026,0,,2026-07-20T17:52:04,,
Microsoft Teams,com.microsoft.teams,Productivity,bad81d4c-b94f-4003-b2c6-25bc04dc7a39,nanaji nammi,5,,good,0,1416/1.0.0.2026123608,2026-07-20T17:34:35,,
Microsoft Teams,com.microsoft.teams,Productivity,c9b5018a-fdca-4b7c-af3b-c5cfc07139a5,Akash Gupta,5,,good one,0,1416/1.0.0.2026123608,2026-07-20T17:09:57,,
Microsoft Teams,com.microsoft.teams,Productivity,fb25844c-94a5-44a4-abca-90e6ebef75ae,Preeti Chaudhary,5,,just help me switch accounts without sending codes,0,1416/1.0.0.2026123608,2026-07-20T17:08:16,,
Microsoft Teams,com.microsoft.teams,Productivity,23b4f6d6-6dd5-431d-9fca-3605928329a4,Sagar bargir,5,,wow,0,1416/1.0.0.2026123608,2026-07-20T16:40:31,,
Microsoft Teams,com.microsoft.teams,Productivity,97b57a6f-c83e-453e-9779-39e5b91c00df,Arpit Omar,1,,poor,0,,2026-07-20T16:37:24,,
Microsoft Teams,com.microsoft.teams,Productivity,162781e7-d216-4582-ba2b-246a712b8e7f,Wuraola Abosede,5,,good app to use and recommend,0,1416/1.0.0.2026122504,2026-07-20T16:14:55,,
Microsoft Teams,com.microsoft.teams,Productivity,5228dace-4e39-441f-9409-f6a5716e664d,Ileanwa Audu,1,,Too unfortunate is not compatible for my device,0,,2026-07-20T16:11:38,,
Microsoft Teams,com.microsoft.teams,Productivity,f7224567-fa9e-4a27-a3fa-9a7cf9390f5c,Diva Pradesh,5,,good performance,0,1416/1.0.0.2026123608,2026-07-20T15:53:51,,
Microsoft Teams,com.microsoft.teams,Productivity,878b8f10-c447-48d3-8189-f3756188aaa7,Adora Candelario,5,,excellent,0,1416/1.0.0.2026123608,2026-07-20T15:53:12,,
Microsoft Teams,com.microsoft.teams,Productivity,035403cf-6706-436b-993f-c4a4a993100c,Y.Chennakesava Naidu,5,,good 👍,0,1416/1.0.0.2026123608,2026-07-20T14:25:23,,
Microsoft Teams,com.microsoft.teams,Productivity,0df22809-446f-4437-8a43-d104e334b840,Jona Mella,5,,ver convenient,0,1416/1.0.0.2026123608,2026-07-20T14:19:28,,
Microsoft Teams,com.microsoft.teams,Productivity,0e8ba85c-89aa-4130-a0ca-0368f906dd01,nokulunga noko,5,,Awesome,0,1416/1.0.0.2026095102,2026-07-20T13:56:46,,
Microsoft Teams,com.microsoft.teams,Productivity,ef2a8f0f-0d24-4b08-8d4f-4ebfc52c2f64,Ashok Gahal,5,,good,0,1416/1.0.0.2026123608,2026-07-20T13:46:23,,
Microsoft Teams,com.microsoft.teams,Productivity,4d885bb5-5f8b-411a-be04-68ca80e0fc49,Aashutosh Bais,5,,Awesome,0,1416/1.0.0.2026123608,2026-07-20T12:42:20,,
Microsoft Teams,com.microsoft.teams,Productivity,9c12ece9-f8c6-4662-86de-3767897072bd,Noah,2,,The app keep kicking me after 5 second passed in the meeting. I tried clearing cache or clearing data but it's still the same. I can't change email because the meeting im in require my word email,0,,2026-07-20T12:28:39,,
Microsoft Teams,com.microsoft.teams,Productivity,09a96b4b-9cc9-4f52-8b81-327db70821ce,Asdfghjkl,2,,please make it support for every device is not useable for Android 9,0,,2026-07-20T12:15:34,,
Microsoft Teams,com.microsoft.teams,Productivity,cebf5b9f-e441-4250-86bf-1bf699e90891,Lwam Pann Eain,4,,don't send me pdf file (error),2,1416/1.0.0.2026132904,2026-07-20T11:49:41,,
Microsoft Teams,com.microsoft.teams,Productivity,06300fa9-015d-4a3f-8a1e-02fe1a6a9736,vinutha yash,5,,💕,0,1416/1.0.0.2026123608,2026-07-20T11:28:33,,
Microsoft Teams,com.microsoft.teams,Productivity,96f47458-7108-49fa-bc6a-21d4b2b397b4,priya singh,5,,nice plateform,0,1416/1.0.0.2026123608,2026-07-20T11:14:01,,
Microsoft Teams,com.microsoft.teams,Productivity,1e0fb2d2-d68f-499c-88e3-ed45e19b67c3,Ajay Mahant,1,,can't login into my account. I tried hundreds of tme to login but every time it was asking for the credentials the refuses to login.,0,1416/1.0.0.2026123608,2026-07-20T10:21:39,,
Microsoft Teams,com.microsoft.teams,Productivity,376d9ec4-624b-436e-86c3-7f8237ead9e1,Naman Mehta,1,,"It is a total downgrade from skype. This app has lots of bugs and some common features are missing. Sometimes the new message does not show. If you have selected the dark or system theme the app loads in a light theme, then you have to reload the page to see the dark theme. Please fix these issues.",0,1416/1.0.0.2026123608,2026-07-20T10:03:25,,
Microsoft Teams,com.microsoft.teams,Productivity,cd4abee3-d765-4b1e-858b-658562731f55,Gesselle Asuncion,5,,This is convenient and efficient to communicate with especially in the business.,0,1416/1.0.0.2026123608,2026-07-20T09:04:33,,
Microsoft Teams,com.microsoft.teams,Productivity,d182feec-b4f3-43b1-8cf9-f32a6972f481,Renu Bhatt,1,,This app don't works 😔 well,0,,2026-07-20T07:36:36,,
Microsoft Teams,com.microsoft.teams,Productivity,fc4292f7-df6a-45ed-8d86-dc61a7862446,"UNIVERSAL CONVENT SR. SEC. SCHOOL, HALDWANI",5,,Best,0,1416/1.0.0.2026123608,2026-07-20T07:11:48,,
Microsoft Teams,com.microsoft.teams,Productivity,ef7cecb3-abed-4939-8f70-96484968ff46,Carl Dorante,5,,Perfect,0,1416/1.0.0.2026123608,2026-07-20T05:44:08,,
Microsoft Teams,com.microsoft.teams,Productivity,58c5004e-012b-4028-a373-5c4ad95c1ac2,Kishan Hathiwala,1,,EDIT: Still no notification appearing in Samsung S25 ULTRA. HAPPY TO DISCUSS. FIX THIS. I have all notifications turned on in settings as well as in Teams but I never get any notifications. I even have set battery mode to unrestricted. But nothing is helping. I installed on my other device (Motorola Edge) with Android 14 and I receive notifications on that device but not on this device. My phone is Samsung S25 Ultra with One UI version 7 (Android 15) with latest security patch of July 2025.,8,1416/1.0.0.2026123608,2026-07-20T04:55:28,,
Microsoft Teams,com.microsoft.teams,Productivity,771039d8-9fe8-4417-bae1-c01bc4f8378d,Monica Bruser,5,,excellent,0,,2026-07-20T01:48:20,,
Microsoft Teams,com.microsoft.teams,Productivity,e571668c-8476-4600-bce6-b26b6642deb7,Verified Oluwabella,5,,excellent app 👍,0,,2026-07-20T00:17:50,,
Microsoft Teams,com.microsoft.teams,Productivity,e67327e5-f2d7-48af-aee9-592ba2d8be94,Sumanus Telefonas,1,,not good,0,1416/1.0.0.2026112702,2026-07-19T23:51:27,,
Microsoft Teams,com.microsoft.teams,Productivity,1534b997-0f19-458b-84db-35d54097d460,Darrius Watson,5,,works perfectly for my meeting for work,0,1416/1.0.0.2026123608,2026-07-19T22:46:16,,
Microsoft Teams,com.microsoft.teams,Productivity,3ac4b5d0-4b88-41e5-b6b1-78f48a9a9690,Shivaji Kadam,5,,good 💯,0,1416/1.0.0.2026123608,2026-07-19T21:44:27,,
Microsoft Teams,com.microsoft.teams,Productivity,cddaf5b7-e678-408e-9771-1e13695967fb,Kamaljeet Kaur,4,,Not good but not bad,0,1416/1.0.0.2026123608,2026-07-19T19:21:14,,
Microsoft Teams,com.microsoft.teams,Productivity,d4ba9bb2-e441-48dc-88d8-aedb9742492d,Troy Cimahosky,2,,"Buggy, doesn't load messages properly, and fails to notify me for half my messages. Got asked to swap a shift from a manager and didn't get the notification until 2 days later",0,1416/1.0.0.2026123608,2026-07-19T19:07:28,,
Microsoft Teams,com.microsoft.teams,Productivity,9ffb600d-191f-442e-ac65-bcc0ec8d4927,Anshu Rozario,1,,error unable to login try again later,0,1416/1.0.0.2025112002,2026-07-19T17:43:50,,
Microsoft Teams,com.microsoft.teams,Productivity,234507e0-89b5-485a-aadb-b85039019b0a,CIBIKUMAR C B,3,,pls change the ringtone 😭,0,1416/1.0.0.2026123608,2026-07-19T17:42:50,,
Microsoft Teams,com.microsoft.teams,Productivity,25d837ba-ec31-4364-9d78-96c841cb2267,Ronald Cadogan,5,,Brilliant,0,1416/1.0.0.2026123608,2026-07-19T17:27:52,,
Microsoft Teams,com.microsoft.teams,Productivity,d3c03466-4080-44be-bf5e-4cbe15adf721,Aurell Raissa,5,,great,0,1416/1.0.0.2026123608,2026-07-19T16:18:59,,
Microsoft Teams,com.microsoft.teams,Productivity,9a6f12a2-6b13-4e4c-92ab-2fab7076e61f,nur asykin,5,,Apps Microsoft teams sangat bagus dan selesa terutamanya untuk buat kerja-kerja pejabat. sangat terbaik.,0,1416/1.0.0.2026123608,2026-07-19T15:16:11,,
Microsoft Teams,com.microsoft.teams,Productivity,965ebf59-cc8c-4495-a9f9-3a90702f08bd,Shivam Singh,5,,good,0,1416/1.0.0.2026123608,2026-07-19T14:38:54,,
Microsoft Teams,com.microsoft.teams,Productivity,835004e9-872b-4d34-bbd7-1e0c94592e57,Nur Nuha,5,,"Essential for our office collaboration. Being able to keep chats, files, and meetings all in one place has really boosted our team's productivity.",0,,2026-07-19T12:02:11,,
Microsoft Teams,com.microsoft.teams,Productivity,d86e1f66-e114-4295-8b48-e9051c3d3fd9,Pragati Sahu,2,,"Recently a bug got introduced in my Android phone. When I try writing any message to anyone on teams, it's also opening a blank space having size of keyboard above the keyboard. Image has been attached. Please fix this Microsoft. Not getting option to upload image",1,1416/1.0.0.2026044202,2026-07-19T11:41:20,,
Microsoft Teams,com.microsoft.teams,Productivity,04ece8e3-412b-483c-825d-c8a57e3e2be3,Ahmed Hassan,5,,رائع,0,1416/1.0.0.2026123608,2026-07-19T11:39:19,,
Microsoft Teams,com.microsoft.teams,Productivity,c4ff72b2-d6d5-430c-b6a1-d292cba5337e,PUTRA AKIEF ZIQRI BIN ZULFADLY,5,,"""Great app for teamwork, meetings, and communication",0,1416/1.0.0.2024073501,2026-07-19T09:36:00,,
Microsoft Teams,com.microsoft.teams,Productivity,717c540a-e7b3-4c9e-84b8-2f6542180509,T L,2,,"Sending photos takes 7-10 business days. seriously. would take less time for me to print the photo out, and physically mail it somewhere.",0,1416/1.0.0.2026123608,2026-07-19T09:29:51,,
Microsoft Teams,com.microsoft.teams,Productivity,af6d0005-4902-4ffa-8ff4-a0889f9cac6d,Tresno,5,,Aplikasi yang bagus untuk kerja dan pembelajaran. Ciri-cirinya lengkap.,0,1416/1.0.0.2026123608,2026-07-19T09:23:42,,
Microsoft Teams,com.microsoft.teams,Productivity,c17d1af8-d51e-45a1-9d10-68a644d2e61c,SNV,5,,very good app for chat and calls,0,,2026-07-19T09:07:09,,
Microsoft Teams,com.microsoft.teams,Productivity,52e448db-f8ce-496d-9387-bb34f872890c,Deepthi N V N,5,,good meeting experience,0,1416/1.0.0.2026123608,2026-07-19T08:57:52,,
Microsoft Teams,com.microsoft.teams,Productivity,3c559a56-4127-42a0-b933-8d09f859daa0,Tracie Vts,5,,"Microsoft Teams is an excellent collaboration platform for work and education. It combines chat, video meetings, file sharing, and task management in one place. The integration with Microsoft Office makes teamwork seamless. It helps teams stay organized, productive, and connected from anywhere with ease every day.",0,1416/1.0.0.2022325603,2026-07-19T08:50:00,,
Microsoft Teams,com.microsoft.teams,Productivity,b0bf708f-783e-4011-85dc-506c2e724291,Addy Zain,5,,Useful for work and online classes. Easy to join meetings,0,1416/1.0.0.2026123608,2026-07-19T08:46:39,,
Microsoft Teams,com.microsoft.teams,Productivity,d1998c44-5062-49fd-abe3-0973881a8119,Nia Saad,5,,"sy guna untuk assignment, senang untuk digunakan. assignment xrenyah untuk dibuat . i like it!",0,1416/1.0.0.2026123608,2026-07-19T07:39:08,,
Microsoft Teams,com.microsoft.teams,Productivity,5dca7d10-8eb5-4e6d-aca4-b27e2b8a1e8e,Vikash singh,5,,good👍,0,1416/1.0.0.2026123608,2026-07-19T06:15:34,,
Microsoft Teams,com.microsoft.teams,Productivity,727060a1-0328-4c92-b1ad-8aa5920f3d55,Malem Diwa,5,,good application,0,1416/1.0.0.2026123608,2026-07-19T03:27:36,,
Microsoft Teams,com.microsoft.teams,Productivity,d5af29b0-a611-4c13-bce7-b19ebfd2309e,Laxmipriyabehera Rupa,5,,good,0,,2026-07-19T00:07:11,,
Microsoft Teams,com.microsoft.teams,Productivity,9c035a49-fe5f-4dcf-b1be-d69f9848da7d,Dorothy Taylor,5,,need for shareholders meeting. learned a lot from my insurance company,0,1416/1.0.0.2026123608,2026-07-18T23:58:05,,
Microsoft Teams,com.microsoft.teams,Productivity,f6299fbe-8da2-471f-834b-809671a2a339,E,2,,How do I count the ways I hate this app?,0,1416/1.0.0.2026123608,2026-07-18T23:24:55,,
Microsoft Teams,com.microsoft.teams,Productivity,8375b108-343f-4616-8673-d8ab87770c63,D J-W,1,,unsuccessful in connection,0,1416/1.0.0.2026123608,2026-07-18T23:02:32,,
Microsoft Teams,com.microsoft.teams,Productivity,a11d0570-8a6c-4229-9934-59929892de3d,Magdiwata Marine,5,,helpful,0,1416/1.0.0.2026123608,2026-07-18T22:50:01,,
Microsoft Teams,com.microsoft.teams,Productivity,8817291d-a9e7-4cd3-82fa-adc3cc38e934,Engku Amira,5,,"Perfect for work and school collaboration! You can chat, share files, and hold meetings all in one place.",0,1416/1.0.0.2026123608,2026-07-18T22:47:30,,
Microsoft Teams,com.microsoft.teams,Productivity,2db52bf6-ec5a-4953-8acb-76712006e51b,Donald mukosa,4,,excellent app for meetings,0,,2026-07-18T22:42:06,,
Microsoft Teams,com.microsoft.teams,Productivity,9d658d49-d2c2-4ce0-a154-3dbfdb7c0e60,Jiban Pal,5,,very nice 👍,0,1416/1.0.0.2026123608,2026-07-18T19:50:52,,
Microsoft Teams,com.microsoft.teams,Productivity,419fd0ef-7b16-4d2f-96aa-154b3c37f6ee,SANI RAMALAN,5,,good,0,,2026-07-18T19:08:30,,
Microsoft Teams,com.microsoft.teams,Productivity,b4087fae-ddfc-421e-816c-18d95f65f71b,Sumit Jade,1,,unable to see my community in mobile app after update. but it is clearly visible in desktop app.,0,1416/1.0.0.2026123608,2026-07-18T18:02:03,,
Microsoft Teams,com.microsoft.teams,Productivity,37eba099-195d-41d6-961c-80523d33cb6e,Devil Gurl,5,,"Microsoft Teams is a great platform for communication and collaboration. It's easy to use, reliable, and makes meetings, chats, and file sharing simple. A great choice for work and teamwork!",1,1416/1.0.0.2026094610,2026-07-18T17:50:22,,
Microsoft Teams,com.microsoft.teams,Productivity,06b4a189-80da-48a6-b737-a6e3f729fbdf,thidasan,5,,It's easy to use.,0,1416/1.0.0.2026123608,2026-07-18T17:45:04,,
Microsoft Teams,com.microsoft.teams,Productivity,f79fad9d-9322-495d-a106-9444e346278e,Rizky Medyanto,1,,"display gone when typing, please fix",1,1416/1.0.0.2026123608,2026-07-18T16:29:26,,
Microsoft Teams,com.microsoft.teams,Productivity,5da2ebe4-46f5-444d-b99a-695e16710cf8,Ayesha Zia,5,,really good and efficient i can use many apps for free on it,0,,2026-07-18T16:24:44,,
Microsoft Teams,com.microsoft.teams,Productivity,2dec7318-29ad-4046-ae76-7e931f29ccdf,Npanga Doris,1,,"so bad, i cab't join meetings",0,1416/1.0.0.2026082702,2026-07-18T16:05:24,,
Microsoft Teams,com.microsoft.teams,Productivity,d7645688-e2b2-4c6f-91fa-0c68f93fd72d,Hajaniaina Rakotoarivony,1,,Beaucoup trop de bugs. Les comptes ne peuvent pas s'ouvrir.,0,,2026-07-18T15:26:03,,
Microsoft Teams,com.microsoft.teams,Productivity,bf9ee684-1c7e-4c53-acce-e4d18a8eb522,OLAMI ONIFADE,5,,excellent service,0,1416/1.0.0.2026123608,2026-07-18T15:05:15,,
Microsoft Teams,com.microsoft.teams,Productivity,08f25fc6-a6ce-4a80-bada-d65182894c28,Charn Pantanakul,1,,I have a big black screen when I want to type. It is extended above Gboard and hides the text. Microsoft should test the application before release. It happens only in your application. I don't have the same problem like this on the other chat program.,1,1416/1.0.0.2026123608,2026-07-18T14:21:51,,
Microsoft Teams,com.microsoft.teams,Productivity,f3790ab2-63ca-4135-b4a7-84e8729821a5,sharab gul,5,,good app,0,1416/1.0.0.2026123608,2026-07-18T14:06:55,,
Microsoft Teams,com.microsoft.teams,Productivity,24584236-74c2-4fff-b2f5-4e6dd72b4fb1,Mark Klemola,2,,"The free app, when it works, performs satisfactorily. With each recent update, however, more failures are being introduced. I have lost contacts and conversations. I must wait for others to contact me for our history to reappear With a paid 365 subscription (work account), it's solid. This divergence makes the experience all the more frustrating.",1,1416/1.0.0.2026123608,2026-07-18T12:36:28,,
Microsoft Teams,com.microsoft.teams,Productivity,7dae725f-ecca-4192-b435-8a3778c1c5e2,ABHISHEK Kumar,4,,good,0,1416/1.0.0.2026123608,2026-07-18T12:25:06,,
Microsoft Teams,com.microsoft.teams,Productivity,332fab1b-d04e-448c-96b5-60cec8b67ac6,Koko Maung,5,,Very Good,0,1416/1.0.0.2026123608,2026-07-18T11:55:33,,
Microsoft Teams,com.microsoft.teams,Productivity,fae72eee-f90f-41df-b468-13b3e73e7902,Pavel Charaevski,1,,buggy,0,1416/1.0.0.2026123608,2026-07-18T11:02:51,,
Microsoft Teams,com.microsoft.teams,Productivity,43152d61-f506-4eef-8c11-546ef985b702,Sharma VRK Karamcheti,4,,thank you for your great work,0,1416/1.0.0.2026123608,2026-07-18T10:24:49,,
Microsoft Teams,com.microsoft.teams,Productivity,ce5cf686-49dd-4067-8224-52cc4270291e,Stephanie Meier,2,,frustrating. app keeps hiding my chats. I cant even search for them as they wont come up. then I have to log onto a computer to have access to them. it was working fine yesterday. but this morning I had 0 chats...... I had to log onto the computer to find them. Skype worked so smoothly. stop messing with perfection,2,1416/1.0.0.2026123608,2026-07-18T09:07:40,,
Microsoft Teams,com.microsoft.teams,Productivity,d406b00e-94c6-4f4a-acc3-5c0891b7f290,Prameet,2,,please fix keyboard issue,0,1416/1.0.0.2026123608,2026-07-18T08:43:41,,
Microsoft Teams,com.microsoft.teams,Productivity,7e06e945-e523-4072-ae11-c9e0a8fddb60,Jay Song,1,,worst app ever used! skype not working with my credits in it but they refuse to refund it. why don't they just rob?????,0,,2026-07-18T07:35:32,,
Microsoft Teams,com.microsoft.teams,Productivity,1aa74df3-8ab0-4ae0-95f3-0abafbd59789,J H,5,,"app, good. new additions for ""Catchup""...fraking embarrasing that got through to market. It's a useless add on to go look at the same thing you already looked at.",0,1416/1.0.0.2026123608,2026-07-18T05:23:48,,
Microsoft Teams,com.microsoft.teams,Productivity,6ffb7def-a7e5-41bb-bbd8-7334844d6264,Isagani Maawac,5,,"I appreciate the abilities that Microsoft Teams provide. Everything from joining meetings, attend briefings while on the go, and able to contact and communicate issues through the Chat option. Also, it allows me to work via my cellphone with the biometrics to log in.",1,1416/1.0.0.2026123608,2026-07-18T04:06:25,,
Microsoft Teams,com.microsoft.teams,Productivity,891bb147-46e9-4814-b404-ac1ff1e88746,Abubakar Tamus,5,,very good,0,1416/1.0.0.2025032402,2026-07-18T01:57:29,,
Microsoft Teams,com.microsoft.teams,Productivity,6edf2345-0f31-491e-976b-6885cbc57aef,Rebekah,4,,it's ok,0,1416/1.0.0.2026123608,2026-07-18T00:49:23,,
Microsoft Teams,com.microsoft.teams,Productivity,256835f8-5e63-4bc5-af3d-34e9faf74458,JD 80,5,,good,0,1416/1.0.0.2026082702,2026-07-17T23:42:49,,
Microsoft Teams,com.microsoft.teams,Productivity,4d1e7bae-1505-456d-b040-c99d1706ad78,Nick Molchanov,1,,"to wipe literally all the history with an app update - doesn't sound like a pleasant feature (should be easier for copilot youve added to index it, eh?)",0,1416/1.0.0.2026123608,2026-07-17T23:25:42,,
Microsoft Teams,com.microsoft.teams,Productivity,88e4d892-99d9-4780-93ef-76212c24e8f4,Mahesh Thakur,5,,Very Nice,0,1416/1.0.0.2026123608,2026-07-17T23:18:23,,
Microsoft Teams,com.microsoft.teams,Productivity,4a506e85-aeb6-4960-9e19-a10455e7ca1e,Maureen McMonagle,1,,"I have had varias tries to move over to Mic.Teams free, from Skype, without any sucess. when I enter my email , it us rejected and I am asked to try again. If I enter my phone number the number is rejected also. what else can I do? It Is now 17/7/26 and as teams is NOT so user friendly And SO secure its a drag to use it I am having too much hassel to get back into using it. I think email may be faster. 😐",6,1416/1.0.0.2026123608,2026-07-17T22:54:11,,
Microsoft Teams,com.microsoft.teams,Productivity,92269125-416e-4769-afc3-3f294429e485,NINA,2,,logged in first time. could not logg in second time.,0,1416/1.0.0.2026123608,2026-07-17T22:51:41,,
Microsoft Teams,com.microsoft.teams,Productivity,f69a1d52-587f-4837-bf14-06ae4e286afc,C Madill,4,,works most of the time,0,1416/1.0.0.2026123608,2026-07-17T22:45:39,,
Microsoft Teams,com.microsoft.teams,Productivity,2c8500a4-ddf7-4ce4-8c7f-327ea7a7ca43,Matt Haft,5,,"Excellent app. Smooth, seamless, functional.",0,1416/1.0.0.2026123608,2026-07-17T22:06:21,,
Microsoft Teams,com.microsoft.teams,Productivity,b3b8fa25-8ba2-4255-9d21-4cac3dbbbb7e,Wai Kiat Ong,1,,my conversation suddenly went missing except for favorite conversation. what a bug!,0,1416/1.0.0.2026123608,2026-07-17T21:30:46,,
Microsoft Teams,com.microsoft.teams,Productivity,ea404c1b-c789-4d44-b5c4-b6d1e3924e06,Ashish Kumar,5,,Nice app For Meeting,0,1416/1.0.0.2026123608,2026-07-17T21:21:59,,
Microsoft Teams,com.microsoft.teams,Productivity,05755810-a261-4555-8d8c-4868c22d8fa5,Vikram Pingoliya,5,,good service,0,1416/1.0.0.2026112702,2026-07-17T19:27:38,,
Microsoft Teams,com.microsoft.teams,Productivity,722178e3-79b9-4fcd-b770-9894d54fe9d9,sampath bhandary,2,,not sure from a few days the teams app isn't working on my phone. it was working well before but now it gets crashed as soon as I open it. any fixes for this?,0,1416/1.0.0.2026123608,2026-07-17T18:55:06,,
Microsoft Teams,com.microsoft.teams,Productivity,b5c59e0e-37b5-40f3-ae29-76f2f3127be3,Sudesh Bandaranaike,5,,Great!,0,1416/1.0.0.2026123608,2026-07-17T18:44:12,,
Microsoft Teams,com.microsoft.teams,Productivity,6ebbc89b-d2d5-43ba-8ed1-5de2d0f7ab3f,Ida Aida,5,,"Microsoft Teams is an excellent collaboration app for meetings, messaging, and teamwork.""",0,1416/1.0.0.2026123608,2026-07-17T18:32:41,,
Microsoft Teams,com.microsoft.teams,Productivity,9d532c16-2f8c-4661-add2-f99351051ad7,BANALISHA BASUMATARY,1,,This App is so bad. An IIT organised online spot round admission and it was scheduled at 5 pm. They mailed me the link for the meeting. I tried to connect to the meeting through the link at 4:50 pm and my screen was loading. So I tried in my PC and it was not opening there too. I kept trying until 6:20 pm but it was just loading. I couldn't attend the Spot Admission Meeting. It was so frustrating. Please never conduct any important meeting in this app. and please delete the App from Playstore.,1,1416/1.0.0.2026123608,2026-07-17T18:30:43,,
Microsoft Teams,com.microsoft.teams,Productivity,322a90d2-daa1-48c1-9ca6-110ca3d92e6d,Ibekwe Romanus,5,,good,0,1416/1.0.0.2025203902,2026-07-17T18:13:55,,
Microsoft Teams,com.microsoft.teams,Productivity,e6e9e1ca-c419-4b61-8f80-1b5b703777fb,Patrick Nash,1,,"this app sucks, it has a clunky interface, is unstable. and now all of my conversations have simply disappeared . nobody, and I mean NOBODY thinks this is as good as Skype was. Every rating I see is 1 or 2 stars... yet somehow this gets averaged to 4.5 stars?",0,1416/1.0.0.2026123608,2026-07-17T18:00:41,,
Microsoft Teams,com.microsoft.teams,Productivity,eb0cfbde-25df-4a2f-8fd9-4821cb4d2f0f,Angela Hickerson,5,,Amazing app and VERY private platform.,0,1416/1.0.0.2026123608,2026-07-17T17:58:44,,
Microsoft Teams,com.microsoft.teams,Productivity,67b8be85-fd10-4d17-95a1-6b42b8d1fdc9,David Arza,1,,it is the worst app it's really slow and does not work properly it is really bad app,0,1416/1.0.0.2026123608,2026-07-17T17:29:14,,
Microsoft Teams,com.microsoft.teams,Productivity,724d1592-aef2-421b-af26-2b0f81b021d2,Raman Sandhu,5,,Awsome for connecting for team work for officials,0,1416/1.0.0.2026123608,2026-07-17T17:15:57,,
Microsoft Teams,com.microsoft.teams,Productivity,fa1d3460-84e1-4c8b-ab17-51da7d09a988,Vaibhavi Desai,5,,I have used Microsoft teams app for chats and meetings. I have faced some login issues. it is useful for work and communication.,0,1416/1.0.0.2026123608,2026-07-17T17:12:24,,
Microsoft Teams,com.microsoft.teams,Productivity,987eed6d-f89a-48d8-a0cc-392a1891e3b0,J. Kwhat,1,,one of the worst pieces of software I've had to deal with.,1,1416/1.0.0.2026123608,2026-07-17T16:36:33,,
Microsoft Teams,com.microsoft.teams,Productivity,b47d4080-2c38-407e-8b8b-7161178cbe1c,John F,1,,"yes this is just as buggy, if not more buggy than all the other teams versions. vibe coding has a bad name, just wait till you see what code Microsoft are churning out these days! you'd wish it was Viber coded. I'm now going to try and break out of the infinite loop where teams won't stop trying to get me logging into a dead account meaning I can't access my live accounts. terrible app",1,1416/1.0.0.2026123608,2026-07-17T16:20:39,,
Microsoft Teams,com.microsoft.teams,Productivity,7e4691ca-7cf8-4d6a-bde3-499b00fe4989,Raj Sukhija,1,,most worst meating app ever if we have not put password we can't open it if we do back it comes again,1,1416/1.0.0.2026123608,2026-07-17T16:02:58,,
Microsoft Teams,com.microsoft.teams,Productivity,7b87bb6c-d8ac-4296-a538-aa0e1bf1cc15,Rakshit kumar,1,,this app is always stuck on ( hang tight we are opening microsoft teams ) i cleared cache and install again but this problem never get solved.,0,1416/1.0.0.2026123608,2026-07-17T15:25:00,,
Microsoft Teams,com.microsoft.teams,Productivity,3765fa87-1292-47e8-8d07-0de8778f5135,Khemraj Garg,5,,good,0,1416/1.0.0.2026123608,2026-07-17T15:23:23,,
Microsoft Teams,com.microsoft.teams,Productivity,56066717-683d-4969-9902-01927cdad51b,TEMIDAYO AIYELABOLA,5,,WONDERFUL APP FOR ONLINE MEETINGS AND REVIEWS,0,1416/1.0.0.2026112702,2026-07-17T14:55:12,,
Microsoft Teams,com.microsoft.teams,Productivity,b34d2907-f965-404e-9f0d-f534f1bb5640,Bhetet Chanel,5,,good,0,1416/1.0.0.2026112702,2026-07-17T14:33:31,,
Microsoft Teams,com.microsoft.teams,Productivity,50d80cd0-632e-41b7-87af-33744d47f241,erol khaiz,5,,VERY NICE APPS,0,1416/1.0.0.2026123608,2026-07-17T14:23:03,,
Microsoft Teams,com.microsoft.teams,Productivity,bdf30139-830f-4a75-b533-ed1e1fd3fd14,Nishant Meena,5,,"Microsoft Teams is a great app for communication and collaboration. It makes it easy to chat, join video meetings, share files, and work together in one place. The interface is clean, the audio and video quality are reliable, and it integrates well with Microsoft Office apps. It's an excellent choice for both work and online learning. Highly recommended!",0,,2026-07-17T14:15:24,,
Microsoft Teams,com.microsoft.teams,Productivity,fb632ce9-368d-4c29-a2e4-85bcdfbf4f33,Agness Nshemele,2,,I can't find my meeting venue,0,1416/1.0.0.2026123608,2026-07-17T13:54:54,,
Microsoft Teams,com.microsoft.teams,Productivity,014e9edd-537b-40d2-b2f9-f538637bdcd7,Claudia Bunsen Meow,1,,"Apparently; it can't open links to itself anymore, and requires you to install additional bloatware. When i click on a link to open in teams, it should open ik teams, regardless, not force me to install even more malware, because of Satya nadella's clanker-wankery.",0,1416/1.0.0.2026123608,2026-07-17T13:46:52,,
Microsoft Teams,com.microsoft.teams,Productivity,58e374e4-531c-4d66-b19f-0e77c8d03cbf,parkavi paramasivam,2,,"The quality of recent Microsoft Teams updates has been disappointing. While typing in the chat window, there is a large blank space between the keyboard and the text field, making the chat experience frustrating. Also, when tagging (@mentioning) someone, the person's name is not visible, making it difficult to select the correct user. These are basic chat functionalities that should have been caught during QA before release. It's surprising to see such obvious usability issues in Teams.",2,1416/1.0.0.2026123608,2026-07-17T12:47:33,,
Microsoft Teams,com.microsoft.teams,Productivity,7c77d9b3-140a-492b-ad57-95dc9f440eec,Christopher Kims,4,,improve on clearly highlighting the person presenting.,0,1416/1.0.0.2026123608,2026-07-17T12:07:24,,
Microsoft Teams,com.microsoft.teams,Productivity,0485e988-022c-4d25-b2e2-38c3fa684582,Lil BattleBoi,1,,doesn't work,1,1416/1.0.0.2026123608,2026-07-17T11:43:18,,
Microsoft Teams,com.microsoft.teams,Productivity,303dff9f-5d92-4aff-9e82-d715c5c9f1ee,vivek win,1,,this app stopped working,1,1416/1.0.0.2026123608,2026-07-17T10:54:42,,
Microsoft Teams,com.microsoft.teams,Productivity,a3fb606d-0d79-4b67-867e-a8caf3aae877,Ananta Pande,5,,Good,0,1416/1.0.0.2026123608,2026-07-17T10:08:33,,
Microsoft Teams,com.microsoft.teams,Productivity,0d1181cb-5141-4602-ab3e-3ba320fe02a9,AJAI S,1,,Very very worst after i login my mail it exists immediately from the application after updating also same thing happened,1,1416/1.0.0.2026123608,2026-07-17T09:45:05,,
Microsoft Teams,com.microsoft.teams,Productivity,8a24e453-3dd9-45a8-98b5-04736f2a6c08,Sai Gagan,5,,good,0,1416/1.0.0.2026123608,2026-07-17T09:25:13,,
Microsoft Teams,com.microsoft.teams,Productivity,bc3625e1-c47d-441a-a652-222f3a35c82c,Disha Aggarwal,2,,"1. My team's account is automatically getting sign out in every 15-20 min. I again have to enter email, auth code, then again it will ask for email then auth code and after sometime it signs me in. But whenever I check again after 15-20 min, it is giving message ""Signing out.."". 2. In Android Origin OS whenever I try to type anything in teams chat, there is this big gray box coming between the keypad and the text box. It gets difficult to type and use it. Team please fix these asap.",0,,2026-07-17T09:15:45,,
Microsoft Teams,com.microsoft.teams,Productivity,b94a0d7f-5e1f-4964-b185-9cee98e174f6,Ravindra Gujjar,5,,good,0,1416/1.0.0.2026123608,2026-07-17T08:48:40,,
Microsoft Teams,com.microsoft.teams,Productivity,0d062356-5c55-4fb2-b95e-a0c362f69e25,Alex Jeyaseelan,5,,Best app,0,1416/1.0.0.2026123608,2026-07-17T07:53:38,,
Microsoft Teams,com.microsoft.teams,Productivity,72366746-5ddf-4729-8121-cc1346eb397e,P.C. Johnston,1,,Mobile notifications stopped being reliable. I can even be in the same chat as I'm in on desktop and the latest messages do not show up.,0,1416/1.0.0.2026123608,2026-07-17T07:49:23,,
Microsoft Teams,com.microsoft.teams,Productivity,ddf19b54-1e48-4e3b-904f-bb4e298f6d5a,Aica Dolfo,5,,"good, easy to use",0,1416/1.0.0.2026123608,2026-07-17T06:47:21,,
Microsoft Teams,com.microsoft.teams,Productivity,511ae821-a89d-40ea-803c-83c3018656ec,Mason Wright,1,,"Microsoft Teams is the worst product, ruined by slow loading and terrible data management. Chat history randomly shows everything or only today's messages, and fails to load more. The search facility is incredibly bad. Tested on web, Android, multiple devices, and colleagues' accounts—the awful results are exactly the same. Proving you're not a robot in this broken system makes it a pure harassment machine.",1,,2026-07-17T06:42:58,,
Microsoft Teams,com.microsoft.teams,Productivity,43981d83-a977-484e-9c11-f3d2dc3cfb3c,Bobby Welch,1,,"You keep pushing half-baked, buggy features that nobody asked for, and they only make the user experience worse.",0,1416/1.0.0.2026123608,2026-07-17T06:15:30,,
Microsoft Teams,com.microsoft.teams,Productivity,f6c8628f-3b28-4e09-92f4-634d898f2388,Carson Forrer,1,,terrible useless buggy app,0,1416/1.0.0.2026123608,2026-07-17T04:08:31,,
Microsoft Teams,com.microsoft.teams,Productivity,9ccc3b40-505d-4ecf-bdaa-70e45ecc1980,Cameron Brammer,1,,"asks me for a password when I use app but gives no option to put one in, then browser doesn't work on mobile. Microsoft really pays people a solid wage for these apps and that's the bs they can come up with? honestly pathetic.",0,1416/1.0.0.2026123608,2026-07-17T03:26:44,,
Microsoft Teams,com.microsoft.teams,Productivity,49354dec-9d46-49de-a575-36827f5cef29,Jay,1,,"Your updates continue to only make the app worse. The most recent automati. ""optimization"" deleted every single conversation I had IN IT'S ENTIRETY. How you continue to mess up at every turn is beyond me",0,1416/1.0.0.2026123608,2026-07-17T03:19:41,,
Microsoft Teams,com.microsoft.teams,Productivity,ad3206c3-9346-4bb1-9733-75299f49f233,Musa Sani,5,,thank you,0,1416/1.0.0.2026123608,2026-07-17T02:22:02,,
Microsoft Teams,com.microsoft.teams,Productivity,ae20b216-c53f-4126-93c4-b461a7dadfa3,Michael Rose,5,,great product...,0,1416/1.0.0.2026123608,2026-07-17T01:12:33,,
Microsoft Teams,com.microsoft.teams,Productivity,cef2bdad-f83d-4607-81da-2f49beaaa8e4,Busisiwe Sithole,5,,amazing,0,,2026-07-17T01:10:07,,
Microsoft Teams,com.microsoft.teams,Productivity,80846c51-ccff-4930-adb2-f2c228f1a247,Sam Lynas,1,,garbage.,0,,2026-07-17T01:08:10,,
Microsoft Teams,com.microsoft.teams,Productivity,aef347fb-ef4b-4610-ab80-9efebea1658f,Syed Faisal Mehmood,5,,This app is very helpful,0,1416/1.0.0.2026123608,2026-07-17T00:17:50,,
Microsoft Teams,com.microsoft.teams,Productivity,70e8a52e-beb7-4391-baf2-bb26e75d2269,Alejandro Guzman,5,,Great app for communication with other people.,0,1416/1.0.0.2026123608,2026-07-17T00:06:41,,
Microsoft Teams,com.microsoft.teams,Productivity,13e27488-d88b-46b3-a2e0-41683239206c,Diana Winslow MSW,1,,this is shutting down my Android in the middle if the meeting. I do not have the most recent version and it will not upload. ridiculous,0,1416/1.0.0.2026123608,2026-07-16T23:44:40,,
Microsoft Teams,com.microsoft.teams,Productivity,5e3f83ed-cb54-49aa-a7dd-b8db45de72d8,Jabeen Queen,4,,very good 😊💯,0,1416/1.0.0.2026123608,2026-07-16T23:30:17,,
Microsoft Teams,com.microsoft.teams,Productivity,fb8f81cf-8d2a-4bd3-b29f-61de2c7fdfd9,Sean Morris,1,,not happy with the update. lost all my chats and can't see them in recent?,0,1416/1.0.0.2026123608,2026-07-16T23:28:51,,
Microsoft Teams,com.microsoft.teams,Productivity,75ea7cb2-bee9-48c0-978f-7cc3ac0ec9f1,Arthur Martins,1,,Trash. Wish one day they'd be as good as zoom.,0,1416/1.0.0.2025153104,2026-07-16T23:06:28,,
Microsoft Teams,com.microsoft.teams,Productivity,20a9a7f5-6c74-4501-bd12-23388a23d9cc,ABDUL ASHFAQ KHAN,1,,The latest update is broken. I constantly get notifications that I need to open Teams in order to continue receiving notifications. while communicating with others the keyboard spacing is of getting weird Black Box between the keyboard and the message text box. Never had that happen in all the years of using Teams until the most recent update. Please fix this ASAP!,1,1416/1.0.0.2026123608,2026-07-16T22:46:15,,
Microsoft Teams,com.microsoft.teams,Productivity,01ac2f70-1124-4e51-bcca-d4266793c6af,Machuene Julia,5,,excellent,0,1416/1.0.0.2025235602,2026-07-16T22:41:50,,
Microsoft Teams,com.microsoft.teams,Productivity,c4b3a8cc-1d11-450d-991b-3771497a1ce6,sri ram,4,,good,0,1416/1.0.0.2026123608,2026-07-16T22:33:09,,
Microsoft Teams,com.microsoft.teams,Productivity,c5ce2a51-1bbc-4d3c-9c41-af8c04696a0c,Hugo Araújo,1,,Não está logando. Não chego nem a inserir a senha da organização depois da última atualização.,0,1416/1.0.0.2026123608,2026-07-16T22:12:45,,
Microsoft Teams,com.microsoft.teams,Productivity,cf39384c-25e2-4f46-a147-82d8e1964f46,priyanshu kumar,5,,good experience,0,1416/1.0.0.2026123608,2026-07-16T21:50:09,,
Microsoft Teams,com.microsoft.teams,Productivity,a7131e60-1ca0-4c97-86b1-8be5270717fb,Vijay Gavhane,5,,nice,0,1416/1.0.0.2026123608,2026-07-16T21:42:40,,
Microsoft Teams,com.microsoft.teams,Productivity,98920302-92ae-4563-8a5b-9481a00b4e77,Sri Vidya,3,,there is white gap when the keypad is opened from the latest version of teams. please resolve it at the earliest,1,1416/1.0.0.2026123608,2026-07-16T21:28:24,,
Microsoft Teams,com.microsoft.teams,Productivity,0ccc2842-aa91-486f-bb5e-0a5a175fc8be,Amr Mostafa,5,,excellent,0,1416/1.0.0.2026123608,2026-07-16T21:23:59,,
Microsoft Teams,com.microsoft.teams,Productivity,8b00a41f-bb0e-4c3a-82c5-c36b700ce6d0,Tatalatata,1,,Keyboard blocks the view of messages. unable to edit typos bc the Keyboard doesn't work after I press the backspace and the character toggle button is also disabled. can only type in teams with a floating keyboard and still unable to edit. using Samsung galaxy tablet s10 + 5g,0,1416/1.0.0.2023122804,2026-07-16T21:13:29,,
Microsoft Teams,com.microsoft.teams,Productivity,3b453992-0215-4794-a2cc-88b0385cde98,Tristan Young,1,,"Worst experience ever with a videoconferencing app. Microsoft continues to lose sight of the goal post. I needed to use this dumb app to communicate with a health care provider, and could not figure out how to join a call. Complete waste of time. I could write a better app in my sleep. Garbage in, garbage out. This is not how you keep customers .",1,1416/1.0.0.2026123608,2026-07-16T21:08:28,,
Microsoft Teams,com.microsoft.teams,Productivity,63f3a08f-f7ee-41a3-8390-786eb6e3a0e0,Robyn Mullins,5,,Great,0,1416/1.0.0.2025203902,2026-07-16T20:59:19,,
Microsoft Teams,com.microsoft.teams,Productivity,e173066d-5b84-4b0e-a0bc-3b4be0cbc403,Tejas Patel,5,,great experience,0,1416/1.0.0.2026123608,2026-07-16T19:56:21,,
Microsoft Teams,com.microsoft.teams,Productivity,529b9c9d-2bef-43ea-b85c-6076ed2da866,Georgi Dimitrov,1,,"This is the buggiest software I've been forced to use. As a contractor every time I change client I have to do a clean install because this garbage gets stuck in a login death loop. It's okay, M$ it's only been 5 years since I first encountered this and saw issues were already opened. Take your time with the fjx",0,1416/1.0.0.2026123608,2026-07-16T19:29:57,,
Microsoft Teams,com.microsoft.teams,Productivity,ea503f0b-79da-464f-90f6-cdb946a8ad17,Asfar Hussain,5,,If Microsoft can provide a similar option like skype to have a phone number.,0,1416/1.0.0.2026123608,2026-07-16T19:09:10,,
Microsoft Teams,com.microsoft.teams,Productivity,8dbac4de-2b8c-419c-898b-7279cb2921a9,Amazon Rainforest,5,,Excellent Online App!,0,1416/1.0.0.2026112702,2026-07-16T18:57:59,,
Microsoft Teams,com.microsoft.teams,Productivity,3d63511c-55a6-4e92-9287-b25600c4f607,Sunil Pathrikar,2,,"After updating the app, when I am trying to type any message then I am not able to see chat",1,1416/1.0.0.2026044202,2026-07-16T18:54:43,,
Microsoft Teams,com.microsoft.teams,Productivity,4d683702-bd7f-4541-8e76-b9300dd1a8b4,Renuka Damayanthi,5,,good,0,,2026-07-16T18:39:50,,
Microsoft Teams,com.microsoft.teams,Productivity,d073e63e-b8ac-4e59-9e82-2ee41e6ff62f,John Maleke,5,,the app saves time and convenient for other purposes,0,1416/1.0.0.2026123608,2026-07-16T18:33:31,,
Microsoft Teams,com.microsoft.teams,Productivity,a0397705-b9ae-463b-ae1c-80648f1dd8a2,Cameron Welch,5,,the more you use it the easier and beneficial it becomes!,0,1416/1.0.0.2026123608,2026-07-16T18:18:25,,
Microsoft Teams,com.microsoft.teams,Productivity,9345eda1-fc27-4331-b86b-a2f08b06ce54,Ramesh MK,1,,worst app not flexible as WebEx lot of bandwidth requirement,0,1416/1.0.0.2026123608,2026-07-16T17:55:45,,
Microsoft Teams,com.microsoft.teams,Productivity,0d61b211-eeb2-44af-a4f9-ce7141f94c90,Sunil Vishwakarma,4,,Good,0,1416/1.0.0.2026082702,2026-07-16T17:35:06,,
Microsoft Teams,com.microsoft.teams,Productivity,76450965-464c-4fbf-a5a4-b3db9618c20f,AKASH KUMAR NAYAK,5,,Good,0,1416/1.0.0.2026123608,2026-07-16T17:06:42,,
Microsoft Teams,com.microsoft.teams,Productivity,8e6758fc-3fbc-4c0e-b748-71b3997388f4,Faustina Yaa Acheampongmaa Agyei,5,,great for meeting,0,,2026-07-16T15:55:02,,
Microsoft Teams,com.microsoft.teams,Productivity,2d0bd7e2-b35b-40ea-ad98-4f6073d4f17f,Adhim Dhamara Helmi Putra,5,,"very usefull, thanks",0,1416/1.0.0.2026123608,2026-07-16T15:38:58,,
Microsoft Teams,com.microsoft.teams,Productivity,d4a1ad30-d836-4a20-8647-44355ef65550,Steve Allan,4,,No widget to display calender or messages on homescreen!,0,1416/1.0.0.2026123608,2026-07-16T14:07:00,,
Microsoft Teams,com.microsoft.teams,Productivity,a5f33314-9296-43c6-8e39-04c820091759,balasaheb khedkar,5,,good,0,1416/1.0.0.2026123608,2026-07-16T13:39:50,,
Microsoft Teams,com.microsoft.teams,Productivity,585e822d-0cfa-43f1-8304-3a8c84e6bb6e,AVADHOOT DIXIT,5,,good,0,1416/1.0.0.2026123608,2026-07-16T13:33:50,,
Microsoft Teams,com.microsoft.teams,Productivity,631a23e3-3366-437c-945f-edb8c45dbb41,Bhukya Tharun,5,,good,0,1416/1.0.0.2026123608,2026-07-16T13:21:40,,
Microsoft Teams,com.microsoft.teams,Productivity,79cc8be6-8d28-4371-9490-bb8a10b7f6b9,Kayla Huynh,1,,Conversations aren't loading anymore. Just a blank screen.,11,1416/1.0.0.2026123608,2026-07-16T13:07:41,,
Microsoft Teams,com.microsoft.teams,Productivity,fca19bc5-365a-4825-a0ab-d7ea097b8f5b,Malith Kaveesha,5,,flexible,0,1416/1.0.0.2026123608,2026-07-16T12:40:21,,
Microsoft Teams,com.microsoft.teams,Productivity,d5b6f75d-3f06-4023-beeb-68356e9792e3,SHERA BANTH,5,,good Service,0,1416/1.0.0.2026123608,2026-07-16T11:45:39,,
Microsoft Teams,com.microsoft.teams,Productivity,878973fe-e264-4742-94a6-30cc65527a3d,Arun,1,,not able to delete mag,0,,2026-07-16T10:46:30,,
Microsoft Teams,com.microsoft.teams,Productivity,e0cadcff-1f50-4cf0-98b3-64fa8ca4e369,Sam Sepiol,1,,It's dog slow. Also eats up CPU and RAM. So unoptimised,0,1416/1.0.0.2026123608,2026-07-16T10:41:27,,
Microsoft Teams,com.microsoft.teams,Productivity,f7df3f07-a387-433e-84b7-2684441961e8,Ragib Ahsan,2,,"teams app on z fold 6 while unfolded has problems. when typing in chat, keyboard blocks view of what is being written. this was not an issue in previous version, but got introduced in new version. please fix this.",1,1416/1.0.0.2026123608,2026-07-16T10:31:28,,
Microsoft Teams,com.microsoft.teams,Productivity,e1dafca0-5985-49f3-b5d1-cc37003fb27e,NUR ADLINA BATRISYIA,5,,"Aplikasi yang sangat lengkap untuk pengurusan kerja berkumpulan. Fungsi 'chat', mesyuarat video, dan perkongsian fail semuanya ada dalam satu tempat. Sangat profesional.",0,1416/1.0.0.2026123608,2026-07-16T09:34:36,,
Microsoft Teams,com.microsoft.teams,Productivity,c4791c8b-c63e-43a3-8ab2-29a5cd017a60,Princess Miza,5,,this apps is very helpful for meeting and I can use this apps at home when I'm on leave or I'm not coming to office. This is very good,0,,2026-07-16T08:19:35,,
Microsoft Teams,com.microsoft.teams,Productivity,18888cf7-feba-40c7-b9f5-8fb25bba6f94,CHS,1,,"Can't connect intermittently, signing out looping forever, updated app tried connecting again but gave a white screen, server connection error... This app has a ""will break anytime"" reliability problem, Microsoft 👎",0,1416/1.0.0.2026123608,2026-07-16T07:46:36,,
Microsoft Teams,com.microsoft.teams,Productivity,31e0f05d-d726-4977-9f1e-b9cc7a5311f0,Wahyu Setyawan,2,,"Unstable update. I can't connect using my bluetooth devices, now my baby needs to hear every meeting I have to attend",0,1416/1.0.0.2026123608,2026-07-16T05:12:57,,
Microsoft Teams,com.microsoft.teams,Productivity,b4354ae2-011e-4c08-ba9b-a0d785d10fa4,Tyler Taylor,3,,could be better but it works,0,1416/1.0.0.2026123608,2026-07-16T04:35:49,,
Microsoft Teams,com.microsoft.teams,Productivity,43b25404-6587-4171-9a5c-afb96498fb00,Ryan O'Connor,1,,"didnt used to work for calls then they finally fixed it, now its fully broken again for months now even for chat messages. when auth pops up its a blue spinner forever. At best I get ""transient network error"" but it doesnt matter what network im on. I dont use a vpn. My company tells me its Microsoft's ""AI powered firewall"" that they refuse to reconfigure and they have had lengthy convos with them about since we work in telecommunications. Such a fail. NOT recommended for critical business.",24,1416/1.0.0.2026123608,2026-07-16T04:33:43,,
Microsoft Teams,com.microsoft.teams,Productivity,ffb8bfc3-045d-421a-b184-e1fe1657486c,Rachael Callicoat,5,,"just getting the hang of the system, but so far so good!",0,1416/1.0.0.2026123608,2026-07-16T04:08:57,,
Microsoft Teams,com.microsoft.teams,Productivity,795988b2-0007-409c-ac10-b79959422074,Shanna Lynn,1,,"ETA- Fix it or shut it down so people stop using it! Open app, enter password, enter authenticator code, enter password again, enter new auth code, enter password again, requests another auth code, password again.... sees team chats for 5 seconds, white screen, white screen, white screem, enter password, authenticator code, password, authenticator code password, team chat 5 seconds, white screen, white screen, white screen, password, authenticator code, password.... you get the idea.",0,1416/1.0.0.2026123608,2026-07-16T04:02:49,,
Microsoft Teams,com.microsoft.teams,Productivity,a0463784-605e-4307-bb4c-557363234298,Martina Taylor,1,,I can't get in my work teams. Support hasn't helped.,1,1416/1.0.0.2026123608,2026-07-16T03:33:24,,
Microsoft Teams,com.microsoft.teams,Productivity,ff11fde9-a265-46b8-8232-6fdd4c7aaa32,Ivan jonathan Duran,5,,I love it.,0,,2026-07-16T02:56:04,,
Microsoft Teams,com.microsoft.teams,Productivity,38331829-d3ae-417a-8756-6ee4f6fcd777,Vukašin Maslovarić,2,,"notifications, non-existant UI could at least color the ""teams"" with updates in it, instead of doing nothing.",0,1416/1.0.0.2026123608,2026-07-16T02:41:47,,
Microsoft Teams,com.microsoft.teams,Productivity,217f1423-ead1-4f3f-942c-862654d89b7d,KAY Bee,5,,Well good,0,,2026-07-16T01:52:31,,
Microsoft Teams,com.microsoft.teams,Productivity,1dd17943-606a-45de-9206-5d9542ba2859,DA SH,1,,معقد جدا ومحاضراته صعبة,0,,2026-07-16T01:41:08,,
Microsoft Teams,com.microsoft.teams,Productivity,40b1f40d-652a-4df1-9d12-9d659429f475,Stefanos Bir,4,,"Except that it opens urls in Ms Edge, it's great!",0,1416/1.0.0.2026123608,2026-07-16T01:40:26,,
Microsoft Teams,com.microsoft.teams,Productivity,37d69797-a9b3-4373-964c-21b2453148a5,Bell Moore,1,,"Try to sign in? This email is already associated with an account. Cool, let me sign in then. Here's a security code. Cool, can I sign in now? Nope, this email is already associated with an account. Repeat. Useless app.",0,,2026-07-16T01:19:42,,
Microsoft Teams,com.microsoft.teams,Productivity,3df2fd02-b65b-4e1b-8f6d-301cc9848a80,HUBBY DADDY! MR TURAY SEPTIMUS EISSA (2ulu Sir Izzo),5,,Okay for now thanks to the developers👌,0,1416/1.0.0.2026015002,2026-07-15T23:37:16,,
Microsoft Teams,com.microsoft.teams,Productivity,2d603bd9-268f-4b09-8571-b7a7bf1fea80,Hari Patel,1,,"Issue on Android 16 (iQOO Device) I'm facing a UI issue on my iQOO phone running Android 16. When I open a chat and tap the message box, the keyboard appears, but there is a large blank space above the keyboard. Because of this, the chat window moves to the top of the screen, and I can't see the conversation while typing. This makes it difficult to send messages. Please investigate and fix this issue. Thank you.",1,,2026-07-15T23:29:36,,
Microsoft Teams,com.microsoft.teams,Productivity,0dcb7a51-ab6d-44b9-a12a-211a03878051,Isisjade Fontana,5,,"except for the occasional glitch in internet, teams does not drop meetings and/or calls. love the feature of scheduling future messages.",0,1416/1.0.0.2026123608,2026-07-15T23:29:23,,
Microsoft Teams,com.microsoft.teams,Productivity,8e6d3196-c634-4d66-aa63-f93f3d3c6852,Omee Olee,5,,nice apps for studying,0,1416/1.0.0.2026123608,2026-07-15T23:21:49,,
Microsoft Teams,com.microsoft.teams,Productivity,03da80b7-cde4-49c2-90a3-b22a4c5accaf,雲娘,1,,"The last update made the app unusable. Where are all my chats, people I talked to and messages??? I see the start of the messages in the search, can't read them anymore. Basically, the history is gone. I don't even know with whom I used Teams.",2,1416/1.0.0.2026123608,2026-07-15T23:13:42,,
Microsoft Teams,com.microsoft.teams,Productivity,9d4dcc44-2ddf-400c-834e-ded5be7a55c5,Lawrence Kisia,5,,I love the compatibility with phone,0,1416/1.0.0.2026123608,2026-07-15T22:18:57,,
Microsoft Teams,com.microsoft.teams,Productivity,c6ca84fe-54db-4ec1-8f00-33695b7f5bd2,Lucas Crowthers,1,,Solicited reviews,0,1416/1.0.0.2026123608,2026-07-15T22:14:48,,
Microsoft Teams,com.microsoft.teams,Productivity,bc620cdf-c307-4db6-a6db-bbe63a2588da,Kingsley chidiebere,4,,well coordinated,0,,2026-07-15T22:03:08,,
Microsoft Teams,com.microsoft.teams,Productivity,28778dd9-00b2-4df1-991b-56f527f0e4e9,MR. PRANJAL NEOG (PRAN),3,,Nice,0,,2026-07-15T22:00:18,,
Microsoft Teams,com.microsoft.teams,Productivity,303a0036-1985-4c3d-bd96-7a6cee520590,R. Brown,5,,Great for communication.,0,1416/1.0.0.2026123608,2026-07-15T21:57:47,,
Microsoft Teams,com.microsoft.teams,Productivity,5c58f6f3-072b-4809-8847-6f880c07dc35,allison carter,1,,since the last update I cant open. please fix this,0,1416/1.0.0.2026123608,2026-07-15T21:40:05,,
Microsoft Teams,com.microsoft.teams,Productivity,fa8bb43a-71ba-4a62-9ca0-f79d9b7da198,SimonT Tsiame,5,,The app is awesome...,0,1416/1.0.0.2026123608,2026-07-15T21:39:27,,
Microsoft Teams,com.microsoft.teams,Productivity,225e006e-640d-4da5-abfa-9f03964f8614,Jelena H,1,,"worst app experience ever, not user friendly",1,1416/1.0.0.2026123608,2026-07-15T21:38:12,,
Microsoft Teams,com.microsoft.teams,Productivity,097de939-38bf-4b3f-b9db-26aa419776e0,yasir hakim,5,,Great,1,1416/1.0.0.2026123608,2026-07-15T20:38:40,,
Microsoft Teams,com.microsoft.teams,Productivity,11a1be44-52ca-4f8d-bc77-cadbb09fdb6d,Lula Collie,5,,Extremely helpful,0,1416/1.0.0.2026123608,2026-07-15T20:38:34,,
Microsoft Teams,com.microsoft.teams,Productivity,302775b7-3211-4138-91f4-890d8403eda8,Pande Pandi,5,,good,0,1416/1.0.0.2026123608,2026-07-15T20:28:55,,
Microsoft Teams,com.microsoft.teams,Productivity,44df35af-fc8c-4672-8680-fb5bfb22432a,abyr israel tenio,1,,i cannot sign in,0,,2026-07-15T20:26:27,,
Microsoft Teams,com.microsoft.teams,Productivity,d237f1c2-22c8-4ef3-be8f-c4bc189ad229,Vini Payne,1,,always bugging,1,1416/1.0.0.2026123608,2026-07-15T20:21:49,,
Microsoft Teams,com.microsoft.teams,Productivity,711c2105-cc09-4298-a1bf-4aba5d543617,rahul Varshney,5,,excellent,0,1416/1.0.0.2026123608,2026-07-15T20:20:13,,
Microsoft Teams,com.microsoft.teams,Productivity,ec9fcead-a35e-4411-918c-9fe1c1bd100f,Brian Conceicao,5,,nice app!,0,1416/1.0.0.2026123608,2026-07-15T20:16:38,,
Microsoft Teams,com.microsoft.teams,Productivity,57814828-ee3f-44e7-a2be-66e58ab8f30d,Radosław Walczak,1,,the app doesn't work after update .I've changed password on one of accounts now it only spins and twitches screen even after restart of the device,0,,2026-07-15T20:12:36,,
Microsoft Teams,com.microsoft.teams,Productivity,6f1b280e-935e-4a29-9c7a-d97fb3b162e3,santosh kumar ray,5,,very releaving,0,1416/1.0.0.2026123608,2026-07-15T20:07:30,,
Microsoft Teams,com.microsoft.teams,Productivity,24f95047-dbfd-47bf-b601-aae58afa2348,realSushi_official,1,,"This app keeps getting stuck ""hang on we'll connect you"" purple screen. I was minutes late to a big client meeting. This is absolute trash. It never happens with zoom or gmeet, slack, discord.",0,1416/1.0.0.2026123608,2026-07-15T20:05:20,,
Microsoft Teams,com.microsoft.teams,Productivity,516d44ee-282c-400b-843f-7547777b186e,Sophie Kelley,4,,generally works well but there is an issue with uploading images sometimes - it says Teams has access to a limited selection of images.,0,1416/1.0.0.2026123608,2026-07-15T19:46:27,,
Microsoft Teams,com.microsoft.teams,Productivity,c0396d6f-2f1a-4144-b108-e086e19ba3a3,Edward Thompson,5,,Works good,0,1416/1.0.0.2026123608,2026-07-15T19:44:13,,
Microsoft Teams,com.microsoft.teams,Productivity,e13f6411-b16a-4604-bf8b-62ac59cf90fb,satish patil,1,,"with Android 16 on origin os , when I open keyboard there is a big grey area between keyboard and input box which makes typing almost impossible. please fix this as I use teams on daily basis.",1,1416/1.0.0.2026123608,2026-07-15T19:07:25,,
Microsoft Teams,com.microsoft.teams,Productivity,d9f73199-25ab-412d-bafe-878b7e8c19c5,Ideal Savers International Mission,5,,challenges in using when members are many to manage,0,1416/1.0.0.2026122504,2026-07-15T18:46:49,,
Microsoft Teams,com.microsoft.teams,Productivity,297f0401-743e-423f-a7b0-d7c96ac4c397,Ann Alexis Cruz,5,,Easy to use 👍,0,1416/1.0.0.2026123608,2026-07-15T18:30:00,,
Microsoft Teams,com.microsoft.teams,Productivity,c97ab71a-8038-477b-8bbd-d6e4a767a5a8,Bruce M,1,,"unable to manage conversations. can't delete or even hide old conversations from accounts, and some accounts were spam and don't even exist anymore.",0,1416/1.0.0.2026123608,2026-07-15T17:45:36,,
Microsoft Teams,com.microsoft.teams,Productivity,8ec181ed-9f53-4976-a0aa-14e62b40cb26,Allan Honest,3,,amazing expweience at start! useful and convenient features to help along with necessary office tasks,0,1416/1.0.0.2026123608,2026-07-15T17:26:23,,
Microsoft Teams,com.microsoft.teams,Productivity,3b5b1a55-df5a-46ec-a63e-6fdf0e3a1e6f,Nur syaqirah,5,,"A great platform for meetings, file sharing, and collaboration. Everything I need is in one place.",0,1416/1.0.0.2022384401,2026-07-15T17:13:54,,
Microsoft Teams,com.microsoft.teams,Productivity,b1e07fd0-7aea-41f5-a621-48f459d26f91,Mallikarjun Rocky,5,,good,0,1416/1.0.0.2026123608,2026-07-15T16:54:52,,
Microsoft Teams,com.microsoft.teams,Productivity,dd6ba51b-0e09-450b-a677-81bda82f1156,abhishek yadav,5,,it's good,0,1416/1.0.0.2026123608,2026-07-15T16:34:42,,
Microsoft Teams,com.microsoft.teams,Productivity,0cf18cef-c893-4aca-b854-16a6be61c7c5,Moin Akhtar 786,5,,very nice 🙂,0,1416/1.0.0.2026123608,2026-07-15T16:24:41,,
Microsoft Teams,com.microsoft.teams,Productivity,54515776-2602-44d6-8a7e-3dd2138e1e40,Vikram Jha,3,,while messaging I am getting a blank gray screen,0,1416/1.0.0.2026123608,2026-07-15T16:04:06,,
Microsoft Teams,com.microsoft.teams,Productivity,27ec1a91-4fe6-4c44-9bc5-91eaba6cb5fd,Julius Segole,5,,"Works very well. In the early days login was mission impossible. I have mastered how login works and also MS, possibly improved login process. My current gripe is that it can be difficult to search for Teams and conversations. Would be helpful if the Teams were listed in optional ascending or descending order and searching for conversations had advanced features to enhance searching. Comsider using AI to enhance the search.",7,1416/1.0.0.2026123608,2026-07-15T15:55:21,,
Microsoft Teams,com.microsoft.teams,Productivity,e2fb02e8-aa37-42df-a7bd-72dfaae228be,Purushotham C,2,,"when I want to type I'm getting my keyboard and a blank space of my keyboard size in my mobile , mine is iqooz neo 9 mobile.",0,1416/1.0.0.2026123608,2026-07-15T15:53:25,,
Microsoft Teams,com.microsoft.teams,Productivity,af9723b2-8a77-4527-81d1-d199e6cae06b,cynthia serrano,4,,not really satisfied,0,,2026-07-15T15:53:14,,
Microsoft Teams,com.microsoft.teams,Productivity,858602d4-dda3-4104-956d-5488f047e2fe,Chioma Felix-Ifeanyichukwu,5,,Great App,0,1416/1.0.0.2026123608,2026-07-15T15:50:58,,
Microsoft Teams,com.microsoft.teams,Productivity,fe205841-6efa-437f-be7a-fa93651e1b40,Robert McFarlane,1,,The Microsoft ecosystem is so clunky and terrible. I use this with RSA for work and the whole experience is about as cumbersome a mess as you can imagine. Switch between apps and quickly enter a 12 digit unique pin. Teams spazzes out and requires something new every day and will stop working unless you have it open constantly. I absolutely hate the Microsoft ecosystem anymore.,1,1416/1.0.0.2026123608,2026-07-15T15:50:22,,
Microsoft Teams,com.microsoft.teams,Productivity,393f09bf-6212-4093-9513-f9df7902b651,Shane,5,,TEAMS is an Easy to use professional communication tool,0,,2026-07-15T14:53:11,,
Microsoft Teams,com.microsoft.teams,Productivity,5c16be4c-286e-4e18-a3b0-52b8b751133b,Mohammad ali Moghal,5,,good,0,,2026-07-15T14:51:26,,
Microsoft Teams,com.microsoft.teams,Productivity,b04f9c2d-017c-4c93-a5d3-ce81b0134475,Bhanu pratap Biswal,5,,😁,0,1416/1.0.0.2026095102,2026-07-15T14:44:45,,
Microsoft Teams,com.microsoft.teams,Productivity,9a79ed41-4f9a-4f86-acf3-dad532eea862,Marko Perović,1,,This application should use a trash can as its icon. Nothing works. You cannot even play/download video from chat. I think MS teams has a 4.8 rating on PlayStore because people are afraid to post their honest opinion about this app.,0,1416/1.0.0.2026123608,2026-07-15T14:31:03,,
Microsoft Teams,com.microsoft.teams,Productivity,fce40b8e-a8be-4ef1-bd22-aff9e82a1493,Dr.Shivani Pandya,5,,very good,0,1416/1.0.0.2026123608,2026-07-15T14:27:12,,
Microsoft Teams,com.microsoft.teams,Productivity,317bc289-42e8-4da6-a7f1-41add33f7980,rehan faisal,5,,a great tool...,0,1416/1.0.0.2024153602,2026-07-15T14:20:16,,
Microsoft Teams,com.microsoft.teams,Productivity,454ee165-3162-4135-9018-fbae3457ca6d,Aj Palconit,4,,good,0,1416/1.0.0.2026123608,2026-07-15T13:48:23,,
Microsoft Teams,com.microsoft.teams,Productivity,f276413e-0a87-4ec4-aa4f-86aeee1efecf,Prosper Ikechukwu,5,,I haven't encountered any problems since I started using it. It performs as expected.,0,1416/1.0.0.2026123608,2026-07-15T13:48:07,,
Microsoft Teams,com.microsoft.teams,Productivity,321b3e8c-2833-4340-bef0-65ebd9c3ae43,John Benjamin Del Rosario,1,,It keeps logging me out despite signing in multiple times.,0,,2026-07-15T12:58:50,,
Microsoft Teams,com.microsoft.teams,Productivity,0d15de6a-e9e1-426b-917d-35260c4d4587,Brendon Billings,5,,Not so great,0,1416/1.0.0.2026123608,2026-07-15T12:56:21,,
Microsoft Teams,com.microsoft.teams,Productivity,8d44777e-01fc-4516-bcc4-fcb81822b448,Muhammad Haziq,5,,"Great collaboration tool for work and study. File sharing, meetings, and chat are all integrated smoothly",0,1416/1.0.0.2026123608,2026-07-15T12:52:31,,
Microsoft Teams,com.microsoft.teams,Productivity,5a9b14ef-989f-40b9-a730-ce6db3c158a0,hari krishna,5,,super,0,1416/1.0.0.2026123608,2026-07-15T12:28:33,,
Microsoft Teams,com.microsoft.teams,Productivity,b1d4990e-4fa3-4008-bd27-9eacb10b04a1,Dario Minieri,1,,white screen when I try to login,0,,2026-07-15T12:01:59,,
Microsoft Teams,com.microsoft.teams,Productivity,a47ecc5b-e44d-48ab-bfdb-6c02d7447051,Moolchand Nagar,5,,good,0,1416/1.0.0.2026123608,2026-07-15T11:29:36,,
Microsoft Teams,com.microsoft.teams,Productivity,a897ea44-cc88-40b4-b80d-e9851f5da88d,BIRANJAN KUMAR,5,,ok,0,1416/1.0.0.2026122504,2026-07-15T10:59:36,,
Microsoft Teams,com.microsoft.teams,Productivity,e0019ff8-22f1-49bd-8399-25bc5cbd1c7f,Sanjay Thapa,1,,to much Headache,0,1416/1.0.0.2026123608,2026-07-15T10:12:44,,
Microsoft Teams,com.microsoft.teams,Productivity,4916868f-d432-4bf2-baf2-40bca55b7b2a,Clement Arockiaraj,1,,pathetic!,0,1416/1.0.0.2026123608,2026-07-15T10:10:17,,
Microsoft Teams,com.microsoft.teams,Productivity,7c130cee-84b3-46a2-829a-3e010a24bf84,Phani Venkata Siva Satish Challa (Phani),1,,Bugs deployed in currect current version. opening keyboard is adding additional space,1,1416/1.0.0.2026123608,2026-07-15T09:54:15,,
Microsoft Teams,com.microsoft.teams,Productivity,285f47f2-9daf-465b-aadf-c7ff66dffb9f,Puja Pilaka,1,,it's not open my phone,0,1416/1.0.0.2026123608,2026-07-15T09:49:23,,
Microsoft Teams,com.microsoft.teams,Productivity,51f80c54-4fec-45b4-88de-a8447fbdae38,Selvakumar Jayasundar,1,,Microsoft Teams has a UI issue on Vivo V40 origin os. A large blank space appears between the chat box and the keyboard while typing. This happens only in Teams; other apps work fine. Please fix this compatibility issue.,1,1416/1.0.0.2024202702,2026-07-15T07:48:32,,
Microsoft Teams,com.microsoft.teams,Productivity,8a8717ab-5c09-4f65-b0d8-75b4e3d35eee,Azmat ullah,5,,excellent,0,1416/1.0.0.2026095102,2026-07-15T07:20:06,,
Microsoft Teams,com.microsoft.teams,Productivity,e0646831-5ef6-4a77-80ba-c5003c8cd95a,Analysis wing,5,,awesome and much more usefull then others,0,1416/1.0.0.2026123608,2026-07-15T06:12:14,,
Microsoft Teams,com.microsoft.teams,Productivity,00414e67-d183-47d6-bad7-86fa3e1254f8,Bryce Sales,5,,makes coordination easy and sending important files and information sharing.,0,1416/1.0.0.2026123608,2026-07-15T05:38:46,,
Microsoft Teams,com.microsoft.teams,Productivity,fb506845-8ebb-4dcb-878e-e4bc867268bd,Kim Sampoang,5,,fast and secure,0,1416/1.0.0.2026123608,2026-07-15T04:08:24,,
Microsoft Teams,com.microsoft.teams,Productivity,fa5912cb-198c-448d-8600-5a143e992f58,Ani B,1,,"horrible. since they took over from Skype, private account functionalities are below anything acceptable. no call history, no syncing between mobile and desktop, messages disappear, message statuses change randomly, and now entire conversations missing. trying to log in via the browser to check my account results in an endless loop of log in, authentication success, then asking for log in again when I try to click on a menu. this is ridiculously poor.",3,1416/1.0.0.2026123608,2026-07-15T03:22:54,,
Microsoft Teams,com.microsoft.teams,Productivity,6b766c30-6e0f-417a-a38e-8bbbfa61f89c,Jeremiah White,2,,constantly logs me out and says reconnect to continue receiving messages,0,1416/1.0.0.2026123608,2026-07-15T02:24:02,,
Microsoft Teams,com.microsoft.teams,Productivity,f27999e5-5aea-4259-acd2-f119995d86c4,Tim W,5,,"Great app!! I really like being able to continue conversations, discussions, etc. on mobile from other versions of Teams. Keep pushing good updates! 👍👍",0,1416/1.0.0.2026123608,2026-07-15T01:42:15,,
Microsoft Teams,com.microsoft.teams,Productivity,c0022f89-2c0a-4347-9344-ab1f34976b81,Edward Bwanali,4,,nice app,0,1416/1.0.0.2026112702,2026-07-15T01:27:34,,
Microsoft Teams,com.microsoft.teams,Productivity,fb86b760-3256-4131-bc76-92ba3dfb890a,Abtai Naranbaatar,5,,"I used this app for homework, schoolwork, assignments, trips, fees, breaks, exams at Clonfert College Ballinasloe",0,1416/1.0.0.2026123608,2026-07-15T01:11:49,,
Microsoft Teams,com.microsoft.teams,Productivity,4741f121-7c26-443c-b318-7411163f2f4e,Umar Ali,5,,thanks so much,0,,2026-07-15T00:26:28,,
Microsoft Teams,com.microsoft.teams,Productivity,c4ac87a7-f7be-4483-a5dc-36870a794f86,james haddock,5,,great app,0,1416/1.0.0.2026123608,2026-07-14T23:48:30,,
Microsoft Teams,com.microsoft.teams,Productivity,da067bd0-6301-4919-afc5-0c8dbeec616a,Majid Wuni Tampuri II,5,,So far so Good,0,1416/1.0.0.2026123608,2026-07-14T22:48:26,,
Microsoft Teams,com.microsoft.teams,Productivity,ca3ddd8c-03f4-441c-b846-445308097879,Atul Punhani,5,,"hello everyone I appericiate this app and tell others too that please use this app because this app is excellent! it's used for schools,offices and many more! in this app we could do chating,calling,video calls,online classes and many more ! I LOVE THIS APP AND APPERICIATE OTHER TOO TO USE THIS APP.",0,1416/1.0.0.2026123608,2026-07-14T22:26:49,,
Microsoft Teams,com.microsoft.teams,Productivity,0e30d26c-f362-4007-baf0-9b025f5dc710,Gangadhar Vhancheje,5,,it is best forawer,0,1416/1.0.0.2026123608,2026-07-14T22:06:29,,
Microsoft Teams,com.microsoft.teams,Productivity,8c7eb977-2a95-485e-b259-a410eb8048c3,Ajo Thankachan,5,,OK,0,1416/1.0.0.2025204802,2026-07-14T22:01:29,,
Microsoft Teams,com.microsoft.teams,Productivity,c29411f5-de94-4ee3-bb99-29523f1983fd,PRO GAMING SL,1,,i'm using mobile app.when im in a meeting my front camara is vary dark .please fix this.,0,1416/1.0.0.2026123608,2026-07-14T22:01:15,,
Microsoft Teams,com.microsoft.teams,Productivity,175349d6-1211-48ba-a713-4795c7ee4652,Michelle P,5,,"With a team such as ours, with worldwide staff, It's a great communication app so the entire team is notified and updated. No one's left behind with keeping up with what's important for the team's success.",0,,2026-07-14T21:50:52,,
Microsoft Teams,com.microsoft.teams,Productivity,9fa27e26-bc07-44f3-879b-29fb8412066e,Mrs_ Luna,5,,"Platform terbaik untuk kerja berkumpulan. Mudah kongsi fail, buat mesyuarat dan berkomunikasi dalam satu aplikasi.""",0,,2026-07-14T21:43:59,,
Microsoft Teams,com.microsoft.teams,Productivity,28891c28-7f6f-49d6-81a5-fe2bbb801c83,Amir Qayyum Khan,1,,"Unable to type and see chat at the same time. there is an empty block layout, i tried cache clear, uninstall but no luck.",1,,2026-07-14T21:32:25,,
Microsoft Teams,com.microsoft.teams,Productivity,cf34aa95-1be8-4959-afaa-49c48c4aca1e,Pragati Srivastava,5,,good,0,1416/1.0.0.2026122504,2026-07-14T21:00:59,,
Microsoft Teams,com.microsoft.teams,Productivity,b4209453-cfc7-4c55-8d2e-87cf63bcca2e,Karen Monchamp,2,,"I use this app all the time for work, it usually works great but after an update my teams app defaults to answering on speaker phone which is way too loud and I have to quickly switch the call to the device. As far as I can see there is no setting to select for what speaker is defaulted to when answering the phone, please add this as a feature, especially if the app is going to force speaker phone on.",3,1416/1.0.0.2026123608,2026-07-14T20:38:02,,
Microsoft Teams,com.microsoft.teams,Productivity,3050c9b3-b250-46b1-b874-efafaa678bdc,J M,1,,"one of the worst experiences i have ever had with any app. absolutely terrible, even if required for work, avoid at all costs. rarely works how you want it to, and frequently breaks.",1,1416/1.0.0.2026123608,2026-07-14T20:09:41,,
Microsoft Teams,com.microsoft.teams,Productivity,66f1c714-7bd0-4bbb-bb8b-8167d59f93db,Jason Elias,1,,App wants to check app status too often and takes way too long or doesn't work. You can make a good app but if I can't use it due to your validation them it still sucks nonetheless. It's actually terrible that I can't access work when I need to. Not sure how people are supposed to rely on this.,1,1416/1.0.0.2026123608,2026-07-14T19:24:30,,
Microsoft Teams,com.microsoft.teams,Productivity,77ea52bf-e4a5-45b2-954a-ac6c47bd6bc0,gunda bhaskar,5,,Useful for team meeting Internal training even storing data online.,0,1416/1.0.0.2026123608,2026-07-14T19:23:57,,
Microsoft Teams,com.microsoft.teams,Productivity,cf11dd3d-5212-42e0-8876-38aa9951db1e,Bhekumusa Matsenjwa,3,,good,0,1416/1.0.0.2026095102,2026-07-14T19:12:55,,
Microsoft Teams,com.microsoft.teams,Productivity,09d42a80-f3f1-4676-8170-a90d1ec666f1,adeniran lateef,5,,best app ever,0,1416/1.0.0.2026122504,2026-07-14T19:12:20,,
Microsoft Teams,com.microsoft.teams,Productivity,bb0dc8cd-bd77-440d-a6ae-bfa318b8a61a,Mogale Matibidi,5,,Excellent,0,1416/1.0.0.2026123608,2026-07-14T19:06:14,,
Microsoft Teams,com.microsoft.teams,Productivity,37b061a2-5360-4d0d-bb5b-771610fac383,Shueb Syed,5,,very useful app 👍,0,1416/1.0.0.2026112702,2026-07-14T18:54:20,,
Microsoft Teams,com.microsoft.teams,Productivity,ab7e50cd-1933-442d-9cf7-55df0d1e7fd7,fares al arab,5,,Great app,0,1416/1.0.0.2026123608,2026-07-14T18:52:05,,
Microsoft Teams,com.microsoft.teams,Productivity,1b0d435f-2cf8-43e9-acc6-377445809bb9,fatin nurhani,5,,"Saya suka menggunakan Microsoft Teams disebabkan ia boleh mengakses Word, Excel, PowerPoint, Outlook, Onedrive dan pelbagai lagi dalam satu platform. Keselamatan dokumen sangat terjaga.",0,,2026-07-14T18:14:11,,
Microsoft Teams,com.microsoft.teams,Productivity,7ab20b1f-9b6e-4398-a3e2-951d0dfc76ea,Daniel Richards,5,,it is really helpful with my school work 😀,0,1416/1.0.0.2026123608,2026-07-14T18:13:49,,
Microsoft Teams,com.microsoft.teams,Productivity,fed2f599-ee93-43f3-8da8-ff8e2d74c28b,Sohil Bloch,5,,good 💯,0,1416/1.0.0.2026123608,2026-07-14T18:08:37,,
Microsoft Teams,com.microsoft.teams,Productivity,c8950f7a-1b90-4451-932f-4cde4b80453b,Ali Iman,5,,so helpfulll app,0,1416/1.0.0.2026123608,2026-07-14T18:00:07,,
Microsoft Teams,com.microsoft.teams,Productivity,e7b75a1d-59c4-44e7-a148-52a862ee39f9,Preeti Nirmale,5,,nice,0,1416/1.0.0.2026123608,2026-07-14T17:53:50,,
Microsoft Teams,com.microsoft.teams,Productivity,820b0ac0-4a97-4b60-8756-1045dd4825f2,Muhammad Hasan,5,,aasan lagta hai Magar internet band ho jata hai jeans pant ka kam ho raha hai to fir internet ko jaldi se theek Garhwal,0,1416/1.0.0.2026122504,2026-07-14T16:37:30,,
Microsoft Teams,com.microsoft.teams,Productivity,31768425-c443-4c01-a539-e55a83eedc45,Project Management PM,5,,excellent app,0,1416/1.0.0.2026123608,2026-07-14T16:05:25,,
Microsoft Teams,com.microsoft.teams,Productivity,8c5c853b-02e0-439c-abf6-51933e0a4bae,Ahmar Hussain,1,,"Dear IT Support Team, We are facing a recurring issue with the Microsoft Teams application during VC meetings. While the meeting is in progress, the speaker audio suddenly stops working, making it impossible to hear the participants. This issue is affecting communication and disrupting important meetings. Kindly investigate the root cause and provide a permanent solution to resolve the speaker/audio problem at the earliest. Your prompt support will be highly appreciated. Thank you.",0,,2026-07-14T15:53:44,,
Microsoft Teams,com.microsoft.teams,Productivity,a37a9d0d-a50d-4d28-a8f5-49900d40b932,Victor Hemmekam,1,,"awful app, tried connecting without audio, first switched to my watch which disrupted the meeting. then tried to rejoin with just my phone then it still connected with audio which again disrupted the meeting. even trying to completely lower the volume of my phone did not work!",1,1416/1.0.0.2026123608,2026-07-14T15:44:16,,
Microsoft Teams,com.microsoft.teams,Productivity,4fa7fa4a-e42b-45e8-b411-851c7fac76bf,Egorr Ohwofasa,5,,Nice .,0,1416/1.0.0.2026123608,2026-07-14T15:31:12,,
Microsoft Teams,com.microsoft.teams,Productivity,54826c41-cbb6-4671-aeff-25aeb0589b7f,James Newton,5,,easy and good for work,0,1416/1.0.0.2026123608,2026-07-14T15:22:14,,
Microsoft Teams,com.microsoft.teams,Productivity,31bab5f1-5c9a-42db-a8f6-0b9d9e6bc45e,Ogunmuyiwa Grace Adenike,4,,great,0,1416/1.0.0.2026123608,2026-07-14T15:11:52,,
Microsoft Teams,com.microsoft.teams,Productivity,7eb8ebaf-7b98-45ca-8c3a-747b974c53f3,Jephthah C.Ofonagoro,5,,smooth and on the go app. Helps me join meetings on the go,0,1416/1.0.0.2026112702,2026-07-14T15:07:14,,
Microsoft Teams,com.microsoft.teams,Productivity,e584008c-7455-4aa3-8242-88fc6c70732d,Tamari kutyauripo,4,,I like that I can access a chat even after a meeting.,0,1416/1.0.0.2026123608,2026-07-14T14:53:27,,
Microsoft Teams,com.microsoft.teams,Productivity,fde24463-e778-4f42-8c69-706367c344fe,Pareshkumar shah,2,,difficult to connect,0,1416/1.0.0.2026123608,2026-07-14T14:40:35,,
Microsoft Teams,com.microsoft.teams,Productivity,c3534ccf-ccad-48da-a5f4-a8ece0c4e5d2,Mureen Ebuni,5,,very easy to access,0,1416/1.0.0.2026123608,2026-07-14T14:35:18,,
Microsoft Teams,com.microsoft.teams,Productivity,cdf3c73a-4d8f-488f-be77-6c12a8100bc8,Boitshepo Mello,5,,The Best🥰🥰,0,1416/1.0.0.2026123608,2026-07-14T14:21:08,,
Microsoft Teams,com.microsoft.teams,Productivity,6801b76c-8e15-480c-bed7-dab15e663718,Shaik Sharuq,4,,good for official works,0,1416/1.0.0.2026112702,2026-07-14T14:17:32,,
Microsoft Teams,com.microsoft.teams,Productivity,37646c05-9e55-440f-bed8-a842b5485139,Md. Shafin,1,,"The Teams app does not provide notifications (except for chat notifications); it crashes when attempting to refresh, and the Microsoft account constantly gets logged out in web version.",0,1416/1.0.0.2026123608,2026-07-14T14:06:23,,
Microsoft Teams,com.microsoft.teams,Productivity,f83bd67e-6472-40c7-99ba-592b24207102,Muhammad Islam,5,,okay,0,,2026-07-14T14:06:17,,
Microsoft Teams,com.microsoft.teams,Productivity,9d106fdc-74d3-438f-9430-793b2a637e25,Nehal Pramanick,1,,"Its just bad. Its slow, it crashes and there is a dead space between the chat screen and my keyboard. Its really annoying to use it.",0,1416/1.0.0.2026123608,2026-07-14T12:26:17,,
Microsoft Teams,com.microsoft.teams,Productivity,f3f9d722-0de6-43ea-baf9-3f1b37011fcc,suraj p,4,,slow,0,1416/1.0.0.2026123608,2026-07-14T12:02:45,,
Microsoft Teams,com.microsoft.teams,Productivity,a15c0804-714a-48bd-8359-477525a5aba6,Surya Prakash,5,,good,0,,2026-07-14T11:47:51,,
Microsoft Teams,com.microsoft.teams,Productivity,6dda9ee0-8eb5-4eb7-8951-cb150ac176b1,Syed Minhaj Ali,1,,"on the chat view , the text bar moves up all all the view gets expanded???",0,1416/1.0.0.2026123608,2026-07-14T11:30:18,,
Microsoft Teams,com.microsoft.teams,Productivity,1a593424-a49b-44c2-bff0-4eca8979de2b,Dks Shiva,5,,good,0,1416/1.0.0.2026123608,2026-07-14T11:19:27,,
