app_name,app_id,category,review_id,username,rating,title,text,thumbs_up_count,review_created_version,at,reply_content,reply_at
Google Calendar,com.google.android.calendar,Productivity,7ab8a6fd-f64b-4834-a7b2-93c667498ea3,Dave Callanta,5,,its so sus and so goofy,0,2026.27.0-946652271-release,2026-07-26T16:20:39,,
Google Calendar,com.google.android.calendar,Productivity,b648c865-446a-48b8-8669-a91a08b432c2,sujet jaswal,3,,bhut Sundar hai,0,2026.27.0-946652271-release,2026-07-26T16:18:13,,
Google Calendar,com.google.android.calendar,Productivity,f0d88c74-e23a-4be0-831a-6d5cd303adac,DR MF DIGITAL SOLUTIONS,5,,Excellent,0,2026.27.0-946652271-release,2026-07-26T15:52:16,,
Google Calendar,com.google.android.calendar,Productivity,4fb7d032-8070-458c-ba1f-e4b0afad629f,Palas Bhandari,5,,ok,0,2026.27.0-946652271-release,2026-07-26T13:55:12,,
Google Calendar,com.google.android.calendar,Productivity,2ba1e9a7-a904-4aab-ab23-57d3d5bdba58,Kingsley Anyanwu,5,,very good app.,0,2023.44.0-577681700-release,2026-07-26T13:51:57,,
Google Calendar,com.google.android.calendar,Productivity,1b3892ce-1579-4d48-80ea-6aea27fdc45a,Akandwanaho Saison,5,,so updated,0,2026.27.0-946652271-release,2026-07-26T13:49:22,,
Google Calendar,com.google.android.calendar,Productivity,7365f05e-983b-4a8a-b692-14cd4c0a68e0,Sabrina Sky,5,,Thank you very much 🙏,0,2026.27.0-946652271-release,2026-07-26T13:13:24,"Hello Sabrina, could you try these steps to see if they resolve the issue?
1. Android Settings > Manage accounts > make sure ""Auto-sync personal data"" is ON.
2. On the same screen, tap your Google account > Account sync > ensure Calendar is ON.
3. Open Calendar > tap profile icon to verify no warnings.
4. Tap app Menu (≡) > Refresh. Thanks.",2026-07-26T12:37:53
Google Calendar,com.google.android.calendar,Productivity,2102fdba-52b8-4380-9ce8-b3031960ec03,Asylzhan Musagaliuly,2,,"Is it possible to add the ability to drag and drop multiple tasks at once? Moving each task individually is very inconvenient. For example, if one task takes a long time, you'll have to move each subsequent task separately. (I call events as tasks)",3,2026.27.0-946652271-release,2026-07-26T12:54:04,"Hello there, thanks for sharing your valuable feedback. We'll pass this along to our team. Appreciate it!",2023-10-23T16:06:28
Google Calendar,com.google.android.calendar,Productivity,f3cbe950-7378-4d60-aa01-9b4b1466f0e3,James Mburu,5,,is good,0,2026.27.0-946652271-release,2026-07-26T12:12:50,,
Google Calendar,com.google.android.calendar,Productivity,973f8492-bc4a-44b6-8255-a7025008cb77,Thangaraj Thiagarajan,5,,nice 👍,0,2026.27.0-946652271-release,2026-07-26T11:15:58,,
Google Calendar,com.google.android.calendar,Productivity,d68f5039-7333-48c2-9f6b-88deb733c1b5,Sunita Pandya,1,,Don't Required at all,0,2026.24.1-936041752-release,2026-07-26T11:04:53,Hi Sunita! Could you give us some more information on the issue you are facing so that we may be of help? You can update your comment with a description of the issue. Have a great day!,2026-07-26T12:41:17
Google Calendar,com.google.android.calendar,Productivity,27619a13-6eed-4b1f-85a1-6c7487d24dc9,Darwin,2,,"please assign a high priority to an agent to unify ""save"" buttons on the date and time to match the appointment. bold blue upper right vs. obscure white lower right, etc. thx.",1,2026.27.0-946652271-release,2026-07-26T10:34:57,"Hi Darwin, thanks for sharing your valuable feedback. We'll pass this along to our team. Appreciate it!",2026-07-26T14:05:51
Google Calendar,com.google.android.calendar,Productivity,45c1f8cb-fba9-4f92-bb91-8d208b329e8c,Ardhendu Sekhar Mohanty,3,,"It's 2026 and google calendar icon can't show dynamic date on app icon. Always this 31 on the icon. Also Google calendar has a few beautifully designed widgets in iOS but ironically in android they don't add such widgets, it's stuck with those old school ugly month view widget. Kindly add modern looking, compact 2*2 and 4*2 month view widget.",0,2026.27.0-946652271-release,2026-07-26T09:49:39,,
Google Calendar,com.google.android.calendar,Productivity,a1910227-6d7e-4660-9ba2-68edaedb5639,Rohit Kumar,5,,good,0,2026.27.0-946652271-release,2026-07-26T09:33:50,,
Google Calendar,com.google.android.calendar,Productivity,42b6f8bb-31fb-471b-bb72-4547d42c96bc,K,1,,Randomly has stopped working completely. Opening it does nothing. I can't believe I have to install a separate calendar just to view upcoming dates.,0,2026.27.0-946652271-release,2026-07-26T09:20:10,"Hello there. We'd suggest you try the steps listed here, if you haven't already: https://goo.gle/37ZAO4p. In case the issue persists, please create a new thread on our Google Calendar Help Community for our experts to review: https://goo.gle/2QnxTMN. Thanks.",2026-07-26T12:43:42
Google Calendar,com.google.android.calendar,Productivity,e30a6b64-8810-45b4-b287-ede3f5c6dfe3,Christopher Carin,5,,Berry good,1,2026.26.1-943790361-release,2026-07-26T08:53:55,,
Google Calendar,com.google.android.calendar,Productivity,2652cc28-555a-4964-a3f2-338102be9493,Richie Binag,5,,very nice,0,2026.27.1-951340501-release,2026-07-26T08:04:52,,
Google Calendar,com.google.android.calendar,Productivity,9461b1d8-6fb9-43c2-a22a-16d9c8a994c7,Froilan Malasa,5,,nice,0,2026.26.1-943790361-release,2026-07-26T06:59:52,,
Google Calendar,com.google.android.calendar,Productivity,dd63ecbc-8b2c-49b5-b7bc-c31ae201034e,Andreas C,1,,Stop changing the theme colors.,0,2026.27.0-946652271-release,2026-07-26T06:55:22,Hi there! Could you give us some more information on the issue you are facing so that we may be of help? You can update your comment with a description of the issue. Have a great day!,2026-07-26T13:59:39
Google Calendar,com.google.android.calendar,Productivity,d16c21df-3c90-4045-9484-10321c1d4e46,Clinton Alfred,3,,nice,0,2026.27.0-946652271-release,2026-07-26T06:53:50,,
Google Calendar,com.google.android.calendar,Productivity,c2d04572-313b-47b8-81b3-e6ce9ac1ff7c,DeAnne Robinson,5,,I use the app rev regularly,0,2026.27.1-951340501-release,2026-07-26T06:02:10,,
Google Calendar,com.google.android.calendar,Productivity,b2767b26-748d-4bf5-bdb1-59a189a27f4d,Debbie Gorby,5,,"After a recent update, I am no longer able to color code events in my calendar. This is very annoying. I'll be looking for another calendar to use. *** It's working now. Thank you.",0,2026.27.0-946652271-release,2026-07-26T03:31:48,"Hi Debbie, could you try these steps to see if they resolve the issue? 1. Android Settings > Manage accounts > make sure ""Auto-sync personal data"" is ON.
2. On the same screen, tap your Google account > Account sync > ensure Calendar is ON.
3. Open Calendar > tap profile icon to verify no warnings.
4. Tap app Menu (≡) > Refresh. Thanks.",2026-07-17T06:14:23
Google Calendar,com.google.android.calendar,Productivity,27521cc7-8e96-4567-aaff-64a7a5385da7,Edith Cavanaugh,5,,a great place to store all your appointments love this calendar 📅,0,2026.28.0-950472187-release,2026-07-26T03:23:38,,
Google Calendar,com.google.android.calendar,Productivity,8d712fbe-5ad4-4ac3-b26b-25f3b34c3fcc,Chukwuma,4,,Good,0,2026.25.0-939476906-release,2026-07-26T02:53:31,,
Google Calendar,com.google.android.calendar,Productivity,7ed7e94a-73e3-4277-83ff-9ac4bcff7d08,Nay Tun,5,,Good 👍👍👍👍👍,0,2026.26.1-943790361-release,2026-07-26T00:46:28,,
Google Calendar,com.google.android.calendar,Productivity,eb7cd518-c90c-4b9a-89fc-3dd6ed3af33e,PVT Liger boy Business accountant,5,,great dictionary,0,2025.29.1-785400396-release,2026-07-26T00:36:30,,
Google Calendar,com.google.android.calendar,Productivity,a269f65c-a385-490d-8d0e-8120313cc8bc,Sougata Chatterjee,5,,"Excellent performance and stability.,",0,2026.27.0-946652271-release,2026-07-26T00:07:46,,
Google Calendar,com.google.android.calendar,Productivity,abb80fda-1167-4e37-a749-3514decbc132,Nurat Omari,5,,❣️❣️❣️,0,2026.25.0-939476906-release,2026-07-25T23:59:03,,
Google Calendar,com.google.android.calendar,Productivity,fdf27439-eb6a-4f95-aff3-4cd79d32df9a,Nilotpal Sarkar,4,,"good, but I need a proper festival update",0,2026.27.0-946652271-release,2026-07-25T23:33:28,,
Google Calendar,com.google.android.calendar,Productivity,2339a282-315d-4a53-93aa-bcb71a3b8ba4,Ritik Rajput,5,,💃💃💃,0,2026.27.0-946652271-release,2026-07-25T23:32:54,,
Google Calendar,com.google.android.calendar,Productivity,ff5ea307-d6c5-42a7-9af6-6c215ede5c2c,Mr.Kyaw Kyaw,5,,Nice,0,2026.27.0-946652271-release,2026-07-25T23:32:48,,
Google Calendar,com.google.android.calendar,Productivity,81a2c96f-7166-4262-b26f-5714b4259c43,Alfred Derfla Kang'ui,5,,currently new to use.,0,2026.01.0-852024920-release,2026-07-25T23:24:15,,
Google Calendar,com.google.android.calendar,Productivity,fc32fe87-88d6-40c5-88d4-c9c692cd9a82,Jane Usa,1,,don't use and don't want it on my phone,0,2026.14.0-895011949-release,2026-07-25T23:02:28,Hi Jane. Please visit our Calendar Help Community for more help: https://goo.gle/2QnxTMN. Thanks!,2026-07-25T23:20:44
Google Calendar,com.google.android.calendar,Productivity,4c8c200f-650d-414b-bbda-bfd5499d6284,Arifkhan Pathan,5,,ok,0,2025.02.0-714751346-release,2026-07-25T22:33:51,,
Google Calendar,com.google.android.calendar,Productivity,83616e87-ae46-4cb3-bd7c-d9e713b8495a,Makwana Bhavesh,5,,good,0,2026.23.1-936574200-release,2026-07-25T22:18:14,,
Google Calendar,com.google.android.calendar,Productivity,6ac3872b-16e9-4d15-b3f9-070483d1d3d0,Lloydraff Cruz,5,,gód,0,2026.27.0-946652271-release,2026-07-25T22:12:48,,
Google Calendar,com.google.android.calendar,Productivity,9255836a-4b6a-449c-b94e-8db3a5f82f3f,Pavan Dhaker,5,,bahut bahut badhai,0,2026.27.0-946652271-release,2026-07-25T22:12:45,,
Google Calendar,com.google.android.calendar,Productivity,c6d28d0e-8710-4955-a81c-1b436a38b6ff,Phool Chand,1,,good,0,2026.27.0-946652271-release,2026-07-25T21:59:04,,
Google Calendar,com.google.android.calendar,Productivity,eb7ee1ad-cc4e-46ac-98d4-a398b9f10472,Deepak M Deepak,5,,good,0,2026.24.1-936041752-release,2026-07-25T21:55:28,,
Google Calendar,com.google.android.calendar,Productivity,7669fa40-7f47-4bdd-bb91-50ebcba68775,kim,1,,it won't work,0,2026.27.0-946652271-release,2026-07-25T21:52:07,Hi Kim! Could you give us some more information on the issue you are facing so that we may be of help? You can update your comment with a description of the issue. Have a great day!,2026-07-25T23:21:18
Google Calendar,com.google.android.calendar,Productivity,086557d6-c600-4863-bd48-4bc8e9daae6b,Melanie,5,,"Best calendar app that I could find, and I looked a lot",1,2026.27.0-946652271-release,2026-07-25T20:49:00,,
Google Calendar,com.google.android.calendar,Productivity,bc5e51a7-1b25-4b0b-9d49-1ad3011320f0,MD Sakib Sorkar,5,,good,0,2026.21.0-924344952-release,2026-07-25T20:15:51,,
Google Calendar,com.google.android.calendar,Productivity,026324a3-df65-4dc0-aeac-2c0e2eb03595,G H,1,,"it is not always accurate in its functions. in repeating reminder functions, if you edit the repeating function to your wish, it does not actually do it. you would not get the reminder notification as you update even you save it. it may be misleasing that way.",0,2026.27.0-946652271-release,2026-07-25T20:11:06,"Hello there. We'd suggest you try the steps listed here, if you haven't already: https://goo.gle/37ZAO4p. In case the issue persists, please create a new thread on our Google Calendar Help Community for our experts to review: https://goo.gle/2QnxTMN. Thanks.",2026-07-26T12:35:07
Google Calendar,com.google.android.calendar,Productivity,4e0af2e2-b4af-47f3-8284-d175234e22dd,Md.monirulislam Babu,5,,ok,0,2026.27.0-946652271-release,2026-07-25T19:36:54,,
Google Calendar,com.google.android.calendar,Productivity,b4258c9f-2b97-4e65-88f2-ace08c2fef70,Tigerlilly Patricia Thomas,5,,Cpt this application is so useful for us,0,2026.27.0-946652271-release,2026-07-25T19:27:59,,
Google Calendar,com.google.android.calendar,Productivity,799a6868-791e-46d7-95b6-45257984c7e7,Ace Griggs,1,,you cant even cast spells. this app is useless.,0,2026.28.0-950472187-release,2026-07-25T19:12:46,Hi Ace! Could you give us some more information on the issue you are facing so that we may be of help? You can update your comment with a description of the issue. Have a great day!,2026-07-26T01:06:29
Google Calendar,com.google.android.calendar,Productivity,8e3cda2b-4104-42ff-8710-a843b67d37c2,Puramsetti Rajesh,1,,it's not showing correct date in screen,0,2026.27.1-951340501-release,2026-07-25T18:28:39,Hi Rajesh! Could you give us some more information on the issue you are facing so that we may be of help? You can update your comment with a description of the issue. Have a great day!,2026-07-25T18:18:19
Google Calendar,com.google.android.calendar,Productivity,fbf7884c-c4bd-49cc-8c52-495841a83513,reyadm ali,5,,good,0,2026.27.0-946652271-release,2026-07-25T18:22:13,,
Google Calendar,com.google.android.calendar,Productivity,2dfd211e-5a04-4805-adcc-aa3998762568,HSD,1,,we need to view entire month with date and day,0,2026.27.1-951340501-release,2026-07-25T17:44:09,Hi there! Could you give us some more information on the issue you are facing so that we may be of help? You can update your comment with a description of the issue. Have a great day!,2026-07-26T01:04:52
Google Calendar,com.google.android.calendar,Productivity,1a361fbc-a282-4746-8f3b-144f0c8cfd3b,Shopno Bilas community centre,4,,good,0,2026.27.0-946652271-release,2026-07-25T17:05:05,,
Google Calendar,com.google.android.calendar,Productivity,ecb3ce67-53a7-4179-8c7d-937830c8ce81,Testimony Egbunonye,5,,Perfect 👍,0,2026.25.0-939476906-release,2026-07-25T16:51:47,,
Google Calendar,com.google.android.calendar,Productivity,2d28680d-d6e6-4a0f-aa09-60220ba17247,md muzammil,5,,good,0,2026.26.1-943790361-release,2026-07-25T16:24:11,,
Google Calendar,com.google.android.calendar,Productivity,209e8311-1413-4a0b-bfe2-6a8bf68b1f82,Barbara,1,,"QUESTION — I'm using 15 minute time increments. EVERY TIME I tap on a time-cell, to create a new Item, my Item always gets saved 15 minutes sooner. Why? . . . 👇👇👇 This reply is 3 years old. 👇👇 👇👇 👇👇 👇👇 👇👇 👇👇 👇👇",12,2026.27.0-946652271-release,2026-07-25T16:05:44,Hi there. Our team is aware of this issue and it is currently under review. Please submit in-product feedback: https://goo.gle/37YOQmJ. Thanks.,2023-02-27T07:48:21
Google Calendar,com.google.android.calendar,Productivity,3c3fc0c2-5290-4039-b1c4-11654d0ce37a,Tjalaligwetjwa Solomon,5,,very good,0,2026.26.1-943790361-release,2026-07-25T15:55:20,,
Google Calendar,com.google.android.calendar,Productivity,e70f0994-914e-47e1-9e4d-9be331dad674,Dilawar Khan,5,,ok,0,2026.27.0-946652271-release,2026-07-25T14:49:24,,
Google Calendar,com.google.android.calendar,Productivity,c4c76b41-f3f6-4f95-8485-a0344deab081,Mujitaba Ally Paschal,5,,i like it.!,0,2026.27.0-946652271-release,2026-07-25T14:47:16,,
Google Calendar,com.google.android.calendar,Productivity,fc34b899-528a-44ce-aa16-ff35e9d86a60,S,1,,"I'm not getting ANY calendar notifications & don't know why. Everything on my phone says I should be getting them, but NONE of them give me notifications. It's extremely frustrating,",0,2026.27.0-946652271-release,2026-07-25T14:12:31,"Hello there. Have a look at the steps in this guide to troubleshoot Calendar notifications: https://goo.gle/2H0Ag2o. In case the issue persists, please create a new thread on our Google Calendar Help Community for our experts to review: https://goo.gle/2QnxTMN. Thanks.",2026-07-25T15:59:14
Google Calendar,com.google.android.calendar,Productivity,1bf1fa65-8db9-4ddd-ad8c-40762b72f11e,Ajay Kumar,5,,good,0,2026.28.0-950472187-release,2026-07-25T13:29:19,,
Google Calendar,com.google.android.calendar,Productivity,4c342808-1101-4732-9cf2-af43490890a6,Shyambabu Sah,5,,Best,0,2026.27.0-946652271-release,2026-07-25T12:33:41,,
Google Calendar,com.google.android.calendar,Productivity,f8e08e9d-4506-4d91-8eb5-cb7519f680fa,Dave Ferguson,5,,"use it all the time, my go to calendar",0,2026.27.0-946652271-release,2026-07-25T11:41:18,,
Google Calendar,com.google.android.calendar,Productivity,a4ed8733-d674-41c5-85ec-8a0e7388fa92,Thundu Vijay,5,,Good,0,2026.26.1-943790361-release,2026-07-25T10:56:21,,
Google Calendar,com.google.android.calendar,Productivity,17e49ab8-cd4f-4aee-a216-d418e0705df0,Isaiah LaCoste,5,,"I love this app. It helps me keep track of what I have to do on a certain day, and here's my schedules on track everything that I need to know. And want to know or there, I don't have to worry about any kind of interruptions, and you don't have to pay for it... I highly recommendable😁",0,2026.27.0-946652271-release,2026-07-25T10:42:50,,
Google Calendar,com.google.android.calendar,Productivity,e60568af-8321-4ae7-bc98-2e6d6473e159,philip Spencer,1,,the layout isn't good 😔,0,2026.27.0-946652271-release,2026-07-25T10:41:35,"Hi Philip. Thanks for your review. We'd like our users to have the best possible experience with the Google Calendar app. Please let us know what we can improve. If you experience issues with the app, feel free to create a new thread in our Google Calendar Help Community for our experts to review: https://goo.gle/2QnxTMN. Thanks.",2026-07-25T10:52:06
Google Calendar,com.google.android.calendar,Productivity,89345ece-27a4-4d0d-ac6e-e69995d85e41,Alan Shum,2,,"there is no 30th in lunar calendar for feb 6 2027, it is misleading us to have one day shifted",0,2026.27.0-946652271-release,2026-07-25T10:15:03,,
Google Calendar,com.google.android.calendar,Productivity,eb25a33f-c94d-4b56-ab9a-f6736ca9cd7d,Raymond White,3,,yes good also,0,2026.27.0-946652271-release,2026-07-25T09:16:17,,
Google Calendar,com.google.android.calendar,Productivity,5b4cf7f7-9bf9-4180-b3bb-06ef267efb44,Chris,1,,"Keeps crashing. Cannot view any of my entries. I cleared the cache & even did a force stop. Takes several minutes to open. Then when I try to click on an entry, the app closes. it's horrible 😞",0,2026.28.0-950472187-release,2026-07-25T08:28:50,"Hi Chris. Let's try clearing the cache of the Calendar app: Open Phone settings - Select Apps or App & notifications - Choose Google Calendar - Tap Storage - Clear cache - OK. For further help, please create a new thread in our product forum for our community of experts to review: https://goo.gle/2QnxTMN. Thanks.",2026-07-23T23:50:30
Google Calendar,com.google.android.calendar,Productivity,b026ec21-fb48-4e9b-a911-99b5fd1806bd,supriya patra,5,,good,0,2025.49.0-841477794-release,2026-07-25T08:25:55,,
Google Calendar,com.google.android.calendar,Productivity,d5aa518f-8be6-442d-bb76-ca68497e1599,Jizozin Vidaa,4,,বাজি মাৰিলোঁ যে সেইটো এটা কেছচেণ্ড আছিল,0,2026.28.0-950472187-release,2026-07-25T07:26:52,,
Google Calendar,com.google.android.calendar,Productivity,7d6c491e-9790-436f-91c5-2e9b934d8d28,VCR Services,4,,The colors issue is fixed and we have more choices than the light spectrum offers!,2,2026.27.0-946652271-release,2026-07-25T07:19:42,"Hi there, could you try these steps to see if they resolve the issue? 1. Android Settings > Manage accounts > make sure ""Auto-sync personal data"" is ON.
2. On the same screen, tap your Google account > Account sync > ensure Calendar is ON.
3. Open Calendar > tap profile icon to verify no warnings.
4. Tap app Menu (≡) > Refresh. Thanks.",2026-07-09T01:24:10
Google Calendar,com.google.android.calendar,Productivity,6d413ac9-e73b-403f-9df9-58f9c9b1fef4,Rutuj Madawalakr,4,,this calendar is nt open without network so bad,0,2026.27.0-946652271-release,2026-07-25T07:14:16,,
Google Calendar,com.google.android.calendar,Productivity,ba101aaa-b28d-4235-bea4-d238e36e0c90,Joseph Kiel,1,,why does the calendar app on my pixel watch not display a calendar,2,2026.27.0-946657187-release-wear,2026-07-25T06:37:35,,
Google Calendar,com.google.android.calendar,Productivity,83f02e58-cfbd-472a-9906-aac87b18b023,Akshay Kumar,5,,this app is good app,1,2026.26.1-943790361-release,2026-07-25T03:03:35,,
Google Calendar,com.google.android.calendar,Productivity,4603b077-d904-43f5-8229-c9ad2df6d7a9,Isaac Kayongo,5,,"At least you need to put images for the ancient people who had contributed to the organization of calendar, okay dear.",0,2026.25.0-939476906-release,2026-07-25T02:24:42,,
Google Calendar,com.google.android.calendar,Productivity,68d4a505-15a5-404e-aee7-90e1626f931f,Sadia Akter,2,,good,1,2026.27.0-946652271-release,2026-07-25T02:11:59,,
Google Calendar,com.google.android.calendar,Productivity,885bfba5-d930-4aa5-9319-3d2f50bbf5e7,Greg Orcutt,1,,keeps defaulting to the wrong calendar. I have several calendars. the one associated with my Google account should be the primary one. but it keeps on adding entries by default onto a shared calendar that I don't even own.,0,2026.27.0-946652271-release,2026-07-25T00:48:19,,
Google Calendar,com.google.android.calendar,Productivity,07695382-bec4-4d10-9099-ae23c1e3cadb,Sesmo James,5,,good 👍,0,2026.25.0-939476906-release,2026-07-25T00:35:29,,
Google Calendar,com.google.android.calendar,Productivity,d86d7a0c-ff64-4f71-840b-57f03c0161fe,Jamie Gauld,3,,"I don't like the update where they have removed the ability to change the colour of the events, keeping everything to one colour makes it difficult to see different events, work slots, meetings etc.",1,2026.27.0-946652271-release,2026-07-25T00:12:46,"Hi Jamie, could you try these steps to see if they resolve the issue?
1. Android Settings > Manage accounts > make sure ""Auto-sync personal data"" is ON.
2. On the same screen, tap your Google account > Account sync > ensure Calendar is ON.
3. Open Calendar > tap profile icon to verify no warnings.
4. Tap app Menu (≡) > Refresh.
Thanks.",2026-07-25T00:24:03
Google Calendar,com.google.android.calendar,Productivity,2d9411e2-97c1-4213-b1eb-f822945e504e,Dwayne Crarig,5,,Exactly 💯,0,2026.27.0-946652271-release,2026-07-24T23:54:49,,
Google Calendar,com.google.android.calendar,Productivity,895f3371-6eef-4fea-8192-38375bc7b999,GAURAV Kumar,4,,that was good but I have written a name on 2026 may 16 may that was my birthday but that name was deleted on 2027,0,2026.27.0-946652271-release,2026-07-24T22:32:56,,
Google Calendar,com.google.android.calendar,Productivity,af2d0d49-d68b-4282-9234-87d19d4a85e2,Nancy Weight,5,,love this app,0,2026.27.0-946652271-release,2026-07-24T21:59:35,,
Google Calendar,com.google.android.calendar,Productivity,79d9284f-4664-4422-b980-da6840946e46,Kimberley S,4,,"Recent update removed option to reschedule a single event to another day without rescheduling all events in a series. It used to say this event only or this and all events in this series. Now, both options are for all events in the series. PLEASE CORRECT IT BACK THE WAY IT WAS NEEDS TO BE. Real pain now.",1,2026.27.0-946652271-release,2026-07-24T21:36:09,,
Google Calendar,com.google.android.calendar,Productivity,9c21ec64-1e23-4821-8adb-5d72049cc75e,Thiagarajan Sethupathi,5,,fine,0,2026.27.0-946652271-release,2026-07-24T20:21:54,,
Google Calendar,com.google.android.calendar,Productivity,becc473a-4112-4853-9d0d-005599e1629d,William Davis,5,,it's 👍,0,2026.27.0-946652271-release,2026-07-24T20:11:24,,
Google Calendar,com.google.android.calendar,Productivity,28d70a28-e482-4b4c-8765-952663273bad,Adrian V Abbott,3,,Found that it has issues when I put times in..,0,2026.26.1-943790361-release,2026-07-24T19:20:48,Hi Adrian! Could you give us some more information on the issue you are facing so that we may be of help? You can update your comment with a description of the issue. Have a great day!,2026-07-24T20:54:20
Google Calendar,com.google.android.calendar,Productivity,afee8bba-ab2a-4b85-b418-e5d5a101c8ed,Sajedul Haque (Sajedul),5,,I like it app,0,2026.27.0-946652271-release,2026-07-24T18:52:22,,
Google Calendar,com.google.android.calendar,Productivity,12686df2-b555-4269-a0eb-ab23854dbf01,balamallesh “divyansh vedhansh” katabathini,5,,Good,0,2026.27.1-951340501-release,2026-07-24T17:35:30,,
Google Calendar,com.google.android.calendar,Productivity,bf0c755b-be02-4b86-b5ca-9043709374bb,Sathirathnam,5,,this is a good app i like this app,0,2026.25.0-939476906-release,2026-07-24T17:12:32,,
Google Calendar,com.google.android.calendar,Productivity,3d43e16e-948b-47ec-9798-b9f7264686a9,Susan Evans,5,,good app,0,2020.08.4-301138406-release,2026-07-24T16:50:17,,
Google Calendar,com.google.android.calendar,Productivity,6e200472-2454-4035-8052-43c75277bda8,Altamash Khan,3,,good,0,2025.48.3-840675832-release,2026-07-24T16:14:20,,
Google Calendar,com.google.android.calendar,Productivity,f94d12e5-2316-4bfa-81d7-f233ee2ab98f,韓媛,4,,自從前幾天被迫更新後至今天，我的桌面小工具永遠都顯示不出資料，除非我把他們移除重塞。 edit 114/3/24: 疑似修好，再觀察；結果還是不行； 115/7/24：更新後疑似修好？,0,2026.27.0-946652271-release,2026-07-24T16:09:33,,
Google Calendar,com.google.android.calendar,Productivity,3ba5715b-0b2d-4e83-b91d-fdbb476f3763,Brendan Reihill,2,,"I have have used this app for years and it was great. But this last few days I am not getting any event notifications. I have all permissions granted, I have cleared the cache and uninstalled and reinstalled but still the same.",0,2026.27.0-946652271-release,2026-07-24T16:05:36,"Hi Brendan. Have a look at the steps in this guide to troubleshoot Calendar notifications: https://goo.gle/2H0Ag2o. In case the issue persists, please create a new thread on our Google Calendar Help Community for our experts to review: https://goo.gle/2QnxTMN. Thanks.",2026-07-24T20:52:56
Google Calendar,com.google.android.calendar,Productivity,3dd84f32-7c49-4877-9de3-fae710debc15,мιςнαεl мικнαιl,1,,"I would like to report an issue with the Samsung Calendar app. When I create a new event and tap Attachment, the app only allows me to select files from Google Drive. There is no option to browse and attach files directly from my phone's local storage. I expect to be able to attach any file stored on my device (such as PDFs, documents, or images) without first uploading it to Google Drive. Requiring Google Drive for attachments is inconvenient and appears to limit the app's functionality.",0,2026.27.0-946652271-release,2026-07-24T15:58:13,,
Google Calendar,com.google.android.calendar,Productivity,59378389-3022-445b-9124-6f920ff37929,Datus Magumba,5,,happy,0,2025.02.0-714751346-release,2026-07-24T15:27:13,,
Google Calendar,com.google.android.calendar,Productivity,15302fe8-28dc-4fba-95eb-e832e1083725,Mary Ivey,4,,"rather than just have a notification come on your screen, it would be nice if the phone would say something to remind us",1,2026.26.1-943790361-release,2026-07-24T15:14:30,,
Google Calendar,com.google.android.calendar,Productivity,9dbf5a6e-96ec-4812-a1ea-5644eacd3cf9,Will S,4,,icon could show actual date,1,2026.27.0-946652271-release,2026-07-24T14:49:26,,
Google Calendar,com.google.android.calendar,Productivity,2eb1774e-5861-410e-a786-494bf98ad467,Kapil Neshwal,5,,good 👍👍,1,2026.27.0-946652271-release,2026-07-24T14:49:09,,
Google Calendar,com.google.android.calendar,Productivity,ecbf813d-c92b-4e4c-938d-397e7089c99a,Bantee Kumar,5,,very useful,0,2026.26.1-943790361-release,2026-07-24T14:26:34,,
Google Calendar,com.google.android.calendar,Productivity,326c458f-5a03-41ca-87f1-1224cb65618a,Ruel Sadiwa,2,,very good 💯😊,1,2026.26.1-943790361-release,2026-07-24T14:10:09,,
Google Calendar,com.google.android.calendar,Productivity,2ff5a9c6-9c80-4dce-a21b-755eb1c3c798,Mark Lorenz Nadal,5,,Best calendar app!,0,2026.27.0-946652271-release,2026-07-24T13:17:56,,
Google Calendar,com.google.android.calendar,Productivity,9b4d25c7-3b62-4cf9-9ecb-cae1b42a6449,Joseph Odey,5,,very interesting,0,2026.27.0-946652271-release,2026-07-24T12:50:07,,
Google Calendar,com.google.android.calendar,Productivity,f938813d-bf07-4c4c-8b4c-c79221f7ce8c,MAYANK CHAUHAN,5,,good,0,2026.24.1-936041752-release,2026-07-24T12:44:09,,
Google Calendar,com.google.android.calendar,Productivity,ea23dd71-a0ce-4d83-a75d-4259b36a5e3b,Robert Shillito,5,,help organise my month perfectly,0,2026.27.0-946652271-release,2026-07-24T12:18:35,,
Google Calendar,com.google.android.calendar,Productivity,06ac40d4-c717-4d8c-86ca-1a14a92c9831,Chandan Soren,5,,nice apps,0,2026.26.1-943790361-release,2026-07-24T12:13:19,,
Google Calendar,com.google.android.calendar,Productivity,8091df32-dbd6-475b-ab20-1ef1de7cdc08,manohar sahare,5,,good,0,2026.25.0-939476906-release,2026-07-24T12:10:11,,
Google Calendar,com.google.android.calendar,Productivity,d8b83734-5e60-4aa0-84f6-1a41943f1f57,Sajjan Rai,5,,thank you for my friend 🙏🙏,0,2026.24.1-936041752-release,2026-07-24T11:23:00,,
Google Calendar,com.google.android.calendar,Productivity,12c88a1e-3c6b-44cc-9504-11b936cf004a,MD Shiam Hossen,5,,that's good,0,2026.27.0-946652271-release,2026-07-24T11:08:09,,
Google Calendar,com.google.android.calendar,Productivity,dc0d5d23-0fe2-43e8-9303-fb1921ff8b13,Ayush Kumar,4,,good,0,2026.26.1-943790361-release,2026-07-24T10:41:41,,
Google Calendar,com.google.android.calendar,Productivity,5786f194-ecaf-471f-9440-5313310dc8de,Aziz Ibrahim,1,,xery bad,0,2026.27.0-946652271-release,2026-07-24T09:54:04,,
Google Calendar,com.google.android.calendar,Productivity,953ece56-f824-4f51-82a7-1bf22f8d03bf,Justice Pule,5,,information like national days like pyjama day we need to see it on our calendar.,0,2026.24.1-936041752-release,2026-07-24T09:44:41,,
Google Calendar,com.google.android.calendar,Productivity,2a11f08c-b848-4018-9874-bd84ab26eece,Narayan Sah,5,,use full,0,2026.27.0-946652271-release,2026-07-24T09:30:29,,
Google Calendar,com.google.android.calendar,Productivity,7217401e-bbe1-4385-bde3-bb4340b4718e,shree Harivansh,4,,good,1,2026.26.1-943790361-release,2026-07-24T09:02:11,,
Google Calendar,com.google.android.calendar,Productivity,1091f94f-be48-4022-9581-8b61bc2475b3,Merri Lester,1,,does not display current date,0,2026.27.0-946652271-release,2026-07-24T08:22:14,,
Google Calendar,com.google.android.calendar,Productivity,c9de44c4-51f7-455b-a38f-0cc2a913ede2,Md Towhidul Islam Chaudhary,5,,এই অ্যাপসটি আমি ব্যবহার করি আপনারা সবাই ব্যবহার করি ভালো লাগবে সবাইকে ধন্যবাদ জানাই,1,2026.27.0-946652271-release,2026-07-24T08:21:19,,
Google Calendar,com.google.android.calendar,Productivity,77c68230-18e8-484c-8415-76d9f8338b4c,Tamitha Baird (Tammy's),2,,I'm legally blind so wouldn't be fair for me to say that I don't like this one I just don't understand it,0,2026.27.0-946652271-release,2026-07-24T07:24:16,,
Google Calendar,com.google.android.calendar,Productivity,e3f8a20c-b56e-483a-8afa-cd5344b3db53,Briant Funz,5,,good,0,2026.27.0-946652271-release,2026-07-24T06:23:00,,
Google Calendar,com.google.android.calendar,Productivity,0874b976-fb86-4471-b8bf-179c4aaa7cd7,White 444,5,,god Apps,0,2026.27.1-951340501-release,2026-07-24T06:12:41,,
Google Calendar,com.google.android.calendar,Productivity,b082a014-7b29-49b0-b254-c3e895d429ab,DAN JOHNSON,5,,"I love this calendar I use it for everything, when you get older you don't remember things well yeah it'll happen to you too trust me but thanks to this calendar I'm all squared away",0,2026.27.0-946652271-release,2026-07-24T05:52:52,,
Google Calendar,com.google.android.calendar,Productivity,86ed4524-3b96-452c-a9ac-235a34400747,Don mime,5,,Nice,0,2023.44.0-577681700-release,2026-07-24T04:40:06,,
Google Calendar,com.google.android.calendar,Productivity,ea2e1e2a-1def-4e61-afd0-0fdff9fc2195,Derek Bartley,5,,Extremely useful Calendar l need to use more often,0,2026.26.1-943790361-release,2026-07-24T04:17:47,,
Google Calendar,com.google.android.calendar,Productivity,bc88dbd7-c6f1-494c-b2dc-69b90f5d04d9,Wang Wang,5,,very useful,0,2026.11.2-886054769-release,2026-07-24T04:02:13,,
Google Calendar,com.google.android.calendar,Productivity,70514b65-b7c1-4355-8922-0ed170dd2fd2,A Google user,3,,Ok,0,5.2.4-102744861-release,2026-07-24T02:41:21,,
Google Calendar,com.google.android.calendar,Productivity,d6dcb4f4-dba7-4524-973f-b492f9412d93,Monika,1,,terrible,0,2026.26.1-943790361-release,2026-07-24T02:13:03,,
Google Calendar,com.google.android.calendar,Productivity,45178154-eef2-448b-b16d-8011decbb444,Marsha Brown,1,,not good like my other one,0,2026.27.0-946652271-release,2026-07-24T01:59:45,Hi Marsha! Could you give us some more information on the issue you are facing so that we may be of help? You can update your comment with a description of the issue. Have a great day!,2026-07-24T04:54:30
Google Calendar,com.google.android.calendar,Productivity,d7a15b0c-e469-4e98-834c-db48333c0d14,Natasha Rodriguez,5,,life saver,0,2026.27.0-946652271-release,2026-07-24T00:38:01,,
Google Calendar,com.google.android.calendar,Productivity,ee4da4f7-d5be-4c4c-a5b6-00e3ad3882c4,Brylle,1,,ADD TRANSPARENT CALENDAR,0,2026.27.0-946652271-release,2026-07-24T00:15:16,Hi Brylle! Could you give us some more information on the issue you are facing so that we may be of help? You can update your comment with a description of the issue. Have a great day!,2026-07-24T06:38:18
Google Calendar,com.google.android.calendar,Productivity,f47b3d44-50cd-44de-847c-0f149716e5fd,James Evans,4,,"Having read other reviews I decided to have another go. I found suggestions online of how to fix the issues I have been having. But why it defaulted to indochina time I do not know. I deleted and reset the App, going through each setting, seems ok now, lot of messing about to get there , so four stars, better than the original review I suppose. time will tell...",0,2026.27.0-946652271-release,2026-07-24T00:03:47,"Hi James. You can learn more about time zone settings in the Calendar Help Center: https://goo.gle/2v9cyOZ. If you're still having trouble, you can find further help in the Google Calendar Help Community: https://goo.gle/2QnxTMN. Thanks!",2026-07-23T23:54:51
Google Calendar,com.google.android.calendar,Productivity,d0e6a1b5-7330-4119-be6e-59aac828260b,Lynn Valiente,5,,great tool to use,0,2026.27.0-946657187-release-wear,2026-07-23T23:58:59,,
Google Calendar,com.google.android.calendar,Productivity,7f1f74ab-3dc5-4bfe-90d5-16caf92e32ca,Josie Fischer,1,,"Update: 7/23/26 Changed the reviews to a 1 star because I got this message saying ""You cannot reschedule this event."" It will not allow me to reschedule the event. Please fix this",3,2026.27.0-946652271-release,2026-07-23T23:50:13,"Hi Josie, thanks for reporting. We'd suggest you try the steps listed here, if you haven't already: https://goo.gle/37ZAO4p. In case the issue persists, please create a new thread on our Google Calendar Help Community for our experts to review: https://goo.gle/2QnxTMN. Thanks.",2026-07-24T06:39:27
Google Calendar,com.google.android.calendar,Productivity,f4f9833f-b8fa-4e74-8270-135e14478c25,Dhiraj Kumar,5,,fast work,0,2026.27.0-946652271-release,2026-07-23T23:49:10,,
Google Calendar,com.google.android.calendar,Productivity,2e643ac5-b995-49f9-a838-74c8690d5ae4,Michael Cronwright,5,,"Calender has never let me down, what else is there to say?",0,2026.27.0-946652271-release,2026-07-23T23:34:44,,
Google Calendar,com.google.android.calendar,Productivity,00b54ede-1d7b-4d05-868d-9b4a5a663f55,Falak Malik,5,,ok,0,2026.26.1-943790361-release,2026-07-23T23:30:13,,
Google Calendar,com.google.android.calendar,Productivity,81f9fca9-d7f1-4ff2-9ddd-ef5333c431d5,Clyde Gates,4,,okay,0,2026.25.0-939476906-release,2026-07-23T23:15:49,,
Google Calendar,com.google.android.calendar,Productivity,566d8cc0-f0a3-4295-a80a-1652ea2aa704,Thoko Tshabalala,5,,good,0,2026.20.1-926547794-release,2026-07-23T23:10:59,,
Google Calendar,com.google.android.calendar,Productivity,79b3afe8-37f3-475e-9601-8a74ab2c8717,Mateusz Polak,1,,Functional but why so ugly?,0,2026.05.0-864040481-release,2026-07-23T22:18:14,"Hi Mateusz. We'd like our users to have the best possible experience with the Google Calendar app. Please let us know what we can improve. If you experience issues with the app, feel free to create a new thread in our Google Calendar Help Community for our experts to review: https://goo.gle/2QnxTMN. Thanks.",2026-07-23T23:49:33
Google Calendar,com.google.android.calendar,Productivity,a3272df2-b726-4776-bfe0-0b4028040693,Josh Boyer,5,,this has been so helpful! My life right now has been chaotic and using this app has made it much easier to handle!!!,0,2026.27.0-946652271-release,2026-07-23T22:17:05,,
Google Calendar,com.google.android.calendar,Productivity,e92c5e96-997c-4e26-a1f0-f3ce7a8f128a,Richard Bork,5,,"Very easy to navigate, make wntries and color code entries. Gives a reminder for any entries of that particular day.",0,2026.27.0-946652271-release,2026-07-23T22:06:22,,
Google Calendar,com.google.android.calendar,Productivity,648dc636-81d0-4239-b960-3ffffbed25b1,Atsacha Thomas,5,,🙂👍👍👍👍,0,2026.27.0-946652271-release,2026-07-23T21:42:27,,
Google Calendar,com.google.android.calendar,Productivity,a71c1f4b-3a80-4884-8018-cc88bf009ba9,AMOS SUMAILA ALLIEU,5,,very nice,0,2026.26.1-943790361-release,2026-07-23T21:32:12,,
Google Calendar,com.google.android.calendar,Productivity,260907ad-266a-4e52-a79f-5871d094b27f,Roby Dubai,5,,good,0,2026.27.0-946652271-release,2026-07-23T21:20:15,,
Google Calendar,com.google.android.calendar,Productivity,ec97921e-0afc-46a3-aa3c-a129f85c2dea,Gil “Dive99ft”,5,,one of my favorite apps my wife and I use it constantly and we share the calendar.,0,2026.27.0-946657187-release-wear,2026-07-23T21:04:23,,
Google Calendar,com.google.android.calendar,Productivity,274601cf-57b0-435a-be97-9a7b4689794e,Randy Wilcox,5,,I LIKE IT,0,2026.27.0-946652271-release,2026-07-23T21:00:33,,
Google Calendar,com.google.android.calendar,Productivity,8c72e850-1aa3-4a8a-80d4-a23a7e6be7bd,Iyanuloluwa Abiola,5,,Great,0,2026.27.0-946652271-release,2026-07-23T20:33:05,,
Google Calendar,com.google.android.calendar,Productivity,46adf77c-5760-4676-ba9f-6ba058d53b03,Niharika Singh,5,,very nice,0,2026.26.1-943790361-release,2026-07-23T20:27:46,,
Google Calendar,com.google.android.calendar,Productivity,4d3c4890-76d5-4333-ba8e-64b22539468e,Rakibul Reza,5,,Nice,0,6.0.8-220605953-release,2026-07-23T20:24:36,,
Google Calendar,com.google.android.calendar,Productivity,32092df8-c81e-4529-96f3-4b178d4695a2,Thandi Funo,1,,No year view kinda stupid and can't personalise anything very boring,0,2026.26.1-943790361-release,2026-07-23T20:11:40,"Hi Thandi. Thanks for your review. We'd like our users to have the best possible experience with the Google Calendar app. Please let us know what we can improve. If you experience issues with the app, feel free to create a new thread in our Google Calendar Help Community for our experts to review: https://goo.gle/2QnxTMN. Thanks.",2026-07-23T23:50:50
Google Calendar,com.google.android.calendar,Productivity,08f9d2c3-e6bc-4696-bf22-ffdf4da21b5d,Rolito Pormento,5,,nice app,0,2026.11.2-886054769-release,2026-07-23T20:01:06,,
Google Calendar,com.google.android.calendar,Productivity,80efb418-ac6b-4e12-960d-2d3313583870,Sang Khắc,5,,ok,0,,2026-07-23T19:41:40,,
Google Calendar,com.google.android.calendar,Productivity,5503832e-23ad-4a0f-b846-6ecf8f841c9c,RAJWINDER,5,,good 👍,0,2026.27.0-946652271-release,2026-07-23T19:06:05,,
Google Calendar,com.google.android.calendar,Productivity,fb70c5c8-cdea-4473-98fc-d79576e65342,Mdraju Talokdar,5,,nice,0,2026.27.0-946652271-release,2026-07-23T18:22:13,,
Google Calendar,com.google.android.calendar,Productivity,fad2185f-29cd-4879-a9de-59c0790636bf,Saskyc,1,,"I'm facing issue when adding events I'm not allowed to change colour of that event to any other then default. This is really annoying and I think the newest release made it that way. I'm sure google team will patch this or it might be issue on my side, I'll change the rating once fixed or I find what the issue is 😇",0,2026.27.0-946652271-release,2026-07-23T16:45:14,"Hi there, could you try these steps to see if they resolve the issue?
1. Android Settings > Manage accounts > make sure ""Auto-sync personal data"" is ON.
2. On the same screen, tap your Google account > Account sync > ensure Calendar is ON.
3. Open Calendar > tap profile icon to verify no warnings.
4. Tap app Menu (≡) > Refresh.
Thanks.",2026-07-23T23:53:47
Google Calendar,com.google.android.calendar,Productivity,286ca31c-adc1-45c4-b172-51ce3ab29a99,Mohamed Noor Mohamed,5,,If we can add local Islamic calender,0,2026.25.0-939476906-release,2026-07-23T16:01:57,,
Google Calendar,com.google.android.calendar,Productivity,19d9033d-d1a3-43e0-9e3a-273f9a7199a8,Danny Lam,5,,"Better than the stock app, have no complaints",7,2026.27.0-946652271-release,2026-07-23T15:46:37,,
Google Calendar,com.google.android.calendar,Productivity,6a9dde2d-8ca0-48f3-bbe8-c96bf4c17f83,Santosh Kumar Gond,5,,amazing app,0,2026.26.1-943790361-release,2026-07-23T15:11:40,,
Google Calendar,com.google.android.calendar,Productivity,24a45ce6-a62d-4385-b647-56f8c7b3f939,Ganesh Orange,5,,good,0,2026.27.0-946652271-release,2026-07-23T15:00:41,,
Google Calendar,com.google.android.calendar,Productivity,2f30a876-3bd1-4791-ae9e-5657aae6dcbe,δαλπατ ζινφη,5,,wowo,0,2026.27.0-946652271-release,2026-07-23T13:37:45,,
Google Calendar,com.google.android.calendar,Productivity,91daba58-9cb9-4a0c-ba7b-8693113ac33e,Mukesh Kumar Gautam,5,,good,0,2026.27.0-946652271-release,2026-07-23T13:12:16,,
Google Calendar,com.google.android.calendar,Productivity,1415f920-7844-4ad5-a278-f9ea7efb705b,VISHAL SONI,3,,wery nice,0,2026.27.0-946652271-release,2026-07-23T12:58:18,,
Google Calendar,com.google.android.calendar,Productivity,f03692d3-ad97-4a2c-8a17-c2aaa377e5fe,Abigail Sims,3,,Look through Calender screen pages Not used like paper,0,2026.27.0-946652271-release,2026-07-23T12:12:16,Hi Abigail! Could you give us some more information on the issue you are facing so that we may be of help? You can update your comment with a description of the issue. Have a great day!,2026-07-23T12:51:42
Google Calendar,com.google.android.calendar,Productivity,2197bf4b-f226-4a86-b01e-dea6ea9004a7,Joan,3,,best,0,2026.26.1-943790361-release,2026-07-23T11:52:53,,
Google Calendar,com.google.android.calendar,Productivity,e515fd95-9665-47ee-91f2-1f9ad8e7d51e,yogesh tiwari,1,,not very good,0,2026.26.1-943790361-release,2026-07-23T11:49:45,"Hi Yogesh. We'd like our users to have the best possible experience with the Google Calendar app. Please let us know what we can improve. If you experience issues with the app, feel free to create a new thread in our Google Calendar Help Community for our experts to review: https://goo.gle/2QnxTMN. Thanks.",2026-07-23T12:37:42
Google Calendar,com.google.android.calendar,Productivity,736abccc-7da4-4cf6-9d07-49fe9fcac64f,Ophelia Sutcliff,1,,"Garbage app doesn't work. I am unable to do literally anything. I've tried uninstalling and reinstalling, updating, still nothing. Google apps are just trash.",0,2026.27.0-946652271-release,2026-07-23T10:29:00,,
Google Calendar,com.google.android.calendar,Productivity,01d8352f-519c-4eb9-bd30-dc18052a0ed2,Nippon Lasker,3,,People should be able to add PDF & pics etc.,0,2026.26.1-943790361-release,2026-07-23T09:18:46,"Hi there. Adding attachments is only supported on Google accounts - make sure the event you want to attach to is created with a Google account. Also, have you tried these troubleshooting steps: goo.gle/2S0Didj? If that doesn't help, please create a new thread in our Google Calendar Help Community for our experts to review: goo.gle/2QnxTMN. Thanks.",2026-07-23T12:52:37
Google Calendar,com.google.android.calendar,Productivity,7b190695-dd85-45fa-89df-4af484cac55f,Josh Lo,5,,"Can I have two same widgets showing the whole month, while with a different google account? As I don't want events from two accounts overlapping. One account is for working and the other account is for my family.",0,2026.27.0-946652271-release,2026-07-23T09:15:20,,
Google Calendar,com.google.android.calendar,Productivity,77dfd4c6-28a4-4d90-9576-65ee46485bde,arvind vishwakarma,1,,good,0,2026.26.1-943790361-release,2026-07-23T08:41:30,,
Google Calendar,com.google.android.calendar,Productivity,35cae295-014d-41ed-abc7-4a5946cfc40d,paita jamatia,4,,this app is very useful,0,2025.38.0-809757839-release,2026-07-23T07:46:22,,
Google Calendar,com.google.android.calendar,Productivity,e95c79f4-78c5-41eb-9754-ef882f937f71,David K,1,,"As of this month I cannot colour code events anymore! Can only select the default colour. What gives!? This was the 1 thing that made this calendar worth using, and now it's literally unusable!",0,2026.27.0-946652271-release,2026-07-23T07:41:02,"Hi David, could you try these steps to see if they resolve the issue?
1. Android Settings > Manage accounts > make sure ""Auto-sync personal data"" is ON.
2. On the same screen, tap your Google account > Account sync > ensure Calendar is ON.
3. Open Calendar > tap profile icon to verify no warnings.
4. Tap app Menu (≡) > Refresh.
Thanks.",2026-07-23T12:35:07
Google Calendar,com.google.android.calendar,Productivity,9cce7012-3cb1-48bc-8c31-d078a448fdc3,Samuel James Ponto,5,,amazing,0,,2026-07-23T07:38:16,,
Google Calendar,com.google.android.calendar,Productivity,d673d532-aaa3-46ea-ac18-bb385e157c68,Md Alamin,5,,good,0,2026.27.0-946652271-release,2026-07-23T07:23:03,,
Google Calendar,com.google.android.calendar,Productivity,e5385f7e-f730-4caa-9a10-1db2c15f189c,Clinton Anderson,4,,Highly customizable and well able to handle regularly recurring events on a wide variety of schedules.,1,2026.26.1-943790361-release,2026-07-23T07:15:05,,
Google Calendar,com.google.android.calendar,Productivity,18b0d08b-53c3-458d-8431-d411047edd53,Kuddy,3,,pretty good for simple stuff but when moving stuff around it just stops letting me move stuff or stops saving what I do so I gotta close the app and reopen it often.,0,2026.27.0-946652271-release,2026-07-23T05:00:38,"Hi Kuddy, thanks for reporting. We'd suggest you try the steps listed here, if you haven't already: https://goo.gle/37ZAO4p. In case the issue persists, please create a new thread on our Google Calendar Help Community for our experts to review: https://goo.gle/2QnxTMN. Thanks.",2026-07-23T06:05:23
Google Calendar,com.google.android.calendar,Productivity,6fc16dbf-84f2-469b-8914-ab5ba62596cd,Patricia Murphy,5,,the counter is great from Google but also I would like them to change the look of it and put some designs with it that would be great,0,2026.27.0-946652271-release,2026-07-23T04:39:35,,
Google Calendar,com.google.android.calendar,Productivity,4ea62655-a80d-4ea5-b446-282a38c8863b,Mikey Sunshine,5,,"called calendar, is a calendar! five stars! bravo!",0,2026.27.0-946652271-release,2026-07-23T04:07:33,,
Google Calendar,com.google.android.calendar,Productivity,cb2f5f1e-a39f-4155-b85f-a3ec32db2e72,Parminder Singh,5,,very good,0,2026.27.0-946652271-release,2026-07-23T04:02:24,,
Google Calendar,com.google.android.calendar,Productivity,86fad7d8-621a-43a9-bd78-6ad1a86d1e4f,Mohamed Abdelfattah,5,,good task manager 🥇🥇,0,2026.27.0-946652271-release,2026-07-23T03:04:25,,
Google Calendar,com.google.android.calendar,Productivity,bfc39b80-eebc-4fd4-bbd0-f2fbdbc323be,Danyella Lynn,5,,Worth having!,0,2026.27.0-946652271-release,2026-07-23T02:44:29,,
Google Calendar,com.google.android.calendar,Productivity,0b5dca95-4e21-45ea-84e6-2d4830dfd243,Gafur SA,5,,"Very good apps,",0,2026.27.0-946652271-release,2026-07-23T02:03:39,,
Google Calendar,com.google.android.calendar,Productivity,26760b2b-69e7-4181-ac8b-584fb7ba5a47,Arsala umama Ansari,1,,"not good...only shows the month's name,the year should be shown too .",0,2026.26.1-943790361-release,2026-07-23T01:29:00,"Hi Arsala, thanks for sharing your valuable feedback. We'll pass this along to our team. Appreciate it!",2026-07-23T03:26:03
Google Calendar,com.google.android.calendar,Productivity,90ae3e57-7e20-414b-83b9-f4ec7b7bfe72,Dia Boyos,1,,No longer gives email notifications whether it's set up to or not. These are essential. I hope this is fixed very quickly.,2,2026.27.0-946652271-release,2026-07-23T01:06:17,"Hi Dia. Have a look at the steps in this guide to troubleshoot Calendar notifications: https://goo.gle/2H0Ag2o. In case the issue persists, please create a new thread on our Google Calendar Help Community for our experts to review: https://goo.gle/2QnxTMN. Thanks.",2026-07-23T03:28:40
Google Calendar,com.google.android.calendar,Productivity,53b0ba80-8907-4525-bf50-84569685eb4e,Asadu Lyon,5,,it is awesome,0,2026.26.1-943790361-release,2026-07-23T01:05:27,,
Google Calendar,com.google.android.calendar,Productivity,7916d2cc-99c0-4169-9efe-39ae0653d14f,Willow Bigelow,5,,"Can I make suggestions? It's great being able to ""cross off"" tasks. Can the same be done for ""Events""? As some people have Dr appointments and check in to is earlier than appt.",7,2026.27.0-946652271-release,2026-07-23T01:02:30,,
Google Calendar,com.google.android.calendar,Productivity,b9c55cc1-6ebd-4ca1-8989-c337b1c1d9e4,James Arockiasamy,5,,o bought a new phone... but my calendar.. what evef i stored earlier is not updated why,0,2026.27.0-946652271-release,2026-07-22T22:44:01,,
Google Calendar,com.google.android.calendar,Productivity,81e843b5-6514-4b3f-9ce5-159e5c54320b,Munmun Singh,5,,good 👍👍,0,2026.26.1-943790361-release,2026-07-22T21:05:08,,
Google Calendar,com.google.android.calendar,Productivity,3eb78112-c231-43ba-9add-53277cbcc73b,Bernadeth Beluan,5,,ok,1,2026.27.0-946652271-release,2026-07-22T20:56:27,,
Google Calendar,com.google.android.calendar,Productivity,a3587439-ef4e-443f-9c4a-8c803863e1ec,Preetu Muley Pandey,5,,can't live without it,0,2026.27.0-946652271-release,2026-07-22T20:29:18,,
Google Calendar,com.google.android.calendar,Productivity,c9e35464-f846-4a7d-b7d5-785cfcf85da0,Jeff Ebanks,5,,does everything I need,0,2026.26.1-943790361-release,2026-07-22T19:42:45,,
Google Calendar,com.google.android.calendar,Productivity,0f6ce9b6-a0cb-40dc-aa25-e544dd253a2d,Adrian,5,,Very Helpful!,0,2026.27.0-946652271-release,2026-07-22T19:36:22,,
Google Calendar,com.google.android.calendar,Productivity,462b884d-a2c8-4755-a6be-009b1c296ab9,Jean Ysalem Metelus,4,,Very understanding and right to the matter no gimmick.,0,2026.27.0-946652271-release,2026-07-22T19:09:18,,
Google Calendar,com.google.android.calendar,Productivity,75ee0463-a7c1-4c20-a642-d12224925257,Candice McDaniel,5,,love my calendar,0,2026.27.0-946652271-release,2026-07-22T18:34:52,,
Google Calendar,com.google.android.calendar,Productivity,4c8b38e5-84a9-4d4a-9c9b-10a6950bfda8,Carolyn Thomas,4,,I used to be able to colour different events in different colours making it easier to see different types of appointments. now it only gives me my default colour option,0,2026.27.0-946652271-release,2026-07-22T18:19:33,,
Google Calendar,com.google.android.calendar,Productivity,ce26a16a-f295-4316-993f-5d1cfa5ce85d,Proto Archive,1,,"ultra junk, its brutaly bugged and cant be used without internet properly.",0,2026.23.1-936574200-release,2026-07-22T17:47:20,,
Google Calendar,com.google.android.calendar,Productivity,ae6ea2d9-7662-4077-bd1e-c59b9d80f761,Petko Danev,1,,"Worthless app. I changed my phone and thought it would automatically transfer my booked days from the old device. It did not, not a single. Same profile, same mail, same passwords, same calendar. I missed 6 concerts, around €300 of tickets. Wish I had not relied that much on it.",0,2023.44.0-577681700-release,2026-07-22T16:59:06,"Hello Petko, thanks for reporting. We'd suggest you try the steps listed here, if you haven't already: https://goo.gle/37ZAO4p. In case the issue persists, please create a new thread on our Google Calendar Help Community for our experts to review: https://goo.gle/2QnxTMN. Thanks.",2026-07-22T22:45:25
Google Calendar,com.google.android.calendar,Productivity,219a6876-83bc-4f97-981a-5ad639a1e619,Basilius Ponera,5,,useful,0,2025.02.0-714751346-release,2026-07-22T16:08:13,,
Google Calendar,com.google.android.calendar,Productivity,c003c3c4-ad81-4df1-9962-5f75adafb190,S,1,,Kept on removing colour options,0,2026.27.0-946652271-release,2026-07-22T14:38:18,Hi there! Could you give us some more information on the issue you are facing so that we may be of help? You can update your comment with a description of the issue. Have a great day!,2026-07-22T14:56:48
Google Calendar,com.google.android.calendar,Productivity,c6d7d793-695a-4b3e-a8f0-cf41768f916c,Reuben Chitalu Bwembya,5,,Thank you,1,2026.27.0-946652271-release,2026-07-22T14:11:55,,
Google Calendar,com.google.android.calendar,Productivity,46457707-c5a0-418c-8769-b4e140f51a06,Mijan Foraji,3,,good work,0,2026.27.0-946652271-release,2026-07-22T14:00:26,,
Google Calendar,com.google.android.calendar,Productivity,71d5a8d4-53d9-4f90-8865-87ad2bce8019,tea.,3,,"I truly do love using the app so far, but I wanted some specific colours– and switched to PC to get them. Little did I know, the app wouldn't display them, because they.... just don't? The colours look disgusting. PLEASE fix this google, it's kinda just ridiculous!!",0,2026.27.0-946652271-release,2026-07-22T13:42:36,"Hi there, could you try these steps to see if they resolve the issue?1. Android Settings > Manage accounts > make sure ""Auto-sync personal data"" is ON.
2. On the same screen, tap your Google account > Account sync > ensure Calendar is ON.
3. Open Calendar > tap profile icon to verify no warnings.
4. Tap app Menu (≡) > Refresh. Thanks.",2026-07-22T15:00:01
Google Calendar,com.google.android.calendar,Productivity,37ff914b-a77a-457a-8604-f85ccf6b08d7,Mike Chukwuebuka,3,,good 👍,0,2025.41.1-820176971-release,2026-07-22T13:40:03,,
Google Calendar,com.google.android.calendar,Productivity,c64df640-ca4e-4b8f-84ab-4a99d35766ca,Muhammad Yousof,5,,🌟🌟🌟🌟🌟,6,2026.26.1-943790361-release,2026-07-22T12:16:54,,
Google Calendar,com.google.android.calendar,Productivity,813ce65e-3118-4445-ae7f-62a72d56ac94,Beatrice Nganga,5,,perfect n easy to use,0,2026.26.1-943790361-release,2026-07-22T12:03:49,,
Google Calendar,com.google.android.calendar,Productivity,edebe0c4-6ec0-4e51-85dd-02ae1cdd86d0,imran Khan,5,,good 👍,0,2026.27.0-946652271-release,2026-07-22T11:50:32,,
Google Calendar,com.google.android.calendar,Productivity,9966a88d-6791-420f-9ffa-c5d6f08c0a8b,Adolf Fernandes,1,,good 👍,1,2026.27.0-946652271-release,2026-07-22T11:46:05,,
Google Calendar,com.google.android.calendar,Productivity,f4fa2d96-239a-469d-9e9e-11ad5fb9ae00,Joe Burns,5,,does what I want it to do,0,2026.27.0-946652271-release,2026-07-22T11:35:25,,
Google Calendar,com.google.android.calendar,Productivity,fcb4ee3f-b556-44be-a169-3396ef55a8d3,Jonathan B,5,,Great way to keep track of all your appointments,0,2026.26.1-943790361-release,2026-07-22T09:22:58,,
Google Calendar,com.google.android.calendar,Productivity,4ee1df15-7013-49a6-b9cc-62da91c9e258,RANJEET KUMAR,4,,😲,0,2026.26.1-943790361-release,2026-07-22T09:16:34,,
Google Calendar,com.google.android.calendar,Productivity,707dcbed-59ba-40cb-8510-503544a791c5,butch gigolow (Butch),5,,i need this,0,2026.25.0-939476906-release,2026-07-22T09:09:22,,
Google Calendar,com.google.android.calendar,Productivity,d65f76b4-ccee-4d1f-96a3-289c55de598f,Emilio Santaella,5,,excellent and very reliable,0,2026.27.0-946652271-release,2026-07-22T08:07:21,,
Google Calendar,com.google.android.calendar,Productivity,53d48dcb-61b6-4625-9d07-6af545acac94,Tiffany Goff,5,,had a nice design,0,2026.27.0-946652271-release,2026-07-22T07:59:13,,
Google Calendar,com.google.android.calendar,Productivity,d24acb02-dadd-4232-bc34-40b59f5d2f85,ade Ajetunmobi,1,,Excellent 👍👌not today's date 21st of July correct it,2,2026.27.0-946652271-release,2026-07-22T07:49:51,Hi Ade. Could you give us some more information on the issue you are facing so that we may be of help? You can update your comment with a description of the issue. Have a great day!,2026-07-22T10:40:06
Google Calendar,com.google.android.calendar,Productivity,14e4b223-f217-4e16-9095-64d28f69ab22,James Lucus,5,,"This calendar is awesome! I have some complicated scheduling events, this calendar handles them all. I recommend this program to anyone with tough reoccurring events to schedule.",0,2026.26.2-948217060-release,2026-07-22T07:34:50,,
Google Calendar,com.google.android.calendar,Productivity,1e25629a-2df8-40d3-a901-4fc000e1c5c0,Parizoda Umedjonova,5,,This is a good app for me,0,2023.44.0-577681700-release,2026-07-22T07:21:16,,
Google Calendar,com.google.android.calendar,Productivity,3919c23a-6e00-46ac-af08-0d2098ca0dbe,MD Shahjahan Meah,5,,nice 👍👍👍,2,2026.26.1-943790361-release,2026-07-22T07:13:02,,
Google Calendar,com.google.android.calendar,Productivity,3940b6e3-4858-4c03-a50c-e4cc46a7aa2a,baz hp,4,,Why in Google calender icon appears number 31?? Why not the day date?,1,2026.27.0-946652271-release,2026-07-22T06:29:34,,
Google Calendar,com.google.android.calendar,Productivity,ae37aefc-e006-4cda-bb6c-ac2d4e815bf9,Tania Holl,4,,new to this and not set up as dont know how to. but want it for Dr appointments. so it will notify me when due.,0,2026.02.0-854937005-release,2026-07-22T05:00:43,,
Google Calendar,com.google.android.calendar,Productivity,aaa491dd-b586-46fa-8eb9-3ce628f68c10,Gregory Campbell,5,,I like it because it's easy n clear,1,2026.27.0-946652271-release,2026-07-22T05:00:22,,
Google Calendar,com.google.android.calendar,Productivity,b4bc537a-062f-42bf-9e44-a2478d8b1c2b,Mark Seifert,2,,"Event notifications are preferred, but don't auto-close/extinguish notification from task bar. I set events to use as Task reminders, but if I miss the time they always auto-close the notification after some period of time. Why? I'd use the Task option but they don't appear to even have reminder options like Events, only due date/time. If I set a reminder on either, (Event/Task) I want it to stay until I close it, not when Google decides it's no longer needed. Please change/add this option",0,2026.27.0-946652271-release,2026-07-22T04:22:25,"Hello Mark, thanks for sharing your valuable feedback. We'll pass this along to our team. Appreciate it!",2026-07-22T06:19:19
Google Calendar,com.google.android.calendar,Productivity,8933e6b4-3767-4178-bf0b-84b027407552,Raul Lizada,4,,Date and time,0,2026.27.0-946652271-release,2026-07-22T04:10:34,,
Google Calendar,com.google.android.calendar,Productivity,fa48e5e9-0559-4eb6-a226-94010d68c05f,Angelika Lumiguez,1,,"it's not pleasant in my eyes. Once I updated this app, it lose colors for every different event. I hope they bring back the colors to manage the calendar",2,2026.27.0-946652271-release,2026-07-22T03:27:52,"Hi Daniel, could you try these steps to see if they resolve the issue?
1. Android Settings > Manage accounts > make sure ""Auto-sync personal data"" is ON.
2. On the same screen, tap your Google account > Account sync > ensure Calendar is ON.
3. Open Calendar > tap profile icon to verify no warnings.
4. Tap app Menu (≡) > Refresh.
Thanks.",2026-07-22T03:50:02
Google Calendar,com.google.android.calendar,Productivity,9d048c75-912d-4919-bab5-b9c038201c2a,Andile Lizalise May,5,,Fantastic 🥰🥳🥳🥳🥳,0,2026.26.1-943790361-release,2026-07-22T01:55:40,,
Google Calendar,com.google.android.calendar,Productivity,339b4782-43b7-4c67-9161-20f93ffd32f7,sabrina taubman,4,,can't live without,0,2026.27.0-946652271-release,2026-07-22T01:36:53,,
Google Calendar,com.google.android.calendar,Productivity,5d19af6d-aa53-4840-ab2e-2faea20aa955,A Google user,3,,lo uso normar solo para nirar en que dia estamos,0,2026.27.0-946652271-release,2026-07-22T01:03:20,,
Google Calendar,com.google.android.calendar,Productivity,1987b7f0-596a-4113-b369-5b5987214449,D,1,,"TOO MANY UNNECESSARY STEPS!!! Every time you create a new event, a screen pops up where you have to choose between Event Task & Birthday. 99.9% of the time users are going to be creating an event, so why waste users time with this step? No other calendar app has this unnecessary step. Also when editing an existing event you have to 1) click the event, then 2) click again on the ""Edit"" pencil. Eliminate step #2, and enable editing immediately, like all other calendar apps do. Many other examples.",8,2026.26.1-943790361-release,2026-07-22T00:35:08,,
Google Calendar,com.google.android.calendar,Productivity,7f7f2d0b-c10a-47ca-a885-b4d6450a81f0,Choudhery Aryan Umer,5,,excellent 👍,0,2026.25.0-939476906-release,2026-07-22T00:34:20,,
Google Calendar,com.google.android.calendar,Productivity,7b6fe892-66ab-4422-bd23-1299aa767898,Bapin Roy,5,,Very Good,0,2026.27.0-946652271-release,2026-07-22T00:25:36,,
Google Calendar,com.google.android.calendar,Productivity,439b9f76-0f1e-4242-a0e7-43637e42d05f,ABDUR RAZZAK,5,,good,0,2026.25.0-939476906-release,2026-07-22T00:22:37,,
Google Calendar,com.google.android.calendar,Productivity,6ea1c107-ab22-47c2-9b36-a9bdbddd13f5,Rakib Howlader,5,,Help,0,2026.26.1-943790361-release,2026-07-21T23:42:45,,
Google Calendar,com.google.android.calendar,Productivity,3c435694-3c5e-42a0-b1c6-18b17f42be17,Ram Varadharaja,4,,nice 🤩💯,0,2026.27.0-946652271-release,2026-07-21T23:05:52,,
Google Calendar,com.google.android.calendar,Productivity,79605800-08c1-4843-8a19-8cc4688bca13,prakash kulkarni,5,,very nice reminder birthdate 🙏,0,2026.24.1-936041752-release,2026-07-21T23:02:21,,
Google Calendar,com.google.android.calendar,Productivity,d108377b-d836-4210-b72f-70009b5e3a2f,Shubhabrata Chandra,2,,"Google needs to update their widgets like samsung calendar planner widgets, those are awesome 👍",0,2026.27.0-946652271-release,2026-07-21T22:53:32,,
Google Calendar,com.google.android.calendar,Productivity,64e63b0b-e57c-45f5-83f7-89c83711e2ac,Andrew Fryer,2,,Not good considering its Google Entries kept for two months - NOT TWO YEARS. Pretty damn useles,0,2026.26.1-943790361-release,2026-07-21T22:23:58,Hi Andrew! Could you give us some more information on the issue you are facing so that we may be of help? You can update your comment with a description of the issue. Have a great day!,2026-07-21T22:35:11
Google Calendar,com.google.android.calendar,Productivity,4a73aa98-2fd8-45cd-9c57-389d5e724bef,Sumona Akter,5,,good,0,2026.24.1-936041752-release,2026-07-21T22:18:20,,
Google Calendar,com.google.android.calendar,Productivity,8754937b-4e38-4d45-9e53-9e760039227a,Prakash Singh,4,,attendance dekhne me parfect hai,0,2026.21.0-924344952-release,2026-07-21T22:07:30,,
Google Calendar,com.google.android.calendar,Productivity,feebe92a-a462-4ba3-a810-8bb7c602e963,Aloyce,5,,Very helpful app,0,2026.27.0-946652271-release,2026-07-21T22:07:14,,
Google Calendar,com.google.android.calendar,Productivity,8596488b-eb87-4cf3-9557-e5f3893c9389,Dharmendra Kumar,5,,good app,0,2026.26.1-943790361-release,2026-07-21T21:27:15,,
Google Calendar,com.google.android.calendar,Productivity,604f64f1-df88-4ea6-8169-f36101545d0c,Yongtao SUN,5,,But when Google calendar will show then actual date on the app icon on the home page ?,1,2026.27.0-946652271-release,2026-07-21T21:03:52,,
Google Calendar,com.google.android.calendar,Productivity,18e256e8-0efe-4e9f-ad11-5e8c780f8f36,Rahmat Ali,5,,good,0,2026.26.1-943790361-release,2026-07-21T20:59:55,,
Google Calendar,com.google.android.calendar,Productivity,64abf4a5-7c58-4557-be8f-173c170bf828,Vidyalakshmi N,5,,Nice App,5,2026.26.1-943790361-release,2026-07-21T20:57:34,,
Google Calendar,com.google.android.calendar,Productivity,4340d670-203d-4c19-a7d3-fb25cf1e5739,Chance Zolman,5,,It works better than Samsung's calculator.,1,2026.26.1-943790361-release,2026-07-21T20:53:44,,
Google Calendar,com.google.android.calendar,Productivity,21b67a79-7110-43a8-8134-15a3c1fd2b5b,David Black,4,,Great as syncs to all devices,0,2026.27.0-946652271-release,2026-07-21T20:36:02,,
Google Calendar,com.google.android.calendar,Productivity,d8e342f9-f637-4998-a541-32c46aa8e22c,Sanjoy Mahato,5,,Nice,0,2026.26.1-943790361-release,2026-07-21T20:23:53,,
Google Calendar,com.google.android.calendar,Productivity,4d4358e4-58a2-4f99-ba03-f4cd551a085f,Sachin Rajak,5,,I like it's app.,5,2026.26.1-943790361-release,2026-07-21T20:16:57,,
Google Calendar,com.google.android.calendar,Productivity,6a0abe82-2574-489b-bad3-8bd0b1487bbd,Mdmkbbx Anjj,5,,so much g,0,2026.26.1-943790361-release,2026-07-21T20:00:43,,
Google Calendar,com.google.android.calendar,Productivity,9bd0648f-68ac-43b3-8f63-4f45248e50f4,Sheikh Mitul,5,,super,0,2026.26.1-943790361-release,2026-07-21T19:44:31,,
Google Calendar,com.google.android.calendar,Productivity,28300a8d-72ec-4711-85f4-de83505491b2,Cheryl Cowger,3,,"Need more photo/file attachment options. Only allows attachments from Google Drive. Samsung calender allows attachments for all sources such as gallery, files on phone, files and photos from other cloud sources. When I moved all events from one calender to Google calender, I lost important attachments that, such as newborn pictures added for birthday. I now have to dig for those to see about added to Google Drive.",2,2026.27.0-946652271-release,2026-07-21T18:52:55,,
Google Calendar,com.google.android.calendar,Productivity,57e88654-ef79-4c15-b719-0ac777c0883b,Usman Luhar,5,,Good,3,2026.26.1-943790361-release,2026-07-21T18:34:55,,
Google Calendar,com.google.android.calendar,Productivity,3770eb73-6c11-4d9f-8624-2d0e489adcce,مہتاب اُنتالوی,5,,good,0,2026.27.0-946652271-release,2026-07-21T18:32:14,,
Google Calendar,com.google.android.calendar,Productivity,93a18896-b3ee-4a1d-9a7e-cdb5d841c6d2,Jennifer Green,1,,I liked the old calendar,2,2026.27.0-946652271-release,2026-07-21T17:27:54,"Hi Jennifer. Thanks for your review. We'd like our users to have the best possible experience with the Google Calendar app. Please let us know what we can improve. If you experience issues with the app, feel free to create a new thread in our Google Calendar Help Community for our experts to review: https://goo.gle/2QnxTMN. Thanks.",2026-07-21T22:11:27
Google Calendar,com.google.android.calendar,Productivity,1dfa8c26-a6d6-4c90-a8a1-5d1842fd843f,lakshmi chintu,5,,nice,0,2026.26.1-943790361-release,2026-07-21T17:19:12,,
Google Calendar,com.google.android.calendar,Productivity,4c81d40c-dc52-4680-8929-41986e460ffb,Mahammad,3,,"widgets are not good , provide small calendar widget like ios",0,2026.26.1-943790361-release,2026-07-21T17:08:15,"Hello Mahammad, thanks for sharing your valuable feedback. We'll pass this along to our team. Appreciate it!",2026-07-21T22:27:39
Google Calendar,com.google.android.calendar,Productivity,f22cfe4a-78a6-417d-be53-da6d6644632c,Md Rana Shams,5,,this app is Very helf full,0,2026.27.0-946652271-release,2026-07-21T16:56:50,,
Google Calendar,com.google.android.calendar,Productivity,1ea8445d-f8b7-4ad7-be13-dc72dc129dfc,Zameera CH,5,,good,0,,2026-07-21T16:55:26,,
Google Calendar,com.google.android.calendar,Productivity,a4bcd67a-dcb2-46ea-8491-0885360f2f8e,First Option,5,,good,0,2026.27.0-946652271-release,2026-07-21T16:18:15,,
Google Calendar,com.google.android.calendar,Productivity,53fcdb81-2374-4c9d-8d9a-0988d367d479,Gina Louise Hogue,5,,"it works fine. I don't understand an alert, alarm or a reminder, with Google calendar.",0,2026.26.1-943790361-release,2026-07-21T15:23:05,,
Google Calendar,com.google.android.calendar,Productivity,bfcaafb3-ffcf-4120-a6d6-287922468ef9,shyam m suvarna,2,,"i am facing issue in widget, it keeps loading, but when I click on widget and close then it will update calander widget contents",2,2026.27.0-946652271-release,2026-07-21T15:01:54,,
Google Calendar,com.google.android.calendar,Productivity,c327156d-edf8-48ce-b6b5-76fb28a65f6c,mijin,1,,why i can't I change the tasks' color??,0,2026.26.1-943790361-release,2026-07-21T13:43:34,"Hi there, could you try these steps to see if they resolve the issue?1. Android Settings > Manage accounts > make sure ""Auto-sync personal data"" is ON.
2. On the same screen, tap your Google account > Account sync > ensure Calendar is ON.
3. Open Calendar > tap profile icon to verify no warnings.
4. Tap app Menu (≡) > Refresh. Thanks.",2026-07-21T13:55:36
Google Calendar,com.google.android.calendar,Productivity,c6f001ad-19e2-4c7f-93b5-8c59783d6b07,Mudu Kumar,5,,nice,0,2026.26.1-943790361-release,2026-07-21T12:45:41,,
Google Calendar,com.google.android.calendar,Productivity,6ec033de-58b8-4aeb-95c2-352657ac1c9e,Elsa of Arendelle,4,,Works okay.,0,2026.26.1-943790361-release,2026-07-21T12:42:28,,
Google Calendar,com.google.android.calendar,Productivity,156b2dfd-d057-4843-9a71-3443eb21eab7,RCM Guru,5,,very good application,0,2026.26.1-943790361-release,2026-07-21T12:41:15,,
Google Calendar,com.google.android.calendar,Productivity,d3aa117b-768a-4085-a57a-059a66e367c8,TA DA,5,,SAHIJUL KARNAIN,0,2026.26.1-943790361-release,2026-07-21T10:27:04,,
Google Calendar,com.google.android.calendar,Productivity,0e5829df-e782-4b06-8498-8f2a1720164c,Sachchidananad Singh,4,,good,0,2025.45.0-830158127-release,2026-07-21T10:10:26,,
Google Calendar,com.google.android.calendar,Productivity,abe803d4-bc38-4b06-b810-f575f7ac1311,Barbara Turner,3,,Can you PLEASE make the current date show in the icon???!!!,0,2026.26.1-943790361-release,2026-07-21T10:03:19,,
Google Calendar,com.google.android.calendar,Productivity,41fe7e6c-8737-4568-8589-72a786f2b0c6,Gautam Kasera,5,,very nice aap,0,2026.26.1-943790361-release,2026-07-21T09:21:17,,
Google Calendar,com.google.android.calendar,Productivity,1d596032-5375-49a2-ba5a-2b4323ae2e76,Venkatesh N R,1,,The icon in my phone shows only the 31st date I don't know why. I have updated to the latest but it still shows 31 in the icon. but I have seen the actual date on others phones. what should I do?,0,2026.26.1-943790361-release,2026-07-21T08:48:27,,
Google Calendar,com.google.android.calendar,Productivity,50d51f91-fa33-4a5a-84bd-aa0965d9d96e,Andre,1,,Always shows the previous month on open. So tedious to swipe to the current month every time.,0,2026.26.1-943790361-release,2026-07-21T08:22:03,"Hi Andre. Here's how you can change the view of your Google Calendar: https://goo.gle/2vPRBZv. Also, we'd suggest you try the steps listed here, if you haven't already: https://goo.gle/37ZAO4p. Thanks.",2026-07-21T14:00:52
Google Calendar,com.google.android.calendar,Productivity,18cc59d4-2be8-40c6-b56b-8f25b540a952,Michael S Philip,5,,absolutely good to use.,0,2026.24.1-936041752-release,2026-07-21T06:31:03,,
Google Calendar,com.google.android.calendar,Productivity,6d14e78b-f462-4a21-bb02-4eac12b622ce,Kevin Tan,4,,No transparent version for widget,0,2026.26.1-943790361-release,2026-07-21T05:52:14,,
Google Calendar,com.google.android.calendar,Productivity,5a4571cb-229c-46af-a25b-e9a1af5f175b,Ebony S Nelson,3,,my app disappeared off my phone what to do?,0,2026.26.1-943790361-release,2026-07-21T05:22:50,Hi Ebony. Please visit our Calendar Help Community for more help: https://goo.gle/2QnxTMN. Thanks!,2026-07-21T13:05:22
Google Calendar,com.google.android.calendar,Productivity,07683726-d0af-472b-abb3-8b0255aabb0b,Musaaliyu Sadauki,5,,Options,0,2026.23.1-936574200-release,2026-07-21T04:42:38,,
Google Calendar,com.google.android.calendar,Productivity,9c92a82f-4656-4e7c-8d26-8874341fc187,Yvonne Kendi,5,,perfect,1,2026.26.1-943790361-release,2026-07-21T03:59:02,,
Google Calendar,com.google.android.calendar,Productivity,4fe83c3c-93a1-406c-8388-aafbc2509cba,Typtyphus 't,2,,"Google: Timezones? who's going to need those? let's make them useless anyway. me: set notification on 17:00. Clock hits 21:00, calendar app: this is your notification. App you're drunk",2,2026.26.1-943790361-release,2026-07-21T03:40:04,"Hi there. You can learn more about time zone settings in the Calendar Help Center: https://goo.gle/2v9cyOZ. If you're still having trouble, you can find further help in the Google Calendar Help Community: https://goo.gle/2QnxTMN. Thanks!",2026-07-21T03:09:17
Google Calendar,com.google.android.calendar,Productivity,b85d3bc8-4e1c-4746-9a66-b6f4520406a3,sir bbq,1,,always new bugs. can't change color of event items anymore. all I get is Default Blue as option. pretty much breaks the way I organize my calendar. so fken stupid.,2,2026.26.1-943790361-release,2026-07-21T03:00:48,,
Google Calendar,com.google.android.calendar,Productivity,79b6a484-05f4-4a72-89d2-ecd48ecf7c2d,Devin,1,,Merging tasks/reminders into calendar makes it cluttered and unintelligible if there's too many.,1,2026.10.0-880339319-release,2026-07-21T02:57:42,"Hi Devin. We'd like our users to have the best possible experience with the Google Calendar app. Please let us know what we can improve. If you experience issues with the app, feel free to create a new thread in our Google Calendar Help Community for our experts to review: https://goo.gle/2QnxTMN. Thanks.",2026-07-21T03:09:36
Google Calendar,com.google.android.calendar,Productivity,bdcbc57e-023d-49ac-9565-08b44852d7f2,Tobing Behling Tabing,5,,Brilliant,1,2026.26.1-943790361-release,2026-07-21T02:41:09,,
Google Calendar,com.google.android.calendar,Productivity,64af5a16-7ff1-4811-9974-f4862439e5d3,Charles Ugochukwu Ezieke,5,,very helpful and useful,1,2026.26.1-943790361-release,2026-07-21T01:32:09,,
Google Calendar,com.google.android.calendar,Productivity,d2ab145a-d976-4915-b8a1-60f0be125414,Shakira Brown,1,,"I seriously do not want any notifications from this app currently unless it's big events I don't use it for daily tasks because those need to be separate so I actually see them there is no reason why it has to connect to my keep notes app when I have clicked. do not share info with other apps in the settings, but you still do.",3,2026.26.1-943790361-release,2026-07-21T01:08:03,"Hi Shakira. We'd like our users to have the best possible experience with the Google Calendar app. Please let us know what we can improve. If you experience issues with the app, feel free to create a new thread in our Google Calendar Help Community for our experts to review: https://goo.gle/2QnxTMN. Thanks.",2026-07-21T03:06:25
Google Calendar,com.google.android.calendar,Productivity,b6ac61d2-0044-4faa-b76f-08baac2f4d12,Jose Roman,5,,excellent,1,2026.26.1-943790361-release,2026-07-21T00:40:22,,
Google Calendar,com.google.android.calendar,Productivity,b0ce701a-93fb-455f-b7de-cb3d612bb168,samuel esinwoke (SAMPLE4U.),5,,Very nice,1,2026.25.0-939476906-release,2026-07-21T00:02:25,,
Google Calendar,com.google.android.calendar,Productivity,ad84c8b4-92bd-4d70-9746-400c3ee92668,Kim Curtiss,1,,"It should display the month at the top, you shouldn't have to click on something to know what month it is.",1,2026.26.1-943790361-release,2026-07-20T23:51:13,"Hi Kim. Let's try clearing the cache of the Calendar app: Open Phone settings - Select Apps or App & notifications - Choose Google Calendar - Tap Storage - Clear cache - OK. For further help, please create a new thread in our product forum for our community of experts to review: https://goo.gle/2QnxTMN. Thanks.",2026-07-21T02:52:23
Google Calendar,com.google.android.calendar,Productivity,3ba41583-0552-4d54-bf9a-836be882ad46,1 3,1,,this would be so much better if the icon actually displays the actual day we are on without needing to open the app like apple does with their calendar app. duh!,1,2026.26.1-943790361-release,2026-07-20T23:45:43,,
Google Calendar,com.google.android.calendar,Productivity,605f4ebd-c725-4e0a-ade4-026cf24ea6a4,James Jackovich,5,,Kool💯👌👍,1,2026.26.1-943790361-release,2026-07-20T23:17:45,,
Google Calendar,com.google.android.calendar,Productivity,8c072c08-85ee-4888-a6e4-21c38fd18137,shubham sri nivash,4,,ok,1,2026.26.1-943790361-release,2026-07-20T22:35:21,,
Google Calendar,com.google.android.calendar,Productivity,4e6c7bb0-3438-4ed3-9d22-bde124912b86,SAHADY OG KING,5,,repair,1,2026.26.1-943790361-release,2026-07-20T21:33:20,,
Google Calendar,com.google.android.calendar,Productivity,d1f5ca23-e3b9-47e1-a773-e51466146977,Adrian Sfr,5,,Great one,1,2026.26.1-943790361-release,2026-07-20T21:16:47,,
Google Calendar,com.google.android.calendar,Productivity,1e7655b5-580c-45b2-9757-a4e71b152203,Iram Shahzadi,5,,best application ever,0,2026.27.0-946652271-release,2026-07-20T20:58:23,,
Google Calendar,com.google.android.calendar,Productivity,0776dead-cf90-4c2d-b25a-d19eb1cae4ed,Nasreen Begum,5,,mashallah good,1,2026.26.1-943790361-release,2026-07-20T20:56:18,,
Google Calendar,com.google.android.calendar,Productivity,07118e47-0bfb-430a-b866-df233d0d212d,Robert Groff,4,,Trying to use calendar & interrupted by this rating pop-up.,1,2026.27.0-946652271-release,2026-07-20T20:45:05,,
Google Calendar,com.google.android.calendar,Productivity,8f9c9a44-4e50-48b3-84b3-6ac0b9cf4da5,Mduduzi “Madumane” Emza,5,,awesome,1,2026.25.0-939476906-release,2026-07-20T20:41:03,,
Google Calendar,com.google.android.calendar,Productivity,1d06a5a3-7ce2-4d41-8953-58cf6a883846,1111,5,,emon,1,2026.26.1-943790361-release,2026-07-20T20:28:49,,
Google Calendar,com.google.android.calendar,Productivity,77daef27-b8b8-437d-b969-e61ec3509174,Ali Sha,2,,we are Iranian and have solar calender. but Google calendar doesn't have the solar calender adjustment. for example our lock screen show Arabian months. please check it and improve Google calendar. I really appreciate you,1,2026.26.1-943790361-release,2026-07-20T20:26:20,Hello Ali. We recommend this resource to add a lunar or solar calendar: goo.gle/4d0CHiD. We hope this helps!,2026-07-20T23:02:16
Google Calendar,com.google.android.calendar,Productivity,2fa2619b-1dc9-4b16-a01d-16df5680c2ca,Pankaj Kumar,5,,thank,1,2026.26.2-948217060-release,2026-07-20T20:09:09,,
Google Calendar,com.google.android.calendar,Productivity,73a69383-d93b-4ef4-bc1e-b20030d4864d,Arman Khan,5,,Atman khan,1,5.7.39-169082503-release,2026-07-20T19:45:04,,
Google Calendar,com.google.android.calendar,Productivity,edf44630-d9bc-4e3f-9ab7-1572af263fe1,JAGGA RAO,2,,Few holidays are missing,1,2026.26.1-943790361-release,2026-07-20T19:23:52,Hi Jagga. More info about holidays from your calendar can be found here: https://goo.gle/48t6T34. We hope this helps.,2026-07-20T19:27:55
Google Calendar,com.google.android.calendar,Productivity,932d6126-dded-4227-8c45-0440eeb86077,Sherri Hobbs,1,,This app is cloned. For those who are cloning devices you will be caught. Cloning is not a business it's a crime in the United States.,1,,2026-07-20T19:11:52,,
Google Calendar,com.google.android.calendar,Productivity,783025ea-bf69-4661-b857-f74492fe7dbe,Krishna Chowdhury,5,,The light of other days ..... The symbol of decency ..... Thanks,1,,2026-07-20T18:35:32,,
Google Calendar,com.google.android.calendar,Productivity,adc99fd1-520b-463a-9b76-1912e33f76b0,Vishal Margaj,5,,nice,1,2026.25.0-939476906-release,2026-07-20T18:11:23,,
Google Calendar,com.google.android.calendar,Productivity,b8164c33-deed-4c4a-adcc-cee4ebab5051,PAUL HOGAN,5,,awesome,1,2026.26.1-943790361-release,2026-07-20T17:40:58,,
Google Calendar,com.google.android.calendar,Productivity,317cc103-19dd-4eaa-a137-a2e4fff53616,Jeet Nagar,2,,☹️,1,2026.26.1-943790361-release,2026-07-20T16:35:20,,
Google Calendar,com.google.android.calendar,Productivity,49c3c9e6-10b9-4247-8a6c-850a5bb1b492,Janet B,3,,"I've used this app for many years and assign a different colour to different types of events. The recent update has far too many colours and it just makes things confusing, especially for people with colour blindness. In addition to this, it would be a great option to be able to search for all events with the same colour. For example, all my medical appointments are in red so I'd like to be able to select and list them.",2,2026.26.1-943790361-release,2026-07-20T16:07:25,"Hi Janet, could you try these steps to see if they resolve the issue?1. Android Settings > Manage accounts > make sure ""Auto-sync personal data"" is ON.
2. On the same screen, tap your Google account > Account sync > ensure Calendar is ON.
3. Open Calendar > tap profile icon to verify no warnings.
4. Tap app Menu (≡) > Refresh. Thanks.",2026-07-20T19:38:03
Google Calendar,com.google.android.calendar,Productivity,b16f50bb-6099-4598-986c-f42938e37c10,Md Khorshed Ali,5,,সস,1,2026.25.0-939476906-release,2026-07-20T15:53:32,,
Google Calendar,com.google.android.calendar,Productivity,f9891e05-ec05-4e44-9b14-06f966847b2f,Rao Sankar,5,,good,1,2026.26.1-943790361-release,2026-07-20T15:13:55,,
Google Calendar,com.google.android.calendar,Productivity,38f7ddd9-c048-430b-b671-4ffdf399858b,Atul Kannaujiya,3,,best calendar 📆,1,2026.26.1-943790361-release,2026-07-20T14:25:05,,
Google Calendar,com.google.android.calendar,Productivity,e7509392-228f-46dd-b6e3-b9ce8b3a2fb0,RRÇ BIVON,5,,RISLIE BIAHE,1,2026.16.1-907410210-release,2026-07-20T14:12:27,,
Google Calendar,com.google.android.calendar,Productivity,5ef7e3af-8016-4fa4-98d5-7ca5af24c543,Subhan Ali,5,,subhanallah,1,2026.26.1-943790361-release,2026-07-20T13:35:43,,
Google Calendar,com.google.android.calendar,Productivity,86919184-94e5-4e10-ac8c-500054dee4d8,clive forrester,5,,good,1,2026.26.1-943790361-release,2026-07-20T12:52:01,,
Google Calendar,com.google.android.calendar,Productivity,0fdeffc8-7b93-4c66-94d7-a778bd5e85b5,Colleen Shriver,5,,Good Good Good Good Good,0,2026.25.0-939476906-release,2026-07-20T12:20:38,,
Google Calendar,com.google.android.calendar,Productivity,e4569d1c-ea53-4b97-b5b8-99eea7c73a6d,Vijeth Kumar,5,,it's good 😊,0,2026.25.0-939476906-release,2026-07-20T12:18:49,,
Google Calendar,com.google.android.calendar,Productivity,c2b348c0-7d2d-4020-9f30-8f85ab0fbef4,Manuel Am,1,,any app that doesn't show realtime date isn't much.,0,2026.26.1-943790361-release,2026-07-20T12:18:32,,
Google Calendar,com.google.android.calendar,Productivity,da6e849d-e6b7-4c89-b8ed-5148cdc8de84,Precious Apidi,4,,"I can't separate my personal calendar from my work calendar. Other than that, it's nice",0,2026.26.1-943790361-release,2026-07-20T11:44:48,,
Google Calendar,com.google.android.calendar,Productivity,7351e80b-3bf8-4389-afcf-23b5046825b8,Jessy Isabirye,2,,nice,0,2026.22.0-928196530-release,2026-07-20T11:33:41,,
Google Calendar,com.google.android.calendar,Productivity,82fbe4c8-7459-4691-a21d-1f42d7e77525,Kimberly Gonzalez,5,,💕💕💕,0,2026.26.1-943790361-release,2026-07-20T11:14:03,,
Google Calendar,com.google.android.calendar,Productivity,6ff26b6a-03d1-4262-858e-ebfbe7068420,Afroz Ansari,5,,good,0,2026.26.1-943790361-release,2026-07-20T09:17:59,,
Google Calendar,com.google.android.calendar,Productivity,6cb48a5c-42c3-40d2-a56a-b7e683ec472f,tajmuhammad afridi,5,,good,0,2026.24.1-936041752-release,2026-07-20T08:54:54,,
Google Calendar,com.google.android.calendar,Productivity,cf18fec4-aa7a-4d77-9dce-bbca59c639dc,MD SHAIN,5,,ok,0,2026.26.1-943790361-release,2026-07-20T08:34:49,,
Google Calendar,com.google.android.calendar,Productivity,3fbe7900-cc94-4321-9ebf-70040646d74d,Ryan Galapon,5,,Great 😃,0,2026.26.1-943790361-release,2026-07-20T08:15:50,,
Google Calendar,com.google.android.calendar,Productivity,868f4165-6f8b-4d9e-ad0d-c797f0e883b3,yogesh chaturvedi,1,,very बैंड experience,1,2026.25.0-939476906-release,2026-07-20T08:09:03,,
Google Calendar,com.google.android.calendar,Productivity,4b6f1f03-c5ff-4844-a078-a16c27325f21,Ravi 7494,5,,nice 👍,0,2026.25.0-939476906-release,2026-07-20T07:26:06,,
Google Calendar,com.google.android.calendar,Productivity,88ff4560-f787-439f-9aa4-c63b5c1e2d4a,Raja Singh,3,,ok,0,2026.26.1-943790361-release,2026-07-20T07:11:13,,
Google Calendar,com.google.android.calendar,Productivity,7f4569e1-239e-40bc-8a74-9bb481796afa,Dawn Bresee,5,,love it. can share between my daughters phone and all of my devices.,0,2026.26.1-943790361-release,2026-07-20T07:02:59,,
Google Calendar,com.google.android.calendar,Productivity,a478a171-6c5a-46ae-97d1-d98d38bff66c,Melissa Ratkovich,5,,works great especially with all of my different apps.,0,2026.26.1-943790361-release,2026-07-20T06:28:46,,
Google Calendar,com.google.android.calendar,Productivity,ddd8da47-38a1-4e00-873c-701275aa4920,Mirxslav,4,,"Helps me manage my everyday life, though I wish I could change the default color into a different one like before it had any updates, now the events and such aren't easily readable with it being all blue as someone who has a packed schedule 24/7.",1,2026.26.1-943790361-release,2026-07-20T06:17:46,,
Google Calendar,com.google.android.calendar,Productivity,fad9b781-7d0e-4432-a2d8-28da2b1d1565,Jeffrey Ritual,5,,thank you,0,2026.25.0-939476906-release,2026-07-20T05:56:43,,
Google Calendar,com.google.android.calendar,Productivity,f993b3dd-ce5c-4913-b24a-2f9293a40b20,daniel bruce,1,,"Congratulations Google. You screwed up again. used to be able to add custom colors for different events. now that option is GONE !!! WHY ???? if it ain't broke, dont fix it !!!",3,2026.26.1-943790361-release,2026-07-20T05:52:27,"Hi Daniel, could you try these steps to see if they resolve the issue?
1. Android Settings > Manage accounts > make sure ""Auto-sync personal data"" is ON.
2. On the same screen, tap your Google account > Account sync > ensure Calendar is ON.
3. Open Calendar > tap profile icon to verify no warnings.
4. Tap app Menu (≡) > Refresh.
Thanks.",2026-07-20T08:48:24
Google Calendar,com.google.android.calendar,Productivity,f09b96f2-a571-48ea-9c24-0c513759ebbb,Vikash Singh Gusain,2,,"can you please make sure that the dates from other month don't show up in the same page or interface and even if they do show up at least they are faded. so that someone like me doesn't make any mistake while calculating the number of weeks left before the competition, again.",0,2026.26.1-943790361-release,2026-07-20T04:30:43,"Hello Vikash, thanks for sharing your valuable feedback. We'll pass this along to our team. Appreciate it!",2026-07-19T22:54:49
Google Calendar,com.google.android.calendar,Productivity,213e3dce-32f8-45f6-aa40-502968c3ffcc,John G,5,,indispensable,0,2026.26.1-943790361-release,2026-07-20T04:06:11,,
Google Calendar,com.google.android.calendar,Productivity,35e478ee-f8cd-4906-acc5-9049a76c644d,ISHAKU ISAAC ABU,5,,100% nice,0,2026.22.0-928196530-release,2026-07-20T02:44:22,,
Google Calendar,com.google.android.calendar,Productivity,d9ceab47-6135-40ae-99ec-fe8440ebb9a4,Peter Kupčík,4,,"Po update nemozno menit farbu priamo v kalendari na hociaku farbu udalosti, ale mozno menit len predvolenu farbu, co robi kalendar odost neprehladnejsi. Prosim vratit na povodne nastavenie.",0,2026.26.2-944393313-release-wear,2026-07-20T02:36:34,,
Google Calendar,com.google.android.calendar,Productivity,9ec98641-a120-47b8-99dd-e3e60e14e23b,Tsepo David Sigenu,5,,it's very helpful to keep my dates and appointments up to date,0,2026.26.1-943790361-release,2026-07-20T01:51:43,,
Google Calendar,com.google.android.calendar,Productivity,27303b0c-90fb-477d-b72b-63fc54e18c36,Joseph Lev,5,,essential calendar app,0,2026.23.1-936574200-release,2026-07-20T01:01:01,,
Google Calendar,com.google.android.calendar,Productivity,bae1640a-486c-4fb8-84ea-fe8034587b90,David NG,1,,"it was an amazing calendar before some smart pants did not remove one of the most useful feature, manual color choosing for events. it helped with so many differentiation and meaning for every event, you could clearly see which event is in which status. now it just a ""default color"" and it sucks. really need to fire the person behind this idea and bring back something that was working perfectly",1,2026.26.1-943790361-release,2026-07-20T00:30:29,"Hi David, could you try these steps to see if they resolve the issue?
1. Android Settings > Manage accounts > make sure ""Auto-sync personal data"" is ON.
2. On the same screen, tap your Google account > Account sync > ensure Calendar is ON.
3. Open Calendar > tap profile icon to verify no warnings.
4. Tap app Menu (≡) > Refresh.
Thanks.",2026-07-20T03:57:58
Google Calendar,com.google.android.calendar,Productivity,7c3435bd-f8ea-40c6-82e9-43fca02f413b,Joseph Mwangi,4,,nice 👍,0,2026.26.1-943790361-release,2026-07-19T23:22:06,,
Google Calendar,com.google.android.calendar,Productivity,05409da0-faa3-48f3-adce-e701f29327e7,Khan خان,1,,"there is no viewing option for month wise , some idiot designed this on day to day which nobody wanted to use just stuck with it because it's built-in. can't you make a monthly and daily view page where whole month and below that a daily task (if) can be visible, make it more beautiful and useful.",1,2026.26.1-943790361-release,2026-07-19T23:19:04,Hi Khan. The Last view you choose becomes your default view on the Google Calendar app. We'll pass this along to our team. Appreciate it!,2026-07-19T23:16:37
Google Calendar,com.google.android.calendar,Productivity,5dbb2786-4404-45fd-8bef-33be8fa6e8cf,Gillen Joleen D.,5,,"Great ""tool"" for my aging 🧠 !!",0,2026.26.1-943790361-release,2026-07-19T22:22:53,,
Google Calendar,com.google.android.calendar,Productivity,dcfc442f-984e-4402-9880-be8141de5a79,Kimberley Platt,5,,"I find this calendar app to be a clean layout, easy to organize appointments, tasks, and repeating events.",0,2026.26.1-943790361-release,2026-07-19T22:16:58,,
Google Calendar,com.google.android.calendar,Productivity,06544f0e-80de-451f-8119-413c70cfb296,Moiz Patel,5,,perfect calendar,0,2026.26.1-943790361-release,2026-07-19T21:54:28,,
Google Calendar,com.google.android.calendar,Productivity,b0728d32-181f-4a4a-8253-1d972f85104d,ANKIT KUMAR,5,,good,0,2026.26.1-943790361-release,2026-07-19T21:27:25,,
Google Calendar,com.google.android.calendar,Productivity,3df5be3d-d94a-4c62-89c3-da24829b5684,Debbie,4,,I like the calendar overall. What I don't like is that the icon shows 31 as the date ALL OF THE TIME & I can't figure out how to change it!!!,1,2026.26.1-943790361-release,2026-07-19T21:12:25,,
Google Calendar,com.google.android.calendar,Productivity,70caf0ff-6d5b-4559-b721-39907bc5e394,Rosa Thompson,5,,great,0,2026.26.1-943790361-release,2026-07-19T20:48:44,,
Google Calendar,com.google.android.calendar,Productivity,388d330e-816b-466a-a123-2d3d9f0e7ba8,Rashmika Varma,5,,good,0,2026.24.1-936041752-release,2026-07-19T20:15:56,,
Google Calendar,com.google.android.calendar,Productivity,4137e367-0f75-42cf-8f69-4a5d492ac2f1,Trilok Kumar,5,,good 👍,0,2026.26.1-943790361-release,2026-07-19T19:09:53,,
Google Calendar,com.google.android.calendar,Productivity,e33c60e5-cb8e-4d52-bcf4-f75e2a6622b8,Cynthia G.,5,,easy,0,2026.26.1-943790361-release,2026-07-19T18:07:03,,
Google Calendar,com.google.android.calendar,Productivity,1fd4e99b-545f-4d11-829d-ed8858683367,A Google user,1,,"I want the former calender back. It was much simpler to use. Google has a tendacy to over complicate everything it touches. July 2026 update: When creating a new event in my calendar, i no longer have the ability to change event color. It only allows for a default color. Why does Google seem to need to ruin things?",3,2026.26.1-943790361-release,2026-07-19T17:51:29,,
Google Calendar,com.google.android.calendar,Productivity,0162538f-adc0-4927-816d-26b3b105f907,Reshu khan,5,,good,0,2026.25.0-939476906-release,2026-07-19T17:50:42,,
Google Calendar,com.google.android.calendar,Productivity,83e38c9d-288d-4fb2-ae01-edc86cf0e040,Raju Kumar,5,,super calendar,0,2026.24.1-936041752-release,2026-07-19T17:24:08,,
Google Calendar,com.google.android.calendar,Productivity,742bcb6b-1775-4937-bbbb-45e3f7800990,Tushar Mahanta,5,,good,0,2026.25.0-939476906-release,2026-07-19T16:34:55,,
Google Calendar,com.google.android.calendar,Productivity,a5e6efc4-89ec-4e10-9e35-a1989de67cd0,Daniel Oliveira,5,,"Needs more colors for main scheduling notes, not just the subnotes. Lastly, it needs an easy go to certain date feature. I don't know why this hasn't been though of? It's so elementary. It's difficult to go to a far future or past date.",2,2026.26.1-943790361-release,2026-07-19T15:46:17,,
Google Calendar,com.google.android.calendar,Productivity,ee278aec-2168-4d91-a2db-4fe5cb57c2fd,Rakesh panday 9569,5,,nice,0,2026.25.0-939476906-release,2026-07-19T13:14:16,,
Google Calendar,com.google.android.calendar,Productivity,512abc43-5f22-4a79-aff1-b03843ff441f,Michael A.,1,,"This is why I hardly ever update apps on my newer devices until I've done so on older devices to see how newer changes have been implemented. I don't know if it is just me, but this app used to have a ""go to date"" function. If Google LLC actually made a company-wide decision to kill that feature from their official calendar, then the entire Silicon Valley is nowhere near as intelligent as it thinks it is.",1,2026.26.1-943790361-release,2026-07-19T13:13:51,"Hi Michael. Here's how you can change the view of your Google Calendar: https://goo.gle/2vPRBZv. Also, we'd suggest you try the steps listed here, if you haven't already: https://goo.gle/37ZAO4p. For further help, please create a new thread in our product forum for our community of experts to review: https://goo.gle/2QnxTMN. Thanks.",2026-07-19T13:28:15
Google Calendar,com.google.android.calendar,Productivity,c71506af-cdb8-44c8-9840-a6b3d727c186,OKEOMA MORGAN EMMANUEL,1,,not loading stored activities,0,2026.25.1-943880647-release,2026-07-19T12:14:07,Hi Okeoma! Could you give us some more information on the issue you are facing so that we may be of help? You can update your comment with a description of the issue. Have a great day!,2026-07-19T13:44:07
Google Calendar,com.google.android.calendar,Productivity,7ed10d3e-805e-4cf5-89ab-3a2d790794b4,Sougata Nath,4,,obviously greatful,0,2026.26.1-943790361-release,2026-07-19T11:24:23,,
Google Calendar,com.google.android.calendar,Productivity,de8094c6-abf3-43e1-b01f-51c3f3b6409f,Khokhar Bother,5,,Good,0,2026.26.1-943790361-release,2026-07-19T10:57:18,,
Google Calendar,com.google.android.calendar,Productivity,78c3ed8c-abfe-4fb2-b868-28860c020f30,Kaylyn Han,4,,"When I create an event there are new colors to choose from, but when I select any new color, the event color on my widget becomes the default color. Is there a way to display the new colors on the widget?",0,2026.26.1-943790361-release,2026-07-19T10:41:54,,
Google Calendar,com.google.android.calendar,Productivity,5e1b2696-e468-4b68-8db3-be38d9a0bb80,PULAKALA Venkateswara Rao,5,,good,0,2026.26.1-943790361-release,2026-07-19T10:09:48,,
Google Calendar,com.google.android.calendar,Productivity,7b9cb03e-8687-4e96-953d-c4470effcc4c,Salina Mhernandez,5,,works well,0,2026.26.1-943790361-release,2026-07-19T10:05:52,,
Google Calendar,com.google.android.calendar,Productivity,09beef71-1686-4ee5-89ae-b71d274c60e4,Avlok Shukla,3,,please provide calender with Hindu traditional calender and their respective festivals etc.,1,2026.25.0-939476906-release,2026-07-19T08:49:50,"Hi Avlok. Try these steps to add Hindu calendar: Google Calendar app - Settings - General - Alternate calendar - Select Hindu calendar. For further help, please create a new thread in our product forum for our community of experts to review: https://goo.gle/2QnxTMN. Thanks.",2026-07-19T11:27:26
Google Calendar,com.google.android.calendar,Productivity,e889660f-1bea-445c-a044-8ead159a8f8c,Lavin nair,2,,Thank you for responding.,0,2026.26.1-943790361-release,2026-07-19T08:35:30,,
Google Calendar,com.google.android.calendar,Productivity,240425fa-9296-42e0-b6a4-9cdc7ed95466,Jimmy Tran,5,,from the phone app it's hard to add a new event that overlaps another one,0,2026.26.1-943790361-release,2026-07-19T03:02:30,,
Google Calendar,com.google.android.calendar,Productivity,ef0cc36f-bab0-4904-9ef7-d8a9ae39ee3a,Johnny Mears,1,,I can't add a public calendar from the app??? I have to use a web browser??? That seems like such a basic feature. How is this not available in the app??? The calendar app has been around for years! Did Google layoff all the calendar app devs to invest in AI? I bet Gemini could add that feature in an afternoon! This is why Google sucks! They rather shove AI in your face than focus on features people actually use.,1,2026.26.1-943790361-release,2026-07-19T01:08:32,,
Google Calendar,com.google.android.calendar,Productivity,4833a117-c176-4d6b-96bd-b0392632ab09,Ruby Nance,5,,So love this app.,0,,2026-07-18T22:56:48,,
Google Calendar,com.google.android.calendar,Productivity,92bb1423-d2b7-471f-a3f9-a7a931bc31c5,Scott N,1,,"Google Calendar - take it or leave it. They won't change it, update it, fix it, or invest in it. They have absolutely no interest in making it better. They make every task far more complicated than it has to be. The Google Gemini integration is sketchy at best. Lack of investment shows.",0,2026.26.1-943790361-release,2026-07-18T22:47:02,,
Google Calendar,com.google.android.calendar,Productivity,2508faf1-2c61-4c24-8a4a-5d866d65d010,Rahul Prajapati,4,,very good,0,2026.25.0-939476906-release,2026-07-18T22:28:57,,
Google Calendar,com.google.android.calendar,Productivity,58e09a88-4feb-4107-857b-ecc46d51f29a,Doreen D,5,,👍......... 😊😊😊😊😊😊,0,2026.26.1-943790361-release,2026-07-18T22:26:24,,
Google Calendar,com.google.android.calendar,Productivity,b001232b-f1d7-4b7e-9390-dc4efbbda5c3,Drjuan Manuelsotelo,3,,"So amazing, ♥️",0,2026.25.0-939476906-release,2026-07-18T21:38:11,,
Google Calendar,com.google.android.calendar,Productivity,2b71074f-63ca-4b80-a437-77ffdacd3458,Prof Orzel,1,,Always making critical changes without informing the user. Stinks big time.,0,2026.26.1-943790361-release,2026-07-18T21:30:57,"Hi Orzel. We'd like our users to have the best possible experience with the Google Calendar app. Please let us know what we can improve. If you experience issues with the app, feel free to create a new thread in our Google Calendar Help Community for our experts to review: https://goo.gle/2QnxTMN. Thanks.",2026-07-18T22:52:05
Google Calendar,com.google.android.calendar,Productivity,962cc993-5d1e-461e-8dfe-8bee791e4710,Praveen Gehlot,4,,nice,0,2026.26.1-943790361-release,2026-07-18T21:08:31,,
Google Calendar,com.google.android.calendar,Productivity,c445adf8-1bb5-495d-9c3d-9617ae60999d,Debra D. Klatt,5,,thank you,0,2026.21.0-924344952-release,2026-07-18T21:01:23,,
Google Calendar,com.google.android.calendar,Productivity,feea257c-17d6-4dfe-bb8d-5806e543cdd9,Daniel Nyero Latim,3,,The 🗓️ date numbers seem to be small,1,2026.25.0-939476906-release,2026-07-18T19:41:48,,
Google Calendar,com.google.android.calendar,Productivity,d4717d6b-0286-412e-845c-1060ea1fbfa1,Joy Durham,5,,great app,0,2026.26.1-943790361-release,2026-07-18T19:32:38,,
Google Calendar,com.google.android.calendar,Productivity,1be81ed8-0f75-4f97-ae05-3c5ecb71fa67,Yadav Ji,5,,Super,0,5.7.39-169082503-release,2026-07-18T19:22:13,,
Google Calendar,com.google.android.calendar,Productivity,bb0b22b9-a126-4b0f-9031-94203bcabc44,Moon_arry Hoyohoy,5,,I love it means,0,2026.26.1-943790361-release,2026-07-18T19:17:26,,
Google Calendar,com.google.android.calendar,Productivity,54b61935-239d-4324-9829-28df5e8bc394,Rizwan Soomro,5,,amazing app,0,2026.11.2-886054769-release,2026-07-18T19:15:13,,
Google Calendar,com.google.android.calendar,Productivity,f8c9d6bb-d941-4f9f-90e3-0bb10afe77d5,FERNANDAS GEORGE,4,,Need Reminder Alaram,0,2026.25.0-939476906-release,2026-07-18T18:54:47,,
Google Calendar,com.google.android.calendar,Productivity,4d0abb4e-ffab-480e-8a67-0ebe8bcddfbd,Joel Bivens,4,,good,0,2026.10.0-880339319-release,2026-07-18T18:52:40,,
Google Calendar,com.google.android.calendar,Productivity,517a09ad-2415-45aa-bc54-9f79dccb28b1,Shubham Kumar,5,,ok,0,2026.24.1-936041752-release,2026-07-18T18:35:36,,
Google Calendar,com.google.android.calendar,Productivity,991cd398-286d-4e90-bceb-70cab0073561,Faida Yakubu,3,,I love this app,0,2026.26.1-943790361-release,2026-07-18T17:56:15,,
Google Calendar,com.google.android.calendar,Productivity,72ca6b41-ce5f-45db-8fac-242b1a0b67c0,Dave Kelley,3,,"Date display with widget is only ""31"" as opposed to current date. All other calendar apps I have used with my Samsung Galaxy S26+ display current date in widget, except for the Google calendar.",1,2026.26.1-943790361-release,2026-07-18T17:45:00,,
Google Calendar,com.google.android.calendar,Productivity,80025d4a-7d09-4a3a-8f33-01e0c5c1f2e2,Rosy Malik,5,,keep updating,0,2026.26.1-943790361-release,2026-07-18T17:17:59,,
Google Calendar,com.google.android.calendar,Productivity,13d6957f-463d-45cb-ba50-d2e4f8c8b650,Kim Murphy,5,,Google calendar world great. it's the best one I've ever used amd I have tried several because I don't like Google; I don't trust them. however their calendar is the best.,0,,2026-07-18T17:15:17,,
Google Calendar,com.google.android.calendar,Productivity,33ae5207-3956-4c00-ace8-a8be9c439132,Suong Hem,5,,good,0,2026.26.1-943790361-release,2026-07-18T16:51:24,,
Google Calendar,com.google.android.calendar,Productivity,4af51896-55a6-4465-a144-be68ec758f5f,Lawrence,5,,"It's always my go-to app to schedule my work and appointment times. It's simply drafted, easy to understand, and straight forward. It gets the job done everything with minimal effort. When I use an app I'm looking for convenience and simplicity. The Google Calendar app delivers.",1,2026.26.1-943790361-release,2026-07-18T16:37:46,,
Google Calendar,com.google.android.calendar,Productivity,f60cae6f-7f8c-4c41-be69-4f14a2774869,Daniel T,1,,"Watch copies the calendars on the phone, even if I uncheck them in the Watch app, doesn't work on the watch.",0,2026.26.2-944393313-release-wear,2026-07-18T16:28:03,"Hi Daniel. To learn more check the ""Troubleshoot sync"" section of this article: https://goo.gle/3SATQbo. We hope this helps!
",2026-07-18T20:15:38
Google Calendar,com.google.android.calendar,Productivity,0ff24c84-494e-425b-b689-416f858515cc,Anushka Rawat,5,,good,0,2026.26.1-943790361-release,2026-07-18T16:24:26,,
Google Calendar,com.google.android.calendar,Productivity,8b3c791a-d2d9-4079-848e-f4f4f5f07e40,Noname,1,,"why all of my schedules before 23 Dec 2023 were gone (deleted)..??I always do syncing to Google. Unexpectedly, Google deleted all of my schedules.",0,2026.26.1-943790361-release,2026-07-18T16:03:19,"Hi there. We'd suggest you try the steps listed here, if you haven't already: https://goo.gle/37ZAO4p. Also, we'll pass on your feedback to the team. Could you also submit it here: https://goo.gle/37YOQmJ? Appreciate it!",2026-07-18T19:56:55
Google Calendar,com.google.android.calendar,Productivity,92dca59d-239a-4084-8fb8-20e6043e39cb,Ricky Khutela,1,,🫶😀😃,0,2026.24.1-936041752-release,2026-07-18T15:51:52,,
Google Calendar,com.google.android.calendar,Productivity,72a319c3-952b-42fc-bb01-830960ed6463,Rod Lamont,1,,"Calendar icon is showing day 31 instead of day 11, which is today. Samsung Calendar's icon can do this, why not Google???",5,2026.26.1-943790361-release,2026-07-18T14:40:42,,
Google Calendar,com.google.android.calendar,Productivity,e98d2b70-af3d-4fce-ae84-126f1b7596c1,Rameshbandi 1963,4,,Good,0,2026.26.1-943790361-release,2026-07-18T14:33:17,,
Google Calendar,com.google.android.calendar,Productivity,21be68f5-6877-4264-a971-73b7c01e657c,Nourane Néji,4,,really good,0,2026.21.0-924344952-release,2026-07-18T14:02:01,,
Google Calendar,com.google.android.calendar,Productivity,45919e82-3d01-471b-8854-6bb9f3dc4cd7,Basir,5,,aslm,0,2026.25.0-939476906-release,2026-07-18T13:16:49,,
Google Calendar,com.google.android.calendar,Productivity,3d86ffb3-555f-4f43-8034-4ecb247fd19e,RayhaN ChowdhurY SunnY,5,,nice,0,2026.26.1-943790361-release,2026-07-18T13:10:41,,
Google Calendar,com.google.android.calendar,Productivity,82870e7e-c98d-4399-a1da-91635219f358,AYUSH LOHAKARE,5,,nothing better than this,0,2026.26.1-943790361-release,2026-07-18T12:47:05,,
Google Calendar,com.google.android.calendar,Productivity,e093b150-d85b-4bc2-82e5-11fdff2d30cc,Arjun Das,5,,good,0,2026.26.1-943790361-release,2026-07-18T12:31:47,,
Google Calendar,com.google.android.calendar,Productivity,5d0b951e-1d82-4352-ad12-2061966e980f,Cid Gomez,1,,"Keeps crashing, cannot launch it through any way - icon press, play store, etc. Redmagic 11 Pro+",0,2026.26.1-943790361-release,2026-07-18T12:21:55,"Hi there. Let's try clearing the cache of the Calendar app: Open Phone settings - Select Apps or App & notifications - Choose Google Calendar - Tap Storage - Clear cache - OK. For further help, please create a new thread in our product forum for our community of experts to review: https://goo.gle/2QnxTMN. Thanks.",2026-07-18T13:49:36
Google Calendar,com.google.android.calendar,Productivity,fbdd113e-c111-4caf-81b2-15685762ac96,Shailesh Vishwakarma ##2,4,,good,0,2026.24.1-936041752-release,2026-07-18T12:15:32,,
Google Calendar,com.google.android.calendar,Productivity,0010cdcd-f774-493a-93c9-93c73699fff2,Akash (Kumar),5,,good,0,2026.26.1-943790361-release,2026-07-18T11:47:05,,
Google Calendar,com.google.android.calendar,Productivity,2f70c4c4-66fe-41b2-83e7-aefdb45a10dc,Ali Marri,5,,Nice,0,2026.19.0-915581253-release,2026-07-18T11:34:45,,
Google Calendar,com.google.android.calendar,Productivity,0fb22814-87f2-4b8a-b044-889ea0d8a5e5,Warren Honey,2,,"Opening should see whole MONTH not DAY! WHY would you want FILE SHARING? WHY NO:Halloween-Easter-Xmas or any Special Event Days from around the world, & Add links to information about that day in time-Also=THAT MAKES IT EDUCATIONAL FOR PEOPLE Looking At Your Calendar & Using It‼️.I can buy a $2calendar that is way better than yours! Clear precise info for you DEVELOPER This Review i have written is very clear & easy to understand - U Need To Learn English. YOUR CALENDAR ISSUES ¿¡",8,2026.25.0-939476906-release,2026-07-18T09:22:33,Hi Warren. Could you give us some more information on the issue you are facing so that we may be of help? You can update your comment with a description of the issue. Have a great day!,2023-12-13T19:29:07
Google Calendar,com.google.android.calendar,Productivity,e6712b44-1b80-476e-89f1-fe2d5a6c1aa6,Syed Ali Mehdi Zaidi,5,,"​""Great app, but really needs two essential updates for Hijri Calendar users: 1. Option for manual Hijri date adjustment (+/- 1 or 2 days) for regional moon sightings. 2. A clean lock screen widget showing both Gregorian and Hijri dates. These additions would be extremely helpful for millions of users worldwide.""",2,2026.27.0-946652271-release,2026-07-18T09:09:54,,
Google Calendar,com.google.android.calendar,Productivity,6fb7fd80-37aa-461b-b2e1-5ec85eb33d65,Jamie Rowe,4,,So far so good 🤗,0,2026.26.1-943790361-release,2026-07-18T08:39:32,,
Google Calendar,com.google.android.calendar,Productivity,3d40886d-9220-464f-9eee-903ecc9305b2,DIPANJAN DUTTA,5,,ok,0,2026.25.0-939476906-release,2026-07-18T07:02:18,,
Google Calendar,com.google.android.calendar,Productivity,6a36d902-2bcf-4540-9afb-8758d0e91930,R Beres,1,,why did this app lose all of its color options for events?,2,2026.27.0-946652271-release,2026-07-18T06:04:46,"Hi there, could you try these steps to see if they resolve the issue? 1. Android Settings > Manage accounts > make sure ""Auto-sync personal data"" is ON.
2. On the same screen, tap your Google account > Account sync > ensure Calendar is ON.
3. Open Calendar > tap profile icon to verify no warnings.
4. Tap app Menu (≡) > Refresh. Thanks.",2026-07-18T06:22:17
Google Calendar,com.google.android.calendar,Productivity,bff83495-b6de-4f49-83bd-935b71126eda,Diego Salinas,4,,podrían añadir un widget pequeño en donde solo se vean todos los días y el número de día actual? sería muy util,0,2026.26.1-943790361-release,2026-07-18T05:25:43,,
Google Calendar,com.google.android.calendar,Productivity,00c1c0fa-8a33-4f99-8b54-3ec0ce4e94da,Dr. Mausam Ghosh,1,,"the screen display doesn't show the current date, How to change this?",1,2026.26.1-943790361-release,2026-07-18T05:21:41,Hi Mausam! Could you give us some more information on the issue you are facing so that we may be of help? You can update your comment with a description of the issue. Have a great day!,2026-07-18T06:06:50
Google Calendar,com.google.android.calendar,Productivity,75c3a319-ba76-4138-99e6-df9a93ce1b35,Bulumi Brahma,5,,good,0,2026.26.1-943790361-release,2026-07-18T04:53:04,,
Google Calendar,com.google.android.calendar,Productivity,e0a8fabf-61cd-4e90-a924-f03e6ae689e1,Pink Babe,1,,"STILL NEEDS IMPROVEMENT. STILL cant change widget color or transparency like samsung calendar. Didn't sync all events from samsung calendar. And the colors are dull and ugly. Should be brighter. I also dont want to see the next months days when looking at the current month. why would u show 5 or 6 weeks at a time? nobody does that. and its confusing. it also stretches it out too much and looks silly. still be using samsung calendar til they improve this one, 3 years and still no change.",2,2026.26.1-943790361-release,2026-07-18T04:22:08,,
Google Calendar,com.google.android.calendar,Productivity,450562fd-b387-4d49-ab65-6c40047834cd,BLACK MAN,5,,Great 😃👍.,0,2026.22.0-928196530-release,2026-07-18T02:39:44,,
Google Calendar,com.google.android.calendar,Productivity,fc627eb7-018e-499d-92dc-228874fd19d5,Agha Jan,5,,nice,0,2026.26.1-943790361-release,2026-07-18T01:54:27,,
Google Calendar,com.google.android.calendar,Productivity,1286ee73-cacb-446e-8eac-63d069e45140,Ads Out,1,,the app recently stopped providing options for event colors other than the default color,1,,2026-07-18T01:33:23,"Hi there, could you try these steps to see if they resolve the issue? 1. Android Settings > Manage accounts > make sure ""Auto-sync personal data"" is ON.
2. On the same screen, tap your Google account > Account sync > ensure Calendar is ON.
3. Open Calendar > tap profile icon to verify no warnings.
4. Tap app Menu (≡) > Refresh. Thanks.",2026-07-18T01:55:43
Google Calendar,com.google.android.calendar,Productivity,e8fe4047-afad-4f80-8d10-99f5a14de36d,Joseph Nkorkolgma,5,,excellent,0,2026.25.0-939476906-release,2026-07-18T01:04:02,,
Google Calendar,com.google.android.calendar,Productivity,ef2358a9-896f-4053-8276-bf2e436a15de,Martin Schimmel,5,,love it for keeping track of responsibilities,0,2026.19.0-915581253-release,2026-07-18T00:20:16,,
Google Calendar,com.google.android.calendar,Productivity,0454ec90-2bf6-4cea-a712-766214beb606,CHERRYBLOSSOMKISS,5,,Simply helps me keep my to do's on order,0,2026.26.1-943790361-release,2026-07-17T23:55:00,,
Google Calendar,com.google.android.calendar,Productivity,250de591-02f3-4932-94db-8b6890de7138,Aj Walsh,5,,fabb,0,2026.26.1-943790361-release,2026-07-17T22:27:51,,
Google Calendar,com.google.android.calendar,Productivity,46b6e511-5f81-4ced-a2b5-e9320372debd,Rosalie,1,,your changes are very confusing. The search symbol has disappeared as well as the month to month view on the top part of the app. why?,0,2026.26.1-943790361-release,2026-07-17T22:00:50,"Hi Rosalie. Let's try clearing the cache of the Calendar app: Open Phone settings - Select Apps or App & notifications - Choose Google Calendar - Tap Storage - Clear cache - OK. For further help, please create a new thread in our product forum for our community of experts to review: https://goo.gle/2QnxTMN. Thanks.",2026-07-17T22:58:59
Google Calendar,com.google.android.calendar,Productivity,a0d3d5b4-e072-4ea4-808c-06d3ab57b110,Mithun Kumar,5,,म लग फंस ले उस संभव ने,0,2026.25.0-939476906-release,2026-07-17T21:14:56,,
Google Calendar,com.google.android.calendar,Productivity,3ee33872-1824-42f7-82f3-6ff597d282cf,Robert Velez,5,,cool 🆒😎,0,2026.26.2-948217060-release,2026-07-17T21:04:12,,
Google Calendar,com.google.android.calendar,Productivity,f41efac5-3f78-4857-8668-2f0923bb7acd,Muhanguzi Onesmus,5,,good,0,2026.22.0-928196530-release,2026-07-17T20:12:37,,
Google Calendar,com.google.android.calendar,Productivity,c0edc135-0ea5-4283-b981-0cae5c394e83,Jim Wafford,5,,I can't get the app to come up,0,2026.26.1-943790361-release,2026-07-17T20:07:35,,
Google Calendar,com.google.android.calendar,Productivity,aaee44a2-f871-4fa6-b87c-8810bb815829,Dev sharma,5,,ok,0,2026.26.1-943790361-release,2026-07-17T19:58:18,,
Google Calendar,com.google.android.calendar,Productivity,ce8b92d5-e919-4f07-889e-72d15f821547,Alessio Graziani,4,,Could you add the feature to attach images on the description of the various tasks/events? It would help a lot in the organization,4,2026.25.0-939476906-release,2026-07-17T19:56:00,,
Google Calendar,com.google.android.calendar,Productivity,1df3ba67-fd8f-4e80-bc96-11cdc903f0af,Lokanath Patra (Loka),5,,Very smooth and simple using to Google calendar app. I love it.. 🥰👍,0,2026.26.1-943790361-release,2026-07-17T19:41:40,,
Google Calendar,com.google.android.calendar,Productivity,d4621d04-65b6-4903-b6ce-181456ce186f,Rudra Arya,5,,😲,0,2026.26.1-943790361-release,2026-07-17T19:39:48,,
Google Calendar,com.google.android.calendar,Productivity,b2b10004-fc57-4f31-88da-6aeadd9826fd,Ramson Kakraba,5,,good,0,2026.25.0-939476906-release,2026-07-17T19:32:48,,
Google Calendar,com.google.android.calendar,Productivity,d8db4ab1-e9ec-44f9-a432-4718973ffd0d,shamim,5,,nice apps,0,2026.25.0-939476906-release,2026-07-17T19:01:16,,
Google Calendar,com.google.android.calendar,Productivity,a4316f98-f85c-4998-af84-5a8368aeb58e,Kazal Sha,5,,ok,0,2026.24.2-940410339-release,2026-07-17T18:52:49,,
Google Calendar,com.google.android.calendar,Productivity,eab5660f-88ee-4d8f-b43d-48d254322bac,Austin Fourie,5,,good good,0,2026.24.1-936041752-release,2026-07-17T18:49:54,,
Google Calendar,com.google.android.calendar,Productivity,861d5d50-f879-4813-9461-42822edce634,Jaime Grajeda,5,,la mejor app para organizar tu jornada,0,2026.26.1-943790361-release,2026-07-17T18:49:53,,
Google Calendar,com.google.android.calendar,Productivity,127c9b28-b3b4-451f-bcd2-d32ec5d3e5c9,michael cortes,5,,nice,0,2026.25.0-939476906-release,2026-07-17T18:06:04,,
Google Calendar,com.google.android.calendar,Productivity,961258ea-fb3a-40f9-8fd5-581cc960ec88,Riyaz Ansari,5,,nice,0,2026.25.0-939476906-release,2026-07-17T17:58:38,,
Google Calendar,com.google.android.calendar,Productivity,0f43e9b0-52b5-428d-aeb3-72877f499ff1,mikasa lol,5,,nice,0,2026.25.0-939476906-release,2026-07-17T17:03:24,,
Google Calendar,com.google.android.calendar,Productivity,12190e77-03b5-4967-8b84-bf96dac123c5,Maheswari Maheswari,5,,good,0,2026.23.1-936574200-release,2026-07-17T15:55:43,,
Google Calendar,com.google.android.calendar,Productivity,0623e58f-0c72-4b3d-a366-3a8d602e813d,Ahmed Raoof,1,,don't want it on my home screen,0,2026.26.1-943790361-release,2026-07-17T14:57:48,Hi Ahmed. Please visit our Calendar Help Community for more help: https://goo.gle/2QnxTMN. Thanks!,2026-07-17T15:35:25
Google Calendar,com.google.android.calendar,Productivity,eaa464b1-933c-4786-b2e4-88c5b6d4f094,Gaone Sontaga,4,,great,0,2026.24.1-936041752-release,2026-07-17T13:45:37,,
Google Calendar,com.google.android.calendar,Productivity,88b43a92-f0fd-4bba-ac21-62ab58d58591,Rohit kumar Tandiya,5,,nice,0,2026.25.0-939476906-release,2026-07-17T13:42:45,,
Google Calendar,com.google.android.calendar,Productivity,bf9b3230-0269-4abe-8277-da60731eb541,Nisha Siddique,5,,good 😊,0,2026.25.0-939476906-release,2026-07-17T12:21:56,,
Google Calendar,com.google.android.calendar,Productivity,13ccbeb6-4a54-4353-97aa-e87b25ca7d93,DAMIAN AMUKWAYA,5,,good,0,2026.26.1-943790361-release,2026-07-17T12:12:22,,
Google Calendar,com.google.android.calendar,Productivity,8e45a7b6-da6c-4464-be81-097ff1dd6135,Nethmi,5,,good for planning and easy to manage. In someway its kinda cool to wake up in the morning and knowinh what u have to do and its satisfying to check the tasks it gives motivation to finish the tasks.,0,2026.25.0-939476906-release,2026-07-17T11:44:48,,
Google Calendar,com.google.android.calendar,Productivity,76d90fd0-060d-4c43-9ca3-9c648a763767,Kaku Chauhan,5,,good,0,2026.26.1-943790361-release,2026-07-17T11:30:42,,
Google Calendar,com.google.android.calendar,Productivity,865174e3-b751-4f25-9792-a1c80cc004cc,SAAQI 843,5,,please update didn't shows current date on front page,0,2026.26.1-943790361-release,2026-07-17T10:54:51,,
Google Calendar,com.google.android.calendar,Productivity,93dc8afc-6bed-4462-b07e-03441af0027d,Janice W,4,,it works like a calendar is supposed but its boring! it would be nice to colour code categories. appointments vacation events etc.,2,2026.26.1-943790361-release,2026-07-17T10:37:54,,
Google Calendar,com.google.android.calendar,Productivity,24e11a3c-81dd-4598-84fe-eaf7d60038ac,Emmanuel,5,,wonderfull,0,2026.07.0-870566919-release,2026-07-17T10:32:55,,
Google Calendar,com.google.android.calendar,Productivity,4d0fc55c-6481-484c-942e-70637bf8a703,Deborah Dyer,5,,they always give the best directions,0,2026.26.1-943790361-release,2026-07-17T10:31:53,,
Google Calendar,com.google.android.calendar,Productivity,78094220-9c11-43be-ab07-1914c3b122c1,anbu deebak,5,,good,0,2026.25.0-939476906-release,2026-07-17T10:21:51,,
Google Calendar,com.google.android.calendar,Productivity,a38c109b-194b-45d3-af00-7fc23699387e,Leslie Brannon,1,,you took the option of colors away! I do not want every event on a calender 1 color! time to uninstall!,0,2026.26.2-948217060-release,2026-07-17T10:01:42,"Hi Leslie, could you try these steps to see if they resolve the issue?1. Android Settings > Manage accounts > make sure ""Auto-sync personal data"" is ON.
2. On the same screen, tap your Google account > Account sync > ensure Calendar is ON.
3. Open Calendar > tap profile icon to verify no warnings.
4. Tap app Menu (≡) > Refresh. Thanks.",2026-07-17T11:06:32
Google Calendar,com.google.android.calendar,Productivity,2d760184-c010-440b-ae82-e2d8530cc5ae,Adusumalli Jeeva,5,,nice,0,2026.26.1-943790361-release,2026-07-17T09:02:04,,
Google Calendar,com.google.android.calendar,Productivity,3b847201-a9bc-4f26-a151-8e9cbe3392b6,Clay Snyder,5,,My calendar at a glance with reminders that I set for myself. some apps have their own selection that I can simply push that adds the information to my calendar,0,2026.26.1-943790361-release,2026-07-17T08:49:41,,
Google Calendar,com.google.android.calendar,Productivity,48d3ad40-4e99-4b15-88cf-fc9eeb84261e,Tanto Sugiarto,5,,"Very useful for scheduling, remainder and my activity. But it will be nice if the icon can show the date.",0,2026.26.1-943790361-release,2026-07-17T08:27:02,,
Google Calendar,com.google.android.calendar,Productivity,7aa5d4b3-8451-4f20-a617-cb5bb86d22a7,Anwar Anu,1,,vry bad calendar,0,2025.38.0-809757839-release,2026-07-17T08:25:28,,
Google Calendar,com.google.android.calendar,Productivity,d98b7846-72b2-4036-af04-4c89252a98f5,Simon Wilson,3,,Latest version freezes completely on new Pixel 10 Pro.,0,2026.26.1-943790361-release,2026-07-17T07:33:41,"Hi Simon. Let's try clearing the cache of the Calendar app: Open Phone settings - Select Apps or App & notifications - Choose Google Calendar - Tap Storage - Clear cache - OK. For further help, please create a new thread in our product forum for our community of experts to review: https://goo.gle/2QnxTMN. Thanks.",2026-07-17T07:55:04
Google Calendar,com.google.android.calendar,Productivity,d9a386e8-af1e-423d-97b0-58cf753835f1,chet Singh,1,,holiday nahin batata,0,2026.22.0-928196530-release,2026-07-17T06:41:56,,
Google Calendar,com.google.android.calendar,Productivity,e5b1d985-c729-4f08-a524-50281da63239,Madelyn,3,,"Not a bad calendar app, but I'm trying to take my privacy back from Google.",0,,2026-07-17T06:32:50,,
Google Calendar,com.google.android.calendar,Productivity,328db193-b644-4e98-8d6c-c3ccad1b0b1c,Billy Coleman,5,,helps keep track of dates for appointments and so forth.,0,2026.25.0-939476906-release,2026-07-17T05:59:37,,
Google Calendar,com.google.android.calendar,Productivity,2258c7ff-fabf-4d5d-8c6a-5b20cae492c6,Sakib Hossain,5,,good,0,2026.26.1-943790361-release,2026-07-17T05:41:04,,
Google Calendar,com.google.android.calendar,Productivity,ff100bee-e5c3-49d0-98f6-240c9336000f,Amir Hamza,5,,good for daily tasks and reminding everything ☺️,0,2026.26.1-943790361-release,2026-07-17T05:35:33,,
Google Calendar,com.google.android.calendar,Productivity,e4155fec-5de0-48b5-8e7a-2ec57a907688,Kevin Graves,5,,I check it sometimes.,2,2026.26.1-943790361-release,2026-07-17T04:56:23,,
Google Calendar,com.google.android.calendar,Productivity,a86d28c7-1a4e-4f2f-915d-759357a417ad,Michael Giacomelli,3,,"can't handle DST intelligently, defaults to EST even though it's EDT, so everything is off by an hour when traveling.",0,2026.26.1-943790361-release,2026-07-17T04:12:26,"Hi Michael. You can learn more about time zone settings in the Calendar Help Center: https://goo.gle/2v9cyOZ. If you're still having trouble, you can find further help in the Google Calendar Help Community: https://goo.gle/2QnxTMN. Thanks!",2026-07-17T05:49:01
Google Calendar,com.google.android.calendar,Productivity,d42acf2d-e308-4557-b41b-4b8c21c094dd,Dipankar Thakuria,5,,it's better.,0,2026.25.0-939476906-release,2026-07-17T03:13:36,,
Google Calendar,com.google.android.calendar,Productivity,ca3ac91b-20ff-4a1f-8d88-155f769b8861,Josh,5,,"amazing staff, had a just the easiest appointment for my eyes ever.",0,2026.14.0-895011949-release,2026-07-17T03:10:51,,
Google Calendar,com.google.android.calendar,Productivity,57fd7799-1860-4437-9dfe-6dc27c8e9b20,Zahoor shah,5,,good,0,,2026-07-17T03:00:08,,
Google Calendar,com.google.android.calendar,Productivity,96cf2332-927c-47a5-bb9b-fd3aa96cf696,Michael Smith,5,,I rely on it a lot!,0,2026.26.1-943790361-release,2026-07-17T02:56:45,,
Google Calendar,com.google.android.calendar,Productivity,05d31c30-c956-4415-b57c-325f929fc500,Ian MacGregor,5,,I love having Google services on my phones and tablets so I can pick up where I left off on a different device. Thank you Google!,0,2026.26.1-943790361-release,2026-07-17T01:27:43,,
Google Calendar,com.google.android.calendar,Productivity,d9875895-2cab-4894-b36f-128281b8d5de,Matthew F,5,,"works well, does all i need.",0,2026.26.1-943790361-release,2026-07-17T01:10:37,,
Google Calendar,com.google.android.calendar,Productivity,73dea0c5-1831-45c3-b830-6f6bfdf02260,Eric Ewoldsen,3,,a good standard calendar,0,2026.25.0-939476906-release,2026-07-17T01:08:19,,
Google Calendar,com.google.android.calendar,Productivity,ce921c1c-edbd-4f3c-a93c-bb2c019500f1,Kashi Jani,4,,Good staar still,0,2023.44.0-577681700-release,2026-07-17T00:41:12,,
Google Calendar,com.google.android.calendar,Productivity,2ee845f9-3e05-4868-9b13-caffc184df0c,Ahsanur Rahman,5,,nice,0,2026.26.1-943790361-release,2026-07-17T00:01:03,,
Google Calendar,com.google.android.calendar,Productivity,002fb82a-86db-4828-a40a-27f9b75e3637,Totoarj Querubin,1,,The widget doesn't have a month view. so sad,0,2026.20.0-920621254-release,2026-07-16T23:49:54,Hi there. Please visit our Calendar Help Community for more help: https://goo.gle/2QnxTMN. Thanks!,2026-07-17T01:02:44
Google Calendar,com.google.android.calendar,Productivity,96a11258-a3d0-4d83-afdd-460ee59dc53f,Niko Dahlke,5,,fix it,0,2026.26.1-943790361-release,2026-07-16T23:26:31,,
Google Calendar,com.google.android.calendar,Productivity,31c41589-fa8f-48a3-bae9-1f397004fa0a,Shon Franker,5,,sucked,0,2026.23.1-936574200-release,2026-07-16T23:26:02,,
Google Calendar,com.google.android.calendar,Productivity,7fee33a2-a55c-4c57-a91e-8e5f937ea2fc,Pankaj Balram,5,,good,0,2026.25.0-939476906-release,2026-07-16T22:36:35,,
Google Calendar,com.google.android.calendar,Productivity,b45c77f1-1b0e-40e8-8f67-a425d2b289d0,Parag Burman,4,,Needs space for more customisation.,0,2026.25.0-939476906-release,2026-07-16T22:15:01,,
Google Calendar,com.google.android.calendar,Productivity,23e0a855-2ae5-40a6-835e-2b04ac0603f5,ARMY ARMY,5,,Nice,0,2026.25.0-939476906-release,2026-07-16T22:06:58,,
Google Calendar,com.google.android.calendar,Productivity,586ac6f0-16e0-4dae-8ef0-d92eb1e01b81,Md Shohag,5,,Excilent,0,2026.26.1-943790361-release,2026-07-16T21:30:43,,
Google Calendar,com.google.android.calendar,Productivity,7ac12d2c-989a-42da-96ea-ae6c24abdce0,Mirson Tokbi,1,,good,0,2026.21.0-924344952-release,2026-07-16T21:30:36,,
Google Calendar,com.google.android.calendar,Productivity,c3221323-c4ae-4275-bacb-fc8a35b4197d,Indrani Bhattacharjee,5,,"PLEASE BRING BACK ""COLORS"" IN EVENTS! Edit: Thank you for resolving my issue!!!❤️",3,2026.26.1-943790361-release,2026-07-16T21:07:12,"Hi Indrani, could you try these steps to see if they resolve the issue?
1. Android Settings > Manage accounts > make sure ""Auto-sync personal data"" is ON.
2. On the same screen, tap your Google account > Account sync > ensure Calendar is ON.
3. Open Calendar > tap profile icon to verify no warnings.
4. Tap app Menu (≡) > Refresh.
Thanks.",2026-07-13T12:45:07
Google Calendar,com.google.android.calendar,Productivity,ac1aca4e-bc8a-4b63-a668-a5e9b9935bb6,Engr.Nnamdi F.O.,5,,great app,0,2025.11.0-737427633-release,2026-07-16T20:53:52,,
Google Calendar,com.google.android.calendar,Productivity,af9e0c18-8a22-454c-bfe8-9cdaf02a32a2,Golu Kumar,2,,Best,0,2026.25.0-939476906-release,2026-07-16T20:15:40,,
Google Calendar,com.google.android.calendar,Productivity,998cb94d-720a-4a9f-9558-00d1acc05348,Gintaras radusevicius,5,,it's a calendar you cannot mess up it's practically impossible to mess up how the hell do you mess up a calendar ?,0,,2026-07-16T20:03:28,,
Google Calendar,com.google.android.calendar,Productivity,2bbfa34c-e4b3-4262-8602-ea62105295a5,MD Reza,3,,it can be more better,0,2026.25.0-939476906-release,2026-07-16T19:42:49,"Hi there. Thanks for your review. We'd like our users to have the best possible experience with the Google Calendar app. Please let us know what we can improve. If you experience issues with the app, feel free to create a new thread in our Google Calendar Help Community for our experts to review: https://goo.gle/2QnxTMN. Thanks.",2026-07-16T22:10:27
Google Calendar,com.google.android.calendar,Productivity,4e6cecc1-cde6-4ddb-86f6-557192a0ae3e,E Murugan,1,,This also did not occur due to the date change in the daily calendar,0,2026.26.1-943790361-release,2026-07-16T19:41:41,,
Google Calendar,com.google.android.calendar,Productivity,eaf01106-48e4-4aa6-a709-91aeb6cd19bb,A,1,,"why must my email address be displayed on every calendar notification now? everything else can display account name, one more to the list of reasons to degoogle",0,2026.26.1-943790361-release,2026-07-16T19:32:59,"Hi there, thanks for sharing your valuable feedback. We'll pass this along to our team. Appreciate it!",2026-07-17T02:07:14
Google Calendar,com.google.android.calendar,Productivity,4e0efbc6-e836-400b-8321-d3e5b6ff7bb6,Philip Head,3,,"not easy to use,no instructions on use,can not work out what ""all day"" means. No date on icon on home screen.",1,2026.26.1-943790361-release,2026-07-16T19:25:16,"Hi Philip. We'd like our users to have the best possible experience with the Google Calendar app. Please let us know what we can improve. If you experience issues with the app, feel free to create a new thread in our Google Calendar Help Community for our experts to review: https://goo.gle/2QnxTMN. Thanks.",2026-07-16T22:16:53
Google Calendar,com.google.android.calendar,Productivity,5458a8d7-625a-4dcc-8350-717835b74ed6,Neci Joiner,5,,I love my Google Calendar. I would be lost without it.,0,2026.25.0-939476906-release,2026-07-16T18:58:50,,
Google Calendar,com.google.android.calendar,Productivity,b1b9dfee-12a9-4117-9006-a82129022c7b,Muddassir Ahmad,1,,kindly add features like hijri calendar in it. i found hijri calendar but now problem is today is 1st safar now google calendar shows 30 moharram kindly fix this option to correct date for user,0,2026.26.1-943790361-release,2026-07-16T18:32:03,"Hi Muddassir. Try these steps to add Hijri calendar: Google Calendar app - Settings - General - Alternate calendar - Select Hijri calendar. For further help, please create a new thread in our product forum for our community of experts to review: https://goo.gle/2QnxTMN. Thanks.",2026-07-16T02:40:18
Google Calendar,com.google.android.calendar,Productivity,33872cc1-2eaf-4665-beab-46ca6f3b00d0,Ray Sanchez,5,,great 💯👍,0,2026.25.0-939476906-release,2026-07-16T18:13:11,,
Google Calendar,com.google.android.calendar,Productivity,d2b66eeb-d465-4a38-9985-aa1ca0a7abda,Namanya Junior,5,,Like,0,2023.44.0-577681700-release,2026-07-16T18:11:07,,
Google Calendar,com.google.android.calendar,Productivity,d99947b0-2169-45e5-a4aa-e10a74ece3f4,- “‪Kong King‬” -,1,,"This is ridiculous, the main Icon keep showing 31, it should have the day date, I did all kind of troubleshooting but it still shows 31 and displaying today's date.",2,2026.27.0-946652271-release,2026-07-16T18:09:05,,
Google Calendar,com.google.android.calendar,Productivity,d33752cc-a64d-46df-8490-1a06d807b349,Subbu Vs,5,,good,0,2026.25.0-939476906-release,2026-07-16T17:54:17,,
Google Calendar,com.google.android.calendar,Productivity,08e78976-95ac-4495-bed1-7bba9147d054,MANITOS,5,,PRACTICAL EASY TO READ...,0,2026.25.0-939476906-release,2026-07-16T17:40:00,,
Google Calendar,com.google.android.calendar,Productivity,94f6c194-db0c-45cd-891a-e3163a65a992,Allam Kalasannavar,5,,super,1,2026.26.1-943790361-release,2026-07-16T17:33:49,,
Google Calendar,com.google.android.calendar,Productivity,a176715b-1eb2-455e-b271-0c175e91d0ba,Fahima Asik,5,,good,0,2026.25.0-939476906-release,2026-07-16T16:42:14,,
Google Calendar,com.google.android.calendar,Productivity,9cf6771d-a699-4b53-8ea5-86318b1bf86a,Prashant Pandey,1,,"Hindu Dharm me sabse purana vikram samvat hai, aapne use add karne ka koi option nhi diya hai. kindly update kare.",0,2026.25.0-939476906-release,2026-07-16T16:41:32,,
Google Calendar,com.google.android.calendar,Productivity,5917fb34-c0a9-4a61-9de4-3a8c6ce6f299,ANN ADAMSON-EADIE,1,,"Updated and not as versatile as before. Picks task/event colours for you and doesn't let you choose your own colours for different events or tasks. Disappointed ☹️ Can you be specific in the instructions if it is the calander app, my Google account or somewhere else; as the instructions given do not correlate to anything I have in these apps, which are all up to date.",0,2026.26.1-943790361-release,2026-07-16T16:30:55,"Hi Ann, could you try these steps to see if they resolve the issue?1. Android Settings > Manage accounts > make sure ""Auto-sync personal data"" is ON.
2. On the same screen, tap your Google account > Account sync > ensure Calendar is ON.
3. Open Calendar > tap profile icon to verify no warnings.
4. Tap app Menu (≡) > Refresh. Thanks.",2026-07-16T15:54:24
Google Calendar,com.google.android.calendar,Productivity,e4cf8c5e-faee-49d8-950a-7a128cb480b6,Belall Neemuth,4,,really great app works perfectly within the Google system one feature missing is the calendar icon always remains on 31st it could match the current date everyday would be perfect,1,2026.26.1-943790361-release,2026-07-16T16:25:59,,
Google Calendar,com.google.android.calendar,Productivity,4ee31322-0325-4411-8802-ac1a3645614b,Sataya Das,5,,nice,0,2026.25.0-939476906-release,2026-07-16T15:54:48,,
Google Calendar,com.google.android.calendar,Productivity,f1b3d4ea-9377-49ae-bcc2-9c8eba420f56,Devananadchaturvedi,5,,super,0,2026.25.0-939476906-release,2026-07-16T15:09:00,,
Google Calendar,com.google.android.calendar,Productivity,e23e4b4b-2485-48f9-9f3d-d97f6008206b,Darlene French,3,,never use,0,2026.25.0-939476906-release,2026-07-16T13:47:05,,
Google Calendar,com.google.android.calendar,Productivity,1697ee4d-dae3-484c-be3c-f951fa1c4792,Filip,2,,"Just... Why? Why would you make an unstable update? Adding new colors is great, but why did you not tell us that we can't delete the old ones, otherwise every single event is gonna have just one color? That was my fault, yes, but after setting up new colors on PC, WHY IS EVERY COLOR DIFFERENT ON MY PHONE? How does that make any sense? I can't even go back to the old colors, they just don't work the same. From 5* to 2*, horrible update.",6,2026.26.1-943790361-release,2026-07-16T13:43:03,,
Google Calendar,com.google.android.calendar,Productivity,d217c09a-ff67-4982-91bb-272db72f2151,Mofidul Khan,5,,nice,0,2025.23.1-769619280-release,2026-07-16T12:43:29,,
Google Calendar,com.google.android.calendar,Productivity,a23090cb-d51f-4d11-875c-37aac8c66f59,KING JAMEX,5,,nice,0,2026.25.0-939476906-release,2026-07-16T12:25:08,,
Google Calendar,com.google.android.calendar,Productivity,d49ce0e5-66b9-47a2-bc51-104a26cad4fe,Fahima Sultana,5,,good,1,2026.24.2-940410339-release,2026-07-16T12:12:42,,
Google Calendar,com.google.android.calendar,Productivity,8fe0bcca-c12b-40e7-a6f5-2cea4c8baf0d,Jjr Urur,5,,ৎছডঢ়ঝঙয়,0,2026.23.1-936574200-release,2026-07-16T11:29:38,,
Google Calendar,com.google.android.calendar,Productivity,65854a94-4e67-4b23-a9a5-36f7c6709be7,Dream Fest,4,,Kindly add the Tamil calendar in alternative calendars.,0,2026.25.0-939476906-release,2026-07-16T11:04:43,,
Google Calendar,com.google.android.calendar,Productivity,a886bf00-fed6-4563-9bfd-93f8e1f35fe0,Jasco Speed,5,,"Edit: Followed developer's troubleshooting instructions and it's back to normal. Somehow ""auto sync personal data"" got unchecked two updates ago. 5 stars for fast fix and support! thanks 👍 .......... last two updates broke the colors option for events. Now only show a option called ""default color"" and blue is the color, and that's it. blue for everything and everyone.",4,2026.26.1-943790361-release,2026-07-16T10:29:27,"Hi Jasco, could you try these steps to see if they resolve the issue?
1. Android Settings > Manage accounts > make sure ""Auto-sync personal data"" is ON.
2. On the same screen, tap your Google account > Account sync > ensure Calendar is ON.
3. Open Calendar > tap profile icon to verify no warnings.
4. Tap app Menu (≡) > Refresh.
Thanks.",2026-07-16T10:10:07
Google Calendar,com.google.android.calendar,Productivity,cc274afb-fd94-4d21-887a-b6d60eb87443,Sameer Halai,5,,very good,0,2026.19.0-915581253-release,2026-07-16T10:28:06,,
Google Calendar,com.google.android.calendar,Productivity,4e18f2f6-d69f-4219-b70c-b1050aab4163,Jojo Kua,5,,Loved it at first but now I can't color coordinate my calendar only the default blue. update: I was having issues but everything resolved I just needed to turn on the automatic data update. Thank you Google!,1,2026.26.1-943790361-release,2026-07-16T10:26:44,"Hi Jojo, could you try these steps to see if they resolve the issue?
1. Android Settings > Manage accounts > make sure ""Auto-sync personal data"" is ON.
2. On the same screen, tap your Google account > Account sync > ensure Calendar is ON.
3. Open Calendar > tap profile icon to verify no warnings.
4. Tap app Menu (≡) > Refresh.
Thanks.",2026-07-16T10:12:49
Google Calendar,com.google.android.calendar,Productivity,dcccaa16-ef82-440b-a054-360a51c55079,U Swe,5,,good,0,2026.25.0-939476906-release,2026-07-16T09:58:05,,
Google Calendar,com.google.android.calendar,Productivity,ca8c94fb-63e7-4364-8bf1-5d279401fb3f,Shantel Nelson,5,,I like it,0,2025.30.0-787777615-release,2026-07-16T09:27:23,,
Google Calendar,com.google.android.calendar,Productivity,37344714-770b-452e-b30a-2803c2e4e9fe,Kouselya Raju,5,,good,0,2026.25.0-939476906-release,2026-07-16T09:22:20,,
Google Calendar,com.google.android.calendar,Productivity,a8d15db3-7f8d-49d0-b764-f548bc70b2f4,Lachmi Mahato,5,,nice 👍,0,2026.23.1-936574200-release,2026-07-16T09:22:14,,
Google Calendar,com.google.android.calendar,Productivity,c3fd50a5-17b0-458a-b00f-e38d6d276a92,sahed Ali,5,,নাইচ,0,2026.25.0-939476906-release,2026-07-16T08:39:20,,
Google Calendar,com.google.android.calendar,Productivity,ae8d7576-b29e-4cee-8bb1-61bab9eda54e,Kristen Ottinger,5,,been great,0,2025.35.0-801587174-release,2026-07-16T07:51:52,,
Google Calendar,com.google.android.calendar,Productivity,dfba253a-41a0-4d56-aa9f-5da86a00be80,jugnu j kumar,5,,nice,0,2026.26.1-943790361-release,2026-07-16T07:51:27,,
Google Calendar,com.google.android.calendar,Productivity,c9b65fe2-0ac3-4809-8e34-f3556c4b3ceb,Michael Burton,5,,keeps everything organized,1,2026.26.1-943790361-release,2026-07-16T06:10:33,,
Google Calendar,com.google.android.calendar,Productivity,945c2813-c4c4-4642-b9df-9c9f76778cb3,Muhammad Irfan,3,,it should have year veiw like iphone,0,2026.26.1-943790361-release,2026-07-16T04:24:27,,
Google Calendar,com.google.android.calendar,Productivity,b2ce3adf-937d-4ff5-aaba-43300bfe6e07,Ivan jonathan Duran,5,,I love it.,0,2022.50.1-495242739-release,2026-07-16T03:17:20,,
Google Calendar,com.google.android.calendar,Productivity,3b55c5d1-a8c7-4e4c-9081-7e780918c89a,Jose Maciel,5,,good,0,2026.25.0-939476906-release,2026-07-16T02:30:41,,
Google Calendar,com.google.android.calendar,Productivity,763d53a9-31dd-446b-9a0a-044ec031d1ea,Dusengimana Alon,2,,ago,0,2026.25.0-939476906-release,2026-07-16T02:19:37,,
Google Calendar,com.google.android.calendar,Productivity,43ebe11b-d137-4802-9537-52fd559f9cb1,zacharia njenga,5,,great,0,2026.25.0-939476906-release,2026-07-16T02:17:26,,
Google Calendar,com.google.android.calendar,Productivity,9fb55101-205e-4e97-92f7-5293479e913c,Mahesh Thakur,5,,Very Nice,1,2026.26.1-943790361-release,2026-07-16T01:44:37,,
Google Calendar,com.google.android.calendar,Productivity,8a6a12e5-c7d6-4666-a5d1-20066f7feddf,Ryan Maixner,5,,works great for my family.,0,2026.26.1-943790361-release,2026-07-16T00:19:43,,
Google Calendar,com.google.android.calendar,Productivity,4b4c6795-ef30-43dc-89bf-72661903ae6e,Md Robin,5,,চাা,0,2026.25.0-939476906-release,2026-07-15T23:57:43,,
Google Calendar,com.google.android.calendar,Productivity,2de96045-85be-4d05-aad0-bc8bb2e14097,M Zubair Khosa,5,,ok,0,2026.25.0-939476906-release,2026-07-15T23:35:54,,
Google Calendar,com.google.android.calendar,Productivity,4b70e5f9-e82f-4b5d-8314-eb1ad022bfd4,Eric Bramblett,5,,to much detail in the app. you have to enter to much information just to get simple reminders.,0,2026.25.0-939476906-release,2026-07-15T23:18:21,,
Google Calendar,com.google.android.calendar,Productivity,60163923-ed5b-40d4-9fc7-717d5bc73612,Syed Muzamil Shah,5,,Superb,3,2026.25.0-939476906-release,2026-07-15T23:11:26,,
Google Calendar,com.google.android.calendar,Productivity,912f453e-3ac4-46d4-a0e3-19544c5d5244,Sohidul Alam,5,,good 👍,0,2026.26.1-943790361-release,2026-07-15T22:26:07,,
Google Calendar,com.google.android.calendar,Productivity,70d0fce6-d315-4f84-90b6-b8c95ed8e82f,Lubwama Irene,5,,perfectal,0,2026.25.0-939476906-release,2026-07-15T22:18:07,,
Google Calendar,com.google.android.calendar,Productivity,61f5cefa-019e-4d8f-92eb-8b2357cf6508,Istiak Md Arif,1,,this MF looks ugly can't even send notification,0,2026.24.1-936041752-release,2026-07-15T21:39:20,,
Google Calendar,com.google.android.calendar,Productivity,2b8e7e91-45f4-4c9d-b209-0efdc4d2a69f,Sanjib Karmakar,1,,not working,1,2026.25.0-939476906-release,2026-07-15T20:46:23,Hi Sanjib! Could you give us some more information on the issue you are facing so that we may be of help? You can update your comment with a description of the issue. Have a great day!,2026-07-15T21:34:12
Google Calendar,com.google.android.calendar,Productivity,37d671ec-828f-48c4-aba3-3e27a538d7e2,Titus Dope kid,1,,good,0,2026.25.0-939476906-release,2026-07-15T20:13:18,,
Google Calendar,com.google.android.calendar,Productivity,3117dded-2133-4a12-95fe-c65008adb44e,Jim Micchael Galarido,5,,Google Calendar Yes Yes old Calendar,0,2026.25.0-939476906-release,2026-07-15T19:26:18,,
Google Calendar,com.google.android.calendar,Productivity,ac535f15-42b3-419e-81ba-1f78be52eaf9,Shamim shaikh,5,,very nice,0,2026.25.0-939476906-release,2026-07-15T19:20:16,,
Google Calendar,com.google.android.calendar,Productivity,a9199630-e257-4b33-a023-9dd039533219,Yasir Khan,1,,Good,0,2023.44.0-577681700-release,2026-07-15T19:15:02,,
Google Calendar,com.google.android.calendar,Productivity,3438f1bd-f65b-47a0-83ae-02dd5bee2387,Terrance,5,,i would not be as capable of Coordinated tasking without this calendar. good jod guys.,0,2026.25.0-939476906-release,2026-07-15T19:03:31,,
Google Calendar,com.google.android.calendar,Productivity,05cef959-5fe2-4c03-9e37-72789d7fc2fd,girma gobena,5,,it's good 👍,0,2026.25.0-939476906-release,2026-07-15T18:39:40,,
Google Calendar,com.google.android.calendar,Productivity,8530b3f0-fea1-4b77-9097-2a2298bb7cd9,rajesh rahangdale,3,,Usefull,0,2026.24.1-936041752-release,2026-07-15T17:51:04,,
Google Calendar,com.google.android.calendar,Productivity,6157655c-c812-4d7f-bdda-34d58889049d,Ganesh Ram,3,,date ke sath sath,0,2025.38.0-809757839-release,2026-07-15T17:32:14,,
Google Calendar,com.google.android.calendar,Productivity,537f44bb-39de-42a1-8027-5158e7cbcd62,Harjot Kaur,5,,hi good,0,2026.22.0-928196530-release,2026-07-15T17:29:47,,
Google Calendar,com.google.android.calendar,Productivity,23c377e6-631f-41cf-a86b-1a222d8126da,suctedd in,4,,kenapa google skrg gabisa pake warna warni untuk tulis event/task?,1,2026.26.1-943790361-release,2026-07-15T17:29:21,,
Google Calendar,com.google.android.calendar,Productivity,5a55ea3a-1eb2-422b-a13d-5da6df910b25,Narayan Sao,5,,good,0,2026.25.0-939476906-release,2026-07-15T17:11:41,,
Google Calendar,com.google.android.calendar,Productivity,07b98ea2-eac4-4462-8bff-7f66009fad9c,RELOB D25. (SOA),2,,good it,0,,2026-07-15T17:08:14,,
Google Calendar,com.google.android.calendar,Productivity,9a6857ad-0081-4ceb-8f8a-add0837565c0,Phill Robinson,1,,doing my nut in updating every day,0,2023.32.1-554466968-release,2026-07-15T16:29:00,,
Google Calendar,com.google.android.calendar,Productivity,f94426ed-1c8e-43bd-8326-82425d6fc36f,Roman,1,,"Does not have such a basic feature as reminders for public holidays. Setting notifications for all day events works only for your custom events. Thanks google, very useful.",0,2025.08.1-730459342-release,2026-07-15T15:35:56,"Hi Roman, thanks for sharing your valuable feedback. We'll pass this along to our team. Appreciate it!",2026-07-15T15:43:28
Google Calendar,com.google.android.calendar,Productivity,e0740844-0470-42bf-9c8f-12ccfd96daed,YogesH Dehare,3,,"While Google Calendar is highly functional, the current user interface feels quite cluttered. Different events, reminders, and tasks often get mixed together, making the overall layout look messy and difficult to navigate quickly. The UI needs a proper overhaul to improve organization and readability. Additionally, it would be incredibly helpful if Sundays and public holidays were highlighted in red (or a distinct color) to make the monthly and weekly views easier to scan at a glance.",0,2026.25.0-939476906-release,2026-07-15T15:07:28,"Hello Yogesh, thanks for sharing your valuable feedback. We'll pass this along to our team. Appreciate it!",2026-07-15T15:32:50
Google Calendar,com.google.android.calendar,Productivity,04f05bb4-b207-4df2-8698-18c3d5e4ae5e,Chigushime Peter,1,,good,0,2026.25.0-939476906-release,2026-07-15T15:03:56,,
Google Calendar,com.google.android.calendar,Productivity,25b43f27-b760-470e-822c-2a077d5e5328,Seun Ogunbowale,5,,good,0,2026.26.1-943790361-release,2026-07-15T13:44:49,,
Google Calendar,com.google.android.calendar,Productivity,66e28bc6-e070-4972-b7f4-21b4c05fe2c4,Leaf Glider,4,,"When creating events in my calendar, i use colours to show importance, like 'Patient Falls' is red. Patient refused food is lilac, etcetera. So I can see at a glance for making reports. Now I seem to have no choice, all new events are the same damn colour.",1,2026.25.0-939476906-release,2026-07-15T13:26:24,,
Google Calendar,com.google.android.calendar,Productivity,5b71e6c6-233a-423e-b6d3-da58353d70f4,maung lone,4,,tterima kasih,0,2026.24.1-936041752-release,2026-07-15T13:22:21,,
Google Calendar,com.google.android.calendar,Productivity,0c0c7656-b6e8-4a25-a86f-9fcc971a9b1c,Shaheed Hlatshwayo,5,,its a wonderful app,0,2026.26.1-943790361-release,2026-07-15T13:16:36,,
Google Calendar,com.google.android.calendar,Productivity,83d1d3e7-f5af-4a8f-aefa-93969bec4d90,Khushboo Ganguli,5,,calendar calendar dikhata hai ekadam Sahi chij,0,2026.25.0-939476906-release,2026-07-15T12:15:51,,
Google Calendar,com.google.android.calendar,Productivity,49135251-d7b1-44c4-93f5-e6cd0186ee3e,Christopher Fisher,5,,very very nice,0,2026.25.0-939476906-release,2026-07-15T11:48:03,,
Google Calendar,com.google.android.calendar,Productivity,f61a030b-615a-4b8d-b57c-b6d02bd31a0c,Cren Sega,5,,Opened my phone to see it being the only one who wished me happy birthday (:,1,2024.41.1-685715908-release,2026-07-15T10:54:46,,
Google Calendar,com.google.android.calendar,Productivity,d6ea8bc3-e1ea-4290-9038-d897260c7ebe,Daniel Gidasi,3,,apple ical has a much better interface. Google is clunky and awkward.,0,2026.25.0-939476906-release,2026-07-15T10:16:44,,
Google Calendar,com.google.android.calendar,Productivity,9f6783d9-b985-4d9b-9358-1d180e96b9bb,G.M Saidi,5,,good,0,2026.23.1-936574200-release,2026-07-15T10:02:00,,
Google Calendar,com.google.android.calendar,Productivity,50f3730a-a44d-4df7-bdca-a353752094ba,Malnang M Sangma,5,,good app,0,2023.32.1-554466968-release,2026-07-15T08:09:31,,
Google Calendar,com.google.android.calendar,Productivity,224103df-f664-4e04-a61c-f447e1588a80,Bhavesh kumar Sahu,5,,best,0,2026.25.0-939476906-release,2026-07-15T08:02:58,,
Google Calendar,com.google.android.calendar,Productivity,cfd6b2e0-11e7-4a59-b8e1-b947f6bc9b1a,BC Tracy,2,,Since the beginning of July this app has not been working properly.,0,2026.25.0-939476906-release,2026-07-15T07:19:59,Hi there. Could you give us some more information on the issue you are facing so that we may be of help? You can update your comment with a description of the issue. Have a great day!,2026-07-15T08:54:25
Google Calendar,com.google.android.calendar,Productivity,9af9680e-3ac7-4881-ab5f-3b4da20646c0,Johnny Goodwin II,5,,Awesome 😎,0,2026.25.0-939476906-release,2026-07-15T06:51:16,,
Google Calendar,com.google.android.calendar,Productivity,e372501d-c577-4829-8364-7687284c6552,123,5,,Good 👍👍😊,0,2026.19.0-915581253-release,2026-07-15T06:42:59,,
Google Calendar,com.google.android.calendar,Productivity,50684a34-8d93-4742-8750-041474449fee,Nadeem Sajjad,5,,good,0,2026.25.0-939476906-release,2026-07-15T06:17:46,,
Google Calendar,com.google.android.calendar,Productivity,7df46137-b24e-4c7b-9cef-45a85070fb10,Prity Chowdhory,5,,very good 😊,0,2026.25.0-939476906-release,2026-07-15T06:04:14,,
Google Calendar,com.google.android.calendar,Productivity,ee7cc73e-6c7f-4462-b24a-c80cf687d814,Onwuka Magdalene,5,,it helps me keep track of time/days,0,2026.22.0-928196530-release,2026-07-15T05:00:10,,
Google Calendar,com.google.android.calendar,Productivity,d97771b9-52f5-47a4-83e3-292d833882a6,android avast,5,,Aww I really love using this app it's was my favorite app,0,2026.25.0-939476906-release,2026-07-15T04:40:41,,
Google Calendar,com.google.android.calendar,Productivity,3f222a0a-2fe6-4951-8697-f4d90ba7a38a,Simphiwe Cedric Mhlongo,5,,good,0,2026.25.0-939476906-release,2026-07-15T04:15:10,,
Google Calendar,com.google.android.calendar,Productivity,c181dfc2-b878-4fef-8b1d-ab2214c8e0a7,Rajbeer khan,5,,nice,0,2026.25.0-939476906-release,2026-07-15T02:15:17,,
Google Calendar,com.google.android.calendar,Productivity,811b04f8-fe3e-49a4-a434-7f4a5076e804,Duty Clk Of 38 ST Bn,5,,Great,0,2026.25.0-939476906-release,2026-07-15T01:35:54,,
Google Calendar,com.google.android.calendar,Productivity,d13f6c3f-1454-42b8-b79c-77d1c6beb6e7,Joshua Yisa,5,,wow,0,2019.45.1-279921459-release,2026-07-15T01:19:45,,
Google Calendar,com.google.android.calendar,Productivity,8c4dc94c-2665-426a-a630-e429af92ee18,Alice,5,,"I really like Google Calendar I can put all my birthdays, appointments, any reminders. The only thing I would like Google Calendar to do is help me figure out how to roll birthdays out into the next year.",1,2026.25.0-939476906-release,2026-07-15T00:17:59,,
Google Calendar,com.google.android.calendar,Productivity,7e2e311a-bc44-4ddc-9129-9ef3d21eb6fd,Neil Mohr,1,,"I've had to disable updates as the latest ones stop the app from launching (since the new icon was included, which never helps) this is on NebulaAIOS1.0.3_NX725J_GB I'll just keep updates off, nothing of use has been added. thanks.",0,2026.15.0-898648899-release,2026-07-15T00:11:59,Hi Neil. Please visit our Calendar Help Community for more help: https://goo.gle/2QnxTMN. Thanks!,2026-07-02T20:02:36
Google Calendar,com.google.android.calendar,Productivity,bf75f7ec-1105-4f68-87f4-abdf70a3132a,Yudesh Kumar,5,,good,0,2026.24.1-936041752-release,2026-07-15T00:11:30,,
Google Calendar,com.google.android.calendar,Productivity,48f9f8a9-d6a2-4171-97ab-25898a32d5a6,Brandon Rothberg,4,,"Decent app but the Agenda widget needs updating. Currently it only shows events a couple weeks out and there needs to be an option to change that to at least a couple months, and the integration with Tasks is awful: duplicate notifications; tasks edited in Calendar don't get updated in Tasks; if tasks are hidden from view in Calendar and a new task is created in Calendar, all tasks reappear in the widget and have to be deselected again.",2,2026.25.0-939482793-release-wear,2026-07-14T23:54:07,,
Google Calendar,com.google.android.calendar,Productivity,80532522-c9d3-49ba-83d1-80a6114616b5,Zippy,5,,"all good, nothing much to say",0,2026.25.0-939476906-release,2026-07-14T23:09:47,,
Google Calendar,com.google.android.calendar,Productivity,1d608d55-1437-4c29-bf3e-4e42642234f9,Sthéfany Dourado,3,,"sempre gostei muito desse calendário, porém agora não consigo mais escolher a cor que quero colocar, só tem uma opção de cor quando vou criar o evento, assim fica muito mais difícil de distinguir qual tipo de compromisso está marcado pois eu organizava tudo por cores!",0,2026.25.1-943880647-release,2026-07-14T22:08:40,,
Google Calendar,com.google.android.calendar,Productivity,bee9d8a1-29af-4d5d-8207-a2d08f494364,Prayatna Salumber salumber,5,,every day saport,0,2026.25.0-939476906-release,2026-07-14T22:01:06,,
Google Calendar,com.google.android.calendar,Productivity,99872d1b-bafd-4bb0-892c-be6b45d28e4a,Alakesh Das,5,,ok,0,2026.25.0-939476906-release,2026-07-14T21:36:06,,
Google Calendar,com.google.android.calendar,Productivity,dbb699d1-eaab-4436-8ded-f689397a2659,jaysukh rakhasiya,5,,best,0,2026.24.1-936041752-release,2026-07-14T21:07:37,,
Google Calendar,com.google.android.calendar,Productivity,ee2504d7-6877-44fb-8a92-e4650b4d92df,Aziz USA,5,,very useful,0,2026.25.0-939476906-release,2026-07-14T20:55:15,,
Google Calendar,com.google.android.calendar,Productivity,4444300b-b954-447b-a790-c5dc430df10c,Sahabuddin Ansari,5,,good,0,2026.25.0-939476906-release,2026-07-14T20:21:22,,
Google Calendar,com.google.android.calendar,Productivity,06555f49-2926-4758-a610-a47ef2d90593,Max Kowal,1,,the notification I set up did not notify me. extremely disappointing,0,2026.25.0-939476906-release,2026-07-14T19:57:59,"Hi Max. Have a look at the steps in this guide to troubleshoot Calendar notifications: https://goo.gle/2H0Ag2o. In case the issue persists, please create a new thread on our Google Calendar Help Community for our experts to review: https://goo.gle/2QnxTMN. Thanks.",2026-07-14T20:14:24
Google Calendar,com.google.android.calendar,Productivity,8dcc8f78-b945-4d3f-b029-4d379e4e864c,Tanuj Bairwa,1,,not show bank holiday,0,2026.25.1-943880647-release,2026-07-14T19:44:20,Hi Tanuj. More info about how to add or remove holidays from your calendar can be found here: https://goo.gle/48t6T34. We hope this helps.,2026-07-14T20:05:41
Google Calendar,com.google.android.calendar,Productivity,e255b5cd-d149-458e-9f48-9d6584218290,Flyguy 535,1,,"can't remove an unwanted and unknown contact suggestion from the app. this unknown contact pops up in Gmail and maps too with no way to remove it. this unknown contact is nowhere to be seen in my contacts app or web browser, and it won't go away unless I prevent Google calendar from seeing my contact info even though this unwanted contact is nowhere to be seen in my contacts. these Google apps should give you the option to delete unknown contacts from within the apps themselves.",0,2026.25.0-939476906-release,2026-07-14T19:34:29,,
Google Calendar,com.google.android.calendar,Productivity,bd950c78-71ac-4557-a1aa-a68717ae1007,Eddie Dalo,5,,excellent,0,2026.25.0-939476906-release,2026-07-14T19:20:01,,
Google Calendar,com.google.android.calendar,Productivity,cf9283ef-75d5-4559-9986-c55c53b3de18,Sarah Rose,5,,"I use this app continuously. It's invaluable to me. I love and I mean LOVE that you made more colors available without going into the settings, thank you so very much!!! I wouldn't mind it at all if you decide to add even more color choices...😀",3,2026.25.1-943880647-release,2026-07-14T19:19:03,,
Google Calendar,com.google.android.calendar,Productivity,1d088291-3d32-48b8-8fac-219b9cd15491,Princess Hlongwe,5,,good,0,2026.25.1-943880647-release,2026-07-14T19:17:32,,
Google Calendar,com.google.android.calendar,Productivity,d7d30ed0-a5b7-45fc-b8ed-f60bd9d76865,Anmol Kumar,1,,good 👍,0,2026.25.0-939476906-release,2026-07-14T18:42:58,,
Google Calendar,com.google.android.calendar,Productivity,bf754a75-d998-42b5-a3ba-3d6026374a5f,Sip Ja,5,,"I used to like this app, now I can no longer assign different colors to different events. Only one color available in editing mode. Thank you for responding, steps worked, colors are back.",2,2026.25.0-939476906-release,2026-07-14T18:38:57,"Hi there, could you try these steps to see if they resolve the issue?1. Android Settings > Manage accounts > make sure ""Auto-sync personal data"" is ON.
2. On the same screen, tap your Google account > Account sync > ensure Calendar is ON.
3. Open Calendar > tap profile icon to verify no warnings.
4. Tap app Menu (≡) > Refresh. Thanks.",2026-07-14T18:06:55
Google Calendar,com.google.android.calendar,Productivity,b349b56c-63bf-4b99-8d8a-32750a1596d5,Senthil K,3,,good but could be easier to setup and share events. also wish it showed historical events from a long time ago or at least searched them,0,2026.25.0-939476906-release,2026-07-14T18:18:43,"Hi Senthil, thanks for sharing your valuable feedback. We'll pass this along to our team. Appreciate it!",2026-07-14T19:17:16
Google Calendar,com.google.android.calendar,Productivity,55f8e992-c7b1-4404-a5bf-3c7b8d3543c6,Md Limon,5,,Happy,0,2023.44.0-577681700-release,2026-07-14T17:51:27,,
Google Calendar,com.google.android.calendar,Productivity,52da7d92-b74e-4220-bcd6-3c67953a5628,Rajnish Kumar,5,,very nice experience 🩷💞🌹🤓,0,2026.21.0-924344952-release,2026-07-14T17:48:21,,
Google Calendar,com.google.android.calendar,Productivity,03711c8c-5b88-47d5-b9b1-96bb88bb5e10,Joel Molina,5,,Awesome,0,2026.25.0-939476906-release,2026-07-14T17:47:45,,
Google Calendar,com.google.android.calendar,Productivity,dbdd622c-22d0-48a7-94c6-f883f527c056,Ellin Niraun,5,,awesome,0,2026.14.0-895011949-release,2026-07-14T17:47:42,,
Google Calendar,com.google.android.calendar,Productivity,ade032a1-3e11-49af-b947-1b84be0cc232,Karen Thompson,1,,cannot change individual colors. last samsung update capability went away.,0,2026.25.0-939476906-release,2026-07-14T17:47:27,"Hi Karen, could you try these steps to see if they resolve the issue?1. Android Settings > Manage accounts > make sure ""Auto-sync personal data"" is ON.
2. On the same screen, tap your Google account > Account sync > ensure Calendar is ON.
3. Open Calendar > tap profile icon to verify no warnings.
4. Tap app Menu (≡) > Refresh. Thanks.",2026-07-14T18:10:14
Google Calendar,com.google.android.calendar,Productivity,7bbbef1d-4f1f-45b9-83d6-0d4013fed599,Niño Ariño,5,,ok,0,2025.02.0-714751346-release,2026-07-14T16:31:07,,
Google Calendar,com.google.android.calendar,Productivity,b9f8ba3f-c280-4b03-b6d8-9b96247cf217,Devchand Panchiwala,5,,super,0,2026.25.0-939476906-release,2026-07-14T16:22:15,,
Google Calendar,com.google.android.calendar,Productivity,ffad2fc4-58cc-4aea-b0c6-7f3710006ef6,MD.Hassan,4,,amazing 🤩,0,2026.25.0-939476906-release,2026-07-14T15:22:27,,
Google Calendar,com.google.android.calendar,Productivity,5a194269-b131-4c1d-9ee1-cb157b509e38,Ralph Whitby,3,,"It's a calendar and it works, there may well be better ones around. Update, it now won't let me change the colour of entries?",2,2026.25.0-939476906-release,2026-07-14T15:15:32,"Hi Ralph, could you try these steps to see if they resolve the issue?
1. Android Settings > Manage accounts > make sure ""Auto-sync personal data"" is ON.
2. On the same screen, tap your Google account > Account sync > ensure Calendar is ON.
3. Open Calendar > tap profile icon to verify no warnings.
4. Tap app Menu (≡) > Refresh.
Thanks.",2026-07-14T15:48:56
Google Calendar,com.google.android.calendar,Productivity,841387d0-8556-49eb-9d05-041903f06f4a,wallmaru gafane,5,,good,0,2026.25.0-939476906-release,2026-07-14T14:52:32,,
Google Calendar,com.google.android.calendar,Productivity,ee9309a5-c293-4167-b51b-72657ed03163,Ashu Shakya,5,,very good 👍,0,2026.25.0-939476906-release,2026-07-14T13:51:33,,
Google Calendar,com.google.android.calendar,Productivity,3493818f-a20c-4847-9f77-b82885c622f8,Creec Winceptor,1,,"As of latest version does not open at all, tried clearing storage/cache and restarting phone. It just does not work anymore on Android 15. Update: Dev responded with link to help page which assumes you can open the app in the first place. Useless response. App only works at random times unless i restore to old version.",0,2025.16.0-749613736-release,2026-07-14T12:53:16,Hi there. Please visit our Calendar Help Community for more help: https://goo.gle/2QnxTMN. Thanks!,2026-07-13T03:53:43
Google Calendar,com.google.android.calendar,Productivity,027dd755-bfc1-4393-9569-a4af0482a128,Evaline Steven,5,,I love this gays,0,2026.25.0-939476906-release,2026-07-14T12:50:38,,
Google Calendar,com.google.android.calendar,Productivity,3072826c-4363-410d-a00b-d32af0e9c23f,Dr. William Dzikunu,5,,helpful,0,2026.25.0-939476906-release,2026-07-14T12:46:25,,
Google Calendar,com.google.android.calendar,Productivity,ec8ab3a1-e75e-40cf-8df5-e9fa90ee7ab3,Freek Schoenmakers,1,,"App used to work fine, but after some updates in the past month it frequently stops opening until you reboot. It's the only app doing this, you can find others with similar experiences online. Hopefully Google can fix this or I'll be forced to switch.",0,2026.25.0-939476906-release,2026-07-14T12:15:33,"Hi Freek, thanks for reporting. We'd suggest you try the steps listed here, if you haven't already: https://goo.gle/37ZAO4p. In case the issue persists, please create a new thread on our Google Calendar Help Community for our experts to review: https://goo.gle/2QnxTMN. Thanks.",2026-07-14T12:41:21
Google Calendar,com.google.android.calendar,Productivity,105f17ec-6cbb-4714-bca5-7947bd7a24a2,Othuru Rajakullayappa,5,,very good,1,2026.25.0-939476906-release,2026-07-14T12:12:53,,
Google Calendar,com.google.android.calendar,Productivity,4024c328-d590-4bbc-bb19-3f96fda4f76f,Kickic Organic,5,,good app,0,2025.09.1-732918122-release,2026-07-14T12:10:49,,
Google Calendar,com.google.android.calendar,Productivity,2022acca-a2ac-4e8a-b418-f8c4f18f9a8e,Anchito Gayarama Jr,5,,fast easy reliable,0,2026.25.0-939476906-release,2026-07-14T10:02:42,,
