app_name,app_id,category,review_id,username,rating,title,text,thumbs_up_count,review_created_version,at,reply_content,reply_at
Disney+,com.disney.disneyplus,Entertainment,fb7fe4f1-bacd-4e9b-99c7-0fca11ee40f2,Zak Temesvari,3,,"not sure why but since my last update I can't access my off-line downloads. it keeps logging me out and I can't watch anything off-line , I've done all the troubleshooting from the help page and still nothing",0,26.12.1+rc1-2026.07.15,2026-07-26T15:53:50,,
Disney+,com.disney.disneyplus,Entertainment,d2da702e-f0a8-463e-9b87-2c5488c82e46,Bill Connolly,1,,"Complete rip-off. They advertise ""coming soon"" to keep you subscribing but even after 15 months advertising particular series ""coming soon"" still it's not available. Google NCIS season 23 release date in the UK for example & read the forums.",0,26.12.1+rc1-2026.07.15,2026-07-26T15:41:41,,
Disney+,com.disney.disneyplus,Entertainment,f43d02c9-b0e6-4864-97f1-d97d90fdcafe,Michael Davidson,1,,wouldn't be bad if it wasn't for the fact that you can't watch the stuff you have downloaded unless you have internet kinda retarded to pay for something and after updating the app is no longer let you fully use it,0,26.12.1+rc1-2026.07.15,2026-07-26T15:26:56,,
Disney+,com.disney.disneyplus,Entertainment,fa3d3a62-e67c-49db-9110-7ed83bd713c0,Hilary Gilligan,1,,Not compatible with.my old phone,0,26.11.1+rc4-2026.07.03,2026-07-26T14:47:28,,
Disney+,com.disney.disneyplus,Entertainment,728f7b7c-9e17-49c1-87f1-cd95c067fa26,RiceK,1,,下載完無法離線觀看 我就係要離線觀看先下載架嘛,0,26.2.1+rc2-2026.03.05,2026-07-26T13:32:12,,
Disney+,com.disney.disneyplus,Entertainment,b8099e46-1e22-487e-b2ca-34e9c25c6cf8,Sam M,2,,"won't play the next episode, loads for like 2 minutes then gives an error. on chromecast if that helps",5,26.12.1+rc1-2026.07.15,2026-07-26T12:58:54,,
Disney+,com.disney.disneyplus,Entertainment,6605ab08-f707-49b4-8e7d-8359063de38d,Giovanna “Trish” M,2,,App for the tv or cellphone has not been working. I have been with an error code for almost two months and I can't see the content.,0,26.12.1+rc1-2026.07.15,2026-07-26T12:32:16,"Hello, Giovanna! We're so sorry to read about this, and we appreciate your report. We recommend you take these steps: https://disneyplus.link/BrowserCache. If the situation persists, please contact us via chat or call using the options at the bottom of the page. Best regards.",2026-07-27T02:59:02
Disney+,com.disney.disneyplus,Entertainment,be980c9e-f23e-4082-8e26-b871782590e5,PlasmaGD,1,,"can't log in with my account, keep getting error 9 and won't even let me log into a different account, happens across many different devices, contacted support and they told me to use Disney plus through Google chrome... what a joke",1,3.6.2-rc1-2024.08.15,2026-07-26T08:15:18,Hello! We are so sorry for any issue caused with our platform. We invite you to contact one of our customer service agents to provide you with more personalized assistance and to review your case. You can do so by entering the following link: https://disneyplus.link/ContactUs. Greetings!,2025-11-04T08:45:30
Disney+,com.disney.disneyplus,Entertainment,9482a317-fc2b-42b2-b003-825f63d6c8df,L G,1,,"I've been a Disney+ customer since 2019.After trying to resubscribe,I spent over an hour because their system wouldn't let me use the same email linked to my Disney account since I receive Hulu through T-Mobile.Customer service told me the only solution was to create a new email.When I refused,Carlos the representative said Disney didn't need to change its policies to satisfy me and that ""it's your loss.""That's an unacceptable way to treat a loyal customer.Terrible customer service,poor account.",0,26.12.1+rc1-2026.07.15,2026-07-26T07:30:02,,
Disney+,com.disney.disneyplus,Entertainment,3fd83491-10af-4a8d-93f5-44692b30d899,Otniel Martinez,2,,A literal mess,0,26.12.1+rc1-2026.07.15,2026-07-26T07:25:49,,
Disney+,com.disney.disneyplus,Entertainment,a8347fb0-3f42-4130-b1e7-b40d74dd6d7a,Charlie Dempsey,5,,best depiction of Sherlock,0,26.12.1+rc1-2026.07.15,2026-07-26T07:22:48,,
Disney+,com.disney.disneyplus,Entertainment,e3b8363e-8df2-406a-8a66-d09c7de22448,Richard Herndon,1,,still shows ads on ad free accounts.,0,26.12.1+rc1-2026.07.15,2026-07-26T07:07:38,,
Disney+,com.disney.disneyplus,Entertainment,aca26397-f750-49a6-975f-9af132ce04ae,Alyssa,1,,I love all the shows and movies but I can't stand how many ads they have!! I literally can't watch a show without having to watch 5 ads!! it gets super annoying!! I watch more ads than the shows😒😒 I highly don't recommend getting Disney plus. Its best to use YouTube or other apps that don't force you to watch millions of ads!!,0,26.12.1+rc1-2026.07.15,2026-07-26T07:01:38,,
Disney+,com.disney.disneyplus,Entertainment,c9faa6ec-30a6-4ec8-a875-0925f755c6e7,Herman Melgar,5,,Perfect for kids around 6 and 9,0,26.12.1+rc1-2026.07.15,2026-07-26T06:41:06,,
Disney+,com.disney.disneyplus,Entertainment,c83941ac-882d-48a7-9540-7797c28877a2,rib “Neon Skies” cage,2,,"For a company with multiple theme parks under it's name, you would think it would understand the concept of watching something away from home. I had to sign in 3 times and go through multple one time passeords in order to log in. Unacceptable.",0,26.9.2+rc1-2026.06.12,2026-07-26T06:34:20,,
Disney+,com.disney.disneyplus,Entertainment,9408c850-b275-48e9-83c2-60922844b2e0,Magnet101,1,,"apps and websites never function properly, have to jump through hoops just to activate Disney and Hulu on my console edit: after trouble shooting and repeating the only steps that were available to me it worked after the 6th try and on a new phone. money grabbing corporation spends no time in making their platform better, keep lining those pockets for streaming services that are sub par and dont even rewind without crashing",0,26.12.1+rc1-2026.07.15,2026-07-26T06:07:06,,
Disney+,com.disney.disneyplus,Entertainment,e263805e-41c3-4378-a452-87f68177a43b,Michael Curtis,1,,"constant buffering, tried all steps to fix still buffers and freezes no other service has these issues on the TV.",0,26.12.1+rc1-2026.07.15,2026-07-26T05:04:56,"Hello Michael! Sorry for the trouble. To resolve any app issues or playback trouble, please visit this article on the Disney+ help site titled (How to fix streaming issues). If still unresolved, contact us via chat or phone at 1-888-905-7888. We'd love to help!",2026-07-25T08:25:43
Disney+,com.disney.disneyplus,Entertainment,8ba1a1ed-700f-4480-87d9-5c8b588b321e,Casey Horsley,1,,💩 poop,1,26.12.1+rc1-2026.07.15,2026-07-26T04:52:45,,
Disney+,com.disney.disneyplus,Entertainment,38133eae-f5c9-4951-8948-63ee798f24b2,Jerica Redwine,1,,this has got to be one of the most ridiculously frustrating apps I've ever tried to use. my subscription is virtually useless 75% of the time cause if it's not throwing up error code 142 (Internet connection) regardless if I have wifi or mobile data on its throwing error code 83. and I don't want to hear about a Disney+ compatible device when it has done this on every single device I have tried to login on multiple times. I'm about to cancel my subscription and just pay for hulu at this point.,1,26.12.1+rc1-2026.07.15,2026-07-26T04:02:03,"Hi Jerica! Sorry for the trouble. Please check if other devices are experiencing similar issues. Try clearing the app cache, reinstalling the app, and restarting your device. Ensure both the app and device are updated. For further assistance, please reach us at +1-888-905-7888. Thank you for your patience!",2026-07-26T08:26:14
Disney+,com.disney.disneyplus,Entertainment,19a456b5-b3fc-407e-896b-b6bb035c8394,Darryl Farrell,1,,forced Spider-Man ads ruin everything,0,26.12.1+rc1-2026.07.15,2026-07-26T03:06:21,,
Disney+,com.disney.disneyplus,Entertainment,e5756ac7-974a-4490-8177-287f685c9ef0,Martin Drozdowsky,1,,not accepting card details,0,26.12.1+rc1-2026.07.15,2026-07-26T02:14:56,,
Disney+,com.disney.disneyplus,Entertainment,939d8ba8-1c1a-4df5-8351-5b4bf7352817,Dan,1,,"Billing issues through third party, and it keeps on happening.Disney keeps on overcharging in the app, it doesn't let you go to the billing area anymore. Proving that they are trying to stop us from deleting or changing where we don't get overcharged over the third party billing, what a scam of a Disney, just like, always trying to nickel and dine you and call it a mistake. When they know they are the ones making it a problem.",0,,2026-07-26T01:06:56,"Sorry for the trouble, Dan. We would like to investigate this matter further. When you have a moment, please reach out to us for personalized support directly via phone at 1-888-905-7888. We're here to assist you!",2026-07-26T08:22:08
Disney+,com.disney.disneyplus,Entertainment,177fba45-64c7-46f9-9ecf-806ab6d936d8,Kristy Inman,5,,we love Disney.,0,26.12.1+rc1-2026.07.15,2026-07-26T01:03:25,,
Disney+,com.disney.disneyplus,Entertainment,40143381-2b03-43fd-a29d-0cb177bbda09,Pavlo,1,,"Downloads don't work. I subscribed to Disney+ SPECIFICALLY because I wanted to keep myself entertained during a 5h flight. Checked at home whether I can open the app while in airplane mode and it worked (on my second attempts). While on the plane I tried to open the app and it didn't work. Maybe I should have opened the app before I took off, I don't know. Either way, I'm disappointed.",0,26.12.1+rc1-2026.07.15,2026-07-26T01:03:17,,
Disney+,com.disney.disneyplus,Entertainment,20d7ebdc-6107-44af-a9fd-8b0cb846b29f,Matteo Ochoa,3,,kinda good idk how 2 log in,0,26.12.1+rc1-2026.07.15,2026-07-26T01:00:54,,
Disney+,com.disney.disneyplus,Entertainment,d130a932-0a72-41ef-9355-3fb839967569,Janessa McDonald,5,,best app ever,0,26.12.1+rc1-2026.07.15,2026-07-26T00:30:50,,
Disney+,com.disney.disneyplus,Entertainment,e4e837bd-4516-4eba-b1db-da693d3b6fee,Jessica Vallejo,1,,"How come if I pay my account in Latin America when I'm on vacations I'M BEING FORCED TO WATCH WITH DUCKING SPANISH FROM SPAIN. Can't believe that it depends on where I am, I should have the options for my language ALL the time if I already know it is available for sure. Listening movies in that awful way of talking is HORRIBLE! FIX IT AND LET ME HAVE EVERY OPTION ALL THE TIME NO MATTER WHERE I OPEN MY DUCKING ACCOUNT!",1,,2026-07-26T00:23:02,,
Disney+,com.disney.disneyplus,Entertainment,610fd7a2-db3a-42c7-ae61-0302e2f87691,Dave Staller,1,,"only get the splash screen, then it just sits there",0,26.12.1+rc1-2026.07.15,2026-07-26T00:20:17,"Hello Dave! Sorry for the trouble. Please check if other devices are experiencing similar issues. Try clearing the app cache, reinstalling the app, and restarting your device. Ensure both the app and device are updated. For further assistance, please reach us at +1-888-905-7888. Thank you for your patience!",2026-07-26T08:15:10
Disney+,com.disney.disneyplus,Entertainment,3fa5ed4f-0926-4a65-b713-3f4ef6365c8e,Leonard Phillips,1,,the app is always freezing up or just spinning for no reason. wifi is at 5 bars and no other app does this as much as Disney+. You can watch a 2hr movie perfect and then 20mins left and it acts up ever 1-3mins,0,26.10.0+rc3-2026.06.13,2026-07-25T23:49:27,"Hello Leonard! Sorry for the trouble. To resolve any app issues or playback trouble, please visit this article on the Disney+ help site titled (How to fix streaming issues). If still unresolved, contact us via chat or phone at 1-888-905-7888. We'd love to help!",2026-07-26T08:13:21
Disney+,com.disney.disneyplus,Entertainment,ec625359-ad31-44f6-bc6e-79a7b44ab2c7,Jeff Kieber,1,,terrible to pay for so many adds,0,26.10.0+rc3-2026.06.13,2026-07-25T23:39:24,"Hello! We appreciate your thoughts on the ad experience. Ads in certain subscription plans allow us to provide various options for different budgets. You may want to explore our No Ads plan for a seamless experience, available on our website or app. For more information, please check the article on the Disney+ help site. We hope this assists you!",2026-07-26T08:10:58
Disney+,com.disney.disneyplus,Entertainment,21403b77-7e8d-4271-ad2e-b4a86c8c8e63,Patrick Foley,1,,"The worst app of every streaming service, and even worse than before. Now pauses and shows a loader every five minutes. Support is worthless, they will just disconnect your chat after you try all of their ""fixes"" and none of them work. The streaming team is an embarrassment to Disney.",0,26.12.1+rc1-2026.07.15,2026-07-25T22:53:14,,
Disney+,com.disney.disneyplus,Entertainment,3e5a7a5e-0d7d-4bd4-8210-56bffb9eb664,Nick Jones,1,,"I was planning to sign up, but they no longer accept payment through Google pay (which offers quick and easy cancelation, instead they want direct access to your credit card and want to force you into a sign-up method that's more difficult to cancel. No thanks, any corporation that willingly blocks an easier access to leave is abusive.",0,,2026-07-25T21:25:27,"Sorry for the trouble, Nick. We would like to investigate this matter further. When you have a moment, please reach out to us for personalized support directly via phone at 1-888-905-7888. We're here to assist you!",2026-07-26T08:08:40
Disney+,com.disney.disneyplus,Entertainment,31239eca-aff5-4059-a107-b58cd2877585,Braxton Stein,1,,literally the worst app ever made. constantly buggy. maybe focus less on being an entertainment monopoly and more on getting any singular thing right.,0,26.12.1+rc1-2026.07.15,2026-07-25T20:31:00,,
Disney+,com.disney.disneyplus,Entertainment,26b1bafd-b6b1-4d69-a733-d098f2a9e3aa,Paul Ravey,1,,doesnt work,0,26.12.1+rc1-2026.07.15,2026-07-25T19:40:28,,
Disney+,com.disney.disneyplus,Entertainment,2f2401b8-4ca0-4bbb-adf4-f419da6803fc,Dustintroy Carter,2,,"The experiences started out as fun and easy to watch later to turn into lag glitch, pixelations and constant episode skips without pressing buttons. Disney plus has done nothing but gone downhill since the Hulu update and all the shows skip too much for it to be enjoyable. fix your stuff before I stop paying for you again.",0,2.9.1-rc1,2026-07-25T19:06:51,,
Disney+,com.disney.disneyplus,Entertainment,0077758f-8d95-4257-9f7c-7b84cf0a4dcc,Bre R,1,,Downloaded several episodes of mickey mouse and friends for my child to use on a flight and could not even access the downloads during the flight.,0,26.12.1+rc1-2026.07.15,2026-07-25T18:45:35,,
Disney+,com.disney.disneyplus,Entertainment,f2de315e-fdac-485c-88bd-255c743d2e4a,Ethan Bourne,1,,"never works, always crashes, literally the worst content these days. this is the worst streaming service",0,26.12.1+rc1-2026.07.15,2026-07-25T18:20:09,"Hello Ethan! Sorry for the trouble. To resolve any app issues or playback trouble, please visit this article on the Disney+ help site titled (How to fix streaming issues). If still unresolved, contact us via chat or phone at 1-888-905-7888. We'd love to help!",2026-07-26T08:04:58
Disney+,com.disney.disneyplus,Entertainment,a8d82d20-eca3-40e8-b558-e34ff9024544,Stephan Grieger,1,,"Why CAN I NOT MANAGE MY SUBSCRIPTION? God this is a dreadful app. never mind, I'll unsubscribe from my pc",2,4.10.0-rc2-2025.06.27,2026-07-25T15:49:55,,
Disney+,com.disney.disneyplus,Entertainment,331be7c4-fcc5-4269-a28e-b76a56fa1ab4,Daniel Henry,1,,Have a setting to respect original audio! I do not want to have to keep selecting the audio! I want to be watching English series in English and Korean in Korean! Is that so damn hard to have as a setting!!!?,0,,2026-07-25T14:23:09,,
Disney+,com.disney.disneyplus,Entertainment,51fbfd72-1421-468c-9102-75983b07148f,Nanner (NANN3R),1,,the app won't even open up it just goes to the Disney splash screen and then crashes,0,4.16.0+rc3-2025.09.19,2026-07-25T13:31:38,"Hi Nanner! Sorry for the trouble. Please check if other devices are experiencing similar issues. Try clearing the app cache, reinstalling the app, and restarting your device. Ensure both the app and device are updated. For further assistance, please reach us at +1-888-905-7888. Thank you for your patience!",2026-07-26T08:02:53
Disney+,com.disney.disneyplus,Entertainment,35c9ff39-93ce-495a-a243-7644467667d3,Sara Early,3,,"Everytime my screen turns off it goes over to downloads and I have to move back over to recently watched and then click and search for the specific episode that I was on, and it sometimes doesn't even let me click on the proper season unless I close it all out and start over again. Very buggy lately.",0,26.12.1+rc1-2026.07.15,2026-07-25T13:31:21,,
Disney+,com.disney.disneyplus,Entertainment,a3537216-4671-4c4a-bb82-68572df82872,random person,2,,downloads are essentially useless,0,26.12.1+rc1-2026.07.15,2026-07-25T13:13:35,,
Disney+,com.disney.disneyplus,Entertainment,87bd8059-c4c9-4f68-948d-aa6f8679f47b,Seth,1,,Auto play takes a full minute,0,26.12.1+rc1-2026.07.15,2026-07-25T11:05:09,,
Disney+,com.disney.disneyplus,Entertainment,30678b4e-378d-4b4e-9056-887b7ed7644a,J.C. Ratliff,1,,"since yesterday I was not able to get video just audio on my valerian pro 2. I've gone through the steps of clearing the cache, uninstalling the app, but it still isn't showing an image. I'm thinking there was a bug in a recent update.",0,26.12.1+rc1-2026.07.15,2026-07-25T10:51:20,,
Disney+,com.disney.disneyplus,Entertainment,d4ba1252-2214-4560-a1b7-64973145d5de,Varun reddy,1,,Want to give 0 but there is no option. where the he'll are you pulling your age verification records from ? Don't you verify your user account ? And why is that Hulu or ESPN app which fall under your umbrella pull correct records for age verification and Disney + app doesn't?,0,26.12.1+rc1-2026.07.15,2026-07-25T10:26:36,,
Disney+,com.disney.disneyplus,Entertainment,f399cb74-3cb0-4823-b8cf-ad367ccce889,Jamie Hamilton,2,,"your access to this app is restricted. a parent or guardian may need to verify your age via their google account, I fix the age for Google account and Disney Plus but the same error please help.",0,,2026-07-25T10:24:33,,
Disney+,com.disney.disneyplus,Entertainment,115fbc0d-8003-45c4-8651-847c97692d4d,Ryan Garcia,1,,constantly buffers genuinely terrible,0,3.7.3-rc1-2024.09.27,2026-07-25T10:00:59,"Hello Ryan! Sorry for the trouble. To resolve any app issues or playback trouble, please visit this article on the Disney+ help site titled (How to fix streaming issues). If still unresolved, contact us via chat or phone at 1-888-905-7888. We'd love to help!",2026-07-26T07:53:25
Disney+,com.disney.disneyplus,Entertainment,6d1ea11d-c82f-4b7d-af66-1aa5b0025fb7,BC Hansen,1,,downloads are almost impossible to setup.,0,26.12.1+rc1-2026.07.15,2026-07-25T09:56:12,,
Disney+,com.disney.disneyplus,Entertainment,f5e28e80-2e92-408b-9bcc-74e0ffbbd53f,Andrew S,1,,app sucks. its own ads will cause it to crash. make you have to watch them over and over to just finish what you were already watching.,0,26.10.0+rc3-2026.06.13,2026-07-25T09:34:01,"Hello Andrew! Sorry for the trouble. To resolve any app issues or playback trouble, please visit this article on the Disney+ help site titled (How to fix streaming issues). If still unresolved, contact us via chat or phone at 1-888-905-7888. We'd love to help!",2026-07-26T07:32:05
Disney+,com.disney.disneyplus,Entertainment,390ce217-939b-4f46-8c8b-23c9bf1249d3,Taylor Montgomery,1,,it's not working properly and there is no good help tools.,0,26.12.1+rc1-2026.07.15,2026-07-25T09:30:27,,
Disney+,com.disney.disneyplus,Entertainment,8e908b1a-59fd-4158-9b08-492242f74318,Jason Williams,1,,awful,0,26.12.1+rc1-2026.07.15,2026-07-25T08:43:33,,
Disney+,com.disney.disneyplus,Entertainment,5e38f9f1-ebad-4f4d-8c18-d4c27744238f,Sarah Needom,2,,what has been up with this app lately? It constantly stops and watching anything is excruciating.,1,26.12.1+rc1-2026.07.15,2026-07-25T07:18:20,"Hello Sarah! Sorry for the trouble. To resolve any app issues or playback trouble, please visit this article on the Disney+ help site titled (How to fix streaming issues). If still unresolved, contact us via chat or phone at 1-888-905-7888. We'd love to help!",2026-07-26T07:19:53
Disney+,com.disney.disneyplus,Entertainment,ee9c9636-3af4-47ac-8240-36b5b8c60381,Josh Lane,5,,Disney Rules!,0,26.12.1+rc1-2026.07.15,2026-07-25T07:13:04,,
Disney+,com.disney.disneyplus,Entertainment,72f56eca-e754-42f8-adb6-7d9de08cffe8,Luke Blackketter,1,,it glitches on ads MX the viewing experience miserable,0,26.12.1+rc1-2026.07.15,2026-07-25T06:57:53,"Hello Luke! Sorry for the trouble. To resolve any app issues or playback trouble, please visit this article on the Disney+ help site titled (How to fix streaming issues). If still unresolved, contact us via chat or phone at 1-888-905-7888. We'd love to help!",2026-07-26T07:17:30
Disney+,com.disney.disneyplus,Entertainment,480cce65-86fe-41d7-a79c-af794a787622,Home Larota,1,,"err 142 all time, others apps work fine",0,26.12.1+rc1-2026.07.15,2026-07-25T06:23:01,,
Disney+,com.disney.disneyplus,Entertainment,5b902e80-0213-42ee-9c99-0aa2926ac2c1,Jesus Cossio,1,,"Aplicación horrible, de todas las apps de streaming esta sin duda es la peor cada vez que entras debes de iniciar sesión y a veces ni siquiera puedes iniciar. Pesimo servicio",0,26.12.1+rc1-2026.07.15,2026-07-25T05:34:33,"¡Hola, Jesus! Lamentamos leer que tienes inconvenientes para acceder a Disney+. Por favor, ingresa a este enlace: disneyplus.link/PowerCycle y disneyplus.link/TroubleshootApp. También nos puedes contactar vía chat o llamada en las opciones al final de la página, para brindarte una mayor asistencia. ¡Te esperamos!",2026-07-25T23:41:21
Disney+,com.disney.disneyplus,Entertainment,82002d6b-746a-4382-9bf5-098995475219,Lourdes BA,1,,terrible app I have the tcl TV and it doesn't work at all I asked for help like four times and no one could help me asking me that I needed more MBS like why??? I shouldn't be have to ask for more Wi-Fi more MBS just to watch this app it seems so unfair honestly I'm thinking about canceling my subscription cuz all I wanted was to work on TV .cuz what do they want me to do ?? watch it on the phone????terrible app terrible service terrible everything,0,26.12.1+rc1-2026.07.15,2026-07-25T04:43:15,,
Disney+,com.disney.disneyplus,Entertainment,4d01fd05-07b4-4e1f-aa4d-491e8b21c2ed,R. Crawford Campbell,1,,"the app has a buffering problem from the last update, every time we play anything it constantly pauses to buffer. we have reset the device turned off the TV completely, uninstalled the app, cleared the cache, every troubleshooting step we could think of. we even went into developer settings and it still does not work.this sucks fix it please",0,26.12.1+rc1-2026.07.15,2026-07-25T04:28:09,"Hello there! Sorry for the trouble. To resolve any app issues or playback trouble, please visit this article on the Disney+ help site titled (How to fix streaming issues). If still unresolved, contact us via chat or phone at 1-888-905-7888. We'd love to help!",2026-07-25T08:16:14
Disney+,com.disney.disneyplus,Entertainment,4407973b-a72a-4736-80f0-e8c10c5afcac,michel thelander,1,,off-line mode stopped working after latest update.,1,26.11.1+rc4-2026.07.03,2026-07-25T04:24:20,,
Disney+,com.disney.disneyplus,Entertainment,af35de47-2ae0-4e6a-a1ba-97b7f6887252,Angel,2,,reoccurring bill scam. after awhile won't let you manage account or change subscription forcing you into reoccurring bill scam it will charge one tier higher than the one agreed upon i did the 12$ one not im paying for the 20$ tier and my has my ads than youtube. it's scam,0,26.12.1+rc1-2026.07.15,2026-07-25T04:16:23,"Sorry for the trouble, Angel. We would like to investigate this matter further. When you have a moment, please reach out to us for personalized support directly via phone at 1-888-905-7888. We're here to assist you!",2026-07-25T08:20:03
Disney+,com.disney.disneyplus,Entertainment,4d89caf9-3f0f-4251-a995-a7c3f2cebd8c,Armando Ortiz,5,,its Disney. you get what you pay for.,0,26.12.1+rc1-2026.07.15,2026-07-25T03:37:32,,
Disney+,com.disney.disneyplus,Entertainment,dcc60338-0e14-432f-a2bc-f7e75713c888,Gambler Ezra,1,,Give me the ability to click WATCH CREDITS!!!! — HEY DISNEY WE WANT TO WATCH THE CREDITS! Especially since most shows have an AFTER CREDIT! Stop giving me a commercial at credits without letting me watch the credits!!!!!!!!!! — & LET ME MAKE PLAYLISTS,2,26.12.1+rc1-2026.07.15,2026-07-25T03:35:49,,
Disney+,com.disney.disneyplus,Entertainment,4a6dd5cc-643b-43db-96d6-8f8f5a219fa7,Christian Hale,1,,"Purposely downloaded a series before a flight so I could watch offline. When I opened the app shortly after take off it came up with an error message saying I did not have internet connection, with my only option being to retry. Nothing to allow me to go to downloads. Tried closing and re-opening the app but had the same situation",0,26.12.1+rc1-2026.07.15,2026-07-25T02:22:41,,
Disney+,com.disney.disneyplus,Entertainment,47c779e3-dcb5-422c-803f-a30014cfd70e,David Jalland,1,,"What is the point of being able to download, if every time you try to watch downloads it doesn't work. The whole point of being able to download is to watch on the go but Disney must have some ridiculous DRM in place. log in and ""Something went wrong"". absolutely useless as an app.",5,26.12.1+rc1-2026.07.15,2026-07-25T01:56:41,"Sorry to hear you're running into trouble, David! Please follow up with us via phone or chat. These options are found at the bottom of our help site. We look forward to hearing from you!",2024-12-02T20:39:50
Disney+,com.disney.disneyplus,Entertainment,1a1bf91d-a0b5-4a20-be68-711ed9f2a1c9,Nathan W,1,,"App has terrible playback. Lots of lagging, and rarely is able to keep your watch history correct. Lots of loading and other issues when ad breaks happen",0,26.12.1+rc1-2026.07.15,2026-07-25T01:26:28,"Hello Nathan! Sorry for the trouble. To resolve any app issues or playback trouble, please visit this article on the Disney+ help site titled (How to fix streaming issues). If still unresolved, contact us via chat or phone at 1-888-905-7888. We'd love to help!",2026-07-25T08:29:27
Disney+,com.disney.disneyplus,Entertainment,5072707e-a707-44ff-8ae4-930eb29b0a86,Zero0,1,,They shove as many adds down your throat as possible. tried to pay for the $20 (no adds) option then after it charged me said I need to upgrade an additional $10 for the add free version. When you look up online for new members they get the $20 add free version. You guys feel good about the $20 you conned off me? Your share holders happy about that one?,0,26.12.1+rc1-2026.07.15,2026-07-25T01:15:59,,
Disney+,com.disney.disneyplus,Entertainment,a27008e5-f2b0-44cd-b4f5-fe82f56e1ecd,Anthony “Gudda McMurda” Hill Jr.,5,,🔥🔥🔥🔥💯💯💯🚫🧢,0,26.12.1+rc1-2026.07.15,2026-07-25T01:10:40,,
Disney+,com.disney.disneyplus,Entertainment,c601b074-4d6f-43bd-a795-4dc648027b53,Vanessa Marie,1,,"you have to re-watch a bunch of bs ads that you already suffered through every time you rewind parts of the movies or shows you have missed (due to kids crying, getting laundry, checking on dinner ect.). On top of the app glitching out and restarting. With all the money Disney rakes in.. you'd think they would have a top tier streaming platform. Peacock doesn't even make you re-watch ads when you need to rewind parts of your shows and hardly ever interrupts your movies with a million ads.",0,26.12.1+rc1-2026.07.15,2026-07-25T01:06:06,"Hello Vanessa! Sorry for the trouble. Ads in certain subscription plans allow us to provide various options for different budgets. You may want to explore our No Ads plan for a seamless experience, available on our website or app. For more information, please check the article on the Disney+ help site. We hope this assists you!",2026-07-25T08:37:38
Disney+,com.disney.disneyplus,Entertainment,edd4b13d-cf23-46f7-ab30-e62c601bf5c0,Caitlin Frye,1,,"Absolutely horrible app. Of all the streaming apps, This one crashes CONSTANTLY. Always buffering, forgetting where I was when I pause, lagging picture. everything. trash",0,26.12.1+rc1-2026.07.15,2026-07-25T00:52:52,"Hello Caitlin! Sorry for the trouble. To resolve any app issues or playback trouble, please visit this article on the Disney+ help site titled (How to fix streaming issues). If still unresolved, contact us via chat or phone at 1-888-905-7888. We'd love to help!",2026-07-25T08:39:37
Disney+,com.disney.disneyplus,Entertainment,17381181-ceba-4121-b4eb-0e466b4f97e0,Kenneth Paquette,5,,tons of great streams binge watching like a warrior!,0,26.12.1+rc1-2026.07.15,2026-07-25T00:36:14,,
Disney+,com.disney.disneyplus,Entertainment,f74d69b9-2b70-4ae5-b423-59693e82f640,Seeker AllTrails,1,,hey I got the subscription specifically so that I can have downloads offline and now I suddenly can't watch them offline. why? no response from developers?,0,26.12.1+rc1-2026.07.15,2026-07-24T23:52:35,,
Disney+,com.disney.disneyplus,Entertainment,0d0ce2d5-9079-4c4c-897b-3bd8f3385136,Lew Thomas,5,,😎 cool,0,26.5.1+rc1-2026.04.08,2026-07-24T23:29:40,,
Disney+,com.disney.disneyplus,Entertainment,3610419b-de13-4166-b395-555a1721ebf7,Zaylee Samora,1,,this app just wants money from adds because I literally skipped forward 10 seconds on my video and it played an add and then again and again without even an add break near its honestly not even worth the money when you can watch the same thing for free on another app,0,,2026-07-24T22:48:13,"Hi Zaylee! Sorry for the trouble! This error typically appears when attempting to access Disney+ from a country/region where our service is currently unavailable. If Disney+ is available where you are located, double check to see if you have a VPN enabled. If the issue persists, please contact us directly at +1-888-905-7888. Hope that helps!",2025-07-27T01:51:39
Disney+,com.disney.disneyplus,Entertainment,abf2a39e-8670-4827-a52c-59a1166bdcd2,Josiah Vargas,5,,workes on my chrome good,0,26.12.1+rc1-2026.07.15,2026-07-24T22:13:24,,
Disney+,com.disney.disneyplus,Entertainment,30981e3b-7ee7-4ded-9437-b251ffc82555,Eli Ratledge,1,,There is A Bug After Finishing a Episode When You Try to Click the Button to Go to the Next Episode it Doesn't Work it's Just Gray Instead of White I Press the Button a Million Times and it Doesn't Work it Won't Go to the Next Episode You have to Turn Autoplay and Have it Play it Automatically It Happens About Every 3 or 4 Episodes You Can't Even Do it Yourself. Please Fix this Disney! Cause this is Getting Really Frustrating!,0,26.12.1+rc1-2026.07.15,2026-07-24T21:23:31,,
Disney+,com.disney.disneyplus,Entertainment,7e564c48-78e2-4436-aa3d-0f00caab3246,Alexander Thompson,5,,amazing app,0,26.12.1+rc1-2026.07.15,2026-07-24T21:12:46,,
Disney+,com.disney.disneyplus,Entertainment,d1a6dcc7-a29a-4c9e-ba80-1e9f986ce968,Geordon Narrow,1,,"Now requires network access to log in in order to watch downloaded media, defeating the point. Why download if not to watch offline? Makes the app nearly useless.",1,26.12.1+rc1-2026.07.15,2026-07-24T21:04:34,,
Disney+,com.disney.disneyplus,Entertainment,f6211abf-b44e-4e7a-936c-f7ec4fe1e7db,Amanda Whitcomb,2,,PLEASE FIX THE VOLUME ON ADS ! I'M TIRED OF MY SPEAKERS BLARING AND CONSTANTLY HAVING TO TURN IT UP AND DOWN !,0,26.12.1+rc1-2026.07.15,2026-07-24T20:16:12,"Hello! We appreciate your thoughts on the ad experience. Ads in certain subscription plans allow us to provide various options for different budgets. You may want to explore our No Ads plan for a seamless experience, available on our website or app. For more information, please check the article on the Disney+ help site. We hope this assists you!",2026-07-25T08:45:07
Disney+,com.disney.disneyplus,Entertainment,cfad1512-3b5a-4dce-907f-39de4299268c,Gene Best,5,,Yessir Mickey Mouse.,0,4.17.0+rc1-2025.09.30,2026-07-24T20:00:41,,
Disney+,com.disney.disneyplus,Entertainment,8e5e8815-757a-4986-abdc-3c964c2bd3e2,Alejandro Macagno,1,,"Muy mala. Horriblemente lenta, te saca del video al querer hacer cualquier cosa con el teléfono. No pareciera estar diseñada pensando en la gente. Quien sabe q estarían pensando los programadores cuando la hicieron....",0,26.7.0+rc4-2026.05.01,2026-07-24T19:30:23,"¡Hola, Alejandro! Sentimos los inconvenientes. Te compartimos el siguiente enlace con una guía para intentar solucionarlo: disneyplus.link/PowerCycle. Si la situación persiste, no dudes en contactarnos vía chat o llamada al final de la página para revisar tu dispositivo. ¡Te esperamos!",2026-07-25T03:06:59
Disney+,com.disney.disneyplus,Entertainment,bc4c3154-2a50-42c7-bf07-4f5f18e6fabd,Csaba Progli,1,,what is the point of downloads if the app won't start offline...,0,26.12.1+rc1-2026.07.15,2026-07-24T19:04:06,,
Disney+,com.disney.disneyplus,Entertainment,2032e781-f952-4d78-81b3-81b3168b11fd,Lyssa Rivas,1,,I've had to create another account because it keeps saying access restricted.. none of my emails are age restricted.. I've called customer service and he said alot of customers are dealing with this however its not their fault ..,0,,2026-07-24T18:55:30,,
Disney+,com.disney.disneyplus,Entertainment,b9cc47bc-c279-434e-9882-00109319f690,malcolm turner,5,,easy,0,26.11.1+rc4-2026.07.03,2026-07-24T17:41:20,,
Disney+,com.disney.disneyplus,Entertainment,7e7d08af-7795-4168-be2c-5b33900c7baf,RETROMANIAC 720,1,,have added forced sometimes unskippable ads for their other content between episodes. downloading for offline viewing is completely pointless as it automatically signs out after just a few episodes requiring you to reconnect to internet amd sign in,0,26.12.1+rc1-2026.07.15,2026-07-24T17:35:12,,
Disney+,com.disney.disneyplus,Entertainment,3720f2ff-bec8-4c87-8746-ff863284224d,Jonathan Charlery,3,,"ok but needs an improvement for managing downloads. I travel a lot and I usually download shows on different streaming platforms to watch when I'm disconnected. however on Disney you need to be connected to the internet for the app to let you even see your downloads which makes no sense. if I was connected then I wouldn't be downloading shows. netflix, prime and apple TV all figured this out already",1,26.12.1+rc1-2026.07.15,2026-07-24T14:58:22,,
Disney+,com.disney.disneyplus,Entertainment,2f6fa32d-bcaf-4a89-8548-d8fd4242f81e,Audrey Benson,1,,"Last few days app keeps bugging out, constantly getting errors like 9 and 143 saying I'm not connected and logging out - on 2 different devices. what's going on?",1,26.12.1+rc1-2026.07.15,2026-07-24T14:36:08,,
Disney+,com.disney.disneyplus,Entertainment,f7c30d6c-a3e5-41a3-bece-b97de3ac4a4c,Nazma Begum,4,,love the lock.feature but the zoom in and out setting is annoying either it's too stretched out can't see the heads or to narrow,0,26.12.1+rc1-2026.07.15,2026-07-24T13:29:17,,
Disney+,com.disney.disneyplus,Entertainment,d4eb23fe-ee2d-4207-983a-7bcf7248fc4d,Δημήτρης Πέτρου,1,,Με αυτή την πολιτική που έχει το disney+ να πρέπει να πληρώνω έξτρα μέλος για να βλέπω σε 2 συγκεκριμένες τηλεοράσεις (σπιτι και εξοχικό) καθώς η ενημέρωση οικίας έχει ορισμένες χρήσεις. Δεν υπάρχει περίπτωση να κάνω αγορά συνδρομής!,0,26.12.1+rc1-2026.07.15,2026-07-24T11:52:15,,
Disney+,com.disney.disneyplus,Entertainment,102f765a-a692-4915-9891-bfa62f0c8798,Chris Hodson,4,,edited after update fix,0,26.12.1+rc1-2026.07.15,2026-07-24T11:03:17,,
Disney+,com.disney.disneyplus,Entertainment,ee99c2e7-99a6-4942-add3-ec1a8c354581,Tracey Tapley,1,,Unable to log in. Get a error about internet connection. Even on the smart TV. I've tried my mobile on cellular data and other wifi and same error. I've tried deleting and reading. Still not working,1,26.12.1+rc1-2026.07.15,2026-07-24T10:48:00,,
Disney+,com.disney.disneyplus,Entertainment,b34863fc-db12-4c9b-ade2-245876f69fe0,Ethan Spondon,5,,I have a problem when I signed in it says almost there I don't see create an account it says complete subscription when I go to the website and enter code it says I need to complete subscription.,0,4.3.0-rc3-2025.03.25,2026-07-24T10:31:22,,
Disney+,com.disney.disneyplus,Entertainment,ba8ccd55-9437-4cdb-8f27-f841b4e7d61f,Mike Rubalcava,5,,"I absolutely luvs this, well worth it. 👍👍",0,26.10.0+rc3-2026.06.13,2026-07-24T10:06:47,,
Disney+,com.disney.disneyplus,Entertainment,1201b229-8ffe-40d3-9726-d8d471cae172,MR J,5,,lovin' the new dedication to Android app and in Aruba ❤️,0,26.12.1+rc1-2026.07.15,2026-07-24T09:45:57,,
Disney+,com.disney.disneyplus,Entertainment,54e829f4-96ad-4b7f-ac13-ddfdda165502,Raekwon Savage,5,,love it get to watch all my child hood shows ☺️love it love it,0,26.12.1+rc1-2026.07.15,2026-07-24T08:52:34,,
Disney+,com.disney.disneyplus,Entertainment,fb762f24-c32a-44fa-a492-0589d94936fd,Janis Harris,5,,I love All the Different Selection of Movies that Disney Offer,0,,2026-07-24T08:50:27,,
Disney+,com.disney.disneyplus,Entertainment,f517645b-05c2-4bd1-956a-3dac44d7d8b0,William Jahns,1,,"Every day I pray that I get hit by a bus and wake up back in 1999, so I can go to a Blockbuster, and rent movies without having to deal with all these miserly dystopian streaming apps.",1,26.12.1+rc1-2026.07.15,2026-07-24T08:34:54,,
Disney+,com.disney.disneyplus,Entertainment,190c38d6-5b62-42e1-976f-02e44a61832e,Zackary Pearce,3,,I love this app but it just doesn't allow me to use it all the time for no reason?,1,2.25.2-rc3,2026-07-24T07:34:08,,
Disney+,com.disney.disneyplus,Entertainment,bae2a1d2-f034-43cf-ace8-5dd03d8c7258,jhonatan felipe segura pinto,1,,"it's so stupid to pay $5 for the service and have to watch a total of 4 minutes of ads in a movie, I'm cancelling now",0,26.12.1+rc1-2026.07.15,2026-07-24T07:21:06,,
Disney+,com.disney.disneyplus,Entertainment,b6804023-7b7f-4f90-814d-8148ea8ab608,Mariia Fedorova,1,,Too many ads,0,26.12.1+rc1-2026.07.15,2026-07-24T06:32:39,"Hello! We appreciate your thoughts on the ad experience. Ads in certain subscription plans allow us to provide various options for different budgets. You may want to explore our No Ads plan for a seamless experience, available on our website or app. For more information, please check the article on the Disney+ help site. We hope this assists you!",2026-07-25T09:20:34
Disney+,com.disney.disneyplus,Entertainment,c14cdc84-4365-4ec4-b314-a24c77259955,Pitbull,1,,"cost to high service too little! They charge way too much for this hulu/disney bundle its just not worth it. I pay for Netflix , nothing for Tubi, Pluto or Peacock and dont have a fraction of the problems i have with hulu and disney. THEY ARE JUST NOT WORTH IT!!",0,,2026-07-24T06:18:53,,
Disney+,com.disney.disneyplus,Entertainment,26da61eb-1c71-4035-94c5-899b26cc5baa,David Ferrao,1,,"The company is so greedy for money, that they add ads every five minutes. I'm spending more time watching them, rather than the movie. Terrible experience for family night.",0,4.20.2+rc1-2025.12.09,2026-07-24T05:55:06,"Hello! We appreciate your thoughts on the ad experience. Ads in certain subscription plans allow us to provide various options for different budgets. You may want to explore our No Ads plan for a seamless experience, available on our website or app. For more information, please check the article on the Disney+ help site. We hope this assists you!",2026-07-25T08:55:54
Disney+,com.disney.disneyplus,Entertainment,12ab5dfe-d025-440b-ac0f-5a174004935b,Luh Mon,5,,best app ever,0,26.12.1+rc1-2026.07.15,2026-07-24T05:47:05,,
Disney+,com.disney.disneyplus,Entertainment,5c2103f0-d0df-4480-9849-547e7cfb39a7,Thomas Gordon,1,,Recently Disney Plus my TV and all my handheld devices. it will not buffer. it plays for a couple minutes and then buffers plays for minutes and buffers. this is getting ridiculous for something I pay for.I have tried all the trouble shooting it happens on all devices no matter what. please fix this now,0,26.12.1+rc1-2026.07.15,2026-07-24T05:21:06,"Hi Thomas! Sorry for the trouble. To resolve any app issues or playback trouble, please visit this article on the Disney+ help site titled (How to fix streaming issues). If still unresolved, contact us via chat or phone at 1-888-905-7888. We'd love to help!",2026-07-24T08:09:04
Disney+,com.disney.disneyplus,Entertainment,1b01cecb-f2b5-4ebc-9a4a-2cc2a1dddb85,DaveKoehler1992,1,,app sucks,0,26.11.1+rc4-2026.07.03,2026-07-24T04:29:22,,
Disney+,com.disney.disneyplus,Entertainment,c7756a9a-0fed-4a3c-822b-96c157ea555e,Joe Craig,1,,"Ad free on not, 2 minutes of media followed by 2 minutes of buffering. terrible.",0,26.12.1+rc1-2026.07.15,2026-07-24T04:29:16,"Hi there! Sorry for the trouble. To resolve any app issues or playback trouble, please visit this article on the Disney+ help site titled (How to fix streaming issues). If still unresolved, contact us via chat or phone at 1-888-905-7888. We'd love to help!",2026-07-24T08:11:44
Disney+,com.disney.disneyplus,Entertainment,c24300b6-5568-426c-b1ff-1d6cd20d264f,John Swipas,1,,"The language choices work sometimes, don't work other times and, sometimes, both languages are audible. Also, the Screen Reader is on, even though ""off"" has been selected, narrating the movie or program. Please advise me as to how I might fix these issues. I am an American living in Mexico City who speaks English with some Spanish. My girlfriend is Mexican, predominantly speaking Spanish but, also, English.",1,26.12.1+rc1-2026.07.15,2026-07-24T03:56:03,,
Disney+,com.disney.disneyplus,Entertainment,1911d3d1-ef36-4c5d-8d47-e71147555f10,Alejandro Langarica,1,,"La aplicación saca error 9 y no pasa de la pantalla con el logo, tanto como en celular como en Android TV Streamer 4K, pague el mes y literalmente ni siquiera se puede usar",0,26.12.1+rc1-2026.07.15,2026-07-24T03:25:09,"¡Hola, Alejandro! Sentimos las molestias y queremos conocer más detalles de tu caso. Te invitamos a que nos escribas o nos llames en nuestro centro de ayuda: disneyplus.link/ContactUs. Te ayudaremos por estos canales oficiales a analizar lo ocurrido con este error. ¡Te esperamos!",2026-07-24T04:42:33
Disney+,com.disney.disneyplus,Entertainment,9ba4e8b0-d655-4ed0-b29e-8c19d0c5dcf6,Mohammad Ali,1,,keeps logging me out every day,1,26.12.1+rc1-2026.07.15,2026-07-24T03:17:20,,
Disney+,com.disney.disneyplus,Entertainment,850ef076-3a18-41ba-b82e-13a50b4e9641,Haruka,1,,"I subscribed to this about 3 days ago to watch the movies I need to see before Avengers: Doomsday comes out, and for those 3 days the app hasn't worked, not on my phone, not on the TV, not on any other device, not a single time",0,26.12.1+rc1-2026.07.15,2026-07-24T02:51:17,"Hello, Haruka! We apologize for the inconvenience. We would like to provide you with a better service. Please visit the following link: disneyplus.link/ContactUs, where you can contact us by chat or phone call. We'll help you to check the situation in more detail. Have a good one!",2026-07-24T05:45:47
Disney+,com.disney.disneyplus,Entertainment,280215a9-c513-4223-93e7-579c26cfb0c6,Marc Bertoncini,1,,Im paying for this and it doesnt allow me to sign in. For the 3rd time im dumping this app for the same reason. Ive learned my lesson,1,26.9.1+rc1-2026.06.04,2026-07-24T02:14:14,,
Disney+,com.disney.disneyplus,Entertainment,d8397a56-4b25-4a8d-88e5-9b9508e97eba,Alvaro Castañeda,1,,"Literal compré la suscripcion de Disney Plus para ver el Tour de France. y ni una sola vez lo pude ver porque la app no sirve y jamás me pudieron resolver el asunto. Pésimo, ni mi dinero gastado.",2,26.12.1+rc1-2026.07.15,2026-07-24T02:06:01,"¡Hola, Alvaro! Sentimos las molestias y queremos conocer más detalles de tu caso. Te pedimos que nos escribas o nos llames nuevamente en nuestro centro de ayuda: disneyplus.link/ContactUs. Te ayudaremos por estos canales oficiales a analizar lo ocurrido con tu dispositivo. ¡Te esperamos!",2026-07-24T07:13:40
Disney+,com.disney.disneyplus,Entertainment,5a846999-d46e-4d5e-a4f8-534bb9d549dc,Haley Zebrayard,1,,"It is horrible if you chose the year plan. It made me pay even more after I cancelled my subscription, even tho I payed a lot already and it was a mistake. I got charged for 5 months plus, just because I watched some movies. YET AGAIN I ALREADY PAYED THE YEAR PLAN. NEVER BUY THAT ONE PLEASE. I am sick of this, I subscribed on December 2, payed 82.34 EUROS. AND THEN got charged with 41.17 EUROS PLUS.. WHAT THE ACTUAL HECK. I already cancelled after I accidentally payed the 82.34 euros.",0,,2026-07-24T01:51:16,,
Disney+,com.disney.disneyplus,Entertainment,9073bbde-aa0b-4aaf-b296-c793d2003506,Eaion Eldridge,1,,"Consistently the worst major streaming app I've ever used. Crashes very often and for some reason it keeps deciding one of the two TVs in my apartment are not a part of my ""household"" and wants me to pay for an entire new account instead of providing the service I have already paid for. I will be cancelling and I will make sure my kids know how disappointing Disney has become - considering the only thing we watch is Bluey, not even a Disney product. Would give zero stars if I could.",1,26.12.1+rc1-2026.07.15,2026-07-24T01:17:22,,
Disney+,com.disney.disneyplus,Entertainment,edb3c725-7f1a-46d7-8c6f-0f446d4374b5,Matthew Wright,1,,This movie is horrible nonsense,0,26.4.0+rc4-2026.03.25,2026-07-24T01:14:43,,
Disney+,com.disney.disneyplus,Entertainment,2b033490-2087-4b1c-a4ae-9f4b76682cff,Tomas Abarca,1,,demasiados anuncios,0,26.12.1+rc1-2026.07.15,2026-07-24T01:04:04,,
Disney+,com.disney.disneyplus,Entertainment,0c14dbf4-0383-4bdc-9422-6f6529859b6c,Stephen Dermody,5,,easy to find out about your family roots,0,26.12.1+rc1-2026.07.15,2026-07-24T00:58:43,,
Disney+,com.disney.disneyplus,Entertainment,937aa8a3-31e0-4e28-baa3-fae3e3968b11,J L,1,,"Extremely Buggy! I have updated, deleted and re-downloaded this app multiple times and still only get an error code. I downloaded movies for a trip, and as soon as I opened the app I was logged out, after being logged in for months. I had to go to a place with wifi just to log back in to use the downloaded movies. Its not a reliable app!",0,26.12.1+rc1-2026.07.15,2026-07-23T23:41:32,,
Disney+,com.disney.disneyplus,Entertainment,78844810-100f-4487-a20c-44e96b636f75,Claudia “Amara Ambrosia” Unzueta,1,,I can not watch my downloads off line. Why? what's the point of being able to download something if I can not watch if I don't have wifi,0,26.11.1+rc4-2026.07.03,2026-07-23T23:36:42,,
Disney+,com.disney.disneyplus,Entertainment,b9941a41-ba47-40b3-97f4-faf8f4515741,R Brand,1,,"menus, recommendations suck, constant commercials with fast forward or rewind",0,,2026-07-23T22:28:09,,
Disney+,com.disney.disneyplus,Entertainment,4d9c8a97-073e-483e-9590-5a4048263088,Dawit Fer,5,,"Full of Movie choices,,,,,",0,26.1.2+rc2-2026.02.23,2026-07-23T21:59:48,,
Disney+,com.disney.disneyplus,Entertainment,96812ae0-b2b9-4126-bd77-a7701f9f9ad4,Brandon Wical,5,,add more episodes daily for example miraculous has chained titans and dirtifiers,0,26.12.1+rc1-2026.07.15,2026-07-23T21:20:22,,
Disney+,com.disney.disneyplus,Entertainment,ecdf0758-870c-4884-8bf4-63130078361a,Megan Boone,1,,constantly buffers- too many commercials now causes performance issues,0,26.12.1+rc1-2026.07.15,2026-07-23T21:17:30,,
Disney+,com.disney.disneyplus,Entertainment,17fb64ec-58b1-4cb6-bce4-fe9b19a7cfe6,Sonia Medina,5,,Great job,0,26.7.0+rc4-2026.05.01,2026-07-23T20:58:38,,
Disney+,com.disney.disneyplus,Entertainment,44ecf252-b544-47cf-b9f1-cd5c3b6d0a82,Dennis Wra,1,,Way too expensive for only a small library. It's really not worth it.,1,26.12.1+rc1-2026.07.15,2026-07-23T20:36:10,,
Disney+,com.disney.disneyplus,Entertainment,985fd8f8-aebc-416f-a476-075fb28a578d,Cheyanna Tester,1,,"Seriously, ridiculous.. just watched the same ad 5 times in a row and then shut down the app and had to watch 2 more minutes of ads.",0,26.12.1+rc1-2026.07.15,2026-07-23T17:50:00,"Hi Cheyanna! Sorry for the trouble. Please check if other devices are experiencing similar issues. Try clearing the app cache, reinstalling the app, and restarting your device. Ensure both the app and device are updated. For further assistance, please reach us at +1-888-905-7888. Thank you for your patience!",2026-06-08T05:34:16
Disney+,com.disney.disneyplus,Entertainment,7fddf89a-54c8-42a6-b9d0-9e660b93c7ee,Cameron Hancock,1,,Consistently having error and can't even play downloaded content without coming up with an issue,0,26.12.1+rc1-2026.07.15,2026-07-23T17:45:58,,
Disney+,com.disney.disneyplus,Entertainment,bf4fb14d-144c-4dfd-9940-66d07f037127,Brian Hall,2,,"App is terrible on Sony Bravia TVs. It buffers for 15 - 20 seconds every 10 - 15 minutes. This is the ONLY app that I have this problem with. My Internet speed is far sufficient to not cause buffering. Netflix, Prime, etc. all work fine in full 4K w/ HDR with no buffering ever, but the Disney+ app always buffers multiple times per hour when watching something. I also use the Disney+ app on a Roku in another room, and it works fine on that device. Seems to be a problem with the app on Sony TVs.",0,26.12.1+rc1-2026.07.15,2026-07-23T17:43:35,,
Disney+,com.disney.disneyplus,Entertainment,1b9f7bef-3199-435e-b264-d1f44113f08b,MrLetsride2384,1,,waste of money. lack of new content.,1,,2026-07-23T16:22:13,,
Disney+,com.disney.disneyplus,Entertainment,2c1b7cee-4155-433c-9aa3-c85c665b8c51,Jesse Brady,1,,why do I gotta pay more to download shows to watch offline whenever I still need Internet to load up Disney and Disney starting to just suck bc all the shows I downloaded are slow on the speaking when someone is talking or fighting like a old Chinese movie so wats the point of downloading anything and then it restarts my show randomly and keeps randomly making me go back to certain episodes at this point just refund me if the issue gonna persist y'all one of the biggest if not most paid apps,1,26.12.1+rc1-2026.07.15,2026-07-23T16:00:53,,
Disney+,com.disney.disneyplus,Entertainment,d033b5db-463f-441c-b91f-9667b247e383,Jennifer Wright,5,,its awesome. so many shows,0,26.12.1+rc1-2026.07.15,2026-07-23T15:17:52,,
Disney+,com.disney.disneyplus,Entertainment,fe3f3af5-cdf2-4c27-9197-ffd0f9de253a,Chris Culpepper,1,,the Disney Plus app only uses 5.1 volume output and the app will not let you change it. so if you're like me and you watch it on your phone using headphones you will not be able to hear it loud enough. I will keep it a one-star review until that gets fixed on their end,2,26.12.1+rc1-2026.07.15,2026-07-23T14:16:51,,
Disney+,com.disney.disneyplus,Entertainment,021552b4-fcaa-485d-8778-2227d55125d8,James [JLo],4,,"Yesterday I recieved and added the latest Google Home Speakers (pair) to my Google TV (latest model), at first it worked but now the Disney+ app refuses to play video. All other apps work fine and Disney+ still works on my phone on the same WiFi... Possibly somting to do with DRM and HDCP handshake? Does anyone else have this, and is there a way to resolve it? Edit: Well something has been updated and now the audio works! not sure what but rating updated!",3,26.12.1+rc1-2026.07.15,2026-07-23T13:57:17,,
Disney+,com.disney.disneyplus,Entertainment,3142055b-dcfd-4f85-a1cc-0f0a966f7f13,Noah Sutton,4,,owl house is pretty good ngl,0,26.12.1+rc1-2026.07.15,2026-07-23T13:45:52,,
Disney+,com.disney.disneyplus,Entertainment,3700c0db-2588-4d0b-a756-ebef6a7ff0ac,Matthew Wrigley,1,,"you might want to fix the issue of content loading up as black screens with no visuals, just sound. I don't want to listen to your content as an audio drama. fix your app!!!",1,26.12.1+rc1-2026.07.15,2026-07-23T13:00:33,,
Disney+,com.disney.disneyplus,Entertainment,62d74660-6ad4-4deb-a728-4673b2e8f8d4,Alun Richards,4,,"great except for off-line usage, app refuses to load if i don't have a connection. whats the point of downloading if I cant use the app",1,26.12.1+rc1-2026.07.15,2026-07-23T12:59:06,,
Disney+,com.disney.disneyplus,Entertainment,c6595443-5ecc-4c40-8792-d4a74e54eb2b,Amare Brown,1,,can't watch movies I wanna watch like marvel zombies,0,26.12.1+rc1-2026.07.15,2026-07-23T11:31:36,,
Disney+,com.disney.disneyplus,Entertainment,5ec0cf35-d5f6-4f56-a07b-fa724bb56830,Shauni Smith,5,,i love Disney,0,26.12.1+rc1-2026.07.15,2026-07-23T11:07:19,,
Disney+,com.disney.disneyplus,Entertainment,a88cfe2b-a393-4e78-b584-b4b1bad7bc25,Marco,2,,I downloaded some episodes to watch during a flight just to discover the app doesn't work without a wi-fi connection. why do you even have downloads if people cannot watch them offline?,0,26.12.1+rc1-2026.07.15,2026-07-23T10:59:37,,
Disney+,com.disney.disneyplus,Entertainment,6f9f6c21-b677-4491-8dc5-1dc4d870c38e,DonteiMustDie,1,,"I don't even bother with reviews, but this app is so trash, I'm pissed off enough to make one. Lags every 1 to 5 minutes and has to buffer, regardless of the device or how strong your internet is. Turns a 2 hour movie into 3. Utter trash. Find a different way to watch this stuff.",1,26.12.1+rc1-2026.07.15,2026-07-23T10:31:52,,
Disney+,com.disney.disneyplus,Entertainment,ec3c6c85-049f-4d40-95e6-f0df77274c0f,Anita Bascelli,2,,Serious streaming problems right now. Cannot get on Hulu either.,0,26.6.0+rc5-2026.04.21,2026-07-23T10:27:20,,
Disney+,com.disney.disneyplus,Entertainment,0834d483-10be-4832-a4f4-e374b6da5da5,Matt Purple,3,,"please fix the resume movie feature, when I come back to the app and click resume on a movie I was in the middle of it just restarts it instead",1,26.12.1+rc1-2026.07.15,2026-07-23T09:46:33,,
Disney+,com.disney.disneyplus,Entertainment,c569993c-08d2-4ff7-b68b-ce0f968b6874,Zachary burrage,2,,"why when I don't have Internet, can I not access my downloads as isn't that the point?",1,26.12.1+rc1-2026.07.15,2026-07-23T09:41:18,,
Disney+,com.disney.disneyplus,Entertainment,b77d356e-168c-4f17-bfd1-ca096fa5b4f9,Andy Hummel,1,,Worked for awhile and then became unusable. Tried everything and still won't stream. Cancelled my subscription because of this app.,0,4.16.0+rc3-2025.09.19,2026-07-23T09:03:08,,
Disney+,com.disney.disneyplus,Entertainment,6baf38c4-1322-4e17-848f-30e20ec780ba,jose cisneros,2,,"besides tons of advertising, now Spanish language is from Spain, not Latino. I rather to buy Blu-ray instead",0,26.12.1+rc1-2026.07.15,2026-07-23T07:51:23,,
Disney+,com.disney.disneyplus,Entertainment,d29f398f-9722-4afe-ab43-c629d3c4b706,nick miller,1,,"The app can not keep track of where you were in an episode and crashes constantly. If I wanted to watch 15 minutes of ads on a 30 minute show, I'd get Spectrum",1,26.12.1+rc1-2026.07.15,2026-07-23T07:22:32,"Hi Nick! Sorry for the trouble. Please check if other devices are experiencing similar issues. Try clearing the app cache, reinstalling the app, and restarting your device. Ensure both the app and device are updated. For further assistance, please reach us at +1-888-905-7888. Thank you for your patience!",2026-07-24T08:41:28
Disney+,com.disney.disneyplus,Entertainment,a80cc9d1-c7e9-47c3-b881-c1bef4f61247,Katelyn Barenz,2,,slow and constant issues,0,26.12.1+rc1-2026.07.15,2026-07-23T07:01:41,"Hi Katelyn! Sorry for the trouble. To resolve any app issues or playback trouble, please visit this article on the Disney+ help site titled (How to fix streaming issues). If still unresolved, contact us via chat or phone at 1-888-905-7888. We'd love to help!",2026-07-24T08:37:44
Disney+,com.disney.disneyplus,Entertainment,81ff7893-43de-4260-b6eb-11152a292e75,Laura Lutz,5,,I love this app,0,26.12.1+rc1-2026.07.15,2026-07-23T06:41:32,,
Disney+,com.disney.disneyplus,Entertainment,1b0375e8-9c65-4efe-ba52-8bc1c4e25104,Allison Hill,3,,"I can play the first two seasons of Futurama on my steam deck, and my Samsung tv. but I get an error code 39 on both my Ipad 6th gen, and my Galaxy s24 Ultra. Both through the mobile app. It plays fine on the other devices except those two.",0,26.12.1+rc1-2026.07.15,2026-07-23T06:27:17,,
Disney+,com.disney.disneyplus,Entertainment,6dbf75c8-07c8-40fc-873d-8c7f8ed122dd,Craig Holman,1,,garbage,0,26.12.1+rc1-2026.07.15,2026-07-23T06:02:20,,
Disney+,com.disney.disneyplus,Entertainment,42521683-5f4c-45d9-ad42-77464f966bb5,John Felder- Washington,1,,fix your app Disney,0,,2026-07-23T05:59:53,"Hi John! Sorry for the trouble. Please check if other devices are experiencing similar issues. Try clearing the app cache, reinstalling the app, and restarting your device. Ensure both the app and device are updated. For further assistance, please reach us at +1-888-905-7888. Thank you for your patience!",2026-07-24T08:27:19
Disney+,com.disney.disneyplus,Entertainment,2562d5f1-8365-41db-855e-a1d123ace820,Jacob Shellenbarger,5,,a lot of good movies 😁🎥😁🎥,0,26.11.1+rc4-2026.07.03,2026-07-23T05:39:08,,
Disney+,com.disney.disneyplus,Entertainment,ea68b2e2-f71b-4116-a81a-fbde674c36c0,Tara George,1,,This app is designed to rage bait you. it will have you entering your card details over and over claiming your payment has failed but it's them. don't bother with it.,0,26.12.1+rc1-2026.07.15,2026-07-23T05:26:38,,
Disney+,com.disney.disneyplus,Entertainment,97fdafa1-ab9b-49c8-95d2-0b5ca3f3fcbc,Matt Coleman,1,,"honestly i think this app is garbage. for the amount of money they make they would figure out how to hold it on a device or tv. like wow constantly being booted out, then it expects you to login from your computer. are you well who owns a computer now a days. my smart tv is my computer. too many bugs, and don't get me started on casting thats a.joke. maybe ill just dump my account and watch netflix.....",1,26.12.1+rc1-2026.07.15,2026-07-23T04:38:34,,
Disney+,com.disney.disneyplus,Entertainment,108068cf-e874-4eec-b271-3619ef5e8b42,Justinn Rubiano,1,,"Doesn’t load episode or movie past Disney Animation once you’ve hit play.  Already tried rebooting, uninstalling, reinstalling, deleting data, and cache, in the Sony Bravia settings but it does not fix the issue.  Sometimes it will work randomly but is less of an occurrence.",0,,2026-07-23T04:24:37,,
Disney+,com.disney.disneyplus,Entertainment,d0b17edd-cb02-4181-8198-8bf8e3ffcb20,P C,1,,"It is incredibly stupid that I can't open the app without an Internet connection, making ""downloaded"" content utterly meaningless. Every other streaming service has figured out how to make an ""offline mode"" work, why can't the biggest entertainment company do it?",1,26.12.1+rc1-2026.07.15,2026-07-23T03:29:05,,
Disney+,com.disney.disneyplus,Entertainment,cf7bd4a1-a15b-4c99-bba0-7f860d30d12b,Ella,5,,I really enjoy disney plus but it does take a while for the English version of some anime series I watch to come out i can be a patient person but if it takes to long then I get impatient so if u could add the English version of the anime series faster that'd be great! aside from that nothings wrong!,0,26.12.1+rc1-2026.07.15,2026-07-23T03:10:16,,
Disney+,com.disney.disneyplus,Entertainment,07f9b9fe-f33e-47ed-b3ed-112fe02da5e0,Michael Brogan,5,,good,0,26.12.1+rc1-2026.07.15,2026-07-23T03:04:24,,
Disney+,com.disney.disneyplus,Entertainment,46032442-6071-4a9b-899f-3291dab360ef,Evh Celaya,1,,"tengo semanas sin poder ingresar me dice que hay un error y solo en mi TV lo puedo ver, no lo puedo ver en mis otros dispositivos",0,26.12.1+rc1-2026.07.15,2026-07-23T02:00:34,"¡Hola, Evh! Sentimos todas las molestias que mencionas y queremos conocer todos los detalles. Te invitamos a que nos escribas o nos llames en nuestro centro de ayuda: disneyplus.link/ContactUs. Te ayudaremos por estos canales oficiales a analizar lo ocurrido con este error. ¡Te esperamos!",2026-07-23T08:56:33
Disney+,com.disney.disneyplus,Entertainment,45fe5639-547c-4391-9ea5-4310fd523e25,DeJuan Brown,3,,"Can't screencast from my phone, an error message keeps popping up",0,4.4.1-rc1-2025.04.10,2026-07-23T01:28:51,"Hi DeJuan! Sorry for the trouble. Please check if other devices are experiencing similar issues. Try clearing the app cache, reinstalling the app, and restarting your device. Ensure both the app and device are updated. For further assistance, please reach us at +1-888-905-7888. Thank you for your patience! patience!",2026-07-23T06:37:11
Disney+,com.disney.disneyplus,Entertainment,661ab5a2-9444-48f0-84d7-806c36d5183a,Tidus Grady,1,,"when im watching something it'll go to ad and when it comes back the screen will be blacked out which makes me have to close it and when I get back it'll make me watch 2 or 3 more ads, it just happened again so I rewind it and it brought me straight to 3 more ads two time in a row.",0,26.12.1+rc1-2026.07.15,2026-07-23T01:22:24,"Hi Tidus! Sorry for the trouble. Please check if other devices are experiencing similar issues. Try clearing the app cache, reinstalling the app, and restarting your device. Ensure both the app and device are updated. For further assistance, please reach us at +1-888-905-7888. Thank you for your patience! patience!",2026-07-23T06:40:47
Disney+,com.disney.disneyplus,Entertainment,fb95bf40-2ab5-437b-9d30-f0eb59d76999,Rhy T,1,,"honestly this app hardly ever works for me its extremely frustrating it says I dont have internet connection, or its unable to play previously downloaded shows/movies I sincerely hope they start working on fixing the issues with the app",0,,2026-07-23T00:40:36,,
Disney+,com.disney.disneyplus,Entertainment,120a9655-b244-4ad1-b661-2e3396c8d635,Sarah Stoker,1,,shocking,0,2.5.0-rc1,2026-07-22T23:07:04,,
Disney+,com.disney.disneyplus,Entertainment,d5c4955d-c449-4123-ac3b-1401e7540130,Brian Engard,1,,"Truly a terrible app. The only reason I put up with it is to watch the handful of things they have they I actually want to watch, but the ads are some of the worst I've ever experienced and the app's stability is terrible. What's extra great is, if the app crashes in the middle of an ad, or you have to pause and the screen times out, you start the entire 2-minute ad block over again. Beyond that, 3-4 2-minute ads in a half hour show is pretty gross.",0,26.12.1+rc1-2026.07.15,2026-07-22T23:06:10,"Hello! We appreciate your thoughts on the ad experience. Ads in certain subscription plans allow us to provide various options for different budgets. You may want to explore our No Ads plan for a seamless experience, available on our website or app. For more information, please check the article on the Disney+ help site. We hope this assists you!",2026-07-23T06:52:22
Disney+,com.disney.disneyplus,Entertainment,16c5e916-1204-41fb-8fe8-a79b4625dea3,AJ Snead II,1,,"Waaaay too many ads. It's one thing to have 2-3 ad breaks in a 20minute show. It's down right disrespectful to have 4, 3minute ad breaks, all showing the same ad. Then there's the fact that this app is damn near impossible to enjoy outside of being at home on WiFi and even then it takes too long just to load either the show or the ads, usually both. Sitting here looking at a spinning circle on a black screen for 10 minutes.",0,26.12.1+rc1-2026.07.15,2026-07-22T22:04:34,"Hello! We appreciate your thoughts on the ad experience. Ads in certain subscription plans allow us to provide various options for different budgets. You may want to explore our No Ads plan for a seamless experience, available on our website or app. For more information, please check the article on the Disney+ help site. We hope this assists you!",2026-07-23T06:57:08
Disney+,com.disney.disneyplus,Entertainment,37f11161-e39d-4ed0-a045-66345aa76999,Tato Lugo,5,,I love Disney thank you 😊 🙏🏾 💗,0,4.16.0+rc3-2025.09.19,2026-07-22T21:11:33,,
Disney+,com.disney.disneyplus,Entertainment,3430574b-cda9-43d9-8d29-37f15524b942,Lisa Greenlee,5,,its fine but I've seen all the approprite things,0,26.12.1+rc1-2026.07.15,2026-07-22T21:00:38,,
Disney+,com.disney.disneyplus,Entertainment,9c828292-7a8f-45b0-bf84-33dcd81729ea,Michael Paulus,1,,"Won't let me use multiple tvs in the same household, says different household, even though we pay for it",0,4.21.1+rc3-2026.01.06,2026-07-22T20:51:06,,
Disney+,com.disney.disneyplus,Entertainment,9900a974-03b9-499c-a807-7638845c83e9,Angus The Doge,1,,"Says ""Access restricted age check required."" EVERY time I go to open the app it wont even let me pass the log in. I dont know what age they think I am, to the point I cant even open the app, Mind you I am an adult. The app also said ""If this is an error go fix it in your google settings"" Maybe be more specific. Anyway, Ive tried everything, the only thing that's worked is airplane mode. Please fix yalls bugged app.",0,26.12.1+rc1-2026.07.15,2026-07-22T18:54:12,"Sorry for the trouble, Angus. We would like to investigate this matter further. When you have a moment, please reach out to us for personalized support directly via phone at 1-888-905-7888. We're here to assist you!",2026-07-23T07:00:56
Disney+,com.disney.disneyplus,Entertainment,5f9e8855-ed6e-4324-a040-2b18dc9c845d,Bryant Harvey,1,,awfully optimized app,0,26.12.1+rc1-2026.07.15,2026-07-22T18:46:02,,
Disney+,com.disney.disneyplus,Entertainment,643403ea-fd94-4333-9af8-08ca81264be9,Jenna,5,,love bart Simpson,0,,2026-07-22T17:37:26,,
Disney+,com.disney.disneyplus,Entertainment,9667e16f-98d2-45cb-89fa-f2277570ad8b,Jonathan Watson,1,,disney is garbage now says all these movies are on there but isn't people are paying for sloppiness not worth getting anymore,0,26.10.0+rc3-2026.06.13,2026-07-22T17:20:20,,
Disney+,com.disney.disneyplus,Entertainment,c6007d3f-3106-407b-b6eb-75331ea3d2b3,Pat Morrissey,1,,"No longer works on Sony Bravia 2015. Disney's boilerplate support advice of clearing data, reinstalling, hard-resetting TV does not work. Time to cancel the subscription.",0,26.12.1+rc1-2026.07.15,2026-07-22T16:08:50,,
Disney+,com.disney.disneyplus,Entertainment,a9386c39-e791-4e3b-81e5-6965969911ad,Massiel Sanchez Giles,5,,thanks Disney for every day that makes my child hood amazing from Cameron Giles and when I'm older can you stream my first anime called reboot god pls and thank you,0,26.11.1+rc4-2026.07.03,2026-07-22T11:19:09,,
Disney+,com.disney.disneyplus,Entertainment,3d414475-4e98-45b3-bb74-9f675e4592f9,Katie,1,,way too many long unskippable ads,0,26.12.1+rc1-2026.07.15,2026-07-22T09:49:52,"Hello! We appreciate your thoughts on the ad experience. Ads in certain subscription plans allow us to provide various options for different budgets. You may want to explore our No Ads plan for a seamless experience, available on our website or app. For more information, please check the article on the Disney+ help site. We hope this assists you!",2026-07-23T07:09:37
Disney+,com.disney.disneyplus,Entertainment,f7a26be5-e277-4b8e-a467-9cb4c84c6994,Twinkrl B.,1,,"What's the point of offline downloads if you can't access them offline? I'm in an area with limited Internet and the app is terrible for this. I downloaded episodes in advance : sometimes the app doesn't launch, or it logs me out even when I've logged in 1 hour ago, sometimes it shows an error code, or a generic error message (no code). Most of the time I can't access my downloads. When I can, they WILL buffer. When they don't buffer, the won't start playing. Disneyplus is not reliable",1,26.12.1+rc1-2026.07.15,2026-07-22T09:11:38,,
Disney+,com.disney.disneyplus,Entertainment,71111664-8ac5-4f17-9025-ea922c0ba499,Luicel Haziel Trasviña Castro,2,,"Ya me habia suscrito antes y volvi hacerlo pero no puedo iniciar secion en mi cel y en mi tv, aparece error 9 y la app nunca carga, puedo iniciar secion en otros dispositivos pero no en los que uso comúnmente",1,26.12.1+rc1-2026.07.15,2026-07-22T08:57:30,"¡Hola, Luicel! Sentimos las molestias y queremos conocer más detalles de tu caso. Te invitamos a que nos escribas o nos llames en nuestro centro de ayuda: disneyplus.link/ContactUs. Te ayudaremos por estos canales oficiales a analizar lo ocurrido con este error. ¡Te esperamos!",2026-07-23T01:17:24
Disney+,com.disney.disneyplus,Entertainment,a262d8cc-9601-47e4-8653-ea9f291a3008,Bridget Anderson,1,,"Ripoff. you don't get to watch anything that is supposedly available on disney plus. also I'm paying for no ads, but there are ads. when i try to rewind even 10 seconds it makes me watch the ads again. disney thunks very highly of themselves :|",1,26.12.1+rc1-2026.07.15,2026-07-22T08:34:59,,
Disney+,com.disney.disneyplus,Entertainment,0fe4f568-f8e0-434c-a24a-0c613d3a5972,Dirk Crocker,2,,I just want to restart a series. I don't want my progress saved. I'm so tired of manually rewinding.,0,26.12.1+rc1-2026.07.15,2026-07-22T08:25:43,,
Disney+,com.disney.disneyplus,Entertainment,6238fd7b-7e82-40ae-b11f-48b1d3fab614,Dan M,3,,"Yo Disney, my screen locks out and when I unlock your app has a connection error. Do you want to be quality or do you want to be mid like everyone?",0,26.12.1+rc1-2026.07.15,2026-07-22T07:47:49,,
Disney+,com.disney.disneyplus,Entertainment,9fc1c753-f848-4099-8bf2-f457045d0116,Sean Grossnickle,2,,"The app has a really hard time downloading things, and if you leave the screen it stops downloading. It will also unexpectedly close and will not save my spot in videos.",1,26.12.1+rc1-2026.07.15,2026-07-22T07:20:27,,
Disney+,com.disney.disneyplus,Entertainment,63cf3fb8-3680-44e6-837c-d7ee0e706c29,Jay Garcia,1,,the video and audio stuck and become out of sync in all the movies.,1,26.12.1+rc1-2026.07.15,2026-07-22T06:21:09,"Hello, Jay! We are so sorry for any issue caused with our platform. We invite you to contact one of our customer service agents to provide you with more personalized assistance and to review your case. You can do so by entering the following link: disneyplus.link/ContactUs. We'll be waiting for you!",2026-07-23T03:16:23
Disney+,com.disney.disneyplus,Entertainment,b4636222-225c-4b8e-9fc7-c33379a82072,Brandon Alberhasky,1,,Nothing but constant buffering across all devices. Please FIX!!!,1,26.12.1+rc1-2026.07.15,2026-07-22T05:46:39,"Hello Brandon! Sorry for the trouble. To resolve any app issues or playback trouble, please visit this article on the Disney+ help site titled (How to fix streaming issues). If still unresolved, contact us via chat or phone at 1-888-905-7888. We'd love to help!",2026-07-23T07:19:20
Disney+,com.disney.disneyplus,Entertainment,b0a3af3e-7976-48cf-8888-4fe65bbc8634,Stacey Swan,5,,"variety of content, easy to navigate- love this app",0,26.12.1+rc1-2026.07.15,2026-07-22T05:14:35,,
Disney+,com.disney.disneyplus,Entertainment,275eb781-f54e-44dc-a487-6dc095564f50,RiCo,3,,"Why do all films queued for download download simultaneously? So stupid! I don't watch TV shows simultaneously, I watch them one at a time, so they should download one at a time. Disney throttles the download speed and the app frequently sleeps due to Android power management. This means that if you start to download three films it will take ages before any one film is 100% downloaded. 🫠😣 But don't worry, you'll be able to watch the first half of ALL of them. 🤷🏼‍♂️🤷🏼‍♂️🤷🏼‍",1,26.12.1+rc1-2026.07.15,2026-07-22T04:05:49,,
Disney+,com.disney.disneyplus,Entertainment,f4735958-be23-4437-a29c-e1c4052327e7,Christy Stynes,1,,cant log in to disney on my samsung tablet,0,26.12.1+rc1-2026.07.15,2026-07-22T03:46:26,,
Disney+,com.disney.disneyplus,Entertainment,ea5e78dc-4a43-46ad-b34b-fec1659b2920,Lynn Burgess,3,,"I will have perfect data signal and it will lag and sometimes say I don't have Internet, but it has great shows/movies and the price is great too",0,26.6.0+rc5-2026.04.21,2026-07-22T03:32:32,,
Disney+,com.disney.disneyplus,Entertainment,97558167-a7a2-4bff-9af0-3a70cc48f7b8,Amanda Pierce,2,,Removing the a-z search option ruined the whole platform. Half the time titles won't load. Thanks for screwing up something that was totally fine.,0,26.12.1+rc1-2026.07.15,2026-07-22T02:31:05,,
Disney+,com.disney.disneyplus,Entertainment,5ccd8ca2-307b-48f0-92f0-bf1c49900ac6,Morgan Buss,4,,so im on a laptop and everytime I try to get into my disney it always stays on the loading screen and it is very annoying,0,26.12.1+rc1-2026.07.15,2026-07-22T01:54:47,"Hi Morgan! Sorry for the trouble. Please check if other devices are experiencing similar issues. Try clearing the app cache, reinstalling the app, and restarting your device. Ensure both the app and device are updated. For further assistance, please reach us at +1-888-905-7888. Thank you for your patience!",2026-07-23T07:23:21
Disney+,com.disney.disneyplus,Entertainment,521c1b5a-7285-43d7-9192-d01aac857100,Holly Argent,4,,I like Disney Plus Walt Disney made another Disney for kids and when I was six Disney Junior shut down I just want you to please get it back up because I've always liked using that app so please get it back 🙏,0,,2026-07-22T01:40:30,,
Disney+,com.disney.disneyplus,Entertainment,63ace59e-baeb-4933-a5ae-808686b485b6,Jonathan Bermudez,5,,It's great for when you want to sit back and binge dozens of Nat Geo docuseries/documentaries in a day.,0,26.12.1+rc1-2026.07.15,2026-07-22T00:35:06,,
Disney+,com.disney.disneyplus,Entertainment,ca3dfed5-0d96-416b-9ee5-196f321a0d7a,Roy Body,3,,"It's okay for a month or two, but then you've watched everything and have to go away from it for like 6 to maybe 12 months.",0,26.11.1+rc4-2026.07.03,2026-07-22T00:03:36,,
Disney+,com.disney.disneyplus,Entertainment,017ff1b8-e286-4d94-9ae9-d7150a706a59,Lorena Sigala,1,,can you Fix the player video when I continue watching & Aspect Ratio that I had in the past months & the seeker box on the downloads on Mobile please?,0,26.12.1+rc1-2026.07.15,2026-07-21T21:41:02,,
Disney+,com.disney.disneyplus,Entertainment,660138dc-4768-4e75-8c18-04996de0c3e6,Christina Quistgaard,4,,iam having trouble connecting to disney plus all together at times on and off the disney plus logo gose on but it still buffering geting prepared to open but i still only see the disney logo and moving circle on the screen,1,26.12.1+rc1-2026.07.15,2026-07-21T21:35:50,"Hello Christina! Sorry for the trouble. To resolve any app issues or playback trouble, please visit this article on the Disney+ help site titled (How to fix streaming issues). If still unresolved, contact us via chat or phone at 1-888-905-7888. We'd love to help!",2026-07-23T07:28:29
Disney+,com.disney.disneyplus,Entertainment,331eef61-7527-4d34-9449-59b68ab07ca0,Red,1,,just dont bother.,0,26.12.1+rc1-2026.07.15,2026-07-21T20:59:54,,
Disney+,com.disney.disneyplus,Entertainment,7182aeac-e9c7-4b19-bfc2-60957e491631,Dale Bryant,1,,"constantly pausing for no reason, so I'm constantly not getting to finish what I started. Doesn't matter if I'm wifi, or full bars with 5g, took over 5 minutes to watch the 2 minute trailer for doomsday. Loved Hulu before Disney got involved, was a great app, but now LITERALLY EVERY APP EXCEPT THIS ONE WORKS. paramount no problems Amazon no problems Netflix no problems Disney 3 1/2 hours to watch a 90 minute movie.",1,26.12.1+rc1-2026.07.15,2026-07-21T19:10:50,"Hello Dale! Sorry for the trouble. To resolve any app issues or playback trouble, please visit this article on the Disney+ help site titled (How to fix streaming issues). If still unresolved, contact us via chat or phone at 1-888-905-7888. We'd love to help!",2026-07-23T07:57:41
Disney+,com.disney.disneyplus,Entertainment,00be4d52-d2f9-49b5-b1e2-5176ba545833,James Rushe,1,,"The app keeps logging me out, gives an error code, every time I pause a movie.",0,26.12.1+rc1-2026.07.15,2026-07-21T18:04:43,"Hi James! Sorry for the trouble. Please check if other devices are experiencing similar issues. Try clearing the app cache, reinstalling the app, and restarting your device. Ensure both the app and device are updated. For further assistance, please reach us at +1-888-905-7888. Thank you for your patience!",2026-07-23T08:00:45
Disney+,com.disney.disneyplus,Entertainment,0053a270-4cd5-48fc-95d6-7550c50abeb2,Cassidy aubin,1,,if it's made by or Disney owned it should be on here don't be cowards,0,26.12.1+rc1-2026.07.15,2026-07-21T13:30:49,,
Disney+,com.disney.disneyplus,Entertainment,f0fdc2c1-688b-4d95-8211-fa2c4183f9d5,Allan Chiang,1,,"Keeps buffering. Impossible to watch, stops for ten seconds to load every five seconds. Other streaming platforms run smoothly except Disney+. Very disappointed. Also the 1080p resolution is very blurry.",0,26.7.0+rc4-2026.05.01,2026-07-21T12:40:46,,
Disney+,com.disney.disneyplus,Entertainment,2d08a813-23b5-4d5e-88ee-f7dd74aeb9f2,Sharon Mallett,1,,horrible app,0,26.12.1+rc1-2026.07.15,2026-07-21T12:28:08,,
Disney+,com.disney.disneyplus,Entertainment,4e5909ac-26d1-4113-a848-c3e055b0b663,John Long,3,,",1pp",0,26.12.1+rc1-2026.07.15,2026-07-21T12:12:49,,
Disney+,com.disney.disneyplus,Entertainment,5d8b729b-f8d4-414c-89f3-ba9c1aa8f5dd,_teamren,1,,Good thing we pay to avoid commercials. Ridiculous.,0,26.12.1+rc1-2026.07.15,2026-07-21T12:11:45,,
Disney+,com.disney.disneyplus,Entertainment,19581252-dc98-4b16-a681-1a277b4f6ac4,Tyrone Powyszynski II,2,,"used the mobile app for years but now it just green screens for every show/movie. I've uninstalled, cleared app cache. Nothing seems to work.",0,26.12.1+rc1-2026.07.15,2026-07-21T12:01:47,"Hi Tyrone! Sorry for the trouble. Please check if other devices are experiencing similar issues. Try clearing the app cache, reinstalling the app, and restarting your device. Ensure both the app and device are updated. For further assistance, please reach us at +1-888-905-7888. Thank you for your patience!",2026-07-23T08:03:48
Disney+,com.disney.disneyplus,Entertainment,d2933370-d0b5-4d05-b598-63a87a606082,Iris Rivera,5,,WOW,0,26.12.1+rc1-2026.07.15,2026-07-21T10:16:00,,
Disney+,com.disney.disneyplus,Entertainment,5eedcdbf-5f50-4215-8531-998c9c6d3a8c,A C (Tmbspro),1,,"ill stop watching a video and when i resume it, it will rewind a few mins and replay ads that just played for me. it also keeps loading and freezes every movie ive tried watching this week. fire stick app does the same thing. Update, i lowered the resolution and still buffers. also when i back out of a movie, it wont resume. instead it starts over and makes me watch ads again every time.",1,3.10.0-rc4-2024.11.15,2026-07-21T09:46:36,"Hello there! Sorry for the trouble. To resolve any app issues or playback trouble, please visit this article on the Disney+ help site titled (How to fix streaming issues). If still unresolved, contact us via chat or phone at 1-888-905-7888. We'd love to help!",2026-07-23T08:07:03
Disney+,com.disney.disneyplus,Entertainment,482947a6-2a02-48f9-9250-2645ac14fd09,Ramon Beltran,1,,(Error Code 9) I can't sign in. help!!,0,26.12.1+rc1-2026.07.15,2026-07-21T09:41:52,"Hello, Ramon! We're so sorry to read about this, and we appreciate your report. We recommend you take these steps: https://disneyplus.link/PowerCycle. If the situation persists, please contact us via chat or call using the options at the bottom of the page. Best regards.",2026-07-22T00:36:46
Disney+,com.disney.disneyplus,Entertainment,319bad5a-e70f-47aa-996a-a14f68c72b7e,M Garcia,1,,buffer's too much,0,,2026-07-21T09:39:02,"Hello there! Sorry for the trouble. To resolve any app issues or playback trouble, please visit this article on the Disney+ help site titled (How to fix streaming issues). If still unresolved, contact us via chat or phone at 1-888-905-7888. We'd love to help!",2026-07-23T08:10:23
Disney+,com.disney.disneyplus,Entertainment,669537e3-08f4-4232-8bb1-6358f721d475,Frank Zach,1,,worthless bug filled app,1,26.12.1+rc1-2026.07.15,2026-07-21T09:19:36,,
Disney+,com.disney.disneyplus,Entertainment,b329adef-e427-4f11-9970-52808d10d393,Hernando Salazar,1,,"De lo peor, ni siquiera la mitad de los partidos del mundial los transmitieron y además la narración argentina es malísima...",0,26.12.1+rc1-2026.07.15,2026-07-21T09:01:53,"¡Hola, Hernando! Muchas gracias por escribirnos y sentimos las molestias generadas. Seguimos trabajando para ofrecerte el mejor entretenimiento. Te invitamos a dejarnos tu recomendación mediante este enlace: https://disneyplus.link/Feedback. ¡Feliz tarde!",2026-07-22T00:12:29
Disney+,com.disney.disneyplus,Entertainment,e0706be9-6502-4126-9516-d54f11680d2a,David Robinson,5,,awesome,0,26.12.1+rc1-2026.07.15,2026-07-21T08:21:37,,
Disney+,com.disney.disneyplus,Entertainment,452d5103-d9ff-45a3-8670-1aab2be2da2c,Jaylah Dorsey,2,,runs super slow,0,,2026-07-21T07:39:54,"Hello Jaylah! Sorry for the trouble. To resolve any app issues or playback trouble, please visit this article on the Disney+ help site titled (How to fix streaming issues). If still unresolved, contact us via chat or phone at 1-888-905-7888. We'd love to help!",2026-07-21T09:08:32
Disney+,com.disney.disneyplus,Entertainment,3ca3bf07-0b84-40b7-8a8c-62705430c9fb,Bryan Smith,1,,"Freezes on commercials constantly. You have to rewatch the commercial multiple times to get it to continue playing the show. With 4+ commercials in a half hour, it makes it unwatchable.",0,26.12.1+rc1-2026.07.15,2026-07-21T07:03:07,,
Disney+,com.disney.disneyplus,Entertainment,5858a806-f7d5-4379-a07d-ca72d9e11442,Noah Richardson,4,,it's great I love it so much but every time when It ends at the end credits when I get out of the movie it shows continue it frustrates me,0,26.12.1+rc1-2026.07.15,2026-07-21T06:23:09,,
Disney+,com.disney.disneyplus,Entertainment,40d4b751-d6e7-47b3-bf35-04fd8b8fdb0a,Nathan P,5,,Great,0,26.12.1+rc1-2026.07.15,2026-07-21T06:21:25,,
Disney+,com.disney.disneyplus,Entertainment,ecf2af3b-3643-45c3-8b0d-9ba1d49fea90,Guilherme Gil Moura,1,,"When one episode ends I don't have the option to hear the ending song stopping auto next with a button? When I try to go back a few seconds sometimes the app tells me this isnt available and I have to close and open the episode, proving it's a bug. The sound of different parts (like Crunchyroll vignette) are not well mixed and have improper volume causing startling noise before every ep. All that with a paid subscription that still forces 1+min ads on me?",1,26.12.1+rc1-2026.07.15,2026-07-21T05:49:37,,
Disney+,com.disney.disneyplus,Entertainment,4eb6baa3-ab9b-4bdb-a2ea-bfe645436ec6,Richard Koontz,5,,Great movie. We watch this over and over!,0,26.7.0+rc4-2026.05.01,2026-07-21T05:39:16,,
Disney+,com.disney.disneyplus,Entertainment,8a1d7e52-ac83-4380-be32-fc08b0e99714,Blue Seduction,1,,Your Disney plus channel sucks Customers always come first,0,,2026-07-21T05:20:57,,
Disney+,com.disney.disneyplus,Entertainment,c2cc022f-b832-44e1-8d4f-8f64dd8f7532,Lyle Turner,2,,"apps pretty good however the biggest problem is when you're using the app on a mobile device and it is on airplane mode/not connected to the internet. it will sometimes let you play downloaded shows, other times it starts to play then will cut off saying ""no internet connection"".",0,26.12.1+rc1-2026.07.15,2026-07-21T03:55:52,,
Disney+,com.disney.disneyplus,Entertainment,9a423f86-7c1b-4898-a2ae-14340cd59ee6,Martina Ibrahim,2,,why do I always have a problem logging in when I travel? frustrating!,0,26.12.1+rc1-2026.07.15,2026-07-21T03:36:06,,
Disney+,com.disney.disneyplus,Entertainment,2e3230cf-d08b-4a60-8a7d-748f17b5bb10,Daniel Conroy,2,,The selection of films and shows is impressive but the app doesn't always load on the TV. Netflix and prime load instantly but sometime it can be 2 or 3 days where the only thing that comes up is the disney logo but it won't go any further. total waste of money. there is no point in great shows if you can't see them,0,26.12.1+rc1-2026.07.15,2026-07-21T02:29:36,,
Disney+,com.disney.disneyplus,Entertainment,3ab2c6f1-5731-4e47-805f-429f16088612,Tony Baldwin,1,,too many adds and only works half the time without any errors,0,26.12.1+rc1-2026.07.15,2026-07-21T02:26:00,,
Disney+,com.disney.disneyplus,Entertainment,54606c4b-052e-4603-a8a9-3aeeb5a7e97c,William Fraser,1,,"What's the point in having downloaded content if the app logs you out when it goes offline? Also, why not let me sign in with a password and stop requiring the use of an emailed pass code? A password I have, an emailed pass code could be intercepted, which do you really think is more secure?",1,26.12.1+rc1-2026.07.15,2026-07-21T02:07:43,,
Disney+,com.disney.disneyplus,Entertainment,1acbcf4b-4b56-4ce9-90dd-0205af4c8023,Aaron Frank,1,,Someone seems to be asleep at the switch when it comes to syncing the audio and video for downloads of shows. I downloaded the newest season of King of the Hill today and the audio is several seconds ahead of the video. My speculation is that there's no accounting for the Hulu card at the start of the video. The audio goes straight into show's Hulu cards with the theme song and the video shows the green Hulu card. This is very annoying.,10,26.12.1+rc1-2026.07.15,2026-07-21T02:05:24,"Hello Aaron! To address the buffering issue, please check your internet connection by using the ""Internet connection tests"" article on our help site. If necessary, reset your router, reinstall the app, and confirm it's updated. For TVs or smart devices, unplug them for 30 seconds before reconnecting. If issues persist, reach out for more help.",2025-05-05T07:33:24
Disney+,com.disney.disneyplus,Entertainment,aa6b7020-b339-4144-9c9d-69054bba5575,M&O Enticknap,5,,love it,0,,2026-07-21T01:54:49,,
Disney+,com.disney.disneyplus,Entertainment,eab929d6-43b4-4bad-bc5f-fb36c7adf761,Ash J,3,,Great selection. Adverts are extremely forced. a very glitchy service though,0,26.12.1+rc1-2026.07.15,2026-07-21T01:35:36,,
Disney+,com.disney.disneyplus,Entertainment,514d1909-134a-4d37-a447-768b0eb3f500,jill twigger,1,,The skip forward and back is terrible when casting. Skip once and it moves half way through the programme! Terrible app.,0,26.12.1+rc1-2026.07.15,2026-07-21T01:09:41,,
Disney+,com.disney.disneyplus,Entertainment,7dd4da59-d50b-4281-8f87-a643859370c5,Danielle Wock,1,,unable to access downloads when offline.... the entire point of downloads is I'm not connected to WiFi,1,26.12.1+rc1-2026.07.15,2026-07-21T00:51:26,,
Disney+,com.disney.disneyplus,Entertainment,525970aa-782a-4bc2-a72e-372eab77a266,Myy x,1,,"Der einzige Streamingdienst, der dich jede zweite Woche ausloggt, obwohl du dich im gleichen Netzwerk wie immer befindest 😊. Absolut nutzlos",1,,2026-07-21T00:29:03,,
Disney+,com.disney.disneyplus,Entertainment,373036fb-a3e7-4831-be95-1020284faa4e,Cassie Bradley,5,,we live Disney soo much it helps us winde down at night,0,26.12.1+rc1-2026.07.15,2026-07-20T22:45:49,,
Disney+,com.disney.disneyplus,Entertainment,6aa9fb96-0528-44c2-bb3c-7705ee7930bc,Frank Daneluk,1,,"What a horrible app. At the end of every commercial the app locks up. You back out of the app to try to restart the show, it plays another commercial and guess what? Yep, locks up again. Clear cache, restart, still doing it. Unusable...",1,26.12.1+rc1-2026.07.15,2026-07-20T22:25:15,,
Disney+,com.disney.disneyplus,Entertainment,32a238e6-fe1d-4e63-a5d6-90d677539627,Jesse Pearson,4,,"great interface and movie options but they should fix the 10 second rewind issue,",0,26.12.1+rc1-2026.07.15,2026-07-20T21:34:38,,
Disney+,com.disney.disneyplus,Entertainment,cc7ba35f-eb02-4d44-a7a3-20b7a448cee5,Donna Meno,3,,I hated when I have to wait for the movie to upload or review.,0,26.12.1+rc1-2026.07.15,2026-07-20T21:11:25,,
Disney+,com.disney.disneyplus,Entertainment,418ef057-afe4-4661-bcda-85b46e43c8ed,REINA AM0RSITO,3,,"I like how it has some of the shows/movies I love to watch, the only problem is that it constantly kicks me out of my account and makes me sign back in, and that it sometimes doesnt load to let me see my downloads",0,26.12.1+rc1-2026.07.15,2026-07-20T17:06:30,,
Disney+,com.disney.disneyplus,Entertainment,cf11667d-cda2-402a-9a2b-b1bedf0b33a0,Patricia,1,,just a small company with a small app,0,26.12.1+rc1-2026.07.15,2026-07-20T15:59:35,,
Disney+,com.disney.disneyplus,Entertainment,2816776e-d5ed-4336-95f0-afbf0c9ac23f,Joug Bermudez,1,,it doesnt work in the TV apps thats why i cancelled it before and now i just give it a try and subscribed again but it still the same!!! its a waste of money,0,26.12.1+rc1-2026.07.15,2026-07-20T15:26:49,,
Disney+,com.disney.disneyplus,Entertainment,a2e22d99-1dae-4308-8410-be2a3b974c04,Brian Barlow,5,,it a great app to have at hand with kids,0,26.11.1+rc4-2026.07.03,2026-07-20T15:22:12,,
Disney+,com.disney.disneyplus,Entertainment,497d3abf-9c5d-4624-94f3-7c7e2aa22422,Leland Kilbourne,1,,ai trash,0,26.12.1+rc1-2026.07.15,2026-07-20T13:59:18,,
Disney+,com.disney.disneyplus,Entertainment,019eabd7-efb2-4f7a-9a8f-725ac8af4b16,John Clark,3,,"good content, too much buffering",0,26.11.1+rc4-2026.07.03,2026-07-20T13:54:16,,
Disney+,com.disney.disneyplus,Entertainment,702f1d80-7f09-4274-b882-ad19fff366b6,Stephen Grubbs,4,,"great offering of content. of the major streaming apps, this one is the most glitchy.",0,26.11.1+rc4-2026.07.03,2026-07-20T11:40:32,,
Disney+,com.disney.disneyplus,Entertainment,84205ed3-650b-4672-b9ce-d4548384aa32,Web Rev,1,,s×× app and system disgrace for a billion $ company. Makes me randomly log in and out after using and turning off a VPN. Super annoying.,1,26.12.1+rc1-2026.07.15,2026-07-20T10:57:52,,
Disney+,com.disney.disneyplus,Entertainment,c708a60f-f4da-4905-b71b-3da618252d87,Nancy R Juarez,5,,love it!,0,,2026-07-20T10:34:55,,
Disney+,com.disney.disneyplus,Entertainment,45846d1d-c415-4c6f-b963-4d237b595c1a,jeisson forero,1,,"This is the worst streaming platform because it has way too many ads. I was trying to watch a series, and I got up to five ads in a single episode. It's incredibly annoying. Honestly, I prefer Netflix over Disney. This is my first time subscribing to Disney, and it will definitely be my last. There are other streaming apps that are much better and have far fewer ads. I hate it. I'm giving it one star.",1,26.12.1+rc1-2026.07.15,2026-07-20T09:24:31,,
Disney+,com.disney.disneyplus,Entertainment,6b556134-13a6-41ed-ad0c-b897e43babc5,Fernanda,1,,doesnt work on ANY android device,0,26.12.1+rc1-2026.07.15,2026-07-20T07:45:16,"Hello, Fernanda! We're so sorry to read about this, and we appreciate your report. We recommend you take these steps: https://disneyplus.link/BrowserCache. If the situation persists, please contact us via chat or call using the options at the bottom of the page. Best regards.",2026-07-21T00:45:55
Disney+,com.disney.disneyplus,Entertainment,fde6e5d0-8041-484b-bb3c-3ffcfbed6eca,Matt Morrison,2,,Losing progress of partially streamed shows since last update. It goes back to the beginning. Super annoying.,0,26.12.1+rc1-2026.07.15,2026-07-20T07:30:02,"Hi Matt! Sorry for the trouble. Please check if other devices are experiencing similar issues. Try clearing the app cache, reinstalling the app, and restarting your device. Ensure both the app and device are updated. For further assistance, please reach us at +1-888-905-7888. Thank you for your patience! patience!",2026-07-21T09:25:04
Disney+,com.disney.disneyplus,Entertainment,d906d992-04bc-42bb-a557-8de27b88947d,Renee Smith,5,,love it,0,26.12.1+rc1-2026.07.15,2026-07-20T07:13:09,,
Disney+,com.disney.disneyplus,Entertainment,71681e79-94f5-48ee-8b76-f5205f97f4fc,Jason H.,1,,"The absolute worst experience trying to login and add devices. They need to allow manual input of passwords when their system constantly gets stuck and the prompt to add devices does not show up. Took over an hour to brute force our way into adding a single device. Also, stop forcing the app to open via Chrome.",2,26.12.1+rc1-2026.07.15,2026-07-20T06:58:28,,
Disney+,com.disney.disneyplus,Entertainment,6cfc5f62-27f6-4bbb-bc08-fd9f930e096d,Charles Keller,4,,farming life in another world has a second season but is not here,0,26.12.1+rc1-2026.07.15,2026-07-20T06:34:24,,
Disney+,com.disney.disneyplus,Entertainment,8cf9ab33-db37-4699-b08f-3288575becef,S,1,,"possibly the worst streaming app available, I get this for free and I am changing the benefit away from this ASAP. 3mins of ads!! ads just exit out of the app once completed instead of playing the content, or just lock your devices - both force you to restart the advert loop. thankfully there is minimal content worth watching so I rarely have to suffer through these dark patterns. sometimes you get to the end of an episode and it starts from episode 1?! simply put jank not worth it, worthless.",0,26.5.1+rc1-2026.04.08,2026-07-20T05:45:21,,
Disney+,com.disney.disneyplus,Entertainment,ea265d65-0bc1-4dbb-9099-3ace817e4a3e,Sammie Bammie,5,,i love how easy it is to find what you are looking for,0,26.11.1+rc4-2026.07.03,2026-07-20T05:34:06,,
Disney+,com.disney.disneyplus,Entertainment,76434149-9da6-4636-8a24-7d023cdc6051,Paul Harrington,1,,"It's appalling that in 2026, offline mode does not work. What's even the point of downloading episodes or movies, when it still requires a network connection",1,26.12.1+rc1-2026.07.15,2026-07-20T04:02:00,,
Disney+,com.disney.disneyplus,Entertainment,22b318a7-984b-4b67-831c-d9e82cb66302,Nathan Dubray,1,,cant log back in my account,0,4.21.1+rc3-2026.01.06,2026-07-20T03:49:13,,
Disney+,com.disney.disneyplus,Entertainment,418af43d-53fa-40f3-9f86-a9fe0de827eb,Kelle Rodriguez,5,,I have Verizon's it comes with my phone along with Netflix,0,26.12.1+rc1-2026.07.15,2026-07-20T03:46:59,,
Disney+,com.disney.disneyplus,Entertainment,455c7d16-8b96-4bce-9830-0e117a189646,Gaje Dayringer,2,,app is super buggy on my android,1,26.12.1+rc1-2026.07.15,2026-07-20T03:06:19,,
Disney+,com.disney.disneyplus,Entertainment,cd7764d7-296b-444e-ac27-029251cfeceb,xLarissa_,1,,"It lags so much at random times that it ends up freezing my TV, please fix!!",0,26.12.1+rc1-2026.07.15,2026-07-20T02:24:42,,
Disney+,com.disney.disneyplus,Entertainment,179af658-06e9-4022-8716-b427d1c37162,SUE JESCHKE,1,,it's TO HARD TO GET THE BUNDLE.!!!!!!!!!!!!!!!!!!!!!!!!!!!!!!!!!!!@!!!!!!!!!!!!!!!,0,26.12.1+rc1-2026.07.15,2026-07-20T01:55:41,,
Disney+,com.disney.disneyplus,Entertainment,0fcc7844-f684-4482-805d-289f03ca883f,Tim Lydick,1,,"This app is garbage. Restarts when in mid episode/movie and contantly buffers even when connected to high speed wifi. AND it never remembers where I left off....when app resets itself I have to start a movie over, or have to go ahead a few episodes where I last left off. I'm highly disappointed in this app AND the disney corporation in general. Uninstalling.....",2,26.12.1+rc1-2026.07.15,2026-07-20T01:05:23,,
Disney+,com.disney.disneyplus,Entertainment,974ec2e3-86d8-4591-800e-7ce33d2e9608,Ryan Lyle,1,,"Most recent update has now prevented me from downloading anything. Everything I doenload automatically asks me to ""Renew License"", and even after I tap it, it does not renew. And the only permissions I have are Location and Notifications, so I cannot access Storage as a permission. Please fix this.",1,26.12.1+rc1-2026.07.15,2026-07-20T00:47:57,,
Disney+,com.disney.disneyplus,Entertainment,130b8efa-fa2b-4454-8229-678b36c513f3,Dustin Craven,2,,cant figure out how to add funds to my account,0,26.12.1+rc1-2026.07.15,2026-07-20T00:39:43,,
Disney+,com.disney.disneyplus,Entertainment,c4b0f7d6-fff3-4aa7-9e49-62924ef2affe,Mairead MacNamara,3,,my Disney's working fine,0,26.11.1+rc4-2026.07.03,2026-07-20T00:09:08,,
Disney+,com.disney.disneyplus,Entertainment,9ad88ade-cb0e-4899-9be5-bf14a0f295d6,saskia hellings,1,,"this app dont work on my chromebook, im logged in on other devices but still wouldnt let me log in ive unistalled and installed so many times but again blocked my account on my laptop. i can log in on my phone and tv but it wouldnt on my laptop? what is going on ? not worth the time at all, it used to work but now wont work at all stupid really",0,26.12.1+rc1-2026.07.15,2026-07-20T00:05:26,,
Disney+,com.disney.disneyplus,Entertainment,e5b398d7-c02a-4822-9160-49def84fdd6b,Patrick Thomas,5,,I love this app,0,26.11.1+rc4-2026.07.03,2026-07-19T23:46:09,,
Disney+,com.disney.disneyplus,Entertainment,2d292b7f-038e-4cb4-a3b9-5848cb1a0224,James Dunegan,5,,good 👍,0,26.12.1+rc1-2026.07.15,2026-07-19T23:40:16,,
Disney+,com.disney.disneyplus,Entertainment,1efd4c1d-dca2-4ef0-b85c-290f3b8c7197,V. Whitley,5,,Grandchildren love Disney,0,26.12.1+rc1-2026.07.15,2026-07-19T23:21:34,,
Disney+,com.disney.disneyplus,Entertainment,dfcbcb8e-a781-4594-9ea2-63940d025543,Andy Lee,1,,"Estoy harta de que a cada rato se cierre la sesión y tenga que volver a entrar. Por favor, arreglen eso. Ahorita ya ni me carga, no puedo usar la app😭",0,,2026-07-19T23:11:01,"¡Hola, Andy! Sentimos los inconvenientes. Te invitamos a seguir los pasos sugeridos que encontrarás aquí: disneyplus.link/LoginIssues. Por otro lado, te compartimos un segundo enlace con diversas recomendaciones que podrías aplicar: disneyplus.link/PowerCycle. Contáctanos al final del enlace para más asistencia. ¡Saludos!",2026-07-20T06:41:02
Disney+,com.disney.disneyplus,Entertainment,2293ad31-086b-4a65-8025-a6b3f898f6ff,Encouraging Prayer's,5,,God is so good all the time Amen!,0,,2026-07-19T22:49:51,,
Disney+,com.disney.disneyplus,Entertainment,af49f478-0df3-487a-aa8f-51cbd6759dc5,Buster,1,,put a chicken in it .And make her gay.,0,4.21.1+rc3-2026.01.06,2026-07-19T22:48:06,,
Disney+,com.disney.disneyplus,Entertainment,e27fd525-e730-4a28-90b0-278158ddd2b4,Sean Smart,1,,don't support a media that decides what the public should and shouldn't hear. A communist company.,0,26.12.1+rc1-2026.07.15,2026-07-19T22:40:49,,
Disney+,com.disney.disneyplus,Entertainment,d4dbceef-5f24-4120-a593-662b236327ac,Robert Barnbrook,1,,"Offline playback while in airplane mode just causes the app to crash - won't let me watch any downloaded videos unless I'm online, totally useless function. Aspect ratios of videos also regularly jump around, just a small amount but enough to be annoying. Terrible mobile experience.",2,26.12.1+rc1-2026.07.15,2026-07-19T21:47:03,,
Disney+,com.disney.disneyplus,Entertainment,9d5872ff-11dc-4974-b3e1-e7a0c24a0132,Jeremiah,1,,I don't have an account,0,,2026-07-19T20:36:58,,
Disney+,com.disney.disneyplus,Entertainment,728dd33e-2a8f-422e-8e7f-965f1fdcba17,Caleb & Jaimee Gardner,1,,For a company worth literally billions of dollars you would think that they could spend a few bucks building an app that actually worked. For about six months now we haven't even been able to watch anything on this application whilst using it on our GoogleTV. Absolutely disgraceful!,2,26.12.1+rc1-2026.07.15,2026-07-19T17:59:45,,
Disney+,com.disney.disneyplus,Entertainment,f3591586-a5cc-457c-9c90-9a0b45582708,Duster Duster,5,,My mom uninstalled the app (it's default app),0,26.6.0+rc5-2026.04.21,2026-07-19T16:12:36,,
Disney+,com.disney.disneyplus,Entertainment,8143d350-d4dd-4a61-8816-d1a0099a285b,Zara H,5,,love this app so so so so much my fav app ever -Zara.H,0,26.7.0+rc4-2026.05.01,2026-07-19T12:47:53,,
Disney+,com.disney.disneyplus,Entertainment,21ffbffe-2fd3-4a9b-974b-b5771094bb11,Krish Thawani,1,,won't load :(,0,,2026-07-19T12:30:09,,
Disney+,com.disney.disneyplus,Entertainment,1ac87ed2-8cbf-4175-9cd2-a2630dd27ba4,Melvin Ross,5,,new episode if season 6 of Ladybug and cat noir are not on disney and I would like to know why haven't they added the new episodes,0,26.12.1+rc1-2026.07.15,2026-07-19T12:24:57,,
Disney+,com.disney.disneyplus,Entertainment,d54eb8ee-57c6-4e70-9135-2d690ba35789,Amoura,5,,"I can watch all of my favorite childhood shows now for free, and considering that I now have a new baby sister we can watch some of her favorite Disney Junior shows together! she currently really loves doc McStuffins so it helps that Disney plus offers all the shorts and the whole series. it's really been a life changer for us now that we don't have to go on the cable and wait for it to be on! ❤️❤️❤️",0,26.12.1+rc1-2026.07.15,2026-07-19T10:34:14,,
Disney+,com.disney.disneyplus,Entertainment,81d76516-3f99-473a-b1e9-b3a8be14b708,Victoria,1,,dude I'm going to fight this app. I have literally ALWAYS been able to use picture in picture with this app then suddenly it needs to update AND THAT FEATURE IS NOW NOT WORKING. will update this review if it gets fixed 🥰,1,26.12.1+rc1-2026.07.15,2026-07-19T09:47:26,,
Disney+,com.disney.disneyplus,Entertainment,ca797b86-1e71-43b4-94d1-4f41ada34655,Kj T,1,,annoying,0,26.12.1+rc1-2026.07.15,2026-07-19T08:55:16,,
Disney+,com.disney.disneyplus,Entertainment,0e968a7a-6f57-46e2-b635-f63ae4625190,Matthew Pullman,1,,WONT STOP AUTO PAUSING THE MOVIE,1,26.12.1+rc1-2026.07.15,2026-07-19T08:35:15,,
Disney+,com.disney.disneyplus,Entertainment,386e51d8-5f65-4f75-927a-a55daf13cf7b,Indiana Jade,1,,"If it wasn't required to have the app to watch on my phone when I commute, I would keep this app. It rarely saves where you're up to, frequently flags me as using a VPN or being in the wrong country when I'm not, as well as frequently glitching. They have also changed all help lines or questions to AI bots so no point trying to get help or give feedback.",3,26.12.1+rc1-2026.07.15,2026-07-19T08:30:33,,
Disney+,com.disney.disneyplus,Entertainment,6ffe6fbf-9cee-4af2-a045-e815f1a5b9a6,david kbilly7878,1,,won't cast,0,26.12.1+rc1-2026.07.15,2026-07-19T07:50:05,,
Disney+,com.disney.disneyplus,Entertainment,9764dc2c-a23b-4581-9c44-80b6092966ca,Ms Knucknuc K,4,,it was really good. I like it. no negative energy all positive,0,26.11.1+rc4-2026.07.03,2026-07-19T05:44:18,,
Disney+,com.disney.disneyplus,Entertainment,002a504d-cd26-4109-bcd2-c1ff04cce075,Lynna Marie,1,,can't even login on my TV. most frustrating streaming app.,1,26.12.1+rc1-2026.07.15,2026-07-19T05:43:35,,
Disney+,com.disney.disneyplus,Entertainment,ead87aaa-b987-4123-addd-02ead0593b8a,Michael Bernaud (BIG MIKE),1,,Still does not work on Google TV Streamer (videos do not play),1,26.12.1+rc1-2026.07.15,2026-07-19T04:42:30,,
Disney+,com.disney.disneyplus,Entertainment,14b3541b-9788-49f5-bcd8-00d93e2485f9,Kateryna Miroshnyk,1,,"What's the point of offline downloads if I can't reliably access them offline? I work on a cruise ship with limited internet, so I download shows in advance. Sometimes the app works offline, sometimes it throws Error 142 and won't even let me access my Downloads. The files are already on my phone, yet the app blocks me from watching them. Offline downloads should work 100% offline, without requiring an internet check. Until this is fixed, the feature cannot be relied upon.",1,26.12.1+rc1-2026.07.15,2026-07-19T04:29:59,,
Disney+,com.disney.disneyplus,Entertainment,bdaed7da-385d-492d-8ce5-b10ea0bf89db,John Doe,1,,they restart their ads,1,26.12.1+rc1-2026.07.15,2026-07-19T04:11:40,,
Disney+,com.disney.disneyplus,Entertainment,b9aaaf39-c9e2-4620-bae6-12104d762206,Julian Francis,1,,Can't access my downloads when I don't have Internet connection which defeats the whole purpose of it. It didn't use to be like this. I have no idea why they changed it.,1,26.12.1+rc1-2026.07.15,2026-07-19T03:53:20,,
Disney+,com.disney.disneyplus,Entertainment,1c45030a-95b3-4867-bd00-eebdc5f592d4,Pasman Gray,1,,extremely slow,0,,2026-07-19T02:16:50,,
Disney+,com.disney.disneyplus,Entertainment,77186168-80a5-4b9e-9936-40db4e51d300,Beatriz “Titi” Avila,5,,excelente manejo y servicio,0,26.12.1+rc1-2026.07.15,2026-07-19T01:27:28,,
Disney+,com.disney.disneyplus,Entertainment,93313450-53f3-4a4d-ae25-ce4b43708ab9,Christopher Spelman,2,,Ads every 3 minutes. Buggy UI Nothing works smooth as it should for Disney. I pay for a membership and I should not be forced to watch so many commercials. I wish they would give us the option to speed up watching but they would rather control all of our time. Such a letdown. The catalogue is the only reason it gets a 2⭐,6,26.12.1+rc1-2026.07.15,2026-07-19T01:06:58,,
Disney+,com.disney.disneyplus,Entertainment,b152a4f9-f5ec-46e6-9af8-a46e713e6c3b,maegan parker,5,,it's amazing I recommend this,0,26.12.1+rc1-2026.07.15,2026-07-19T00:30:59,,
Disney+,com.disney.disneyplus,Entertainment,d6742f46-de2b-4bbd-a84e-64d28a018ae3,angel mendez,3,,es una app buena pero no deja entrar a la app,0,26.12.1+rc1-2026.07.15,2026-07-19T00:24:22,,
Disney+,com.disney.disneyplus,Entertainment,17288385-547d-49c0-aee1-36240d3451c0,Vol,1,,"this is just horrible Going for a trip, I want to download movies for kids to watch in a car. And then that miserable excuse for an application decides that it's a great idea to require a network connection to relogin on the same device which was used a day before. I'm surprised someone is getting payed for it",1,26.10.0+rc3-2026.06.13,2026-07-19T00:19:52,,
Disney+,com.disney.disneyplus,Entertainment,bf153828-71d1-45c4-a0ef-dc097273d1da,Victor Chukwude,1,,make the app available in Africa region most especially Nigeria,1,,2026-07-18T23:55:30,,
Disney+,com.disney.disneyplus,Entertainment,3a6748f8-3857-41ca-bbf7-21061bb8b863,Renato Chu,1,,a quantidade de propaganda durante o conteúdo é um absurdo. pagar pra ver propaganda,1,26.12.1+rc1-2026.07.15,2026-07-18T23:13:43,,
Disney+,com.disney.disneyplus,Entertainment,1049f1cd-4232-4b7a-80d0-58cbe0de7e05,Kim Gardner,1,,it worked on my phone can see the episodes and now just shows a green screen and uninstalled it multiple times and updated it and everything still has a green screen. like I said was working at first now it's not,0,26.10.0+rc3-2026.06.13,2026-07-18T22:44:13,,
Disney+,com.disney.disneyplus,Entertainment,19c8871d-f998-430f-a841-9ddfa1f14d65,Nick Pease,1,,"Disney don't want you to stay safe on the Internet as the app does not work alongside a virtual private network. So ALL data can be sold, and all your personal information can be copied. VPNs have been around for over a decade, and they keep you safe. This speaks volumes about Disney as a company. When I deleted my account they claimed they would carry on charging me for 6 months. This is illegal as my account was less than 48h old. So by bank has blocked them.",0,26.10.0+rc3-2026.06.13,2026-07-18T22:23:41,,
Disney+,com.disney.disneyplus,Entertainment,1906f10e-0b05-40c3-b55c-def998b7d662,Jody R,1,,"July 14 update has stopped working altogether July 2026, works sometimes. Have to uninstall before trying to open the app. June 2026, still doesnt work with Sony TV. No longer works work Sony Bravia tv. The app won't open just freezes on the logo, tried reinstall, modem reset, hard reset of tv, cleared cache. All other streaming apps work",3,26.12.1+rc1-2026.07.15,2026-07-18T21:37:46,,
Disney+,com.disney.disneyplus,Entertainment,08c9ee31-2e71-48c1-b66c-a2c6fdf00d0a,Helen Curtis,4,,"I use this regularly and love it, but I think there is a glitch going on currently. I'm constantly having to verify my devices, I use the same device every time, nobody else is using it. I hate to do this multiple times a day.",0,26.12.1+rc1-2026.07.15,2026-07-18T18:27:28,,
Disney+,com.disney.disneyplus,Entertainment,95636db1-aeed-4603-b71a-dc1cf9f98f3d,Kevin Banks,1,,$18 was taken out of my account yesterday through Google to pay for Disney Plus. Today I get on the Disney Plus app and it says that my subscription is suspended due to having trouble with my payment...that has been paid. I've never had problems with anything until today. Highly disappointed. I just want what I paid for,2,26.12.1+rc1-2026.07.15,2026-07-18T18:03:39,,
Disney+,com.disney.disneyplus,Entertainment,d43a3119-599f-4b6a-981f-d4923a1a8e99,david castaneda,1,,Never works.,1,,2026-07-18T17:19:35,,
Disney+,com.disney.disneyplus,Entertainment,ad5a25bb-0f0f-457f-b519-3a6e47e599bb,Jess Kay,3,,Great shows but no memory for users. probably poorly beta tested and it takes more data to run than any of the other streaming apps,1,,2026-07-18T14:15:46,,
Disney+,com.disney.disneyplus,Entertainment,29b3eaf7-9821-455b-99ef-e6687b091f6c,Izaura Colunga,1,,"I paid for this subscription about 3 weeks ago and all I get is ""error 83"" so now I literally just gave my money for nothing. The virtual assistant doesn't help at all and when it finally decides I can get a human assistant, it doesn't go through. I've done everything I can... restarted my phone, checked internet connection, deleted and downloaded the app again.. I'm tired, I'm done giving Disney chances. Just not meeting basic expectations :(",1,26.11.1+rc4-2026.07.03,2026-07-18T13:11:02,"Hello, Izaura! We're so sorry to read about this, and we appreciate your report. We recommend you take these steps: https://disneyplus.link/Error83. If the situation persists, please contact us again via chat or call using the options at the bottom of the page. Best regards.",2026-07-19T03:08:44
Disney+,com.disney.disneyplus,Entertainment,11532851-ce0e-4114-a27c-1831c6d2dde2,Onyx Chadwick,1,,The app is not working no matter what internet or WiFi I use.,0,26.12.1+rc1-2026.07.15,2026-07-18T12:20:48,,
Disney+,com.disney.disneyplus,Entertainment,e9cad23e-9a9e-458b-a8ee-1bd96754ac1d,Cheryl Harrison,5,,I love it.,0,26.11.1+rc4-2026.07.03,2026-07-18T11:27:29,,
Disney+,com.disney.disneyplus,Entertainment,f32b89f2-b22e-421e-a3d2-6bd4e4d0202c,Michael Dietz,1,,horrible service and if you pay the extra you have to uninstall and reinstall almost weekly cus it will just freeze after adds because they want to try and force people to pay more.,1,26.12.1+rc1-2026.07.15,2026-07-18T10:37:10,,
Disney+,com.disney.disneyplus,Entertainment,ce57df44-16ab-4286-a406-2ada75eab5be,James Palmer,1,,you cannot access your downloads when your off-line,0,26.12.1+rc1-2026.07.15,2026-07-18T10:27:34,,
Disney+,com.disney.disneyplus,Entertainment,5c46eb32-bce3-472a-902e-4b0f7b601473,Kaden,1,,overpriced,1,26.6.0+rc5-2026.04.21,2026-07-18T09:30:53,,
Disney+,com.disney.disneyplus,Entertainment,17cfa16a-5d50-4453-be65-9ade27d5a872,Dustin Burckhardt,1,,"This is coming from an Android developer that has worked on ATV and mobile apps. This is the most broken app I have ever used. Authentication has been globally broken for years. ATV freezes after ads and requires fiddling to resume playback. On top of that it's now stupid expensive. ""A"" tier pricing ""D"" tier functionality. You should be embarrassed.",1,26.12.1+rc1-2026.07.15,2026-07-18T09:01:35,,
Disney+,com.disney.disneyplus,Entertainment,a7028932-f44c-4f87-a911-3e0ecd47807e,Barbrie,5,,The app works.,0,26.7.0+rc4-2026.05.01,2026-07-18T06:34:09,,
Disney+,com.disney.disneyplus,Entertainment,ff4ced47-14ac-4236-8768-6ae37ca65bbf,A,1,,"Disney app constantly logs you out or disconnects. Has abysmally bad filtering. No way to block, or remove content you never want to see(why not just Pirate if you cannot even filter, what's the point of a streaming service at all?). Honestly, there are easier ways to get a better experience for free. Piracy is a service problem, not a use problem. Maybe more people would pay for your services if it was good, until then... ask aibots for help finding content, instead of wasting money on Disney.",5,26.12.1+rc1-2026.07.15,2026-07-18T06:18:14,,
Disney+,com.disney.disneyplus,Entertainment,52955e39-8448-4197-871a-96d389cd57c0,Dawn Carson,5,,Really good. Love how it demonstrated all the emotions and how they played a role.,0,26.11.1+rc4-2026.07.03,2026-07-18T05:35:53,,
Disney+,com.disney.disneyplus,Entertainment,76168335-676e-49e7-b039-ffd088e0e121,William Hack,1,,The one time we decided to use the download to play later; surprise it doesn't work - you need the internet.,1,26.12.1+rc1-2026.07.15,2026-07-18T05:28:46,,
Disney+,com.disney.disneyplus,Entertainment,5add3c3b-6a1b-41e1-948a-a53df67002d9,Kristin Weiland,1,,"disney plus is the worst streaming app ive health with. unfortunately, it is a necessity for my 2yo. it takes forever to load, randomly lags out and needs to be restarted. and whats the point of downloading offline content if you cant open to app without internet connection??? disney really needs to figure out their streaming app to be more user friendly",6,26.11.1+rc4-2026.07.03,2026-07-18T05:16:41,,
Disney+,com.disney.disneyplus,Entertainment,d38161dd-274f-476e-b73a-01b3e688409b,Jessica,1,,it wont load,0,26.12.1+rc1-2026.07.15,2026-07-18T04:23:19,,
Disney+,com.disney.disneyplus,Entertainment,b9c44228-c205-4860-ad9f-808851f10422,Fernanda,2,,Too many ads! Be prepared for seeing 3 ads every 1 important scene in a series,0,4.17.0+rc1-2025.09.30,2026-07-18T04:20:21,,
Disney+,com.disney.disneyplus,Entertainment,e6f8286c-9a20-4a2f-b6d1-38a62e557d6a,Tal K,1,,incredibly unstable app.h,1,26.12.1+rc1-2026.07.15,2026-07-18T04:16:43,,
Disney+,com.disney.disneyplus,Entertainment,6e37c827-ae88-4483-8899-6d9399822c35,Atomic Unknown,1,,Constantly crashes not very good,1,26.12.1+rc1-2026.07.15,2026-07-18T03:51:41,,
Disney+,com.disney.disneyplus,Entertainment,5a94f6a4-eac5-4ace-b60a-d70db686b9ae,John Kennedy,5,,I can watch all of my favorites on Disney plus and I love it 😀,0,26.12.1+rc1-2026.07.15,2026-07-18T03:43:48,,
Disney+,com.disney.disneyplus,Entertainment,bc7849d5-ea18-4434-8f9d-eb3cc7896f90,Tanner (Rennat),5,,I love this app so much,0,26.11.1+rc4-2026.07.03,2026-07-18T03:17:50,,
Disney+,com.disney.disneyplus,Entertainment,c8ff2759-5d9c-4867-a4c5-e0f243cc7021,Stanley New,4,,it has good,0,26.11.1+rc4-2026.07.03,2026-07-18T02:37:49,,
Disney+,com.disney.disneyplus,Entertainment,f9143b73-7265-43da-ab3e-5516fd4ba1af,JJ Jones,3,,"everything is good except the fact that you have to re-watch the commercials every time you rewind the movie, even though you've already watched them. On other apps, if you watch the commercial and have to rewind it then you can skip the commercial because you've already watched it. 😡 VERY ANNOYING",0,26.12.1+rc1-2026.07.15,2026-07-18T02:25:50,,
Disney+,com.disney.disneyplus,Entertainment,adb54f2b-5eac-4b72-bab9-d24ae623b279,Erwan Quinconneau,1,,Pourquoi ce jingle à fond au démarrage de l'application !? Pas possible de désactiver ça ?,0,26.12.1+rc1-2026.07.15,2026-07-18T02:18:44,,
Disney+,com.disney.disneyplus,Entertainment,761b5c17-5d6d-49c2-9bd7-ba692f378a3d,Colin Watts,4,,"Hey! looking for support, I use the app quite a lot and recently when I try to watch things it keeps freezing and loading even though I have a strong internet contention. it doesn't do this on my tvs but it does in my phone. I have checked for updates to see if that was the problem but there wasn't any updates, I don't know what's going on. how do I fix this?",0,26.12.1+rc1-2026.07.15,2026-07-18T01:45:27,,
Disney+,com.disney.disneyplus,Entertainment,dc96ca12-01dd-4f8c-89f5-cb88e39128c4,linda nwadike,5,,Add Hindi and Filipino to Little Einsteins,0,26.12.1+rc1-2026.07.15,2026-07-18T00:55:59,,
Disney+,com.disney.disneyplus,Entertainment,1c44796c-cfd9-421f-83ca-947c85d9bffe,D Va Rasta,1,,"No se puede usar, ni siquiera deja inciar sesion, se queda cargando en la pantalla de Inicio",0,26.11.1+rc4-2026.07.03,2026-07-18T00:44:08,"¡Hola! Sentimos los inconvenientes. Te compartimos el siguiente enlace con una guía para intentar solucionarlo: disneyplus.link/PowerCycle. Si la situación persiste, no dudes en contactarnos vía chat o llamada al final de la página para revisar tu dispositivo. ¡Te esperamos!",2026-07-18T04:18:41
Disney+,com.disney.disneyplus,Entertainment,2ec42535-33e3-444e-ae73-63314c7e0f77,Breanna,5,,I like this tv apps,0,,2026-07-17T23:50:37,,
Disney+,com.disney.disneyplus,Entertainment,52f76ba8-866d-48fc-8753-b21b7dcf80db,Lincoln coleman (Pro2go),4,,I like how they rarely get rid of the shows,0,26.12.1+rc1-2026.07.15,2026-07-17T22:58:10,,
Disney+,com.disney.disneyplus,Entertainment,f99d873d-e490-4f56-94aa-01a1de449e5a,Rodrigo Salamanca,2,,The app on phone works great but i mainly use it on my xbox and my biggest problem is that the audio sucks. I can barely hear when the actors speak on ANY movie or series. the volume can be sent to 80% and it feels like they are whispering but when a random music or a random sound effect happens its the loudest thing EVER. i dont know if its a problem with my xbox or my tv i tried fixing it setting my tv on movie mode yet nothing. So i do hope they fix this.,0,,2026-07-17T21:41:16,,
Disney+,com.disney.disneyplus,Entertainment,cb0deaa6-b662-4b6c-8a9a-5fc4e0f7a59b,Natalia Vazquez,5,,"love the music and the romance, choreography.",0,,2026-07-17T21:32:32,,
Disney+,com.disney.disneyplus,Entertainment,fa235d6b-550c-4efb-8165-ce0b875880f5,D,1,,can no longer rewind or pause if you do it freezes and have to restart disney+... phone app now working but on xbox app and vizio tv still having issues even after restarting and re-downloaded.,1,26.12.1+rc1-2026.07.15,2026-07-17T19:51:45,"Hi there! Sorry for the trouble. Please check if other devices are experiencing similar issues. Try clearing the app cache, reinstalling the app, and restarting your device. Ensure both the app and device are updated. For further assistance, please reach us at +1-888-905-7888. Thank you for your patience!",2026-07-17T09:26:31
Disney+,com.disney.disneyplus,Entertainment,35a77c68-1394-4d39-88c5-4ff87140ad94,Danielle Boldison,1,,it's honestly awful freezes constantly or turns off half way through a show or movie will not be renewing my subscription waste of money,0,26.11.1+rc4-2026.07.03,2026-07-17T19:09:29,,
Disney+,com.disney.disneyplus,Entertainment,f9798bfd-71fc-4f50-bd12-74da523fd386,Vijaya Lakshmi Valluri,5,,Nice,0,,2026-07-17T18:49:12,,
Disney+,com.disney.disneyplus,Entertainment,b4f5d34a-1fc3-42a8-b792-ea570d23f9e5,SOLIDxTRIPOD,1,,no subtitles when someone speaks another language without having to turn them on,0,26.9.2+rc1-2026.06.12,2026-07-17T18:25:14,,
Disney+,com.disney.disneyplus,Entertainment,f02bb4a5-1dd5-4a1a-8c59-c06920831211,Neal Potton,5,,It's great and I love watching movies and shows but it would be nice if there was a clear watch history button.,0,26.12.1+rc1-2026.07.15,2026-07-17T17:12:43,,
Disney+,com.disney.disneyplus,Entertainment,61de0309-4c95-424e-95cf-34d3e6575a7d,iamsomeone here,3,,you pay for no ads but you still get ads,0,26.11.1+rc4-2026.07.03,2026-07-17T17:10:42,,
Disney+,com.disney.disneyplus,Entertainment,66364f85-fe78-410e-ad57-cfe905546c7a,Sabrena Young,5,,I love that Hulu is included! I have so many more amazing choices of things to binge watch!,0,26.11.1+rc4-2026.07.03,2026-07-17T16:58:28,,
Disney+,com.disney.disneyplus,Entertainment,245c3675-7df0-497f-b74e-f8984ea19a26,Valerie Almira-Smith,2,,keeps crashing. wont open. shame as content is good,1,26.12.1+rc1-2026.07.15,2026-07-17T14:24:52,,
Disney+,com.disney.disneyplus,Entertainment,a739c17c-c65b-4545-9262-3688c55bf812,Arunsiri A,1,,it does't work after i subscribe.,0,26.12.1+rc1-2026.07.15,2026-07-17T14:15:47,,
Disney+,com.disney.disneyplus,Entertainment,6d7e3cfc-9169-497f-bd88-61952e122db9,Jairo Aguilar,5,,😀,0,4.3.0-rc3-2025.03.25,2026-07-17T13:43:35,,
Disney+,com.disney.disneyplus,Entertainment,04bde52b-43e4-49eb-95f9-122319ee6195,Ryan Fye,1,,terrible my movies buff every 5 seconds terrible jus awful do not use im going to Paramount or Netflix,0,,2026-07-17T13:23:14,,
Disney+,com.disney.disneyplus,Entertainment,4655955a-8a9a-4d00-b2a2-473ad678c6fc,Mark Day,1,,fix this App,1,26.11.1+rc4-2026.07.03,2026-07-17T12:20:18,,
Disney+,com.disney.disneyplus,Entertainment,8c88b5f8-a489-4968-b6ab-02ceceb88f9e,Jack Kirwan,1,,wont let me log onto my playstation disney+ eithout dowloading it for the phone,0,26.12.1+rc1-2026.07.15,2026-07-17T11:44:30,,
Disney+,com.disney.disneyplus,Entertainment,3846de90-3982-459f-94ac-2bb0f2b5479f,Alberto Gomez,3,,too many ads,0,26.11.1+rc4-2026.07.03,2026-07-17T11:36:53,,
Disney+,com.disney.disneyplus,Entertainment,c22b564d-6b85-4df3-8e55-eb4c6216a9f3,Warped Ocean,3,,"Not sure why, had no issues with this app before. However now every 5-10 seconds (using wifi or mobile data), my movie stops and buffers for a minute. It's going to take me like 10 times longer to watch anything on this and it is starting to upset me.",0,26.12.1+rc1-2026.07.15,2026-07-17T11:32:39,,
Disney+,com.disney.disneyplus,Entertainment,057d533d-82d7-4224-b314-5fa4081f95f0,Ethan Ryback,1,,"Garbage app, I have reinstalled and Uninstalled this app twice to get it to case to my smart t.v. and every single time it just says ""error while casting"" you'd a multi billion dollar company like Disney could at the very least get their app to work Edit: Did all the things they said to do to fix it and guess what!! It still didn't work. Still says ""error while casting""",2,26.12.1+rc1-2026.07.15,2026-07-17T11:05:26,"Hi Ethan! Sorry for the trouble. Please check if other devices are experiencing similar issues. Try clearing the app cache, reinstalling the app, and restarting your device. Ensure both the app and device are updated. For further assistance, please reach us at +1-888-905-7888. Thank you for your patience!",2026-07-10T07:32:57
Disney+,com.disney.disneyplus,Entertainment,dd5f16a6-7de3-43ae-a591-1a9e2d717ff7,Jamie Davis,5,,love it,0,26.11.1+rc4-2026.07.03,2026-07-17T10:22:02,,
Disney+,com.disney.disneyplus,Entertainment,b0487064-b07f-4615-b29a-03577addd6e4,Jay Cady,1,,"When I am screen casting if I leave the page of what is currently playing i can't return to it. There is no way to skip recaps or intros without restarting what I'm watching and not leaving the now playing screen. Please make a 'Now Playing"" link. 😘",1,26.12.1+rc1-2026.07.15,2026-07-17T10:05:58,,
Disney+,com.disney.disneyplus,Entertainment,a308e9bc-672b-467e-9062-292946229492,anthony lewis,1,,worst streaming app ui there is,0,26.11.1+rc4-2026.07.03,2026-07-17T09:50:51,,
Disney+,com.disney.disneyplus,Entertainment,80e5c74c-4362-40f4-aa34-3b28212ea208,James Bridle,2,,"Terrible platform since they introduced the ""feature"" to limit screens. Unable to stop watching a show on one device and then resume on anoth (Xbox one to a Samsung smart tv) says that I'm at my linit for screen for about 30 mins after logging out of the the Xbox and closing the app. Also tried ""logging out of an devices"" and still not working. It happens pretty much anytime we try to move upstairs to watch in a different room.",1,26.12.1+rc1-2026.07.15,2026-07-17T09:50:13,,
Disney+,com.disney.disneyplus,Entertainment,82517ae6-bec4-40f6-9374-e63f86014252,Rex Family,3,,won't work sometimes,0,26.12.1+rc1-2026.07.15,2026-07-17T09:37:52,,
Disney+,com.disney.disneyplus,Entertainment,9b4d7a13-5721-4b89-882e-2e45d9462761,Christina Kohlepp,1,,you guys are the worst,0,26.12.1+rc1-2026.07.15,2026-07-17T09:27:32,,
Disney+,com.disney.disneyplus,Entertainment,d376b96d-7f6f-4554-bf53-34c6a26481f6,Srinithi Srinivasan,1,,"Worst App ever, spend some $$ getting some real programmers",0,26.12.1+rc1-2026.07.15,2026-07-17T08:04:48,,
Disney+,com.disney.disneyplus,Entertainment,60f0d0c2-25f8-4ee6-bdea-70f56379e9ed,F13RY FOX,1,,"ads back to back to back at times, I've had it show me an ad after every 30 seconds of video at times, also timer on ads might be slowed down to show more ads, or the workday app is robbing people of their money. I've had both of these running at the same time and both had different definitions of the length of a minute. theirs some shady stuff going on here and we really need to have it brought to the light.",1,26.11.1+rc4-2026.07.03,2026-07-17T07:02:24,,
Disney+,com.disney.disneyplus,Entertainment,867d12f6-899a-4f6c-b6c3-334b65cca8bb,Tyler Williams,3,,"The watchlist needs an option to be sorted by year or name. I think it's really unnecessary to increase the price and adding Fox, Nat Geo, ESPN, and merging with Hulu, too; they totally ruin the magic. Disney is supposed to be for kids, too. And they take too long to make original Disney shows and movies, probably cuz Iger was focused on other franchises. Also, they should make more sequel shows of Disney movies like Hercules, Meet the Robinsons, Bolt, Finding Nemo, WALL-E, Onward, and Soul.",8,26.9.2+rc1-2026.06.12,2026-07-17T06:39:44,,
Disney+,com.disney.disneyplus,Entertainment,b58bbfe0-e508-4481-aab0-b07f8761193a,8n3z ALT,5,,"A lot of my favorite shows are on here, been one of my favorite streaming apps for years. Sure there might be ads but hey, it's worth it! 😅",0,26.11.1+rc4-2026.07.03,2026-07-17T05:57:00,,
Disney+,com.disney.disneyplus,Entertainment,9bd7f324-1fb3-44a6-bdf2-60e9bc6e3c20,sergio serafin,1,,i can't open the app I get an error message with the #83,0,26.11.1+rc4-2026.07.03,2026-07-17T05:47:25,"Hello, Sergio! We're so sorry to read about this, and we appreciate your report. We recommend you take these steps: https://disneyplus.link/Error83. If the situation persists, please contact us via chat or call using the options at the bottom of the page. Best regards.",2026-07-17T22:12:59
Disney+,com.disney.disneyplus,Entertainment,3bed71a2-7f03-4d3f-b39a-97fe218c67ae,Alan Christensen,1,,Downloads for watching offline only actually work about 50% of the time. I've been stranded on long flights unable to watch my downloaded shows too many times. Not to mention there's unskippable ads now on the highest paid tier.,1,26.12.1+rc1-2026.07.15,2026-07-17T05:47:15,,
Disney+,com.disney.disneyplus,Entertainment,357eec4e-bebe-4ecb-927c-905816069bef,James Barton,2,,You shouldn't have to rewatch a minute and a half of ads for backing it up 6 seconds. I feel like you shouldn't have to rewatch any ads at all if you want to rewind to catch a scene once you've watched the ads in the first place. I think Disney can do better.,0,26.12.1+rc1-2026.07.15,2026-07-17T05:34:30,,
Disney+,com.disney.disneyplus,Entertainment,bf9c5c92-24d5-4767-9111-31e7e9519aef,Cali Bounce Rental,4,,is good but needs more movies or TV shows,0,26.12.1+rc1-2026.07.15,2026-07-17T04:28:34,,
Disney+,com.disney.disneyplus,Entertainment,6f876e17-6b5c-4208-87b0-aebf6872b92a,Gunnar Magnusson,2,,Never starts at the right time stamp from previous view. Sometimes you can't open app if offline. Terribly slow and bad downloads.,0,26.11.1+rc4-2026.07.03,2026-07-17T04:24:07,,
Disney+,com.disney.disneyplus,Entertainment,c5651575-6676-47f8-95ab-9984e6630937,Dawn Long,5,,absolutely love it got a years standard package great price it only costs $15 a month all up for a massive variety of movies &programs. So glad i joined Disney + Thanks,0,26.10.0+rc3-2026.06.13,2026-07-17T04:24:07,,
Disney+,com.disney.disneyplus,Entertainment,e2fb1340-f1e1-4877-85f7-25c7aa3cdd56,Arturo Castro,1,,"App has not worked for over a week. It either crashes or gives error 83. Customer support, after a few blatant attempts at stalling through ""forwarding the case to the tech team"", finally ended up saying I had to wait for an update, which came out yesterday but did not fix the issue. I already missed various ESPN events despite having paid for the whole year, and they offer no refunds or credit for the downtime.",2,26.11.1+rc4-2026.07.03,2026-07-17T02:44:12,"Hello, Arturo! Thank you for your report, and we apologize for any inconvenience this may have caused. Our specialized team is already aware of this issue and is working to resolve it as soon as possible. If you need further assistance, please contact us again through our Help Center: help.disneyplus.com. Greetings!",2026-07-17T05:10:38
Disney+,com.disney.disneyplus,Entertainment,5d0595be-f9a6-49f3-aed7-4fc0e3c7e776,Matt Holt,1,,"Updated and everything is now 'error 39' content settings are fine downloaded repeatedly and paying for platinum, complete waste of time these days",0,26.12.1+rc1-2026.07.15,2026-07-17T02:43:18,,
Disney+,com.disney.disneyplus,Entertainment,878378a1-3ffb-40c8-8705-8136755773bb,Ralph A,2,,The amount of commercials is absolutely ridiculous! You're better off watching regular TV!,0,26.12.1+rc1-2026.07.15,2026-07-17T02:39:10,,
Disney+,com.disney.disneyplus,Entertainment,bbd84622-82c1-4630-a470-36bf52b8ca81,Kamil Pieczyk,1,,"I recently downloaded around 5 hours of cartoons for my daughter to watch offline on the plane. How surprised I was when, on the plane, the Disney app threw an error ""no internet connection"" and didn't let me watch downloaded videos. With Netflix, I've never had an issue like this before. I guess it's time to go back to them, where everything works as expected. Thank you, Disney, for ruining my flight. I had to deal with a disappointed toddler for 3 hours.",0,4.18.1+rc6-2025.11.05,2026-07-17T01:33:04,,
Disney+,com.disney.disneyplus,Entertainment,1e053b4a-622b-46ca-a2e4-3dc71192bdf5,girldramatic 0507,1,,why is there a download option? Tried to open the app to watch the movies I downloaded only to find out I cant even open the app without a network connection. and now that I have wifi again Disney plus isn't even opening at all anymore. how can this app get more and more unusable every minute?,0,26.11.1+rc4-2026.07.03,2026-07-17T01:29:27,,
Disney+,com.disney.disneyplus,Entertainment,2a0a48b3-954b-4a9d-b414-c464fec6b047,Jamie Shaffer,5,,Nice,0,26.11.1+rc4-2026.07.03,2026-07-17T00:57:30,,
Disney+,com.disney.disneyplus,Entertainment,e3050202-a5b9-4e80-a87e-7537b087456b,Sharon Giles,5,,great,0,26.10.0+rc3-2026.06.13,2026-07-17T00:27:50,,
Disney+,com.disney.disneyplus,Entertainment,62aa944c-62c3-4d33-b2d6-649812b7d4eb,Shane Barker,1,,telling me a child's film is not authorized on sn adult account,0,26.11.1+rc4-2026.07.03,2026-07-17T00:21:49,,
Disney+,com.disney.disneyplus,Entertainment,b7c530cb-b9b8-44fe-b470-bd4d44d2230f,Ramses Ramirez,1,,"Not a good app compared to Netflix and Prime video. Very slow downloads. Also when I download content on my tablet to view offline, it won't let me access them unless I connect to a network wish I don't understand what's the point of downloading if you can't view the content offline",1,26.11.1+rc4-2026.07.03,2026-07-16T23:56:52,,
Disney+,com.disney.disneyplus,Entertainment,4e646e9e-1ecc-46c6-aa55-f8dc8c266771,Daniel Castellanos,3,,"noticing some issues with formatting on the Razr Plus 2026. makes watching X-Men 97 difficult to watch. I am zoomed out on the Razr, characters are still too big and take up most of the screen",0,4.7.1-rc2-2025.05.28,2026-07-16T23:23:45,,
Disney+,com.disney.disneyplus,Entertainment,83bc4c0d-72a3-4c0b-9021-cf9c1855c842,Christa Pritchard,5,,I love Disney plus,0,26.11.1+rc4-2026.07.03,2026-07-16T21:28:58,,
Disney+,com.disney.disneyplus,Entertainment,015de78c-2fae-4f8a-8f96-664f983d8c0e,Robyn Mullins,5,,good,1,26.12.1+rc1-2026.07.15,2026-07-16T21:10:51,,
Disney+,com.disney.disneyplus,Entertainment,ed4926ee-3858-4fab-af9e-fe702c2e8094,Billy Sung,3,,The app is conflicted with anExplore file manager app in android TV. I uninstall it then working fine.,1,26.11.1+rc4-2026.07.03,2026-07-16T21:08:17,,
Disney+,com.disney.disneyplus,Entertainment,8f4e0df5-5614-4355-b0b6-e0fb3f47725a,george lythgoe,2,,gotten worse so buggy the more it goes up in price the buggy it gets. iam just being picking the choice of programs and films is amazing. if you're a marvel or starwars fan it's a joy and it's got the Simpson and family guy the most expensive streaming site but worth every penny. why doesn't it save were your up to just goes back to the beginning,9,26.11.1+rc4-2026.07.03,2026-07-16T20:40:39,,
Disney+,com.disney.disneyplus,Entertainment,a8cfc88d-11a3-4f83-9063-e1468ab64c57,Leroy Mondragon,1,,you always say on the Hulu section of your app that there is Nickelodeon but there is never Nickelodeon,0,26.12.1+rc1-2026.07.15,2026-07-16T20:39:15,,
Disney+,com.disney.disneyplus,Entertainment,7d8cf1af-4046-4ab3-bbb0-5df1a2d0a5ba,Charles A Smith Jr,5,,it is entertaining,0,26.11.1+rc4-2026.07.03,2026-07-16T20:24:17,,
Disney+,com.disney.disneyplus,Entertainment,2c340742-a256-4939-a33d-1c5575fef477,timothy Albert wilson,5,,i love Disney movies,0,26.11.1+rc4-2026.07.03,2026-07-16T20:13:18,,
Disney+,com.disney.disneyplus,Entertainment,51872d7a-2190-4b00-8572-35565b7d1e77,Tem Lastname,1,,every ad segment in anything I'm watching the app freezes.,0,1.11.2,2026-07-16T19:54:01,"Hi Tem! Sorry for the trouble. Please check if other devices are experiencing similar issues. Try clearing the app cache, reinstalling the app, and restarting your device. Ensure both the app and device are updated. For further assistance, please reach us at +1-888-905-7888. Thank you for your patience!",2026-04-22T06:33:20
Disney+,com.disney.disneyplus,Entertainment,a7b049bb-4617-4f56-b4fb-49d2032b82fb,THERESA LYNNE WHELIHAN,5,,I love being able to catch up on all my favorite Disney movies 🎥🥰❤️ plus I'm also binge watching The Simpsons,0,26.11.1+rc4-2026.07.03,2026-07-16T19:32:10,,
Disney+,com.disney.disneyplus,Entertainment,343a9f08-4193-49cc-ba09-44b68786170a,Senthil Ponnusamy Thakur,5,,this is excellent app for movies,0,,2026-07-16T19:19:50,,
Disney+,com.disney.disneyplus,Entertainment,b0ed501a-3ed7-4031-924f-13fd31631a84,Adam Rumbold,1,,Ever since the update you need to constantly have a signal of some sort to use the app now. What's the point of being able to download things to watch offline when you need a signal to access the app? Before the update you could go days without needing a signal to use the app. Pointless now.,2,26.11.1+rc4-2026.07.03,2026-07-16T16:27:24,,
Disney+,com.disney.disneyplus,Entertainment,fad10401-3f8d-499d-9c9a-4293a3fc74e4,Lucio Pepito,1,,"I can't use it offline, you devs are SO BAD, why would I need internet to watch my downloads ? what's the point of downloading if I need internet ? it's exactly for this reason that we download. why it works with Netflix prime and HBO but not Disney + ? do you qc your apps ?",1,26.11.1+rc4-2026.07.03,2026-07-16T16:01:39,,
Disney+,com.disney.disneyplus,Entertainment,8096a91e-f447-44b4-b896-083a2c1b8263,Krhdbw,1,,Disney is so greedy they won't even let me cancel the subscription without charging me for the next 6 months. The support is trash and if you even manage to contact a real person then I'll be surprised. the app crashes at least twice a week too. If i manage to stop them from taking my money till January 2027 then I will surely not return to this app and i recommend everyone the same thing. They don't care about their clients and it's more obvious than ever.,1,,2026-07-16T15:35:49,,
Disney+,com.disney.disneyplus,Entertainment,3591d58c-9530-44e1-b3ac-38a27de85238,Jason Ruhl,5,,All my favorites in one place,0,26.9.2+rc1-2026.06.12,2026-07-16T14:44:06,,
Disney+,com.disney.disneyplus,Entertainment,416966af-88e6-4e91-adfc-e1a7bd7e51bc,Michael Francis-Lynch,1,,no longer working after the update,0,3.3.0-rc7,2026-07-16T14:32:26,,
Disney+,com.disney.disneyplus,Entertainment,c3b30f1c-8751-49ec-af2d-a48204bb24cd,Dandoo Mai,5,,Changed my 3stars to 5stars because they added my region to their services (Guam)!🏆,1,26.7.0+rc4-2026.05.01,2026-07-16T13:31:29,,
Disney+,com.disney.disneyplus,Entertainment,3f0a1c21-ba13-408d-acdb-5abd944c09b8,Neil Secker,1,,"when away from WiFi signal is bad ,always freezes.",0,26.11.1+rc4-2026.07.03,2026-07-16T13:08:16,,
Disney+,com.disney.disneyplus,Entertainment,b5160496-3a84-4891-b0b7-231f780ca04d,Sherri,1,,I asked to cancel this months ago. I've never had use of it and don' t want it. too costly,0,,2026-07-16T09:59:16,,
Disney+,com.disney.disneyplus,Entertainment,19290a47-fa9e-4fa0-8213-b141eab38519,g r,3,,"please create playback speed options. that goes for all of you, Hulu Disney plus the lot",0,26.11.1+rc4-2026.07.03,2026-07-16T09:54:39,,
Disney+,com.disney.disneyplus,Entertainment,fa4a976c-ec25-4961-a700-bd847e74d9be,Jordan Spencer,1,,Watching ads on a subscription service is the silliest thing I've ever seen.,1,26.11.1+rc4-2026.07.03,2026-07-16T09:27:09,,
Disney+,com.disney.disneyplus,Entertainment,6e2dc5a8-da7f-4bc3-a81d-09ac042ea5dc,The1XZone,5,,yeah,0,26.11.1+rc4-2026.07.03,2026-07-16T07:46:05,,
Disney+,com.disney.disneyplus,Entertainment,ee7bb39d-ac37-4526-9ffd-89d4fe64c58e,Danny Ribeiro,1,,doesn't work on Sony tv,0,26.11.1+rc4-2026.07.03,2026-07-16T07:42:51,,
Disney+,com.disney.disneyplus,Entertainment,77ed324d-bb8e-47b5-996d-06d0962903b3,Daniel Solis,1,,"by far the worst app I've ever used. all it does is Spin and freeze with stupid little blue line circle. Even during the ads, freezes then too. you would think an app would want you to watch the ads. Worst ever. Never works on any single device, restart after restart, clear cache constantly... ever since I downloaded it. the worst ever! only app on my devices with this ridiculous issue.",1,26.11.1+rc4-2026.07.03,2026-07-16T07:38:09,"Hello Daniel! Sorry for the trouble. To resolve any app issues or playback trouble, please visit this article on the Disney+ help site titled (How to fix streaming issues). If still unresolved, contact us via chat or phone at 1-888-905-7888. We'd love to help!",2026-07-16T09:01:11
Disney+,com.disney.disneyplus,Entertainment,9af8f083-5b0d-4790-be52-dc5f7feeb7d1,Blanca Salas,5,,hi diseny is great but if you ever stumble across descendants and in 4 and 5 you wonder where is carlos well it's devastating he died at 20 so sorry to anyone who didn't Know and really liked his character,0,26.11.1+rc4-2026.07.03,2026-07-16T07:02:02,,
Disney+,com.disney.disneyplus,Entertainment,86aab114-569c-4391-b6bc-f96f5b6d24a6,*Vivienne*,5,,Disney+ is amazing!! I can watch all my favorite movies and show at home or on the go!!,0,26.11.1+rc4-2026.07.03,2026-07-16T06:50:34,,
Disney+,com.disney.disneyplus,Entertainment,16dda0af-b5f0-4895-b712-aebabbbadd82,Gregory “Bullet” Mitchell,5,,solid app and I've had zero issues on my phone and on my televisions.,0,26.11.1+rc4-2026.07.03,2026-07-16T06:20:04,,
Disney+,com.disney.disneyplus,Entertainment,7d0886f3-fb42-42ce-bb59-85dac02a4c7f,Christian Alejandro Gutierrez,1,,"I'm not sure what happened but I can't use the app in a Google Pixel and a Google Streamer It closes automatically when it tries to start, but I can use this in Chrome with an iMac and I can cast it to the Google Streamer, so it's not an internet issue.",0,,2026-07-16T05:46:45,"Hello Christian! Sorry for the trouble. To resolve any app issues or playback trouble, please visit this article on the Disney+ help site titled (How to fix streaming issues). If still unresolved, contact us via chat or phone at 1-888-905-7888. We'd love to help!",2026-07-16T09:02:39
Disney+,com.disney.disneyplus,Entertainment,57b373a0-bf8d-4b1b-8bb0-e9ca62331896,Sandra Lawson,5,,I love this movie aristo cats,0,26.11.1+rc4-2026.07.03,2026-07-16T05:24:13,,
Disney+,com.disney.disneyplus,Entertainment,786c882f-1bf2-4df0-9dda-2537d6e2e037,L,3,,anytime I go offline I can't watch what I downloaded for offline keeps saying connection error connect to the Internet as soon as I lose connection,0,26.11.1+rc4-2026.07.03,2026-07-16T05:10:15,,
Disney+,com.disney.disneyplus,Entertainment,bc27accd-3b14-419a-85f6-27bbde0ebec9,ayame account,2,,This app is getting trigger happy with the ads. If I click 10-20 seconds back where the ad thing was even tho I just watched an ad there is a chance it will trigger an ad. Where my patience ends is what just happened. Every time there was 30 seconds left of ad left the app would glitch and add another 30 SECONDS. IT DID IT TWICE AND IT WAS THE SAME AD 3 TIMES IN A ROW. Back before streaming existed we would have to watch commercials that were like 10 minutes but at least they were all different.,0,26.11.1+rc4-2026.07.03,2026-07-16T04:46:15,,
Disney+,com.disney.disneyplus,Entertainment,366226c3-c8e1-4bc3-846d-304235bd466f,Mr B,2,,I have Hulu and I signed in on app of Disney and it sucks. there's not much from my Hulu account that like to see.,1,26.11.1+rc4-2026.07.03,2026-07-16T04:20:54,,
Disney+,com.disney.disneyplus,Entertainment,8daaf361-d27e-470b-8460-c45ce56a98d6,Dakota Russell,1,,I DIDN'T ASK FOR PERMANENT WIDESCREEN! FIX IT NOW!,1,26.11.1+rc4-2026.07.03,2026-07-16T04:16:43,,
Disney+,com.disney.disneyplus,Entertainment,befe2022-3857-449b-b2fd-8c43f1d9aab9,Robin DeVault,5,,Disney It's Disney,0,26.11.1+rc4-2026.07.03,2026-07-16T04:09:33,,
Disney+,com.disney.disneyplus,Entertainment,c98bd398-0832-49b0-8451-9faa59a6aaa4,Russ Keller,5,,Has a large catalog of movies and series well worth the price.,0,26.11.1+rc4-2026.07.03,2026-07-16T03:20:56,,
Disney+,com.disney.disneyplus,Entertainment,bebe4e76-c4bf-4b3c-b155-8f7f81a4063f,Halit Jakub K.,1,,"Unserious platform, not releasing The Mandalorian and Grogu on the platform a month after it launched in cinemas. Additionally, a mediocre movie and series selection, as well as an outdated interface. Absolutely the worst streaming platform out there.",1,26.11.1+rc4-2026.07.03,2026-07-16T03:12:31,,
Disney+,com.disney.disneyplus,Entertainment,d42884de-aec6-4590-bd56-4b15f5cd4f17,Rorak Bush,1,,"what is the point of paying for it anymore, adding a new premium feature for no ads is just stupid considering that's what it was for in the first place",0,26.11.1+rc4-2026.07.03,2026-07-16T03:04:22,,
Disney+,com.disney.disneyplus,Entertainment,4432f173-cc1a-4d23-89e8-fd22b04e2d35,Lauren McGrade,1,,does not want to open even after updating,0,3.3.0-rc7,2026-07-16T00:55:42,"Hi Lauren! Sorry for the trouble. Please check if other devices are experiencing similar issues. Try clearing the app cache, reinstalling the app, and restarting your device. Ensure both the app and device are updated. For further assistance, please reach us at +1-888-905-7888. Thank you for your patience!",2026-07-16T09:04:45
Disney+,com.disney.disneyplus,Entertainment,957944ec-cfc2-4730-ba5a-5b35196624d5,Luke Peterson,1,,"Horrible app. Videos won't play from errors, unless they are downloaded, and then audio is so far off sync, characters are voicing each other's moving lips.",0,26.11.1+rc4-2026.07.03,2026-07-16T00:18:15,,
Disney+,com.disney.disneyplus,Entertainment,4ea5da8d-5899-4384-909e-4fc7a4f1c57e,Steven,5,,great,0,26.11.1+rc4-2026.07.03,2026-07-15T23:55:49,,
Disney+,com.disney.disneyplus,Entertainment,15dbc126-26d1-4521-893e-32231aa2caf8,Price White,2,,I keep having issues with Disney + it's getting frustrating.,0,26.11.1+rc4-2026.07.03,2026-07-15T22:38:08,"Hello! Sorry for the trouble. To resolve any app issues or playback trouble, please visit this article on the Disney+ help site titled (How to fix streaming issues). If still unresolved, contact us via chat or phone at 1-888-905-7888. We'd love to help!",2025-10-25T08:19:24
Disney+,com.disney.disneyplus,Entertainment,23bde282-81a7-4ff2-a359-8490c1bd7ae9,Jonathan Mendez,5,,its easy to watch movies and I love it!,0,26.11.1+rc4-2026.07.03,2026-07-15T22:36:20,,
Disney+,com.disney.disneyplus,Entertainment,1d42ceb2-19b1-4e5e-ba85-7d89cf58bcaf,K8 Smales,2,,"The worst of the major streaming apps. No matter what device or what year I use this one, it always skips, loses track of progress, freezes, isn't properly compatible with casting, and generally is lagging and messy to use (even the search function glitches and is slow). Netflix has the better platform. Prime is okay, but Disney has better programs available unfortunately.",1,26.11.1+rc4-2026.07.03,2026-07-15T22:20:51,,
Disney+,com.disney.disneyplus,Entertainment,be11bc4b-1b91-4cba-9038-c05afa0e9810,Liam Edge,1,,doesnt work half the time and kicks you out to force you to sign back in every use. Easily the worst streaming service,0,4.13.0-rc3-2025.08.11,2026-07-15T21:20:25,,
Disney+,com.disney.disneyplus,Entertainment,7830c135-8873-440c-90e8-76c3b684408f,Jacinta Barrett,2,,"You pay for a service only for it not to work. The selection of movies are great but trying to even watch a movie on a tv is a mission. It hardly ever loads (I have great connection, every other streaming playform runs perfectly) and when it does load it is extremely laggy. It never used to be like this so I assume it is bugs that need to be fixed. I am seriously considering cancelling my subscription though.",0,26.11.1+rc4-2026.07.03,2026-07-15T17:14:20,,
Disney+,com.disney.disneyplus,Entertainment,eca027da-0f1c-4218-8c5c-9796b9c4f67d,Jessica Savage,1,,always lags and cuts out,0,26.11.1+rc4-2026.07.03,2026-07-15T17:12:19,"Hello Jessica! Sorry for the trouble. To resolve any app issues or playback trouble, please visit this article on the Disney+ help site titled (How to fix streaming issues). If still unresolved, contact us via chat or phone at 1-888-905-7888. We'd love to help!",2026-07-16T09:13:28
Disney+,com.disney.disneyplus,Entertainment,26131051-4304-4ea9-add6-e8276beee356,Pavle Zivkovic,3,,"probably the worst streaming application out there. The content is good (which is the driver behind 3 stars for me, otherwise would have been 0), but the programmers who developed it needed a strong lesson in user experience... application refuses to load if the internet connection is poor (though opens up immediately if you disable network connection), you're unable to switch between the profiles or watch downloaded content, unless there's a strong internet connection (or disable connection).",1,26.11.1+rc4-2026.07.03,2026-07-15T16:48:41,,
Disney+,com.disney.disneyplus,Entertainment,8018e910-7df9-4d1a-8446-69489cfc0464,Buckmallory,1,,it wouldn't let me in,0,26.11.1+rc4-2026.07.03,2026-07-15T15:16:28,,
Disney+,com.disney.disneyplus,Entertainment,543e35dc-9185-4f48-a500-e19c2734a1c2,Prashad Lodhia,1,,have to go online when starting app to be able to see offline videos stopping me from using the app when i have bad/no signal,0,26.11.1+rc4-2026.07.03,2026-07-15T12:48:14,,
Disney+,com.disney.disneyplus,Entertainment,dc0fe0e4-ba11-4834-af09-343f7a8bff30,Ted Thompson,1,,you asked for a review just as the thing failed to cast to my tv,0,26.11.1+rc4-2026.07.03,2026-07-15T11:47:18,,
Disney+,com.disney.disneyplus,Entertainment,91845f2d-9201-4bc5-95bd-bd5912c3db66,Tyler V,1,,dont mind the ads every 10 mins understandable but the 4th 2min ad almost the longest right at the end of the episode leaving the actors one line to speak before the episode ends bit of a mean move especially when the price just keeps going up technically a hulu show but still.,0,,2026-07-15T10:37:23,,
Disney+,com.disney.disneyplus,Entertainment,f7033424-729c-49e4-b8f3-b74cdede2981,Marc Lalonde,4,,I really liked this.,0,26.11.1+rc4-2026.07.03,2026-07-15T09:29:25,,
Disney+,com.disney.disneyplus,Entertainment,9d61f992-f15b-4a7d-a568-15045b8c5dd4,K K,2,,slow,1,26.11.1+rc4-2026.07.03,2026-07-15T07:18:42,,
Disney+,com.disney.disneyplus,Entertainment,0119666c-3184-4bb3-b35f-6052e7ba682e,BigDouja Fresh,3,,"Can't play downloaded videos when offline. Other than that, decent streaming app.",0,26.11.1+rc4-2026.07.03,2026-07-15T07:14:49,,
Disney+,com.disney.disneyplus,Entertainment,ea6ff2e2-525f-4684-9711-7660d8da1907,Emily Myers,5,,It has so many different types of shows it's amazing.,0,26.11.1+rc4-2026.07.03,2026-07-15T06:54:00,,
Disney+,com.disney.disneyplus,Entertainment,353b57f6-845c-46e9-a149-f05e5f1972ce,Kaivon Baki,1,,"Anything over 30 minutes results in constant buffering making movies unwatchable. Internet speed isn't the issue. Uninstalling/ clearing data does nothing. Clearly there's an issue between the app and Android. Do better, Disney.",4,26.11.1+rc4-2026.07.03,2026-07-15T06:34:15,,
Disney+,com.disney.disneyplus,Entertainment,1e8ba8e4-8561-45bf-a699-ef89d07e304d,Glitched_one,1,,"just moved and am still waiting for Internet so I have to download shows when I'm out and about, just got asked to log out and log back into my account and when I did everything I downloaded is gone",0,26.11.1+rc4-2026.07.03,2026-07-15T06:22:46,,
Disney+,com.disney.disneyplus,Entertainment,52976cc5-2015-426a-a6c3-0a11ccbff7b4,Zack Hamilton,1,,refuses to load after showing an advertisement,0,26.11.1+rc4-2026.07.03,2026-07-15T05:46:58,,
Disney+,com.disney.disneyplus,Entertainment,922a210e-f2b0-4f8b-ba34-22f0a66c96e4,Kyleaya Coles,1,,constantly buffering,1,26.11.1+rc4-2026.07.03,2026-07-15T05:39:10,,
Disney+,com.disney.disneyplus,Entertainment,2d0d9072-6092-4508-a47d-f36422107eab,Juan Zhang,1,,"14 July 2026, cancel my suscription. Help center is trash. went to the list of compatible android device. didnt have a list. it only says Android 6.0 and up. my device is a samsung s25 ultra. chat bot is useless to solve my problem. use the browser to log out all devices, ReInstall the App, and still ERROR 83. FORGET TI, CANCEL MY SUSCRIPTION. keeps crashing. i already uninstall and reinstalled it. keeps showing error 83.",1,26.11.1+rc4-2026.07.03,2026-07-15T04:38:20,"Hello, Juan! We are so sorry for any issue caused with our platform. We invite you to contact one of our customer service agents to provide you with more personalized assistance and to review this error. You can do so by entering the following link: https://disneyplus.link/ContactUs. We'll be waiting for you!",2026-07-14T07:42:44
Disney+,com.disney.disneyplus,Entertainment,2993b4ab-fcc2-4f24-ae21-b02ad1f80af4,Dj Mido,1,,"I felt some racism towards me and Arabs from disney plus, that's why I canceled my subscription, deleting the app and giving 1 star.",0,,2026-07-15T03:42:44,,
Disney+,com.disney.disneyplus,Entertainment,d1ff0a8f-5f00-49f1-a99a-31a1dcddcd59,Jeff Steers,5,,great,0,26.11.1+rc4-2026.07.03,2026-07-15T03:41:33,,
Disney+,com.disney.disneyplus,Entertainment,eb7b0bb6-5321-4c39-a940-3667df169505,David Woolfolk,4,,great service I recommend it.,0,26.11.1+rc4-2026.07.03,2026-07-15T03:16:20,,
Disney+,com.disney.disneyplus,Entertainment,10d4a5d7-3331-4c5a-a881-b68f0984ac9d,Mitchell B,1,,"You constantly lose my place on downloaded movies. I always have to look for where I stopped watching. Every. Single. Time. Your ability to open the app while in airplane mode is pathetic. I downloaded 2 movies to watch on a flight. Every time I open the app, it errors out saying there's no network. wouldn't go any further. no duh. I downloaded movies FOR A REASON. Absolutely useless. Numerous people have said the same exact thing and you still haven't fixed this.",13,26.11.1+rc4-2026.07.03,2026-07-15T02:38:24,,
Disney+,com.disney.disneyplus,Entertainment,2de602f2-6b82-4bbd-844e-e2f69fb90977,Kloe Mirelez,5,,Love it! ❤️,0,26.11.1+rc4-2026.07.03,2026-07-15T00:02:52,,
Disney+,com.disney.disneyplus,Entertainment,d08bb566-31da-4650-8dca-115383911993,Raritys_Cutiemark,5,,great horrible adds,0,26.11.1+rc4-2026.07.03,2026-07-14T23:47:42,,
Disney+,com.disney.disneyplus,Entertainment,c48ce6c8-a719-427e-83b9-bc8c9d7d1205,Richard Purdy,1,,"terrible, I payed more for no commercials, plan changed had to pay more for no commercials and guess what, still commercials but now with no options to pay out of commercials. i am canceling my subscription. thanks anyway",0,26.6.0+rc5-2026.04.21,2026-07-14T23:12:10,,
Disney+,com.disney.disneyplus,Entertainment,1e15abb1-5d99-4122-bcaa-50edbfd79be2,Jesse Ralph,3,,love the movies and dont mind the ads on them but.... the 30 minute shows like Rick and morty have a equal amount of ads as a 2.5 hour movie please fix it. super annoying to watch almost as many ads as show when it costs to watch them,0,26.7.0+rc4-2026.05.01,2026-07-14T23:07:17,,
Disney+,com.disney.disneyplus,Entertainment,9d9fb3e6-9865-4716-b5bd-34a9513e49ba,Kristina McAfee-Lovell,5,,Great for the whole family,0,26.11.1+rc4-2026.07.03,2026-07-14T22:54:54,,
Disney+,com.disney.disneyplus,Entertainment,1bf28304-05fa-4891-a5cf-fc2677027700,Seb Bird,3,,so much lag in the actual app sometimes,0,26.11.1+rc4-2026.07.03,2026-07-14T21:20:40,,
Disney+,com.disney.disneyplus,Entertainment,d67ef88d-0527-467e-b881-04546671e2e9,Rosalba Rios,3,,Disney Plus is not projecting in my TV (dark screen only) for several days only on my cell to hen I have to project onto the tv screen,0,26.11.1+rc4-2026.07.03,2026-07-14T20:47:41,"Hi Rosalba! Sorry for the trouble. Please check if other devices are experiencing similar issues. Try clearing the app cache, reinstalling the app, and restarting your device. Ensure both the app and device are updated. For further assistance, please reach us at +1-888-905-7888. Thank you for your patience!",2026-07-15T06:30:32
Disney+,com.disney.disneyplus,Entertainment,89ee91c3-0d1e-453a-a6e5-cb8b5000f9e2,Rosalind Williams-yeoman,1,,my app has been stuck on updates for weeks can't do anything with it,0,26.0.2+rc1-2026.01.29,2026-07-14T18:20:22,,
Disney+,com.disney.disneyplus,Entertainment,9b2a66f7-e7d5-49b4-9d89-3932d7ca7e1f,iamwrath16,2,,Trillion dollar company that owns all of western media is still so money hungry I can't even use it at home and work without paying extra. pathetic.,3,26.11.1+rc4-2026.07.03,2026-07-14T18:20:13,,
Disney+,com.disney.disneyplus,Entertainment,5558acb2-8e41-4446-be88-fb4e1ad09a4d,Daphney Reyes,5,,I love you 😍,0,26.11.1+rc4-2026.07.03,2026-07-14T17:55:45,,
Disney+,com.disney.disneyplus,Entertainment,1492c063-1ada-47d2-abcd-487cf9ef7bd1,Mark Pahilanga,1,,"The app doesn't always work offline despite having downloaded content to watch. A message will come up saying ""couldn't connect to network"", and not allow me to go to the downloads section. Also, more often than not, trying to resume an episode will play it from the beginning. Furthermore, downloaded content will not sync with the app when connected to a network, so resuming an episode from where you left off is impossible. These are basic features that have been done right for years.",3,26.11.1+rc4-2026.07.03,2026-07-14T17:42:02,,
Disney+,com.disney.disneyplus,Entertainment,a1dfe87a-feed-46d0-b127-23da5f2a316d,Carl Pope,5,,works well on phone the occasional glitch which all apps have when overworked but all in all it's a decent streaming app,0,26.11.1+rc4-2026.07.03,2026-07-14T16:32:32,,
Disney+,com.disney.disneyplus,Entertainment,8e7681c7-59c3-4551-b8ab-231b00178fe2,Taylor Giddings,5,,"you guys r tripping this app is amazing, no problems whatsoever 5 stars",0,26.11.1+rc4-2026.07.03,2026-07-14T16:16:02,,
Disney+,com.disney.disneyplus,Entertainment,da2304c2-320e-4d09-ad54-43590a17b2aa,Rufus Hewitt,4,,"pls fix the quality image for phones, the picture is real terrible!! Bring Disney+ for Switch 2, bring back Buzz Lightyear of Star Command (Movie/series), Ghost Rider (extended version), The Amazing Spider-Man 1/2, Tobey Maguire Spider-Man Trilogy (Spider-Man 3's editor cut/Spider-Man 2 extended cut) and lastly House of Mouse pls and Fantastic Mr Fox back",3,26.11.1+rc4-2026.07.03,2026-07-14T16:15:19,,
Disney+,com.disney.disneyplus,Entertainment,ac75b5ce-5a53-463b-8984-f08e0de5d643,kenny,1,,"I’m currently using a Samsung Fold, but the Skip Intro feature isn’t working. I would have rated it 5 stars otherwise. thanks",0,26.11.1+rc4-2026.07.03,2026-07-14T15:48:05,,
Disney+,com.disney.disneyplus,Entertainment,c74161c5-ab28-4c34-8050-13601c5b45cf,Jeroen Coppieters,2,,"app does not add my phone to my household. even though I only use the app at home, it every time claims my device is not part of the household and I have to retrieve a verification code via email to connect. I have tried changing network settings on phone, no effect.",0,26.11.1+rc4-2026.07.03,2026-07-14T14:43:41,,
Disney+,com.disney.disneyplus,Entertainment,8be3b07d-7bf0-43cb-b654-5aef762eaf22,James Salazar,1,,"As of 7/14/26, this app has completely stopped working/ launching on my Android Tivo Streaming 4K device. The device & Disney+ app have the current updates, and I uninstalled & reinstalled, cleared the cache, etc. Why ITF am I paying for this!!!!",3,26.11.1+rc4-2026.07.03,2026-07-14T13:37:42,"Hi James! Sorry for the trouble. Please check if other devices are experiencing similar issues. Try clearing the app cache, reinstalling the app, and restarting your device. Ensure both the app and device are updated. For further assistance, please reach us at +1-888-905-7888. Thank you for your patience!",2026-07-15T06:33:31
Disney+,com.disney.disneyplus,Entertainment,1a447096-cf5d-4ed8-b4a8-81376bb98525,Captain Nyams,1,,downloads never seem to work when off-line so what's the point in downloading?,0,26.10.0+rc3-2026.06.13,2026-07-14T13:33:31,,
Disney+,com.disney.disneyplus,Entertainment,c0a7f6cb-ce62-49c5-97da-f7872dbaca85,Tyrell Meyer,1,,how about I'll update my subscription when yall quit dodging adds down my throat just to try and charge me to get rid of them. no ads at any level. only reason I switched from cable all those years ago.,0,,2026-07-14T12:24:27,,
Disney+,com.disney.disneyplus,Entertainment,ebd96bb2-0bad-4beb-ac07-6e877417d62c,Robbie Noble,1,,"Junk app on phone and smartTV! Trouble accessing content on a regular basis. Sometimes resolves after a few abortive attempts. If any streaming app is going to play up, it will be Disney+.",0,26.11.1+rc4-2026.07.03,2026-07-14T12:16:37,,
Disney+,com.disney.disneyplus,Entertainment,ba5d5aa5-7988-49ae-9283-1c207a14820f,skull,1,,"the subscription cost goes up every month, but besides that, the most bothersome 'quirk' of this money hungry conglomerate owned app is that they force 480p resolution on PC streaming if you plan to watch disneyplus on your computer or laptop, maybe after you just studied for a final exam at college, maybe you want to watch disneyplus at a coffee shop, WELL TOO BAD! disney plus is too lazy to develop their own anti piracy techniques, so they limit the resolution in fear that people will record",0,,2026-07-14T12:13:11,,
Disney+,com.disney.disneyplus,Entertainment,09bc945f-a718-45a5-a96a-9f01674c05c8,Arturo Mascareño,1,,keeps crashing and only shows error 83,0,26.11.1+rc4-2026.07.03,2026-07-14T12:08:36,"Hello, Arturo! We are so sorry for any issue caused with our platform. We invite you to contact one of our customer service agents to provide you with more personalized assistance and to review this error. You can do so by entering the following link: disneyplus.link/ContactUs. We'll be waiting for you!",2026-07-15T04:17:48
Disney+,com.disney.disneyplus,Entertainment,b29b9703-99c9-4835-9b0e-b1790d20e32c,oppie 507,1,,stop raising the price,0,26.11.1+rc4-2026.07.03,2026-07-14T11:15:20,,
Disney+,com.disney.disneyplus,Entertainment,8af247b1-e4bc-4c07-b295-cc7b06204f39,Jorge Asprino,1,,"impossible to use, the app does not launch on my phone since avout two weeks",0,26.11.1+rc4-2026.07.03,2026-07-14T11:09:44,,
Disney+,com.disney.disneyplus,Entertainment,294960ff-18a0-4a2a-a76d-8688981bb3b8,steffan mcguire,1,,"ADs break shows and movies, plays multiple times than skips to the end of show or movies. Have to relaunch and fast forward back to where you were and watch the useless ad again, ruins watching anything.",0,26.11.1+rc4-2026.07.03,2026-07-14T11:07:05,,
Disney+,com.disney.disneyplus,Entertainment,5011174f-af3d-4053-b0ba-0af01efd4a42,J Kamp,1,,It continues to log me off and say I have too many people on my account. I manage the account to make sure it is the proper amount but still have the issue. Customer support is not able to help and says I am wrong. This makes no sense and is supper frustrating,0,26.10.0+rc3-2026.06.13,2026-07-14T10:48:24,,
Disney+,com.disney.disneyplus,Entertainment,8a95394c-7fad-4908-bd44-886713e6f819,James,4,,add the ability to minimize into corner and its 5 stars,0,26.7.0+rc4-2026.05.01,2026-07-14T09:54:13,,
Disney+,com.disney.disneyplus,Entertainment,7f780c86-0049-456e-98cf-a2deef75c54b,Serenity Bernard,5,,every good,0,,2026-07-14T08:54:59,,
Disney+,com.disney.disneyplus,Entertainment,0ae21f33-3fcc-487a-b2ff-9e44b78bb040,Andrew W Ulschak Jr,1,,to many commercials,0,26.11.1+rc4-2026.07.03,2026-07-14T08:17:38,,
Disney+,com.disney.disneyplus,Entertainment,b785ac78-8d5d-4e95-ac70-e2ff0f64dc47,Tomas Prestamo,1,,"Absolutely ridiculous to have adds on a SUBSCRIPTION service. I already pay you monthly, and pay you decently for the Hulu and ESPN bundle. Not to mention how ridiculous it is for there to be adds about Disney plus while I am ACTIVELY USING Disney plus???",0,4.18.1+rc6-2025.11.05,2026-07-14T07:47:01,,
Disney+,com.disney.disneyplus,Entertainment,a0ccc3be-b743-4a4d-9739-23ff1589119c,Igor Guryev,1,,I'm paying for the subscription and I have to watch the commercials? Worst streaming.,0,26.11.1+rc4-2026.07.03,2026-07-14T07:35:06,,
Disney+,com.disney.disneyplus,Entertainment,35ac624a-14e8-4d95-8ffc-7cb2c703c463,Kimberly Taylor,1,,unusable. When it works it works for a few minutes but then it gives up and produces a black screen,1,26.11.1+rc4-2026.07.03,2026-07-14T07:32:33,"Hi Kimberly! Sorry for the trouble. Please check if other devices are experiencing similar issues. Try clearing the app cache, reinstalling the app, and restarting your device. Ensure both the app and device are updated. For further assistance, please reach us at +1-888-905-7888. Thank you for your patience!",2026-07-14T09:00:46
Disney+,com.disney.disneyplus,Entertainment,2f781a3d-1ea3-4fb5-968f-00e26873513e,Chase Balkcom,1,,horrible app,0,26.11.1+rc4-2026.07.03,2026-07-14T06:59:10,,
Disney+,com.disney.disneyplus,Entertainment,1bed7115-c5ef-4eec-a20b-d93ed24edc1c,Emma O.0,1,,"So incredibly frustrating that you merged with Hulu and immediately added ads to every single bit of content on the app. I get finishing the contracts Hulu had with advertising companies, but to continue making those contracts, and on Disney original content, is so pathetically money hungry. And now there's tiers, because of course there is, now the original subscription is the ""basic"" one. Heaven forbid you have any sort of internet issue, you get kicked out and another ad. It's not worth it.",2,26.10.0+rc3-2026.06.13,2026-07-14T06:36:29,,
Disney+,com.disney.disneyplus,Entertainment,3c37ce2f-7edb-434c-a545-54e6a102825f,Eric Craig,4,,this app is frickin awesome I really love this app in fact my grandma been watch this app since she was a little girl and so she passed it down through generations but the one problem is you gotta stop removing the good shows and adding horrible shows like if you keep add awesome and amazing shows that everyone likes them your app will be more loved!,0,26.11.1+rc4-2026.07.03,2026-07-14T05:55:44,,
Disney+,com.disney.disneyplus,Entertainment,7e49e55a-058a-4252-a802-bc71060da82e,Douglas Lima,1,,"The Android app keeps showing ""Access Restricted"", asking for age verification through Google. I'm an adult, my birth date is correct, I have no parental controls, and I've tried everything: clearing cache, reinstalling, logging in again, and checking my Google account. Nothing works. The website works, but the app doesn't. This is a paid service and this issue has been affecting many users for far too long. Please fix it.",2,26.11.1+rc4-2026.07.03,2026-07-14T05:07:23,"Hello, Douglas! Thanks for reaching out. We are already investigating this behavior. In the meantime, you can access the service via a web browser or other devices. If you need further assistance, we’re here to help! Our Help Center is always available at disneyplus.link/ContactUs.",2026-07-18T18:37:50
Disney+,com.disney.disneyplus,Entertainment,45e112e3-66dc-4c91-b19c-3cdbd85e2612,Courtney Moore,1,,keeping a verify age error. im freaking 44 and it all correct,0,26.11.1+rc4-2026.07.03,2026-07-14T05:00:03,"Sorry for the trouble, Courtney. We would like to investigate this matter further. When you have a moment, please reach out to us for personalized support directly via phone at 1-888-905-7888. We're here to assist you!",2026-07-14T09:08:44
Disney+,com.disney.disneyplus,Entertainment,7a881792-ffcc-4c67-bd7b-4927a8c854a5,Deborah Schneider,4,,great thanks,0,26.11.1+rc4-2026.07.03,2026-07-14T04:49:19,,
Disney+,com.disney.disneyplus,Entertainment,7e822b27-35ac-4f0a-b6c9-73698b50eabf,Denise grant,1,,we is my movies speaking Spanish,0,26.11.1+rc4-2026.07.03,2026-07-14T04:19:54,,
Disney+,com.disney.disneyplus,Entertainment,e9e3442a-6598-4e65-82e0-928665667a01,Ricardo Salvio,1,,Conexão entre Disney+ e as contas do Google está com falha. Não é possível fazer login mais.,0,4.19.3+rc1-2025.11.21,2026-07-14T04:14:49,"Olá, Ricardo! Agradecemos o contato. Já estamos investigando esse comportamento. Enquanto isso, você poderá acessar o serviço pelo navegador ou por outros dispositivos. Se precisar de ajuda adicional, estamos aqui para ajudar! Nossa Central de Ajuda está sempre disponível em disneyplus.link/ContactUs.",2026-07-14T05:10:23
Disney+,com.disney.disneyplus,Entertainment,daab3022-dbe6-46ff-9463-03bc5dfd2120,Tim Terrezza,1,,cannot access downloads without internet. whats the point of the download? just errors when app opens,0,26.11.1+rc4-2026.07.03,2026-07-14T04:08:53,,
Disney+,com.disney.disneyplus,Entertainment,48fe7093-d407-40d7-b2d7-6a2c02300faa,Peter Greatorex-Davies,3,,"Generally great app and content. Can't load the app without an internet connection though, which partially defeats the point of being able to download films.",0,26.11.1+rc4-2026.07.03,2026-07-14T03:51:51,,
Disney+,com.disney.disneyplus,Entertainment,e86a6bb0-a29d-4584-bc46-cd3bc95125ea,Chen Zhang,1,,"Cannot open the app almost 1 week already. Everytime pop-out access restriction. I don't understand why fix a bug is so difficult, looks like just reluctant to that. Feel very disappoint",0,26.11.1+rc4-2026.07.03,2026-07-14T03:43:30,,
Disney+,com.disney.disneyplus,Entertainment,f0fe0c7a-fc6b-4316-9e02-d4a7b54f9201,Andrew Bauer,2,,Can't watch downloaded videos offline - I downloaded them specifically to watch while flying. What's the point of downloading them if I can't watch them offline?,0,26.10.0+rc3-2026.06.13,2026-07-14T03:20:37,,
Disney+,com.disney.disneyplus,Entertainment,ba6fb299-11fb-4859-a8fd-48b191381b6c,Johnny Doe,1,,Nagging for reviews,0,26.1.2+rc2-2026.02.23,2026-07-14T03:17:38,,
Disney+,com.disney.disneyplus,Entertainment,ff3fa11c-c14e-426c-87be-8391529ed352,Carl (Saknussemm),2,,"Keeps asking me to change my household to the current location, but it's the same TV and location as always!",0,4.10.0-rc2-2025.06.27,2026-07-14T03:12:50,,
Disney+,com.disney.disneyplus,Entertainment,41b3985b-c829-49d6-bb70-e4c486e51b4a,Mayur Bojappa,1,,It keeps freezing after ad and doesn't let u go past it. Starts the show back again before tha ad and can't go past it. Extremely irritating,1,26.11.1+rc4-2026.07.03,2026-07-14T03:05:55,,
Disney+,com.disney.disneyplus,Entertainment,f35bc3b7-17d5-451f-a011-dcab650445ee,Tracy T. Leeks,5,,"I love Disney Plus, especially for the Marvel content. I also have Hulu with my subscription.",1,26.11.1+rc4-2026.07.03,2026-07-14T03:05:05,,
Disney+,com.disney.disneyplus,Entertainment,df1c3c96-24af-424e-a6d7-31131381b80b,Mundaneislandas,1,,"so far it had been great until today, it started saying my access on the app was restricted and to check my Google account information if it was an error (which it obviously is since I'm 21). All of my information is updated, confirmed, and solid. Now at first I was sharing my dad's account when this started. I made my own subscription and for about 30 seconds it worked again, and then it hit me with the same access restricted error. I don't know what's going on buts it's very disappointing.",2,26.11.1+rc4-2026.07.03,2026-07-14T02:21:55,,
Disney+,com.disney.disneyplus,Entertainment,b26b06b1-dfab-4f6c-89e2-ebc6e0b9a391,Carlos Romero,1,,3 days and counting crashing out,0,26.11.1+rc4-2026.07.03,2026-07-14T02:16:18,"Hello, Carlos! We're so sorry to read about this, and we appreciate your report. We recommend you take these steps: https://disneyplus.link/BrowserCache. If the situation persists, please contact us via chat or call using the options at the bottom of the page. Best regards.",2026-07-14T04:02:00
Disney+,com.disney.disneyplus,Entertainment,409f3d88-2199-4d33-a537-66745c509761,Rob Minto,5,,I'm A Disney Fan,0,26.11.1+rc4-2026.07.03,2026-07-14T01:43:52,,
Disney+,com.disney.disneyplus,Entertainment,9c9e464e-1eca-43c2-94a2-9536c3a189f6,Raphael de Castro Reis,1,,"Downloads ist das nutzloseste Feature ever. Was bringen mir Downloads, wenn die App sich im Flugmodus nicht öffnen lässt???!?!?",0,26.11.1+rc4-2026.07.03,2026-07-14T01:31:38,,
Disney+,com.disney.disneyplus,Entertainment,f5c261cb-b2e2-42c9-a45c-7f23846a63e8,Don R,1,,unable to get this app to work on an Android TV by Google TV on a Sony Bravia TV. have worked with the Disney plus help without success was told that this is a known problem. I was refunded $17 and changeand told to call back,1,26.11.1+rc4-2026.07.03,2026-07-14T01:08:12,,
Disney+,com.disney.disneyplus,Entertainment,a300c3d3-9107-40a9-9bec-2b613884765a,Luis Fernando Torres,1,,la aplicación se está cerrando,0,26.11.1+rc4-2026.07.03,2026-07-14T00:59:00,"¡Hola, Luis! Sentimos los inconvenientes. Te compartimos el siguiente enlace con una guía para intentar solucionarlo: disneyplus.link/PowerCycle. Si la situación persiste, no dudes en contactarnos vía chat o llamada al final de la página para revisar tu dispositivo. ¡Te esperamos!",2026-07-14T01:46:01
Disney+,com.disney.disneyplus,Entertainment,f4b6f7fe-a404-4716-ae02-95ee22d5ac25,Audrey Moss,1,,app has been down nearly a week on android and apple devices from our phones' last forced up date.,0,26.11.1+rc4-2026.07.03,2026-07-14T00:56:37,"Hi Audrey! Sorry for the trouble. Please check if other devices are experiencing similar issues. Try clearing the app cache, reinstalling the app, and restarting your device. Ensure both the app and device are updated. For further assistance, please reach us at +1-888-905-7888. Thank you for your patience!",2026-07-14T09:07:12
Disney+,com.disney.disneyplus,Entertainment,5a0ed85e-923a-4860-a74c-790637f93deb,Vanessa Polzin,1,,Unable to see app on my Chromebook due to a restriction that doesn't existed. The app sucks.,0,26.11.1+rc4-2026.07.03,2026-07-13T23:58:30,"Sorry for the trouble, Vanessa. We would like to investigate this matter further. When you have a moment, please reach out to us for personalized support directly via phone at 1-888-905-7888. We're here to assist you!",2026-07-14T09:10:16
Disney+,com.disney.disneyplus,Entertainment,908c1c74-541d-4f5f-a88a-b4a88da301b6,Brooke Beasy,3,,"It buffers constantly. Very annoyed, especially because the app is expensive.",1,26.11.1+rc4-2026.07.03,2026-07-13T23:43:00,"Hello Brooke! Sorry for the trouble. To resolve any app issues or playback trouble, please visit this article on the Disney+ help site titled (How to fix streaming issues). If still unresolved, contact us via chat or phone at 1-888-905-7888. We'd love to help!",2026-07-14T09:19:31
Disney+,com.disney.disneyplus,Entertainment,24372a6a-825a-4573-8fe4-ac2bd688fc59,Matthew Higham,1,,"App keeps asking me to verify my age using my Google account. I've verified my age on Google, confirmed this has been done, and this app STILL won't let me do anything. Can access media using the browser version just fine, can also use the app on my phone just fine. Chromebook app is the one sucking....",0,26.10.0+rc3-2026.06.13,2026-07-13T23:28:32,,
Disney+,com.disney.disneyplus,Entertainment,21a3f2b3-b342-437b-a81e-b5f48a6d8d82,Lily Hoffpauir,2,,Fix your app on Google play Disney. It is not letting anyone access due to complications of verification of age when the Google account clearly says that a person is at the right age to have their own account.,0,26.11.1+rc4-2026.07.03,2026-07-13T23:05:34,"Sorry for the trouble, Lily. We would like to investigate this matter further. When you have a moment, please reach out to us for personalized support directly via phone at 1-888-905-7888. We're here to assist you!",2026-07-15T06:37:44
Disney+,com.disney.disneyplus,Entertainment,b3892e1e-f670-4a84-8935-8febe8acf192,Bonny Hadweh,5,,awesome,0,26.11.1+rc4-2026.07.03,2026-07-13T23:01:51,,
Disney+,com.disney.disneyplus,Entertainment,1a131baf-2abe-4b6b-87c5-73b6ed1faf69,Bev Arnett,1,,"why when I've changed my phone is it asking me to verify my age in Google, I can not get on it now",0,26.11.1+rc4-2026.07.03,2026-07-13T22:58:37,,
Disney+,com.disney.disneyplus,Entertainment,940c5e1b-c5f3-43cd-bb8a-d24d7a8848a0,Christian Faux,2,,if I want to watch the damn app on my phone at my fiancee's house you don't have the right to keep me from the content I am actively paying for. keep this up and I'll just cancel my subscription.,0,26.11.1+rc4-2026.07.03,2026-07-13T22:13:00,,
Disney+,com.disney.disneyplus,Entertainment,9aa9b244-e695-48ec-9b69-d4463a926829,Christian Valdez,1,,"app keeps crashing on phone, on my tv it just says error 83",0,26.11.1+rc4-2026.07.03,2026-07-13T20:12:10,"Hello, Christian! We're so sorry to read about this, and we appreciate your report. We recommend you take these steps: disneyplus.link/BrowserCache and disneyplus.link/Error83. If the situation persists, please contact us via chat or call using the options at the bottom of the page. Best regards.",2026-07-14T03:55:11
Disney+,com.disney.disneyplus,Entertainment,2082cc53-0979-435e-af57-b5f5d8f13793,Levi Landry,1,,What's the point of downloading movies if you can't watch them in airplane mode? running this off my Pixel and I don't really see the point if I can't watch movies that are downloaded. I've been doing a lot of traveling lately and I was really hoping to catch up on some shows while stuck in a plane. as soon as I launch the app it says offline... no other options.,3,26.11.1+rc4-2026.07.03,2026-07-13T19:51:12,,
Disney+,com.disney.disneyplus,Entertainment,b979235f-7e07-476c-bfa1-69321dba1f57,Joey P.,1,,Downloads or app in general doesn't work unless on WiFi and it just started happening. I've reported it several times and pay for the premium plan yet can't use the app or premium features.,1,26.11.1+rc4-2026.07.03,2026-07-13T19:14:49,,
Disney+,com.disney.disneyplus,Entertainment,9a8e18d8-9487-47e4-bd0b-26b6e1b4eb41,Alicia Reynolds,1,,"It's always been our laggiest app, but since the newest update, it buffers every minute or two and will only play again if we hit the back up button (which means we have to re watch 10 seconds every little bit, ugh). We do not have this issue with ANY of our other apps, so it's not a wifi issue. If this doesn't get better, we're going to have to cancel our subscription.",2,26.5.1+rc1-2026.04.08,2026-07-13T19:04:55,"Hello Alicia! Sorry for the trouble. To resolve any app issues or playback trouble, please visit this article on the Disney+ help site titled (How to fix streaming issues). If still unresolved, contact us via chat or phone at 1-888-905-7888. We'd love to help!",2026-07-15T07:07:44
Disney+,com.disney.disneyplus,Entertainment,38d4d177-bca7-4527-ad8c-f0a8bc1dae75,Tomo CIMALICA,1,,"No Croatia in cartoons, so shity app and devs, buy audio from Croatian Blitz film, Jadran or some others... we have all Disney translation in Hrvatska, so don't be rats.",0,26.10.0+rc3-2026.06.13,2026-07-13T18:17:15,,
Disney+,com.disney.disneyplus,Entertainment,64d3db3e-e64b-40a7-ab57-bce9c020c1cd,Renay Mccoy,1,,horrible it wont load and when it does it lags and for disney to even ask you to pay with adds and charge the amount they do without them how did it double when old stuff is on there?,0,26.11.1+rc4-2026.07.03,2026-07-13T17:53:45,,
Disney+,com.disney.disneyplus,Entertainment,c7b0f9ef-5cb3-4c9a-8efc-390fff2066bc,Cynthia Castillo,2,,the substitute are miniature. I tried looking up how fo make them bigger but couldn't figure it out,0,26.11.1+rc4-2026.07.03,2026-07-13T17:45:14,"Sorry for the trouble, Cynthia. We would like to investigate this matter further. When you have a moment, please reach out to us for personalized support directly via phone at 1-888-905-7888. We're here to assist you!",2026-07-15T07:19:17
Disney+,com.disney.disneyplus,Entertainment,72ecf8b7-3b7c-4b85-90fe-3090d7df83e3,Bec,1,,the app continuously tells me that access is restricted. I am 37yrs old and I am the account holder. Please fix this,0,4.19.3+rc1-2025.11.21,2026-07-13T15:52:16,,
Disney+,com.disney.disneyplus,Entertainment,891697e0-4cc6-4019-aaa4-dbbb5231e79f,Juancho Batalla,5,,love it,0,26.11.1+rc4-2026.07.03,2026-07-13T14:41:38,,
Disney+,com.disney.disneyplus,Entertainment,4df8fb2e-4241-43c1-b95f-0e1e97c9aa95,Levi Butler,1,,this is actual garbage 5 ads in 20 minute episodes are unacceptable especially since im pay for this one time there was an ad before the show and then another ad 2 minutes in im not exaggerating,0,26.11.1+rc4-2026.07.03,2026-07-13T14:22:56,,
Disney+,com.disney.disneyplus,Entertainment,54521597-acfd-472e-b100-7b0eb7ef3e9c,Claudio de Carvalho Rojo,1,,"App was running fine till a few days ago it started giving me a message saying ""Access restricted"" and telling me something about my Google account age not being verified, which is completely untrue and I've checked multiple times. Haven't found any ways to fix it and support has been useless. The service still works on other devices like a PS5 but the mobile app version has become completely unusable.",1,26.11.1+rc4-2026.07.03,2026-07-13T14:19:01,,
Disney+,com.disney.disneyplus,Entertainment,45a7ddc3-7878-4a67-a658-7f354d458625,J,1,,"Ads, ads, ads. You pay for the monthly sub but get bombarded by ads anyway. Absolutely terrible",0,26.11.1+rc4-2026.07.03,2026-07-13T13:44:01,,
Disney+,com.disney.disneyplus,Entertainment,c3d4ac38-be19-418f-9634-a622cf9244c6,Rick Montalvo,1,,"Restricted Access shows and cannot use the app. I started to get this message on my phone app today after years of using this app and there is no documented, or at least easy to find fix for this. This has been the most frustrating experience to date with an app. I have tried from unistalling the app to clearing the cache and still no luck with this app.",0,26.6.0+rc5-2026.04.21,2026-07-13T12:39:12,"Sorry for the trouble, Rick. We would like to investigate this matter further. When you have a moment, please reach out to us for personalized support directly via phone at 1-888-905-7888. We're here to assist you!",2026-07-15T08:00:56
Disney+,com.disney.disneyplus,Entertainment,3bac2e9a-9719-43f8-9751-01064ae9eea9,Jaye A.S.,1,,it keeps telling me to check my parental controls and I dont have any on at all cant use disney or hulu,0,,2026-07-13T11:52:59,"Sorry for the trouble, Jaye. We would like to investigate this matter further. When you have a moment, please reach out to us for personalized support directly via phone at 1-888-905-7888. We're here to assist you!",2026-07-15T08:01:36
Disney+,com.disney.disneyplus,Entertainment,58fb189f-2339-4d00-821a-3f7dcc34515b,Franklin Ofimatic,1,,en smart tv no funciona bien la app .,0,26.11.1+rc4-2026.07.03,2026-07-13T11:51:06,"¡Hola, Franklin! Sentimos los inconvenientes presentados al momento de disfrutar de nuestra plataforma. Por favor, sigue los siguientes pasos, podrían serte de utilidad: disneyplus.link/BrowserCache. Si la situación persiste y necesitas asistencia adicional, contáctanos vía chat o llamada en las opciones al final de la página. ¡Saludos!",2026-07-14T03:23:42
Disney+,com.disney.disneyplus,Entertainment,c218e37e-0615-46a4-8fce-2c3c2881b80c,Julie Breslau,5,,makes me feel like a kid,0,26.11.1+rc4-2026.07.03,2026-07-13T11:45:36,,
Disney+,com.disney.disneyplus,Entertainment,0d6c5ced-88ec-4190-bcd5-329662bbdb7d,Aryanna,1,,"Everything I play a show on my phone, my screen turns green",0,26.10.0+rc3-2026.06.13,2026-07-13T11:09:19,"Hi Aryanna! Sorry for the trouble. Please check if other devices are experiencing similar issues. Try clearing the app cache, reinstalling the app, and restarting your device. Ensure both the app and device are updated. For further assistance, please reach us at +1-888-905-7888. Thank you for your patience!",2026-07-15T08:22:34
Disney+,com.disney.disneyplus,Entertainment,e7204fd2-a497-43be-8493-30ea80fc42cd,Kat Copp,1,,"work great on the TV, phone and on chrome, but the actual app for Chromebook is garbage. Was iffy before, now no longer works, now gives error message and won't even let me log in saying my account is ""restricted"" (yet up and running everywhere else)",0,26.11.1+rc4-2026.07.03,2026-07-13T10:15:29,,
Disney+,com.disney.disneyplus,Entertainment,00011138-94d7-465d-834b-70187b0dbf15,Ray Hoertz,1,,crashes within a few seconds every time I open it. I've tried clearing the data and uninstalling and reinstalling it. nothing works. crashes started happening today,1,26.11.1+rc4-2026.07.03,2026-07-13T10:07:29,"Hi Ray! Sorry for the trouble. Please check if other devices are experiencing similar issues. Try clearing the app cache, reinstalling the app, and restarting your device. Ensure both the app and device are updated. For further assistance, please reach us at +1-888-905-7888. Thank you for your patience!",2026-07-15T08:31:51
Disney+,com.disney.disneyplus,Entertainment,80caa372-6f40-4975-9653-9b58f907b783,Francisco Rendón,1,,"NO SE ABRE EN GOOGLE TV Y FIRE STICK NO LO COMPREN. Estoy arto del codigo error 83, como es posible que una app como disney este fallando tanto, primero fue en mi televisor con googel tv, luego en los fire stick y ahora en el celular, una completa estafa, quiero la devolución de mi dinero",0,26.11.1+rc4-2026.07.03,2026-07-13T09:30:55,"¡Hola, Francisco! Sentimos esta situación. Por favor, sigue los siguientes pasos: disneyplus.link/BrowserCache y disneyplus.link/Error83. También nos puedes contactar al final de la página, para revisar con más detalle tu caso. ¡Saludos!",2026-07-14T01:53:50
Disney+,com.disney.disneyplus,Entertainment,4f98c3d0-1a3f-4f53-b33f-37f0c29bbfe1,Beth Dunlap,1,,thoroughly unhappy that I am unable to use my account on my Chromebook due to the age restrictions & needing a parent to approve when I am in my 40s. possibly canceling if this doesn't change.,0,26.11.1+rc4-2026.07.03,2026-07-13T09:29:23,,
Disney+,com.disney.disneyplus,Entertainment,f5dc6627-5147-4868-8667-e997fed946f5,Eli Oliveri,1,,"For a 20 minute episode of anything, you must endure 6 minutes of ads. I am not exaggerating. I did math. That's an added 30% of stuff you didn't want to watch. It makes sense for TV, but not a streaming service you already PAY for. No matter where I watch or on whose account or on what device, Disney+ ALWAYS crashes. Wanna fast forward? CRASH. Wanna rewind? CRASH. Wanna payse for two seconds, get a cup of water, take a potty break and come back for more anime? 6 MINUTES OF ADS AND THEN CRASH!",0,26.11.1+rc4-2026.07.03,2026-07-13T09:04:36,,
Disney+,com.disney.disneyplus,Entertainment,15f56396-ac16-44f2-bb7d-d17b34ec3dfa,Juani Momo,1,,"Estoy en una zona donde mi recepción no es ideal, así que intento hacer uso de la función de descarga que la aplicación ofrece. No te imaginas mi rabia al descubrir, varias horas después, que no se descargo nada porque aparentemente se necesita una conexión 5G para siquiera iniciar una descarga",0,26.5.1+rc1-2026.04.08,2026-07-13T08:39:28,"¡Hola, Juani! Nos disculpamos por las molestias generadas. Por favor, ingresa a este enlace: https://disneyplus.link/DownloadTrouble. También nos puedes contactar vía chat o llamada en las opciones al final de la página, para brindarte una mayor asistencia y poder revisar tu caso. ¡Te esperamos!",2026-07-14T01:01:46
Disney+,com.disney.disneyplus,Entertainment,9341f505-d507-4f29-9e2b-477d9f79bfd3,Pamela Luyo,1,,"app is saying there's an issue with age verification. My age verification has been completed on my Google account, yet I can get into the app.",0,26.11.1+rc4-2026.07.03,2026-07-13T08:08:37,,
Disney+,com.disney.disneyplus,Entertainment,5236b478-deef-4b01-af0d-3422de0a3385,E Waters,4,,mostly good. except for 10 to 15 seconds of audio drop before commercials.,0,26.3.0+rc4-2026.03.12,2026-07-13T07:50:18,,
Disney+,com.disney.disneyplus,Entertainment,2a73ce23-27e6-4025-ab9f-b9d385aa2f49,Brooke Wofford,3,,"the app allows me to download videos, but won't allow playback when I am out of service.",0,26.11.1+rc4-2026.07.03,2026-07-13T07:42:42,,
Disney+,com.disney.disneyplus,Entertainment,a2abf0d6-3ca7-4ef4-89c0-2f899e8ec434,Michael Johnston,1,,never loads properly,1,26.11.1+rc4-2026.07.03,2026-07-13T07:37:27,,
Disney+,com.disney.disneyplus,Entertainment,7c11dc72-1e0a-402c-b2e5-4440ffa0e1a0,delores Kincer,3,,"I love Disney! But I cannot in good conscience give 5 stars when they can't figure out that both of my TVs are in the same house they always have been. Every time we have a storm and my 5G home internet goes stupid, Disney logs me out and says I can't update my household. Im on the same couch, watching the same TV , in the same house. can't you go by the location of my phone or something. or identifying markers of my TV its self, not the IP of my home internet? Disney is the ONLY one !!!!",0,26.11.1+rc4-2026.07.03,2026-07-13T07:27:04,,
Disney+,com.disney.disneyplus,Entertainment,61234ba4-2bcc-4787-b059-180bcc63f7f6,Vinícius Comper,1,,"Não consigo logar! Uma mensagem de bloqueio informa que é necessária uma verificação de idade associada ao meu account Google, mas a minha conta sempre esteve devidamente verificada. A Disney não resolve e o Google não resolve. Única solução será cancelar a minha assinatura.",0,26.11.1+rc4-2026.07.03,2026-07-13T07:25:56,"Olá, Vinícius! Agradecemos o contato. Já estamos investigando esse comportamento. Enquanto isso, você poderá acessar o serviço pelo navegador ou por outros dispositivos. Se precisar de ajuda adicional, estamos aqui para ajudar! Nossa Central de Ajuda está sempre disponível em disneyplus.link/ContactUs.",2026-07-14T04:18:41
Disney+,com.disney.disneyplus,Entertainment,105ff233-74d0-42c2-89d1-ae0fb733df6f,Fern,5,,love watching my shows been four years and does not get old,0,26.11.1+rc4-2026.07.03,2026-07-13T06:52:11,,
Disney+,com.disney.disneyplus,Entertainment,f66c5b91-56b6-41de-98be-c8c247af9eb9,Jonathon vacek,1,,unable to use due to the bs age verification. It says i'm restricted but when I try to verify my age (i'm in my twenties btw) Google says I do not need to yet the app refuses to allow me to continue without verification. absolutely terrible,0,26.11.1+rc4-2026.07.03,2026-07-13T06:36:36,,
Disney+,com.disney.disneyplus,Entertainment,16443af0-dea0-4cbf-ba48-03c5a4a5c1db,Thiago Renzzo,1,,not working in several devices. parental block and I'm the owner of the profile. a true terrible and trash service system and terrible customer support,0,26.3.0+rc4-2026.03.12,2026-07-13T06:24:16,,
Disney+,com.disney.disneyplus,Entertainment,8073ed79-b39d-431c-afbe-26ea6daf18ad,Murat Çoker,1,,this app is absolute garbage after commercials you can't watch anything it goes black and then you go back to restart the movie or the show and you get a black screen once again after the commercials and the commercials repeat and repeat and repeat,3,26.11.1+rc4-2026.07.03,2026-07-13T05:56:45,,
Disney+,com.disney.disneyplus,Entertainment,5d6c28f4-005a-4cbc-97f1-88ee897d3077,Tulio Augusto,1,,impossível utilizar. Enviei o RG para o Google verificar a minha identidade e aguardei 5 dias úteis para receber retorno. Após isso comecei a pagar o plano do DisneyPlus e quando fui acessar recebi a mensagem de acesso restrito. Não consigo acessar de nenhuma forma o aplicativo,0,,2026-07-13T05:49:47,"Oi, Tulio! Agradecemos o contato. Já estamos investigando esse comportamento. Enquanto isso, você poderá acessar o serviço pelo navegador ou por outros dispositivos. Se precisar de ajuda adicional, estamos aqui para ajudar! Nossa Central de Ajuda está sempre disponível em disneyplus.link/ContactUs.",2026-07-13T20:41:54
Disney+,com.disney.disneyplus,Entertainment,5a34c587-e11f-4f0e-b1d0-3ae77db8a777,Since 1776,1,,the age verification is BS it's looking through your Gmail for any account that you may have linked on the original account not just account you use to sign in but if your Gmail has multiple accounts it wants you to age verify all of them just to use the one Gmail that you might use to sign into your Disney Plus that is excessive and extremely unnecessary...,0,,2026-07-13T05:37:46,,
Disney+,com.disney.disneyplus,Entertainment,6f2d2584-d73b-4ed2-96e5-3002babc8c47,Poops Onurhead,3,,could do better. I mean ad free should mean ad free right? yes great options but if you tell me it's ad free deceptively then that goes against my customers protection.......fix it,0,26.11.1+rc4-2026.07.03,2026-07-13T05:28:08,,
Disney+,com.disney.disneyplus,Entertainment,d249fb41-c711-465b-b7af-24b3df6f9f8c,MaryAnne,1,,"I'm being restricted from using the app and there's absolutely no reason this should be happening. I did the uninstall reinstall thing and that didn't work. This app has been giving me nothing, but trouble for a very longggg time. it's always something.",0,,2026-07-13T05:26:23,,
Disney+,com.disney.disneyplus,Entertainment,86330094-cc60-44a6-a17d-39d0ae9a843d,Ernie Stockstill,5,,good,0,26.11.1+rc4-2026.07.03,2026-07-13T04:39:55,,
Disney+,com.disney.disneyplus,Entertainment,9a21a8da-14e8-4b57-ba70-50714801bc60,Leroy Malone (EnragedRoy),3,,add a thumbs down button,0,26.7.0+rc4-2026.05.01,2026-07-13T04:17:03,,
Disney+,com.disney.disneyplus,Entertainment,5d0cba7c-4dee-444d-96d2-7c8712868aa3,Devin Deschenes,1,,This glutted cash-grab is sure to leave you feeling tense and angry when all you're trying to do is relax. It is one of the most expensive streaming apps and also one of the most unreliable. The bottom tier is just an all-out assault of repetitive commercials occasionally interrupted by your show which will freeze multiple times because 'something went wrong.' Over and over again. The app will close for no reason. Sometimes your show simply won't play. It frequently crashes. Zero stars.,3,26.11.1+rc4-2026.07.03,2026-07-13T04:11:18,,
Disney+,com.disney.disneyplus,Entertainment,919283c0-1d1e-47f1-b18b-db84163cc4ae,Veronica Ross,5,,Disney plus is awesome if you don't have it I suggest you get it it has Pixar Star wars marvel and Disney itself and Hulu. I have the Disney Plus Hulu and HBO Max and it's worth every penny I pay it's only $19.99,0,26.11.1+rc4-2026.07.03,2026-07-13T04:06:15,,
Disney+,com.disney.disneyplus,Entertainment,443eba58-8cb1-4bf4-8594-591910377461,Kevin Arthur,2,,"It would be nice if I didn't to uninstall and reinstall this app every few months to get it to keep working. For the exorbitant amount we spend for this service, you would think they could keep their app functional. Ridiculous.",0,,2026-07-13T03:58:50,,
Disney+,com.disney.disneyplus,Entertainment,828367ef-72f5-463d-a625-ead726bc6f07,Gemma Lewis,1,,this app doesn't work on my tablet since the update. I get error code 39 and follow all instructions to get it to work and nothing helps.,2,26.11.1+rc4-2026.07.03,2026-07-13T03:45:51,,
Disney+,com.disney.disneyplus,Entertainment,f2f0a9a1-39c7-4a53-8b20-b5ee09a32960,Shane Cassata,1,,"Thought I'd leave this review while an ad played. I would only pay for this type of content at a discounted rate, but I overlooked this was for the peasant-tier with ads. Oops. Oh well.",1,26.11.1+rc4-2026.07.03,2026-07-13T03:39:07,,
Disney+,com.disney.disneyplus,Entertainment,0539aa9b-18de-4d21-aca6-eaaee9bc7527,Hayden Hirt,1,,offline mode with downloads is horrible,0,26.11.1+rc4-2026.07.03,2026-07-13T03:06:33,,
Disney+,com.disney.disneyplus,Entertainment,af0ff290-4181-48ad-a941-bd987fe053ae,That Ginger,1,,"Actually unusable. I can't use the app on my phone to watch stuff on my lunch breaks at work because I'm away from home – on my own family account – and I've run out of ""I'm away from home"" presses. This is a backwards function that has actually made my family unsubscribe. The app functionality was already going downhill, this is just the nail in the coffin. Absolutely useless app and greedy company.",82,26.11.1+rc4-2026.07.03,2026-07-13T02:54:29,,
Disney+,com.disney.disneyplus,Entertainment,5b89686b-8395-4764-a27b-699006f6a7fa,Tim Smith,5,,super,0,,2026-07-13T02:28:07,,
Disney+,com.disney.disneyplus,Entertainment,89465942-c21a-4d7a-93ed-1fae42d13d71,Hallie Nosko,5,,yeah,0,26.11.1+rc4-2026.07.03,2026-07-13T01:10:41,,
Disney+,com.disney.disneyplus,Entertainment,d05babd5-9a81-4995-bab4-c400075e7c29,Otavio Arvizu,1,,"unstable, constant crashes or crashing at launch",0,,2026-07-13T01:07:38,"Hello Otavio! That's not the experience we're hoping for. We invite you to try these steps: disneyplus.link/Uninstall. Also, we recommend a second link with additional steps you can follow: disneyplus.link/PowerCycle. If the issue persists, please reach out to us via phone/chat using the options at the bottom of the pages. Have a good one!",2026-07-13T06:48:52
Disney+,com.disney.disneyplus,Entertainment,3c9c4317-96c9-424c-a841-d406edca4946,Sergio Alberto Mercado Celaya,1,,"After latest update I cannot longer open the app, some times it crashes just after logo animation, other times it shows the error 83 message. I have tried all the steps from the help center but nothing works.",1,26.11.1+rc4-2026.07.03,2026-07-13T00:56:36,"Hi Sergio! That's not the experience we're hoping for. We'll check it in more detail. When you have a chance, please connect with us through this link: disneyplus.link/ContactUs, via phone/chat. We'll investigate this further with you. Have a good one!",2026-07-13T06:46:44
Disney+,com.disney.disneyplus,Entertainment,d1662d0c-8e2c-47b8-be3e-a37ed76dd6d9,Lorcan Quain,1,,Impossible to watch my downloads with airplane mode on,0,26.11.1+rc4-2026.07.03,2026-07-13T00:14:52,,
Disney+,com.disney.disneyplus,Entertainment,0a0f3fbb-42e7-4fe5-beb0-6e64cbf7fe81,Foad Ibrahim,1,,"The app has become absolute garbage. Screen shuts off during commercials and, when you come back to your show, have to sit through ads again. When you stop a show, it does not remember where you left off and have to start the show (and the full ads) all over again. Barely worth the trouble to use this app.",2,26.11.1+rc4-2026.07.03,2026-07-13T00:12:50,,
Disney+,com.disney.disneyplus,Entertainment,ea9ada8d-fa2e-4204-9588-07132d43a085,Marcos Garcia,2,,it stopped working showing error 34,1,26.11.1+rc4-2026.07.03,2026-07-13T00:09:38,"Hi Marcos! That's not the experience we're hoping for. We'll check it in more detail. When you have a chance, please connect with us through this link: disneyplus.link/ContactUs, via phone/chat. We'll investigate this further with you. Have a good one!",2026-07-13T06:33:32
Disney+,com.disney.disneyplus,Entertainment,84b1269b-b7f2-4d80-b90a-ad2da57d01ee,Jennifer Sparks,5,,excellent family oriented for movie night!,0,26.11.1+rc4-2026.07.03,2026-07-12T23:38:35,,
Disney+,com.disney.disneyplus,Entertainment,4e14ec82-1092-4d51-9363-dd7e7b614fd0,Cindy Lalangui,5,,happy ending on many movies :),0,26.11.1+rc4-2026.07.03,2026-07-12T22:32:57,,
Disney+,com.disney.disneyplus,Entertainment,3e105587-169b-4fcd-84ff-07019bd1c931,Theo B,1,,"Constantly not updating my progress while watching, delays while skipling and most annoying the downloads don't work: had a long flight ahead, downloaded a few movies and while in the air in airplane mode decided to start watching them and guess what, the app doesn't work without an internet connection - how exactly does that make any sense??!",2,26.11.1+rc4-2026.07.03,2026-07-12T21:49:11,,
Disney+,com.disney.disneyplus,Entertainment,3716d236-6775-4679-905c-53211a8e87ad,Artur Dmochowski,5,,wonderful,0,,2026-07-12T21:43:37,,
Disney+,com.disney.disneyplus,Entertainment,d4112880-a593-4090-9edd-fdb1ab1892e8,Mario Anzurio Parra Batrez,1,,"I simply can't use it. I can't even log out or anything. I just get an error 83 and that's it. I have cleared cache, I have cleared data, I reinstalled, I updated my OS I have gone to all the URL they have shared as responses here and nothing. if I could rate it less than 1, I would. No wonder Disney stock is in the toilet.",3,26.11.1+rc4-2026.07.03,2026-07-12T21:12:32,"Hi Mario! We apologize for the inconvenience. Our biggest motivation is to offer you a better service. That's why we’d like another chance to view your case. When you have a chance, please connect with us through this link: disneyplus.link/ContactUs, via phone/chat. We'll investigate this further with you. Have a good one!",2026-07-13T05:27:02
Disney+,com.disney.disneyplus,Entertainment,abc50027-b271-46d2-a801-d9795ca4c874,Giuliana Cucenic,5,,Very good 👍,0,26.11.1+rc4-2026.07.03,2026-07-12T21:07:18,,
Disney+,com.disney.disneyplus,Entertainment,97d6bfe0-ba96-481b-a458-48a13e76d6e5,Nicholas Henry,1,,"Age restriction applied to my account, without notice and I'm nearly 50 years young. Unable to watch Disney on my Google laptop, dispite paying for their service.",0,,2026-07-12T21:05:15,,
Disney+,com.disney.disneyplus,Entertainment,3df7a93b-e203-4bd4-adf6-aab18b8ad452,Garrin cross,5,,there was no AI movies and you can watch classic TV shows like Star wars toy story and all of those classics,0,4.19.3+rc1-2025.11.21,2026-07-12T20:57:55,,
Disney+,com.disney.disneyplus,Entertainment,2008945d-a1c0-4808-98c6-b31c3bbdd0cd,blood beijing,2,,bad,0,26.11.1+rc4-2026.07.03,2026-07-12T20:19:32,,
Disney+,com.disney.disneyplus,Entertainment,5a11d794-19c7-4acd-bb13-08578630e0ee,Adrian Lee,5,,good to view either films or Disney series to watch on TV,0,26.11.1+rc4-2026.07.03,2026-07-12T20:14:13,,
Disney+,com.disney.disneyplus,Entertainment,b8f6bba9-ec4a-4f97-b414-e5134e21eab0,Justin Stothers,5,,"They are thieves. for months I have been getting billed by them, and every time i've gone into my email, it shows that i'm subscribed go to google play.It shows that i'm unsubscribed, and I have the option to resubscribe. so why are they taking money. go to the browser into my account. And there's an active subscription, but on google play, it's canceled.. For the last 4 or 5 months, if not longer, they have been taking money from me. While I thought it was canceled, google had it cancled.",22,4.14.0+rc3-2025.08.22,2026-07-12T20:02:04,,
Disney+,com.disney.disneyplus,Entertainment,fea8ab8e-0cb7-4771-b482-518f6aab183c,Alexis,2,,"eu sou uma pessoa de 17 anos, eu que pago esse app para minha família e acabaram de me barrar de entrar no app que pasmem agora eu comecei a pagar o plano mais caro, sinceramente me deixou com um ódio genuíno QUAL RESPONSÁVEL QUE VAI VERIFICAR MINHA IDADE CARA NEM UM RESPONSÁVEL ESTA VINCULADO A MINHA CONTA",0,26.11.1+rc4-2026.07.03,2026-07-12T19:39:21,"Oi, Alexis! Agradecemos o contato. Já estamos investigando esse comportamento. Enquanto isso, você poderá acessar o serviço pelo navegador ou por outros dispositivos. Se precisar de ajuda adicional, estamos aqui para ajudar! Nossa Central de Ajuda está sempre disponível em disneyplus.link/ContactUs.",2026-07-12T21:03:10
Disney+,com.disney.disneyplus,Entertainment,e4eedadc-d142-4cbd-b3c6-53223d59a72b,Shera,1,,"I'm trying to watch sailor moon crystal but when I opened it, it's stuck on the logo. then, I opened it again and it shows a black screen. HELP!!! (Melady)",1,26.11.1+rc4-2026.07.03,2026-07-12T19:24:36,,
Disney+,com.disney.disneyplus,Entertainment,e293f83e-2027-4c64-b342-a72fe3755180,WebCity SRL,5,,A+,0,26.11.1+rc4-2026.07.03,2026-07-12T19:09:15,,
Disney+,com.disney.disneyplus,Entertainment,14b95263-9625-4d7a-9e8d-d23cd7c86708,Viktor Vajda,1,,Richest company of the WORLD can't implement content blocking so I could remove the rubbish from a kids profile. Netflix had this for years.,0,26.11.1+rc4-2026.07.03,2026-07-12T18:49:00,,
Disney+,com.disney.disneyplus,Entertainment,5ad0f731-b078-4da6-a9b9-5913af84650b,Luxx (luxxi3._.official),4,,"I really love Disney+, but the ads are genuinely starting to annoy me.. I also wish it was easier for me to access it in parts of Asia, but I'm pretty sure that's not Disney's fault.",0,26.11.1+rc4-2026.07.03,2026-07-12T16:17:13,,
Disney+,com.disney.disneyplus,Entertainment,e59eeebc-bc57-4fdf-832f-13b513618fd2,David Hassing,3,,The app says i need network to watch the things I've downloaded 😑,0,4.16.0+rc3-2025.09.19,2026-07-12T15:41:07,,
Disney+,com.disney.disneyplus,Entertainment,308d42ec-b2d1-4e56-9574-7d85c79e4902,Rowan J. Stevenson,4,,"I would say it's one of my favorite streaming apps but on my Chromebook the performance is terrible It doesn't want to start it doesn't want to load on my Chromebook at all even though my Chromebook is up to date (ChromeOS version 149, Chromebook 4 Samsung.)",1,26.11.1+rc4-2026.07.03,2026-07-12T15:36:25,,
Disney+,com.disney.disneyplus,Entertainment,f92a2f18-45fa-4a23-8379-700c3fdf9bcd,Zed H,2,,can never download anything on this app,0,4.16.0+rc3-2025.09.19,2026-07-12T15:21:28,,
Disney+,com.disney.disneyplus,Entertainment,eab9dd8a-dfd2-40b4-9352-67061b95f0bb,Tania C.,2,,"Something is always broken. Download videos for offline viewing? oops can't load the app to access them without being online. Want to look at your list? Sorry we can't show you past 50 items, we can't even show you suggested shows past a maximum of 50 items in our own generated lists. No options to rate things you like or dislike to help tailor what is suggested to you. Oh and when I pay not to have ads, that means I do not want ads for Hulu or it's shows either. Skip intro button does not work",8,26.11.1+rc4-2026.07.03,2026-07-12T15:00:34,,
Disney+,com.disney.disneyplus,Entertainment,90634d7e-957d-46a8-8d53-a73c4d064d3a,Pebble Ad,1,,doesn't open anymore says code 83 and there's no update available,0,26.11.1+rc4-2026.07.03,2026-07-12T14:54:46,,
Disney+,com.disney.disneyplus,Entertainment,df357477-eaec-44f4-b3c2-47a97640e4f3,Ray Ray,1,,I have had nothing but problems with this app and now with the most recent update I cannot even use the app on my laptop because parental controls that I've never touched somehow got turned on and because their help system loops you from one article to article none of which actually tell you what to do to fix your account other than call long distance and pay long-distance charges to get your account fixed it's pissed me off to the point where I'm deleting everything because Disney+ broke it,2,26.11.1+rc4-2026.07.03,2026-07-12T13:31:01,,
Disney+,com.disney.disneyplus,Entertainment,925af5d7-ebc7-4f20-a39a-73e5ee51c4b8,Z S,1,,"suddenly i get a notification on the app with ""acces restricted"" check google account to verify age. can't use the app at all. Never had this issue before. i checked my google account is ok, so i dont know why it wont let me in the app. browser etc do work.",1,26.11.1+rc4-2026.07.03,2026-07-12T12:46:43,,
Disney+,com.disney.disneyplus,Entertainment,c9f25a4f-5a40-4206-a5fe-ffa4d058bdf5,Mark VanBuskirk,4,,loose service all time,0,26.11.1+rc4-2026.07.03,2026-07-12T12:29:38,,
Disney+,com.disney.disneyplus,Entertainment,9b1db890-0511-4aef-bad2-6d0b4c49f3b4,Kayden Gavelin,1,,"Having the same problem as everybody else with a chomebook. Bringing up an age restricion message, I checked google and everything looks right. App was great until the most recent update.",0,26.11.1+rc4-2026.07.03,2026-07-12T12:06:38,,
Disney+,com.disney.disneyplus,Entertainment,6ea81031-604d-43ee-bde0-0ecb05a7b35f,bruce J,1,,"app won't even open. It keeps saying no internet connection, but everything else is working fine.",0,26.11.1+rc4-2026.07.03,2026-07-12T11:41:25,,
Disney+,com.disney.disneyplus,Entertainment,89404c9d-ac75-499d-b8bf-1b4f72c28026,Jonathan Madrigal,1,,"No sirve la aplicación para Android, tira el error 83 para otros dispositivos funciona sin problemas",0,26.11.1+rc4-2026.07.03,2026-07-12T11:06:44,"¡Hola, Jonathan! Sentimos cualquier molestia generada con nuestra plataforma. Si tienes inconvenientes con Disney+ debido al error 83, te recomendamos estos pasos: https://disneyplus.link/Error83. Si la situación persiste, por favor, contáctanos vía chat o llamada al final de la página. ¡Te esperamos!",2026-07-13T03:47:02
Disney+,com.disney.disneyplus,Entertainment,3894e6cd-3980-46bc-9d2b-5e13728583a9,Clarissa Bell,1,,freezes continuously,0,26.11.1+rc4-2026.07.03,2026-07-12T10:48:37,,
Disney+,com.disney.disneyplus,Entertainment,9b8628a4-0b2b-439a-8fb7-525f72e29275,Heather Coombes,1,,"because it won't work on my Sony bravia, it works on all other devices",0,26.11.1+rc4-2026.07.03,2026-07-12T10:37:21,,
Disney+,com.disney.disneyplus,Entertainment,87d2627b-4465-4272-b989-54baecf18ad8,Ziara,3,,the adds are so stupid,0,26.10.0+rc3-2026.06.13,2026-07-12T10:15:19,,
Disney+,com.disney.disneyplus,Entertainment,3ca08108-896a-4744-b208-461977911945,Norberto Filho (RawkBR),1,,Disney fix the issue with age verification and Google accounts so I can log into the app on android,1,26.11.1+rc4-2026.07.03,2026-07-12T09:21:23,"Hi, Norberto! Thanks for reaching out. We are already investigating this behavior. In the meantime, you can access the service via your browser or other devices. If you need further assistance, we’re here to help! Our Help Center is always available at disneyplus.link/ContactUs.",2026-07-18T18:38:58
Disney+,com.disney.disneyplus,Entertainment,ec45a0c7-cbb9-4ea5-99e1-2e95e0c84278,Kylyn Miller,1,,So I logged onto Disney plus and it showed Access restricted,1,26.11.1+rc4-2026.07.03,2026-07-12T08:37:45,,
Disney+,com.disney.disneyplus,Entertainment,e35bf483-7897-4114-a156-a6a9ac260104,Butterfly “fearless butterfly” H. Marinez,5,,I like Disney movies,0,,2026-07-12T08:30:14,,
Disney+,com.disney.disneyplus,Entertainment,eef6df08-92c0-472f-bbc4-d2122b470b72,Cailin Mulligan,5,,love Disney,0,26.11.1+rc4-2026.07.03,2026-07-12T08:06:21,,
Disney+,com.disney.disneyplus,Entertainment,66f598f5-1338-4a83-90eb-2158ec326a59,Nicholas Mitchell,1,,"Constant commercials..super disappointing and after you've watched the commercials, they play Disney specific commercials. it's insane. You end up watching more commercials than the actual show and it's getting worse and worse every time I decide to watch shows on this app. Contemplating canceling all together and no longer dealing with it. I know, I could spend more money with less commercials, but its unfair if I decide to go with the commercial package and they continue to add more and more.",2,26.11.1+rc4-2026.07.03,2026-07-12T08:01:44,,
Disney+,com.disney.disneyplus,Entertainment,9c7d6ff5-c8db-4e89-b5e3-030ec1664cdc,Stephanie Williams,5,,I love it,0,26.11.1+rc4-2026.07.03,2026-07-12T07:33:12,,
Disney+,com.disney.disneyplus,Entertainment,fb7cd1f6-53c3-45d1-8ec7-94c3d0914c4c,Asher Swift,5,,I love it naruto is the best go watch it now,0,26.11.1+rc4-2026.07.03,2026-07-12T07:07:04,,
Disney+,com.disney.disneyplus,Entertainment,ed9370c2-193e-421e-af21-53cec0023b9e,Julian Cline,3,,"Love the app, hate how it breaks when you download stuff",0,26.11.1+rc4-2026.07.03,2026-07-12T07:06:04,,
Disney+,com.disney.disneyplus,Entertainment,db825a64-77e7-4b7f-92ff-a0faf2ee680e,Tracy Stein,2,,The Shows keep freezing up and the volume is way to low. have to turn my volume up to 40 in order to hear the movie or TV show.,1,26.11.1+rc4-2026.07.03,2026-07-12T06:24:24,,
Disney+,com.disney.disneyplus,Entertainment,eb003e63-73ce-426e-ae96-fe938105286f,Vincent Adames,2,,help chat was unless guaranteed 30 minutes wasted without help each time you reach out cause the app isn't working(especially with downloads),0,2.26.3-rc2,2026-07-12T06:12:18,,
Disney+,com.disney.disneyplus,Entertainment,88036559-80fa-44d0-a063-3e33f97b1303,Felipe Gonçalves,1,,"app horrível, bloqueou minha conta por controle parental e não consigo mais acessar no celular, só em outros dispositivos.",0,26.11.1+rc4-2026.07.03,2026-07-12T06:09:27,"Olá, Felipe! Agradecemos o contato. Já estamos investigando esse comportamento. Enquanto isso, você poderá acessar o serviço pelo navegador ou por outros dispositivos. Se precisar de ajuda adicional, estamos aqui para ajudar! Nossa Central de Ajuda está sempre disponível em disneyplus.link/ContactUs.",2026-07-12T10:26:58
Disney+,com.disney.disneyplus,Entertainment,562e392c-2930-4248-acf2-e83c363abf7d,Terran Cee,5,,Love it when still work on 2015 Samsung eTab Nook,1,26.11.1+rc4-2026.07.03,2026-07-12T06:05:44,,
Disney+,com.disney.disneyplus,Entertainment,b30c7dee-94e6-4cc1-934b-d3e3e160da3e,Mo Mo,1,,I hate this app. why do I have to watch commercials when I rewind. I already watched them. I hate how it restarts when im watching on my phone and I hate how it doesnt allow me to keep watching where I left off if I was watching from my phone/tv/tablet and start watching on another device,0,,2026-07-12T05:27:50,,
Disney+,com.disney.disneyplus,Entertainment,de6d9348-ba87-4815-b7b7-2f767543dc90,Jose F (Skeptik),2,,"after ads the screen stays black and media is stuck. have to restart and watch ads again, then scroll to the part I last watched. happens EVERY movie, on the second set of ads. GRRR. feel like I'm being scammed for ads.",2,26.11.1+rc4-2026.07.03,2026-07-12T05:06:41,,
Disney+,com.disney.disneyplus,Entertainment,49cdbad5-96ce-4a72-a259-510be708fde3,Dom Harris,1,,this app has way too many bugs. and there household system is a joke. my cable box and PS5 constantly go back and fourth. asking me to update household when they are on the same wifi? this process makes startup +15min just to use it. RIDICULOUS!,0,26.11.1+rc4-2026.07.03,2026-07-12T04:38:48,,
Disney+,com.disney.disneyplus,Entertainment,811da23b-b065-49fc-aac5-e2de5ffe9046,Titi O (Tee),5,,it is fab with so much and marvel,1,26.11.1+rc4-2026.07.03,2026-07-12T04:37:07,,
Disney+,com.disney.disneyplus,Entertainment,e0306521-6769-466a-927a-821a49cc33ea,adrian acevedo,1,,"Su aplicación NO sirve, puedo acceder desde PC o TV pero desde su app no. arreglen esto",0,26.7.0+rc4-2026.05.01,2026-07-12T04:13:04,"¡Hola, Adrian! Sentimos los inconvenientes. Te compartimos el siguiente enlace con una guía para intentar solucionarlo: disneyplus.link/PowerCycle. Si la situación persiste, no dudes en contactarnos vía chat o llamada al final de la página para revisar tus dispositivos. ¡Te esperamos!",2026-07-12T06:17:46
Disney+,com.disney.disneyplus,Entertainment,95e5b449-fd25-48ff-bb7e-419986eda668,Derek Williams,5,,always good shows of my favorites,0,26.7.0+rc4-2026.05.01,2026-07-12T03:46:46,,
Disney+,com.disney.disneyplus,Entertainment,7ec3af44-14b5-470e-83f0-9e8b63b6974f,Airbnb Guest,1,,laggy af,1,,2026-07-12T03:44:36,,
Disney+,com.disney.disneyplus,Entertainment,d8e6a747-48b2-4b0c-a07c-4b838610700b,Bepu Exe,1,,I was subscribed with Google play now I can't even make a payment with that? fix it back to where people can subscribe via googleplay again.,0,26.11.1+rc4-2026.07.03,2026-07-12T03:38:24,,
Disney+,com.disney.disneyplus,Entertainment,4adcfd96-1021-42dc-8fe9-61213e64b5b3,Edgard Montenegro,1,,"fix the app restricted bug, how come I cannot even use the app in my main phone",0,26.11.1+rc4-2026.07.03,2026-07-12T03:29:44,"Hello, Edgard! We apologize for the inconvenience. We would like to provide you with a better service. Please visit the following link: disneyplus.link/ContactUs, where you can contact us by chat or phone call. We'll help you to check the situation in more detail. Have a good one!",2026-07-12T04:56:21
Disney+,com.disney.disneyplus,Entertainment,650c4f7e-2dfe-4eef-a432-727655440a43,Silver Dimapilis,5,,Must app if you subscribe to Disney+,0,26.11.1+rc4-2026.07.03,2026-07-12T03:22:56,,
