app_name,app_id,category,review_id,username,rating,title,text,thumbs_up_count,review_created_version,at,reply_content,reply_at
Pinterest,com.pinterest,Social,beec4632-647f-43de-b13f-c9d5e0114291,Mohammed Aslam,4,,best aap i love pinterest 🩷 amazing ideas for diy painting all,0,14.28.0,2026-07-26T16:22:16,,
Pinterest,com.pinterest,Social,a5b88317-2585-4f12-93dd-633657148e4c,sarena aras,4,,"I love this app but it could really use a few tweaks first off, we really really need a story option where we see pins we like on our feed and put them on our story it will make the app really great, and fixing the messaging system right now recieving notifications are really slow, or i dont get a notification at all, if we can fix these problems the app will be amazing",0,14.28.0,2026-07-26T16:13:42,,
Pinterest,com.pinterest,Social,a42591ab-bef7-4a65-bbf1-4c11eb590021,GARVI RAGA,5,,very informative,0,,2026-07-26T16:13:35,,
Pinterest,com.pinterest,Social,62ce9612-4a4d-43b0-b64d-09aa6ca01766,Dhritirani Kurmi,5,,"These is the best thing I did , using my phone by creating pinterest account. literally bestest decision. Please never make this app ban or anything wrong please cause I felt peace here I found everything here , I can be anything here just by looking pinterest videos. i just love this app ... keep going",0,,2026-07-26T16:10:39,,
Pinterest,com.pinterest,Social,5e35e830-d02d-40ab-bf54-d5ce521123a8,Uizem Oyunbat,5,,good app,0,,2026-07-26T15:57:29,,
Pinterest,com.pinterest,Social,68eea199-2243-4568-81b1-051d83115952,Nawaf /صل على النبي,1,,اعلانات مخله وصخه,0,14.28.0,2026-07-26T15:52:32,,
Pinterest,com.pinterest,Social,15630b94-aa30-4e25-95b4-a2a27547d684,Azie Aziz,5,,it was great,0,14.28.0,2026-07-26T15:37:04,,
Pinterest,com.pinterest,Social,68f427d9-2206-401a-89d6-1e64d039f934,Bahar,5,,"This is a great app, I love it",0,14.27.0,2026-07-26T15:27:45,,
Pinterest,com.pinterest,Social,301b8b60-5976-4087-8c2b-e3b25fc40937,Nalini Mathi.thaniyasri,5,,❤❤❤❤❤,0,14.27.0,2026-07-26T15:27:04,,
Pinterest,com.pinterest,Social,eb937ee0-3759-4674-8127-965243532ef2,Sushil Lata,5,,It is good,0,14.28.0,2026-07-26T15:26:15,,
Pinterest,com.pinterest,Social,3ce428fc-8a90-41fb-86d0-6ec95ad0ce15,Gour Gopal Ghosh,5,,this app is amazing app my experince is V.V. Good,0,14.28.0,2026-07-26T15:20:03,,
Pinterest,com.pinterest,Social,9b5838a2-2436-4c34-bb71-0515e3a10d13,Khadizatul Kobra,1,,i couldn't install it,0,14.27.0,2026-07-26T15:00:39,,
Pinterest,com.pinterest,Social,fabb367b-ceb9-46fd-b51b-5f8d08ec0701,Suma,5,,very usefull🫶🏻,0,14.27.0,2026-07-26T14:42:44,,
Pinterest,com.pinterest,Social,6f91882b-4567-4946-8196-6e59cc39ee0b,alka Singer,5,,"it's give me fast work and best, better, beautiful and useful image I love it so much it gives me help in drawing and wallpaper I also suggest this app to my friend",0,11.43.0,2026-07-26T14:42:08,,
Pinterest,com.pinterest,Social,deb94fda-697a-4e19-99a2-948af93417e6,Lavanya Agarwal,5,,iiii lovveeeee pinteresttt soooo muchhhh,0,14.28.0,2026-07-26T14:33:23,,
Pinterest,com.pinterest,Social,fc6be122-4bb0-4ef6-b571-b90a84db44c8,Mdrocky Rocky,5,,I like this app so much~~~,0,,2026-07-26T14:33:01,,
Pinterest,com.pinterest,Social,3e831387-d247-4151-80e6-b77439f1c243,Anita Varma,5,,I like this app i think so this app better than other,0,14.27.0,2026-07-26T14:21:17,,
Pinterest,com.pinterest,Social,3148a4aa-dba2-4b1f-ba0a-4044dd0c4973,زهرا فرجی,5,,ایول,0,11.43.0,2026-07-26T14:19:25,,
Pinterest,com.pinterest,Social,4b1da724-871b-41d7-b6da-d7b46856399c,Arsalan Khan,5,,nice,0,14.28.0,2026-07-26T14:18:51,,
Pinterest,com.pinterest,Social,f186c54e-28f5-497d-9fea-6b8c4a4b2142,Sobana mohanadass,5,,noce app... very tasty ✌️,0,14.28.0,2026-07-26T14:12:14,,
Pinterest,com.pinterest,Social,a4a27b62-89e5-4f7f-a64b-810b28aee6f9,Rahul Sharma,5,,ok,0,,2026-07-26T14:09:58,,
Pinterest,com.pinterest,Social,80881daf-b0b9-41b2-ba92-64f9b87b5a01,Krutika,5,,great,0,,2026-07-26T14:09:13,,
Pinterest,com.pinterest,Social,43d2a289-3dac-42b4-98a8-b6e32f9feec7,Ramesh Chander,5,,"best app for drawing,art and sketch",0,,2026-07-26T14:07:08,,
Pinterest,com.pinterest,Social,66080640-de64-4c2c-9c9a-2a1d10f67515,Kasumi Fuyami,5,,it's good for drawing inspiration,0,,2026-07-26T14:05:07,,
Pinterest,com.pinterest,Social,8c0acd1f-1756-45f2-a133-77f0b3d60e9e,Amayra Kanade,5,,this is the best app I ever had 🦊🥰😍,0,14.28.0,2026-07-26T13:54:42,,
Pinterest,com.pinterest,Social,38e58d36-7761-4856-927e-43265f133024,priya kher,5,,"it's verry dreamy,,, csnt stop myself from looking at those wonderful pins, thanks to printrest",0,14.28.0,2026-07-26T13:50:11,,
Pinterest,com.pinterest,Social,3d9d8377-2a37-473b-9329-4ba551f493b1,Seema singh,5,,best thing in the world every asthetic things come in this just perfect,0,14.2.0,2026-07-26T13:34:52,,
Pinterest,com.pinterest,Social,3d506639-e092-481c-98af-96620648f402,Chahd Elkhou,5,,I love it it gives you the right thibgs you want and need while socializing with ppl,0,,2026-07-26T13:33:24,,
Pinterest,com.pinterest,Social,993ba3b5-bded-41e9-a2a8-848155d5abbd,Sharad Sonwane,5,,best,0,,2026-07-26T13:26:51,,
Pinterest,com.pinterest,Social,c410e42e-d0e4-4dd2-b677-0580ecc1bf5a,Martin S. Mendoza Sr.,5,,I basically find everything that you really need for my daily life and assume to have in use.,0,,2026-07-26T13:24:29,,
Pinterest,com.pinterest,Social,f70c32c7-ce71-4473-832d-3c59bf68de1e,Bhoomika Vasava,5,,nice,0,14.27.0,2026-07-26T13:20:39,,
Pinterest,com.pinterest,Social,8c145ed7-30fd-4551-bfea-4d0249c67a0b,Bam Bam,4,,this app contains soo many ads and ads are many then ideas😂,0,,2026-07-26T12:53:57,,
Pinterest,com.pinterest,Social,0e50ee3e-5593-48fa-a9fc-21f93ad18e74,Pavi Elangovan,5,,great for a anime lover,0,14.28.0,2026-07-26T12:43:04,,
Pinterest,com.pinterest,Social,de69e21d-4d29-47c8-a542-a258fea59ee8,Mohd Saleem,5,,very best from other aaps,0,14.26.0,2026-07-26T12:40:21,,
Pinterest,com.pinterest,Social,2b19da97-eda5-40c9-ba2e-1202240f497d,Glyzhen Dulay,1,,"tf is wrong with you?, I can't log in tf, i already put my birthdate and I already tried so many differents birthdate but it doesn't work tf",0,14.28.0,2026-07-26T12:30:08,,
Pinterest,com.pinterest,Social,256a9cc3-18c5-4362-8370-0fb9000b1250,Kailashi Meena,5,,very good,0,14.28.0,2026-07-26T12:30:01,,
Pinterest,com.pinterest,Social,cbc9c67b-ddbe-4a33-8581-c05589d638d1,Aradhya,5,,it is the best app and the only app you'll ever need it's a social media without so much of social tbh 10/10 highly recommended!!!!!,0,14.28.0,2026-07-26T12:24:59,,
Pinterest,com.pinterest,Social,6d8dab08-ada0-495c-b80b-23317894e958,Sehajfateh Singh,5,,It's a very nice app!,0,14.28.0,2026-07-26T12:21:47,,
Pinterest,com.pinterest,Social,537039db-def6-4449-bc8a-3311686d960b,Sajana cm,5,,It told me a lot and was very helpful and I liked it a lot,0,14.26.0,2026-07-26T12:17:26,,
Pinterest,com.pinterest,Social,089e2fce-c2ad-49c7-9414-99673887b950,Naeem Sandhu,5,,good,0,14.28.0,2026-07-26T11:57:21,,
Pinterest,com.pinterest,Social,46959e95-df21-4978-97b0-d681eb06b9b6,Malshan Gomez,5,,👍👍👍,0,14.28.0,2026-07-26T11:50:18,,
Pinterest,com.pinterest,Social,23ed5e21-46bd-4c9e-8996-9f21321d583d,Manoj Yadav,5,,"Pinterest is a peaceful digital sanctuary dedicated to creativity, discovery, and personal growth. Unlike traditional social media, it acts as a visual search engine where you can turn ideas—from home decor and recipes to fashion and DIY projects—into actionable vision boards. Free from social comparison, Pinterest provides a calm, uplifting space that inspires everyday imagination and turns creative dreams into reality.",0,14.27.0,2026-07-26T11:50:05,,
Pinterest,com.pinterest,Social,13bda780-7467-4e89-8ca7-8cf87e238b89,Fer Estera,5,,"I love this app, I have over 100 boards and followers. I use it everyday as its really helpful and creative. I love that I can find everything I need in there✨️",0,14.28.0,2026-07-26T11:27:03,,
Pinterest,com.pinterest,Social,bd12272d-7ce5-48b6-933c-41ae18413c4b,Pushpa L,5,,very good👍,0,14.28.0,2026-07-26T11:20:49,,
Pinterest,com.pinterest,Social,fc5b228c-25e6-4277-95c8-1558125e05de,DSE GLOBAL,5,,good 😊,0,,2026-07-26T11:19:02,,
Pinterest,com.pinterest,Social,76226875-590a-4e38-8844-0a467cb5a20e,Sahar Nokhaiz,5,,excellent,0,,2026-07-26T11:18:47,,
Pinterest,com.pinterest,Social,e40445d0-63ac-4693-b164-5a6b5d0c9f4e,Saddiqa Noor,4,,the only thing i dont like is we can message cuz kids also use it,0,14.28.0,2026-07-26T11:14:02,,
Pinterest,com.pinterest,Social,1778e880-96ae-41ee-af68-cd00ad72f8dc,Jamal Munavvar,5,,excellent experience 🤩,0,14.27.0,2026-07-26T11:05:15,,
Pinterest,com.pinterest,Social,49d87fc6-f90e-4f46-8b25-5e92e8fe4dba,Dharmendra Singh,5,,very good App 💳💷💵📖,0,,2026-07-26T11:05:11,,
Pinterest,com.pinterest,Social,cb8a1c84-5fe8-43fc-bfd9-5d933a55295f,Juliana Chua,1,,Every week they polish up the app by adding features that make the app less usable. The latest annoying one is when I hold down (long press) a pin it jumps back to the top and gives me options that are already available on the bottom of the pin. This makes scrolling on longer pins frustrating. Also the multiplicity of ads means I don't scroll recommendations anymore. I just look at old boards or search directly.,0,14.23.0,2026-07-26T11:02:08,,
Pinterest,com.pinterest,Social,25356c23-7ed3-4eb8-b7d1-16bb80201b66,Bayo Alade,3,,good 😊,0,14.28.0,2026-07-26T10:53:36,,
Pinterest,com.pinterest,Social,d2861ab2-12bd-44d8-8f3c-59be9c5cba0a,Charles Robertson,5,,very good 💯,0,14.28.0,2026-07-26T10:53:28,,
Pinterest,com.pinterest,Social,eda4410d-c70e-403a-809a-b593f5739de7,Anjali Rawat,5,,nice app,0,14.28.0,2026-07-26T10:53:08,,
Pinterest,com.pinterest,Social,cb79d269-2549-4570-8ac6-54643e235147,مُحمّد,1,,It's bad. I deleted it because of the immoral and indecent ads.,0,13.46.1,2026-07-26T10:52:02,,
Pinterest,com.pinterest,Social,bb8f5650-76ea-4e2d-92c0-9bc29765a08e,Prathibha Preethi,5,,"Really, am gonna say I'm saw a heavrb within 1 sec because of watching this wallpapers etc, guys u should download this app which fonts u use to like with add for many usuals.... 👍👌",0,14.27.0,2026-07-26T10:51:33,,
Pinterest,com.pinterest,Social,f094036f-22a0-4efd-b041-8a4a2fdd5ea9,Kummari Dhanush,5,,Wonder full app,0,14.26.0,2026-07-26T10:30:26,,
Pinterest,com.pinterest,Social,2b67baab-9098-420b-a58b-ea3c7ceb4e58,Iswapriya Sarkar,5,,nice,0,,2026-07-26T10:29:56,,
Pinterest,com.pinterest,Social,0ad0fe01-c40a-4ea8-8805-08ec855887f4,Hina Rajpoot,5,,very very nice Pinterest yahut badhiya hai idhar se Ham apni outfit bahut se Alag bahut se Alag Alag prakar ki chijen bhi humse nikal kar aasani se kar sakte hain,0,,2026-07-26T10:22:06,,
Pinterest,com.pinterest,Social,0c7d6735-8219-4715-9436-83b22c3d2b9e,Visalakshi G,1,,this is the worst app ever!,0,,2026-07-26T10:10:09,,
Pinterest,com.pinterest,Social,358866a1-48bc-495f-a8cd-99e16f022ed3,Juturu AliyaA,5,,this is the best app I ever had,0,,2026-07-26T10:00:57,,
Pinterest,com.pinterest,Social,f46dc731-f460-4a2c-aace-16b52dba1d35,Md ali Hussain,5,,Excellent,0,14.27.0,2026-07-26T09:55:31,,
Pinterest,com.pinterest,Social,31bd69b1-b7ca-4e3f-955e-9ec1c95b0b40,Sudipta Bose,5,,very good,0,14.28.0,2026-07-26T09:53:49,,
Pinterest,com.pinterest,Social,1d4d282b-af20-469e-83b8-c55c636eff82,Ryan,5,,Pictures mmm,0,,2026-07-26T09:42:40,,
Pinterest,com.pinterest,Social,03a04e38-b242-4ba1-9a6c-377bdff37258,sushma shori,4,,good,0,,2026-07-26T09:32:24,,
Pinterest,com.pinterest,Social,ca02abce-4424-452f-9a99-da6280ee7220,Shabnam Hussain,5,,the app is very useful for me i love this app,0,14.28.0,2026-07-26T09:28:49,,
Pinterest,com.pinterest,Social,c49d6fc6-6d02-4313-81bd-092d2a5036e5,Diane Call,4,,It shows me what I want to see. It has far too many ads,0,14.28.0,2026-07-26T09:26:18,,
Pinterest,com.pinterest,Social,e873b13c-dc30-44cd-8e9c-52b2e6372550,Naj Zahra,5,,"the amount of me scrolling through Pinterest is concerning, im so obsessed with others idea and let alone its so creative my mind could never go beyond these !",0,,2026-07-26T09:25:22,,
Pinterest,com.pinterest,Social,f869f273-111c-45dc-916f-bb06e35424b0,Jericah Incierto,5,,all I want to find photos this the one that I recommend🫂,0,,2026-07-26T09:12:35,,
Pinterest,com.pinterest,Social,c58f623c-b7b2-4fcb-bd4f-481369ae3366,Lavish jat,5,,nice and unik,0,,2026-07-26T09:04:04,,
Pinterest,com.pinterest,Social,b2cb1c08-e1d7-408a-a6ed-59fc12f0d3d5,Ponnu Ponnu,5,,This was a very useful app. There is no lass. You don't need much net to use this app. You can use this app with confidence. There is no problem.,0,14.26.0,2026-07-26T09:02:55,,
Pinterest,com.pinterest,Social,3440eb97-9de2-4d8d-aa93-09150649531b,Mr. Vandebilt,3,,The UI is a bit weird.,0,14.28.0,2026-07-26T08:54:17,,
Pinterest,com.pinterest,Social,3ddb0969-83a5-43ce-a180-957575f71e68,Aubrey Richardson,5,,I really love this app it just helps me get t through my day,0,14.27.0,2026-07-26T08:52:07,,
Pinterest,com.pinterest,Social,682d44df-d267-44d0-a492-181c0ac51822,Chris Correos,5,,awesome,0,14.25.0,2026-07-26T08:49:16,,
Pinterest,com.pinterest,Social,0887c1ee-d2eb-4606-8a3f-af88142893ff,Alka Donde,5,,👍🏻😀,0,14.27.0,2026-07-26T08:43:10,,
Pinterest,com.pinterest,Social,d4fd305c-3550-4ef4-809e-47f1a829a23e,Kimi Eve,4,,beautiful- sometimes doesnt show ur boards tho,0,,2026-07-26T08:41:56,,
Pinterest,com.pinterest,Social,8a2e2dda-ca6c-4a59-8361-25ce923fe228,Frank Pallaviccini,5,,Lovely,0,14.28.0,2026-07-26T07:54:11,,
Pinterest,com.pinterest,Social,9ee4a53c-aedb-4159-9ac7-05d70b21eb69,Fridah Muzyamba,5,,Piterest is so helpful I love it,0,11.43.0,2026-07-26T07:49:55,,
Pinterest,com.pinterest,Social,4cb560fa-c426-4019-935e-c4ab9645b0d9,Jordyn Thomas,4,,"Great app for inspiration on any subject under the sun, just waaay too many ads",0,14.28.0,2026-07-26T07:34:47,,
Pinterest,com.pinterest,Social,6f3420fa-b384-4694-9530-edc8b5ac5216,Shifafayis,4,,every thing ok but when we want to trace the drawing it will always shake.you want to add a new tracing option,0,14.24.0,2026-07-26T07:23:37,,
Pinterest,com.pinterest,Social,397802cb-a300-4807-98f3-17f3cd5f232e,Irfan Baloh,5,,HELPULL app,0,,2026-07-26T07:14:29,,
Pinterest,com.pinterest,Social,b212bee6-6559-4c07-ba4b-131dd8ef5a3c,Aubrey,5,,I love it so much it is super good and I find lots of pictures and I make lots of videos with them they are really good photos and some of them are really really funny I like it so much,0,14.28.0,2026-07-26T07:12:20,,
Pinterest,com.pinterest,Social,fe409b1d-d288-425b-a470-0760b73b097f,Anjali Soni,5,,It is a wonderful app!!! 🤏🏻🌷💅🏻💋,0,14.28.0,2026-07-26T07:10:27,,
Pinterest,com.pinterest,Social,232db48a-6142-44cc-afda-38b00ec1748a,Anush Mallick,5,,good,0,14.25.0,2026-07-26T06:55:04,,
Pinterest,com.pinterest,Social,e655fbb9-0be1-43f2-b2d5-68745c27de85,Brooks Family,4,,"I love this app the only problem is, is that I take a screenshot of a photo I wanna use as my profile picture in the app and it won't let me crop it to the way I want :c is there anything I can do??",0,14.28.0,2026-07-26T06:50:36,,
Pinterest,com.pinterest,Social,d50ef1d4-f1fd-4b5f-bdb4-2a381e088b59,Maxie Reese,2,,"it's like if Tumblr and tiktok had a baby/neg. First of all everytime I open the app it looks different, PLEASE stop changing the layout. Second of all, way too many ads, I'm tired of seeing ads all the time. Third, when you make a new board and go try to save a pin it dosent show up on the list of boards, you need to save like 20 thousand things for it to show up. Fourth, moderation SUCKS. Considering there's a lot of kids here, moderation is so bad, please stop having AI moderate the site.",1,14.28.0,2026-07-26T06:18:59,,
Pinterest,com.pinterest,Social,83c10bab-4a66-42eb-931c-46af5716b44c,Ghazal Moslem,5,,"very useful, I love it 😸",0,14.28.0,2026-07-26T05:32:13,,
Pinterest,com.pinterest,Social,7968095e-0101-451f-840b-e186b5ec8979,Kayleigh Griffin,3,,"The new updates have sucked. It looks kind of ugly now- the feature showing if a board is private or public looks weird, as well as the edit profile icon, and the layout is annoying and inconvenient. The content's fine, but the app itself is a pain to deal with.",0,14.28.0,2026-07-26T05:30:12,,
Pinterest,com.pinterest,Social,6cac6e21-9d01-4bc5-aec5-fb96a04d2433,Elijah Ekwere,3,,"It's a beautiful app, I'll recommend it any day anytime. i have a suggestion, please make it possible to select multiple pins on the ""all Pins"" interface and delete them regardless of the board they're saved on. this would make it easy for anyone to curate their previously saved pins as their taste evolves over time",0,14.28.0,2026-07-26T05:27:50,,
Pinterest,com.pinterest,Social,1b93261d-1e33-4abf-af80-f91b6764309c,Halley Cooper,1,,The only time I ever open this app is when I'm trying to close the ad for it in another app because they made the X microscopic. Which happens more often than it reasonably should.,0,14.25.0,2026-07-26T05:26:07,,
Pinterest,com.pinterest,Social,3aa87c29-bd2c-409b-8107-7b62a970d05f,Cecilia Dunfee,5,,"I like it, I love it, I want some more of it.",0,14.27.0,2026-07-26T05:08:09,,
Pinterest,com.pinterest,Social,b5de98b7-c3e8-4a26-894a-c6449248b979,Brittany D (Funwitbrit),5,,"The variety on here surpasses any search engine. Great for crafters, DIY, Art, cooking, memes, birthday cards... The list goes on and on.",0,14.28.0,2026-07-26T04:59:12,,
Pinterest,com.pinterest,Social,4b5e78df-696c-4d04-9763-a1095cea3b01,Helina Asiedu,5,,So good.Its the best app for inspoand ideas so i highly recomend it for people who need help in finding inspo.,0,14.28.0,2026-07-26T04:51:10,,
Pinterest,com.pinterest,Social,5360d13d-6714-4565-851f-f7f92ea6fceb,Johnathan Bates,5,,ok,0,14.23.0,2026-07-26T04:49:22,,
Pinterest,com.pinterest,Social,f8dd9ad6-d604-4d6e-88d2-57a272cdc1ff,Brenan John Saavedra,5,,best app when you seach sad it well help you,0,14.27.0,2026-07-26T04:44:49,,
Pinterest,com.pinterest,Social,114c48e2-0568-4029-a1a9-b160a91cf4c1,rustico lopez,5,,10/10 experience,0,12.19.0,2026-07-26T04:43:55,,
Pinterest,com.pinterest,Social,fd29dd27-5840-43dd-b7b3-3b9deb128069,Yaseen Waqas,3,,O m g nice app 😑😑,0,7.43.0,2026-07-26T04:30:07,,
Pinterest,com.pinterest,Social,9bb44449-f6b3-4c85-9f11-26fd3f263950,vasoulios,1,,"The ads are too many, and the overall experience is considerably worse.",0,14.28.0,2026-07-26T04:07:23,,
Pinterest,com.pinterest,Social,1c92ee32-2981-44fb-94b8-8b3e579863ab,GT Black Jr,5,,good,0,,2026-07-26T04:05:43,,
Pinterest,com.pinterest,Social,8cc9df68-8c54-45ee-bd14-1096a2425f00,scott bryant,1,,what is this crazy bug that keeps asking me for my email address every 5 seconds? it's really annoying and it's been going on for like a week. can you guys make it stop? thanks!,1,14.28.0,2026-07-26T03:48:16,,
Pinterest,com.pinterest,Social,a72c3618-b106-4902-8ad4-491e61c21672,Lloyddy Tan,1,,unlimited pop up of updating email when i already pressed that it was my email that i used haiissstt,1,14.28.0,2026-07-26T03:32:01,,
Pinterest,com.pinterest,Social,5e062d92-1d99-467b-8af6-648823e08cf1,Andrea Borrero,5,,I really live this app because it helps me to get what I need,0,14.28.0,2026-07-26T03:28:32,,
Pinterest,com.pinterest,Social,52e49eac-b79d-4961-b05d-a5ecca93d025,carol schuster,5,,Excellent,0,14.28.0,2026-07-26T03:20:47,,
Pinterest,com.pinterest,Social,76388337-5507-408e-a8fe-b49bf1ac4ad3,sudam Malik,5,,👀,0,,2026-07-26T02:54:37,,
Pinterest,com.pinterest,Social,68c5692f-542d-4f3a-bd91-a80ec67a574d,Jones lee,1,,terrible,0,14.16.0,2026-07-26T02:51:10,,
Pinterest,com.pinterest,Social,851dd524-2890-4109-a84f-bbfbcc6e1d8d,Queen,1,,I love it cuz PINTREST t knows what I like and live just like UTUBE I don't care get phone calls you need me call,0,14.14.0,2026-07-26T02:48:10,,
Pinterest,com.pinterest,Social,2eae31a1-68e2-4893-b64c-99f2d0aed8b3,Sukriti Verma,2,,i love this app but after months there is some issue on its end and im not able to login in my account.... look forward to it plz i love this app so much.... it doesn't work smoothly has issues after 2-3 months and I jst can't login again,0,11.43.0,2026-07-26T02:46:39,,
Pinterest,com.pinterest,Social,2bda2348-b9df-4ab1-84bd-a76715e76a4d,Coki Erno,5,,ι ℓσνє ριηтяєѕт ιт'ѕ му gσ тσ αρρ!!!!!,0,14.28.0,2026-07-26T02:39:34,,
Pinterest,com.pinterest,Social,521b19c1-891f-4cb7-a0de-5df5cb82f465,Raul,3,,"What is up with all the ads? I'm being shown more ads than pins. Update: It's getting even worse. For every 2 pins, I get 3 ads. Who is the idiot that signed off on this? Edit: They seem to be working on the ads 🤔. The ads open in app now and act as pins, some of them at least.",5,14.28.0,2026-07-26T02:18:13,,
Pinterest,com.pinterest,Social,cb34b21b-948c-45b3-84e6-0ba6a712ddc9,Rabya Erum,4,,"THIS APP IS ACTUALLY GOOD , GREAT AND USFUL FOR PROJECTS AND DAILY TASKS YOUR CAN DO ANYTHING IN IT THANKS FOR BRINGING THIS APP FOR US",0,14.28.0,2026-07-26T02:17:53,,
Pinterest,com.pinterest,Social,361b158a-6b3a-447a-8611-ae6435598de8,Manika kumari,5,,bnib,1,14.28.0,2026-07-26T02:13:01,,
Pinterest,com.pinterest,Social,9e11070e-8e61-46de-9833-e51eec9515d6,Rajni Bhagat,5,,I love this app but why is my whole feed full of Kaiser from blue lock even through I didn't even search him didn't even know about blue lock😭😭😭,1,14.28.0,2026-07-26T02:08:30,,
Pinterest,com.pinterest,Social,39f512ee-fdb3-4110-aa26-5afd68149660,Zinny Love,5,,"it so helpful to fine style,I like it",0,14.18.0,2026-07-26T02:04:04,,
Pinterest,com.pinterest,Social,c2527aaa-2f82-47ab-ab16-c144db75bc44,Rimi Aktar,5,,Best app😭,0,,2026-07-26T01:53:49,,
Pinterest,com.pinterest,Social,9b907a0c-6a8b-417f-808f-05a00da58f2e,JJ Mora,5,,this app is so great for different inspirational sparks,0,14.28.0,2026-07-26T01:10:24,,
Pinterest,com.pinterest,Social,ba78c01c-05af-4a03-add9-d9d147ef8eaf,Leo Messi,5,,best apps,0,,2026-07-26T01:04:39,,
Pinterest,com.pinterest,Social,0e3f0fa9-1b40-40eb-b9e3-f86b603e43c8,Anup,4,,Better.I love Pi nterest.,0,,2026-07-26T00:50:32,,
Pinterest,com.pinterest,Social,fcb2cc13-6b1d-47b4-ac8a-1d6342dfaa60,Helen Lauderdale,5,,awesome app I love it so much but I cant use it anymore due to family stuff but great app,0,14.28.0,2026-07-26T00:50:31,,
Pinterest,com.pinterest,Social,0d99ea36-904f-4e20-8330-8fe9c467187d,Rachna Pragasam,5,,love the quality of pics and collection,1,14.28.0,2026-07-26T00:38:15,,
Pinterest,com.pinterest,Social,093bcdc8-1237-4030-8c08-a5fa2752fe98,S H,4,,I like it but when I try to watch some videos it doesn't play the video only the sound and shows a black screen instead,0,14.28.0,2026-07-26T00:34:45,,
Pinterest,com.pinterest,Social,db59fa93-edda-4cff-b8b7-33b1aec8cf70,Khushboo Parween,5,,very nice,0,,2026-07-26T00:33:34,,
Pinterest,com.pinterest,Social,f4938b88-c762-4106-b61b-11bbd9097c55,Amjad Attari,5,,a good qualities had this app.,0,14.27.0,2026-07-26T00:31:42,,
Pinterest,com.pinterest,Social,1e8e1b34-e3c3-4b39-8482-4e636b743d9d,Shanice Kaye Villarin,1,,it doesn't work properly when used in a widget,0,9.40.0,2026-07-26T00:23:08,,
Pinterest,com.pinterest,Social,0e25b89c-7f06-4db8-acd4-0ffbb09967f1,Sangeeta Jaiswal,1,,bad,0,,2026-07-26T00:08:55,,
Pinterest,com.pinterest,Social,68668890-7034-4f26-aa10-3be1d858d95c,LAURAAAH MAINE,4,,"I love Pinterest 😎🔥 and it's a very good app and started of well but now every time I enter it always shows a thing saying ""is this your email"", ""update"" and it's really annoying 😔 so it could be good if you could fix that",0,14.28.0,2026-07-25T23:56:12,,
Pinterest,com.pinterest,Social,3bb8421e-cebb-4791-8e0b-812a84df9b8e,Amna bibi,5,,Yar iss ki date of birth galat ho jati hai,0,14.28.0,2026-07-25T23:51:46,,
Pinterest,com.pinterest,Social,c69b2d2c-f861-4d0d-a50f-aaf2ee1afe2a,Legan,5,,I LOVE IT,0,14.28.0,2026-07-25T23:48:11,,
Pinterest,com.pinterest,Social,cb29f332-a597-4b1f-ae36-a0858486a184,Eden Stempa,1,,"Dear God what did you do... there are bugs everywhere. if you save ""too many things"" at once then Pinterest, app and website, just shuts down and says ""sorry something went wrong on our end"". and it takes days to get fixed. and while its broken you cant save pins, edit boards, or really anything. AI everywhere. Ads filling most of the fyp. NOW THE PIN NOTES SCROLL ACROSS THE PIN BLOCKING IT AND THERE IS NOW WAY TO GET RID OF THEM. STOP GETTING WORSE.",7,14.28.0,2026-07-25T23:40:15,,
Pinterest,com.pinterest,Social,5ba62fc1-379b-4c08-8c5b-6d26473eb911,Muba Family,5,,"​⭐⭐⭐⭐⭐ Perfect app no ads for me! ​Honestly love using Pinterest for inspiration! I keep seeing people complain about ads in the reviews, but I genuinely don't get any at all? It's been super smooth and easy to find ideas, save pins, and build my boards without constant interruptions. 5/5!",0,14.28.0,2026-07-25T23:38:40,,
Pinterest,com.pinterest,Social,3125ee96-9b29-4b6e-ae86-e3207b242ae9,Sidra Haider,5,,nice,1,14.28.0,2026-07-25T23:33:12,,
Pinterest,com.pinterest,Social,b2bdf908-51f6-4a61-8663-28312118098f,M A,2,,the algorithm result is awful 😖,0,,2026-07-25T23:04:57,,
Pinterest,com.pinterest,Social,128af3ed-9418-48ec-af61-f40ce8f2ba4d,Lee Ann,5,,Exceptional 😀,0,14.28.0,2026-07-25T22:55:37,,
Pinterest,com.pinterest,Social,782af3f3-46c2-483b-b671-d197c1d41532,Satish Jaishwal,5,,super hit,0,14.27.0,2026-07-25T22:50:32,,
Pinterest,com.pinterest,Social,ee4cdf71-3f3f-4698-a74c-be5d393f504e,Manish Manish Chauhan,5,,best social media App in the world 🌎📈,0,14.26.0,2026-07-25T22:48:13,,
Pinterest,com.pinterest,Social,c029eafe-6f95-423c-aa9b-5f93f563eea0,Sidney,5,,all good,0,14.28.0,2026-07-25T22:34:07,,
Pinterest,com.pinterest,Social,9dc651e3-e700-4b07-b5f7-169012845af6,Terence Teekay,4,,best app ever 🥶🥶🥶🐐,0,,2026-07-25T22:32:54,,
Pinterest,com.pinterest,Social,7bc2fab3-b2be-4a61-9f04-de99cc60b97c,Sujani Wasundara,5,,highly recommended 💕❤️,0,,2026-07-25T22:20:59,,
Pinterest,com.pinterest,Social,91b2cd0a-575b-478c-baa1-a5404f92b1ac,5253. Summaiya Unnisa,5,,good good 😊,0,,2026-07-25T22:20:37,,
Pinterest,com.pinterest,Social,4ca55d82-e853-4583-9c06-976c7eb49d94,Suze,1,,this used to be a five-star app and I've been with it since it started it's gotten progressively worse. now it is so censored. AI is full out. it lost its charm.,12,14.28.0,2026-07-25T22:11:30,,
Pinterest,com.pinterest,Social,bc27bacf-edc9-48b5-8d0d-fb6bafb788cf,Abhay Bhai,4,,best app,0,,2026-07-25T22:04:47,,
Pinterest,com.pinterest,Social,4cf1620e-8241-40f0-b918-d9763ed16f02,Christian Divinagracia,5,,"Very Beautiful so much and whatever I search it pops up love this app ! who ever created this app this is for you, it's so beautiful you know? and someone gonna rate this 1? DONT LISTEN TO EVERYBODY WHO GAVE THIS 1 STAR ⭐ CUZ THEY ARE JUST HATERS AND BULLIES !!",0,,2026-07-25T22:02:07,,
Pinterest,com.pinterest,Social,6bb9ffda-17dc-4a27-aff5-e7019f284e4a,Sanghamitra Maity,5,,love it 😻,0,14.28.0,2026-07-25T22:01:00,,
Pinterest,com.pinterest,Social,bab781e3-bc16-4f96-ac72-af48a6aa0647,Eddychrist Hinson,5,,soo good,0,,2026-07-25T21:58:04,,
Pinterest,com.pinterest,Social,da82f61b-47ef-4dcb-b253-c4a8d0bb5ed4,Cindy Land,5,,love Pinterest,0,14.28.0,2026-07-25T21:38:30,,
Pinterest,com.pinterest,Social,ce93840e-6918-4b87-a0a1-6e7022b4d398,Ecstasy,1,,This is the second time my account was deactivated with 70k monthly views without any reason. wow.,3,14.25.0,2026-07-25T21:29:56,,
Pinterest,com.pinterest,Social,4537a89a-cf75-40a7-a549-a7ff8966c781,William finds people,4,,Good place to pick up recipes.,0,,2026-07-25T21:21:45,,
Pinterest,com.pinterest,Social,26ef92d9-7996-4eee-bf5c-b03aa81827a7,Linda,5,,I LOVE THIS APP!,1,14.28.0,2026-07-25T21:21:44,,
Pinterest,com.pinterest,Social,a0c955a7-9636-4cf6-81e6-531c700e1da5,Lishchuk,2,,The amount of ads I have seen lately on Pinterest is obscene! I can't scroll without bumping into some eyesore of an add that is irrelevant!!!,54,14.28.0,2026-07-25T21:17:55,,
Pinterest,com.pinterest,Social,3b7e51e1-17a2-4be8-917e-e6139f2a548a,Shashi Mishra,5,,love it,0,,2026-07-25T21:17:08,,
Pinterest,com.pinterest,Social,88235729-7f09-420f-934b-adc1b5ac6230,Bhavana Vaishnav Bhavana vaishnav,5,,nice,0,7.43.0,2026-07-25T21:00:57,,
Pinterest,com.pinterest,Social,e7708099-40b5-4d01-baa8-812d1affe061,Anish Sinha,1,,Baad,0,14.28.0,2026-07-25T20:35:22,,
Pinterest,com.pinterest,Social,a8817434-6e42-4e11-b6d8-96b2dcafaf02,Av Studio halvad,5,,ok,0,14.21.0,2026-07-25T19:54:07,,
Pinterest,com.pinterest,Social,e055fd67-002e-4d82-96c8-aee5a618292d,Theeban Tiven404,5,,⭐⭐⭐⭐⭐,0,14.28.0,2026-07-25T19:50:34,,
Pinterest,com.pinterest,Social,c9b974e6-9226-41af-aeb1-c12b47cb9ecf,Minhal Fatima,4,,good,0,,2026-07-25T19:41:43,,
Pinterest,com.pinterest,Social,6810507e-8a42-47b6-a4c5-77c0a237bd8b,Marlene Althouse,5,,love it!,0,14.28.0,2026-07-25T19:31:21,,
Pinterest,com.pinterest,Social,b8fac2e8-2378-48b3-9451-d311f7281df0,Arffeyana Arffeyana haniez,5,,I luv Pinterest just it has JUST FRIEND✨✨,0,,2026-07-25T19:27:21,,
Pinterest,com.pinterest,Social,cae4ed99-a664-4819-87e1-e9546d1a93ab,Alima Irfan,5,,Wow I love this aap very much,0,11.43.0,2026-07-25T19:25:24,,
Pinterest,com.pinterest,Social,34b0951c-7c43-4cd5-bdc6-b6d23205ff06,Niña ariosa,4,,I LOVEEE THIS APPP but I just wish you could download the videos/clips and also I wish there wasn't a lot of ads,0,14.28.0,2026-07-25T19:22:12,,
Pinterest,com.pinterest,Social,b7984d0e-2064-4088-a1c2-3b764db2d629,Geetanjali Devi,1,,I used to love this app alot like 10/10 but from a few months it keeps telling user not found... or someday error. please fix it 🙏😭,1,14.28.0,2026-07-25T19:14:01,,
Pinterest,com.pinterest,Social,afe2dca0-659b-4a59-b37b-e659240b43af,Amarachi,3,,"It's great. But I keep getting this pop up information about verifying my email. I did but it wouldn't stop. I had to even delete the account and recover it. Also, it wouldn't let me publish a pin unless it's a collage or board. That's so annoying",0,14.27.0,2026-07-25T19:10:05,,
Pinterest,com.pinterest,Social,fa44b087-03ad-434e-8961-24bf2f7c393e,Tintswalo,4,,"I have been using Pinterest for a couple of years, and it's my go-to app for inspiration pictures and sometimes knowledge videos about content creation topics and tips. I really like the app. One issue is that we normally choose from a various range of skintone or hair texture, but it favours a certain type and doesn't normally show the ranges which you choose. other than that, it's a good app",0,,2026-07-25T19:09:56,,
Pinterest,com.pinterest,Social,2b4596a6-0999-49ea-8970-a3ca06444d66,Habib Shaikh,5,,this is very good app,0,14.27.0,2026-07-25T19:08:28,,
Pinterest,com.pinterest,Social,33f25d3a-1a24-456f-ad55-a312ed873995,अशोक सोनकर भावसार,5,,खूपच छान ऐप विविध माहिती मिळवण्यासाठी हे ॲप सुंदर आहे,0,14.28.0,2026-07-25T19:00:02,,
Pinterest,com.pinterest,Social,4a45b5f9-5d87-458e-aba9-e4653e810d6e,Toru Oikawa,5,,please add repost option,0,,2026-07-25T18:52:51,,
Pinterest,com.pinterest,Social,3295712c-0a32-4fe8-8441-ea6b03a41cb7,Sharathraj Krishna,5,,"it's like YouTube you can see clips , but if you want to draw this app is better than YouTube.To draw obviously",0,14.25.0,2026-07-25T18:51:52,,
Pinterest,com.pinterest,Social,e79a3c85-2cd4-4135-ac45-df5f7dfccb50,Ekam Singh7238,5,,Wonderful✨😍,0,14.28.0,2026-07-25T18:40:27,,
Pinterest,com.pinterest,Social,cafc6f7b-38c3-4270-a6b2-04c7209b85a2,B R (nillamars),1,,"stuffed to the brim with genAI ads no matter how many times you report them for false advertising, weight loss even, or just in general grotesque! because why am i OVER AND OVER getting an autoplaying ad of a genAI mermaid GIVING BIRTH SIDEWAYS WITH TEN BABIES.",0,14.28.0,2026-07-25T18:40:17,,
Pinterest,com.pinterest,Social,9fa3c35c-322a-4ef2-a543-efa7f3a089ea,elda ondeche,5,,I love looking at cute things,0,,2026-07-25T18:17:27,,
Pinterest,com.pinterest,Social,1494e48a-d7bf-4c3e-a4d8-fd3687cc98f8,Khin Dra Chan Htoon,4,,great! I use this app for all my wallpapers and I also make my own!,0,14.28.0,2026-07-25T18:10:49,,
Pinterest,com.pinterest,Social,2569ac76-6056-4b68-977b-30a4b483f373,Olaitan Kenny,2,,very difficult to open,0,14.28.0,2026-07-25T17:52:39,,
Pinterest,com.pinterest,Social,c73c8c8d-e27c-49b0-b65e-19d09f702197,Praful Sonkusare,5,,Enjoy,0,,2026-07-25T17:46:39,,
Pinterest,com.pinterest,Social,307fe88b-3c14-4312-9d2e-7165fb9d1d86,Md.Faujul Kabir,3,,"অনেক ভালো ইসলামিক ওয়ালপেপার সহ অন্যান্য ভালো ভালো ওয়ালপেপার পাওয়া যায়। তবে এখানে কিছু কিছু ছবি যেগুলো আমার খারাপ লেগেছে, মেয়েদের, যা আমি আশা করিনি",0,14.28.0,2026-07-25T17:38:50,,
Pinterest,com.pinterest,Social,4ca1fbc9-cd79-49dc-88c7-99724ae54710,Sarah Stevens,2,,"Got really irritated recently about how many AI generated pins were in my feed. Discovered through my settings that I had been automatically enrolled to see AI content for literally every interest category. AI nonsense should be OPT-IN, NOT OPT-OUT. I came to this app to see content made by human beings in my fandom, not scroll through computer generated slop. This is getting ridiculous.",0,14.28.0,2026-07-25T17:35:50,,
Pinterest,com.pinterest,Social,22f1b78f-7d46-4844-8d29-24d1d0d02379,Annelies Rowell,5,,"there are a few adds but it's not that bad, maybe they fixed it. I've got so many idea's from Pinterest",0,14.28.0,2026-07-25T17:35:18,,
Pinterest,com.pinterest,Social,d216562e-7ec9-4172-95ab-6c1009298cb2,Shravan Wadhe,5,,This app is so good good because i want any best image then i can find in it,0,11.43.0,2026-07-25T17:33:20,,
Pinterest,com.pinterest,Social,2a56f440-fa33-494b-b2dd-3531ca2c3468,Ajisree A S,5,,this is the most coolest app I ever played🥰🥰🥰🥰🥰🥰🥰🥰🥰,0,14.24.0,2026-07-25T17:31:06,,
Pinterest,com.pinterest,Social,4fc74f11-6878-47ce-ae14-dd9b75306d47,Rekha Devi,5,,vvvvvvv good,0,14.27.0,2026-07-25T17:27:50,,
Pinterest,com.pinterest,Social,2ee6eb03-e231-4f8f-802c-917f07e29667,nada alsaeed,5,,"A truly, truly, truly amazing app",0,14.28.0,2026-07-25T17:24:04,,
Pinterest,com.pinterest,Social,6cc415b8-78ac-4caf-a914-8e6bd194de04,Jorge L. Ortiz,5,,nice pho8,0,,2026-07-25T17:22:53,,
Pinterest,com.pinterest,Social,0c1f33c3-c20c-4c7f-8e31-e71c797d2caf,Saya. Illit,5,,l love it its so good and inspo and ideas,0,14.28.0,2026-07-25T17:22:42,,
Pinterest,com.pinterest,Social,2db29433-4a3d-4b57-806f-20375e882f77,Alayza Minzi,2,,Thsoe AI generated Faces,0,14.28.0,2026-07-25T17:21:19,,
Pinterest,com.pinterest,Social,b1e8ec64-6ea2-42da-85bc-ae49d2c9315d,Phillip Allen,5,,good,0,13.46.1,2026-07-25T17:06:41,,
Pinterest,com.pinterest,Social,00d8bf2e-20be-4d46-a08c-432894949446,Renu Sihag,5,,I just love pinterest and this is my all time favorite app 🫶,0,13.43.0,2026-07-25T17:01:45,,
Pinterest,com.pinterest,Social,5fa0ca2c-4c40-4cce-b8aa-4c8cade4a600,Malik Salman Malik Salman,5,,Good,0,14.28.0,2026-07-25T16:52:28,,
Pinterest,com.pinterest,Social,f9117375-ddef-4c30-829a-2f5ce2c83ad7,Monika Gupta,5,,lovelyyyyyyuyyyy,0,14.28.0,2026-07-25T16:50:09,,
Pinterest,com.pinterest,Social,2aefc3a4-8c3d-41a6-983b-e17310d1395b,Manav Attri,5,,because I love,0,14.27.0,2026-07-25T16:45:07,,
Pinterest,com.pinterest,Social,030a2ca2-6dad-4696-9977-012f782b8cf3,Czar Nicolas,5,,"the app is ok but after the update, there is one too much irritating bug, when i want to create some pin, i need to find it from all my gallery photos, the photos are not comming in actual sequence.",0,14.28.0,2026-07-25T16:40:40,,
Pinterest,com.pinterest,Social,ddec53a0-bb5f-43b0-b6cc-7dfebf0c5ec9,Honey Singh Kullar,1,,itna bekar aap maine kabhi jindagi mein nahi dekha bar bar glitch aa jata hai yaar kya Karen bhai jindagi mein yeh aap mat chalana itna ghatiya aap hai yaar mene isse 5 bar uninstall karke download kara fir bhi nahin chala yaar itna bekar aap hai ye,0,,2026-07-25T16:40:33,,
Pinterest,com.pinterest,Social,e4682590-7716-4a55-aa91-e031e4d2d23e,Chaman Thapa,5,,Nice app I love it very very good isliye maine isse five Star rate kiye just like a wow💖😮...,0,14.28.0,2026-07-25T16:37:18,,
Pinterest,com.pinterest,Social,72346749-a76a-4b90-bd53-9284bef6a958,Tiana Beernaert,5,,best app ever,0,14.28.0,2026-07-25T16:29:50,,
Pinterest,com.pinterest,Social,8527e191-d5f6-41c7-a8ce-5e65991be569,Parul Shah,5,,Fix it soon as possible,0,14.28.0,2026-07-25T16:12:31,,
Pinterest,com.pinterest,Social,0c260af6-4db2-4f36-a0ec-7a70902bbd4d,Rishansinh Parmar,5,,amazing totally my type app bro if u r a gen Z /alpha Or teen Or obsessed with aesthetic thing decor or art or craft E. T. C must try this i cannot even tell how many things this app have recamondation try even once and like then follow aestheticmaisha on Pinterest it's me maisha display name lol,0,14.24.0,2026-07-25T16:10:09,,
Pinterest,com.pinterest,Social,252c49c3-1fd3-44a8-a1b3-2388fc4a3013,Shilpa Ts,1,,this is not working,0,14.28.0,2026-07-25T16:08:56,,
Pinterest,com.pinterest,Social,9d40682a-c1b6-43f3-94f4-248ede9cb73e,Mridhula A,5,,nice to use especially kpop stans and other,0,14.23.0,2026-07-25T16:08:01,,
Pinterest,com.pinterest,Social,b4f52e8e-96a0-4c5a-9cfa-fe959830bb02,Sabana Ajmin,5,,"it's a really wonderful app I would recommend u to really use it while using it , it's feels so refreshing everything here is positive",0,14.23.0,2026-07-25T16:06:24,,
Pinterest,com.pinterest,Social,3d5ed7f6-39c5-4673-a440-9b112e3848d0,Amita Bhalla,5,,it's super good,0,,2026-07-25T15:54:32,,
Pinterest,com.pinterest,Social,a05b7810-3119-484b-a0a0-ebc16ba62975,Tarannum Jahan,5,,very bad app,0,,2026-07-25T15:50:57,,
Pinterest,com.pinterest,Social,b824a157-8660-408f-af59-b120df05187f,Bharti Rude,4,,this is very nice app,0,14.27.0,2026-07-25T15:42:40,,
Pinterest,com.pinterest,Social,b178e65f-698c-4772-9104-7bcfc3dd7383,Kamlesh Saksena,5,,"this is the best app I had ever had, and it is better than instagram or Facebook",0,14.28.0,2026-07-25T15:21:06,,
Pinterest,com.pinterest,Social,3d2fe4e9-cd5f-4b74-a3e8-b79a0a711eae,Laxmi,5,,very good,0,,2026-07-25T15:20:48,,
Pinterest,com.pinterest,Social,89d5ae1f-9c59-4060-ab92-ecdf74e7883f,Viktor Vidnjevic,1,,why cant i download pics anymore? big L for that,0,14.28.0,2026-07-25T15:19:32,,
Pinterest,com.pinterest,Social,3b1dc297-a7d4-45c4-9c99-5d546bb70ef3,Safiya Zahra,5,,great for searching up pics when you need it. especially shirtless pics 😝 try it out for yourself,0,14.28.0,2026-07-25T15:06:43,,
Pinterest,com.pinterest,Social,1005c477-57ce-4228-b1bf-a4cefba83be1,Edrianna Delacruz,5,,a perfect app to use if your searching for a photo or reference,0,14.28.0,2026-07-25T15:02:57,,
Pinterest,com.pinterest,Social,e71d4807-e146-4009-b425-870008f3c980,Riza Ayzel,5,,"Really great app , it's my favourite honestly, i had great experience in the app , the only problem was sometimes the ads that are among the pins are very VERY inappropriate , so I'm not sure if it's great for kids but other than that it REALLY great i LOVE this app <3 💗",0,14.28.0,2026-07-25T15:02:36,,
Pinterest,com.pinterest,Social,23b42659-a0b8-4151-bd61-261e9069c2c0,Fatimah,4,,if i saved something please can you remove it from the feed?,0,,2026-07-25T14:57:23,,
Pinterest,com.pinterest,Social,7c7ad277-0ab7-4e1d-bce7-7c6c80d463f5,Liya Boby,5,,i love this✨🌸,0,14.22.0,2026-07-25T14:56:00,,
Pinterest,com.pinterest,Social,233f7f5f-c3a6-44b5-bde6-28f078c5edb9,Saine Malik,5,,my favourite app,0,14.28.0,2026-07-25T14:44:19,,
Pinterest,com.pinterest,Social,0b511fa1-1e10-4e3d-9fd0-4db5b288efee,Mohasan Maitla,5,,world best app,0,,2026-07-25T14:40:11,,
Pinterest,com.pinterest,Social,b78860f9-3a63-402b-872d-587210666eac,Elina Jalili,5,,👌👌,0,,2026-07-25T14:36:02,,
Pinterest,com.pinterest,Social,4a67bbc1-4dc0-4c37-8469-3f0c68935171,Ametrine,1,,so many ads and bugs.,177,13.9.0,2026-07-25T14:27:09,,
Pinterest,com.pinterest,Social,0b708470-2676-4feb-84df-47d5befc5b88,Đurđa,1,,retarded app. everything is an ad or AI,0,,2026-07-25T14:18:44,,
Pinterest,com.pinterest,Social,5357d7ea-9604-4f64-9d0d-5f2af9f7d5db,Aoun Muhammad,5,,good,0,,2026-07-25T14:11:07,,
Pinterest,com.pinterest,Social,c4790f1f-e07f-458d-a80b-90223cd98975,Nitish Kumar,5,,nice,0,14.28.0,2026-07-25T14:07:53,,
Pinterest,com.pinterest,Social,b37e9a30-07a5-49bc-822b-18e51bc9a4fc,SkullX Editz SkullX Editz,5,,good for photo's,0,14.28.0,2026-07-25T14:02:24,,
Pinterest,com.pinterest,Social,56bbcd69-5a6b-414c-8ee5-7b193b1964b3,Kc Pal,5,,now i've realized thet pinterest has changed my life(≡・x・≡),0,14.27.0,2026-07-25T13:58:12,,
Pinterest,com.pinterest,Social,2fce5b86-8b6a-45b7-99ac-227987c51757,Sayyad Sunar,5,,good,0,14.28.0,2026-07-25T13:51:16,,
Pinterest,com.pinterest,Social,b3b64543-f95d-40f2-9d14-397a727e25a3,Johannes Dery,4,,A picturized apps and an excellent one for that.,0,14.27.0,2026-07-25T13:31:52,,
Pinterest,com.pinterest,Social,bcb78056-8fb9-4875-b8f4-d401d057eefb,Rivulet Suiam,5,,"FREAKING AMAZING, CHANGED MY LIFE FR",0,14.26.0,2026-07-25T13:24:19,,
Pinterest,com.pinterest,Social,c81deb1a-8387-421d-b881-e3c7f6b745f0,Suhara Sulaiman,5,,update problem is very risk❤️,0,,2026-07-25T13:23:34,,
Pinterest,com.pinterest,Social,e1f48e55-73b6-40c5-a858-9211f3555988,Haniya Zeeshan,5,,I downloaded Pinterest a few weeks ago and I have really loved the experience it offers a lot of features and graphic designing options to practice our editing skills I do recommend to download this app as it offers fun features and graphic designing opportunities,0,14.28.0,2026-07-25T13:23:01,,
Pinterest,com.pinterest,Social,8ff30757-8f32-46c3-8772-2a31f657a4ab,Rosie Cordukes,5,,"I really like to get into a lot of things that I really like on health care remedies , thinking about dying my hair different colors and etc.",0,14.28.0,2026-07-25T13:11:33,,
Pinterest,com.pinterest,Social,1ec5bf79-ca69-416d-b25d-75a50b68d574,Saivardhan,5,,best,0,,2026-07-25T12:55:05,,
Pinterest,com.pinterest,Social,9b3722a6-a448-4330-87b4-2b7d20e01332,Faith Taroy,5,,I like draco,0,14.27.0,2026-07-25T12:48:38,,
Pinterest,com.pinterest,Social,223cf596-d710-42f5-baf2-6a9af1c2dfbd,Muhsi Na,5,,wow🤩,1,14.26.0,2026-07-25T12:40:50,,
Pinterest,com.pinterest,Social,3ae0de17-26be-411a-abe0-b1c7dc4b149b,Opika Shetty,5,,this is best,0,14.24.0,2026-07-25T12:39:57,,
Pinterest,com.pinterest,Social,2322255f-d129-4f76-ada8-b87977233abb,Ebrahem Raafat,2,,why did you cancel the download it becomes booring that i can not download the photo i like & it seems that i will delete the app thanks for nothing,0,14.28.0,2026-07-25T12:13:12,,
Pinterest,com.pinterest,Social,9ac5c111-fe50-4d4d-acf4-9b9c0334b59f,Luh okta pitriani,5,,"tolong di perbaiki knp saat saya bukak Pinterest tidak mau muncul foto""nya",0,9.41.0,2026-07-25T12:11:17,,
Pinterest,com.pinterest,Social,cf032ff4-ea10-496d-b373-9116d5501012,arslan Talat,5,,i like this appp,0,,2026-07-25T12:11:13,,
Pinterest,com.pinterest,Social,ffab83c5-9e8e-42c0-a787-0e33776a8597,小愛,1,,AI MADE PINTEREST UNUSABLE!!!!!!!,0,14.28.0,2026-07-25T12:08:55,,
Pinterest,com.pinterest,Social,fb6f2bb3-76c0-4836-b669-a14b094e7012,Ace,1,,the new layout is horrible whoever made ut needs to be fired and exiled from the world asap,0,,2026-07-25T12:00:04,,
Pinterest,com.pinterest,Social,2402ad2d-5699-4ca4-abb6-803ab837e650,Akshita Kumari,5,,love,0,14.28.0,2026-07-25T11:57:50,,
Pinterest,com.pinterest,Social,cb096123-ec22-4b66-b7f6-79d7142bc126,Autumn Nino,5,,it's a really good app I love it,0,,2026-07-25T11:57:27,,
Pinterest,com.pinterest,Social,b2445bfb-046c-41aa-90e3-f6337dbe53a5,Oluoma Mandy,5,,Pinterest has been my favorite space to search for ideas and fashion inspiration and I've never had any problems using the app,1,14.28.0,2026-07-25T11:46:43,,
Pinterest,com.pinterest,Social,67002e65-71df-4470-8755-5f43063415fe,aoun abbas,5,,This is a good app for make your day and it will give you what you have to search but it has one mistake it can't provide video download. I request to the app makers please give us video download option.Then everything wii be right😇,0,11.43.0,2026-07-25T11:45:54,,
Pinterest,com.pinterest,Social,3798f2bf-1ac4-411d-b7a9-0a6bfbd38cc9,Reba Gorai,4,,this app is so good. but after some days it show internet connection problem first i think my internet problem but it is not..,0,14.28.0,2026-07-25T11:44:50,,
Pinterest,com.pinterest,Social,5519e51d-2be9-4872-b2a0-c0df3943ada9,Khushi Yadav,5,,Bhaut bhaut mast app hai jaise photos chahiye thi vaise hii mili hai love this app 😘😘😘😘😘😘😘😘😘😘🤣😘😘😘😘,0,14.28.0,2026-07-25T11:38:57,,
Pinterest,com.pinterest,Social,32580a52-c676-440c-b886-8b3a09c7817e,Jerlin Shekinah,2,,"I miss the old Pinterest so much. The new layout is frustrating and completely loses the charm that made Pinterest feel special. It used to have this cozy newspaper/magazine vibe that made browsing feel calm and inspiring. Now it just feels like every other social media app. Please stop changing what made Pinterest unique, or at least give us the option to use the old layout. A lot of us miss it.",0,14.28.0,2026-07-25T11:26:55,,
Pinterest,com.pinterest,Social,bfd934c8-9480-4b64-aa76-b14a6e44075f,Maniya sharma,5,,i love this ......😘,0,,2026-07-25T11:22:58,,
Pinterest,com.pinterest,Social,759bd773-38c2-4d42-abe2-179018037673,Dipali Kachare,5,,pinterest is a nice option for artist girl or boy 😄,0,14.28.0,2026-07-25T11:21:24,,
Pinterest,com.pinterest,Social,ecc4c462-1d0b-4a21-ad37-adca19ceef71,Zee Merky,1,,"im doing my own age,it wont let me in",0,11.43.0,2026-07-25T11:16:15,,
Pinterest,com.pinterest,Social,de4bd542-12bf-4164-91a7-7621740571af,Alif Bin,5,,I love this app,0,,2026-07-25T11:16:10,,
Pinterest,com.pinterest,Social,3f2bb0c2-0514-4402-af18-1f1a6ad85d23,Robyn Lazor,5,,great ideas,0,14.28.0,2026-07-25T11:14:05,,
Pinterest,com.pinterest,Social,24a78971-fcc1-493d-ac6a-b05a138eb265,Sonalraj Kothari,5,,good,0,14.28.0,2026-07-25T11:11:07,,
Pinterest,com.pinterest,Social,e1fd75c7-ea53-4ee5-8501-62457b8b0c18,Hassan Koya,5,,marvellous and stupendous.,0,14.28.0,2026-07-25T11:09:59,,
Pinterest,com.pinterest,Social,6b86a585-35fa-4bcf-aaf8-320481af8bba,Faizan Qader,1,,"I updated the app but after updating the entire app, it doesn't log in. what wrong",0,,2026-07-25T11:08:09,,
Pinterest,com.pinterest,Social,5440e285-bd26-47d2-a986-108849e41ea1,Anusha Vlogger India,5,,best app can chat and can create,0,14.25.0,2026-07-25T10:57:31,,
Pinterest,com.pinterest,Social,18a2509e-ba1d-4168-994b-bdd3b4945a82,JAGDISH G BAILMARE,1,,uninstalled bcoz of adul advertisement bye,0,14.28.0,2026-07-25T10:41:40,,
Pinterest,com.pinterest,Social,41ca43a1-efb7-4975-b685-fecf6382be05,SAMEER KHAN,5,,this is best app for girls,0,14.26.0,2026-07-25T09:47:24,,
Pinterest,com.pinterest,Social,b4dcc385-a7ac-4f36-b540-25614ee031db,Banti Gunda-8,1,,good bhai,0,,2026-07-25T09:46:18,,
Pinterest,com.pinterest,Social,bdc0c183-0d60-4c16-a393-2b500a894e13,Bipin Limbad,5,,good,0,14.26.0,2026-07-25T09:44:57,,
Pinterest,com.pinterest,Social,23df40af-955a-40da-af63-d9d7554e88aa,Waris Ali,5,,osm kmal hy ye app,0,,2026-07-25T09:35:07,,
Pinterest,com.pinterest,Social,6d5f3b3a-c2c3-4124-919c-b11250705312,Arjun Panchal,5,,this app is goat,0,,2026-07-25T09:31:09,,
Pinterest,com.pinterest,Social,83c05cae-a2b7-47f7-b915-f5c7685555c1,Abigail Windom,5,,I love Pinterest it's amazing for wallpapers,0,14.28.0,2026-07-25T09:25:01,,
Pinterest,com.pinterest,Social,27e893b7-4046-4d32-8df3-f7d08dc5a287,Preetam Morwal,5,,bhut acha aap h,0,14.27.0,2026-07-25T09:19:45,,
Pinterest,com.pinterest,Social,c73a7b0e-1971-44c3-9954-eaa862660044,Ravi Munda,5,,this is crazy aap,0,,2026-07-25T09:17:18,,
Pinterest,com.pinterest,Social,71ea7e0c-9efe-43da-8a6b-d9db918f4064,Sneha Kaushik,5,,luv u pintrest 🍓😛,0,,2026-07-25T09:12:47,,
Pinterest,com.pinterest,Social,d51542dd-9a18-4364-abb4-11ce95796199,Vandana,5,,too good 👍,0,,2026-07-25T09:11:31,,
Pinterest,com.pinterest,Social,7ed0f4d0-214d-43ae-9a18-48f1d49cc0fa,Brittany Starling,1,,Ads and AI have ruined this app. looking for bullet journal ideas and for every one post there are 5 ads.,0,14.28.0,2026-07-25T09:08:31,,
Pinterest,com.pinterest,Social,29dcd0c3-bacc-413e-ba8e-35e519b64023,Humaira Chowdhury,5,,খুব ভালো লাগে অনেক সুন্দর সুন্দর ছবি আছে আমার কাছে খুব ভালো লাগে ❤️,0,,2026-07-25T08:55:13,,
Pinterest,com.pinterest,Social,bbc2e44e-e647-4389-a0bd-9a943ee3ecff,Sunaina Tamang Khawas,2,,it's insane bro it's amazing,0,14.28.0,2026-07-25T08:50:11,,
Pinterest,com.pinterest,Social,6a4d309b-0082-410b-b6a7-5441a4e8dce8,T - T,1,,"The app is absolute trash. Sometimes it's great for getting ideas, but it mostly bombards you with ads, AI slop even if you turn all that off in the settings, has links to blogs that are riddled with ads and if you happen to show even an inkling of interest in one post, your feed gets flooded with similar posts. Then if you scroll too much it'll start flooding your feed with things from the past you've shown interest in. If you do a search, your results will get get flooded with the same garbage",0,14.28.0,2026-07-25T08:49:21,,
Pinterest,com.pinterest,Social,2ea2f380-ce65-420e-9a6f-8b199f3c87a0,Mark Cummings,5,,good allround,1,14.28.0,2026-07-25T08:48:00,,
Pinterest,com.pinterest,Social,695583e5-435f-45f9-b190-98b6fef210ed,Barnali Saha,5,,This application is truly excellent and has proven to be incredibly helpful.,0,,2026-07-25T08:37:31,,
Pinterest,com.pinterest,Social,4c7dbb6e-5e77-4fa1-843b-a93487b48e25,Zoe,5,,I love it 💗,0,14.28.0,2026-07-25T08:35:57,,
Pinterest,com.pinterest,Social,f021694c-c5a3-4bd2-8dc7-cbbe751233c9,Destroyer Cage,5,,Nice 👍,0,14.22.0,2026-07-25T08:25:19,,
Pinterest,com.pinterest,Social,b3dc27d9-5646-4785-a6bd-470de65279db,Gianna Butterfield,2,,"This used to be an amazing app for artist reference and various kinds of inspiration, however now there is nothing but ads and AI generated images. A filter was added to turn off AI generated images which helped, but these are really too many ads. Hiding each one is tedious. SDly this has gone downhill. I only keep it because of everything I have saved from years past.",0,14.28.0,2026-07-25T08:20:02,,
Pinterest,com.pinterest,Social,04d3cd86-22d5-4aeb-b0db-727c727acb96,chamkaur singh,4,,good,0,14.28.0,2026-07-25T08:13:53,,
Pinterest,com.pinterest,Social,772f48bb-56da-4277-84e6-77571627da06,Pallabi Pallabi,5,,very nice 👍 app,0,,2026-07-25T08:09:38,,
Pinterest,com.pinterest,Social,cfdf7b24-9c60-4ba8-a5e3-877240be1de8,Abdul Khadar,5,,onek valo 🎀,0,,2026-07-25T08:05:16,,
Pinterest,com.pinterest,Social,cbf9da94-63a4-46f6-aff6-4f74cadef42d,Bisnu Majhi,5,,thank,0,,2026-07-25T08:02:19,,
Pinterest,com.pinterest,Social,c2faebd2-3fdc-445b-85bd-e4ff017ce20d,Bcfxdb Hhgff,5,,veri nice photos,0,,2026-07-25T07:36:36,,
Pinterest,com.pinterest,Social,78e42f7c-77c1-4fc9-a39e-16297f2e359a,Becky Forgays,5,,Totally enjoyable.,0,14.28.0,2026-07-25T06:55:43,,
Pinterest,com.pinterest,Social,fe4e7063-bb46-4d74-9d58-2f525a229c57,serap bağdatlı,5,,I'm obsessed it gets every pic I want and since I'm an artist it's easier you should DEFINITELY DOUNLOAD!,0,14.28.0,2026-07-25T06:42:12,,
Pinterest,com.pinterest,Social,1fc32367-74d9-4c8c-a35d-3bc8f39891d7,nico sastraada,5,,found all of my pictures in one app yt pfp and etc!,0,,2026-07-25T06:37:20,,
Pinterest,com.pinterest,Social,8b2c034d-0657-4d7a-a1b5-973a362e45f5,AMODINI GOMANGO,5,,best app,0,14.28.0,2026-07-25T06:33:50,,
Pinterest,com.pinterest,Social,8af7b4bc-8940-4518-b8d3-f56651dc885a,Chirag M,5,,superb... 😊,0,14.28.0,2026-07-25T06:32:43,,
Pinterest,com.pinterest,Social,0ab58aaa-318e-4161-8e2c-d75eea16b871,Sanaz,5,,I love it is so good,0,,2026-07-25T06:13:07,,
Pinterest,com.pinterest,Social,92ab759f-7cb8-4d2c-8954-c266eacc65dd,Will Winkler,5,,ok,0,,2026-07-25T06:03:35,,
Pinterest,com.pinterest,Social,03761095-61d7-4d51-b68a-9093342ec158,Trekkie Forevermore,4,,"I enjoy the vast selections that is informative and very interesting. But some of the Adult themes are getting out of hand. It should be blurred and have some type of different access. It is marring the platform. I am being generous, so folks clean it up!!!!",0,14.28.0,2026-07-25T06:00:48,,
Pinterest,com.pinterest,Social,c7af8fe8-d1ac-423e-b391-6ad0935dcec9,Kyara Qirani,5,,SERIOUSLY I LIKE PINTEREST GIVE ME PINTEREST NOW OMGG,0,14.27.0,2026-07-25T05:48:31,,
Pinterest,com.pinterest,Social,1f6df939-6659-4bb3-a904-1bd628bdbbdb,Dolores Mawhinney,5,,Has a varied number of books suggestions cooking baking shopping,0,,2026-07-25T05:15:33,,
Pinterest,com.pinterest,Social,62c21681-6f4f-44d2-809d-ba20a800b7fd,Veronika Daikee,5,,"Great to share ideas with friends or family, inspirational, educational, motivational and great for finding new interests, hobbies or ideas for your current mood",0,14.28.0,2026-07-25T05:13:01,,
Pinterest,com.pinterest,Social,1b220972-8730-433e-88dd-fa059d3c3420,Sherman Jonathan,1,,"90% adds. Pinterest will not report adds or block ANY adds. Most adds contans guns, weapons, sexual devices and drugs that questionable and illegal. I will continue to report this site until they stop violating their own policies.",14,14.28.0,2026-07-25T05:10:04,,
Pinterest,com.pinterest,Social,c576e624-403a-40c3-935e-0b528f5cdad6,Mrs Deborah M. Baker,5,,Absolutely fantastic Opens up a whole new 🌎🌍 worlds of ideas 💡,0,14.28.0,2026-07-25T05:06:54,,
Pinterest,com.pinterest,Social,ab1532d6-feee-449c-a102-c7005d571db2,Jacqui Bennett,1,,"If videos force playing bother you, do not download. Breaks the law Because Pinterest is more interested in making money, than catering to users, they willingly break WGAC 2.2 You can choose not to automatically play video pins, but they have freely admitted that they let sponsors ignore that setting. So, not only is every third pin an advert, every fifth advert will force your device to play the video. Just use your browser bookmarks.",0,14.28.0,2026-07-25T05:00:42,,
Pinterest,com.pinterest,Social,35a15a37-9699-4402-b077-405e719c46a7,Isis de sousa Isis de sousa,5,,muintas coisas legais amo o Pinterest,0,14.27.0,2026-07-25T04:34:43,,
Pinterest,com.pinterest,Social,e83b3896-aa48-4326-b38d-525aa446aaba,prabhjot,5,,ahhhhhhh,0,14.27.0,2026-07-25T04:25:48,,
Pinterest,com.pinterest,Social,b3551eac-7ebe-4d06-8f41-873e0efcb643,Skyler Smartt,5,,It's great 👍,0,,2026-07-25T04:10:06,,
Pinterest,com.pinterest,Social,9b14831e-4a20-4be0-bb2d-10edde1c37fe,Heberlyn Fabregas Neymar Jean philippe,5,,love this,1,14.28.0,2026-07-25T04:08:14,,
Pinterest,com.pinterest,Social,f0dbab57-c5eb-4d94-81fd-b5525d6e5445,Steve Garnett,5,,It is exceptionally great,0,13.46.1,2026-07-25T03:51:35,,
Pinterest,com.pinterest,Social,13ec03ec-0f29-4ff9-be6b-b124283ae725,Emmanuel Essang,5,,am so grateful for the app,0,14.22.0,2026-07-25T03:36:15,,
Pinterest,com.pinterest,Social,35562591-a897-4ce2-a4f0-3e44369ccaca,Santos Iraheta,5,,"is great, has big potential, marketing is broader",0,14.27.0,2026-07-25T03:15:44,,
Pinterest,com.pinterest,Social,d9d9d16d-b968-479d-b857-a807b878ea6e,Fiza Israr,5,,best app ever,0,14.28.0,2026-07-25T03:01:52,,
Pinterest,com.pinterest,Social,c2437c67-d16b-4dec-b5e2-a80a45ac7ec5,Dgdhtfhtf Dgdhtfhtf,5,,So good 😀,0,,2026-07-25T02:54:45,,
Pinterest,com.pinterest,Social,f5388dd2-ace0-4785-9cf1-be57225bf1d4,Naresh Titu,5,,♥️,0,13.42.0,2026-07-25T02:50:02,,
Pinterest,com.pinterest,Social,e68b4fae-4f48-4a06-9401-fc72b78246cb,Sabahath Unnisa,5,,The best ever Application am using & will continue using forever. Pinterest founder you have done a great job Thanks a lot.,0,14.28.0,2026-07-25T02:26:58,,
Pinterest,com.pinterest,Social,aba1af63-e3ac-4953-a44a-49ae7a184fc9,Chaimaa,5,,👍,0,,2026-07-25T02:09:30,,
Pinterest,com.pinterest,Social,ef3d172f-27a9-433a-abf9-071679ab6a23,Fatima Gulberg,4,,It's an great app,0,13.46.1,2026-07-25T01:59:03,,
Pinterest,com.pinterest,Social,c1f8673e-e87c-4628-8ce4-19eb0855da8f,Jasmine Guppy,3,,used to love Pinterest but now it's filled with AI. it's hard to find any real photos. it's ruined the app entirely.,1,14.28.0,2026-07-25T01:36:22,,
Pinterest,com.pinterest,Social,ba66867a-af9c-4182-b91b-282b16c42895,Eva Henning,4,,everything is so relatable! love it! Just one thing is all the ads. sometimes I get like three ads in a row.,0,14.24.0,2026-07-25T01:33:15,,
Pinterest,com.pinterest,Social,eddc534f-3ca0-4897-b228-0843c9045201,Nadia Fester,5,,Gives u everything u need and is accurate,0,7.43.0,2026-07-25T01:31:26,,
Pinterest,com.pinterest,Social,eedd26ab-4c9b-4074-bf26-750f36df3393,Ahmed Shulgamy,4,,برنامج جميل بس للاسف سحبتو خاصية تحميل الصور,0,14.28.0,2026-07-25T01:30:03,,
Pinterest,com.pinterest,Social,b93243e5-07c0-49f9-9e4b-41fd7f60e6b1,Andy Loney,5,,one of my favorites,0,14.28.0,2026-07-25T01:05:12,,
Pinterest,com.pinterest,Social,bf5baa63-3150-4fa4-9845-437df2d27b0f,Payal Dagla,5,,💫💫💫💫💫,0,14.28.0,2026-07-25T00:58:58,,
Pinterest,com.pinterest,Social,ee57ee4f-80b1-4e97-9aa2-a74a5fb2ac52,Springtrap,5,,"I'm very satisfied and happy with this app, it's easy to use and very well designed. I love being on this app and the mental health care is amazing, thank you so much for that.",0,14.28.0,2026-07-25T00:52:49,,
Pinterest,com.pinterest,Social,dfe1f803-19cc-4047-a05a-ee45c2c86572,Elton joseph,5,,I just love this app,0,14.28.0,2026-07-25T00:52:38,,
Pinterest,com.pinterest,Social,78dc498f-a5e3-474e-84d3-0cad0914cd5e,Seyki,5,,I really like Pinterest I use it everyday like I put the phone away then realize there's nothing to do and go back on Pinterest,0,,2026-07-25T00:45:31,,
Pinterest,com.pinterest,Social,ac7f9979-0f8e-4ba0-927d-74c6274e9d31,MrsYH,5,,Undoubtedly the best app but need the switch accounts feature in your next update,0,14.24.0,2026-07-25T00:37:27,,
Pinterest,com.pinterest,Social,a9327850-df52-4c97-a929-2f6ce0c7d5e3,Sam Lång,2,,too many ads,0,,2026-07-25T00:33:04,,
Pinterest,com.pinterest,Social,7619a612-83ed-4a7f-b591-417da1f0ecbb,Nozi Nala,4,,it's so nice,0,,2026-07-25T00:30:07,,
Pinterest,com.pinterest,Social,a3356757-4449-490c-88e8-5dd60ea8a5ab,Debra Snyder,4,,I love Pinterest and the fact you can find any recipe you could imagine. I do find it frustrating to get to some recipes though and the ads have become so invasive and hard to get around.,0,14.27.0,2026-07-25T00:18:25,,
Pinterest,com.pinterest,Social,5c76ea8b-d0ae-4144-a7a4-075edbb860b8,Maryam Motie,1,,"Toooo many ads, get it together guys ----- almost two years later, still too many damn ads I need to get rid of that search button on the bottom right cause I CAN'T SEE THE PICTURES COMPLETELY !!!!!",5,14.26.0,2026-07-25T00:18:14,,
Pinterest,com.pinterest,Social,f30fcf57-757e-4a70-aa9f-17a1602ffe6a,Mary DePasquale,5,,I love this app. I dont care about the ads. I would be lost with out it. It helps me keep my sanity. There is no other app out there like this. This app makes life easy for me. 🧡🧡🧡,0,14.28.0,2026-07-25T00:18:00,,
Pinterest,com.pinterest,Social,a09f80e4-f733-444b-8a7f-ec3596e98c42,Sumedha v,3,,the current mobile UX of this app is really poor. The bottom portion where the caption is consistently cuts off the image and interferes with scrolling through a long image that has been pinned. 3/5 UX,0,14.27.0,2026-07-25T00:17:48,,
Pinterest,com.pinterest,Social,77bc14d1-f32c-4a86-8d85-8ed50cc81a5e,Mahnoor,5,,"great app..have been using it for a long time..but recently the new update or maybe it's a glitch but now i can't swipe between pins..which made the whole Pinterest experience very boring to me..I hope they fix this otherwise, I don't know about the other users but i might stop using it..",0,,2026-07-25T00:10:28,,
Pinterest,com.pinterest,Social,21bed996-6c94-4368-b02f-387a57514b00,Jasika,5,,"It's truly one of the best apps I have, and it has any pictures you need. I really love it, I swear.",0,,2026-07-25T00:05:34,,
Pinterest,com.pinterest,Social,bee0a1d1-9e7a-45c2-a4d2-a8ddd52844ed,Maureen,2,,"I want to like this app, but I wish the search would actually pull up what I'm looking for and not push an algorithm of what it thinks I want. I try to look up ideas for something new and it just shows me things related to what I've pinned previously. It was subtle before but now it just feels like a whole other homepage. Please fix this",2,14.28.0,2026-07-24T23:27:23,,
Pinterest,com.pinterest,Social,a2e6d731-3fbd-4771-b1b1-15d27a846dd3,Shyam Gupta,5,,good,0,2000000000.0.0-CrOS,2026-07-24T23:19:38,,
Pinterest,com.pinterest,Social,1e2b9014-4fad-4855-a590-73069a1f0d79,Alexis Griffin,5,,"Pinterest is a great way to control your thoughts, plan events, talk to friends, and discover your goals.",0,14.28.0,2026-07-24T23:18:07,,
Pinterest,com.pinterest,Social,80ecfe31-1a8e-4fd2-987f-d71be096d36e,Anish gulzer Gulz,1,,waste nothing working,0,14.28.0,2026-07-24T23:17:57,,
Pinterest,com.pinterest,Social,d2352f59-d0f8-45e7-8eac-495d99c2381e,Pragatheeswaran Sampath,4,,my favourite application. lots of people's are like it and sharing theirs thoughts.,0,14.27.0,2026-07-24T23:15:33,,
Pinterest,com.pinterest,Social,c022826a-e472-4e26-ad73-037d8a258fda,Josh Allen,3,,please stop asking me if I want notifications every time I do something. I have them off for a reason.,0,14.28.0,2026-07-24T23:11:48,,
Pinterest,com.pinterest,Social,81c8fbbf-191f-42c7-b91e-96b2bb4d3513,Jyoti lokhande,5,,excellent pic,0,14.24.0,2026-07-24T22:53:44,,
Pinterest,com.pinterest,Social,fdb01fe0-9ef8-4ca6-8f0a-5efff45936df,Shweta Parte,5,,VERY USEFUL,0,14.28.0,2026-07-24T22:47:40,,
Pinterest,com.pinterest,Social,8810f3a3-0828-4ff7-8127-c40d33f036c2,Imaobong,5,,It's Awesome,0,,2026-07-24T22:45:20,,
Pinterest,com.pinterest,Social,6cca8116-8760-4f40-b5a9-103315eb21d7,sabina,5,,i live in pinterest. cuz it's such an amazing! my pinterest account is my twin),0,,2026-07-24T22:21:34,,
Pinterest,com.pinterest,Social,e42aad64-2e21-458c-80ab-7656da565db0,Vijayalakshmi Pandiyan,5,,faah 😉,0,,2026-07-24T22:16:37,,
Pinterest,com.pinterest,Social,339e3df1-c26e-4295-ae0a-3086f2dd5222,Saleem Pottammal,5,,very good,0,,2026-07-24T22:16:03,,
Pinterest,com.pinterest,Social,87d62674-67ab-4f9b-bcce-62c5272f01a7,Xadio calamus (Sakamillion),5,,"I really love this application, it gives me all it has",0,14.25.0,2026-07-24T22:15:21,,
Pinterest,com.pinterest,Social,b997f906-c835-48fe-b876-60796b86221c,Amy Watson,3,,"decent, would be 5 starts if they didnt send me notifications for useless stuff every 30 minutes",0,14.27.0,2026-07-24T22:03:25,,
Pinterest,com.pinterest,Social,08be48c6-45ec-405c-a4d8-c5e793d34197,Lane Hudson,2,,It is very annoying. Pinterest keeps sending me violation reports for things I'VE posted. I NEVER POST ANYTHING! And all we ever do is save pins from other people's pages on landscaping and decorating ideas. My last account was closed for violation of graphic material that never happened! There's never anyone to talk to. You can't complain to anyone. We ended up losing all of our valuable saved ideas and started it over. Sadly our NEW account is now getting the same violations. STOP!,0,14.28.0,2026-07-24T22:02:19,,
Pinterest,com.pinterest,Social,e786c2c3-4d8c-438a-b74a-9b360a0d54b3,Nayan Rai,5,,nice,0,14.28.0,2026-07-24T21:55:19,,
Pinterest,com.pinterest,Social,9ec5d2ae-77a1-4db1-a5ff-5565c9c4f8f9,dijith v,5,,no words to say 🤌🏻🫰🏻🔥🔥 go and install it right now 💖😀,0,14.27.0,2026-07-24T21:48:27,,
Pinterest,com.pinterest,Social,0a497b10-8ffd-465b-bae0-8b9cd133f5cb,Puran singh Singh,5,,Very nice 👉❤️❤️❤️❤️❤️❤️❤️❤️,0,,2026-07-24T21:30:40,,
Pinterest,com.pinterest,Social,1759cac8-6370-401b-a2ef-f2960930dbfc,shedrack nweze,5,,I loved my experience with this app,0,,2026-07-24T21:21:00,,
Pinterest,com.pinterest,Social,60cd58c3-b157-4b2a-adf7-f18011efd02d,Shaista Perveen,5,,it's a fun app,0,14.28.0,2026-07-24T21:19:30,,
Pinterest,com.pinterest,Social,9a188a95-a8ec-470a-94d5-f76b482e618d,Ineza Lucky Gracia,5,,Best app I ever downloaded,0,14.28.0,2026-07-24T21:19:00,,
Pinterest,com.pinterest,Social,bd44bb3f-a92e-40a8-a5e9-871f39d8ef22,pathan omar,4,,nice application for idea's,7,14.24.0,2026-07-24T21:07:58,,
Pinterest,com.pinterest,Social,22a8bee9-65f1-4830-8322-9709f933bd04,rizwan ulhaq,4,,this is a real good app for making any type of collage of novels or any other thing best experience ever!!,0,14.28.0,2026-07-24T21:01:41,,
Pinterest,com.pinterest,Social,1d111d60-45e4-4091-b20d-ee678378b96b,Lislye Soares,1,,"Update 2019: Wow, I appreciate when developers pay attention to the user reviews. With every update Pinterest gets better and better. Amazing job. — Update 2026: Never thought I'd go from 5 to 1 star. Pinterest used to be about creativity and sharing. Now it's full of AI content mixed with authentic material, no warnings. It became a dreadful experience. Plus the greedy ads, too many per actual pins. What a shame, it really went downhill, really fast, ruining years of excellence.",1,14.28.0,2026-07-24T21:01:21,,
Pinterest,com.pinterest,Social,2ae873c6-cb94-4908-a985-381bf6aa2030,Becky Pawlowski,1,,"I use this weekly for meal planing, but the ads have taken over it has become almost impossible to see the recipes.",0,14.28.0,2026-07-24T20:57:09,,
Pinterest,com.pinterest,Social,f006757d-fd05-47fb-84f6-11f2f286072e,Zara naseer Khanday,4,,I love the app so much but I didn't liked the new update like I can't reply to the text that my friend has sended me nor can I react. I can't see new ideas. I wish u could change the Pinterest the way it was before it would be so kind of youuu,0,12.45.0,2026-07-24T20:54:36,,
Pinterest,com.pinterest,Social,0c1a1286-c834-473c-98f0-d53b3b4106e3,Mohammad Ali,5,,best editing tool hai,0,14.26.0,2026-07-24T20:52:34,,
Pinterest,com.pinterest,Social,a5c181f5-35db-415e-98ab-0edadb5afe65,Shiv Aditya Jonnakuti (ISAGI YOICHI),5,,best app ever,0,14.28.0,2026-07-24T20:38:04,,
Pinterest,com.pinterest,Social,b596a745-63d7-4e54-a3c7-802715dec245,Ajaz Alam,5,,it is very good app for me 😁,0,,2026-07-24T20:37:34,,
Pinterest,com.pinterest,Social,3b3fc081-0018-4685-957a-4d0efa95a784,Fakiha Imran,5,,I love this app,0,14.28.0,2026-07-24T20:33:08,,
Pinterest,com.pinterest,Social,837d71c8-3e84-4e85-a77d-03f4385b6b2d,Arun Singh,5,,good app,0,11.43.0,2026-07-24T20:30:33,,
Pinterest,com.pinterest,Social,fd0595c8-d0f1-4eac-b3d6-534528f6cbdd,N N,1,,excessive permissions and needs access to way too much personal info. definitely using personal info to sell.,0,,2026-07-24T20:24:07,,
Pinterest,com.pinterest,Social,f2eb51da-c729-4a15-8f9f-ccdd7d711ab9,Ritik Chaubey,5,,best app for wallpaper 😃,1,14.28.0,2026-07-24T20:20:06,,
Pinterest,com.pinterest,Social,9179a5ec-b402-4f39-bd6e-be050e1ed914,Andrea Kash,5,,This app is really amazing..... I love it so much...,0,,2026-07-24T20:17:29,,
Pinterest,com.pinterest,Social,906c9669-e163-44c5-aff4-6304f2bc7fd3,feral catgirl,1,,"Still an overwhelming amount of ads vs pins. I see ads almost as much as I do pins, if not MORE and it's unbearable. I don't use it much now. Not to mention certain pins randomly getting marked as ai by the app, when really it had nothing to do with it. Edit: I've disabled any ai recommendations/features in the settings, but I'm still getting automatically generated ai descriptions under pins that I DID NOT ask for. Ads are even more frequent now. It's borderline unusable!!!",6,14.28.0,2026-07-24T20:15:08,,
Pinterest,com.pinterest,Social,06572024-0453-4d7c-b3dc-4e090e1c6462,Hanshika .J,5,,OMY- IT STARTED WITH ✨ aesthetic wallpaper ✨...THEN MY BOARDS INCREASed so di my love for this app! PEACE IS OBTAINED QUICKLYYY 🌷🎀❤️✨,0,14.28.0,2026-07-24T20:10:01,,
Pinterest,com.pinterest,Social,f1cd778e-097c-4e4e-8ac6-5c175177a179,NDH Anh,5,,I really like this app; it gives me so many ideas for drawing OCs or for my art homework. It's really great to be able to refer to the pictures on this app. This app lets me admire so many paintings by artists 👍👍❤️❤️,0,,2026-07-24T20:02:56,,
Pinterest,com.pinterest,Social,3afa9837-949b-434f-99d0-44e21c904de5,Belinda Easter,5,,blessed to have you all has aid and assist me on several areas I'm dealing with plus a fun outlet to learn new things,1,14.28.0,2026-07-24T19:56:33,,
Pinterest,com.pinterest,Social,8b371f7d-51f8-442d-8a8f-39267afb07d2,Stella Porman,5,,this is the best app in my opinion I luv it you can get lots of cut pics,0,14.24.0,2026-07-24T19:51:28,,
Pinterest,com.pinterest,Social,96a44485-12b1-46ae-856c-31022c0375e7,Love,5,,love it has alot of ideas,1,14.28.0,2026-07-24T19:23:52,,
Pinterest,com.pinterest,Social,699b2a27-5ffb-4ca0-826a-76e619c11c48,Ahmed Qadeer,5,,good,0,,2026-07-24T19:12:56,,
Pinterest,com.pinterest,Social,54e7bf49-4cff-4a5a-9913-36b090c15e24,Qandeel Mazhar,5,,yoo best app,0,,2026-07-24T19:12:20,,
Pinterest,com.pinterest,Social,f7731439-083b-4b32-aa51-e5c0449a9e72,Radha Singh,5,,v good 👍👍,0,14.28.0,2026-07-24T19:09:28,,
Pinterest,com.pinterest,Social,f48b1ac3-ba6c-40c6-97f0-02544c7918ba,Fousiya KC,1,,Good,0,7.43.0,2026-07-24T19:02:56,,
Pinterest,com.pinterest,Social,b21dca6e-657c-4f5e-9441-6734574d63e7,Marvie Macapanas,5,,the pictures are good~~,0,14.28.0,2026-07-24T18:54:57,,
Pinterest,com.pinterest,Social,2419333c-ff68-44f7-91c8-01cf94638663,Selena Selena,5,,عالیه حتما نصب کنید,0,,2026-07-24T18:47:21,,
Pinterest,com.pinterest,Social,1df6a10a-744c-466d-bbc9-019a0628d863,Blessie Regala,1,,bad app,0,,2026-07-24T18:41:09,,
Pinterest,com.pinterest,Social,1286b419-352c-485a-95bf-9bc17c1681c1,Bibi AMENA,5,,i always love using pinterest. it shows various cute stuffs i everyday enjoy itt. just love itt. nothing else i want to see,0,,2026-07-24T18:39:05,,
Pinterest,com.pinterest,Social,fdd0c055-ec7b-4692-9edf-790b63c8c5ef,Hakeem Wildeman,1,,I'm putting in 2000 in the birthday year it doesn't want me to make an account,0,14.28.0,2026-07-24T18:25:51,,
Pinterest,com.pinterest,Social,fd56d66d-5f8e-4ffa-aa22-e6c12634f6f4,Racheal Atigi,5,,very professional,0,,2026-07-24T18:22:54,,
Pinterest,com.pinterest,Social,2294839d-b5b6-4260-bf95-854834017f4a,Blake Madison Dannug,3,,this app has potential but its not working. and now its not letting me put in anything,0,14.28.0,2026-07-24T18:13:01,,
Pinterest,com.pinterest,Social,51580630-e1b2-4f01-8a4d-2e2d8651a843,Dexter's Laboratory,5,,❤️,0,14.28.0,2026-07-24T18:03:02,,
Pinterest,com.pinterest,Social,5fe9ee13-4a2f-4313-8ee1-2ab3b2a9f9cf,Sarb Sarbjeet,5,,I seems so good 👍😊,0,14.24.0,2026-07-24T17:57:32,,
Pinterest,com.pinterest,Social,b34134de-bd2b-4b57-8278-cb2769790edd,ruhina Khan,5,,this app is amazing bro,0,14.28.0,2026-07-24T17:44:05,,
Pinterest,com.pinterest,Social,a35d94bf-4082-48e1-8c00-cbd3e3019d28,Test Me,5,,"I love this app, it helps me to find good base drawings and helps me to improve drawings skills on digital and sketch",0,,2026-07-24T17:22:39,,
Pinterest,com.pinterest,Social,4b7a3562-f558-48ce-b5b5-d0731e0d85a7,shamim ahmmed,5,,it is a rlly very good app. it's especially for those peoples whose parents don't allow them to use Instagram and tiktok. it helps in studies too.,0,,2026-07-24T17:20:16,,
Pinterest,com.pinterest,Social,5ff5d6d3-0ff8-46dc-8e38-eec3b300c4c6,তোমাগে singer ভাইয়া 1,5,,গুড,0,,2026-07-24T17:02:37,,
Pinterest,com.pinterest,Social,146246b4-b600-49a0-ad65-831c3064d530,Shehnaz Preet,1,,not opening,0,14.28.0,2026-07-24T16:53:05,,
Pinterest,com.pinterest,Social,19eab411-aae0-4603-b9c7-c11ea77c924e,Hanna Sultana,5,,It's gd,0,14.24.0,2026-07-24T16:52:55,,
Pinterest,com.pinterest,Social,af6bf49d-bf73-4f3f-9984-aee9ac4f6456,Anvi Bhise,5,,Too goodd....totally obsessed💗🫶🏻,0,,2026-07-24T16:44:17,,
Pinterest,com.pinterest,Social,1a95265b-0f8d-4a69-ae5a-f2d1c4ded88f,Ruhan Ahmed,5,,good,0,14.28.0,2026-07-24T16:34:36,,
Pinterest,com.pinterest,Social,294124b5-918c-46bf-8878-113b29a1d72b,Anamika Patial,5,,superb,0,,2026-07-24T16:15:32,,
Pinterest,com.pinterest,Social,fcb1c935-0f0c-458f-b7e2-4134f5cbc7c4,Shashi Mohan Pant,5,,"Pinterest is excellent for inspiration and visual discovery. Boards, pins, and search filters make it simple to organize ideas for projects, design, or events. The app’s recommendation engine surfaces relevant content that sparks creativity. Ideal for planners, creatives, and hobbyists.",0,14.1.0,2026-07-24T16:08:47,,
Pinterest,com.pinterest,Social,b0d367da-40b2-46d5-a23e-fc5cac4e4f9d,Sagarika Sasmal,5,,this app is just amazing 😍 I love this app✨,0,14.28.0,2026-07-24T16:00:47,,
Pinterest,com.pinterest,Social,4b8c3410-b42a-4605-b70c-9ce7bfb1d728,Mihac Lucija,2,,"Used to be the best app ever. Now, half the pictures are obviously AI generated, and every other post is an ad. Pinterest do better!",0,14.25.0,2026-07-24T15:39:09,,
Pinterest,com.pinterest,Social,9e2a95ec-f49b-4442-ad37-44cf065481d5,Raha,5,,good application,0,14.26.0,2026-07-24T15:31:59,,
Pinterest,com.pinterest,Social,1168e376-e884-474f-a208-2c291b05a15a,Ubaldo Lumabas,5,,it's everything here!!🌸so pretty,0,,2026-07-24T15:26:21,,
Pinterest,com.pinterest,Social,08263385-c43f-4f90-8ac3-84956bc7e41b,Suvoijt Mondal,4,,ভালো good,0,14.28.0,2026-07-24T15:08:27,,
Pinterest,com.pinterest,Social,4513675c-0323-4fb4-a877-6af8a84ee2bd,Jolina Paiva,5,,"perfect for recipes, art ideas and quotations",0,14.28.0,2026-07-24T15:00:30,,
Pinterest,com.pinterest,Social,04774a71-c500-4aef-8636-15ada17dc1e7,bstewart654,4,,Great for recipes,0,14.28.0,2026-07-24T14:53:00,,
Pinterest,com.pinterest,Social,dc274819-30cf-498c-816a-d2f9064c2d45,Tiktok Live,5,,nice app 😘,0,,2026-07-24T14:52:01,,
Pinterest,com.pinterest,Social,5be8665a-63a0-4728-943b-149d4ab54761,ABHIJITH PJ,5,,❤‍🔥,0,14.27.0,2026-07-24T14:45:36,,
Pinterest,com.pinterest,Social,b145d9e8-30f5-40f6-bbb2-6347e43f5efb,Sana Adnan,3,,soo many ads r being shown which distracts the main purpose of the app and creates problem for the user plz kindly show less ads most of them r irrelevant impropriate,0,14.28.0,2026-07-24T14:39:37,,
Pinterest,com.pinterest,Social,bf07046f-26a1-4675-a3d4-fe7fc7237b4d,Shahid Bhat,5,,𝗻𝗶𝗰𝗲 𝗮𝗽𝗽,0,,2026-07-24T14:33:19,,
Pinterest,com.pinterest,Social,c501f17d-3668-49b3-b6df-8608cc6d1eca,Mikayla Alya,4,,quite good got all stuff so far not bad but too many adds,0,,2026-07-24T14:29:00,,
Pinterest,com.pinterest,Social,2266ec9c-b5e1-4d05-8f94-f633e0da6e3a,Michelle Lutong,1,,it can't let me enter my age verification even tho I'm 13+ old ts sucks af,0,,2026-07-24T14:27:10,,
Pinterest,com.pinterest,Social,333f1791-ce1f-460f-be9e-cf9a0e8dde39,Shweta Mukeriya,5,,it's so fun to use pinterest...i can take inspirations to draw something from it or just sctolling.it has a lot of funny memes and all also...guys it's really one of the best app...🤙,0,14.28.0,2026-07-24T14:26:41,,
Pinterest,com.pinterest,Social,0065c4c6-41d5-4d54-b86b-b5de7b7e2531,Quamarul Haque,5,,pinterest is best app 😀,0,,2026-07-24T14:23:09,,
Pinterest,com.pinterest,Social,2c7203f7-2931-4089-a3d1-d7ef29111975,Kaiser raza Abdi,5,,nice,0,14.11.0,2026-07-24T14:18:56,,
Pinterest,com.pinterest,Social,b036c16a-9591-48f5-aa23-54e8e18648a7,Manahil Imran,5,,whoever made this app i love you but uhh can yall add a calling feature please i wanna call my friend...,0,11.43.0,2026-07-24T14:13:39,,
Pinterest,com.pinterest,Social,cf6bfd69-bd14-4a52-a4da-14b38d2f7890,Neku Samuel,1,,nice having you,0,14.26.0,2026-07-24T14:11:52,,
Pinterest,com.pinterest,Social,ade6425c-1244-45ac-8f48-e50c610b1d8c,LizNic Palmer,3,,mostly ads now:(,1,14.28.0,2026-07-24T13:42:23,,
Pinterest,com.pinterest,Social,3c06191f-3621-4a8c-9bd2-c841d39fb90b,Michelle Walker,3,,its okay but can you filter the comment section at all?,0,,2026-07-24T13:36:56,,
Pinterest,com.pinterest,Social,3aae1dad-7b24-4b9b-9c22-be090073879b,Sweta Gurung,5,,Its help to gate some idea in many things this app is superb,0,14.27.0,2026-07-24T13:32:43,,
Pinterest,com.pinterest,Social,e503c594-7002-444f-9cae-c3f607fb13ec,Khyathi Koyya,5,,excellent,0,14.28.0,2026-07-24T13:26:45,,
Pinterest,com.pinterest,Social,878dee6e-4b07-4643-a813-7c045029c795,Maricar Santos,3,,"I can't find the download image on every pins, it's so hard to navigate.",0,,2026-07-24T13:23:04,,
Pinterest,com.pinterest,Social,987b2f54-ce4a-4e90-801e-f261088dc398,Vivo Old,1,,This app is normal it's a 67,0,,2026-07-24T13:04:14,,
Pinterest,com.pinterest,Social,1f015e57-ce3a-400f-aa8c-f03ba92a7603,Meena KUMBHAR,5,,I like this app,1,14.28.0,2026-07-24T13:02:37,,
Pinterest,com.pinterest,Social,ad33710c-e327-4ae4-949d-34b52af72dca,Sana Ullah,5,,اکمل,0,,2026-07-24T12:37:55,,
Pinterest,com.pinterest,Social,4cfe5e0c-381e-4508-9c08-cb83b1cc44df,Hugo Garcia,5,,It is what it is Pinterest 🚸💖💖💖💖📈💯🌎💖,0,14.15.0,2026-07-24T12:22:07,,
Pinterest,com.pinterest,Social,f27f818b-8ef2-480b-88ae-2d13b94b9af5,Soumitra Garai,5,,❤️❤️❤️,0,14.28.0,2026-07-24T12:18:04,,
Pinterest,com.pinterest,Social,5c0feb16-82da-4a66-8ba4-a3dd776a21b7,Tuntun Sadia,5,,love it,0,14.28.0,2026-07-24T11:58:32,,
Pinterest,com.pinterest,Social,fed7b056-7428-4d1d-ae0c-e3f92bedd3c2,Ronitah Emilliana,5,,it's the best app I have used so far.,0,11.43.0,2026-07-24T11:22:51,,
Pinterest,com.pinterest,Social,407f4358-7ad0-4d0c-8fe5-66c8c690e582,Varun Jangid,4,,"I love Pinterest and have been using it for a long time, but I'm constantly facing the ""Oops, something went wrong. Try again."" error. The only temporary fix is uninstalling and reinstalling the app, but the problem always comes back after a few days or weeks. Email login often fails too, although Google login works. Please fix this issue—I really enjoy the app, but this recurring bug is very frustrating.",0,14.28.0,2026-07-24T11:08:01,,
Pinterest,com.pinterest,Social,9e3a737e-b422-415a-a37a-5dce845c63a5,Kylie Bates,1,,stop changeing stuff! stopppp! its dumb! dont put the search bar at the bottom of the screen now,0,14.28.0,2026-07-24T10:54:39,,
Pinterest,com.pinterest,Social,ebef4b92-3bcd-4fed-a109-0a796f72559f,Renuka Narayankar,3,,nice,0,,2026-07-24T10:53:03,,
Pinterest,com.pinterest,Social,78282743-f54f-4cf1-a2bb-ffb38a457976,Nancy Shape,5,,good app,0,14.27.0,2026-07-24T10:51:20,,
Pinterest,com.pinterest,Social,00214f95-91b6-4b0a-a261-8e9857746841,Miral El Banna,5,,my favourite app,0,14.28.0,2026-07-24T10:49:44,,
Pinterest,com.pinterest,Social,7df4a417-64fe-41a7-9feb-14df69cfed70,Krishna Kumar,4,,very nice,0,14.21.0,2026-07-24T10:40:44,,
Pinterest,com.pinterest,Social,5ba53733-2df4-4baa-a81a-fe69302cffae,Aeiana Dlf,1,,too much ads,3,14.28.0,2026-07-24T10:31:31,,
Pinterest,com.pinterest,Social,65b174a3-d354-4807-802b-d40b704471db,Ms.brookthebaddie,5,,LITERALLY LOVE IT,0,14.28.0,2026-07-24T10:23:53,,
Pinterest,com.pinterest,Social,52148517-8e77-416d-90c1-f0ed6eb075fe,MUHAMMAD KHALID,5,,nice app since I have been used it for long term.,0,14.21.0,2026-07-24T10:22:23,,
Pinterest,com.pinterest,Social,19da2a13-f0ce-4d22-829d-ef863ad932fc,Chandrakant Somani,5,,best performance,0,14.27.0,2026-07-24T10:09:56,,
Pinterest,com.pinterest,Social,941e2651-1d0a-45c9-be8f-bbd208367c4c,Sunisha Coleen Portbury,5,,"This app is sugar, spice and everything nice ❤️",0,14.27.0,2026-07-24T09:59:39,,
Pinterest,com.pinterest,Social,a8b91546-77d8-4f2d-a6f4-d25c8267e644,Sunil Dahima,5,,good 👍,0,12.46.0,2026-07-24T09:53:24,,
Pinterest,com.pinterest,Social,51174137-0673-4247-93d1-0ae22967527d,Neha Kuiry,5,,it is very useful I use it for drawing also my friend has a YouTube channel and I suggest it for her she is very happy because for this app her videos are looking more excellent,0,14.28.0,2026-07-24T09:30:46,,
Pinterest,com.pinterest,Social,1d1fec0c-26c3-48ef-af5d-dfd05670062c,Abhishek Gupta,5,,good app,0,,2026-07-24T09:00:41,,
Pinterest,com.pinterest,Social,0c03c0f1-b266-40a4-af35-23ba097295fb,Sahil Kumar,5,,very helpful,0,,2026-07-24T08:55:44,,
Pinterest,com.pinterest,Social,3f92efde-426a-4482-b759-c88d34b1a141,Masuma Yasmin,5,,"diverse, personalized contents which helped me with my ideas and vision ☺️..user friendly... can even save things to come back ..recommend",0,14.26.0,2026-07-24T08:32:00,,
Pinterest,com.pinterest,Social,bace5dde-1704-4e3a-966a-d938775aa45c,Abby Leigh,5,,amazing peak awesome.excellent 👌,0,14.27.0,2026-07-24T08:22:09,,
Pinterest,com.pinterest,Social,e86ae975-ba9e-477b-add5-11394ec5f826,Barbara Imholt,3,,I value the ideas and information I get from Pinterest. I do have a separate issue because at one point I was sent a notice about something I pinned from someone else was a violation and I received a warning. I was not able to find out what the violation was nor could I discuss it. I feel this was unfair.,0,,2026-07-24T07:49:08,,
Pinterest,com.pinterest,Social,8441ebba-5fab-4b18-916f-e6df62d99657,Mahi,5,,nice aap for drawing 😁😁,0,,2026-07-24T07:28:44,,
Pinterest,com.pinterest,Social,2e3eb303-a968-45d1-8407-6ec589bd59a6,Pinkhoty Barbie,5,,the one and only perfect app,0,14.28.0,2026-07-24T07:14:04,,
Pinterest,com.pinterest,Social,17e3aa51-55d0-4ae7-965a-11bd42bdb29b,Harmony,5,,love the inspiration on it for makeup and drawing ideas and more 10/10 recommend,0,14.28.0,2026-07-24T07:12:24,,
Pinterest,com.pinterest,Social,8143a5f4-ed82-4a2f-81cb-3ba497175b7d,Anil Sabar,5,,very good,0,14.9.0,2026-07-24T06:20:39,,
Pinterest,com.pinterest,Social,d2d02877-9c0a-4472-a4d1-d17247a774fc,Ege Game,5,,thes is a good app,0,,2026-07-24T06:10:41,,
Pinterest,com.pinterest,Social,21f210fc-0fbb-4652-a225-65cbcca8b76b,Oluwatosin Bale,5,,love this app it's to die for I get all my back to school ideas off of it,0,14.28.0,2026-07-24T06:03:10,,
Pinterest,com.pinterest,Social,f14f1955-69c6-4ff5-b578-e7227fd960ce,David Watson,1,,it is not working g,0,14.28.0,2026-07-24T05:51:10,,
Pinterest,com.pinterest,Social,3811209f-8aaa-4f1e-b067-1d74f9a23348,Grace Uy,5,,"This is great for my school works, i can search any design so i can design my school works!",0,,2026-07-24T05:42:40,,
Pinterest,com.pinterest,Social,38e970d6-62ac-4aaa-8bf5-67bb84935539,"Dayo, Jezza Sulano",5,,it's very nice.,0,14.26.0,2026-07-24T05:28:33,,
Pinterest,com.pinterest,Social,a4c4663e-11db-4410-8b56-872f4fa06e37,Divez,1,,literally most of the time recommended me corn when they first got into the app they thought I'd liked it but the only way to get rid of it is to remove is to do it manually which is hard at the beginning but this app is good but still awful for what they've did and you still can't remove the corn updates that gets you spammed every day still horrible please note that there are children on your app and you guys should add the ability to delete the updates and hide the pins inside of them,0,11.43.0,2026-07-24T05:25:08,,
Pinterest,com.pinterest,Social,0d29fd51-37f3-4082-88b3-63724c997f5a,Corndogg5M Harrison,5,,"I love it, so many beautiful things to shop.&buy.💯💯1🙌",0,14.27.0,2026-07-24T05:11:31,,
Pinterest,com.pinterest,Social,57a8cb46-866a-4f86-8646-bcd242c2b0d8,KAREN,5,,It went from a app to a Userboxes trend app,0,,2026-07-24T04:55:15,,
Pinterest,com.pinterest,Social,608e6057-c478-42af-b949-1a81658d8b22,Edyn Moss,5,,best app ever tbh,0,14.27.0,2026-07-24T04:25:38,,
Pinterest,com.pinterest,Social,551fa073-6636-499e-a29c-2b7e016413d6,صليحة عمور,5,,peaceful app I forget the entire world when I am in it,0,14.27.0,2026-07-24T04:22:15,,
Pinterest,com.pinterest,Social,b94db49e-07c8-45f5-86e9-26ccdb749f3c,Lisa Pruitt,5,,Awesome,0,14.25.0,2026-07-24T04:16:34,,
Pinterest,com.pinterest,Social,6898f463-b532-4701-b6b8-5b0512acd574,Remisa Jafari,5,,❤️❤️❤️❤️❤️❤️❤️,0,14.27.0,2026-07-24T03:17:08,,
Pinterest,com.pinterest,Social,8e247ac6-1114-413c-a11e-55a6ff8361c4,Brant Wilson,1,,"Your in-game ads are the absolute worst. First off, I already have (had?) Pinterest downloaded so it's like harrasing me to buy a cemetery plot for my own corpse after I already bought one. Second, after it shows the 30 second ad, it opens the Pintrest app and you have to leave and reopen the game you were already playing! I'll just buy a deck of cards and play Solitaire; no risk of the Jack of Clubs screaming at me to buy myself a second coffin!",0,14.28.0,2026-07-24T03:16:56,,
Pinterest,com.pinterest,Social,0a111fe5-e018-4fb8-9f9f-3efcf36b6d78,L N,1,,So many adds!,0,12.38.0,2026-07-24T02:48:36,,
Pinterest,com.pinterest,Social,91db3c11-e75f-4c18-8967-2f641c6a35ac,Misty Dawn Stumpenhorst,5,,In my top 3 apps I use daily! It couldn't be a better app! I love it!!,0,14.28.0,2026-07-24T02:46:27,,
Pinterest,com.pinterest,Social,bbfb2369-00ab-451a-9739-09a3afc47f27,Fijabi Ayomide,5,,I Lövë thïß äpp ❤❤❤❤❤❤❤❤❤❤,0,11.43.0,2026-07-24T02:01:26,,
Pinterest,com.pinterest,Social,3b6f25df-576e-4540-8e2b-80179db351e3,Sumaiya Jaman Jarin,4,,I like it so much✨🖤🎀,0,,2026-07-24T02:00:08,,
Pinterest,com.pinterest,Social,fd2d572d-2734-4626-a79e-f10e7d35119f,Haneefa Ansari,5,,great,0,14.26.0,2026-07-24T01:48:57,,
Pinterest,com.pinterest,Social,2fec4d44-4c64-46cb-8397-dd6e89edeb3c,Ahmet Navıd,4,,"[24-07-2026] It's being unbearable how some extremely unethical sponsor ads have been normalized to the app. Please I've tried to report and it's not working. Don't do it dirty. Please clear that ugly mess ASAP. [2023] A very great app to save your interests, I owe it so much👀🖤We can keep our favorite things here permanentlyyy.",2,14.28.0,2026-07-24T01:39:59,,
Pinterest,com.pinterest,Social,92293e16-d7d3-493a-a1e3-3886e1e8883e,IFEZA INEZA Jesly,1,,I can't enter my email,0,,2026-07-24T01:23:24,,
Pinterest,com.pinterest,Social,2427c3c0-c7b5-4f7b-a809-42d4a8c961d4,Anvita Bhiste,3,,Pinterest seriously needs to look into the collages feature... the way it lags the same way always and it doesn't even work to let you save as draft atleast is so genuinely irritating,0,14.22.0,2026-07-24T01:23:03,,
Pinterest,com.pinterest,Social,db425eb4-41a4-41f3-95df-654e8ea3dfaf,All Gaming,5,,this app very good,0,,2026-07-24T00:56:34,,
Pinterest,com.pinterest,Social,a26b5823-6cce-48a0-9250-614175ee3300,arewa Movies,5,,fantastic,0,,2026-07-24T00:31:40,,
Pinterest,com.pinterest,Social,5b2c39f9-fff0-4696-8037-b6684d9790c4,•LEMONEE•,4,,I love using Pinterest! My only issue is Pinterest turning off the comment for my photos by itself :(,3,12.46.0,2026-07-24T00:28:48,,
Pinterest,com.pinterest,Social,cc25608f-d13c-4e6a-bc38-db7c740c07cf,Dorothy Murillo,5,,"I like to try new foods,and desserts. I really appreciate those that share their recipes. I have made lots of the recipes and my family loved each one ❤️ thank you 😊.",0,14.28.0,2026-07-24T00:28:12,,
Pinterest,com.pinterest,Social,53b647b9-9b0a-49a8-b9f3-030a6b3750ec,Matheus leal,1,,"usei literalmente 2 minutos e tinha muitos anúncios, 1 estrela e desistalei",0,,2026-07-24T00:19:00,,
Pinterest,com.pinterest,Social,734d37d3-12ce-4e66-bbc9-98009817098e,RIDOY RIDOY,4,,Ok,0,14.28.0,2026-07-24T00:11:05,,
Pinterest,com.pinterest,Social,049c4c82-355d-46db-b924-1ea45906fe98,Jessica,1,,"I was enjoying the app until I simultaneously received 3 copyright strikes. I never uploaded a thing, simply clicked ""Favroite"" on things I like. Furthermore, the appeals page is broken. I do not appreciate the false accusations. How is it my responsibility what someone else posts? How am i supposed to know whats copyrighted? Absolutely disgusted.",0,14.28.0,2026-07-24T00:10:43,,
Pinterest,com.pinterest,Social,8c983f83-c425-4737-8f65-48c721fc4d99,Naseema Perveen,5,,it's very good platform for searching anything...💫 I♥this app very much.... ✨,0,,2026-07-24T00:10:14,,
Pinterest,com.pinterest,Social,e6e09070-7c38-4fea-b9b1-5958ff81fe7b,Radhe 1234,3,,fine,0,14.28.0,2026-07-24T00:05:39,,
Pinterest,com.pinterest,Social,84455576-3758-48ac-8c30-198ae119ba9d,Regīna Lūka,2,,Too many adds. It's annoying,0,14.27.0,2026-07-23T23:49:07,,
Pinterest,com.pinterest,Social,e0072534-cafa-45aa-8046-e97df9bf89ec,Travis Sickler (Running Black Fox),5,,"is one of my favorite apps ever, easy to use",0,14.28.0,2026-07-23T23:48:01,,
Pinterest,com.pinterest,Social,413f4472-438a-43d5-8bf2-2cc1869363fc,rohit kumar,4,,"give ideas 💡 and idaesssssssssssss , very nice 👍 👌",0,14.28.0,2026-07-23T23:43:20,,
Pinterest,com.pinterest,Social,494e4a24-5569-4645-9c5f-0960b68da63a,Adeel Mindful,5,,"Pinterest is an incredible and endlessly inspiring visual discovery engine for finding creative ideas, DIY projects, recipes, and aesthetic inspiration! The clean, board-based layout makes saving, organizing, and categorizing your favorite images and concepts completely effortless. Whether you are planning a project, redecorating a room, or looking for your next big creative spark, the personalized feed delivers endless motivation. An absolute five-star app for dreamers, makers, and creators.",0,,2026-07-23T23:42:34,,
Pinterest,com.pinterest,Social,99019bf6-7a28-4e10-8a7f-45cd6ea9bb32,Abida Zaman,4,,"It was working just fine 2 days go but suddenly it's not working anymore! I can't do anything. I tried to log in multiple times but all the time it says ""there's something wrong on your end"" Please fix this problem. I need to use pinterest for my work!",0,14.28.0,2026-07-23T23:33:25,,
Pinterest,com.pinterest,Social,506f0851-f53f-434d-add1-6ee976ac9627,Kiran Dugade,4,,It's a very nice and useful app loved it ! just glitches sometimes but it's ok overall it's so nice 👍🏻🙂,0,14.28.0,2026-07-23T23:29:42,,
Pinterest,com.pinterest,Social,ac7148c8-0424-4aa7-922a-aadfe8e4ffc3,Yaoi Yuri,5,,people on here are nice 10/10 peak,0,14.27.0,2026-07-23T23:26:09,,
Pinterest,com.pinterest,Social,28c6aee5-1339-4229-8e8a-0afb155b4ada,Bapun Majumdar,5,,good👍😊😊😊,0,14.27.0,2026-07-23T23:23:40,,
Pinterest,com.pinterest,Social,1f6e17e8-f5d4-4e03-abc8-f49ebe311061,Sunita Jangra,3,,वेरी नाइस,0,13.22.0,2026-07-23T23:22:17,,
Pinterest,com.pinterest,Social,8ba30469-ce6c-48c5-8578-07decceec34b,L D,1,,"I've been a pinterest user for nearly a decade and I looked past most of the updates that made the app unusable but I've hit a wall. The new update with the search engine formatting just screams ""generate me an image!"" and the fact that the search bar is at the bottom of the screen makes it needlessly illegible and entirely unpleasant to look at. It really feels like Pinterest would rather have a likeness to chatGPT than care about it's customers. No longer using Pinterest until it changes.",0,,2026-07-23T23:10:14,,
Pinterest,com.pinterest,Social,0b0f672a-fd67-454b-8568-d5643e332d6e,MoodyMoosh,1,,"genuinely unusable these days. can't find anything in all the ads, search doesn't actually look for what you ask for, moderation is entirely dont by ai which false flags everything except for actually violating content.",5,14.27.0,2026-07-23T23:08:06,,
Pinterest,com.pinterest,Social,4bde3d6d-b09f-4af1-82d1-7f43e7e6fbc0,Fatima Nasim,5,,i like this 😍,0,14.24.0,2026-07-23T22:55:14,,
Pinterest,com.pinterest,Social,30c51487-357e-44de-8efb-61338d1a7856,Njeri Matenjwa,1,,Please remove those sexual and disgusting adverts on my feed. I'm tired of reporting them. Thank you. 23/7/26,46,14.27.0,2026-07-23T22:50:56,,
Pinterest,com.pinterest,Social,ede0db3f-8d92-41eb-841c-1a1f91ac8538,Gehna Sachdev,1,,"Loved it before, now it is full of AI slop",0,14.28.0,2026-07-23T22:35:58,,
Pinterest,com.pinterest,Social,c35d5eb4-3145-4497-99cc-6f57a42847f2,V Saritha,5,,my favourite app 🎀,0,,2026-07-23T22:35:01,,
Pinterest,com.pinterest,Social,69212d6e-a792-4c70-9976-e5c4bc5fe4ca,Akanksha Das,5,,very aesthetic,0,14.27.0,2026-07-23T22:28:45,,
Pinterest,com.pinterest,Social,5c519c7b-0c68-4545-8cca-fc79087f27ed,Dharmvir Kushwah,5,,very good app,0,14.25.0,2026-07-23T22:24:29,,
Pinterest,com.pinterest,Social,9bd629c4-efc3-41e1-a076-6665c96f29a3,Sohatika Farhin,5,,This app is very helpful,0,14.28.0,2026-07-23T22:15:45,,
Pinterest,com.pinterest,Social,019f6889-7799-4e85-89cc-0f6df3c8001e,Anil Alicia,5,,just perfect for people😆🫶🫶,0,14.22.0,2026-07-23T22:12:58,,
Pinterest,com.pinterest,Social,42d87cc0-c666-45f7-94a4-186a1bf91dba,Afreen Shakeel,5,,Gooood,0,14.27.0,2026-07-23T21:50:29,,
Pinterest,com.pinterest,Social,7034516d-ea24-47a5-8d64-d58bf47cd841,Usha Sri,5,,Best,0,14.27.0,2026-07-23T21:40:52,,
Pinterest,com.pinterest,Social,59374190-347c-4260-ac9c-3bd88c441d51,Mohideen Fathima,5,,"I love this app.. but, one thing videos didn't saved facilities.. and all right 💫",0,14.23.0,2026-07-23T21:38:56,,
Pinterest,com.pinterest,Social,a97c9c7e-9a84-4e09-8582-c4a02af99606,Muhammadu Sahibu,5,,very good,0,,2026-07-23T21:32:25,,
Pinterest,com.pinterest,Social,7d19aed4-b2b8-460b-92c1-2223749ab900,Amber Bukhari,2,,no I hate this app eu I give you only two star because your asthmatic way is cute eu,0,14.28.0,2026-07-23T21:18:51,,
Pinterest,com.pinterest,Social,c79584d5-b7fa-4a22-8b43-69c8d9eb8918,Bishal Islary,5,,good,0,14.28.0,2026-07-23T21:12:27,,
Pinterest,com.pinterest,Social,3a13d977-72d2-4265-9e54-cb80d3e4e9fe,Jessica Gates,3,,"new update is in the way of actually seeing pins, it's messy now. too many ads!!! Simplified version was much better.",0,14.28.0,2026-07-23T21:04:46,,
Pinterest,com.pinterest,Social,1077993e-fb79-4bb0-b37d-248a88ac0f09,Sushma Sushmanayak,5,,I love this app so much....all the ideas that came into my mind can be found here....it's so useful for school assignments too.....and I also love to see different fanart in this app they are really incredible....and motivate me too to do something innovative.....,0,14.28.0,2026-07-23T20:56:14,,
Pinterest,com.pinterest,Social,004f862b-0497-44bd-b37a-5b89c75f117e,Nasreen Shaikh,5,,very very very nice app ever I used 😭🎀🎀🎀,0,14.27.0,2026-07-23T20:52:53,,
Pinterest,com.pinterest,Social,c1a77598-5bc3-4600-ac29-4137b647696f,Lule Gjoni,5,,I really like this app,0,14.28.0,2026-07-23T20:43:15,,
Pinterest,com.pinterest,Social,911d2d39-54a6-4a5b-88f3-1e27b2c2a9ff,thun lay,5,,love you,0,14.27.0,2026-07-23T20:34:06,,
Pinterest,com.pinterest,Social,b964d387-bcd0-44f6-b512-8cbcd779c341,Madan Ram,5,,Bast app FF,0,,2026-07-23T20:31:33,,
Pinterest,com.pinterest,Social,a837c926-2d78-4186-aa78-df260d41aed6,Jawad Khattak,5,,"Excellent app with every angle,it's user friendly interface, different wallpapers etc are at best.",0,,2026-07-23T20:22:27,,
Pinterest,com.pinterest,Social,02360c26-edcf-498d-894c-dde6e85fc561,Priya Goel,5,,best of all,0,14.27.0,2026-07-23T20:20:18,,
Pinterest,com.pinterest,Social,aece56bb-6b2a-4d48-b094-aacd089db751,Kebebush Burka,1,,it only shows one photo,0,14.27.0,2026-07-23T20:19:25,,
Pinterest,com.pinterest,Social,db22e7a7-4b26-41a8-a3f2-38b62b28075e,Amanpreet Gulati,5,,"perfect app and the most aesthetic app I have seen in my life , just perfect",0,14.25.0,2026-07-23T20:07:21,,
Pinterest,com.pinterest,Social,77e0e78b-2d5a-45ce-97df-fc7bc76cff83,Faysal Kibria,5,,soooo good,0,,2026-07-23T19:59:24,,
Pinterest,com.pinterest,Social,ee497d62-b8dc-4896-b55e-e43989960944,Sukhleen Kaur,5,,Its pretty good 💜✨,0,14.25.0,2026-07-23T19:55:44,,
Pinterest,com.pinterest,Social,722319c7-c902-4421-a7b7-6948700567cf,Jhon General,5,,Hmm gusto kolang sabihin na maganda sya tas ma search mo lahat ung gusto mo na picture like mga ano gusto mo,0,14.27.0,2026-07-23T19:49:06,,
Pinterest,com.pinterest,Social,6b9d963a-3c2b-4d2a-8870-c882b288f67d,Munmun Kundu,1,,Worst app in the world,0,14.27.0,2026-07-23T19:36:41,,
Pinterest,com.pinterest,Social,5ebf03e1-7728-4c40-9d20-19a768071adc,Ronalyn Villete,5,,I love this app Soo good too use!,0,,2026-07-23T19:31:49,,
Pinterest,com.pinterest,Social,9bb948f8-12be-49ff-a281-9441a7d6484c,Kallie Levii,5,,great app! I never get any ads and I always find what I'm looking for!,0,,2026-07-23T19:30:33,,
Pinterest,com.pinterest,Social,1bbcd12e-77a5-4dcf-9ed7-58cfd1d2156d,Alessa Marley Warren,5,,"I love all the videos, photos a d inspo on it",0,14.28.0,2026-07-23T19:29:47,,
Pinterest,com.pinterest,Social,db829015-0faf-4383-ad1d-47f4a0c3456b,Emmie,4,,"I love this app and it has so many good ideas and everything you need! tutorials, ideas, ect ect!",4,14.27.0,2026-07-23T19:27:38,,
Pinterest,com.pinterest,Social,0752e3fd-0810-4f7d-a03f-c1a057b39a50,Dolly,5,,good,0,11.43.0,2026-07-23T19:25:21,,
Pinterest,com.pinterest,Social,5b785f89-d251-4a55-8efe-e3fdb35c7e3a,Zaid - bin - Mudasir,2,,"so many glitches , nd don't have any options of calls , images",0,14.28.0,2026-07-23T19:07:56,,
Pinterest,com.pinterest,Social,773e2766-9cb6-4f9a-a515-a7b30a53bdbb,Nothando Jali,3,,"Please add proper parental controls, for those using the app for kid projects.",0,14.28.0,2026-07-23T19:07:12,,
Pinterest,com.pinterest,Social,1dcb4a72-6851-47b7-9766-044e889a8d55,Bhoomi Goyal,5,,nice,0,,2026-07-23T18:56:51,,
Pinterest,com.pinterest,Social,d8dac71e-cab8-4e9b-b6c7-23370b92e9f3,Nirmaljit Kaur,5,,"its perfect, don't even have words to complain , just you need to scroll for finding what you want",0,14.28.0,2026-07-23T18:50:15,,
Pinterest,com.pinterest,Social,43f4002d-3a84-4937-b7cd-d7ce36f60139,aiman ahmad,4,,love it just amazing,0,14.27.0,2026-07-23T18:48:35,,
Pinterest,com.pinterest,Social,fe2ede1f-f1b0-4a62-96b8-e42f399307a4,Abhishek Ghosh,5,,nice apps and helpful apps,0,14.27.0,2026-07-23T18:38:45,,
Pinterest,com.pinterest,Social,37fe1603-4f3b-48d7-a39b-c5be37c307a3,Neelam Singh,5,,so good,0,14.28.0,2026-07-23T18:29:09,,
Pinterest,com.pinterest,Social,6cf407b4-4231-4dd7-9d8d-acbef54aaa65,Luqman Abbas,5,,"Too easy to use , Too easy to earn.......",0,,2026-07-23T18:17:13,,
Pinterest,com.pinterest,Social,9d14a989-891d-4afc-9291-a1091a4168e0,Fanfuna,5,,love this so muchhhhhhhh,0,14.28.0,2026-07-23T18:11:04,,
Pinterest,com.pinterest,Social,39283c3b-6015-4eb2-9e2b-d986c2e737aa,Saqib Saq,1,,please get my account back,0,,2026-07-23T17:57:10,,
Pinterest,com.pinterest,Social,fcfc08ff-5d60-46c6-8f12-896107d26f3d,Moin Mansuri,5,,good,0,14.26.0,2026-07-23T17:56:52,,
Pinterest,com.pinterest,Social,3a0817f0-6f3c-48c0-9140-0651e2312863,Rana Subhan,5,,good 👍,0,,2026-07-23T17:56:13,,
Pinterest,com.pinterest,Social,c380f5b3-501d-471c-b418-a8e733e63171,Đt h,1,,it's been downgrade which not good😊,1,14.28.0,2026-07-23T17:34:24,,
Pinterest,com.pinterest,Social,71aecbdb-2534-4db0-a361-fdac589672a5,Wendolien Krul,1,,"The algorithm is still so bad. I keep seeing pins I hate, no matter how I tell to hide them because either I've seen the pin too many times, or that they are not relevant to me. I don't see any pins from users I follow. And then there's the AN slob, I turned off all settings and I still see them. 🤮",11,14.27.0,2026-07-23T17:09:44,,
Pinterest,com.pinterest,Social,ed242fe3-e7e5-4b58-bcc4-47f11dfd797e,Rakesh Kumar,5,,very good aap,0,,2026-07-23T16:43:40,,
Pinterest,com.pinterest,Social,15caab44-fd54-4d68-b755-4ef621a381a3,NUMA PRINCE,5,,😎,0,,2026-07-23T16:39:57,,
Pinterest,com.pinterest,Social,c8861587-4040-47b5-8ceb-e7382ede66fb,Pamela reign Cabigas,4,,this is cool but cheat hehhe,0,14.26.0,2026-07-23T16:29:05,,
Pinterest,com.pinterest,Social,b1ca8c04-4d47-4a96-9e03-90f0b59af12f,Shiva Jii,5,,like this aap so much 💜,0,14.27.0,2026-07-23T16:26:45,,
Pinterest,com.pinterest,Social,4e825759-2a98-4f3f-96b5-2053bd86bf8f,Arohi Jahan,4,,not bad,0,,2026-07-23T16:23:30,,
Pinterest,com.pinterest,Social,966364f9-a034-46c3-9e04-5269f6d9366c,Sanjay Kumar,5,,best app,0,14.28.0,2026-07-23T16:08:22,,
Pinterest,com.pinterest,Social,c6f84994-d679-46d9-9dc9-2ff85ae89021,Samuel A.,5,,it would be better if this app had an incognito mode so it doesn't leave any related posts about thing that is being looked for,1,14.28.0,2026-07-23T15:55:50,,
Pinterest,com.pinterest,Social,b60d68a0-130c-4853-98d9-f31b233918dc,калина попова,5,,best app out there,0,14.28.0,2026-07-23T15:42:26,,
Pinterest,com.pinterest,Social,2a1c37d2-86c9-44fc-9fe1-5bd7b7ae515b,NasirRahim NasirRahim,5,,this app is to useful for everyone,0,,2026-07-23T15:33:49,,
Pinterest,com.pinterest,Social,b51a7c44-81b9-47d8-9bf2-242bda45d57b,Nadeesha Munasinghe,5,,Good,0,14.28.0,2026-07-23T15:27:10,,
Pinterest,com.pinterest,Social,8a079d03-4994-44e2-a3d7-52b4bba9754f,Sreekumari Nair,5,,ohhh i can't express it,0,14.27.0,2026-07-23T15:15:09,,
Pinterest,com.pinterest,Social,6bb15159-b64a-4e3a-9fb1-5829f6c53e27,Subhu Das,4,,good,0,14.26.0,2026-07-23T15:06:56,,
Pinterest,com.pinterest,Social,cd4a343f-3383-4477-b0d3-06c0322f60d7,Dora Lazar,2,,I love this app so much but if yall don't put the save button back under the tree dots I SWEAR TO GOD,1,14.27.0,2026-07-23T15:06:35,,
Pinterest,com.pinterest,Social,d1d9f69a-05f0-4081-adf8-ac8a4206ef01,Rafay Asad,3,,This app is very useful 🙂,1,,2026-07-23T14:47:12,,
Pinterest,com.pinterest,Social,a7d96ab7-f104-476b-9827-48b2fa8d01b7,Nizam Isa,1,,"i can't login to my account, it keep saying invalid phone number eventho i didn't link to my phone number. the password was correct but it won't allow me to login",1,,2026-07-23T14:45:38,,
Pinterest,com.pinterest,Social,4ca4c197-512b-4aae-918c-bd5930ecea39,Dhirajkumarray Dhirajkumarray,5,,the best app I have ever found,0,,2026-07-23T14:44:33,,
Pinterest,com.pinterest,Social,2201b46f-140a-4b57-930e-2bbd128289a0,Absalat Legesse,4,,it's very good app to download photos and wallpapers,0,11.43.0,2026-07-23T14:25:15,,
Pinterest,com.pinterest,Social,43cd8ee9-1e8e-4617-ab6c-f51a2eeb8818,Marija Vodomin,1,,"Pinterest is becoming unusable. It's overwhelmed with AI-generated faces, fake fashion, and nonstop ads. Real creators and genuine inspiration are disappearing behind artificial content. If I wanted an AI image feed, I'd use an AI app—not Pinterest",2,14.28.0,2026-07-23T14:24:55,,
Pinterest,com.pinterest,Social,de810001-7047-4e2e-8252-9f632b5726d7,Sandra Jenny,4,,Soo good,0,7.43.0,2026-07-23T14:00:50,,
Pinterest,com.pinterest,Social,e96f9f77-183b-43d3-a7d3-d9824a3f5754,Nikki S,4,,"I have since changed my opinion on the 5 stars. I do not like the automatic refresh it refreshes when I am looking at something else and go back to pin what I liked, even though I have turned off all AI I still get some that slip through the cracks. The ads are insane. Thank you and goodbye.",0,14.28.0,2026-07-23T13:39:10,,
Pinterest,com.pinterest,Social,cd99a7a4-2a23-4430-ac5e-d65c759dee14,Sharif Shah,5,,"Best app ever... If I want to Download images of *Detective Conan*,It gives me best images... You can find any image in this app.. I love this , I hope you like my Comment.. 😊",0,14.27.0,2026-07-23T13:25:10,,
Pinterest,com.pinterest,Social,3cfa0d8f-5b23-4e7d-a83b-2a683e2f3f86,Rajanna 2006,5,,Very useful app,0,14.27.0,2026-07-23T13:20:12,,
Pinterest,com.pinterest,Social,01f12636-7793-41a4-92fd-494e62f83750,Emily Adams,5,,it's suggestions go very well with my interests,0,14.28.0,2026-07-23T12:52:26,,
Pinterest,com.pinterest,Social,9f1b73f3-82b6-4958-8cd6-5fde7afdcca2,Rupali pramod more more,5,,i love it it takes so many helps. thank you pinterest..........🙏🏻❤🤌🏻,0,,2026-07-23T12:49:23,,
Pinterest,com.pinterest,Social,81c8445c-3e3e-466d-a653-9d074ef843a3,Dale Lile,5,,I love the game I love the boards like I love how I can make more than I love how I can download food boards like I love all of it,0,14.25.0,2026-07-23T12:45:43,,
Pinterest,com.pinterest,Social,6446745b-b535-4e4c-bc30-144033311630,Abigail Sims,4,,App Still works but rather use Pin interest app. And not get any Pin interest emails sent through.,0,,2026-07-23T12:16:40,,
Pinterest,com.pinterest,Social,79e2e186-52c9-46c8-a3b1-6a8f73096f0e,M Yasir,4,,"It is very useable app for little content crators,Crafters and little aditors I really like it",0,7.43.0,2026-07-23T11:49:20,,
Pinterest,com.pinterest,Social,d7fca78d-9269-4daa-a429-8ca7ec5d3fff,Jessica Jones,5,,"I saw it on tiktok,and ABSOLUTELY loved it",0,,2026-07-23T11:48:58,,
Pinterest,com.pinterest,Social,daa868f9-3515-4c5f-a57b-643bb1ad30b8,Afra Haq,4,,I really like is app but. I can't download video add this future,1,14.28.0,2026-07-23T11:48:12,,
Pinterest,com.pinterest,Social,fdc0fa37-9934-4dc2-b363-ff9fad8f62b3,Randuh,3,,ai use.. ew.. but everything else is alright. lots of ads you confuse for posts tho.,0,14.27.0,2026-07-23T11:34:01,,
Pinterest,com.pinterest,Social,95d636c0-1d24-40db-b78c-6a531f0ab0e6,Robert Beckett Hancock (Beck),1,,"too much AI slop, too many ads, too much overlap of both these things. also flags and deletes anatomy and poses you have saved for art",0,,2026-07-23T11:13:58,,
Pinterest,com.pinterest,Social,0eee1aa3-3a85-4df1-953e-28583a27ee35,Mohit Singh,5,,this is the app i love the most and using it to download various types of templates. you shall also try,0,,2026-07-23T11:02:43,,
Pinterest,com.pinterest,Social,4757a769-eaa2-4467-92b1-558906f2e574,Santosh Kumari,5,,like so much,0,,2026-07-23T10:39:00,,
Pinterest,com.pinterest,Social,e286581d-8d19-41bc-9faa-5cdc06488f75,Nidhi Ojha,5,,best,0,14.22.0,2026-07-23T10:36:13,,
Pinterest,com.pinterest,Social,bfcc72ff-ecdd-485a-94d2-260ed4bf0b45,Vishwajeeet Yadav,5,,good,0,14.28.0,2026-07-23T10:17:34,,
Pinterest,com.pinterest,Social,07e1c493-86c2-4485-824f-ac6c2572ada8,Sarah-Jane Holl,1,,"It's amazing for collecting ideas. But the pop up when you download things is getting on my nerves. And honestly if there was another app like this I'd use it instead. But even so, I like the app.",21,14.28.0,2026-07-23T10:10:27,,
Pinterest,com.pinterest,Social,4d76e6c8-ca9f-4214-8655-8f33b875d3ca,Nandini,4,,nice,0,14.27.0,2026-07-23T10:00:20,,
Pinterest,com.pinterest,Social,3b048821-c9da-4c43-9c95-3dfe756f20e7,Lux Rosnow,5,,this is so good with really good ideas you should go look it out It's so good and they have funny stuff and good ideas for Darwing rooms and a whole bunch of things,0,14.27.0,2026-07-23T09:55:14,,
Pinterest,com.pinterest,Social,15eec8cc-9f2b-4a3e-8a1e-851a179927b0,Andrew Ugbodaga,5,,The app is very useful and great Ai tools,0,7.43.0,2026-07-23T09:45:26,,
Pinterest,com.pinterest,Social,ecdf2630-be80-41a7-adc9-747214337291,Subhadip Panda,5,,Great 👍,0,14.23.0,2026-07-23T09:44:08,,
Pinterest,com.pinterest,Social,5172a13f-8892-47b2-9c7e-edbee6a338fa,lita desjarlais,5,,Love it fun love your app i like pics arts love it love love love,0,14.28.0,2026-07-23T09:36:04,,
Pinterest,com.pinterest,Social,e743cce2-3304-487a-9ed6-1f6f2fa0e72d,Vynatheya Prakash,5,,very interesting and innovative at times,0,14.28.0,2026-07-23T09:29:00,,
Pinterest,com.pinterest,Social,3ecc8b79-e44a-4d76-99c7-d21844419cce,Saul Davis,1,,"A truly awful app. There are more ads than content, and the ads look like content I'm constantly battling closing Ali Exp and Temu windows that jump up from accidental clicks. Uninstalled.",0,14.27.0,2026-07-23T09:10:40,,
Pinterest,com.pinterest,Social,8e301ccf-e956-4ce7-be10-20bfc19933e9,MIMI,5,,love it,0,14.27.0,2026-07-23T08:54:48,,
Pinterest,com.pinterest,Social,eaaeb02e-3511-402a-b231-51ff13d165f1,Arlene Martinito Montalban,5,,I like cuz it's all what I need to find,0,14.27.0,2026-07-23T08:18:03,,
Pinterest,com.pinterest,Social,39a99613-e564-465d-9fd6-134f1455f438,Amandeep Kaur,5,,nice,0,14.28.0,2026-07-23T08:14:52,,
Pinterest,com.pinterest,Social,c72fa94f-9d2a-43ea-8680-1d91bf26fd8d,Bob L’éponge,3,,love the app but lately it has been glitching when I make collages and it keeps showing me disturbing misogynistic ads and ai content,0,14.27.0,2026-07-23T08:05:44,,
Pinterest,com.pinterest,Social,05d943ad-1701-4219-ac4c-12c83c1996d7,Sirisha madani,5,,nice experience,0,14.27.0,2026-07-23T07:58:44,,
Pinterest,com.pinterest,Social,933c33e3-9a62-4b77-8ec1-6951b5c6f8be,ROC,5,,like I can really see all the things that people are drawn and I can really just look explore and and more about that I even put comments on here and there and it's just really interesting in general I feel like a lot of people can really find things that are more about them for find what they really like and maybe well I save some of them well some of the pictures are drawing for a background right whatever device you have at home school anywhere I hope you can give Pinterest a try too.◉⁠‿,0,14.27.0,2026-07-23T07:45:57,,
Pinterest,com.pinterest,Social,35ba3953-3f32-4358-a494-c6ecde90295b,Lonika Thomas,5,,been on Pinterest over 17 years. I love this app,1,14.28.0,2026-07-23T07:19:44,,
Pinterest,com.pinterest,Social,33faf241-b874-478d-877a-5681a573870e,kirlia situ,5,,its search alot,0,,2026-07-23T06:39:56,,
Pinterest,com.pinterest,Social,9abead45-4af8-4405-8c67-6de343163aaa,Annette Lowder,3,,"there's an update that no longer allows you to see all your board's sections at once, you must swipe to see them and it's very irritating.",1,14.27.0,2026-07-23T06:16:25,,
Pinterest,com.pinterest,Social,f4b56cdf-6012-49ea-b2cb-d65b95865ebb,zar khan,5,,Pinterest !! gosh its such a an aesthetic app I mean you can have anything you like,1,14.24.0,2026-07-23T06:16:08,,
Pinterest,com.pinterest,Social,6cb6ce33-958a-44b9-871c-4ecb46d40d9f,Mel,4,,my only gripe is that I hate that it doesnt let you open sites outside of the app. I still want to scroll through Pinterest without losing the site,0,14.27.0,2026-07-23T05:54:25,,
Pinterest,com.pinterest,Social,844b5309-fbe8-4855-bc65-483eb1865cb9,Janata kumar Chakma,4,,good,0,,2026-07-23T05:41:51,,
Pinterest,com.pinterest,Social,af4e9b38-9eca-4617-9e0f-7232826f0457,Kaitlyn Sullivan,1,,"Edit: My original complaints from nearly 2 years ago on ads still apply, and if anything things have gotten worse. At this point there are more ads than actual pins, and a lot of the time I will find my entire screen being just ads instead of actual pins. I used to love pinterest and would tolerate some ads, but it is so unbearable now and very discouraging. The AI slop is also is frustrating - even with the settings turned to not recommended. The false violation flags are also annoying.",148,14.27.0,2026-07-23T05:41:05,,
Pinterest,com.pinterest,Social,43e9b91d-44a3-422f-963e-2a9260323b5d,Galaxia,5,,It's awesome,0,14.28.0,2026-07-23T05:38:25,,
Pinterest,com.pinterest,Social,216bf0f1-bdb9-482d-96e1-8afd65007460,Jack Schubert,5,,ok,0,,2026-07-23T05:12:52,,
Pinterest,com.pinterest,Social,aaf1cdcb-f771-46c6-916a-03bf4a14aec2,Nuella,5,,This app deserves a 5 star🫶,0,14.24.0,2026-07-23T04:43:00,,
Pinterest,com.pinterest,Social,79f9e5e9-642f-4018-ae64-8ac823276b5b,Priya&Aprajita __vlogs,5,,wonderful,0,14.22.0,2026-07-23T04:35:29,,
Pinterest,com.pinterest,Social,ebf96168-bb66-4780-a5b6-6944c55c1839,Elizabeth Ortega,5,,I love Pinterest,0,14.27.0,2026-07-23T04:11:13,,
Pinterest,com.pinterest,Social,518a2088-a669-42f1-bae9-cb7cbf4ac978,Amerigo Ortado,5,,i love this app so much the only thing that I don't like is it doesn't work with no internet,0,14.26.0,2026-07-23T03:42:23,,
Pinterest,com.pinterest,Social,c24c8128-e71c-4477-b069-792f590317b9,Mac Lyndon Haban,5,,it so much ideas,0,11.43.0,2026-07-23T03:34:28,,
Pinterest,com.pinterest,Social,66158afc-6753-48b4-83fd-f31ec07a475a,abdou tabnhase,1,,😂,0,,2026-07-23T03:21:31,,
Pinterest,com.pinterest,Social,809c1fe9-c1b7-4da3-8b7a-0e39dc847bca,Geovani Castro,1,,"for each post you see, there are 2-3 ads",0,14.28.0,2026-07-23T03:08:25,,
Pinterest,com.pinterest,Social,dc845ae6-9a4f-445e-9160-d4062ee44441,Huyana Pluie,1,,so many ads... the screen is full of ads and only 1 pin is visible... how are we supposed to use this ? and now there's a random ai overview serving no purpose at all since its making a description so bad it's not even what in the picture edit: its so full of ai now what a pain,2,14.27.0,2026-07-23T03:05:58,,
Pinterest,com.pinterest,Social,804f445e-4f74-4db4-8842-57112c1a4601,Mia T,3,,what happened that I can't see all of my sections created in my board? All of a sudden this is happening in Android.,19,14.27.0,2026-07-23T03:01:36,,
Pinterest,com.pinterest,Social,a1f9acb2-d529-40bc-b518-3595b75475f4,Zeba Rizvi,5,,"Wonderful useful multiple information is gathered in one App appreciate your valuable efforts ; innovative and creative skills to learn all kind, Appreciate your valuable information and efforts, Thankful for sharing worth watching lovely post",1,14.28.0,2026-07-23T02:51:27,,
Pinterest,com.pinterest,Social,d33ef701-592b-4d43-aa58-75819f67b192,Eliza Pettigrew,1,,"so, so, so many ads. It's much better on desktop with an ad blocker. I think the concept of Pinterest is fantastic, but it's run so poorly.",3,14.27.0,2026-07-23T02:32:33,,
Pinterest,com.pinterest,Social,41b70658-9754-4b4b-a689-b74a23b1d06c,Sara Pinkston,1,,"App is basically unusable with all the AI bs thats been added. Hate. It. I hate all of it. Can't even scroll on a post without it asking if I want to remix it. No, I'm actually just trying to read! The ads are out of control, and the majority of information is wrong. You can't even get inspiration without it being AI slop that is impossible to do anything with. I turned all AI options off, and it still gets through somehow. I also don't have the option to turn off the search privacy either!",2,14.28.0,2026-07-23T02:26:53,,
Pinterest,com.pinterest,Social,fccf572b-bd70-40e6-9412-518abfff6aa7,s,1,,"bugged and broken rn, update sucks, please fix it now",0,14.28.0,2026-07-23T02:25:10,,
Pinterest,com.pinterest,Social,80b23743-5bd0-446c-9dfe-b91331eb7893,AnnieCicino2025,2,,"It's okay, but it's infested with ads everywhere. I only see one post and it's surrounded by ads. Even worse are AI ads, which are pretty much always a scam. What a waste, Pinterest used to be so good.",1,14.27.0,2026-07-23T02:22:59,,
Pinterest,com.pinterest,Social,8d864f77-905b-4030-b12e-4608e8026f54,Laurie Jasper,4,,good recipes and ideas,0,14.28.0,2026-07-23T02:12:48,,
Pinterest,com.pinterest,Social,7cb8a09b-380a-4673-8408-069c36f1d24c,Madisonwalk Viskya,1,,do not like,0,,2026-07-23T02:09:15,,
Pinterest,com.pinterest,Social,75ee3051-2a87-410e-bff8-8e5172de2d9d,Farha Fatma,2,,feed is full of ai gen stuff and my whole feed is not same anymore nothing resembling what I actually enjoy also the app is crashing backing out on its own can't even scroll it backs out on anything,2,14.28.0,2026-07-23T02:08:35,,
Pinterest,com.pinterest,Social,f43cce91-8c9d-4a52-b46e-67a77565836d,hanif ahmed,4,,I love being a printest addict💋📎 this aap is literally treasure🌷🥂 scrolling printest is my favv hobby💌🌍 btw_Iam in love with thiss👥🎧🤍,0,14.28.0,2026-07-23T01:58:30,,
Pinterest,com.pinterest,Social,f3090ee4-13ab-4d05-b398-c481b2f54ae4,Richard Mills,1,,I really don't use Pinterest even though I have an account. never really have it installed on my phone today. I was online looking for picture and it sent me to Pinterest and instead of just letting me sign in on the website I couldn't click on the sign in forcing me to download their app which I used and then uninstalled,0,14.27.0,2026-07-23T00:45:09,,
Pinterest,com.pinterest,Social,98d5d59f-92c5-4751-8137-ab03c952c450,keama Monyreach,4,,good wallpaper,0,11.43.0,2026-07-22T23:55:23,,
Pinterest,com.pinterest,Social,974f8f35-71eb-4b06-a14f-37370bd62152,Yahya,5,,reat 8/10,0,,2026-07-22T23:42:18,,
Pinterest,com.pinterest,Social,e72cd408-19d8-4ac0-9402-e7ee81be77eb,Hattie,5,,I LOVE Pinterest so so so so so so so much and it is my MOST used app ever,0,14.27.0,2026-07-22T23:32:31,,
Pinterest,com.pinterest,Social,9ac2dfd5-10da-4a22-8579-203c3668f41d,Dave Daven,5,,I love this app😍🤩,0,,2026-07-22T23:18:18,,
Pinterest,com.pinterest,Social,033ba99f-83c0-4680-99e8-95980fbc92cb,Poptart12,1,,"I downloaded the app, and I was using an account of mine and it said something went wrong on our end pls try again, so I couldn't even get in",1,14.28.0,2026-07-22T23:15:30,,
