app_name,app_id,category,review_id,username,rating,title,text,thumbs_up_count,review_created_version,at,reply_content,reply_at
Netflix,com.netflix.mediaclient,Entertainment,e92c2b68-7432-4353-a1e8-a2a9691f1314,Barsharani Das,1,,lockup biased show. I hate it.,0,,2026-07-26T16:16:18,,
Netflix,com.netflix.mediaclient,Entertainment,b38717f8-0acf-4e90-8272-2f3a6645d287,The Doordash Guy,1,,ENOUGH WITH THE MURDER DOCUMENTARIES!,0,9.76.0 build 10 64304,2026-07-26T16:11:34,,
Netflix,com.netflix.mediaclient,Entertainment,46a7b8be-696d-480f-8057-0cbbba409d57,Llewellyn Ferreira,5,,nice shows,0,9.76.0 build 10 64304,2026-07-26T16:09:28,,
Netflix,com.netflix.mediaclient,Entertainment,cd33e522-5da8-46a0-bdef-b268468e6343,Amirali Ghorbanzadeh,4,,very good,0,,2026-07-26T16:05:52,,
Netflix,com.netflix.mediaclient,Entertainment,100447df-6da3-4d13-95f4-31bfa568111d,Absam Khan,1,,bad,0,,2026-07-26T15:56:19,,
Netflix,com.netflix.mediaclient,Entertainment,ba30d1af-d0ee-402a-88bf-095fa8938009,Ori T,2,,"Some of the movies aren't available in my country, which is a bit of a letdown. Also, many times when I want to take a break or wait for good content, I pause my membership. However, every time after a month, before I remember to extend the pause, it expires and automatically charges me again. This happened several times, meaning I ended up paying for about six months while only watching movies for roughly two weeks",0,9.58.0 build 3 63940,2026-07-26T15:48:51,,
Netflix,com.netflix.mediaclient,Entertainment,cc063b18-8cc9-4889-9273-9977657c79fb,Samar Al Balushi,5,,You can see movies offline and it is great,0,9.76.0 build 10 64304,2026-07-26T15:33:45,,
Netflix,com.netflix.mediaclient,Entertainment,bce708c8-f2fc-4d03-8609-9dcc1d0443db,Pratiksha More,4,,good,0,9.75.0 build 5 64276,2026-07-26T15:31:53,,
Netflix,com.netflix.mediaclient,Entertainment,dd43949c-fc48-4799-a822-13afeb471cd2,neb palarca,1,,scam,0,8.143.5 build 19 52400,2026-07-26T15:28:43,,
Netflix,com.netflix.mediaclient,Entertainment,91c3cb47-46c8-4453-ad01-c064be3e8869,Vishal Thakur,1,,high charges,0,9.76.0 build 10 64304,2026-07-26T15:16:45,,
Netflix,com.netflix.mediaclient,Entertainment,6568af14-9247-4ed8-81a9-08fa2a84ed07,Akinropo Akinbode,5,,Great 😘😘,0,,2026-07-26T15:14:25,,
Netflix,com.netflix.mediaclient,Entertainment,f3501bcb-26fd-4d24-9f5d-110eb32eaa17,Jamesie Foley,5,,Great,0,,2026-07-26T15:01:22,,
Netflix,com.netflix.mediaclient,Entertainment,2a31b132-e823-44cd-ab2f-c16140dac450,Misrimeena Misri,5,,बेस्ट अप्प,0,9.54.0 build 8 63892,2026-07-26T14:57:39,,
Netflix,com.netflix.mediaclient,Entertainment,ad82e3f6-196e-49ab-972f-3c1e55d44967,Tom Murphy / Hayes,5,,"A fine tribute to the likeable, witty Alda film. Fey keeps up her fine run of quality comic dramas and the cast have enough charm and charisma to keep you watching.",0,,2026-07-26T14:36:39,,
Netflix,com.netflix.mediaclient,Entertainment,43cf8187-4cb0-4126-9518-7e6b20e3d322,Tejaswi,1,,"Netflix has started a new tactic to loot customers money. Users, please Be aware of Netflix actions. So with simple random clicks your account gets upgraded and validity also gets reduced and you will not even be informed via any email or message that our account is upgraded. it will not ask for any OTP or Password or payment confirmation for upgrading the account. Kids can click on random buttons while watching and it will simply upgrade without notifying you.",0,9.76.0 build 10 64304,2026-07-26T14:34:08,,
Netflix,com.netflix.mediaclient,Entertainment,be1e4ebc-0e8f-4c38-9dab-22d80b09c314,Stephanie Maharaj,5,,Netflix has some great movies to watch!,0,9.76.0 build 10 64304,2026-07-26T14:26:11,,
Netflix,com.netflix.mediaclient,Entertainment,6c2064e7-d68e-4c7d-ac85-24ccf2767f70,Shailesh Dere,5,,out of the box❤️❤️,0,9.75.0 build 5 64276,2026-07-26T14:22:12,,
Netflix,com.netflix.mediaclient,Entertainment,c05e6eae-3d80-4e59-a7fa-923727fdfb01,Jeffrey Cameron Stewart-Adams-Knowles,1,,It's gotten too expensive!,0,,2026-07-26T14:22:08,,
Netflix,com.netflix.mediaclient,Entertainment,d1d31d55-12e0-46b7-8af2-4401dc217e65,NigStudent konnect,5,,nice,0,9.20.0 build 8 62860,2026-07-26T14:06:37,,
Netflix,com.netflix.mediaclient,Entertainment,3130ed75-7c59-4bad-a60d-16f0a8fbee3b,Debolina Dey,2,,"the layout of netflix categorization is very bad , there are lots of unnecessary repetitions & we cannot see the movies or series listing in a grid from , we always have to swipe endlessly to find out the entire content , and it's really hard due to the constant repetition of the movies. And there are so many movies and series not available. If not for these major problems , I would have seriously loved this app. If possible please give us a grid layout for categorization.",0,9.76.0 build 10 64304,2026-07-26T13:58:11,,
Netflix,com.netflix.mediaclient,Entertainment,7a945184-4501-4409-9efa-7467f77ae5ff,Venna Reddy,5,,good app,0,,2026-07-26T13:47:38,,
Netflix,com.netflix.mediaclient,Entertainment,0e9f9e64-5ca2-44fb-af03-7ecf8922b658,Pawan Verma,5,,best experience,0,9.75.0 build 5 64276,2026-07-26T13:47:30,,
Netflix,com.netflix.mediaclient,Entertainment,00854e6a-cd4b-4d8a-aaca-8562cafd1331,Mohd Mahamoodh,5,,well,0,,2026-07-26T13:32:36,,
Netflix,com.netflix.mediaclient,Entertainment,824a5d2e-e31a-4b20-ab7d-cc4b9b474077,ananda dinda,5,,nice,0,9.50.2 build 8 63832,2026-07-26T13:28:34,,
Netflix,com.netflix.mediaclient,Entertainment,99713232-9b68-4b3b-9f09-dc795e818697,Omansh Attree,1,,from the past 2 days when I open Netflix it gets stuck on the loading screen which shows Netflix and gets stuck . resolve this issue asap .,0,9.76.0 build 10 64304,2026-07-26T13:23:52,,
Netflix,com.netflix.mediaclient,Entertainment,b0f0085b-6b14-4ea0-a549-d56c6cf41073,Safe Steps,5,,We need a speed setting in the TV app.,0,,2026-07-26T13:20:15,,
Netflix,com.netflix.mediaclient,Entertainment,55bc5f37-e619-4ba9-b569-d7f1bd79e74d,Hadiyah Mehmood,5,,very good it was fantastic,0,9.33.1 build 3 63388,2026-07-26T13:08:30,,
Netflix,com.netflix.mediaclient,Entertainment,02b1f1c2-97c3-407a-8dbe-1626bde8784d,Shaema Nida,1,,worst,0,,2026-07-26T12:51:09,,
Netflix,com.netflix.mediaclient,Entertainment,f2f6c4ee-277c-45a4-ae25-22858788ae30,Ayesha Shabaz,1,,I just purchased the netflix subscription for the lockupp season 2 show what do u think u are just playing games with yogesh and akansha like seriously when it comes to sherya u give all the advantages and now akansha eviction cuz of that stupid suzanne suzanne is not even a half part of akansha akansha and yogesh are the best your gonna suffer a lot netflix,0,9.76.0 build 10 64304,2026-07-26T12:49:39,,
Netflix,com.netflix.mediaclient,Entertainment,0834e2df-a54f-4101-9a8a-e3fd7a90e9fc,attram susana,2,,when I sign it not coming how can I sign when it's. not coming. please help me.,0,9.76.0 build 10 64304,2026-07-26T12:43:46,,
Netflix,com.netflix.mediaclient,Entertainment,d74b7444-8bf1-472d-9181-5dfa3a6ba0d6,Tanishtha Thakur,1,,showing biased show 🤮🤮,0,,2026-07-26T12:43:39,,
Netflix,com.netflix.mediaclient,Entertainment,04fbc90b-90a1-4513-a30b-11deb2cdb606,Harish G,1,,just waste,0,9.43.2 build 11 63680,2026-07-26T12:33:13,,
Netflix,com.netflix.mediaclient,Entertainment,7fc9409d-995f-4731-a157-4a4708372a3a,Archita Raj,1,,A useless platform because they give platforms to a biased show like lock upp,0,9.75.0 build 5 64276,2026-07-26T12:28:26,,
Netflix,com.netflix.mediaclient,Entertainment,38ad3afd-8a46-4ac8-b5ca-e5d7e4362454,Nikki Labrador,5,,"Love this app sm, I got to watch my fave anime and k-drama shows in high definition! I also just learned that Netflix does live streams/shows when they did BTS' Arirang Live, and kudos for giving us a lag-free livestream!",0,,2026-07-26T12:21:27,,
Netflix,com.netflix.mediaclient,Entertainment,053764ee-c10f-4652-a21c-9f58acb6ea22,Zach Gicheru,5,,just the best app for movies.I love it,0,9.76.0 build 10 64304,2026-07-26T12:21:25,,
Netflix,com.netflix.mediaclient,Entertainment,b70a3dcc-bfea-425c-a325-1349a6b4b8ab,Phyllis Anne Paclibare,2,,OTP does get sent to my mobile number.,0,9.75.0 build 5 64276,2026-07-26T12:17:18,,
Netflix,com.netflix.mediaclient,Entertainment,68866193-2dfc-4ef6-ac80-33535008323c,Jot,1,,baised shows and baised netflix. using people for trp,0,,2026-07-26T12:04:56,,
Netflix,com.netflix.mediaclient,Entertainment,da3b6b9d-ca0c-470c-97e9-162670be12c4,Roshni Singh,1,,showcasing trash show lockupp,0,9.75.0 build 5 64276,2026-07-26T12:03:16,,
Netflix,com.netflix.mediaclient,Entertainment,3188d3aa-00b6-4bc7-afc9-e7c0ff471761,Accord Ubisi,5,,Good,0,9.76.0 build 10 64304,2026-07-26T11:54:27,,
Netflix,com.netflix.mediaclient,Entertainment,893ff6cb-a41a-4c6c-99af-abc9f97268ce,Mohod Mohod,1,,"Disgusting 🤮 Total scam and a complete waste of time. They charge money but do not deliver the promised services. The customer support is completely useless and never responds to complaints. Beware of this fake app, do not waste your hard-earned money here.""",0,8.143.5 build 19 52400,2026-07-26T11:53:46,,
Netflix,com.netflix.mediaclient,Entertainment,d8c27f96-a0c1-480a-823e-90c50693404c,Amit Shetty,1,,worst app & worst system,0,,2026-07-26T11:52:30,,
Netflix,com.netflix.mediaclient,Entertainment,467a3ec0-4f10-4986-a12a-2ff2eed9f6d0,Snizhana Mashoshyna,1,,"First everything went smoothly, now I start to get warnings about using VPN or proxy (not using any of those). The app have me an option to upgrade as the only solution, pathetic. Are we living in a 'Black mirror' already?",0,9.68.0 build 2 64148,2026-07-26T11:49:09,,
Netflix,com.netflix.mediaclient,Entertainment,2bbfa338-30ee-4b3c-a2c6-09c9267f15d5,Komal Kanjwani,1,,worst app very biased regarding to the lockup show never ever this app will get high rating till they do not stop being bias,0,9.76.0 build 10 64304,2026-07-26T11:41:05,,
Netflix,com.netflix.mediaclient,Entertainment,3716668a-92aa-4dad-b805-dad9e1f70724,Chibueze Okereke,5,,good,0,,2026-07-26T11:34:34,,
Netflix,com.netflix.mediaclient,Entertainment,115962c9-ce84-409a-9633-d4d351dcc376,Akanksha Kharbanda,5,,love that we don't have to purchase over a subscription.... love you netflix.... stay same babe.... clock it........,0,9.76.0 build 10 64304,2026-07-26T11:33:46,,
Netflix,com.netflix.mediaclient,Entertainment,79e90ff8-5889-41af-85b0-7ce549d886f0,Aarushii Singh,1,,biest show lock up,0,,2026-07-26T11:26:44,,
Netflix,com.netflix.mediaclient,Entertainment,849a2290-c1b2-4c2f-be23-deacea188b48,Sakshi Shukla,1,,not work properly,0,9.75.0 build 5 64276,2026-07-26T11:26:26,,
Netflix,com.netflix.mediaclient,Entertainment,316dad3e-f2cc-48b6-a23c-3205511db17f,Airtel Airlines,5,,awesome,0,9.75.0 build 5 64276,2026-07-26T11:25:55,,
Netflix,com.netflix.mediaclient,Entertainment,e58a0550-6a3c-48f7-aee5-4c5e257b12ef,Joshua Beyer,1,,Why can't I use my Google chromecast on a basic plan! Every other streaming app allows you to cast from any plan. Netflix thinks they are so special that they can charge an extra $10 to use this feature. Fat chance. Will never renew unless this changes. Very disappointed.,0,7.49.0 build 19 34761,2026-07-26T11:25:21,,
Netflix,com.netflix.mediaclient,Entertainment,1c80e1f0-f176-468b-bd71-4423ca003409,Khushboo Pandey,1,,Netflix pe ekk show aata hai lockup usme akansha Choudary ke sath baised hua ja rha hai,0,,2026-07-26T11:20:40,,
Netflix,com.netflix.mediaclient,Entertainment,685bbc85-8210-4987-9556-e7cccb0b8a74,Jovando Jovan,1,,"wasted my money without doing anything and now my mom is mad at me, then this trash app doesn't even let me watch what a big scam LokTV is better",0,9.75.0 build 5 64276,2026-07-26T11:08:40,,
Netflix,com.netflix.mediaclient,Entertainment,18ccd156-5474-47d0-b329-588f765ee363,KRK Samy Samy,5,,good movies always,0,8.126.0 build 9 50771,2026-07-26T11:08:39,,
Netflix,com.netflix.mediaclient,Entertainment,b00f5d1b-5585-4584-9848-b6663dd3e3a5,HRIDHYA C S,5,,like bruhhh literally nice i love ittt soooooooooo much,0,,2026-07-26T11:03:24,,
Netflix,com.netflix.mediaclient,Entertainment,36288630-2636-4981-beeb-e132548f914f,Richard Perez,5,,excellent entertainment love it,0,9.76.0 build 10 64304,2026-07-26T10:59:35,,
Netflix,com.netflix.mediaclient,Entertainment,bafd21d6-db35-40e3-b8b5-944355778919,Anam Malik,2,,I m watch currently watch lockup2 this show available on Netflix but lockup2 has most biased show ever and netflix has support this show I m watch and subscription only yogesh akanksha but netflix and makers are unfair people this is very disgusting reality show and netflix aise show apne app pr release karta h boycott lockup2 and uninstall netflix and unfollow,0,9.49.1 build 6 63792,2026-07-26T10:56:38,,
Netflix,com.netflix.mediaclient,Entertainment,78996e1b-d7b8-4e02-9a78-b10901ca66ec,JENNY,4,,good,0,9.74.0 build 5 64252,2026-07-26T10:48:38,,
Netflix,com.netflix.mediaclient,Entertainment,17e626b4-67c1-4fc9-b498-e5462352f3f6,Soma Sarkar,1,,worst app ever,0,,2026-07-26T10:23:46,,
Netflix,com.netflix.mediaclient,Entertainment,4c1998b5-1281-4647-bb27-8fa372c5b45c,Adir Quintero Ocariz,2,,"Tv interface is absurd, now you can only see 3 title in screen at any time. Also, I can't believe once you watch something from the watch list it doesn't delete it... and finally, I can't believe there is no way I can see the history of what I've watched.",0,9.71.1 build 8 64212,2026-07-26T10:22:57,,
Netflix,com.netflix.mediaclient,Entertainment,e8d7c85e-6ec9-46c2-ba66-af9d3d1ade7e,Ashraf Kaynat,1,,Ghatiya show lockup sirf biaseness hi hai agar apne bahu ko hi jeetwana tha to vaise hi contestants laate aise contestants ko kyu le aae jisko handle karna tum log ke aukaat se bahar ho pura show bass akanksha choudhary ke wajah se chala liye aur ab uske enemy ko bula kar usse evict kar deye wahhh agar doglapan has face it will be Netflix and the makers of lockup aur haaa bhai uske host ko kaise bhool sakte hai agar hosting nhi aate to matt karo Jo bani hue izzat hai usse bhi gawa kar accha laga,0,,2026-07-26T10:17:35,,
Netflix,com.netflix.mediaclient,Entertainment,0d70fc5f-2c9a-457b-aa96-24d939af37c0,Mukesh Shinel,5,,Good 😊,0,9.75.0 build 5 64276,2026-07-26T10:15:22,,
Netflix,com.netflix.mediaclient,Entertainment,a3e3ebbc-efdc-4597-8c3e-0340b0cba046,suraikahengkin31,5,,"""Great streaming service with lots of movies and shows. Smooth experience and worth it!""",0,8.117.0 build 3 50695,2026-07-26T10:14:22,,
Netflix,com.netflix.mediaclient,Entertainment,7c7517a2-a66a-4fcb-9d75-de23d0736760,Nayaktuna,5,,this is best app,0,9.75.0 build 5 64276,2026-07-26T10:13:42,,
Netflix,com.netflix.mediaclient,Entertainment,944d4b55-567c-453a-ade8-10b63f178c9d,Anna Holton,5,,I love it so much!,0,9.76.0 build 10 64304,2026-07-26T09:51:28,,
Netflix,com.netflix.mediaclient,Entertainment,975734ca-1056-49e1-aba9-0df37cdc9478,John Line,4,,Too bad it was canceled after one season,0,9.4.1 build 4 62196,2026-07-26T09:50:17,,
Netflix,com.netflix.mediaclient,Entertainment,abe44179-da04-47e4-b898-f6ca628b25b9,Jozaa Hoeta,5,,Hilarious 😂,0,9.76.0 build 10 64304,2026-07-26T09:49:13,,
Netflix,com.netflix.mediaclient,Entertainment,9b11fb17-d43e-4d6c-8ec2-8f998ebb1a91,Harlem,1,,"EVERY. SINGLE. TIME. I. OPEN. THIS. IT. CRASHES. I have tried everything and when I say everything I mean EVERYTHING. It just keeps crashing and crashing I don't even see anything else before it crashes, I just see black the whole time till it crashes, DO NOT DOWNLOAD THIS. I would give this a zero if I could. 👎🏾👎🏾👎🏾👎🏾👎🏾👎🏾",0,9.76.0 build 10 64304,2026-07-26T09:45:54,,
Netflix,com.netflix.mediaclient,Entertainment,eda99962-fe73-4bfe-ad3a-7defa6a27e5e,Unnati Patil,1,,No Akanksha Choudhary no lockup if you are give a platform for a show so you should know that reality show means show aur reality and unscripted but as you give lockup season 2 a platform like netflix as a reality show but it's fully scripted and we are watching that show just for Akanksha Choudhary but now they just evict her unfairly so now you will face it too for giving them that platform,0,,2026-07-26T09:44:16,,
Netflix,com.netflix.mediaclient,Entertainment,927f53c4-7ba0-4b70-ad7a-7afc8aa0fb56,Thabitha Malapile,3,,I can't open my Netflix app anymore 😞😞🤔,0,9.76.0 build 10 64304,2026-07-26T09:43:00,,
Netflix,com.netflix.mediaclient,Entertainment,0fc6f915-d499-414b-9f9a-23ebf8faad92,Mars Anadia,4,,Thank you for bringing fun into my life thru movies and series but it would be better if I can watch the full ep of One Piece Anime Whole cake arc.🙏🥹,0,9.75.0 build 5 64276,2026-07-26T09:41:56,,
Netflix,com.netflix.mediaclient,Entertainment,b8911b2c-844d-46fc-84f7-d58e21d693ce,Syed Sarim Hassan,1,,"the new update is bad. it no longer shows options to choose from movies,documentary,nor is it showing any upcoming movies etc option",0,9.75.0 build 5 64276,2026-07-26T09:38:20,,
Netflix,com.netflix.mediaclient,Entertainment,da73e048-9778-483a-a4cc-fef447c2348d,Tamara Carthen,5,,great,0,8.43.0 build 13 50282,2026-07-26T09:38:07,,
Netflix,com.netflix.mediaclient,Entertainment,4d33180c-3015-4f10-a852-56bc9ef656d2,Sukhdev Manhas,1,,all the shows on it are biased no akansha no lockup no netflix,0,8.24.0 build 10 40205,2026-07-26T09:26:36,,
Netflix,com.netflix.mediaclient,Entertainment,64ad4c83-03c0-4267-ae91-c6285b8e87c4,Mittal Ahir,1,,"most netflix shows are very Good but the Scripted show we all know ""LOCKUP SEASON 2 SACH YA SAZA ""Most Scripted show They are very Biased,i Bring my Subscription only for contestant name ""AKANKSHA CHAUDHARY"" And she doing really well in the show and audience also loves her Game,but the makers are biased with her and eliminate her from the show this is not Fair,we want Justice for akanksha chaudhary,#biasedshoelockup",1,9.73.0 build 7 64240,2026-07-26T09:18:49,,
Netflix,com.netflix.mediaclient,Entertainment,f83ae63c-1241-4c3a-a3d5-7fbd3bf9de54,Brianda Herrera,5,,"The show was very engaging, it kept my attention.The acting was great.There was also no lagging when I put in subtitles and the voiceovers kept up with the picture framed , it was lovely",0,,2026-07-26T09:18:13,,
Netflix,com.netflix.mediaclient,Entertainment,b3b89b40-3bb1-480a-8294-4c4fdee15334,ramyakalidass 331,1,,Not working this app and very worst app 😡,0,,2026-07-26T09:14:10,,
Netflix,com.netflix.mediaclient,Entertainment,f843c3cc-3acb-4e72-8e40-f78aa41f5666,Pratham Arya,5,,this too best 😊😇,0,,2026-07-26T09:08:12,,
Netflix,com.netflix.mediaclient,Entertainment,26b8f571-a965-40ef-8ad9-b8d007101db9,Shayni Yeasmin,1,,They Just use akansha for trp I only watch for akansha and take subscription for that so I hope there's a 0 rating option also,0,9.75.0 build 5 64276,2026-07-26T09:05:14,,
Netflix,com.netflix.mediaclient,Entertainment,f82472ab-a075-49d3-ac1b-13e5f1e71016,Isha finds,1,,for Akansha eviction 🥀🤡 aur bnao biased show,0,,2026-07-26T08:35:02,,
Netflix,com.netflix.mediaclient,Entertainment,e1dbfae4-79f5-4e27-8801-43b3b18fa89a,Remember Ramohoebo,5,,good,0,9.76.0 build 10 64304,2026-07-26T08:22:26,,
Netflix,com.netflix.mediaclient,Entertainment,ee7dee35-4d84-4598-a8fa-b98633f6d7cd,Steven Little,5,,Writing and acting very good. Good story and wonderful twists and turns.,0,9.75.0 build 5 64276,2026-07-26T08:21:36,,
Netflix,com.netflix.mediaclient,Entertainment,76f7999b-ca16-4b55-aeef-adb3ee26a8a4,Mina Dillon,5,,👍🏽,0,9.76.0 build 10 64304,2026-07-26T08:20:40,,
Netflix,com.netflix.mediaclient,Entertainment,00747d93-e963-4ce8-a7b1-a699a5402c88,MISTY,5,,really good and really suspenseful... keepsy wanted more.,0,,2026-07-26T08:05:04,,
Netflix,com.netflix.mediaclient,Entertainment,528c4e2e-f4c1-45fb-a876-aee28b8fdf9d,Alexandra Feliciano,4,,good variety,0,,2026-07-26T07:54:14,,
Netflix,com.netflix.mediaclient,Entertainment,a1f3b141-355e-42a1-bb57-941c080acea5,Husnain Farooq,1,,because of house hold prompt i hate who wvery is paying not a problem just remove this prompt from netflix!!!,0,9.76.0 build 10 64304,2026-07-26T07:51:53,,
Netflix,com.netflix.mediaclient,Entertainment,5c7ed646-8abc-43cd-84b7-b673c52784ca,Rad-I-Nation,1,,"If I could give 0 Stars I would. Netfix has gone down the drain. As a long time member my subscription was cancelled without notice. Cannot login in, cannot link a card or PayPal. Custom ""support"" was zero help and said try back another day and seemed bothered that I had called. No more money will be going to you from me. So thank you for making me save money.",0,9.76.0 build 10 64304,2026-07-26T07:45:18,,
Netflix,com.netflix.mediaclient,Entertainment,2930f3a7-f93e-475e-87dd-14695bd4a4ee,Abhipsa Pradhan,1,,"unfair elimination of ankhsha choudhary, NO ANKHSHA NO LOCK UP",0,9.76.0 build 10 64304,2026-07-26T07:40:56,,
Netflix,com.netflix.mediaclient,Entertainment,aab5d8c2-22ac-4486-8965-b1fcb382c130,Joel Abanilla,5,,Very good,0,8.143.5 build 19 52400,2026-07-26T07:27:12,,
Netflix,com.netflix.mediaclient,Entertainment,dede5f93-dcc3-43a7-88fd-76bc18c9870b,Chai Jin Xin,5,,"Excellent streaming service with a huge selection of movies and TV shows. The recommendations are accurate, and the video quality is always great.",0,,2026-07-26T07:24:55,,
Netflix,com.netflix.mediaclient,Entertainment,10c17349-ed1e-4085-93ee-2a902e2b9057,Melissa Robey,5,,exceptional,0,9.74.0 build 5 64252,2026-07-26T07:23:31,,
Netflix,com.netflix.mediaclient,Entertainment,fb28960e-3360-4823-ad0e-0c3d4f29cd90,Adam Reta,5,,awesome!,0,9.75.0 build 5 64276,2026-07-26T07:06:31,,
Netflix,com.netflix.mediaclient,Entertainment,b738a63f-7f42-4cd6-a370-52debdef6e39,Patrica Mercer-Sass,4,,Great Fun,0,9.75.0 build 5 64276,2026-07-26T07:02:27,,
Netflix,com.netflix.mediaclient,Entertainment,b91868c2-7b25-4d50-a374-e05639b1bf06,Abby Zaragoza,5,,it made me cry. I love this,0,9.75.0 build 5 64276,2026-07-26T06:44:09,,
Netflix,com.netflix.mediaclient,Entertainment,1bb50c85-e1aa-4e81-8ef7-77d59124e808,Kartik Verma,4,,very nice,0,9.76.0 build 10 64304,2026-07-26T06:42:43,,
Netflix,com.netflix.mediaclient,Entertainment,12c9dd36-55e3-418f-9081-c580b6a8eb58,Maryah Mojica,5,,good show and movie options,0,9.76.0 build 10 64304,2026-07-26T06:41:38,,
Netflix,com.netflix.mediaclient,Entertainment,69676567-ba4f-4118-bf27-f9c5078b25ef,Jenifer Morales,1,,"Charges a lot just to limit how and where you can watch it. Tried to watch on my phone the other day and got a message about how I had to get a temporary 14 day pass to watch on my phone. Was given some bs excuse that it was because it wasn't the ""main home account"" or I wasn't in the home server even though I was indeed in my house on the wifi, just watching through my phone. Netflix has gone to sh*ts",0,8.105.0 build 15 50626,2026-07-26T06:37:44,,
Netflix,com.netflix.mediaclient,Entertainment,116ab4d4-508d-4341-80b8-64f757b4363a,Abdiel Moya,3,,"""Remove email from account"" why is this so complicated? Why do I even need an email on a profile? What if that email is already being used on another account? Come on.",1,9.76.0 build 10 64304,2026-07-26T06:34:55,,
Netflix,com.netflix.mediaclient,Entertainment,ebfdbe38-3e6a-478b-b936-709db0e5241a,andi kristanto,5,,more exciting movies,0,,2026-07-26T06:32:54,,
Netflix,com.netflix.mediaclient,Entertainment,820ca151-5614-4b96-be09-2780b4356866,dhanshri konde,1,,biased netflix,0,9.75.0 build 5 64276,2026-07-26T06:20:01,,
Netflix,com.netflix.mediaclient,Entertainment,5b93e25c-c850-4834-a21b-a5a6c158e71c,Sarim Quadri,5,,always amazing,0,9.76.0 build 10 64304,2026-07-26T06:13:09,,
Netflix,com.netflix.mediaclient,Entertainment,14b612c8-d98e-4553-9477-1b35a6c55891,Devon Beevers,5,,great story line!,0,9.76.0 build 10 64304,2026-07-26T06:13:08,,
Netflix,com.netflix.mediaclient,Entertainment,ef23192c-1869-4ddf-a757-129d471c7b9d,Maria Zavala,5,,Love-No Interruptions!,0,9.76.0 build 10 64304,2026-07-26T06:11:13,,
Netflix,com.netflix.mediaclient,Entertainment,2bd93aa6-48d3-42d9-9266-32ca482e1bfa,William Smith,5,,Awesome story line and very entertaining 👏,0,8.107.0 build 9 50640,2026-07-26T06:10:26,,
Netflix,com.netflix.mediaclient,Entertainment,8ec9ccd7-af3d-47d4-8740-0061582e05cd,Simamkele Mhlauli,5,,ohh I loved every episode i laughed and cried,0,9.75.0 build 5 64276,2026-07-26T06:06:22,,
Netflix,com.netflix.mediaclient,Entertainment,979a4961-29e9-49bb-875e-475ef44b8964,Phyllis,5,,Awesome,0,,2026-07-26T05:49:56,,
Netflix,com.netflix.mediaclient,Entertainment,2532a7c9-6fd7-4a7d-b75c-82072b8d4b73,Rekha Sambhwani,1,,baised,0,,2026-07-26T05:49:32,,
Netflix,com.netflix.mediaclient,Entertainment,2579b9f0-5d50-43b4-9cd6-c44565072f26,Ákos Nemes,1,,"they don't stick to their streaming resolution promises and, they making shows that they are an insult to people. they think we are stupid. bad company and cheating you and hiding important details about your subscription I'm their t&c. if you buy 4k subscription you'll still get 1080p unless you heb their proprietary hardware. bad business. don't",0,,2026-07-26T05:45:48,,
Netflix,com.netflix.mediaclient,Entertainment,2d5bd323-05b4-4477-8b98-64b0a811857b,Stephanie Hinz,1,,keeps closing won't even open,0,,2026-07-26T05:42:02,,
Netflix,com.netflix.mediaclient,Entertainment,feac11bf-8147-4e53-8404-619f7d9e497a,Torey Boone,5,,🤎,0,9.76.0 build 10 64304,2026-07-26T05:36:20,,
Netflix,com.netflix.mediaclient,Entertainment,e84f874c-7410-4c5e-9fcd-ab644af958a5,NewMex Girl,5,,they always have good movies,0,9.75.0 build 5 64276,2026-07-26T05:26:32,,
Netflix,com.netflix.mediaclient,Entertainment,2aa014bd-d53d-484b-8516-ba431b006788,Amara Mira,5,,awesome,0,9.75.0 build 5 64276,2026-07-26T05:14:24,,
Netflix,com.netflix.mediaclient,Entertainment,31e55a6a-441a-4140-b060-166483494bed,Khai Ez,4,,good app,0,9.76.0 build 10 64304,2026-07-26T05:14:18,,
Netflix,com.netflix.mediaclient,Entertainment,1f850d6c-ee2f-4463-9318-2262c3a20705,Alicia Hall,5,,it is my favourite thing to watch my movie on it,0,,2026-07-26T04:55:47,,
Netflix,com.netflix.mediaclient,Entertainment,daa80d09-16b2-4d9a-a133-bce75c5fc4e2,Johnathan Bates,3,,ok,0,,2026-07-26T04:53:05,,
Netflix,com.netflix.mediaclient,Entertainment,c82e509d-411b-4ab8-8300-acd4b3936100,Raquittas Casas,5,,Its such a beautiful story and it's so relatable to everyday life trust and believe if you watch it your gonna definitely love it.dont forget the snacks and someone to watch with you.,0,9.75.0 build 5 64276,2026-07-26T04:41:28,,
Netflix,com.netflix.mediaclient,Entertainment,ecb791b6-3814-48a9-a036-ffe57565d73b,Susan Mills,5,,"Love the variety of shows! Don't want to see the worst of people. I want positive, uplifting shows!!",0,,2026-07-26T04:35:38,,
Netflix,com.netflix.mediaclient,Entertainment,49fffaa7-0e2e-4d6e-b44a-5a7e91dfd0b2,Brittany D (Funwitbrit),5,,I only have this app downloaded to connect and play Netflix games which are very fun and my family enjoys it. The rest of this app I'm not sure about as I don't utilize that portion.,0,9.76.0 build 10 64304,2026-07-26T04:34:27,,
Netflix,com.netflix.mediaclient,Entertainment,bb4213ee-6086-4eda-9bd3-dff7937cbe00,THOMAS W. WILSON,5,,love it,0,8.59.1 build 12 50370,2026-07-26T04:25:55,,
Netflix,com.netflix.mediaclient,Entertainment,b65a7067-75e1-4ef0-b089-826aa1a7e4d4,Victor Gachu,4,,Good,0,9.74.0 build 5 64252,2026-07-26T04:12:44,,
Netflix,com.netflix.mediaclient,Entertainment,5125bf29-0ac1-451e-8db0-a2bd9589f6fa,Cindy Guillen Salazar,5,,amazing,0,9.3.0 build 4 62124,2026-07-26T04:07:36,,
Netflix,com.netflix.mediaclient,Entertainment,ab4b9c5c-177d-43b7-86d1-2ad7dd915cd2,Tanyah Murambiwa,5,,the best,0,9.74.0 build 5 64252,2026-07-26T04:07:24,,
Netflix,com.netflix.mediaclient,Entertainment,d47c3d63-06df-4446-999f-fdd7ea712f3c,Sherry Street,5,,Netflix is the best 💯💯💯💯 they're my next to go to channel. I just love Netflix!!!,0,9.76.0 build 10 64304,2026-07-26T03:55:18,,
Netflix,com.netflix.mediaclient,Entertainment,2c284863-90d6-4f1a-bf6b-1ec59a483854,Rashid786 albaloushi,5,,it is good but sometimes the shows disappear from the Netflix and then after sometimes they come back,0,9.76.0 build 10 64304,2026-07-26T03:55:05,,
Netflix,com.netflix.mediaclient,Entertainment,2a543c29-6416-4036-ad26-6c1b867f5d8e,L'Shyia Spencer,5,,love it,0,9.74.0 build 5 64252,2026-07-26T03:44:37,,
Netflix,com.netflix.mediaclient,Entertainment,d433dd18-443e-4063-8381-36337cb1d6ef,Elizabeth Neal,1,,I honestly had to change a long standing 5 star review to a 1 star review because I can no longer use the app on my IPad. Not everyone wants to constantly buy new devices. My IPad is in great condition even though it's older. I will not get a new device just to be able to use Netflix. I'll cancel my subscription first and watch on a different app. Not cool.,0,8.143.5 build 19 52400,2026-07-26T03:43:20,,
Netflix,com.netflix.mediaclient,Entertainment,610f1fc4-cca9-4260-b959-be40e393002d,Gabriel Kehinde,5,,I know this app is a good app buh if it take my time I will uninstall it cuz Netflix is more better than movie box,0,8.143.5 build 19 52400,2026-07-26T03:38:57,,
Netflix,com.netflix.mediaclient,Entertainment,eb38de6e-d539-43b1-ac78-45ae00de39aa,Ajay Kumar,1,,The worst app deserves a zero star rating .,0,,2026-07-26T03:32:13,,
Netflix,com.netflix.mediaclient,Entertainment,07c7f98d-8f49-4b37-99ee-4a69b5fa0368,Kinzy Wiz,5,,wonderful app,0,,2026-07-26T03:31:06,,
Netflix,com.netflix.mediaclient,Entertainment,a6394089-511f-40d9-b6ae-ce57701bef5a,Marta Barron,5,,It kept me entertained...and it's amazing what can happen when you're on vacation,0,9.75.0 build 5 64276,2026-07-26T03:25:56,,
Netflix,com.netflix.mediaclient,Entertainment,f69ca927-c927-40fd-8fa7-0f3aa3d65803,Samir Davronov,2,,"Why are there so few movies, series, and anime available on Netflix in Uzbekistan? Could you please add more content for Uzbek users?",0,,2026-07-26T03:12:22,,
Netflix,com.netflix.mediaclient,Entertainment,b0156c49-f23a-4d4b-b47c-cd45a2505b3e,alanna patience,5,,laughing right through 😁💯✌️,0,9.75.0 build 5 64276,2026-07-26T02:56:08,,
Netflix,com.netflix.mediaclient,Entertainment,8b004139-ac6b-4b08-a186-7c4b7588ca5e,Suranjan Dhar,5,,One of the best,0,,2026-07-26T02:55:36,,
Netflix,com.netflix.mediaclient,Entertainment,f4a8ac44-ed8e-4dec-8351-f8a26cdef7c5,Justice Akaduru,1,,network issue,0,9.73.0 build 7 64240,2026-07-26T02:55:21,,
Netflix,com.netflix.mediaclient,Entertainment,4b5e1b88-7696-41b7-82bf-dac13e67b39a,Cherry Chikku,5,,musfair cafe season 2 waiting dil se bhai jaldi laana love this show love you,0,9.51.0 build 6 63840,2026-07-26T02:47:00,,
Netflix,com.netflix.mediaclient,Entertainment,3ef99d4d-3cf1-4134-a37b-9474e256385b,Sara Bordbar,4,,expensive but it is what it is,0,9.76.0 build 10 64304,2026-07-26T02:46:53,,
Netflix,com.netflix.mediaclient,Entertainment,26d1916f-de18-4fe1-9e0f-e848af1f37b9,Shuarau Khadijah,3,,this app is good,0,9.76.0 build 10 64304,2026-07-26T02:43:30,,
Netflix,com.netflix.mediaclient,Entertainment,6865bd30-6da2-4df3-86a7-3c620f012435,Peter Walda,1,,I hate Netflix. I hate the experience when a movie ends or the last episode of a serie finished they push another show and I have to scramble to find the right button to just be able to watch the credits and fail at that almost every time. I hate Netflix from the bottom of my heart,0,9.75.0 build 5 64276,2026-07-26T02:41:09,,
Netflix,com.netflix.mediaclient,Entertainment,4cb45bfb-e5d8-4af9-9740-254cce866a3a,Confetti Puppy,5,,"love the app, just love it 🫰",0,9.75.0 build 5 64276,2026-07-26T02:35:47,,
Netflix,com.netflix.mediaclient,Entertainment,1dc55924-770e-4be2-a296-670c8abb449a,Billie Jo Owens,5,,enjoy watching netflix it has a great variety of movies,0,9.9.1 build 9 62416,2026-07-26T02:33:27,,
Netflix,com.netflix.mediaclient,Entertainment,5f8c31c6-5d10-4ee3-b535-aed866e12c41,Gustavo Degeronimi,1,,hardly any good content,0,9.75.0 build 5 64276,2026-07-26T02:29:44,,
Netflix,com.netflix.mediaclient,Entertainment,c3de6dbc-df8d-4fc9-80b9-2e9ce2618b18,Mansyah Tanjung,5,,the Best,0,,2026-07-26T02:22:41,,
Netflix,com.netflix.mediaclient,Entertainment,41c7bab6-a20d-46bf-b05a-ca5fce894465,Stella,5,,Just excellent!!,0,9.74.0 build 5 64252,2026-07-26T02:11:55,,
Netflix,com.netflix.mediaclient,Entertainment,28ac5e75-178e-4783-85d9-cc212f6636b1,alveena niazi,5,,Hindi dubbing is the best thing to enjoy all the stuff. That is why I like Netflix more than HBO Max.,0,9.71.1 build 8 64212,2026-07-26T02:08:45,,
Netflix,com.netflix.mediaclient,Entertainment,32dce604-cec8-46cc-a9d3-5ecb72fbcb52,Sammy Rahman,5,,bollywood,0,8.101.1 build 7 50601,2026-07-26T02:00:25,,
Netflix,com.netflix.mediaclient,Entertainment,b7991b88-bdc3-47a9-8c5e-14190eb386d0,Princes Sumie,3,,How can update the,0,8.143.5 build 19 52400,2026-07-26T01:56:07,,
Netflix,com.netflix.mediaclient,Entertainment,2959a4cc-e5d5-4ba2-abfa-600b70fde60e,funmilayo Sara,4,,quality good just needs new movies,0,,2026-07-26T01:42:53,,
Netflix,com.netflix.mediaclient,Entertainment,dfccbe10-aaa7-4877-a8cc-eee12776605b,Mujoona Dirisa,5,,Marvelous,0,,2026-07-26T01:42:10,,
Netflix,com.netflix.mediaclient,Entertainment,ea45b975-2b6e-4432-b837-bb277cf7e256,jas Meen,1,,biased,1,,2026-07-26T01:39:57,,
Netflix,com.netflix.mediaclient,Entertainment,aec70fff-80f7-40ed-b656-de9a4f052800,Jaycee Menona,4,,its the same as any other paid streaming app. does its job.,0,9.75.0 build 5 64276,2026-07-26T01:25:38,,
Netflix,com.netflix.mediaclient,Entertainment,5c8613df-f3a0-4b67-98e3-0445312cebea,Charles Connell,5,,"Jen, Our very Kind, Intelligent, Knowledgeable, Super Patient and Understanding because I Am A 65 year old Lady who is Not Computer Savvy and Jen Just Walked me through Everything that needed to be done!!! Jen Certainly Deserves A Raise!!! Thank You, Jen!!! Sincerely, Debra Luke Connell A VERY SATISFIED LADY!!! 😊 ❤️ ☺️ 💕",0,,2026-07-26T00:52:57,,
Netflix,com.netflix.mediaclient,Entertainment,e282065b-6c92-4816-bac9-e0b988968880,Abhijith Abhi,1,,subscribed and used for 1 week. but after 1 week the app was not loading videos... reported the issue but no use. only loading black screen.... 😡,0,9.76.0 build 10 64304,2026-07-26T00:28:11,,
Netflix,com.netflix.mediaclient,Entertainment,3a0a113a-719a-438b-86b7-8e3688d6e6a9,Jyotishna Saikia,1,,just stop releasing lockup in your platform.,0,9.73.0 build 7 64240,2026-07-26T00:24:00,,
Netflix,com.netflix.mediaclient,Entertainment,4e17be2b-88f9-4dee-ad9f-329db0492a5f,Ayana Mukhtar Shaikh,1,,i just really don't like netflix because of lock up...lockup is soo biased show!!! they only support shreya and shilpa...and now they r evicting akansha! bro why!? she is the trp! don't remove her! I'm watching this show because of her! NO AKANSHA NO LOCKUP!!!!!,0,9.76.0 build 10 64304,2026-07-26T00:16:03,,
Netflix,com.netflix.mediaclient,Entertainment,d47e75f2-171a-4dbe-90f6-e1a1a3d7b960,sanjeev murali,4,,Avatar season 2 is a bummer,0,,2026-07-26T00:02:19,,
Netflix,com.netflix.mediaclient,Entertainment,273f5d24-b98c-4a71-a306-61aeb3f79221,vince campbell,1,,"Charged my account for a free trail and did absolutely nothing to fix or remedy the situation. They offered a refund, but for a free trail that seems beyond the minimum. What a horrible company. I honestly do not have enough bad things to say about them. Wasted my time and money. Worse customer service, I have received pretty much ever. What an awful service. Websites are garbage as well. Whole user experience 0/5.",0,,2026-07-25T23:58:25,,
Netflix,com.netflix.mediaclient,Entertainment,830bbf8b-beac-448f-b0be-f23258d69b64,Sanjay Prakash,5,,"what a story, damn too good.",0,9.74.0 build 5 64252,2026-07-25T23:52:44,,
Netflix,com.netflix.mediaclient,Entertainment,6110ede2-ba46-4c5e-a4cb-6c1b3224d4e3,Louis Lange,5,,easy-to-use,0,9.74.0 build 5 64252,2026-07-25T23:52:37,,
Netflix,com.netflix.mediaclient,Entertainment,aa370935-c027-4ee8-a16f-d7f61a31edbf,Sayan Sarkar,1,,Stuck in splash screen The app is stuck in Netflix splash screen on OnePlus 15 OxygenOS 16.0.9.400. Please look into this issue.,0,9.76.0 build 10 64304,2026-07-25T23:49:33,,
Netflix,com.netflix.mediaclient,Entertainment,81939c93-9b3b-43a0-b1b0-4db7f510f29d,Mzoli Dyani,3,,in this can't seem to find every app I'm looking for,0,,2026-07-25T23:45:32,,
Netflix,com.netflix.mediaclient,Entertainment,b2987043-b325-4ab4-b952-045e523dcd77,Pixlora Shorts,1,,disgusting,0,,2026-07-25T23:43:53,,
Netflix,com.netflix.mediaclient,Entertainment,053eaf5c-9733-489e-aa6a-e4ccd512a6fa,Rebecca,5,,One of the best films I have seen in YEARS!! Amazing!! Thank you to all. It was BEAUTIFUL 😍!! XXX,0,8.131.0 build 3 50829,2026-07-25T23:42:00,,
Netflix,com.netflix.mediaclient,Entertainment,ddcdafb8-6a94-4f6e-bb5a-6d94666d34c3,MAHABOOB SUBHANI,5,,super to see cinema,1,9.76.0 build 10 64304,2026-07-25T23:39:13,,
Netflix,com.netflix.mediaclient,Entertainment,88582f66-04b4-44d6-8d10-565e09072bc9,shahana shrie SI,3,,i still need many movies to be added.. I mean the movies of 90's tamil cinema are best to watch so I want you to concern about this. Thank you.,0,9.75.0 build 5 64276,2026-07-25T23:37:21,,
Netflix,com.netflix.mediaclient,Entertainment,60a8f4df-0c44-457c-8cf8-1ea8091c10b4,Amal Asif,1,,the worst show biased makers unfair eviction of our girl Akanksha Choudhary not gonna watch the show ever on this platform,0,9.76.0 build 10 64304,2026-07-25T23:29:57,,
Netflix,com.netflix.mediaclient,Entertainment,860e4d4e-7c56-4306-9bc0-6b635935bb8b,DurgaRukmini Bandaru,1,,"Platform need to show some fairness to keep the audience engaged. Shows like Lock Upp 2 feel completely biased, making it impossible for viewers to connect. I’m definitely not spending my time or money on subscriptions for content like this",1,9.76.0 build 10 64304,2026-07-25T23:23:08,,
Netflix,com.netflix.mediaclient,Entertainment,7d317971-3dad-4bd3-b054-47e24b3b563d,Ayushi Saxena,1,,Netflix took bkwas show how they are taking these type of show lockupp2 is sooo disadvantage for Netflix please see on this issue we are boycotting netflix just because of lockupp2,0,9.75.0 build 5 64276,2026-07-25T23:20:05,,
Netflix,com.netflix.mediaclient,Entertainment,9f26e957-e4f1-4034-bfda-855ac99886ac,Micheal Sunday,1,,interesting app,0,,2026-07-25T23:19:52,,
Netflix,com.netflix.mediaclient,Entertainment,5066c849-d399-40b5-a997-c4b8497f6388,Darshana Nimje,1,,unfair eviction of Akaksha Choudhary,0,9.13.0 build 5 62532,2026-07-25T23:18:58,,
Netflix,com.netflix.mediaclient,Entertainment,67733159-9380-43b9-86c8-94b1d28c4ed4,perwez Khan,1,,worst app ever,0,9.75.0 build 5 64276,2026-07-25T23:18:30,,
Netflix,com.netflix.mediaclient,Entertainment,2e45f40d-bda4-4b78-8e88-4d228bf4d218,DEEPSHIKHA SINGH,1,,bakwass show lock upp,0,9.18.2 build 10 62780,2026-07-25T23:18:22,,
Netflix,com.netflix.mediaclient,Entertainment,9f56ed80-8fee-443f-a2e9-7c995ac52c68,dilip muni,1,,some web series and movies not showing my account telugu dubbed but other people or other account showing. example elite forced,0,9.76.0 build 10 64304,2026-07-25T23:17:38,,
Netflix,com.netflix.mediaclient,Entertainment,c5448d66-92a1-4b6a-839e-f5806d28bda7,Qhama Zana,5,,The best app to watch,1,9.76.0 build 10 64304,2026-07-25T23:16:12,,
Netflix,com.netflix.mediaclient,Entertainment,8594741d-345f-4c57-a324-a47a462d005f,Sakshi Bisht,1,,this platform is such a trauma..... biasness and favoutism is on another level..... reality show ka naam deke pura scripted show rakha h ....na kisi ki mental health na kuch .....at this point netflix India should be boycott....,0,9.75.0 build 5 64276,2026-07-25T23:12:43,,
Netflix,com.netflix.mediaclient,Entertainment,ecd6b079-d33f-44ef-b784-b2ba588d43a7,Mike W,1,,ads every 10 minutes when watching a movie,0,,2026-07-25T23:11:06,,
Netflix,com.netflix.mediaclient,Entertainment,ad1b76c3-9f9d-40d7-9398-13dc5581a555,Pranav Korade,5,,Everything is nice can u please do the subscriptions in low budget like 15 days,0,9.75.0 build 5 64276,2026-07-25T23:08:07,,
Netflix,com.netflix.mediaclient,Entertainment,dca1dead-eecd-48ed-85f3-9a3874da5e13,Mahi Thakur,1,,"Netflix is promoting bias and favouritism in the name of a reality show. The entire watching experience has been ruined, honestly. It feels like even scripted shows are now being given a platform by Netflix. Not what I expected from Netflix at all.",0,,2026-07-25T23:07:43,,
Netflix,com.netflix.mediaclient,Entertainment,c2d7d324-2376-4f0c-83e8-6a1f36b20190,animal kromie,5,,so fun on road trips,0,,2026-07-25T23:04:12,,
Netflix,com.netflix.mediaclient,Entertainment,c4815ab9-ea29-4d5e-aa99-73d93640cbbb,Silla Zainab,5,,I love this app I really such a great app🫠🫠🫠❤️,1,9.76.0 build 10 64304,2026-07-25T23:00:11,,
Netflix,com.netflix.mediaclient,Entertainment,86a0123a-f074-4ddc-b28a-570404c2c83e,Abongile Sidingane,5,,best app ever to watch everything 🙌,0,9.75.0 build 5 64276,2026-07-25T22:54:57,,
Netflix,com.netflix.mediaclient,Entertainment,8691a0e6-0cb4-46f7-a807-d571d8e0a13b,Karabi Rabha,1,,just becoz of lockup makers dirty drama against akangsha choudhary,0,9.66.0 build 13 64116,2026-07-25T22:38:18,,
Netflix,com.netflix.mediaclient,Entertainment,5b38ff35-656b-46c4-9111-119e6894852c,Shweta Singh,1,,this app only show biased shows like lockup just play dirty to get views,0,9.76.0 build 10 64304,2026-07-25T22:36:39,,
Netflix,com.netflix.mediaclient,Entertainment,cb2dc705-43f7-4f3c-a76e-2d57f4e229e4,mohamed yusuf,5,,Good,0,9.74.0 build 5 64252,2026-07-25T22:23:39,,
Netflix,com.netflix.mediaclient,Entertainment,adbcd89c-c237-4287-ac67-66c6bae63b64,sangeeta jadho,5,,very touching love story. I can't wait for season 2.,0,,2026-07-25T22:21:46,,
Netflix,com.netflix.mediaclient,Entertainment,ec42562f-289b-455a-9e8c-aa1ab2b99733,Gemma Sutcliffe,5,,this is good for me,0,9.76.0 build 10 64304,2026-07-25T22:18:47,,
Netflix,com.netflix.mediaclient,Entertainment,2dcdc7a9-d504-44bb-b7c6-cda71e325555,Toto. “TaLadz!” Yazini,4,,only me to subscribe!,0,8.143.5 build 19 52400,2026-07-25T22:17:50,,
Netflix,com.netflix.mediaclient,Entertainment,b92cb3fc-fb24-45d9-9666-05804b551dea,Mahendra Bhandari,5,,good,0,9.75.0 build 5 64276,2026-07-25T22:03:47,,
Netflix,com.netflix.mediaclient,Entertainment,db4748f0-d477-4172-842d-3494538bc561,raj vaghela,5,,great platform to enjoy with family and entertainment,0,9.75.0 build 5 64276,2026-07-25T22:03:01,,
Netflix,com.netflix.mediaclient,Entertainment,0f34cfbf-61d8-438b-a1ea-724806612464,Anandita Singh,1,,"The eviction of Yogesh Rawat though he is back now. And now Akanksha Choudhary's Eviction from Lock Upp due to Suzzain was one of the most unfair decisions. He was one of the strongest contestants and an ace performer throughout the show. It honestly feels like Netflix and Lock Upp used him to attract viewers and then eliminated him unfairly. This decision has disappointed so many fans. If you truly value your audience, bring Akanksha Choudhary back. He deserves to be in the competition.",0,9.75.0 build 5 64276,2026-07-25T21:55:52,,
Netflix,com.netflix.mediaclient,Entertainment,3987867e-8f9d-4966-9f2e-0a65bbd69cce,Fathul Rih,5,,"remains one of the leading subscription-based streaming services, offering a wide range of movies, television series, documentaries, and high-budget original productions. Its recommendation system, 4K HDR support, offline downloads, multiple user profiles, and mobile games provide a polished overall experience. The platform is particularly strong in playback reliability and content quality across different devices.",0,9.75.0 build 5 64276,2026-07-25T21:50:57,,
Netflix,com.netflix.mediaclient,Entertainment,eede58f0-be52-4a33-b549-8424ed18de3f,Shabeer Ahmed,1,,can't get Netflix subscription payment bug,0,9.76.0 build 10 64304,2026-07-25T21:43:06,,
Netflix,com.netflix.mediaclient,Entertainment,c24ca060-b036-4a1a-b274-d2843f22d67a,Mabel Torreon,5,,ganda nya,0,9.76.0 build 10 64304,2026-07-25T21:39:47,,
Netflix,com.netflix.mediaclient,Entertainment,515820c7-29ff-46f8-8032-e8cab9ada060,YAFAI Khan,5,,awesome 👌 👏 👍 😍,0,8.120.0 build 10 50712,2026-07-25T21:31:47,,
Netflix,com.netflix.mediaclient,Entertainment,d0c92afd-1a3e-45af-be81-a279432beadb,Death Note,1,,from is not on Netflix,0,,2026-07-25T21:29:28,,
Netflix,com.netflix.mediaclient,Entertainment,88d274ec-d45d-4fa5-b469-55c0b8f4f328,Kushal Kushal,1,,biased shows,0,,2026-07-25T21:27:09,,
Netflix,com.netflix.mediaclient,Entertainment,9ac4ea47-cc77-4a2e-b8a7-2396e9fcf448,R S,1,,lots of rubbish on Netflix now. You have to search hard for something worth watching.,0,9.47.0 build 2 63732,2026-07-25T21:24:29,,
Netflix,com.netflix.mediaclient,Entertainment,a16e97f5-edf4-4812-a930-8dd175135fad,Hira Khan,5,,nice,0,9.75.0 build 5 64276,2026-07-25T21:10:55,,
Netflix,com.netflix.mediaclient,Entertainment,101c068a-369d-423e-a7e6-3c8ac1b867f2,Ruchika,1,,lock up is the most wrost and baised show I am regret after subscription.How can you evict Akanksha Choudhary. Promot a most baised and scripted show. let's boycott Netflix,1,9.76.0 build 10 64304,2026-07-25T21:04:15,,
Netflix,com.netflix.mediaclient,Entertainment,9a5a256a-a4b3-4f3a-9c58-cb64da7e1a19,Vencez Joy Guzman,5,,Very entertaining. I love to watch this movie series every now and then,0,9.75.0 build 5 64276,2026-07-25T21:00:35,,
Netflix,com.netflix.mediaclient,Entertainment,0967d141-2acb-44e5-b574-9bd04bd9760b,Vunene Anna-Bert,5,,Great,0,9.76.0 build 10 64304,2026-07-25T20:52:38,,
Netflix,com.netflix.mediaclient,Entertainment,2f9df88d-ace1-4548-a406-c4efb4d7630d,Carolina Viera,5,,Good,0,9.70.0 build 6 64188,2026-07-25T20:50:04,,
Netflix,com.netflix.mediaclient,Entertainment,af2a582a-f4ad-4a0c-97e6-3e479997156c,Junaid Qureshi,1,,poor app,0,9.76.0 build 10 64304,2026-07-25T20:49:15,,
Netflix,com.netflix.mediaclient,Entertainment,b97911fb-b8d8-44b6-92e3-f2f619074a94,Tanwir Saqqar (Tantar),5,,good,0,,2026-07-25T20:47:33,,
Netflix,com.netflix.mediaclient,Entertainment,05b08653-2fad-44c6-a571-6d6ebb759407,Khushi Gupta,1,,due to your baised show lockup bass trp ke akanksha ko use kra h NO AKANKSHA NO LOCKUP,1,,2026-07-25T20:39:29,,
Netflix,com.netflix.mediaclient,Entertainment,6b9324a1-e522-492b-a17a-f146a796f3b2,Selvam J,5,,super,0,9.49.1 build 6 63792,2026-07-25T20:35:43,,
Netflix,com.netflix.mediaclient,Entertainment,f78b06bb-d112-42ca-9bba-a6f73f4b7cfd,Priya Majumdar,1,,"Disgusting, biased, and completely rigged. You gave an outsider a shortcut power to throw out because your remaining finalists have zero personality. What a scam.",1,9.74.0 build 5 64252,2026-07-25T20:33:48,,
Netflix,com.netflix.mediaclient,Entertainment,9ea98faf-f5ee-4def-9e1c-9712254a20f4,Deepak yadav,5,,very good,0,9.75.0 build 5 64276,2026-07-25T20:31:35,,
Netflix,com.netflix.mediaclient,Entertainment,00f46297-dc5b-45c0-866a-adbbbab0bd71,Amen Pv,3,,notification is not going away . it keep showing 1 again on the netflix notification bell button and again it's soo annoying. I literally had to dislike the show i like to get rid of the notification but netflix . what u doing??,3,9.76.0 build 10 64304,2026-07-25T20:29:36,,
Netflix,com.netflix.mediaclient,Entertainment,af644dbb-02b3-4856-b324-12a247edcac0,Dudu George,1,,I have the subscribed the netflix for watching akanksha chaudhary in lockup but I have been met without disappointed all her screentime was shown as deleted scenes in YouTube sonwhy should I subscribe this in the first place when I can watch my favourite in YouTube and top of all her unfair eviction . the show has called her worst enemy on family week and it been a disppointment I have subscribed the entire show after showing promo it's disappointing they used her for trp,1,,2026-07-25T20:28:58,,
Netflix,com.netflix.mediaclient,Entertainment,ae6b7f25-4770-4c2e-a8e6-4826a68ce079,Mani Kandan,5,,good 👍,1,9.76.0 build 10 64304,2026-07-25T20:26:25,,
Netflix,com.netflix.mediaclient,Entertainment,5866674c-4174-4929-a3a4-1005b8d626fb,Senorita Prathibha,1,,"""I don't have a Netflix account, but ₹199 has been deducted from my SBI bank account every month through UPI AutoPay. Please investigate and refund the unauthorized charges."" will disappointed😞, I want refund immediately",1,,2026-07-25T20:25:34,,
Netflix,com.netflix.mediaclient,Entertainment,3819b9e7-1ece-4f9a-bcca-b0be01ab847a,stephen matthews,1,,says its icompatable with device but device is upto date,0,,2026-07-25T20:18:37,,
Netflix,com.netflix.mediaclient,Entertainment,5f73ef74-7370-4158-8f72-ed410cdbfffb,Anisha Paudel,1,,"itna ghatiya show lockup ko netflix pe maat hi rakho,itna bada platform deserve nahi karta ye show. itna ghatiya ki akanksha ko unfairly nikaldiya. we are boycotting netflix till it pushes out lockup #netflixboycott",0,9.76.0 build 10 64304,2026-07-25T20:14:46,,
Netflix,com.netflix.mediaclient,Entertainment,37cdaf7b-fb3b-4545-9241-44c78422f744,Afshan Bahar,5,,love it',0,9.75.0 build 5 64276,2026-07-25T20:13:43,,
Netflix,com.netflix.mediaclient,Entertainment,29e7828e-00de-47aa-9c9f-2d947105e313,Chiranth R,1,,Baised reality shows,1,,2026-07-25T20:09:58,,
Netflix,com.netflix.mediaclient,Entertainment,e75ccb12-8916-4a6c-bcaa-7f945db7f6ce,Utkarsha Maurya,1,,Pathetic app...who gave platform to biased show lockupp....such low standards.,1,9.76.0 build 10 64304,2026-07-25T20:05:42,,
Netflix,com.netflix.mediaclient,Entertainment,c7504ac1-fbac-494a-abd5-1bb21a34613e,Siva Ganesh Maddimsetti,5,,Good,0,9.75.0 build 5 64276,2026-07-25T20:01:11,,
Netflix,com.netflix.mediaclient,Entertainment,33e66c17-f8ed-4f1d-ad7a-f8e036a1b794,Ma. Lucia Cachuela,5,,enjoy watching dramas movies,0,9.74.0 build 5 64252,2026-07-25T19:59:13,,
Netflix,com.netflix.mediaclient,Entertainment,7d4696cf-7212-4de7-b1ac-482f19bbefee,Oliver Hidalgo,5,,good,0,8.118.1 build 10 50703,2026-07-25T19:54:38,,
Netflix,com.netflix.mediaclient,Entertainment,7eff2e8a-7dac-4ca9-98ee-2c9414bbd763,Manish Chellani,1,,offers biased shows very bad,1,9.75.0 build 5 64276,2026-07-25T19:54:34,,
Netflix,com.netflix.mediaclient,Entertainment,83f9b48a-0b87-41e7-9079-5c622b600266,Teresa Price,5,,great variety of programs. quick showing,1,9.76.0 build 10 64304,2026-07-25T19:52:29,,
Netflix,com.netflix.mediaclient,Entertainment,cadc47cd-de14-4855-b574-133b73c9b23f,Mebrathu Alazar,5,,i get what i want a movie and i have a question why isn't working in east Africa,0,,2026-07-25T19:47:02,,
Netflix,com.netflix.mediaclient,Entertainment,3a364376-402e-4023-982d-2a84814501a2,Lorraine Webster,4,,cracking.....love it.....xxxxxx,0,9.52.1 build 11 63856,2026-07-25T19:30:54,,
Netflix,com.netflix.mediaclient,Entertainment,d7b2b2f7-cbe3-423d-9722-d7d0b654bf9f,Shny Glsses,4,,needs better movies and i found it expensive,0,,2026-07-25T19:22:21,,
Netflix,com.netflix.mediaclient,Entertainment,693b0e86-00f2-44f1-a370-7aa5d107495c,Mithun,1,,very nice,0,,2026-07-25T19:19:24,,
Netflix,com.netflix.mediaclient,Entertainment,794ec912-9422-4590-8c91-abbcf6a20f6d,Maroju Shirisha,1,,"Extremely disappointed with Netflix because of Lock Upp. Calling it a reality show is misleading when the decisions feel so unfair. Family Week is supposed to be about contestants meeting their families, yet one contestant was treated differently, which made the entire process feel biased as a viewer. Instead of focusing on genuine gameplay, the show seems to prioritize unnecessary drama over fairness. As a long time reality show viewer, this has been one of the most frustrating experiences.",1,,2026-07-25T19:14:19,,
Netflix,com.netflix.mediaclient,Entertainment,fa3d33f6-2fc6-4208-88db-3701264540dc,Manjuri Das,1,,Maine netflix ka subscription lia tha sirf aur sirf akanksha ko dekhne k liye lekin ye lockupp itna jayda baised hai itna unfair hai chiii ghatiya show ever,1,9.76.0 build 10 64304,2026-07-25T19:09:05,,
Netflix,com.netflix.mediaclient,Entertainment,012befd2-52be-4bec-a25a-f8b049433611,Priyankalenka 2006,1,,"Extremely disappointed with Netflix because of Lock Upp. Calling it a reality show is misleading when the decisions feel so unfair. Family Week is supposed to be about contestants meeting their families, yet one contestant was treated differently, which made the entire process feel biased as a viewer. Instead of focusing on genuine gameplay, the show seems to prioritize unnecessary drama over fairness. As a long time reality show viewer, this has been one of the most frustrating experiences.",1,9.65.0 build 9 64092,2026-07-25T19:06:49,,
Netflix,com.netflix.mediaclient,Entertainment,0e145698-af23-4888-8789-de484396b102,Kashish Bhatt,1,,Bhai reality show ke liye platform rakh rha h make sure to kar public rage bait n ho,1,9.74.0 build 5 64252,2026-07-25T19:04:48,,
Netflix,com.netflix.mediaclient,Entertainment,30ef50af-fec9-4a79-bf94-b29fd14103fe,madhumitha Wedding,1,,biased show,1,,2026-07-25T18:56:50,,
Netflix,com.netflix.mediaclient,Entertainment,aebc6759-12e8-44ef-95fb-0afd208cf362,Garima Kapoor,1,,unfair eviction of Akanksha choudhary in lockup season 2 ( the worst show ever),1,,2026-07-25T18:55:13,,
Netflix,com.netflix.mediaclient,Entertainment,d283868f-facd-4e09-9723-8c5057633aa6,Rani Girge,5,,great,1,9.76.0 build 10 64304,2026-07-25T18:52:18,,
Netflix,com.netflix.mediaclient,Entertainment,1e57f277-c64e-463c-b567-e9a3f2a839dc,Mpendulo Ngubane,5,,good for watching anime and it continues to tge next episode without me tapping a button,0,,2026-07-25T18:39:14,,
Netflix,com.netflix.mediaclient,Entertainment,ec0e62e0-6e2f-4b4f-827d-6384634601bc,Maurice Henri De Villiers,5,,just love to netflex,0,9.75.0 build 5 64276,2026-07-25T18:37:19,,
Netflix,com.netflix.mediaclient,Entertainment,969bf98f-fbff-46ee-bc71-a0e5badc058d,Hema,1,,It's getting pricey and more pricey. Damn.,1,9.75.0 build 5 64276,2026-07-25T18:31:38,,
Netflix,com.netflix.mediaclient,Entertainment,a85a2588-b3b4-4783-8054-17e8658f3115,Genevieve Sturm,5,,I love that movie a lot in 2026,0,,2026-07-25T18:21:13,,
Netflix,com.netflix.mediaclient,Entertainment,ab56fcb9-179e-4525-a5fb-2e12b8c9a881,AYUSHSINGHRAJPUT,5,,nice shows to watch,0,,2026-07-25T17:53:52,,
Netflix,com.netflix.mediaclient,Entertainment,4157f6c3-9913-4de6-846a-3ff968e224ce,Mohan singh Singh,5,,Good,0,9.10.0 build 10 62444,2026-07-25T17:53:35,,
Netflix,com.netflix.mediaclient,Entertainment,1334a35e-cfcc-48d1-9c12-03e4187aebe2,Luke Price,5,,I love the world cup game please Netflix don't remove it I beg of you please it's my favorite,0,9.75.0 build 5 64276,2026-07-25T17:49:49,,
Netflix,com.netflix.mediaclient,Entertainment,466adeaa-5ad5-46a0-af76-39a68290faf0,khaled El Helaly,5,,fantastic 😍,0,9.75.0 build 5 64276,2026-07-25T17:42:37,,
Netflix,com.netflix.mediaclient,Entertainment,24433063-ec7f-4e26-9683-9e978a4db9c0,Jonathan M.,2,,whatever movie I wanted to watch is not there in Netflix why is that man,1,9.6.1 build 4 62312,2026-07-25T17:33:43,,
Netflix,com.netflix.mediaclient,Entertainment,348a8095-2213-4186-9279-b773d8cf7f29,amit shukla,5,,best app,0,9.75.0 build 5 64276,2026-07-25T17:23:27,,
Netflix,com.netflix.mediaclient,Entertainment,d2e18a5f-0425-4d06-8fd9-e3cac562dee5,Manzoor Ahmed,5,,very nice app,0,,2026-07-25T17:21:53,,
Netflix,com.netflix.mediaclient,Entertainment,b1dc8a35-e595-4963-a36a-983d7c838a7c,Danilo Ramos,1,,Since July 25 the app opens the netflix logo loads and then get stuck there...,1,9.76.0 build 10 64304,2026-07-25T16:59:15,,
Netflix,com.netflix.mediaclient,Entertainment,75fb9219-b138-4f6c-8305-97b6fbbab6c5,Muili Rukayat,5,,I'm happy,0,,2026-07-25T16:56:17,,
Netflix,com.netflix.mediaclient,Entertainment,f026f288-c8d5-4aa1-84a6-999f28f6ec36,Pascal67 Kande67,5,,I mean do I even have to explain,0,,2026-07-25T16:39:05,,
Netflix,com.netflix.mediaclient,Entertainment,8a49813e-be3b-4873-bd3c-f0029742fb29,Abegail Ledesma,5,,so good,1,9.76.0 build 10 64304,2026-07-25T16:35:25,,
Netflix,com.netflix.mediaclient,Entertainment,df8081f3-b207-4ac5-8c0b-57997d6b6ca9,Sushant Shetty,4,,"Best user friendly app. Could have more variety of movies though especially classic ones. Also, WWE Saturday night main event is not there so cannot get continuity.",0,8.91.1 build 10 50529,2026-07-25T16:27:34,,
Netflix,com.netflix.mediaclient,Entertainment,8b38c591-6b5a-4927-bd6d-74e2cd48fdc0,Qhal Zafran,5,,It's great,0,9.75.0 build 5 64276,2026-07-25T16:23:43,,
Netflix,com.netflix.mediaclient,Entertainment,d3371415-75e7-4365-8918-8174a3496cf6,Hannah Ntsako,1,,I can't even download to watch offline 😫😫😫very bad review,1,9.76.0 build 10 64304,2026-07-25T16:19:17,,
Netflix,com.netflix.mediaclient,Entertainment,eb40b9f7-e17b-4723-a830-1bc27aaf27bc,Dean Tomasello,5,,Netflix never disappoints!,0,9.75.0 build 5 64276,2026-07-25T16:14:25,,
Netflix,com.netflix.mediaclient,Entertainment,4b3b4e85-3266-4abe-b3fb-ae467a5be09a,Hina Raval,3,,I love how different version of love was shown . and each vesion is unique. but I would love if it would have finished by end . sometimes in life we don't get this much time to wrap our feelings ..life is quick and sometimes harsh ..its not need to be complex to be great,0,9.74.0 build 5 64252,2026-07-25T16:03:54,,
Netflix,com.netflix.mediaclient,Entertainment,7588803a-9799-4049-96e2-5cb7067600f9,ANSH,1,,NO YOGESH BO LOCKUPP...samjheee netflix..😒,1,,2026-07-25T15:54:52,,
Netflix,com.netflix.mediaclient,Entertainment,88356af9-5c1e-47b0-bfcf-7c1be3a9dd30,Mumto2boys,5,,GA (Good App),0,,2026-07-25T15:53:25,,
Netflix,com.netflix.mediaclient,Entertainment,84065f8f-a0b4-49ad-bacc-b2b440d9db32,Manish,5,,the app was good and the best thing the costumer care is very supportive,0,8.143.5 build 19 52400,2026-07-25T15:48:14,,
Netflix,com.netflix.mediaclient,Entertainment,403c41dc-02e3-4955-a752-8de45624b9fc,Avika Gupta,5,,good movies,0,9.76.0 build 10 64304,2026-07-25T15:39:04,,
Netflix,com.netflix.mediaclient,Entertainment,e1801c5c-f001-46df-a659-59bbcf9d5f1b,Tibereta Timeon Imo,5,,very interesting,0,9.76.0 build 10 64304,2026-07-25T15:38:07,,
Netflix,com.netflix.mediaclient,Entertainment,638fc028-5124-459f-9d64-0516217e06f5,Ayesha Yasmeen,1,,it's not free,0,9.76.0 build 10 64304,2026-07-25T15:37:13,,
Netflix,com.netflix.mediaclient,Entertainment,fbccdeec-b580-4c1c-8c2f-f0eb710bfd89,Dionerys,5,,I love it,0,8.143.5 build 19 52400,2026-07-25T15:33:07,,
Netflix,com.netflix.mediaclient,Entertainment,8d40ac57-9e8c-4225-bf6c-627bbb54eeeb,Brijoo Briee,1,,TERRIBLE,1,,2026-07-25T15:18:44,,
Netflix,com.netflix.mediaclient,Entertainment,74da1b2b-3240-44b5-bbec-1e3b3adbf89b,OWOBU FAITH HOSSANA,5,,Sweet app. Easy user interface and experience.,0,8.134.1 build 10 50872,2026-07-25T15:15:04,,
Netflix,com.netflix.mediaclient,Entertainment,30ac477d-b11f-40b1-b1af-3524650a1c82,Deravar Singh Bhati,5,,good,0,9.74.0 build 5 64252,2026-07-25T15:13:02,,
Netflix,com.netflix.mediaclient,Entertainment,91e556cc-568f-443b-98db-8ea47555a033,Muhammad Abdullah,1,,we need 2x video speed in Netflix 😭😭😭,1,9.75.0 build 5 64276,2026-07-25T15:07:47,,
Netflix,com.netflix.mediaclient,Entertainment,648f5799-44f4-4828-aae8-eeaee97443a1,Chandana Shree,5,,"Good quality, better than Amazon Prime. Everything is free. We can download those movies and series and watch without net, whereas on Amazon Prime we have two see ads.",0,,2026-07-25T14:51:37,,
Netflix,com.netflix.mediaclient,Entertainment,8a0c25e4-b7fa-4907-9dae-d0af660f9d8e,Jyoti Pandey,1,,very bad 😞😞😞😞,1,,2026-07-25T14:37:21,,
Netflix,com.netflix.mediaclient,Entertainment,29099eb2-3be1-4bfd-89a6-67aaca1df143,Tasmeet,1,,"The content available is very little, especially in horror",0,,2026-07-25T14:35:44,,
Netflix,com.netflix.mediaclient,Entertainment,224a01c7-301d-4401-af24-acddae5fdd5c,Rajarshi Paul,5,,it's nice add free app for movies and web series,0,9.75.0 build 5 64276,2026-07-25T14:23:06,,
Netflix,com.netflix.mediaclient,Entertainment,e05d3524-fa5b-4b89-bbbb-6b86b5c1acfc,Jacob Farnan,5,,such a great free move app,0,9.75.0 build 5 64276,2026-07-25T14:10:34,,
Netflix,com.netflix.mediaclient,Entertainment,95be54ab-1257-4889-9b1e-1d3f77d5bc76,Shane Campbell,5,,really great! for a foreign series tht aren't normally so good?? This really is quite well done and a enjoyable way if seeing how a French version of S.W.A.T pretty much? operate and solve a missing explosive case and the following catastrophe that ensues as a result of them being used for terrorism against them! won't say to much more! but not a bad watch at all!,0,,2026-07-25T14:08:12,,
Netflix,com.netflix.mediaclient,Entertainment,acebc44c-7697-4152-b079-cbb654714178,Asmatanveerasma Asmatanveerasma,5,,good,0,,2026-07-25T14:03:45,,
Netflix,com.netflix.mediaclient,Entertainment,965953f8-2f34-474d-8f98-711a07fbfbe6,ARH78,1,,over priced canceled subscription old movies tv shows nothing i can't watch eles where for free,1,8.101.1 build 7 50601,2026-07-25T14:00:40,,
Netflix,com.netflix.mediaclient,Entertainment,0c52c1df-bd0b-4107-93cf-636e8465bc21,Sara Diaz,5,,I love all Asian dramas. I didn't think they were that good. but the movies are 🔥🔥,0,9.75.0 build 5 64276,2026-07-25T14:00:30,,
Netflix,com.netflix.mediaclient,Entertainment,8968b1e6-2f57-4568-a0fa-436bd1ebeb34,Rudransh Mishra,5,,thanks to wwe 2k25 free main Dene k liye,0,9.75.0 build 5 64276,2026-07-25T13:48:58,,
Netflix,com.netflix.mediaclient,Entertainment,279d7849-e68c-4f04-8658-2982f453b1ee,Devanandhan,5,,guddd,0,9.75.0 build 5 64276,2026-07-25T13:36:33,,
Netflix,com.netflix.mediaclient,Entertainment,4e79ebf5-1fe1-4359-a178-fc7980aff7ea,N Sawant,1,,"payme process is very complicated, make a payment process easy",1,9.76.0 build 10 64304,2026-07-25T13:23:07,,
Netflix,com.netflix.mediaclient,Entertainment,94b10a23-658e-43be-a4b2-fd2320306c07,Vyshak Pm,5,,superb 💯,0,9.75.0 build 5 64276,2026-07-25T13:12:14,,
Netflix,com.netflix.mediaclient,Entertainment,1025dab2-b1c9-4f76-870c-c0d63cc6a1af,Olavi,4,,only thing missing for giving Netflix five stars would be if they given us access to the global film and series catalogue.,1,9.75.0 build 5 64276,2026-07-25T13:11:08,,
Netflix,com.netflix.mediaclient,Entertainment,1317ff61-727e-4677-8719-d1510eb0fdaf,Misbah Ali,4,,great paid app but the 450 version with add is not good buy the standard version if you can,1,9.76.0 build 10 64304,2026-07-25T13:02:49,,
Netflix,com.netflix.mediaclient,Entertainment,fa981ee3-b520-4b99-8842-f1befa4bdd96,Athenkosi Kolawole,4,,it is very nice just that there are alot series that one would love to watch but are on other platforms but most of all I love..love..love Netflix 🌹,0,9.76.0 build 10 64304,2026-07-25T12:52:45,,
Netflix,com.netflix.mediaclient,Entertainment,b0884e25-6eb4-4f63-85e2-20156196d3fc,Kartik Gautam,4,,it says remove downloads from another i did but it still does not let me download fix this anyways I took 1 star for this,1,9.76.0 build 10 64304,2026-07-25T12:51:21,,
Netflix,com.netflix.mediaclient,Entertainment,3e650d9d-ea12-49c2-832e-db8016161fe2,Og Kgatisho,3,,playback problems😪,1,9.75.0 build 5 64276,2026-07-25T12:47:22,,
Netflix,com.netflix.mediaclient,Entertainment,df34010c-ea4a-4303-a63a-0e9d8e8d112d,Nikhil Nadimidoddi,5,,love it,1,9.70.1 build 7 64208,2026-07-25T12:39:10,,
Netflix,com.netflix.mediaclient,Entertainment,520f658f-1069-4752-a4a3-3e163f988564,Oyuru King Amos,4,,i loved it but when i signed into my account and searched up Harry potter it sayed that it wasnt available please fix this. Anyway it was a wonderful experience,1,9.75.0 build 5 64276,2026-07-25T11:48:48,,
Netflix,com.netflix.mediaclient,Entertainment,6d8f205c-6ab8-4ce2-8655-8141920e407f,Christy McGinnis,5,,Loves when have new movies come out cool.,0,9.75.0 build 5 64276,2026-07-25T11:45:31,,
Netflix,com.netflix.mediaclient,Entertainment,33af28b6-9af2-4955-b49c-425da8947a7e,Ayub Khan,5,,nice app,2,9.75.0 build 5 64276,2026-07-25T11:31:13,,
Netflix,com.netflix.mediaclient,Entertainment,5e0119ce-148e-4ec3-9a97-f23ba8bbfa3d,Kanka Sarkar,5,,ok,1,9.76.0 build 10 64304,2026-07-25T11:26:42,,
Netflix,com.netflix.mediaclient,Entertainment,fb89b320-2984-4381-99ce-e8d6b3570a3d,Monu Pandey,4,,nice,1,9.75.0 build 5 64276,2026-07-25T11:15:42,,
Netflix,com.netflix.mediaclient,Entertainment,ac27c54f-f3d4-404f-a9e5-111c1c91d341,Vishal N,5,,All Time Entertainment King 👑,1,9.75.0 build 5 64276,2026-07-25T11:14:22,,
Netflix,com.netflix.mediaclient,Entertainment,da737a7b-aff5-4bcd-b0e9-9cd4eeacb640,Juels Pixley,5,,grreat,1,9.76.0 build 10 64304,2026-07-25T11:11:44,,
Netflix,com.netflix.mediaclient,Entertainment,20cbcc80-ddce-466e-848e-259cefe1dbd3,Joseph Merciales,5,,awesome 😎,1,9.72.0 build 3 64216,2026-07-25T11:05:08,,
Netflix,com.netflix.mediaclient,Entertainment,76792abd-eead-4af2-b06d-d5cc378c0b21,Wan muhammad firdaus Wan Rizuan,5,,"Fantastic streaming platform with a wide variety of movies, TV shows, and documentaries. The interface is easy to use, and the streaming quality is excellent.",1,,2026-07-25T10:59:58,,
Netflix,com.netflix.mediaclient,Entertainment,d1aff9a2-02cc-4af0-ad77-e6cd8ea3762b,Bruce Cowley,3,,"the algorithms give me awful, violent and banal films",0,9.75.0 build 5 64276,2026-07-25T10:57:35,,
Netflix,com.netflix.mediaclient,Entertainment,af44f476-f3a7-45d5-8527-33337f8c2c1a,Muhammad Ahmad,5,,Love this application ❤️,1,9.75.0 build 5 64276,2026-07-25T10:53:45,,
Netflix,com.netflix.mediaclient,Entertainment,531cf8e1-cd99-4943-9916-756fc6a82369,Conrad Stephens,5,,my favorite app. period.,1,9.75.0 build 5 64276,2026-07-25T10:47:50,,
Netflix,com.netflix.mediaclient,Entertainment,3cf24ddc-a574-409c-a5cb-99f2008f4932,P B,1,,"Don't even bother with ADflix, you already have to pay to use the app and then pay extra for NO ADs.",1,,2026-07-25T10:37:42,,
Netflix,com.netflix.mediaclient,Entertainment,eeb7e685-579b-4ea7-9155-b8c5571d1faa,Parminder Kumar,5,,done 👍,1,9.75.0 build 5 64276,2026-07-25T10:27:39,,
Netflix,com.netflix.mediaclient,Entertainment,32bb8572-913f-4ee1-8b99-c4793bb8d117,Bhat Waris,5,,acche app hai,1,,2026-07-25T10:24:03,,
Netflix,com.netflix.mediaclient,Entertainment,6468dce4-c2af-49d0-9251-4ff5bac8ed05,Javon DeSue,4,,really think Netflix should start selling some of their movies and shows on Blu-ray,1,9.76.0 build 10 64304,2026-07-25T10:04:15,,
Netflix,com.netflix.mediaclient,Entertainment,7777d268-caad-4363-ab50-8598612a76cf,ANKIT SHARMA,4,,Best,1,9.76.0 build 10 64304,2026-07-25T09:58:23,,
Netflix,com.netflix.mediaclient,Entertainment,37d9f1bc-19a7-4073-b474-7e7a737afc83,Wasif Trader,5,,very good 👍,0,9.73.0 build 7 64240,2026-07-25T09:58:21,,
Netflix,com.netflix.mediaclient,Entertainment,b1fe91df-061c-4195-8514-3e909ed82b40,Elna Rivera,5,,Me Facina Netflix La Mejor Plataforma Para Mirar Series y Peliculas,0,9.76.0 build 10 64304,2026-07-25T09:53:28,,
Netflix,com.netflix.mediaclient,Entertainment,a23dbea7-92de-4924-b34e-4416f282b8a1,shubham kamboj,1,,somthing bad experience,0,9.75.0 build 5 64276,2026-07-25T09:38:20,,
Netflix,com.netflix.mediaclient,Entertainment,5c7a1f4f-3138-45f1-865a-871e9c1894c9,Julie Ello,5,,nice app,0,9.75.0 build 5 64276,2026-07-25T09:15:14,,
Netflix,com.netflix.mediaclient,Entertainment,fbabe025-790d-43e4-a6b6-ec57a27a48ac,Aubree Sheffer,5,,love this app if you love drama then you need it and kids shows ovy,0,9.75.0 build 5 64276,2026-07-25T09:14:51,,
Netflix,com.netflix.mediaclient,Entertainment,8ab6aa26-a77b-40cb-bf15-b636cab6c1f4,MariaVictoria Basto,5,,👍,0,,2026-07-25T09:11:10,,
Netflix,com.netflix.mediaclient,Entertainment,005917c8-3d22-43d1-ba67-db9626b3e5d5,Norhafidzi Ahmad Rafaai,5,,"Netflix continues to lead the video streaming space with its vast, diverse library of high-quality original series, movies, and documentaries. The clean, intuitive user interface makes browsing effortless, and features like offline downloads and smart profile management ensure a tailored entertainment experience for everyone in the household.",0,,2026-07-25T09:01:56,,
Netflix,com.netflix.mediaclient,Entertainment,44921508-6f5e-41cb-8764-c33fda15bc7f,Orlando Arroyo,5,,love it but don't love the rise in price.,0,9.50.2 build 8 63832,2026-07-25T08:48:35,,
Netflix,com.netflix.mediaclient,Entertainment,0c2196a5-a5de-4979-9bc8-65e87df4cff7,Berni Escobar,5,,beautiful,0,8.96.1 build 16 50568,2026-07-25T08:48:16,,
Netflix,com.netflix.mediaclient,Entertainment,d7eb11cd-d089-4392-a749-650f7d8d238b,X,5,,.Netflix & Chill.,0,9.48.0 build 5 63768,2026-07-25T08:47:00,,
Netflix,com.netflix.mediaclient,Entertainment,5734d923-3964-4bf7-a74b-c40ab222cc2c,Nutan Kadam,1,,download not working even with high quality internet i can't see any episodes waste of money,1,9.76.0 build 10 64304,2026-07-25T08:42:07,,
Netflix,com.netflix.mediaclient,Entertainment,4507d37f-0dc8-4da9-ad16-dfeb3b5f6d8d,Munna BaBu,5,,super 👌 👊,0,9.0.0 build 4 62028,2026-07-25T08:41:35,,
Netflix,com.netflix.mediaclient,Entertainment,168823b1-3ec6-4349-ac4b-08ea8dfab59e,veroneca dave,5,,Netflix is a great app for Adult like me I Enjoy Watching movies with my Friend the guality of Lightning is good for me I Love it ❤,0,9.76.0 build 10 64304,2026-07-25T08:01:40,,
Netflix,com.netflix.mediaclient,Entertainment,d231f2cd-c646-4f7d-97d7-eef739b91b81,Jurgen Schmerler,3,,limited selection,0,,2026-07-25T07:58:07,,
Netflix,com.netflix.mediaclient,Entertainment,f0174bf5-7fdd-4cbd-a73d-50d472efc385,Stephen Hopkins,1,,no sound on multiple shows like ranson canyon im paying for a subscription and its the 4th show im trying to watch that has no voice to the actors.... very disappointed not worth it if that is the case .,0,9.42.0 build 8 63616,2026-07-25T07:54:10,,
Netflix,com.netflix.mediaclient,Entertainment,8cf2c433-6c29-4089-aaef-56d28c2a7916,gary parr,1,,"There's more ads on here than there is on TV, £7 to get rid of the ads i smell a rip off so let's hope I'll be watching it for only a week",0,9.75.0 build 5 64276,2026-07-25T07:44:15,,
Netflix,com.netflix.mediaclient,Entertainment,d2414638-487f-432c-b2f4-4e77e9b24d12,Louise Harry,5,,love ❤️ it,0,,2026-07-25T07:43:21,,
Netflix,com.netflix.mediaclient,Entertainment,dd908b27-ef0a-401a-96dd-bc9f3deb224a,Michael Angelo esquillo Amarante,5,,thank you for free subscription for this July 2026 more free subscription before year end also next year hope this is reading by uploader of movies and series I want to request a movie to watch there,0,9.75.0 build 5 64276,2026-07-25T07:40:58,,
Netflix,com.netflix.mediaclient,Entertainment,ae24836b-efb8-4d84-8f6e-fb1bace18b8f,James W Hayes Jr,5,,"I Like The Application functionality and Fluid Movement And Attractive Interface and the variety of movies and entertainment. Thanks, Netflix Team members!👍🤝🇺🇸😎",0,,2026-07-25T07:33:11,,
Netflix,com.netflix.mediaclient,Entertainment,4381be32-be7e-49f8-ad1c-8780aee4dc6b,Joshua,5,,Cannot wait for Season 2!!,0,9.75.0 build 5 64276,2026-07-25T07:25:06,,
Netflix,com.netflix.mediaclient,Entertainment,d704f239-8427-4ce1-a379-92d1673b7d82,Mesuli Mlomzale,5,,it's very perfect,0,9.76.0 build 10 64304,2026-07-25T06:51:19,,
Netflix,com.netflix.mediaclient,Entertainment,20d231c4-d33d-4a2e-b9f4-95b952c5c0a7,Diksha Mittal,4,,good 👍,0,9.73.0 build 7 64240,2026-07-25T06:47:51,,
Netflix,com.netflix.mediaclient,Entertainment,5e0b33bb-667f-44e0-b367-38da832ef707,Johny G,3,,$27 for Premium Netlfix is absolute robbery.,0,9.76.0 build 10 64304,2026-07-25T06:33:32,,
Netflix,com.netflix.mediaclient,Entertainment,8d53c99c-bd7b-4422-a133-bc981fb5a923,Lex,4,,very good...but felt like a minor league version of slow horses,0,8.116.0 build 8 50690,2026-07-25T06:14:22,,
Netflix,com.netflix.mediaclient,Entertainment,01b98764-56c7-4700-84fb-5d43e0af4e06,kryptic “Krypticv.2”,3,,to many ads,0,8.86.0 build 6 50506,2026-07-25T06:12:43,,
Netflix,com.netflix.mediaclient,Entertainment,dc0a2d8f-90da-4e1f-a871-591662a7401a,Cindy Butler,5,,I love the shows and movies very well in variety,0,9.75.0 build 5 64276,2026-07-25T05:54:13,,
Netflix,com.netflix.mediaclient,Entertainment,f20c3e2b-ba1f-4dec-8be3-6e8a2fba0166,Scott MacFarlane,5,,Netflix is one of the biggest streaming apps on the market. It's also one of the best it has something for everyone. It is good value for your dollar. I have all the streaming platforms but Netflix is the main one I use for non Christian content.,1,9.54.0 build 8 63892,2026-07-25T05:54:06,,
Netflix,com.netflix.mediaclient,Entertainment,babc9f30-e635-4a83-9b12-f79ad49bec2f,ஆலன் ஜோஸ்வா,5,,I am watching in wwe all live events,0,,2026-07-25T05:54:06,,
Netflix,com.netflix.mediaclient,Entertainment,3be3988d-a77c-40ca-8c33-e20ad9530887,Nizar Rimawi,5,,good,1,9.72.0 build 3 64216,2026-07-25T05:50:45,,
Netflix,com.netflix.mediaclient,Entertainment,1e84d61b-3922-4652-a332-585ca197b80e,Jace Glover,4,,I haven't played on not played but watch a movie on it but I'm pretty sure it's fun to watch videos on,0,9.76.0 build 10 64304,2026-07-25T05:36:46,,
Netflix,com.netflix.mediaclient,Entertainment,399086ac-2838-4cc5-b149-206a765a8880,Kelvin Byson,5,,sweet App 🔥👑💯,1,9.58.0 build 5 63968,2026-07-25T05:28:06,,
Netflix,com.netflix.mediaclient,Entertainment,aec42490-b40b-42ed-888a-963a5403a1f4,Bertram Bauer,2,,Removing casting is absolutely bs,0,8.9.1 build 14 40080,2026-07-25T05:08:01,,
Netflix,com.netflix.mediaclient,Entertainment,57e49456-8f0e-4bdc-99aa-8000d910ac51,Nyssa Herrin,1,,"Dear Netflix, Do you know how barbaric it is to remove Voltron: Legendary Defenders. You people only care about money and misery. Voltron: Legendary Defenders is not only the greatest show ever created but the star of a new generation. It is outrageous for you to remove. I know damn well that show was not that bad for you to take it off. It was the best show ever. Netflix I will never forgive you for putting me in this permanent state depression. Please bring Voltron back.",0,9.75.0 build 5 64276,2026-07-25T04:59:12,,
Netflix,com.netflix.mediaclient,Entertainment,253ef967-c00f-424c-a74b-f11b5f3cda98,Randy Magdaraog,3,,good 👍🏿,0,9.75.0 build 5 64276,2026-07-25T04:30:41,,
Netflix,com.netflix.mediaclient,Entertainment,0f5f1533-a1ee-4012-993d-047e67efe530,Rob Rausch,1,,"No longer worth the cost. The selection is poor, their original shows are no longer interesting or they take years to release new seasons. I paused my subscription and now get daily emails that they've ""added something that might interest me"" and it's obvious they have no clue what I like. I also don't care what people in my area are watching. The recommendations are awful. I've been a subscriber since the original DVD mail days, but the price increases make it a no brainer to cancel.",1,9.75.0 build 5 64276,2026-07-25T04:29:30,,
Netflix,com.netflix.mediaclient,Entertainment,4e8acdf2-5df5-4d6c-8143-62b082d4957b,Kacper Kozak,1,,"Usunięcie konta to jakiś żart, schowane jak się da za milionem potwierdzeń. Nigdy więcej nie zaufam tej platformie jak robi takie rzeczy.",0,9.75.0 build 5 64276,2026-07-25T04:15:33,,
Netflix,com.netflix.mediaclient,Entertainment,b63c012b-5304-4dac-bb20-f65dd3d254f2,Vasyl Horodetskyi,1,,"Aggresive ad, impossible watch films",1,,2026-07-25T04:08:32,,
Netflix,com.netflix.mediaclient,Entertainment,2386d41a-fa7d-4855-9710-6222cff03e25,Michele Belaatel,5,,all good,0,9.75.0 build 5 64276,2026-07-25T03:52:33,,
Netflix,com.netflix.mediaclient,Entertainment,25d3a34e-9bb0-4d00-8d3f-ede3604163ed,anklebiter,1,,too expensive and I do not wsnt to do the email thing,0,,2026-07-25T03:48:53,,
Netflix,com.netflix.mediaclient,Entertainment,4e18853c-c53a-4ff1-845c-5a6af425e6cf,Doris Darnell,5,,Fantastic,1,8.20.0 build 12 40171,2026-07-25T03:47:44,,
Netflix,com.netflix.mediaclient,Entertainment,6ff43824-d09d-4443-a852-87ce5d200fba,Michael Pecorale,5,,too easy and convenient,1,9.69.0 build 4 64164,2026-07-25T03:25:02,,
Netflix,com.netflix.mediaclient,Entertainment,8cda3dd1-2b08-488c-ac4e-566b314e781d,Kellie Dailey,5,,All ways got something for everyone,1,9.42.0 build 8 63616,2026-07-25T03:20:15,,
Netflix,com.netflix.mediaclient,Entertainment,4a3dfe88-741e-45c2-ae01-b626ad130818,Innocent Sifiso,5,,great.,1,,2026-07-25T03:18:36,,
Netflix,com.netflix.mediaclient,Entertainment,e4c15662-1cfa-4827-9c47-3dcb7fcba89e,Dumitru Balaci,5,,"I will keep my subscription with Netflix as long as ads are not present as this is why Netflix is above competitors for me. Asian movies, series and anime are my favourite and they have a good selection! 5 Star from me!",0,8.93.1 build 4 50540,2026-07-25T03:12:09,,
Netflix,com.netflix.mediaclient,Entertainment,b29e6dec-df53-4f44-a30e-9372e73b2b84,Sandeep Chauhan,1,,only hype,0,,2026-07-25T02:33:42,,
Netflix,com.netflix.mediaclient,Entertainment,072de01c-1ed2-42d5-9183-aee1f2ed02fb,Mary Bangert,5,,love Netflix ❤️,1,,2026-07-25T02:21:54,,
Netflix,com.netflix.mediaclient,Entertainment,e82e8a40-ef2c-460c-b287-442c23e34369,Joseph Torgerson,5,,This show is amazing! I got hooked right away just by watching one clip. I'm already waiting for season two.,0,9.74.0 build 5 64252,2026-07-25T02:21:33,,
Netflix,com.netflix.mediaclient,Entertainment,d3dad663-4bec-4572-8a19-2f8db9975edb,Mari HattonHaynes,5,,This movie should of won BEST CHOREOGRAPHY! Stunning,0,9.75.0 build 5 64276,2026-07-25T02:21:22,,
Netflix,com.netflix.mediaclient,Entertainment,d1dc8284-4644-406e-bdc7-794523546dfc,Ina Nieuwoudt,5,,been good before7,0,9.73.0 build 7 64240,2026-07-25T02:21:22,,
Netflix,com.netflix.mediaclient,Entertainment,ffe0d6cd-83c1-4beb-b016-783e1eaa6239,Sange Sivuyisiwe Zilindlovu,5,,best,0,9.75.0 build 5 64276,2026-07-25T01:40:17,,
Netflix,com.netflix.mediaclient,Entertainment,5514f0c0-4c31-4d66-8915-fc65b0bacc95,Deepak Koriya,5,,❤️❤️❤️❤️❤️,0,9.74.0 build 5 64252,2026-07-25T01:38:15,,
Netflix,com.netflix.mediaclient,Entertainment,d50078e7-750f-40d1-a7b9-18b1cddd650c,Jenei Zoltan (Zolydream),5,,great,0,,2026-07-25T01:37:59,,
Netflix,com.netflix.mediaclient,Entertainment,07ed9d79-7d88-462f-9513-d4f77562ce14,David Raschen,4,,"Has everything you want when not looking, when looking, never there.",0,9.47.0 build 2 63732,2026-07-25T01:36:11,,
Netflix,com.netflix.mediaclient,Entertainment,44f2145d-320b-42fd-b979-6adcf41cacf5,Nadia Fester,4,,Nowadays it doesn't have many of the old movies that I like and now I can't watch that old movies that i like,0,,2026-07-25T01:32:45,,
Netflix,com.netflix.mediaclient,Entertainment,0c9d5288-b077-49d2-bdfe-d181a8cac2b1,Mawulikplimi . G,2,,I would like Netflix to allow that you can pay your subscription fee through mobile money. it will be helpful to peoples like me thank you,0,,2026-07-25T01:23:11,,
Netflix,com.netflix.mediaclient,Entertainment,3276a03b-70f1-42d0-acff-45acbac548c8,N Madhusudhanreddy,5,,superb movie,0,9.75.0 build 5 64276,2026-07-25T01:12:54,,
Netflix,com.netflix.mediaclient,Entertainment,8525d83d-a1da-4b90-b706-28bb27370198,Purrtylil Kbear,1,,Netflix you better watch what you're doing. we the people can win against Netflix because your evilness is full of stupidity.,0,9.66.0 build 13 64116,2026-07-25T01:11:56,,
Netflix,com.netflix.mediaclient,Entertainment,47e7caa3-72ba-4afb-bdf3-4fbdc212a6c3,"साइबर सोलुशन, कचहरी रोड, हाजीपुर, वैशाली, बिहार",1,,Not in hindi more content,0,9.74.0 build 5 64252,2026-07-25T00:27:57,,
Netflix,com.netflix.mediaclient,Entertainment,9566c362-2d9e-4901-9a9b-c1fd4380a0a7,Narinder Kaur,5,,interesting,0,9.75.0 build 5 64276,2026-07-25T00:18:47,,
Netflix,com.netflix.mediaclient,Entertainment,ad6f702c-e679-47b4-97b1-f44891b0eccf,Adhi,2,,"Can you give the freedom to reduce the brightness as per my conviniemce? I can't binge watch at all during night, it is so bright and frustrating, even the night light and lowest point of brightness doesn't help",1,9.75.0 build 5 64276,2026-07-25T00:15:11,,
Netflix,com.netflix.mediaclient,Entertainment,e1f5c194-2958-4d5c-9f87-70b7629a78e5,Rp’s S,5,,"thanks, Neflix, for all these films from all over the world , I have known a lot of new actors and different styles of movies and series from different cultures, thx",0,,2026-07-25T00:12:06,,
Netflix,com.netflix.mediaclient,Entertainment,2f5fa535-7200-4187-aca8-bd7be44a9b18,Sunil Dash,3,,not working 😭😭😭 this app reporting play store me' delete karo,0,,2026-07-24T23:47:58,,
Netflix,com.netflix.mediaclient,Entertainment,f8790450-0f3c-468a-ab58-55c0138c1f53,bharathi dasan,5,,Best app for entertainment,0,9.75.0 build 5 64276,2026-07-24T23:44:12,,
Netflix,com.netflix.mediaclient,Entertainment,73a9da76-d19f-4ed5-866a-e8eed1539156,Nur Islam,1,,পয়সা ছাড়া কিছু নয়🥲,0,,2026-07-24T23:42:34,,
Netflix,com.netflix.mediaclient,Entertainment,3a06b065-cb0b-4b07-bbc1-ef1c35ef9c47,GalaxyWolf 666,3,,"Theres SO MANY ads nowadays. Less than a year ago I could watch for a couple hours and see maybe 1 ad, now there's atleast 4 every 20 mins😭",0,9.75.0 build 5 64276,2026-07-24T23:41:48,,
Netflix,com.netflix.mediaclient,Entertainment,f61309f7-981a-4f5b-8be8-f45e0ef1db06,Johannes Maimela,5,,Game me all the shows I could watch,0,9.68.0 build 2 64148,2026-07-24T23:38:25,,
Netflix,com.netflix.mediaclient,Entertainment,4640c707-cf94-43d8-b934-ad1c510f02d3,Jessica Callies,5,,very funny never a dull moment part two needs to happen soon,0,9.75.0 build 5 64276,2026-07-24T23:37:42,,
Netflix,com.netflix.mediaclient,Entertainment,f59ff60e-2ff6-4ea5-9d87-dfa1cabec2a2,Aimen Noor,1,,"it's a great app but can you please include the series, movies and animated series that are worth watching cause its so stressful that the movie you want to watch isn't here 😔 so please Are you guys really serious how come you don't have a single good movie with an actual plot but the popular ones 🤨",0,,2026-07-24T23:20:58,,
Netflix,com.netflix.mediaclient,Entertainment,a4239e60-833b-4cc3-8e69-0f523d908c39,Sami Ulllah,5,,very good app,0,9.75.0 build 5 64276,2026-07-24T23:18:54,,
Netflix,com.netflix.mediaclient,Entertainment,8ac52221-db75-434e-9361-51146c6e78e6,Carl Ard,5,,tons of great movies & sports at a affordable price.,0,9.75.0 build 5 64276,2026-07-24T23:12:05,,
Netflix,com.netflix.mediaclient,Entertainment,6c3ca771-da5c-4011-b312-a6ae4f5e865b,Name Here,1,,the TV version They finally got rid of that new update with the info play button and removed from list on top of the thumbnail but then they updated it again to another stupid UI Go back to the original page already it was fine,2,9.75.0 build 5 64276,2026-07-24T23:10:01,,
Netflix,com.netflix.mediaclient,Entertainment,34ba44b6-fef2-4acc-8ad6-c63a733a3804,Gwendolyn Tyler,1,,unable to reach a person regarding membership,0,,2026-07-24T22:51:24,,
Netflix,com.netflix.mediaclient,Entertainment,ba0964db-1c5b-4764-ad83-0680af6ffa23,Mousumi Pal,4,,Why are korean dramas not Hindi dubbed in my account?,0,9.74.0 build 5 64252,2026-07-24T22:50:27,,
Netflix,com.netflix.mediaclient,Entertainment,cc271c5a-f306-4830-8e54-3834b8669649,Asc havan,1,,kahi kamachi nahi,0,9.75.0 build 5 64276,2026-07-24T22:49:49,,
Netflix,com.netflix.mediaclient,Entertainment,0066fa1d-2a64-4391-803f-c020088be932,Pleasure Regionald,5,,good app,0,9.67.1 build 11 64144,2026-07-24T22:47:41,,
Netflix,com.netflix.mediaclient,Entertainment,f6acebbe-a9a3-46e9-a407-e1c125f9359d,Healthy Homes,5,,"It was actually entertaining movie.Had a few ridiculous spots in it, but overall it was actually really good.Kat williams and kevin hart actually make a pretty good duo.It was really entertaining, and I would watch it again",0,8.143.5 build 19 52400,2026-07-24T22:42:26,,
Netflix,com.netflix.mediaclient,Entertainment,d40537ad-928a-4e5f-b0ca-e4bc7e54ee6d,Jennifer martinez,5,,"I really loved this movie. it has a little of everything love, laughter and sad. but perfectly combined to each other!",0,7.76.1 build 9 35139,2026-07-24T22:39:57,,
Netflix,com.netflix.mediaclient,Entertainment,d36a9f59-82e5-4257-bb15-1e725e03a6fe,Mabudha Thibakgwana,5,,.So this app helps me a lot cause I can find movies and series that are relatable to me and I enjoy most of my time here,0,9.75.0 build 5 64276,2026-07-24T22:38:21,,
Netflix,com.netflix.mediaclient,Entertainment,f6599e42-acc6-451f-a324-a05abdb34245,winston mulenga,5,,perfect,0,9.75.0 build 5 64276,2026-07-24T22:28:31,,
Netflix,com.netflix.mediaclient,Entertainment,cbd3865a-2442-49cb-97f0-03ce628a31b5,Nanit Singh,3,,Good but need to improve in the UI,0,9.75.0 build 5 64276,2026-07-24T22:18:45,,
Netflix,com.netflix.mediaclient,Entertainment,dab6fc16-b42f-4803-a6e2-444f422ea0cb,Izak Snyman,5,,this is so gooooooood 💕👍,0,,2026-07-24T22:18:10,,
Netflix,com.netflix.mediaclient,Entertainment,f549bfc4-7bd8-45ad-8758-5bc2f4c35d62,Simeon Petrov,5,,I love my Netflix. 🖤🖤🖤,0,9.42.0 build 8 63616,2026-07-24T22:17:34,,
Netflix,com.netflix.mediaclient,Entertainment,f8e3f16a-1751-464f-9118-bee01c76c898,Tukeshwar Baiga,5,,very good 😊😊😊😊,0,9.75.0 build 5 64276,2026-07-24T22:15:57,,
Netflix,com.netflix.mediaclient,Entertainment,d21f2ea5-ba3d-4d43-8d62-d46d21ab5724,MOHD MISBAHUL HAQUE,5,,the Lockupp show is too much fun and laila the most funniest person ever in This show And shilpa and shreya the worst person .,1,8.143.4 build 18 52208,2026-07-24T22:15:13,,
Netflix,com.netflix.mediaclient,Entertainment,73c778a8-bdd2-456f-b6d6-2c4e4a05c737,Josiah Vargas,5,,great,0,9.75.0 build 5 64276,2026-07-24T22:15:03,,
Netflix,com.netflix.mediaclient,Entertainment,37e11bc9-748a-4d7d-80f8-2533f0dc02e9,Tanya Schwinn,3,,expensive,0,8.101.1 build 7 50601,2026-07-24T22:07:34,,
Netflix,com.netflix.mediaclient,Entertainment,84f67e51-62fc-47c6-8cbc-1e7e90968637,Adedotun Moses,3,,good,0,9.74.0 build 5 64252,2026-07-24T22:07:08,,
Netflix,com.netflix.mediaclient,Entertainment,0cac57ba-925c-4d2f-96bd-e431d8d4abda,Ankit Tekam,5,,good,0,9.71.1 build 8 64212,2026-07-24T22:01:32,,
Netflix,com.netflix.mediaclient,Entertainment,914e477b-05e4-4709-a18b-23a0b65ce472,Mohan Passi,5,,so sweet,0,,2026-07-24T21:54:30,,
Netflix,com.netflix.mediaclient,Entertainment,ce2815cd-e7b3-4c5c-a912-c34a9e7bbd85,Pradeep Tiwary,1,,givey money back worst ihave already recharge they say recharge i recharge so why i recharge scam don't want to send any money .be carefull to all,0,9.75.0 build 5 64276,2026-07-24T21:50:53,,
Netflix,com.netflix.mediaclient,Entertainment,390947c5-9bed-4e8c-816e-2c15f0457e9e,Jackson King,5,,I love it,0,,2026-07-24T21:50:02,,
Netflix,com.netflix.mediaclient,Entertainment,ed45728d-661a-449f-a684-f4b59489fb0c,Sbusiso Ndaba,5,,Very good and exciting app wow,0,9.76.0 build 10 64304,2026-07-24T21:48:01,,
Netflix,com.netflix.mediaclient,Entertainment,53ef75d9-c8aa-4891-9141-f10ad6f079ab,Suresh jangid,5,,good good,0,,2026-07-24T21:45:28,,
Netflix,com.netflix.mediaclient,Entertainment,93e464fb-efcb-4c83-b6c0-419a5665a078,Adam Hooper,2,,it not loading it just black screen i cant watch no serie or movies why,0,9.75.0 build 5 64276,2026-07-24T21:22:13,,
Netflix,com.netflix.mediaclient,Entertainment,239b4ba2-ade9-4222-838b-d60cc40fe977,Durga Madoor,2,,sometime some movie voice mis matching,0,9.75.0 build 5 64276,2026-07-24T21:01:03,,
Netflix,com.netflix.mediaclient,Entertainment,9164e9b0-4ff1-4b32-8b5e-422378c95e3e,Fidel Carrillo,5,,very interesting,0,8.103.0 build 8 50614,2026-07-24T21:00:26,,
Netflix,com.netflix.mediaclient,Entertainment,3cad3419-30ba-4e5c-a555-af9c3c0dd4ab,UGOCHUKWU INNOCENT,5,,great,0,9.75.0 build 5 64276,2026-07-24T20:57:22,,
Netflix,com.netflix.mediaclient,Entertainment,3604429a-26f1-4536-bbc2-cf4afb0da670,Raj Kamal,5,,Netflix is a good app for watching movies and web series. Netflix could be even better if it released Korea's best action movies and web series dubbed in Hindi.,0,9.75.0 build 5 64276,2026-07-24T20:56:53,,
Netflix,com.netflix.mediaclient,Entertainment,d26f91f3-6916-4d3f-bd46-c20b9430cb8d,Jayraj 2006,5,,good,0,9.75.0 build 5 64276,2026-07-24T20:51:20,,
Netflix,com.netflix.mediaclient,Entertainment,cb9a9e64-ea3a-4dfb-8cb6-c11e8f59ea1d,Achintya Ananthoju,5,,great app,0,,2026-07-24T20:41:47,,
Netflix,com.netflix.mediaclient,Entertainment,e9affe75-42db-4a24-b021-b33672fc6bbd,Odinakachukwu2 Aloke,5,,incredible ♥️🖤,0,9.75.0 build 5 64276,2026-07-24T20:35:17,,
Netflix,com.netflix.mediaclient,Entertainment,4ef1e7e2-7b16-421e-acd5-245dbefc5acc,Scott Michael Seres,5,,excellent films and series,0,9.75.0 build 5 64276,2026-07-24T20:31:01,,
Netflix,com.netflix.mediaclient,Entertainment,2c4130ca-0abe-4a50-ae50-2f7d91f5414f,Aishpreet Sandhu,5,,ok ok h,0,9.30.1 build 8 63276,2026-07-24T20:30:59,,
Netflix,com.netflix.mediaclient,Entertainment,a9d12fba-95ff-4fac-9886-852774bde707,Sana G N,5,,Superb ♥️♥️aap,0,9.75.0 build 5 64276,2026-07-24T20:29:11,,
Netflix,com.netflix.mediaclient,Entertainment,953d8a8b-a317-4901-8009-24cd9e7d6dd2,Winnie Lameck,5,,the app is the best,0,9.75.0 build 5 64276,2026-07-24T20:18:54,,
Netflix,com.netflix.mediaclient,Entertainment,597a48f0-9e7b-494b-ab43-d60201b3a8d0,avela Ndema,5,,best app,0,9.75.0 build 5 64276,2026-07-24T20:11:17,,
Netflix,com.netflix.mediaclient,Entertainment,08e84cf2-9a16-4ea9-9854-0479b039f686,Tonielle Kelly,5,,I have Netflix playground.,0,8.24.0 build 10 40205,2026-07-24T19:55:02,,
Netflix,com.netflix.mediaclient,Entertainment,2a7eaed0-14af-4b6c-ba31-09e40fcef83e,jocelyn,5,,really good.. I like it specially that they have tagalog and English dubbed series for Korean and Chinese...,0,9.75.0 build 5 64276,2026-07-24T19:50:45,,
Netflix,com.netflix.mediaclient,Entertainment,20b8f550-c28c-41ef-a0d5-ddab9f7354cc,MAYANK 2.0,5,,low price best movies and series,0,9.74.0 build 5 64252,2026-07-24T19:36:03,,
Netflix,com.netflix.mediaclient,Entertainment,5f50258c-55e0-4cfa-8452-1bfac8308a98,Mary,5,,better,0,9.73.0 build 7 64240,2026-07-24T19:16:45,,
Netflix,com.netflix.mediaclient,Entertainment,30aabd7f-5ee6-4f28-b32e-4375933f6974,Banu Balu,5,,this app having more good films.,0,9.75.0 build 5 64276,2026-07-24T19:13:40,,
Netflix,com.netflix.mediaclient,Entertainment,91cb911d-b143-434d-879e-db3f32733c00,Amelia Isabelle Vilaga,3,,can we remove the subscription i can't use the app on my phone but on my tv its really good im not gonna complain abt lags bc its my wifi's fault good app but i don't wanna have to pay,0,,2026-07-24T19:13:27,,
Netflix,com.netflix.mediaclient,Entertainment,b6cac9c5-9794-49eb-bdd4-5df59b1e45f9,Jennifer Johnson,5,,such a great cast and storyline.. left me wanting to see what happens next. and Will Ferrell looks great funny but not corny. 👍,0,9.75.0 build 5 64276,2026-07-24T19:10:54,,
Netflix,com.netflix.mediaclient,Entertainment,e42c9395-4782-4b93-a095-c36bea96f0ae,Xerxes Xangelix,1,,"""oh no! imagine the quadrillion dollars we would lose if we let families share their netflix account"" -netflix CEO probably",1,,2026-07-24T19:04:04,,
Netflix,com.netflix.mediaclient,Entertainment,91c083da-86a8-48e3-88fd-22ed6f84d09d,Martha Murapiro,5,,absolutely peak,0,9.70.0 build 6 64188,2026-07-24T18:50:39,,
Netflix,com.netflix.mediaclient,Entertainment,ed4a5745-0e79-4753-9f07-ef180cbb7fcd,PRINCESS Cele,1,,Bad experience I can't watch anything at all,1,9.75.0 build 5 64276,2026-07-24T18:48:09,,
Netflix,com.netflix.mediaclient,Entertainment,e573f712-a4db-4aa1-af43-7c0497723e74,Xanti Zwothe,5,,does this map have appealing designs? Does this app work with Android TV? Does this app have live channels ?,0,9.75.0 build 5 64276,2026-07-24T18:46:37,,
Netflix,com.netflix.mediaclient,Entertainment,d9978966-ca52-42a0-ab78-556b901d638b,Tshireletso Mpudu,5,,very good 😊,0,9.72.0 build 3 64216,2026-07-24T18:37:37,,
Netflix,com.netflix.mediaclient,Entertainment,b6641fac-a84e-4883-b947-9074e3d77f05,Michael Odhiambo,1,,Good,0,,2026-07-24T18:22:05,,
Netflix,com.netflix.mediaclient,Entertainment,a52acf26-7883-4105-80cf-5b848f79b4d4,Rafay Virk,3,,it's a great 💯 app but not available all anime in hi di,0,,2026-07-24T18:07:50,,
Netflix,com.netflix.mediaclient,Entertainment,fd9f72c9-9b1f-4621-8a89-1fe047ef80dd,Rakshith Kariyanna,5,,such meaningfull story,0,9.74.0 build 5 64252,2026-07-24T17:52:25,,
Netflix,com.netflix.mediaclient,Entertainment,a55ff5ab-4704-43bc-90b1-69b9a9f5a0e4,Oratile Robert,5,,💯❤️,0,9.75.0 build 5 64276,2026-07-24T17:40:57,,
Netflix,com.netflix.mediaclient,Entertainment,f67f8e09-31b1-4b8c-9891-b03dda5c75fa,Naitik Chauhan,5,,very good,0,,2026-07-24T17:31:20,,
Netflix,com.netflix.mediaclient,Entertainment,3b7280c9-3d8a-4277-a947-1e433594a807,Adam Silkroski,1,,Takes over the brightness setting.,0,8.121.2 build 22 50727,2026-07-24T17:22:18,,
Netflix,com.netflix.mediaclient,Entertainment,48c233a3-8370-4bc5-b2d7-648351581ddd,Sharon Wilson,5,,amazing streaming app no adds and I use it everyday,0,,2026-07-24T17:20:36,,
Netflix,com.netflix.mediaclient,Entertainment,ed51e1cf-7b9d-4fbb-9a01-f1707b7909cc,Mackie Sig,1,,i already unsubscribe on this app but the they charge me again without my permission,0,,2026-07-24T17:17:25,,
Netflix,com.netflix.mediaclient,Entertainment,be1d80f9-8682-4a38-b1dd-ad17d1d52d54,Sudhir Shambharkar,5,,Excellent,0,8.8.0 build 9 40070,2026-07-24T17:09:00,,
Netflix,com.netflix.mediaclient,Entertainment,dc6679ae-2770-4ece-b8ac-adbc39bd8e1f,Aaliya Qureshi,5,,"Why do Hindi-dubbed dramas disappear from Netflix after a few days? Why isPlease add the Hindi dubbed version of the drama ""Spring Love"" on Netflix. Many viewers would love to watch it in Hindi. Thank you.",0,9.75.0 build 5 64276,2026-07-24T17:07:45,,
Netflix,com.netflix.mediaclient,Entertainment,da84af62-5781-4af7-b5e2-3b6157be41ca,Dave McLain,1,,"Three stars is generous considering the serious flaw of downloads expiring the day after opening them, even if the film has not been finished. Watch half a movie and then have to download it again to watch the rest offline. Now that downloads are limited to only 15 per month that is annoying. Actually, I'm changing it to 1 star until this is fixed. Stop expiring them!",0,9.75.0 build 5 64276,2026-07-24T16:58:00,,
Netflix,com.netflix.mediaclient,Entertainment,4a9878ce-6a0b-4fb8-8c87-3a4085763981,Henry Pitt,5,,best TV streaming app so fun it now comes with games,0,8.10.0 build 11 40089,2026-07-24T16:54:21,,
Netflix,com.netflix.mediaclient,Entertainment,349baa18-a5f8-43eb-b0bb-cbcb5ee7136a,Karmen Sandiego,1,,Netflix..... you already have a sorry movie selection.....why would you remove the movie Labyrinth from the app??? Many people loved David Bowie in that movie! Y'all suck.,0,,2026-07-24T16:49:03,,
Netflix,com.netflix.mediaclient,Entertainment,493190e1-02f4-4d2c-9245-b4dfdcf89ead,Isaiah Breaux,5,,perfect,0,,2026-07-24T16:39:01,,
Netflix,com.netflix.mediaclient,Entertainment,f4fa944f-2db7-4a95-b466-7fb69e8dc63e,muhd fairoze,5,,"Netflix mempunyai banyak kandungan berkualiti dan pengalaman menonton yang lancar. Namun, harga langganan semakin meningkat dan diharapkan lebih banyak kandungan baharu ditambah.",0,9.75.0 build 5 64276,2026-07-24T16:34:17,,
Netflix,com.netflix.mediaclient,Entertainment,889b3ada-c773-4f06-88c4-903eedc768a0,Aqeel Nawaz,5,,❤️,0,,2026-07-24T16:27:11,,
Netflix,com.netflix.mediaclient,Entertainment,cb2f4232-3e71-4d98-ab46-0bf0acd707a5,Ahmed Jadou,1,,the worst content ever.,0,,2026-07-24T16:17:09,,
Netflix,com.netflix.mediaclient,Entertainment,57c71318-e018-477f-9c11-3ee032ee2a91,Anjali Rana,1,,worthless,0,9.75.0 build 5 64276,2026-07-24T15:55:30,,
Netflix,com.netflix.mediaclient,Entertainment,34dd33e7-b6bc-48ad-8e23-758da7647abd,оливер аис,1,,ask you pay for ad ask you pay if I want just check library and don't watch,0,,2026-07-24T15:52:26,,
Netflix,com.netflix.mediaclient,Entertainment,12a0a4be-d0a8-4da1-9002-4a05bcff007f,zahirulhaqq,5,,"Netflix is one of the leading streaming services for movies, TV shows, documentaries, and original content. It offers high-quality streaming with personalized recommendations.",0,9.75.0 build 5 64276,2026-07-24T15:46:50,,
Netflix,com.netflix.mediaclient,Entertainment,dd4874c6-598b-4415-b8c0-43a595aa132d,Samad Khan,5,,nice,0,9.75.0 build 5 64276,2026-07-24T15:43:04,,
Netflix,com.netflix.mediaclient,Entertainment,9c6141ad-1adf-4954-9769-64db4fbd5ecc,Ishimwe Joshua,5,,great,0,9.75.0 build 5 64276,2026-07-24T15:26:01,,
Netflix,com.netflix.mediaclient,Entertainment,d2a39ccf-63c4-4f21-aafd-98283ec4190a,Blake Mills,3,,"It plays videos, so it's fine I guess. I hate that there are no settings options in the app. I don't like the brightness slider, I never want netflix to override my screen brightness. You can't customize anything about the player, your homepage, or your account. I find navigating the app more frustrating than anything. It's functional, but clunky and unintuitive. Also, nobody asked for games. Do people use those? I'm not sure Netflix understands the purpose of a mobile app.",0,9.0.0 build 4 62028,2026-07-24T15:22:57,,
Netflix,com.netflix.mediaclient,Entertainment,d0f3f2a4-750c-48ec-8293-2a614beb61da,Garyn Tan,5,,"We use Netflix every single day. From great original series and movies to kids' shows, there's always something new to watch. Setting up different profiles for everyone keeps our watchlists completely separate and organized",0,9.75.0 build 5 64276,2026-07-24T15:22:37,,
Netflix,com.netflix.mediaclient,Entertainment,e4a0674a-175f-4c7b-9b33-22b7b1ded9ac,Adventure Quest,1,,I can't open my account to unsubscribe my subscription to Netflix. I can't even watch because it's always been black screen and loading. I don't want to pay for something I can't even enjoy and watch. Waste of money and time,0,9.75.0 build 5 64276,2026-07-24T15:18:35,,
Netflix,com.netflix.mediaclient,Entertainment,6597050a-fac1-430d-bcab-e05774410cd7,NAINA RANI NAYAK,5,,akanksha Chaudhary is fantastic 😍 bez of her we are watching,1,9.72.0 build 3 64216,2026-07-24T15:17:36,,
Netflix,com.netflix.mediaclient,Entertainment,9b6f2139-aafb-4a06-9cc4-ac281a91513b,Shivaraj Bhosale,5,,jabari excellent 👍👌,0,9.72.0 build 3 64216,2026-07-24T15:15:20,,
Netflix,com.netflix.mediaclient,Entertainment,65ebf61a-30a4-49c2-8b5b-c0488d6d0fa0,Patricia Braudaway,5,,love ❤️,0,,2026-07-24T15:04:40,,
Netflix,com.netflix.mediaclient,Entertainment,6a09fbf3-7a58-45ce-a801-32e937a4cb67,Mookiee23moki,5,,good,0,9.75.0 build 5 64276,2026-07-24T15:01:36,,
Netflix,com.netflix.mediaclient,Entertainment,37dcf456-b2fa-411c-a3c2-2c0ead8cf242,Ravinder Sharma,5,,very interesting movie,0,9.75.0 build 5 64276,2026-07-24T15:00:22,,
Netflix,com.netflix.mediaclient,Entertainment,8b3fefb4-a443-4726-9d94-3cb69be9ae16,Bitan Das,5,,thank you,0,9.75.0 build 5 64276,2026-07-24T14:48:00,,
Netflix,com.netflix.mediaclient,Entertainment,9c1c7212-1f04-4c4b-b773-ebbbdfb89638,Rumi Khatun,5,,best even,0,9.72.0 build 3 64216,2026-07-24T14:39:40,,
Netflix,com.netflix.mediaclient,Entertainment,31351214-6978-42ff-abe0-42e53fa96ee4,Bharath Kumar Gurram,5,,More movies /series than all other otts combined together,0,9.75.0 build 5 64276,2026-07-24T14:38:21,,
Netflix,com.netflix.mediaclient,Entertainment,61b148be-0448-4f37-9580-286614a0c931,ANiL VASAVA,5,,nice 👍,0,9.73.0 build 7 64240,2026-07-24T14:35:35,,
Netflix,com.netflix.mediaclient,Entertainment,7d3c89d3-76af-40cb-b583-d3b770c6b485,Arjun suresh Arjun suresh,5,,"Fantastic series and movies, i thoroughly enjoyed it 😍.",0,9.75.0 build 5 64276,2026-07-24T14:31:13,,
Netflix,com.netflix.mediaclient,Entertainment,f9dc3b61-de7d-49b1-a4c5-3af67ca36e07,Suvankar Dinda,5,,good,0,9.74.0 build 5 64252,2026-07-24T14:31:12,,
Netflix,com.netflix.mediaclient,Entertainment,c3138d78-8f92-4307-bc41-d7038aea97ab,Darlene Gordon,1,,this app was installed on my phone I didn't install it. I pretty sure it's a good app but I can't afford it .,1,9.76.0 build 10 64304,2026-07-24T14:28:46,,
Netflix,com.netflix.mediaclient,Entertainment,cff479ec-081c-4acc-902e-1e317e2a522f,Haylee Hauff,1,,I do not want to have to set up an email just to use my profile on the mobile app 👋,0,9.75.0 build 5 64276,2026-07-24T14:26:34,,
Netflix,com.netflix.mediaclient,Entertainment,44c20ca4-d09e-4d67-b74e-25a41e583439,Nirupama Kumar,5,,best,0,9.75.0 build 5 64276,2026-07-24T14:20:19,,
Netflix,com.netflix.mediaclient,Entertainment,761a5705-f934-4e04-8ead-d64668b35b40,Martin Louis,3,,I like the selection lota to choose from,0,9.75.0 build 5 64276,2026-07-24T14:12:14,,
Netflix,com.netflix.mediaclient,Entertainment,56326105-e82a-48b9-8f6e-61042a41e4c1,Mohammad Jishan,5,,sukun ka naam suna hai,0,,2026-07-24T14:12:03,,
Netflix,com.netflix.mediaclient,Entertainment,c23e3c00-04cd-47b2-9ad3-19fdc594d8ee,Lindelani Manabywe,5,,Im am blessed and my faith is renewed watching this wonderful movie of faith😊❤️,0,9.75.0 build 5 64276,2026-07-24T14:03:22,,
Netflix,com.netflix.mediaclient,Entertainment,1f1af106-b0c4-4085-9a46-52dff52d4bdd,mikya mom ninisio,4,,day 1 of asking for I Am Frankelda profile avatars,0,9.75.0 build 5 64276,2026-07-24T14:01:23,,
Netflix,com.netflix.mediaclient,Entertainment,89bf5885-e001-4cab-8e6d-6ef56a119d08,Reann Venus,5,,Sad raw Reality..If the World was made up with The same Love n care these brave People showed this world would BE So much a Live n Caring Real world thruout,0,9.68.0 build 2 64148,2026-07-24T13:53:13,,
Netflix,com.netflix.mediaclient,Entertainment,c836c6d9-36ad-446c-bc42-d68bc8f2d3d8,Benjamin Anderson,2,,"This service has gotten terrible. The ads suck and if you are travelling internationally, it won't work. They'll say you're using a proxy because you're showing up in another country and lock down the service.",0,9.75.0 build 5 64276,2026-07-24T13:34:01,,
Netflix,com.netflix.mediaclient,Entertainment,13b370e7-3b2b-4a92-ba99-d5e40b24e700,Bhavanishankar Pareek,5,,nice,0,9.75.0 build 5 64276,2026-07-24T13:31:34,,
Netflix,com.netflix.mediaclient,Entertainment,f639fe70-15ec-4e5c-8175-ec7e2b4d68a0,Nandini Merugumala,5,,superb,0,9.75.0 build 5 64276,2026-07-24T13:31:04,,
Netflix,com.netflix.mediaclient,Entertainment,09b9adc3-b309-4c74-9908-9d246385edd2,Binu g____,4,,nice,0,,2026-07-24T13:28:03,,
Netflix,com.netflix.mediaclient,Entertainment,f552b01f-a21a-4033-9403-f62a01c9ea87,Muhammad Asyrani,5,,awesome 😎,0,9.75.0 build 5 64276,2026-07-24T13:23:27,,
Netflix,com.netflix.mediaclient,Entertainment,5a43a885-185c-40e9-8bcd-73b7e1a5f112,John Godsland,1,,"What absolute sadist thought it would be a good idea to have auto-play videos WITH AUDIO, when scrolling the list of games? This app has already declined since the dedicated games games section was removed but this is unforgivable. Horrible.",0,9.75.0 build 5 64276,2026-07-24T13:15:54,,
Netflix,com.netflix.mediaclient,Entertainment,53ce55b8-f600-47bf-a9fe-1093edb12e4d,Infinite Power,5,,As described,0,8.143.5 build 19 52400,2026-07-24T13:07:53,,
Netflix,com.netflix.mediaclient,Entertainment,feccc44a-4f97-426f-b22b-9af6a895d58b,Ahmad Shahir,5,,amazing,0,,2026-07-24T12:59:39,,
Netflix,com.netflix.mediaclient,Entertainment,5fab2a28-0500-4c1b-b8cd-c5b31224eb70,Kenny Ferohnzy,5,,drop the season 2,0,9.74.0 build 5 64252,2026-07-24T12:38:35,,
Netflix,com.netflix.mediaclient,Entertainment,0e316c72-6df1-431d-9e13-89d857cbc507,Siyad K Abdul,5,,very good,0,9.75.0 build 5 64276,2026-07-24T12:24:05,,
Netflix,com.netflix.mediaclient,Entertainment,8aba6d03-7667-4c1e-944b-6daaf048878f,Prayesh Tamang,2,,"Just better version of youtube, don't have much to watch, specially on anime terms. Also movies or shows. No matter what we search the result "" sorry we don't have this, and random useless suggestions"".",0,,2026-07-24T12:13:06,,
Netflix,com.netflix.mediaclient,Entertainment,afa49ffa-d8e5-43fd-9ea9-89b4f7f557d5,John Heffernan,5,,can I get free Netflix from T-Mobile because I'm 55 and older playing I do like Netflix they have good movies and it's all really nice to watch thank you from Netflix next to Netflix thank you for me sorry about that so funny,0,9.75.0 build 5 64276,2026-07-24T11:50:15,,
Netflix,com.netflix.mediaclient,Entertainment,5729c431-6430-4ba6-98d5-c692792468c5,Diane,5,,My family and I are totally huge Netflix fans right up there with my grandsons Disney+!!!!!,0,9.75.0 build 5 64276,2026-07-24T11:47:27,,
Netflix,com.netflix.mediaclient,Entertainment,895063db-6a91-4e7f-892c-586032e82b2f,Whats Up,1,,one of The Best app for Gays.,0,,2026-07-24T11:43:08,,
Netflix,com.netflix.mediaclient,Entertainment,49673ad6-f219-477e-9be3-7a78c0bfd693,meryl grace navarrete,1,,"its been days, i keep receiving an active extra member account. In where you dont have an option but to get one which will have additional charge on your current plan.",0,9.75.0 build 5 64276,2026-07-24T11:38:44,,
Netflix,com.netflix.mediaclient,Entertainment,2c8d2e82-138b-402a-b46e-aaa8f655618b,Orisi Kunawai,5,,Good App and it's user friendly,0,8.103.0 build 8 50614,2026-07-24T11:37:59,,
Netflix,com.netflix.mediaclient,Entertainment,0a1ff77e-190a-4502-b375-412485325359,Rewa Sadhu,5,,I'd like to join Netflix,0,9.75.0 build 5 64276,2026-07-24T11:34:14,,
Netflix,com.netflix.mediaclient,Entertainment,934411a7-ec65-4096-8812-2fd0d424ab95,Josiah Roberts,5,,it is so good,0,9.75.0 build 5 64276,2026-07-24T11:29:41,,
Netflix,com.netflix.mediaclient,Entertainment,cbaf5ff7-3644-4eda-89e4-619c8d62333e,FAMOUS LOKPRIY Person,1,,it never sign in,0,,2026-07-24T11:24:40,,
Netflix,com.netflix.mediaclient,Entertainment,da3e5922-251a-432a-be78-59c3ee2d74bc,Anan Punjabi,1,,"""looking for a movie, that u paid subscription for""sorry we don't have that .",0,9.75.0 build 5 64276,2026-07-24T11:19:52,,
Netflix,com.netflix.mediaclient,Entertainment,5a448990-0f96-40be-853f-fff7fe4f15e6,RudeBoy,5,,good,0,9.75.0 build 5 64276,2026-07-24T11:18:19,,
Netflix,com.netflix.mediaclient,Entertainment,042b27c3-a5fd-4502-97c9-ffb4b7280d88,Kim Allen,5,,Its okay but I would like to have the My List of the shows and Movies and Documentaries that I save in my list because when the show etc... leaves Netflix it goes from my list as Well and Please keep the prices affordable for Family's to continue with your Service because life is not easy on anyone these days and never will be again. Thank you,0,,2026-07-24T11:04:46,,
Netflix,com.netflix.mediaclient,Entertainment,b03d6259-6452-4243-8219-1b1af8d63a72,marquie james,5,,it good add,0,9.74.0 build 5 64252,2026-07-24T10:58:17,,
Netflix,com.netflix.mediaclient,Entertainment,4186d3e1-ea1e-464e-9eee-6dfafd2a3bf6,Aubre Mendoza,5,,❤️❤️,0,,2026-07-24T10:55:59,,
Netflix,com.netflix.mediaclient,Entertainment,c0612ed7-e1a6-4b04-b1e4-da2e91716a36,Russel Diel,4,,good 👍🏻😊,0,9.75.0 build 5 64276,2026-07-24T10:52:17,,
Netflix,com.netflix.mediaclient,Entertainment,34c989c6-fc35-4d88-9c15-3324c3fc9253,Divya Kondepudi,5,,❤❤❤,0,9.71.1 build 8 64212,2026-07-24T10:51:52,,
Netflix,com.netflix.mediaclient,Entertainment,c55c9935-82ec-4895-ab3a-49870bafce1b,Jacqueline Sippel,3,,why is there to many old show on the app,0,9.75.0 build 5 64276,2026-07-24T10:46:10,,
Netflix,com.netflix.mediaclient,Entertainment,253f11f1-2919-4671-a4e8-1ccd3afba1c3,Topher Mohegan,5,,One of the greatest works of all mankind and human history! Essential to the very essence of life itself.🙌🏾💯🙏🏾,0,9.74.0 build 5 64252,2026-07-24T10:43:10,,
Netflix,com.netflix.mediaclient,Entertainment,8c30fb60-33d6-47f9-ab11-e8789c0fd0ff,Leialoha Rodrigues,5,,Awesome movie with Sandra Bullock and Ryan Reynalds.,0,9.73.0 build 7 64240,2026-07-24T10:40:34,,
Netflix,com.netflix.mediaclient,Entertainment,5eb2f3b1-724a-4458-a712-54937e0afd66,Genesis River,2,,"It's not personal; you just started getting rid of shows and TV that are ACTUALLY good. You raised prices to account for sharing an account across multiple households then banned it. On the cheapest subscription, you take out episodes of shows and edit out things. It's just not as good as it used to be. With regret and regards, River.",0,,2026-07-24T10:40:21,,
Netflix,com.netflix.mediaclient,Entertainment,faeabba1-f51d-44d1-93f4-02438353eb30,Nafish Padhiyar,5,,coolest movie ever in this,0,9.73.0 build 7 64240,2026-07-24T10:38:04,,
Netflix,com.netflix.mediaclient,Entertainment,bd46a01a-5e96-41f7-9b38-752ddac8c360,Julianna Louw,5,,For the way you are difficult to understand and you don't have the benefit to be set up,0,9.70.0 build 6 64188,2026-07-24T09:53:11,,
Netflix,com.netflix.mediaclient,Entertainment,f55b2301-da98-4fad-b1f2-2fbbfd5ba5ad,Jerry Vega,5,,I love Netflix and can't stop watching it at night it has great movies that I've missed back then and honestly I watch it it every night GOOD MOVIES,0,9.74.0 build 5 64252,2026-07-24T09:52:06,,
Netflix,com.netflix.mediaclient,Entertainment,54c77bf3-25c9-4640-8707-0e248390f861,Kgotso Letsoalo,5,,best app of all time (goat),0,,2026-07-24T09:36:15,,
Netflix,com.netflix.mediaclient,Entertainment,fceecd26-2c92-4ea1-b0ad-ff76383a162f,Sanwal Sanwal,5,,it give faster response and it is very good app,0,,2026-07-24T09:30:31,,
Netflix,com.netflix.mediaclient,Entertainment,b5e25332-b2ea-4d9d-b444-c616cc6c85bf,Lourdes Bayoneto,5,,ok,0,9.75.0 build 5 64276,2026-07-24T09:30:18,,
Netflix,com.netflix.mediaclient,Entertainment,9fa8b533-2e33-440d-bb8b-aea34b3ffa60,Kristina Brothers (Talkwtina),5,,"There's always something to watch on Netflix, I like documentaries the most but even if I'm in the mood for comedy or something dramatic, they have enough stuff to watch whatever you're in the mood for and this is the only subscription I need and pay for",0,9.75.0 build 5 64276,2026-07-24T09:29:41,,
Netflix,com.netflix.mediaclient,Entertainment,4a7b0328-9ece-4a5f-a191-16e13a0ef2dc,Abdullah Nassar,5,,absolutely loved this show but they need to release the other seasons 😕,0,8.26.0 build 11 40221,2026-07-24T09:28:23,,
Netflix,com.netflix.mediaclient,Entertainment,4db763de-e473-4c39-9f55-98ead79d49a4,Thomas Perkins,2,,truly awful,0,8.94.0 build 10 50546,2026-07-24T09:02:28,,
Netflix,com.netflix.mediaclient,Entertainment,b24d0866-b334-414d-8684-128794647419,Aman Bhatia,5,,EXCELLENT 👍🏻 ONE,0,9.75.0 build 5 64276,2026-07-24T08:51:40,,
Netflix,com.netflix.mediaclient,Entertainment,7d124646-c563-4ee7-9e2c-20a08ec67a6e,Janoi Stephenson,1,,I cant see the video the movies not playing,0,9.75.0 build 5 64276,2026-07-24T08:50:12,,
Netflix,com.netflix.mediaclient,Entertainment,bee00af9-08ed-4196-9c61-936035a69ced,Arrifen Canaway,5,,"They did helped me that i charged ₱619 with accident, and it went in for my refund successfully! Although, movies are very rated so far i know, very great!",0,9.75.0 build 5 64276,2026-07-24T08:50:08,,
Netflix,com.netflix.mediaclient,Entertainment,ee039bf8-3ce8-4c1e-908a-1bb84e243813,Chester Haller,4,,All g5,0,8.137.0 build 4 50942,2026-07-24T08:48:58,,
Netflix,com.netflix.mediaclient,Entertainment,73040c2b-aced-4347-8fb3-e46bcb7a6cc6,Rosa Mateo,1,,forced personalized settings sucks,0,,2026-07-24T08:47:38,,
Netflix,com.netflix.mediaclient,Entertainment,2fb55d3c-4473-4f73-8afc-453b7d31d146,Kartikey Dogra,1,,eww why are you even downloading this app,0,9.66.0 build 13 64116,2026-07-24T08:43:19,,
Netflix,com.netflix.mediaclient,Entertainment,f2dd15b3-0748-42f1-abf8-be9b9b85e4af,Latashiona Johnson,5,,is the best is the goat but a lot of glitches on android,0,9.75.0 build 5 64276,2026-07-24T08:30:16,,
Netflix,com.netflix.mediaclient,Entertainment,a033cfab-6819-4794-b90e-c6f2d5ac0629,Masuma Yasmin,5,,"great entertainment with a huge collection of movies ,dramas and animes..user friendly..enjoy!",0,8.40.0 build 4 50271,2026-07-24T08:26:58,,
Netflix,com.netflix.mediaclient,Entertainment,c2681d8d-1275-4acc-bf63-16f4e22a5073,Abby Leigh,4,,good show no ad,0,9.75.0 build 5 64276,2026-07-24T08:26:16,,
Netflix,com.netflix.mediaclient,Entertainment,56b30d7e-f38f-466d-8855-38cfe915d4aa,steven mccray,5,,ok,0,9.75.0 build 5 64276,2026-07-24T08:20:08,,
Netflix,com.netflix.mediaclient,Entertainment,661b48f0-3ddc-4340-9bef-cfaa0620efa2,Malissa McSwain,5,,"excellent service, but customers should have an option to get a locked price.",0,9.75.0 build 5 64276,2026-07-24T08:05:22,,
Netflix,com.netflix.mediaclient,Entertainment,3281556a-4e0a-4b0c-a9f3-716092c75099,Rochan Hall,1,,I'm the owner of my account. but Netflix keeps making me log in like a guest 🤬,0,9.75.0 build 5 64276,2026-07-24T07:30:36,,
Netflix,com.netflix.mediaclient,Entertainment,cd725f57-2310-4f5f-a935-a87cfb82e2cf,Mandi,5,,I love it i was so stressful but then I saw the I saw Netflix and I was calm and quiet for like 7 hours,0,,2026-07-24T07:29:02,,
Netflix,com.netflix.mediaclient,Entertainment,b19e988e-599c-4f7e-929a-242971fca11a,Marilyn.B,2,,the commercials on here has gotten as bad as regular TV now unless you're paying for ad free,0,,2026-07-24T07:08:25,,
Netflix,com.netflix.mediaclient,Entertainment,5391606c-cde6-4592-bc3d-2bec5b1575cd,Robert Czosmyk,5,,"I ❤ you, so much 🥰",0,,2026-07-24T07:07:48,,
Netflix,com.netflix.mediaclient,Entertainment,4cc9a9a4-e819-4098-8f4e-3903b206d071,sandeep nain,1,,custmore seevice is very bad,0,9.75.0 build 5 64276,2026-07-24T07:05:36,,
Netflix,com.netflix.mediaclient,Entertainment,a19f2ce0-d7cf-4169-abde-c3b4282407ed,Ash,3,,get good for like some old movies and old shows and some new shows and new movies but the new good good movies u have to do dvd who does that anymore just want something to watch check it out but it's pricey,0,9.75.0 build 5 64276,2026-07-24T07:00:15,,
Netflix,com.netflix.mediaclient,Entertainment,75e2ee3b-4846-4092-bebe-4dff9d4e0876,Hrisi A,3,,"the sounds need to be improved, the music in most series,movies,shows is way too loud,maybe 2,3 times louder than conversations.Very annoying, you're listening the talk and then bam...volum up like in a disco",0,9.75.0 build 5 64276,2026-07-24T06:50:13,,
Netflix,com.netflix.mediaclient,Entertainment,f50ba7b6-92b2-482e-a1bc-0e62063ead8d,Aaron D,1,,doesn't let you dim the brightness enough. causes blindness. worse than a cs2 flashbang.,0,9.75.0 build 5 64276,2026-07-24T06:40:29,,
Netflix,com.netflix.mediaclient,Entertainment,6fe41669-3b54-4a28-81c1-3d776ee137aa,Chris Stein,5,,Kept us interested during the full run. The story wasn't afraid to evolve across the seasons.,0,9.75.0 build 5 64276,2026-07-24T05:45:02,,
Netflix,com.netflix.mediaclient,Entertainment,df81f0ae-0dbb-44d9-a237-1c85135d6315,Craig deSteiguer,5,,great,0,,2026-07-24T05:35:02,,
Netflix,com.netflix.mediaclient,Entertainment,9cf1a694-5216-4d7a-a887-37fbd5e0ba27,Eva Salazar,4,,you should get the demon slayer movie for u.s a :),0,9.75.0 build 5 64276,2026-07-24T05:28:38,,
Netflix,com.netflix.mediaclient,Entertainment,c4dfd6e7-7435-45d0-a688-0b5c03526a4b,Tara Childress,5,,I love Netflix 99 percent only thing I would change is being able to use my screens brightness not the apps but other than that love it!!!!,0,8.137.0 build 4 50942,2026-07-24T05:25:52,,
Netflix,com.netflix.mediaclient,Entertainment,469f7b08-5446-49ab-87b8-42c89e975702,Dumisane Twala,4,,The best app on my phone or ID say to watch shows world wide,0,9.71.1 build 8 64212,2026-07-24T05:17:55,,
Netflix,com.netflix.mediaclient,Entertainment,f08961db-46ba-40b6-a5b5-39889c6dd8e6,Jillian Clough-Minero,5,,I Love Netflix. I am a Huge True Crime and Doco Fan whom now has my 83yr young Dad watching with me. NZ,0,,2026-07-24T05:11:57,,
Netflix,com.netflix.mediaclient,Entertainment,524696d4-a2f5-45b1-a1db-1fcbd6e3f037,Irwan Ismail,5,,good,0,9.75.0 build 5 64276,2026-07-24T05:03:28,,
Netflix,com.netflix.mediaclient,Entertainment,228074c9-d479-4d65-8651-a9eb49e5ebeb,Kena Zibung,1,,"Netflix used to be an amazing place to watch movies. but now it is the WORST streaming service. I appreciate for a service I cant even use because the programing is stupid and keeps telling me I need to use a extra member slot to use the app that I own and pay for. only 2 people use it, but since Netflix is based off wifi, its service is terrible. you know if you travel the Netflix wont let you use it. its moronic I will be deleting after so so so many years of use.",1,,2026-07-24T04:32:48,,
Netflix,com.netflix.mediaclient,Entertainment,d5d287da-540c-4da5-ab3f-78a0cdf3b6bc,vinodh tech,1,,don't use this app i can't uninstall this app,0,,2026-07-24T04:28:39,,
Netflix,com.netflix.mediaclient,Entertainment,9efecbeb-577b-46a2-9169-90231d4713e1,chunky hoey,4,,Netflix is great certain programmes. Like catchup without having actual watching anything LIVE. Could do some decent documentaries without spoiling it by nonsense.,0,7.120.6 build 63 35594,2026-07-24T04:13:40,,
Netflix,com.netflix.mediaclient,Entertainment,14e5c713-316f-44d8-9b26-6fa787150154,Zahra Abdulrazak,5,,amazing variety and good quality lol,0,8.143.5 build 19 52400,2026-07-24T04:02:08,,
Netflix,com.netflix.mediaclient,Entertainment,af66a91d-5276-46b0-9a94-8ba77e212702,Avila Angel6,2,,kept billing me after cancel and doesn't immediately cancel-you pay full price and if you forget to check come auto pay date it may just take payment again. then they flood your email w Pay your bill msgs,0,9.57.0 build 3 63928,2026-07-24T04:01:52,,
Netflix,com.netflix.mediaclient,Entertainment,ac4ba878-1a34-4b14-966f-1335d4534358,Sheldon Dobler,1,,i cannot scroll sideways with your app for laptops. but i can scroll any dirrection on my phone..why.????,0,9.75.0 build 5 64276,2026-07-24T03:57:36,,
Netflix,com.netflix.mediaclient,Entertainment,e730596e-a509-4527-9900-bc3757f209f0,Daniella Chikamso,5,,I have been waiting to download this app. It's amazing the shows they show even at a very low price!😄,0,,2026-07-24T03:36:56,,
Netflix,com.netflix.mediaclient,Entertainment,18bee57b-928d-4e2e-a74e-ef53ee45324d,farukh nadim,1,,"now again tge issue came back, can't play over wifi...",1,8.100.1 build 7 50600,2026-07-24T03:31:39,,
Netflix,com.netflix.mediaclient,Entertainment,9e606cce-34e6-4170-aef1-1121a24e4800,Monica Cisneros,1,,my Netflix is not working,0,9.75.0 build 5 64276,2026-07-24T03:25:35,,
Netflix,com.netflix.mediaclient,Entertainment,6ff58955-f077-418e-9a97-611ad86835ee,Kudakwashe Songa,5,,Good app for movies,0,,2026-07-24T03:24:59,,
Netflix,com.netflix.mediaclient,Entertainment,826fd71e-ffb5-4715-a7ec-4c835377b342,Samuel Olugola,5,,very good app,0,8.103.0 build 8 50614,2026-07-24T03:14:40,,
Netflix,com.netflix.mediaclient,Entertainment,e9cf740f-43f8-4931-85f5-e6d723779eee,Frank Flowers,5,,Very well done,0,8.136.0 build 3 50908,2026-07-24T03:12:39,,
Netflix,com.netflix.mediaclient,Entertainment,d054f7c5-12a3-4eee-abde-bdf66e451a4a,Emmy doo Terva,5,,very fast and reliable 🥰🙂,0,,2026-07-24T03:11:25,,
Netflix,com.netflix.mediaclient,Entertainment,69b19bed-804e-4b6b-ad50-2576595c01d6,Akan Emmanuel,5,,"it good there is a lot of interesting anima, movie",0,,2026-07-24T02:49:09,,
Netflix,com.netflix.mediaclient,Entertainment,1662861d-3bfa-4aae-936c-b24fbcf3ef8c,yogesh walwani,4,,truly a good streaming platform such a god ui,0,9.75.0 build 5 64276,2026-07-24T02:40:48,,
Netflix,com.netflix.mediaclient,Entertainment,30626a77-3960-4184-b79e-6efce5db624b,Vicki Clark,5,,"OMG, it was do good. There has to be a Season 3!❤️❤️",0,9.75.0 build 5 64276,2026-07-24T02:39:41,,
Netflix,com.netflix.mediaclient,Entertainment,eaf84dbb-8f40-44ba-8a2d-d2ed24137fbe,Rashid Bhatti,5,,good,0,9.75.0 build 5 64276,2026-07-24T02:32:42,,
Netflix,com.netflix.mediaclient,Entertainment,c5dca3c5-007b-4811-9209-04c20b72a536,Venelerin Petrov,1,,not working on tv box,0,9.75.0 build 5 64276,2026-07-24T02:02:43,,
Netflix,com.netflix.mediaclient,Entertainment,469ebe73-a3ed-4f7b-8c95-be1c1733f90f,Tinesh Ramesh,5,,Good feel Good time Good movie Good web series Good netflix 👌,0,9.76.0 build 10 64304,2026-07-24T01:28:20,,
Netflix,com.netflix.mediaclient,Entertainment,605137c0-7705-49d4-9367-538dea6758c2,Suqana Wilson,1,,I Absolutely love Netflix wish it didn't cost so much,0,9.3.0 build 4 62124,2026-07-24T01:17:47,,
Netflix,com.netflix.mediaclient,Entertainment,815712d6-5fa3-464f-9a7f-6caf4fd178d6,Donald King,5,,good,0,9.75.0 build 5 64276,2026-07-24T01:15:52,,
Netflix,com.netflix.mediaclient,Entertainment,5edcf0e7-fe8a-4054-a937-fe1e51d3240f,Farwa najaf,1,,I give you 1 like,0,9.75.0 build 5 64276,2026-07-24T01:09:25,,
Netflix,com.netflix.mediaclient,Entertainment,6c900fa4-adc0-44dd-9a13-8511d63fa38c,Johnathon D Parish,5,,absolutely wonderful to see all that I'm watching... even when it's some horrible replacement of my favorite character on the show I HAD LOVED until some idiots decided to change it... The witcher...,0,9.75.0 build 5 64276,2026-07-24T01:08:55,,
Netflix,com.netflix.mediaclient,Entertainment,a3b11938-4fa6-470c-a5a8-45dd50c7b736,Paul Blair Phiri,5,,nice,0,9.73.0 build 7 64240,2026-07-24T01:02:47,,
Netflix,com.netflix.mediaclient,Entertainment,2ad2e0e5-f416-498c-8a07-2fa28ee7ffc8,shawneecop69,5,,"Ice had Netflix since It first came out. I'm never bored, wide variety of movies",0,9.75.0 build 5 64276,2026-07-24T00:58:45,,
Netflix,com.netflix.mediaclient,Entertainment,451be859-bdba-49b4-8e1b-d67198118ae8,Willem Snethemba,5,,I enjoyed every moment of it,0,9.75.0 build 5 64276,2026-07-24T00:49:08,,
Netflix,com.netflix.mediaclient,Entertainment,6ca5e986-70c7-4ca6-bd3a-0be246f16446,nkosi nxumz,5,,this is a god,0,9.66.0 build 13 64116,2026-07-24T00:26:12,,
Netflix,com.netflix.mediaclient,Entertainment,97ffb74b-a660-41c8-a563-fc686459f9f1,Jaden Goodman,5,,👌,0,,2026-07-24T00:20:02,,
Netflix,com.netflix.mediaclient,Entertainment,0a8ecc0e-7138-4553-bee2-8ba329f2b8ad,Jessica Valdez,1,,"wish I could give no stars, why do I have to put in separate emails when there is already an email for the account",0,,2026-07-24T00:14:11,,
Netflix,com.netflix.mediaclient,Entertainment,4e31752a-049b-41db-8cbd-aa6aea405c8c,Goodluck Isaac,5,,it's good,0,,2026-07-24T00:05:20,,
Netflix,com.netflix.mediaclient,Entertainment,491f698c-90a7-4f55-abf8-1d4c1476481d,Cool Pad,1,,"Due to error 100, single star.",0,,2026-07-23T23:57:42,,
Netflix,com.netflix.mediaclient,Entertainment,925714e6-a2c6-4be9-9ee6-9fe463697780,Komal Baghzai,5,,good,0,9.75.0 build 5 64276,2026-07-23T23:55:29,,
Netflix,com.netflix.mediaclient,Entertainment,84a4c37b-98f7-451a-b9de-c756557f4f5a,Tariq Khan,5,,bast app,0,8.143.5 build 19 52400,2026-07-23T23:33:22,,
Netflix,com.netflix.mediaclient,Entertainment,87eabc78-1e94-4f2b-92aa-43c3e6a7507d,Balram Appadu,4,,I usually watch the movies during my free time. I love them. Thanks.,0,9.21.0 build 5 62896,2026-07-23T23:33:01,,
Netflix,com.netflix.mediaclient,Entertainment,bb91811e-8697-46cc-bb1d-234a9364975a,zaiba khan,2,,getting freezed and crashing all the time,0,,2026-07-23T23:28:40,,
Netflix,com.netflix.mediaclient,Entertainment,00cf053d-87da-4234-b626-3ad44269da8e,Mr Durden,1,,"the app is full of bugs now, each update ruining previous few goods.",0,,2026-07-23T23:28:06,,
Netflix,com.netflix.mediaclient,Entertainment,706386be-d5d8-4fc3-b256-500e22b3addf,Brendon Kurehwatira,5,,"Been using Netflix (Türkiye) for 3+ years now. Having it still makes sense. And I like how the content is improving - I have been seeing a lot of ""Recently added"" lately.",0,9.75.0 build 5 64276,2026-07-23T23:26:58,,
Netflix,com.netflix.mediaclient,Entertainment,9342a5ad-ef20-4e66-8889-eff590eb6e57,Sans Moniker,5,,Compelling story flawlessly directed and a phenomenal cast,0,,2026-07-23T23:18:02,,
Netflix,com.netflix.mediaclient,Entertainment,a0ff5b41-4566-4ef8-be97-f87fad178ffb,Marilyn ok,5,,love it,0,9.72.0 build 3 64216,2026-07-23T23:13:57,,
Netflix,com.netflix.mediaclient,Entertainment,fed56eb0-917d-4caf-bdde-32a2c4c25e9b,Kuldeep Rathore,1,,worst he used a popular influencer for trp in show,0,,2026-07-23T23:05:46,,
Netflix,com.netflix.mediaclient,Entertainment,8bbf1649-64c3-42de-822c-7709296d8a9b,John Angela,5,,loved violent night,0,9.75.0 build 5 64276,2026-07-23T23:03:50,,
Netflix,com.netflix.mediaclient,Entertainment,f4469579-544e-4674-944c-0514cbf43028,William Porter,1,,Download failure,0,9.75.0 build 5 64276,2026-07-23T22:55:04,,
Netflix,com.netflix.mediaclient,Entertainment,8353d4ef-64d9-4763-a12f-f3663b290cca,Rinki,5,,great 👍,0,9.75.0 build 5 64276,2026-07-23T22:50:15,,
Netflix,com.netflix.mediaclient,Entertainment,ec59c555-437f-4b39-b3ce-79c167e2006c,sampad nanda,5,,its shows something issue in not playing the video,0,9.75.0 build 5 64276,2026-07-23T22:22:16,,
Netflix,com.netflix.mediaclient,Entertainment,8d90a08b-f403-487c-84ae-30454e3fd20d,Sonia Medina,5,,Great job,0,9.68.0 build 2 64148,2026-07-23T22:06:50,,
Netflix,com.netflix.mediaclient,Entertainment,54e667ed-827b-408e-8324-4c25489a9ee9,ɪʟᴀʏ,4,,They add Detective Conan's series and Movies but the worst thing is just that Netflix didn't put all seasons in it. I gotta watch seasons 11-22 at another app like Chrunchyroll. Netflix also didn't add Seasons 28-30 of Detective Conan. But I do hope Netflix could add all the series of Gosho Aoyama on Netflix. I'm a TOP fan of him. I'm really excited they finally put my childhood's anime on Netflix but please add a complete season. It's troublesome for me to watch it on another app 😔,0,9.75.0 build 5 64276,2026-07-23T21:49:49,,
Netflix,com.netflix.mediaclient,Entertainment,197383de-3c59-45ac-9e77-b38cb2d62bf4,Micheal Kuria,5,,Awesome 😎,0,9.75.0 build 5 64276,2026-07-23T21:44:12,,
Netflix,com.netflix.mediaclient,Entertainment,b5a4c8e5-bb58-4af1-9b04-a7e73d64186d,juliette lydia ondatje,5,,I love Netflix,0,9.75.0 build 5 64276,2026-07-23T21:39:05,,
Netflix,com.netflix.mediaclient,Entertainment,7202470d-a68e-4fb9-8bb7-26e5894810b4,Mohammad irfan Shaik,5,,wonderful app,0,9.72.0 build 3 64216,2026-07-23T21:35:17,,
Netflix,com.netflix.mediaclient,Entertainment,9ed9b4c8-c5a5-4153-b999-b41a6ac4b97a,Vikash Sundi,5,,Good experience this app,0,,2026-07-23T21:20:56,,
Netflix,com.netflix.mediaclient,Entertainment,9ec60b5b-b5b6-4cd8-b795-b588b8739ba0,Kait Houching,5,,"absolutely loved this...great cast.... seen it over 20 times. James McAvoy is brilliant. what I like is the build up of tension to the last 25 mins , fabulous film....massive thumbs up",0,9.75.0 build 5 64276,2026-07-23T20:47:15,,
Netflix,com.netflix.mediaclient,Entertainment,168dc473-64c6-4d6e-8f12-65a81f93b3ed,Dennis Wra,1,,Way too expensive for only a small library. It's really not worth it.,0,9.75.0 build 5 64276,2026-07-23T20:36:32,,
Netflix,com.netflix.mediaclient,Entertainment,0892fd4b-f3bd-4d9f-96f4-0d2a947945f4,Ann Margilou Tadla,5,,It is well-played.,0,9.75.0 build 5 64276,2026-07-23T20:12:42,,
Netflix,com.netflix.mediaclient,Entertainment,54db25da-2462-4b33-afb8-38af718c5cde,Celeste White,5,,Love these characters and I will so miss seeing them grow. It was beautiful to see them once again!,0,,2026-07-23T20:05:17,,
Netflix,com.netflix.mediaclient,Entertainment,123e3395-9c61-4c70-948f-ec240a903304,Sunil Kumar,5,,thanks for Netflix I need more movies tamil dubbed,0,9.74.0 build 5 64252,2026-07-23T20:02:43,,
Netflix,com.netflix.mediaclient,Entertainment,92df5522-1121-41fb-a5f0-753ed92f7701,Jyoti Tadvi,5,,my mother was deleted netflix,0,,2026-07-23T19:55:18,,
Netflix,com.netflix.mediaclient,Entertainment,f798a468-5cfb-4a44-858c-b93e2a55a355,presidentia Khuzwayo,1,,I payed but it's not working,0,,2026-07-23T19:38:55,,
Netflix,com.netflix.mediaclient,Entertainment,0b4721a8-af8a-4f62-837a-23969d57b265,Noah Thrives,1,,"terrible, way too many ads and the advertisements are extremely louder than the show.",0,,2026-07-23T19:36:54,,
Netflix,com.netflix.mediaclient,Entertainment,48c22262-b159-4e47-9356-ad22fcb9d6bf,Heerat Singh,5,,Netflix and chilling! off course after work.🔥🙌 who RH😂,0,,2026-07-23T19:35:10,,
Netflix,com.netflix.mediaclient,Entertainment,29c4fdb2-900a-42e3-9d0f-b36fb40adcf2,MUHAMMAD HAKIMI,5,,"""Excellent streaming service with a wide variety of movies and series. The interface is user-friendly, and the video quality is always great.""",0,9.40.0 build 7 63544,2026-07-23T19:33:44,,
Netflix,com.netflix.mediaclient,Entertainment,57115afb-bc85-4afc-8ed2-768324558960,Hadiza Sani,5,,excellent perfect,0,,2026-07-23T19:18:46,,
Netflix,com.netflix.mediaclient,Entertainment,7dbce1e3-d2d5-4b31-85b0-bf8c72f65f49,Galok Dhal,5,,very good,0,,2026-07-23T19:16:39,,
Netflix,com.netflix.mediaclient,Entertainment,9419c83c-73e5-4451-afc5-041938747ea9,Siyolise Mangaliso,5,,Great,0,8.105.0 build 15 50626,2026-07-23T18:57:25,,
Netflix,com.netflix.mediaclient,Entertainment,e3cddf35-ee07-4a94-aaef-b55edc360857,Shaurya,4,,love it,0,9.21.0 build 5 62896,2026-07-23T18:51:54,,
Netflix,com.netflix.mediaclient,Entertainment,999c5f42-96c2-468d-b368-990c133e8f6f,Barbra Nyberg,4,,pay attention! there are many twists.😆,0,,2026-07-23T18:40:57,,
Netflix,com.netflix.mediaclient,Entertainment,879ba73f-86bc-4157-91a3-689d6df848ae,Stacylea Hickman,5,,enjoying nexflex,0,8.4.0 build 12 40035,2026-07-23T18:33:16,,
Netflix,com.netflix.mediaclient,Entertainment,c54f1013-4b3c-488b-8566-64a7c06879ee,Shirley Dulin,1,,Will not let me uninstall,0,8.88.0 build 6 50512,2026-07-23T18:26:06,,
Netflix,com.netflix.mediaclient,Entertainment,20f619f9-3940-4a5f-9339-fe1eb518cf55,Razan Tirwa,2,,dark why Hindi version in netflix,0,9.75.0 build 5 64276,2026-07-23T18:23:41,,
Netflix,com.netflix.mediaclient,Entertainment,d7683bd5-a029-46dc-b8a4-261f09895ad9,Mylene Gaspalinao,1,,"It's been a week since the screen is stuck on loading, I can't even watch the series i want because it stays in loading screen",0,,2026-07-23T18:10:40,,
Netflix,com.netflix.mediaclient,Entertainment,9c71f811-3ba3-4541-8c91-fb1a0b419d0c,Rumi Mazumder,4,,best platform for entertainment,0,9.74.0 build 5 64252,2026-07-23T18:03:43,,
Netflix,com.netflix.mediaclient,Entertainment,0a7db28c-e18b-41a4-891f-912bfb1e6d15,Abraham Talker,5,,thank you so much,0,9.75.0 build 5 64276,2026-07-23T18:01:52,,
Netflix,com.netflix.mediaclient,Entertainment,1921f866-4bef-4f00-bfa5-d0c4e1b5cf91,Bada Motunrayo Eniolami,5,,I am happy that I'm using this app,0,,2026-07-23T17:44:31,,
Netflix,com.netflix.mediaclient,Entertainment,02dc9e1c-0540-4886-a90e-2cf0b72da94a,Nikki Jaat,1,,bakwaas app only for rich,0,,2026-07-23T17:43:38,,
Netflix,com.netflix.mediaclient,Entertainment,d100078e-6f00-4abd-80f7-535ebb07c0f2,Satish Shete,5,,Full entertainment,0,,2026-07-23T17:07:19,,
Netflix,com.netflix.mediaclient,Entertainment,ad7b9097-ecae-4fa0-a67e-814075386a91,Arizza,1,,Once it was a great platform. Shame on you Netflix,0,,2026-07-23T17:06:24,,
Netflix,com.netflix.mediaclient,Entertainment,d43d18b6-0bb9-46fc-854a-4ca2b219193f,Brittney King,1,,all it does is freeze on the logo page.,0,9.75.0 build 5 64276,2026-07-23T16:54:13,,
