app_name,app_id,category,review_id,username,rating,title,text,thumbs_up_count,review_created_version,at,reply_content,reply_at
"Discord - Talk, Play, Hang Out",com.discord,Social,ca340a96-0c51-43af-aa24-ffc6b0579cd7,Vivek Dubey,5,,good,0,312.9 - Stable,2026-07-26T16:20:59,,
"Discord - Talk, Play, Hang Out",com.discord,Social,5f0e8ea9-d23b-4f1a-88cf-c4f2741f7ebb,shiromi daluwatta,5,,good,0,,2026-07-26T16:18:52,,
"Discord - Talk, Play, Hang Out",com.discord,Social,d6331c59-b792-4877-8bab-5c33f30ad60c,kumar satyam,5,,Best app ever 💯,0,338.13 - Stable,2026-07-26T15:47:58,,
"Discord - Talk, Play, Hang Out",com.discord,Social,8b352f4d-9381-4a33-8e23-227681bd512d,Ella Forever,5,,"pretty nice imo,",0,301.8 - Stable,2026-07-26T15:39:21,,
"Discord - Talk, Play, Hang Out",com.discord,Social,d4d92f77-10f1-44b0-a9b4-69ce8f78b89a,Meem F.,5,,❤️‍🔥,0,338.13 - Stable,2026-07-26T15:38:09,,
"Discord - Talk, Play, Hang Out",com.discord,Social,75c60eb1-f1f9-46d4-8df9-b21f32c28e3c,samala sai krishna,1,,there is no proper forgot password option to reset password and login again,0,338.13 - Stable,2026-07-26T15:31:32,"To reset your password, tap ""Forgot your password?"" on the login page. You'll get an email with instructions to reset. If you need more help, visit dis.gd/contact for support.",2026-07-26T15:59:28
"Discord - Talk, Play, Hang Out",com.discord,Social,1ffa24a8-180d-4234-a582-6f896de90550,Mia Long,3,,"had this app since 2021 I believe. its fine up until recently theres been an update that just seems so money hungry it actually enrages me a little. though it's not a big problem, it caused a bunch of littles ones when the file without nitro is 12-15 seconds max. it used to he around 56 seconds, which is just under a minute. still caused a few problems but not one I couldn't get around. the audacity to make people pay £10 to send files, have emojis and a damn banner. it's ridiculous money 😭",0,338.13 - Stable,2026-07-26T15:05:28,,
"Discord - Talk, Play, Hang Out",com.discord,Social,7ca8139e-fdfa-4415-bd95-71e139135f6a,Jeff Foreman,1,,"This sucks. I either have to start a group no one will know about to also join or have an invite to a group, and there's no listings, not even when you search. I would have to know specific usernames off the top of my head to connect. Horrible!",0,284.14 - Stable,2026-07-26T15:03:54,"When adding friends, ensure you have their correct username and ID, like CatDog#1234. The info is case sensitive. For more details, see: https://support.discord.com/hc/en-us/articles/218344397",2025-06-22T00:03:26
"Discord - Talk, Play, Hang Out",com.discord,Social,0caf63c7-e229-44e7-88bc-7f61deeb83ff,Pinaak Khurana,5,,best,0,,2026-07-26T15:00:01,,
"Discord - Talk, Play, Hang Out",com.discord,Social,f1fd3e2e-130c-445e-80f1-93a1d8e47869,Hudda Ahmad,5,,Gooooood,0,338.13 - Stable,2026-07-26T14:57:16,,
"Discord - Talk, Play, Hang Out",com.discord,Social,5dab2d2f-0b67-4a16-9584-1aee2a551f31,Tracy Harrison,5,,it's cool,0,337.10 - Stable,2026-07-26T14:49:55,,
"Discord - Talk, Play, Hang Out",com.discord,Social,c8433a4a-ffcb-4653-bb97-90aea09eff6d,Bhavishya Kumar,5,,bro game,0,338.13 - Stable,2026-07-26T14:39:50,,
"Discord - Talk, Play, Hang Out",com.discord,Social,c974b9d6-0cdf-44a7-af31-ea0e68ee8486,Isaac HQ,3,,genuinely what is the point of advertising free Nitro just to make people put their bank details. other then that its a good app.,0,338.13 - Stable,2026-07-26T14:36:07,,
"Discord - Talk, Play, Hang Out",com.discord,Social,c9f829a8-e832-410e-9145-9927c0faf887,gurpinder warar,5,,"This is the app you never regret installing "" Specially if you are a Gamer",0,337.10 - Stable,2026-07-26T14:11:19,,
"Discord - Talk, Play, Hang Out",com.discord,Social,51fe110f-7907-4184-962b-75db414a88a7,suraikahengkin31,5,,"Great for chatting with friends and communities. Smooth voice and text communication.""",0,,2026-07-26T14:04:34,,
"Discord - Talk, Play, Hang Out",com.discord,Social,fdc86993-29b8-475d-8d62-a3e4a42b2df4,Joshi Jaydevbhai,1,,search bar add,0,338.13 - Stable,2026-07-26T13:59:19,"The search bar is already available in the Discord mobile app! Look for the magnifying glass icon in the upper-right corner. For tips on using search, check out: dis.gd/mobile-voice-help or https://support.discord.com/hc/en-us/articles/115000468588-How-to-Use-Search-on-Discord",2026-07-26T14:27:35
"Discord - Talk, Play, Hang Out",com.discord,Social,75853561-54d9-4d51-8986-02cc8bc31b9a,Shawn kollen Reyes,5,,is peak,0,338.13 - Stable,2026-07-26T13:50:17,,
"Discord - Talk, Play, Hang Out",com.discord,Social,0af01828-a9d0-4d6f-bd56-2c6b1d39bb20,Coach-Carlos Cavanaugh,1,,didn't work on logging in. when I tried to put a correct password of one of my accounts it says it didn't work when I put in the SMS code I literally have to pay for it. when I tried logging in again it says something like the amount of putting in my phone number is limited doesn't work and it doesn't work at all. respond and fix this discord.,0,338.13 - Stable,2026-07-26T13:46:38,"If you’re having trouble logging in, try resetting your password at discord.com/login using “Forgot your password?” If your phone number is rate-limited, wait 24-48 hours before trying again. For more help, visit dis.gd/contact.",2026-07-26T14:13:27
"Discord - Talk, Play, Hang Out",com.discord,Social,90b6cb6c-0837-491c-a846-72fb76aa30c6,Morgan Lorraine Dinsay,1,,I've uninstalled this app for 3 times now due to me losing my account because I forgot my Password but when I tried the same email it kept saying already registered then I decided to use my other email that I used months ago with my deleted account and it said already registered also when I kept looking for my verification code to verify my email it wasn't there even without me using dots for my email I never saw anything in my email inbox.,0,,2026-07-26T13:45:00,"If your email says ""already registered,"" try logging in and use ""Forgot your password?"" to reset. For verification emails, check spam/junk folders and allowlist Discord emails. If issues persist, visit dis.gd/contact for more help.",2026-07-26T14:13:29
"Discord - Talk, Play, Hang Out",com.discord,Social,845a9c46-8693-4829-b8e3-1bcfd041765a,Demonkitty25,1,,"I've uninstalled and reinstalled multiple times, cleared cash, cleared data, logged out and in, made sure my internet was fine, and restarted my phone. Despite all of those suggestions, it still is unresponsive, buggy, slow, and just horrible! i constantly get removed from VC without any indication that i left, or discord will just randomly crash when i use my camera, it fails to update when I've seen messages and keeps them as unread, and buttons don't register when tapped. DO SOMETHING PLEASE!",0,338.13 - Stable,2026-07-26T13:41:45,"Please check your device OS and Discord app are fully updated, and ensure permissions for mic and camera are enabled. If issues persist, upload debug logs via Settings - Support. For persistent bugs, report at dis.gd/contact. More help: dis.gd/mobile-voice-help",2026-07-26T14:11:27
"Discord - Talk, Play, Hang Out",com.discord,Social,a1fb50eb-38f5-41a0-9ee6-3bccc0772aa0,Alemzarie Ayalew,5,,Great app. heartly.,0,,2026-07-26T13:26:06,,
"Discord - Talk, Play, Hang Out",com.discord,Social,77187873-463e-41dd-9fc2-9b78e710f640,Reese,4,,"very overpriced when it comes to paid things, slightly unreasonable locked things like gifs",0,338.13 - Stable,2026-07-26T13:18:43,,
"Discord - Talk, Play, Hang Out",com.discord,Social,934bd43e-50f9-4f77-8011-5c701beea52e,Karim Gull,5,,wow,0,,2026-07-26T13:09:34,,
"Discord - Talk, Play, Hang Out",com.discord,Social,105d300c-198c-4c45-8c1c-563151cfe266,Christian Godwin,1,,"Discord don't open / work anymore on my S8+ android phone for the past 3 weeks now why? I also can't join beta program cause it's full, kindly help fix this for me pls, ty..",0,338.13 - Stable,2026-07-26T13:02:47,"Try restarting your S8+, updating Android, reinstalling Discord from Google Play, clearing app cache/data, checking storage, and switching networks. If issues persist, reach out at dis.gd/contact for more help. Thanks for your feedback!",2026-07-26T13:29:34
"Discord - Talk, Play, Hang Out",com.discord,Social,eed649b5-f4cd-4c59-ac7a-30465f7e0c46,Boopathi,1,,"can't login , tried to forget no otp comes ,",0,338.13 - Stable,2026-07-26T12:59:38,"If you're not receiving OTP for login, please check your phone number is valid and not used on another Discord account. Try restarting your device and reinstalling the app. If issues persist, visit dis.gd/contact for more help.",2026-07-26T13:29:32
"Discord - Talk, Play, Hang Out",com.discord,Social,451bf3af-2dfa-4d65-8b33-c70764a9e3ed,Jazsleen Jhagroo,4,,its cool.,0,,2026-07-26T12:59:09,,
"Discord - Talk, Play, Hang Out",com.discord,Social,45d9cb2a-1911-4aff-b3fa-be8bcc19af82,Nikki Labrador,5,,"my most favorite thing about this app is its ability to stream while having video calls. i mostly use this for my family's watch togethers, never disappoints! I also get to join channels and meet people with shared interests so it's really fun to use.",0,,2026-07-26T12:40:46,,
"Discord - Talk, Play, Hang Out",com.discord,Social,eef35be5-b7c3-4c29-a64a-cadc845d8ca0,Gregory Vernon,3,,I forgot my password and keep putting in the right one I really don't know if my problem or you're app problem but you are a amazing company and hope see and look at my problem,0,338.13 - Stable,2026-07-26T12:37:06,"If you forgot your password, tap 'Forgot your password?' on the login screen to reset it. For more help, visit dis.gd/contact. Thanks for your kind words and support! We hope you continue enjoying Discord.",2026-07-26T13:05:30
"Discord - Talk, Play, Hang Out",com.discord,Social,f48f73bf-47ca-48b7-90dc-959a5009e18c,Cloudey Ortega,1,,bro I can't log in or create account it saying wAiT aRe yOu A HuMaN,0,338.13 - Stable,2026-07-26T12:30:46,"To log in or create an account, make sure you’re using a valid email or phone number, and follow the verification steps. If you see “Are you a human?” complete the CAPTCHA. For more help, visit dis.gd/contact.",2026-07-26T12:59:25
"Discord - Talk, Play, Hang Out",com.discord,Social,64a515e3-37c6-4441-9896-c298838e28fe,rashmi pari,5,,pls let's me join I can join,0,,2026-07-26T12:00:48,,
"Discord - Talk, Play, Hang Out",com.discord,Social,db2d389f-870a-4f28-a129-4b3687146144,Kartikey Prasad,5,,best app for learning and making new friends,0,337.10 - Stable,2026-07-26T11:58:25,,
"Discord - Talk, Play, Hang Out",com.discord,Social,6dc4763c-324f-40bc-9f1f-0b78f29c64ba,Polinaa M,3,,"everything is nice but the new updates made the app on the phone look more like a pc version. I personally use phone usually, and really don't like it to see everything square-ish, it's just hurts to see. I don't think it's the same for every account or person tho. Also, because of this update, some icons don't load completely and are round, like they were before the update. Please return the previous version to the app on phones",0,338.13 - Stable,2026-07-26T11:57:09,"Thanks for your feedback! You can customize appearance in User Settings - Appearance. For UI suggestions, visit dis.gd/feedback. If icons aren't loading, please report at dis.gd/bugreport so we can investigate. We appreciate your input!",2026-07-26T12:29:31
"Discord - Talk, Play, Hang Out",com.discord,Social,84e9c8c5-1344-4487-ad35-5c0456aee6cb,baljeet singh,3,,no buffering,0,338.13 - Stable,2026-07-26T11:57:09,"For best performance, update your Android OS and Discord app, check app permissions, and try switching between WiFi and mobile data. If issues persist, see our troubleshooting guide: dis.gd/mobile-voice-help",2026-07-26T12:29:30
"Discord - Talk, Play, Hang Out",com.discord,Social,0dcc0b73-4f1b-4fe0-b2a0-6bfbb92a5630,Ujwala Wafgaonkar,5,,my old account u won't recover it bez i forgot backup codes,0,338.13 - Stable,2026-07-26T11:48:39,,
"Discord - Talk, Play, Hang Out",com.discord,Social,69254b2d-623d-43bb-b96e-2cf74c4afe8e,Yashas Korapati,1,,"This just asks me for email verification and after click ""succeed"" it just logs me off. And one more thing, why can't I use my email again? Pls FIX THIS and this is the only electronic that has discord account",0,,2026-07-26T11:41:15,"Try resending the verification email in User Settings - Account. If your email can't be reused, it may be tied to another Discord account. Wait 24 hours before trying again. If issues persist, visit dis.gd/contact for more help.",2026-07-26T07:19:26
"Discord - Talk, Play, Hang Out",com.discord,Social,930d64da-da47-49f1-9e5f-ae585c56b0e6,Ughh Bjb,5,,BEST APP FOR FF PANEL SELL,0,,2026-07-26T11:10:53,,
"Discord - Talk, Play, Hang Out",com.discord,Social,3db9fae2-d7fc-4d39-812a-79d365872cc4,Moon Hseng,5,,I made lots of new friends,0,337.10 - Stable,2026-07-26T11:07:07,,
"Discord - Talk, Play, Hang Out",com.discord,Social,8b71fc88-e5a8-44eb-97c7-ac18b4bd8155,Ruhi Pal,5,,very good,0,,2026-07-26T10:52:47,,
"Discord - Talk, Play, Hang Out",com.discord,Social,47e45d55-a4e1-4f3a-98c8-7ebeb5a177de,Naina Garg,5,,nice,0,337.10 - Stable,2026-07-26T10:45:28,,
"Discord - Talk, Play, Hang Out",com.discord,Social,d512e11b-abe9-48bb-a2ef-6e29d9a91d63,David Gray,5,,depends on person,0,,2026-07-26T10:43:17,,
"Discord - Talk, Play, Hang Out",com.discord,Social,71a2f618-e309-4af3-99bd-dbef2c48898e,Jaiden George,5,,"great, only issue is the messaging system, if theres a way to remove incoming dms so I dont have to like allow people to msg thatd be good to know",0,338.13 - Stable,2026-07-26T10:33:17,,
"Discord - Talk, Play, Hang Out",com.discord,Social,e2320a5e-84d4-4d87-9a3b-6f449208c15f,Dineshbhai Lunashiya,5,,good but give me nitro trail bro,0,337.10 - Stable,2026-07-26T10:19:16,,
"Discord - Talk, Play, Hang Out",com.discord,Social,8f580c0e-4327-462b-97ee-5f40172eb13e,Naeem urrehman,5,,discord is best place for trading,0,,2026-07-26T10:09:58,,
"Discord - Talk, Play, Hang Out",com.discord,Social,03e585bf-4419-482c-8816-b1c5a924ce72,Oliver Land,5,,"I like using discord, But somehow my kid is always wanting this app I've been telling him that it's 13+ Can you make an Kids version of it? if they're about to say an swear word in the chat make it moderated like it's not supposed to be sent. and more rules for kids. If not it's okay.",0,,2026-07-26T10:01:50,,
"Discord - Talk, Play, Hang Out",com.discord,Social,ef66602b-974a-4471-b204-a60d91c20079,T D,3,,it's ok,0,338.13 - Stable,2026-07-26T09:59:37,"Thanks for sharing your feedback! If you have suggestions or need help, please visit dis.gd/contact for personalized support. We're always working to improve your experience on Discord.",2026-07-26T10:27:28
"Discord - Talk, Play, Hang Out",com.discord,Social,02faa786-0308-4a59-a31d-fe644577cb43,Lily Hafner,4,,I got to meet a lot of my friends on this amazing app,0,338.13 - Stable,2026-07-26T09:57:34,,
"Discord - Talk, Play, Hang Out",com.discord,Social,5af8ab21-c98c-4fe0-af2d-c3cb9b22d8c4,Matthew,1,,I love it but im just to evil to rate it 5 stars,0,214.16 - Stable,2026-07-26T09:44:53,"Thanks for your feedback! We're glad you enjoy Discord. If you ever have suggestions or need help, check out dis.gd/contact. Keep connecting and having fun with the Discord community!",2026-07-26T10:13:23
"Discord - Talk, Play, Hang Out",com.discord,Social,f1f6a3cf-fae4-44a2-9741-f753ed2a0596,bamboman “bamboman4321” 4321,5,,best app,0,338.13 - Stable,2026-07-26T09:25:49,,
"Discord - Talk, Play, Hang Out",com.discord,Social,76b475cf-9d4a-4f34-9f15-edbf7fc64904,Liam Crane,5,,soo good Fun with friends fun with everyone,0,337.10 - Stable,2026-07-26T09:18:05,,
"Discord - Talk, Play, Hang Out",com.discord,Social,0e97e6fb-017b-4560-a9cc-cdc98c82f80e,Katherine Rivard,4,,"good, my reports are rarely answered tho 😞",0,338.13 - Stable,2026-07-26T09:15:08,,
"Discord - Talk, Play, Hang Out",com.discord,Social,d9537460-f5dc-4752-8600-3598ae3bb733,kaw khu,5,,it's very nice also I get to call my friends,0,338.13 - Stable,2026-07-26T08:57:15,,
"Discord - Talk, Play, Hang Out",com.discord,Social,116ea8bd-3239-4677-b883-2918250b276b,Jesse Vintrova,5,,Discord is a pretty good app to talk to people and meet new people.,0,338.13 - Stable,2026-07-26T08:42:34,,
"Discord - Talk, Play, Hang Out",com.discord,Social,306361b6-e18b-4903-8716-481c907b9076,Alix Adair,5,,it allows me to be able to talk with my friends without a phone number,0,338.13 - Stable,2026-07-26T08:38:00,,
"Discord - Talk, Play, Hang Out",com.discord,Social,92706d73-bb05-4e84-959a-dbd0eab26b39,Blaze,3,,"I bet it's good, but it won't let me sign up",0,,2026-07-26T08:11:42,"To sign up, install Discord and follow the registration steps. Discord requires Android 7+ for compatibility. If you still can't register, please visit dis.gd/contact for further help. Thanks for your interest in joining the Discord community!",2026-07-26T08:39:30
"Discord - Talk, Play, Hang Out",com.discord,Social,df4768af-01da-49ba-af77-e8da5c5cd979,Bumblesquat,5,,"was wonderful, I even pay for nitro... however recently I've been having issues with the app that nothing seems to resolve. very frustrated EDIT: Wonderful help from the support has got my discord back up and running as it should!! All of my issues were resolved with their help!",0,,2026-07-26T08:08:18,"Thanks for your feedback! Please try updating your app and device OS, reinstalling Discord, and checking your internet connection. If issues persist, visit dis.gd/contact for more help. We appreciate your support and Nitro subscription!",2026-07-25T23:53:30
"Discord - Talk, Play, Hang Out",com.discord,Social,9f4fc479-f3f9-435c-9adf-d37622ef2d85,Scrubby The Slime,3,,"Torment yourself with friends you can never hug, and acquaintances who gradually get bored of you today, get Discord! NOW! =D",0,326.14 - Stable,2026-07-26T07:53:16,"Thanks for sharing your thoughts. If you have feedback or need help with any Discord features, please reach out at dis.gd/contact. We're always working to improve the experience for everyone.",2026-07-26T08:19:28
"Discord - Talk, Play, Hang Out",com.discord,Social,5629df0c-b412-40e3-a91b-8fb38fa30072,cruz,5,,its great,0,336.10 - Stable,2026-07-26T07:49:21,,
"Discord - Talk, Play, Hang Out",com.discord,Social,d53b2f39-290d-4b57-a11d-cf54f8e424f4,Paulo Boncan,4,,it's aight,0,338.13 - Stable,2026-07-26T07:47:37,,
"Discord - Talk, Play, Hang Out",com.discord,Social,5c700729-57a3-45e9-95d4-9f4c2986cd11,Patrice Jones,2,,I don't like it because I always get this thing where we have to do these puzzle things to verify as a human it's always saying wait are you human I've done it a million times and it won't work I'm 13 it still won't work they need to fix it and I can't even talk on it 😡😡😡😡,0,,2026-07-26T07:44:39,"If you're having trouble with human verification puzzles and can't access Discord, try verifying your email and phone number. If the captcha still won't work, visit dis.gd/contact for help. For more info on verification: https://support.discord.com/hc/en-us/articles/6181726888215",2026-07-26T08:13:29
"Discord - Talk, Play, Hang Out",com.discord,Social,2ab93721-a0aa-4c71-b16a-cc9fd409ba85,Natasa Ivanics,1,,I got doxed😢 (Everyone get the reference),0,338.13 - Stable,2026-07-26T07:38:46,,
"Discord - Talk, Play, Hang Out",com.discord,Social,8ba8db2a-06ae-4a1d-9314-abb1857fbc6f,Chai Jin Xin,5,,"Fantastic app for communities and gaming. Voice chat is clear, and the server features make it easy to stay connected with friends.",0,338.13 - Stable,2026-07-26T07:29:23,,
"Discord - Talk, Play, Hang Out",com.discord,Social,b4609b65-19d4-4ad6-aee8-5ba0025e74dd,Melissa Greathouse,1,,I am getting notifications EVERY. OTHER. STUPID. MINUTE. OF. EVERY. DAY. It's the most annoying thing in the world. I've turned off EVERY setting in notifications. still a million notifications. I turned the app on do not disturb. still constant notifications. tried logging out and back in. guess the result. I didn't LOVE discord to begin with. this is not helping my opinion at all.,0,338.13 - Stable,2026-07-26T07:04:51,"Try muting each server individually in Server Notification Settings and enable ""Suppress Highlights"" for each. Also, check Android's global notification settings for Discord. For more help, visit dis.gd/contact.",2026-07-26T07:29:26
"Discord - Talk, Play, Hang Out",com.discord,Social,6e4e4349-52e4-4a27-9720-188866be211d,Jason Workman.,5,,"pretty fire, you can chat, have fun and make others happy, on the contrary the predator problem is bad, but nothing Is perfect, they need to do some fixes with that but other it's great",0,338.13 - Stable,2026-07-26T07:01:21,,
"Discord - Talk, Play, Hang Out",com.discord,Social,1a3f80c5-7659-4bb4-b65f-9d0f31d60178,Brian A.,5,,its cool. I just haven't figured out the navigation very well...,0,338.13 - Stable,2026-07-26T06:36:39,,
"Discord - Talk, Play, Hang Out",com.discord,Social,96f4954a-6888-4b35-8c0e-5ede4b2adcc4,Loloz Destin,5,,I love this app,0,338.13 - Stable,2026-07-26T06:00:06,,
"Discord - Talk, Play, Hang Out",com.discord,Social,7b096d75-25c6-4eb2-ae62-f1c17bcf1a61,Emilio Rangel,5,,i love it,0,338.13 - Stable,2026-07-26T05:49:48,,
"Discord - Talk, Play, Hang Out",com.discord,Social,5bab0ae7-dd05-45dc-9bfb-e075c7358e9a,Emily,4,,"I love discord, but it's so buggy",0,338.13 - Stable,2026-07-26T05:47:20,,
"Discord - Talk, Play, Hang Out",com.discord,Social,4a4482c1-c104-4807-a943-73f066180cda,Tyler Thompson,1,,Why in the middle of gaming on my phone does discord never fail to just stop working? Like all of the sudden I cant hear my friends anymore. fix your app please,0,338.13 - Stable,2026-07-26T05:44:30,"Try restarting your device, updating Discord and your OS, and checking your audio settings in Discord’s Voice & Video section. If issues persist, reinstall the app and check your network connection. For more help, visit dis.gd/mobile-voice-help or dis.gd/contact.",2026-07-26T06:13:32
"Discord - Talk, Play, Hang Out",com.discord,Social,706d852b-eefa-4932-8acc-88b7ebb86084,Jimel Crypthone,5,,love this community 💯,0,332.12 - Stable,2026-07-26T05:16:04,,
"Discord - Talk, Play, Hang Out",com.discord,Social,496b7872-fd5b-4f67-813e-edd1dac70eb5,Nicholas Stefanowich,1,,"The app is normally great, but recently this is the THE WORST customer service I have ever seen in my life. You want to talk to someone? Too bad. They have bots with canned advice that will redirect you to the thing you just did and close thing ticket so humans never see it. The bots are designed to make any moderation actions final by making it impossible to interact with a human to appeal. 0/5 the worst customer service I have ever seen. If they don't turn this around quick, I will leave.",0,333.12 - Stable,2026-07-26T05:08:09,"We appreciate your feedback and understand your concerns. For personalized support or moderation appeals, please visit dis.gd/contact. We're always working to improve our support experience.",2026-07-26T05:39:28
"Discord - Talk, Play, Hang Out",com.discord,Social,c8a27f2d-c57b-415b-8fef-531be5bb97df,Faye,1,,Please. I'm begging you. I don't want any orbs!,0,338.13 - Stable,2026-07-26T04:56:40,"We don’t have information about orbs in Discord. If you need help with another feature or issue, please reach out at dis.gd/contact for personalized support.",2026-07-26T05:23:31
"Discord - Talk, Play, Hang Out",com.discord,Social,10ec6674-3f34-41b7-b5b9-fa7301f5e520,Bailey McCann,1,,somebody that was faking a tech support help desk stole my account in information and is threatening me with FBI their name is Mark Sanchez that's what they said to me so if you get something from a friend saying that they accidentally reported your account don't believe it my username was froggy.3 update I just sent in a request to get my account back if they do not get my account back I don't know what to do but I will be reporting discord for letting scammers in their app,0,,2026-07-26T04:35:59,"If your account was compromised, please visit dis.gd/hackedaccount to report it and start recovery. Discord staff will never contact you directly for support. For more tips on account safety, check https://discord.com/safety.",2026-07-26T04:15:33
"Discord - Talk, Play, Hang Out",com.discord,Social,40144059-46e8-4ffb-a937-e16a63e60253,Daveon Cotton,3,,Just Chef's Kiss,0,338.13 - Stable,2026-07-26T04:23:46,"Thanks for sharing your thoughts! If you have any suggestions or need help, please reach out at dis.gd/contact. We're always looking to improve your Discord experience.",2026-07-26T04:53:30
"Discord - Talk, Play, Hang Out",com.discord,Social,f2e37e65-dc13-4532-86f0-9f93198a5f15,Priyanto Atoe,1,,stuck loading my video my phone can't work on late,0,338.13 - Stable,2026-07-26T04:10:10,"Try restarting your phone, updating Discord and your OS, and checking camera permissions. If the issue persists, reinstall the app and switch between Wi-Fi and mobile data. For more help, visit dis.gd/mobile-voice-help.",2026-07-26T04:37:24
"Discord - Talk, Play, Hang Out",com.discord,Social,3a3a72c1-f413-4f3a-8926-b076c91d8b6b,Spy Agent,1,,when I was making my account my verification code didn't work each time,0,338.13 - Stable,2026-07-26T04:05:04,"If your verification code isn’t working, please ensure your phone number is valid, not VOIP or landline, and not tied to another Discord account. If issues persist, try again later or reach out for help at dis.gd/contact.",2026-07-26T04:33:29
"Discord - Talk, Play, Hang Out",com.discord,Social,92263313-9ba7-4a64-bd48-a6384d422c99,Faith Cartwright,4,,i love the app but can u stop asking for peoples phone number because some people might have got kicked put of their account and trying to create another one but they try to use their phone number again and it doesnt work thats all i have to say i love the app,0,,2026-07-26T04:00:45,,
"Discord - Talk, Play, Hang Out",com.discord,Social,7dca51a0-1c9e-41b5-9368-bac7342b7bb0,Mason Nicholas,4,,"Great app for hanging out with friends, no restrictions on what you say tho",0,338.13 - Stable,2026-07-26T03:44:49,,
"Discord - Talk, Play, Hang Out",com.discord,Social,b299ef8b-c452-49ad-9f8a-205c1faca96d,Alex Patt,5,,tuff,0,338.13 - Stable,2026-07-26T03:44:19,,
"Discord - Talk, Play, Hang Out",com.discord,Social,f05933eb-692d-411e-9ca3-bfed2f0b25dc,Logan Gonzalez,1,,it sucks.It banned me for no reason!!! I'm 14 it said I'm under age! Discord unban MEEE!!! Also ban gungi his 7.,0,338.13 - Stable,2026-07-26T03:22:10,"If you're old enough for Discord but got banned, you can appeal by verifying your age with an ID scan. Check out this guide for help: https://support.discord.com/hc/en-us/articles/360041820932-Help-I-m-old-enough-to-use-Discord-in-my-country-but-I-got-locked-out",2026-07-26T03:53:32
"Discord - Talk, Play, Hang Out",com.discord,Social,b722ddaa-7ea8-4944-a123-1c3e03f9f57c,Issa,5,,"I love this app, it helped me so much, and to my friends. they saved me and teached me to stay strong.",0,337.10 - Stable,2026-07-26T03:15:38,,
"Discord - Talk, Play, Hang Out",com.discord,Social,03fcca51-7ec0-4593-9f1a-16991214800d,Yuri Williams,1,,one of my accounts were banned without reason I am 15 and I had that account for the longest time all my stuff is there and I never even got a refund if u can I would really like my account back :( Ps. I can't appeal anymore can you issue another appeal for the account aphr0dite.luvs?,1,338.13 - Stable,2026-07-26T03:06:30,"If you believe your account was banned in error, you can appeal by logging in and following the instructions in your violation card. For more help, visit dis.gd/contact. Account refunds are not issued for bans. More info: https://support.discord.com/hc/en-us/articles/360041820932",2026-07-22T10:29:28
"Discord - Talk, Play, Hang Out",com.discord,Social,d53dc68f-e89d-4986-94d5-37a67d85ecdb,Yeni Montufar,1,,"Latest version is SO glitchy! Images won't load, have to be deleting cache and stopping the app regularly for it to work properly. It worked great and smoothly on the last ones!",114,338.13 - Stable,2026-07-26T02:56:31,"Please try restarting your device and reinstalling the app. If the issues persist, follow our Help Center steps here: https://dis.gd/mobile-voice-help",2025-01-16T05:29:28
"Discord - Talk, Play, Hang Out",com.discord,Social,f095cd58-ab37-47f6-a8d2-9276ea5f2841,South Bahia,1,,"This app is notorious for false punishments and also has poor privacy protection! The only reason anyone would use it is because their competitors are either too different from Discord or too small for most to notice. Stoat for example is much smaller but is actually much better with its moderation and doesn't charge money for features that should be available to everyone for free, unlike Discord. Using Discord will leave you with lots of confusion and crushed hope.",0,,2026-07-26T02:47:19,,
"Discord - Talk, Play, Hang Out",com.discord,Social,84503722-2c91-4b69-abf1-98ccebb36c87,Jamie Flett,3,,decent,0,338.13 - Stable,2026-07-26T02:43:04,"Thanks for your feedback! If you have suggestions or need help, please reach out at dis.gd/contact. We're always working to improve your experience on Discord.",2026-07-26T03:13:26
"Discord - Talk, Play, Hang Out",com.discord,Social,e3951d0a-4f4a-480a-8729-993a4449751c,Paul Maduagwu,1,,"the app does not work recently, it's always stuck.",0,338.13 - Stable,2026-07-26T02:24:50,"Try restarting your device, updating your OS and Discord app, and clearing the app cache. If the issue persists, reinstall Discord from the Google Play Store. For more help, visit dis.gd/mobile-voice-help or dis.gd/contact.",2026-07-26T02:53:30
"Discord - Talk, Play, Hang Out",com.discord,Social,8d843271-bb4e-4091-9d12-6a529803e51f,Madacha YT.,1,,Los del soporte técnico no ayudan en nada.,0,,2026-07-26T02:16:29,"Gracias por tu comentario. Si necesitas ayuda específica, puedes contactarnos directamente en dis.gd/contact para recibir asistencia personalizada. Estamos aquí para ayudarte a resolver cualquier inconveniente que tengas.",2026-07-26T02:43:25
"Discord - Talk, Play, Hang Out",com.discord,Social,3aeac814-79ba-489c-894e-b66ad853eb81,Nighkit,1,,"I've been a discord user since 2019, this app is so bad. My account got hacked, so after i deleted everything the hacker sent (MrBeast crypto scams), Reset my password, And made sure to tell everyone i got hacked, Discord limited my account for 2 years. I sent an appeal, explaining i got hacked, and got rejected. Keep in mind, this whole mrbeast hack has been going on for a year now. And now, there's a new hack going about with using friend accounts to trick you into getting hacked. Garbage app.",0,338.13 - Stable,2026-07-26T02:01:31,"We understand your frustration. For account issues like limitations after a hack, please visit dis.gd/contact for personalized support. Stay vigilant against scams and keep your account secure. Your feedback helps us improve security for everyone.",2026-07-26T02:27:36
"Discord - Talk, Play, Hang Out",com.discord,Social,0f527429-baa3-4370-ac5e-61b032b0dd90,aaron xavier,5,,i like this app,0,338.13 - Stable,2026-07-26T01:51:40,,
"Discord - Talk, Play, Hang Out",com.discord,Social,abb1a7dd-7ce7-4f2d-bd0b-ee6acf739e49,Rei Kawa,3,,this app is Teto approved 👍,0,338.13 - Stable,2026-07-26T01:24:55,"Thanks for the Teto approval and your positive feedback! We're glad you're enjoying Discord. If you have any suggestions or want to share more, feel free to let us know at dis.gd/feedback. Keep connecting and having fun with the community!",2026-07-26T01:49:33
"Discord - Talk, Play, Hang Out",com.discord,Social,ec2fef79-7db0-44c6-88e5-c81f4b7c8492,Talha Shaikh,4,,"Pretty awesome but can we just have the chat and screen share button swapped back to how it was before? The chat feature is used more as compared to the screen share feature, so logically it should have a larger and more accessible button. Also on Android, when playing music with bots on VCs, the quality significantly deteriorates, it's probably due to the input and output device being the same, but I'm sure nobody carries a separate mic all the time, fix those and you get a 5 star!",0,338.13 - Stable,2026-07-26T01:20:36,,
"Discord - Talk, Play, Hang Out",com.discord,Social,4315e6f7-29e3-4b8e-ad84-d1e49ef610ae,Jason Smith,1,,awful thing locks up on login it pops up a new window like it wants to present something to you but it's just blank and then it cycles back to login.,0,338.13 - Stable,2026-07-26T01:16:07,"Try restarting your device, updating your OS, and reinstalling Discord from the Google Play Store. If the issue persists, clear the app cache and data in your device settings. For more help, visit dis.gd/contact or see troubleshooting steps: dis.gd/mobile-voice-help",2026-07-26T01:43:30
"Discord - Talk, Play, Hang Out",com.discord,Social,9dcb9420-0a39-4c97-9d9b-3a7b763022d5,Leo,4,,so good but some scam bots..,0,338.13 - Stable,2026-07-26T01:12:05,,
"Discord - Talk, Play, Hang Out",com.discord,Social,b46ae59e-971c-4f82-95d2-c1398c334e9d,Finesse Jones,5,,I've been using this app for awhile now and since then it's been a great experience for me and I've found tons of new friends,0,338.13 - Stable,2026-07-26T01:10:15,,
"Discord - Talk, Play, Hang Out",com.discord,Social,fba36e93-f762-4cbf-b540-358236a05036,TACOVIX,5,,useful application,0,319.14 - Stable,2026-07-26T00:55:08,,
"Discord - Talk, Play, Hang Out",com.discord,Social,b204c5e4-23b2-48a3-81c0-6af5143f45bf,Side Rebar,5,,yeah,0,,2026-07-26T00:46:20,,
"Discord - Talk, Play, Hang Out",com.discord,Social,9eda3103-d90e-4504-a172-c857de62358a,Justin and Friends,5,,great for communicating with friends!,0,338.13 - Stable,2026-07-26T00:45:51,,
"Discord - Talk, Play, Hang Out",com.discord,Social,4e98864d-fc2f-49cc-9bb2-3811f85e158f,glittery vitaminwater,1,,"why do you need credit and data to accept a free gift? it's a free gift after all, you know?",1,339.11 - Stable,2026-07-26T00:43:00,"Nitro gifts require payment info to prevent fraud and confirm the method works. A temporary hold may appear but is reversed quickly. You can cancel before the trial ends to avoid charges. For more help, visit dis.gd/contact.",2026-07-26T01:13:35
"Discord - Talk, Play, Hang Out",com.discord,Social,cd1031df-43ac-480e-aebd-727febadfae1,Marina Gerick,5,,great way to socialize and meet new people.,0,338.13 - Stable,2026-07-26T00:38:55,,
"Discord - Talk, Play, Hang Out",com.discord,Social,8c3dad9c-faee-4d5b-ac45-8fcd489b33cf,Golpo Kar,1,,whyyyy it is slow in channel or chat??,0,335.11 - Stable,2026-07-26T00:38:41,"Try updating your Discord app and device OS, clear app cache, and switch between Wi-Fi and mobile data. Disable auto-play for GIFs and animated emojis in Accessibility settings. For more help, visit dis.gd/mobile-voice-help.",2026-07-26T01:05:31
"Discord - Talk, Play, Hang Out",com.discord,Social,dc42740f-ed2f-4e6b-a85d-449af6e48dcb,Talen Venketsamy,3,,Meh,0,338.13 - Stable,2026-07-26T00:30:12,"Thanks for sharing your thoughts! If you have suggestions or need help, please reach out at dis.gd/contact. We're always working to improve your experience on Discord.",2026-07-26T00:59:33
"Discord - Talk, Play, Hang Out",com.discord,Social,70ae93b3-a0db-44a4-97ad-77a92e3f89a0,Toro Kipkip,2,,it has been getting laggier since the update. please fix this or create a lite version. i just want to chat with my friends but opening the app has been quite a problem.,32,337.10 - Stable,2026-07-26T00:28:25,"Try updating your app and device OS, clearing cache, and reinstalling Discord. For lag reduction, disable GIFs and animated emoji in User Settings - Accessibility. For feature requests like a lite version, share your ideas at dis.gd/feedback.",2026-07-26T00:59:30
"Discord - Talk, Play, Hang Out",com.discord,Social,4b65bfe2-d00b-467f-8401-7cf3f49473fb,Mario Paramo,5,,I like this app,0,338.13 - Stable,2026-07-26T00:22:33,,
"Discord - Talk, Play, Hang Out",com.discord,Social,0d330925-7c32-4004-939e-c4c940b7aaa8,FORTY dan,1,,its just weird I'll tell them my self,0,,2026-07-26T00:20:36,"Thanks for your feedback! If you have specific suggestions or issues, please let us know at dis.gd/contact so we can help improve your experience.",2026-07-26T00:49:30
"Discord - Talk, Play, Hang Out",com.discord,Social,822522e4-0dea-4296-8552-dd6f28912593,Kevin Ray Senier,1,,Cannot access age-restricted content I'm already 30 years old *sighs* and cannot access the ID verification page always crashes with a white screen,4,338.13 - Stable,2026-07-26T00:18:23,"To access age-restricted content, please complete the age assurance process in your User Settings. If your age group is incorrect, retry verification or use the ID scan option. For more help, visit: https://support.discord.com/hc/en-us/articles/360041820932",2026-04-16T03:43:30
"Discord - Talk, Play, Hang Out",com.discord,Social,8313c25f-f2bb-4bc9-826c-8f14e41c910f,abdelrahman moustafa,2,,"I've been trying to use this app on my phone for so long but it keeps crashing. I've tried everything for it to work but nothing worked. it works completely fine on my computer but it won't on my phone. I've tried updating my OS but it was up to date, I've tried reinstalling it, I've tried clearing cache AND data, I've tried everything possible.",1,336.10 - Stable,2026-07-25T23:59:07,"Try restarting your Samsung device, updating your OS and Discord app, and clearing the app cache. If the issue persists, uninstall and reinstall Discord from the Play Store. For more help, visit dis.gd/contact or check dis.gd/mobile-voice-help.",2026-07-24T22:07:30
"Discord - Talk, Play, Hang Out",com.discord,Social,8807cdb0-de38-47bf-be20-1c5f1c1a2522,Kaen,3,,"The app is okay, not as good as pc version. When in a call the app no longer allows you to send messages and you have to leave the call and reset discord to send messages again",0,338.13 - Stable,2026-07-25T23:51:45,"Try restarting the app, updating Discord and your device OS, or reinstalling if needed. If the issue continues, please report it at dis.gd/contact. For more guidance on mobile calls, visit dis.gd/mobile-voice-help.",2026-07-26T00:19:29
"Discord - Talk, Play, Hang Out",com.discord,Social,c7d37162-860c-41a0-a7b0-cc27cb81e78f,Hazem Hesham,4,,its good,0,338.13 - Stable,2026-07-25T23:30:33,,
"Discord - Talk, Play, Hang Out",com.discord,Social,b8ec857e-af64-4612-8e3e-e8a017dc13e6,Мат,1,,не работает,0,327.12 - Stable,2026-07-25T23:22:25,"Попробуйте обновить Discord до последней версии и убедитесь, что ваша операционная система также обновлена. Проверьте разрешения приложения и попробуйте переключить сеть (Wi-Fi/мобильные данные). Подробнее: dis.gd/mobile-voice-help",2026-07-25T23:53:27
"Discord - Talk, Play, Hang Out",com.discord,Social,684b7fbf-9a0c-4ab9-aeda-587e1e7d48b2,Roblox,3,,this has so many pdf guys but except that it's good until you don't go deep into communities,0,338.13 - Stable,2026-07-25T23:17:43,"Thanks for your feedback! If you have concerns about community content or moderation, you can learn more at dis.gd/feedback or reach out via dis.gd/contact. We're always working to improve your experience on Discord.",2026-07-25T23:49:27
"Discord - Talk, Play, Hang Out",com.discord,Social,a91bed2e-f0b1-4fee-9ce3-73700ad4e3a1,Siviwe Phillips,5,,good,0,337.10 - Stable,2026-07-25T23:14:28,,
"Discord - Talk, Play, Hang Out",com.discord,Social,b7b0f039-1c6c-4577-92bd-bff1ee8d3418,TKF TB (Richard Kudr),5,,best app to call friends,0,,2026-07-25T23:08:51,,
"Discord - Talk, Play, Hang Out",com.discord,Social,a9dc5313-566e-46ec-9fb1-37481f236354,Derek Blessum,1,,Make it easier to log in on a computer. Put the QR code scanner front and center. Allow password managers.,0,338.13 - Stable,2026-07-25T23:03:28,,
"Discord - Talk, Play, Hang Out",com.discord,Social,62fc84aa-a73b-463c-be2c-61cbb2095b06,Dillon,5,,useful,0,337.10 - Stable,2026-07-25T22:59:25,,
"Discord - Talk, Play, Hang Out",com.discord,Social,dd073b43-7191-4ed2-825a-8dbd643961ae,Tectalmars,1,,I tried to create app it doesn't let me add it or create it,0,,2026-07-25T22:53:12,"We don’t have information on creating apps within Discord. If you’re looking to build bots or integrations, visit dis.gd/contact for guidance. If you meant something else, please clarify so we can assist further.",2026-07-25T23:23:31
"Discord - Talk, Play, Hang Out",com.discord,Social,95d4754e-465a-43d6-943c-6f187d82d6a7,connor ross,1,,I lost access on another account I can no longer sign back in because apparently according to your app the email doesn't work I'm using a different email to write the review but I can't sign back it and I would like access to that account back and I can't connect it to my phone number because that's also connected to an account that I also lost access to roughly a year ago and I can't finally thing with your support team because I need to be signed in,0,338.13 - Stable,2026-07-25T22:42:24,"If your email isn’t recognized, it may not be tied to a Discord account. Try all possible emails or your phone number if it was linked. If you lost access to both, visit dis.gd/contact for help recovering your account. For more info: https://support.discord.com/hc/articles/32557375603479",2026-07-25T23:13:31
"Discord - Talk, Play, Hang Out",com.discord,Social,f533198d-bae2-4403-b138-8075dff62c86,Eんq そter,1,,"It has been some weeks since I have received a penalty for a rule I have never violated simply by asking a fair question that never had any slurs, name calling or any profanities to begin with. The moderator who after my request to review the penalty of my comment (a fair and respectful question without cussing or slurs) stuck to their guns and kept the penalty. To anyone interested in joining Discord and values freedom of speech: this app is NOT for you. Oh and Support Center is ran by bots..",1,334.11 - Stable,2026-07-25T22:32:41,"If you believe your penalty was unfair, you can appeal by submitting details at dis.gd/contact. Our team reviews each case individually. We value respectful conversations and are here to help with any concerns.",2026-07-25T23:05:27
"Discord - Talk, Play, Hang Out",com.discord,Social,694c3176-2b24-41f6-b6cc-74b95fa65878,Momin Reja,5,,সুন্দর,0,,2026-07-25T22:26:19,,
"Discord - Talk, Play, Hang Out",com.discord,Social,46b49fd4-2388-4d3d-938e-271284907a6d,Jesse Hiatt,2,,"The app constantly has issues logging in. It also randomly will have times when messages won't send as if there were no Internet. On top of that there are times certain aspects won't load, such as nitro items or profile pictures.",0,,2026-07-25T22:16:31,"Try restarting your device, updating Discord and your OS, and switching between Wi-Fi and mobile data. If images or Nitro items don’t load, changing your DNS provider may help: dis.gd/mobile-voice-help. For persistent issues, reinstall the app or clear cache.",2026-07-25T22:43:32
"Discord - Talk, Play, Hang Out",com.discord,Social,4468c3a8-f16b-4494-a534-dd04a18358df,Jashika Khatun,2,,the worst app ngl suspended me for no reason,0,333.12 - Stable,2026-07-25T22:03:15,"Account suspensions are based on violations of Discord's guidelines. If you believe your suspension was a mistake, you can request a review at dis.gd/contact. We're here to help you resolve any issues with your account.",2026-06-16T13:13:37
"Discord - Talk, Play, Hang Out",com.discord,Social,5f2229a2-a7bb-4732-b1e9-ff3f6514cdb2,Adrian E,5,,Great place to find people sharing what you're interested in.,0,338.13 - Stable,2026-07-25T21:31:55,,
"Discord - Talk, Play, Hang Out",com.discord,Social,36d338fa-ed40-44d2-8313-81b27b7bdc05,Danielle Zahn,5,,"I love being with my friends and interacting with them over Voice Chats, server events, and streaming whatever I am up to.",0,338.13 - Stable,2026-07-25T21:26:16,,
"Discord - Talk, Play, Hang Out",com.discord,Social,93e3832a-a9d3-4b3f-9cfa-5544ae0b6f4d,Iamhustgonnado Vids,5,,"This app is good been using it for a while and so far I really recommend this app, it's also really important especially if you want to join your favorite content creator's server. Or add your friends in this app",0,,2026-07-25T21:26:01,,
"Discord - Talk, Play, Hang Out",com.discord,Social,c78269bf-ca32-410e-8306-29f0c0778492,Ibaad Paras Qazi,5,,👍🏻🙂,0,336.10 - Stable,2026-07-25T21:25:25,,
"Discord - Talk, Play, Hang Out",com.discord,Social,79e1157f-7ad2-48c6-b7ba-4b0fb39d943f,Ghing Parba,1,,"its just infuriating for me to push buttons over and over again, my screen is not broken, and my phone is not laggy, but it forces me to go in a loop with ""verify email"" or ""verify phone"" I ALREADY DID!!!!!",0,338.13 - Stable,2026-07-25T21:22:03,"If you're stuck in a verification loop, try reinstalling the app and clearing cache. Make sure your email and phone are entered correctly. For more help, visit dis.gd/contact. We’re working to improve this experience.",2026-07-25T21:49:36
"Discord - Talk, Play, Hang Out",com.discord,Social,4bc7ad9a-2cf3-4ac1-b10f-dc90d068d624,Makhi Ghoston,4,,I just feel like thats its spamming policy cannot be so strict. and not verifying are you a robot every dms. even if the person add you,0,338.13 - Stable,2026-07-25T21:06:57,,
"Discord - Talk, Play, Hang Out",com.discord,Social,3e68fa31-abd6-4a22-b114-07acc4884664,Aiden Holder,5,,nice,0,338.13 - Stable,2026-07-25T21:05:31,,
"Discord - Talk, Play, Hang Out",com.discord,Social,4e25379b-d4e9-4fb1-a861-14101e45a526,Trap Rodriguez,4,,pretty helpful,0,338.13 - Stable,2026-07-25T21:03:42,,
"Discord - Talk, Play, Hang Out",com.discord,Social,3990ca75-81e8-4304-8309-45f4b0366cb1,Wajid Rahman,5,,Excellent❤️✅🥰🔥😘Five-stars🥰🔥😘❤️✅,0,337.10 - Stable,2026-07-25T20:53:29,,
"Discord - Talk, Play, Hang Out",com.discord,Social,a37d254f-4104-4a78-91cd-bb633d49807b,Zelea De Liu,5,,worse app ever i has been radical by this app,0,338.13 - Stable,2026-07-25T20:40:41,,
"Discord - Talk, Play, Hang Out",com.discord,Social,2fecf288-a8f0-46ba-8ae2-5a6db540fb8c,Gaming_with HM “Rosé”,4,,too good but first it has network issue and somthing it says utrla rare problem and that is my fault (when I try to log in) and why we have to buy premium 😭 we we don't have money so how do we buy premium or nitro i have a good and a bad experience too overall this app is good but here is some bad servers also,0,335.11 - Stable,2026-07-25T20:28:33,,
"Discord - Talk, Play, Hang Out",com.discord,Social,73e87a0e-1ebd-4797-8b25-ef5d93bd120e,Justin Clark,1,,Wanted to update. This all still applies. plus they are trying to sell your data to the highest bidder. Avoid. This new update has made it clunky and a pain to use. 1. Made seeing who is online in a server harder. 2. Made accessing pinned messages three times longer. 3. Made swiping left different but left swiping right the same. 4. Made seeing I have notifications from friends or specifics servers clunkier. 5. It has made managing roles ridiculous.,15,338.13 - Stable,2026-07-25T20:26:16,"Thanks for your feedback on our mobile redesign. We encourage you to check out this Help Center article detailing the new mobile experience: https://support.discord.com/hc/articles/12654190110999. If the article doesn't cover what you're looking for, please reach out to our support team via dis.gd/contact",2025-03-09T21:37:25
"Discord - Talk, Play, Hang Out",com.discord,Social,0e7ed695-175a-4f16-bcc8-adde09e79091,Pummy Sharma,4,,Very good App I like it,0,,2026-07-25T20:19:27,,
"Discord - Talk, Play, Hang Out",com.discord,Social,a30e45d4-b9e6-4e95-8f23-c200f0a11abb,Oscar Svensson,3,,Horrible account retrieval otherwise alright chatting app,0,338.13 - Stable,2026-07-25T20:16:58,"For help with account retrieval, please visit dis.gd/contact for personalized support. We're always working to improve the experience and appreciate your feedback!",2026-07-25T20:49:31
"Discord - Talk, Play, Hang Out",com.discord,Social,6a53c64f-5feb-4625-90f5-7477a74755bc,Anas Ali,5,,amazing but pls discord make us send upto 100mb viedeos without nitro,0,338.13 - Stable,2026-07-25T20:00:09,,
"Discord - Talk, Play, Hang Out",com.discord,Social,f68bbe17-a09f-4f41-9249-5c5b8f46ef43,Johan John,5,,w we can make friends and be in communities it's very good,0,338.13 - Stable,2026-07-25T19:48:39,,
"Discord - Talk, Play, Hang Out",com.discord,Social,815195e1-b7ee-4053-a8ff-ff83ed71c3b3,Sandrene Brown,5,,like how easy it is to navigate.,0,338.13 - Stable,2026-07-25T19:36:25,,
"Discord - Talk, Play, Hang Out",com.discord,Social,ded002e3-4978-40ac-b6d3-e7cf4a97a2d6,scroogey scroogey,1,,whoever put vibration when pressing or haptic feedback on app without option for disable needs to be fired,0,338.13 - Stable,2026-07-25T19:33:51,"Thanks for sharing your feedback about haptic feedback. We’re always looking to improve the app experience. If you’d like to see changes, please share your suggestions at dis.gd/feedback or reach out for support at dis.gd/contact.",2026-07-25T20:05:33
"Discord - Talk, Play, Hang Out",com.discord,Social,2f289c78-0c97-41a5-ab6c-7b3e161ddb36,ABDUL KABEER !!,5,,good experience for me 😉,0,,2026-07-25T19:30:00,,
"Discord - Talk, Play, Hang Out",com.discord,Social,d0d25e13-b3d4-4205-a726-74a020e8e18b,Vansh Dhoundiyal,1,,this game kept removing my login for no reasons and giving fake excuses like im sending links or abusing whatever and it happened to me like 5-6 times or maybe more than that,0,,2026-07-25T19:10:40,"Discord may remove logins if it detects rule violations or suspicious activity. You can check your account standing in User Settings - My Account - Standing. If you believe this is a mistake, request a review at dis.gd/contact. For security tips, visit discord.com/safety.",2026-07-25T19:37:27
"Discord - Talk, Play, Hang Out",com.discord,Social,ada2ce4a-55a5-491f-bb48-a09c816eb251,Jay,5,,looks very good! my friend is helping me set it up,0,338.13 - Stable,2026-07-25T19:06:22,,
"Discord - Talk, Play, Hang Out",com.discord,Social,a6e35910-657d-4536-ac3d-943fb46bdf0d,Erkhes Enkhbat,5,,BEST PLACE TO RAGEOUT 5/5 WILL RAGE AGAIN,0,338.13 - Stable,2026-07-25T18:34:20,"Thanks for sharing your experience! If you have feedback or need help, check out dis.gd/contact for personalized support. We're always working to improve your Discord experience.",2026-07-25T16:53:29
"Discord - Talk, Play, Hang Out",com.discord,Social,67b76df0-92c2-4cb4-b20e-da388238cfd8,kitty_ Rozy,5,,"amazing! made a group on discord for my Roblox official group and game for updates! Amazing for News and social working, This app really is 100 out of 10, everyone there is so nice :) This app helps me with my life so much!",0,,2026-07-25T18:33:18,,
"Discord - Talk, Play, Hang Out",com.discord,Social,51a188ae-c5ed-447b-8a51-37a169387d4b,RyHi,5,,Don't change anything,0,338.13 - Stable,2026-07-25T18:27:42,,
"Discord - Talk, Play, Hang Out",com.discord,Social,b15e70ed-c7dd-4d49-ba31-2f557793f009,Yana Katariya,5,,To good can liten song with friends talk while playing many more,0,331.14 - Stable,2026-07-25T18:25:10,,
"Discord - Talk, Play, Hang Out",com.discord,Social,b067878b-3d45-4387-8ec8-ecf4196d0641,Vansh Anand,5,,👍 nice,0,,2026-07-25T18:22:17,,
"Discord - Talk, Play, Hang Out",com.discord,Social,1c722856-5c02-4fbe-b74f-68e4646e47e7,Sarah Riley,4,,it keeps glitching abit but its good,0,,2026-07-25T18:21:28,,
"Discord - Talk, Play, Hang Out",com.discord,Social,b41d5dc3-75f6-41f5-a6b3-4241fd34d53d,german,2,,Rather poor reply times for appeals,0,337.10 - Stable,2026-07-25T18:14:27,"Thanks for your feedback. Appeal review times can vary, but we’re always working to improve. For updates or specific concerns, please visit dis.gd/contact. Your input helps us enhance our support experience.",2026-07-25T18:45:31
"Discord - Talk, Play, Hang Out",com.discord,Social,e1866b79-cc56-4bbb-b93a-3c8fd44619d5,ikan,2,,fuh discord bruh😭😭. saying its another free month nitro then at the same time telling me to pay it too👎👎,0,338.13 - Stable,2026-07-25T18:12:16,,
"Discord - Talk, Play, Hang Out",com.discord,Social,58ba4554-b9a2-46b3-9e3c-f09a82bc2ac0,Adam Kuhn,5,,I practically live on Discord. helps me stay in touch with friends and make new friends.,0,338.13 - Stable,2026-07-25T18:02:49,,
"Discord - Talk, Play, Hang Out",com.discord,Social,b50a0246-d6d9-4f84-8256-cb7f669c7b4e,Dee Jay (Monsta),5,,"Good App For Gamers & All Sorts Of Gaming Communities. 🙂👍🏼 It doesn't matter if you're a Console Gamer, PC Gamer, or Mobile Gamer. You can create a customized Profile/Server & invite all your friends to it. You have FREE means of gaining credits or ""ORBS"" to redeem in the shop for FREE cosmetic items for channel customization, & these ""QUESTS"" are updated every single week. Quite honestly, I already had this app rated at (5) ⭐'s but compared to what it was 2-3 years ago... ITS EVEN BETTER!💯",0,339.9 - Beta,2026-07-25T17:57:31,,
"Discord - Talk, Play, Hang Out",com.discord,Social,c459bc8e-696a-4c2a-a886-dfa939e83579,surging.tunlero,5,,cool,0,338.13 - Stable,2026-07-25T17:53:31,,
"Discord - Talk, Play, Hang Out",com.discord,Social,569f470a-bc06-48dd-b780-93a338097b1a,JKM Desir,1,,why do i have to verify my email not all of you souposed to know my email password last time I verify my email to a game my phone got hacked so please take the verify email away I dont want to get hacked anymore,0,338.13 - Stable,2026-07-25T17:53:28,,
"Discord - Talk, Play, Hang Out",com.discord,Social,dfea78ad-5206-4bdf-9c87-194355c446b5,KyzzBoysReview,5,,Good apps,0,,2026-07-25T17:51:54,,
"Discord - Talk, Play, Hang Out",com.discord,Social,66694329-4474-43da-b6ca-80f8f97a59ec,zeep zeep,5,,so good,0,338.13 - Stable,2026-07-25T17:44:28,,
"Discord - Talk, Play, Hang Out",com.discord,Social,c63b457a-28e0-4194-9b47-646f210ebe7c,Vijay Kumar,5,,this is a very NYC apps,0,338.13 - Stable,2026-07-25T17:00:51,,
"Discord - Talk, Play, Hang Out",com.discord,Social,a97ad067-4cdb-4a09-ac34-02a94b5fe1a1,Acre97,1,,"I cant log in, when click the ""wait! are you a human"" nothing appears and put me back again and ""password is invalid"" like what the hell, I tried every damn password I could think of but nothing happens",0,,2026-07-25T16:57:58,,
"Discord - Talk, Play, Hang Out",com.discord,Social,c7ccd2a2-f127-495d-8855-6231ac33e9ea,deepa RATHEESH,5,,i like niceee,0,,2026-07-25T16:32:27,,
"Discord - Talk, Play, Hang Out",com.discord,Social,cefa1b4a-7e90-4cef-9a0c-d80f39eb1a92,Misael Rios,1,,it was fine but got my account hack the and i did all that it ask me but dont get reply they should fix it so when somebody gets hack they ban it or something and give the account back cost you dont now how many diferent ways i try to communicate with them and still got the same answer.,0,299.16 - Stable,2026-07-25T16:30:50,"If your account was hacked, please submit a report at dis.gd/hackedaccount with all required info. For tips on securing your account and recovery steps, visit: https://support.discord.com/hc/en-us/articles/24160905919511-My-Discord-Account-was-Hacked-or-Compromised",2026-07-25T16:57:29
"Discord - Talk, Play, Hang Out",com.discord,Social,ed0b0a6a-ca58-4448-bc09-2a1d04bd8ef5,Erika Huff,5,,good chatting app,0,338.13 - Stable,2026-07-25T16:18:18,,
"Discord - Talk, Play, Hang Out",com.discord,Social,bc26281d-4fae-4ca9-9f4d-03f2650c257a,Maverick Ritter,2,,notifications only show up for reactions and friend requests when theyre turned on for everything,0,338.13 - Stable,2026-07-25T16:10:44,"To adjust which notifications you receive, check your Android Discord app’s notification settings and server-specific settings. You can customize alerts for messages, mentions, reactions, and friend requests. For more details, visit: https://support.discord.com/hc/articles/218892547",2026-07-25T16:37:28
"Discord - Talk, Play, Hang Out",com.discord,Social,39038cd7-8595-47d0-a7b2-1ac2c7c0a7f6,Remy Gommer,5,,"discord updates are really hit or miss most of the time. i've made peace with the odd ui choices made from time to time, and despite all the cosmetic stuff seeming incredibly money grabby they aren't lazily made and actually look good. i do think there should be more focus on improving the current state of things (some things have been suggested like 100 times for over 3 years...) rather than this constant need to add new stuff",6,338.13 - Stable,2026-07-25T16:09:07,,
"Discord - Talk, Play, Hang Out",com.discord,Social,f7c9cc8b-4054-4454-acd9-d41d3fc07aa8,Byron Hemerson (G4M3R_Ron),5,,"nvm, i just forgot to turn on a few settings, sorry discord developer for giving 2 star rating, but anyways i downloaded it today and i just got a new friend, it's a great app for those who haven't got much friends, I'm giving it a 5 stars and sorry for the 2 stars",0,338.13 - Stable,2026-07-25T15:39:15,"Check if your account is verified and meets server requirements. If you still can't send messages, try restarting your device, updating the app, or reinstalling. For more help, visit dis.gd/contact.",2026-07-25T12:27:33
"Discord - Talk, Play, Hang Out",com.discord,Social,52ef3d3f-4324-4c39-8296-32d25e3b496a,Xianne Marie Tupas,2,,some creeps keeps stalking my account and chatting me and saying my address and I'm annoyed by raids/spams,0,338.13 - Stable,2026-07-25T15:36:45,,
"Discord - Talk, Play, Hang Out",com.discord,Social,38986ad3-81b1-4f44-b292-4a69b97b696c,Aryan jaswal,5,,❤️😊,0,338.13 - Stable,2026-07-25T15:34:40,,
"Discord - Talk, Play, Hang Out",com.discord,Social,a4ac980b-5d95-446b-ae64-6de63341bc8f,Karan Gamerz,5,,This app is best for screen at gaming,0,338.13 - Stable,2026-07-25T15:27:12,,
"Discord - Talk, Play, Hang Out",com.discord,Social,a722a6f4-4163-4a96-ba12-cc01941b7ad7,Shaikh Sajid,5,,very use full invention,0,,2026-07-25T14:26:41,,
"Discord - Talk, Play, Hang Out",com.discord,Social,bc6b6f64-fd4f-4d6c-b3ef-5480178b79ec,Ian,1,,This app is so buggy and sting.,0,,2026-07-25T14:20:15,"Thanks for sharing your experience. For personalized help, please reach out at dis.gd/contact. If you have suggestions for improvement, you can share them at dis.gd/feedback. We're always working to make Discord better for everyone.",2026-07-25T14:43:34
"Discord - Talk, Play, Hang Out",com.discord,Social,335a273d-6861-488e-8294-2cfade90dffd,Zaiel Nurse,5,,very good app,0,338.13 - Stable,2026-07-25T14:12:52,,
"Discord - Talk, Play, Hang Out",com.discord,Social,41ab4a4a-1e2e-4b1f-8f7d-8ac5d42c924a,Dagnė Kotryna Šaltė,1,,"my little sister bought discord nitro through my account and discord didn't give me a refund and I'm out twenty bucks. I'm not even an adult, I'm a minor so this is completely insane.",1,338.13 - Stable,2026-07-25T14:11:10,,
"Discord - Talk, Play, Hang Out",com.discord,Social,6c1ea19b-05aa-47c9-8b63-9d32e126ab2f,Khandakar Mishel,3,,"Whenever I try to open an invite link from apps like Pinterest, it redirects me to the Play Store and opens the Discord app however, once the app launches, the invite link disappears entirely. Is this a known issue, or is it a problem with my phone? I have already tried troubleshooting by uninstalling and reinstalling the app, but nothing seems to work. It is quite frustrating because I cannot join any servers, which defeats the purpose of using Discord.",0,338.13 - Stable,2026-07-25T14:07:41,"Try clearing the Discord app cache and data, updating your OS, and making sure your device meets Discord's requirements. If the issue persists, report it as a bug at dis.gd/contact with your device info and steps to reproduce.",2026-07-25T14:37:31
"Discord - Talk, Play, Hang Out",com.discord,Social,d42887b1-7b60-4260-9b22-3abde1b22199,Shandana Khattak,5,,goated for talking with friends,0,149.11 - Stable,2026-07-25T14:05:38,,
"Discord - Talk, Play, Hang Out",com.discord,Social,35a5898b-fd9d-449b-b184-c1e4c8049008,Jan Dylan Salvador,5,,W Appp,0,,2026-07-25T12:54:41,,
"Discord - Talk, Play, Hang Out",com.discord,Social,5a8ffa60-80c4-45a1-8f64-c5f7acf83a30,Ritik Prajapati,5,,op omg,0,336.10 - Stable,2026-07-25T12:49:33,,
"Discord - Talk, Play, Hang Out",com.discord,Social,8cedd6b7-80c6-474a-a9a9-3fd0407f2d9d,FELIX OWUOR,1,,I can't log back in. FIX your app,0,302.6 - Stable,2026-07-25T12:40:16,"Try resetting your password by tapping ""Forgot your password?"" on the login screen. Make sure your device is running Android 7 or higher and the Discord app is updated. If issues persist, visit dis.gd/contact for more help.",2026-07-25T13:13:27
"Discord - Talk, Play, Hang Out",com.discord,Social,5181e2ba-7f10-4e0d-84f3-6947416d06e5,Jaitee Rowe,5,,super great,0,338.13 - Stable,2026-07-25T12:33:31,,
"Discord - Talk, Play, Hang Out",com.discord,Social,c6df4f9c-efc6-4e32-bd95-a84b71fc316d,Tabassum Irshad,1,,much better,0,,2026-07-25T12:19:18,"Thanks for your feedback! If you have suggestions or need help, please reach out at dis.gd/contact. We're always working to improve your experience on Discord.",2026-07-25T12:47:34
"Discord - Talk, Play, Hang Out",com.discord,Social,cc83f89b-d1d0-4b5a-8135-beed7288742f,Keeyan Lyon,2,,didn't send me a verification code I'm Pissed off I don't know if this app is glitched or not,0,338.13 - Stable,2026-07-25T12:12:04,"If you didn't receive a verification code, please check your phone number format and ensure it's not linked to another Discord account. If issues persist, visit dis.gd/contact for further help.",2026-07-24T19:49:25
"Discord - Talk, Play, Hang Out",com.discord,Social,34ae8c26-a6ee-415d-9f1c-1af58caa4ef1,Mr Rafin,1,,when I open the discrod app it's stopped working,0,,2026-07-25T11:45:04,"Try restarting your device, updating your OS, and reinstalling Discord from the Google Play Store. Clear app cache in Settings - Apps - Discord - Storage. If issues persist, check device compatibility here: dis.gd/contact. More help: dis.gd/mobile-voice-help",2026-07-25T12:15:34
"Discord - Talk, Play, Hang Out",com.discord,Social,805f6cb6-e42b-4e2b-83ae-2e31697216d7,sakshi naik,5,,best way to chat with idols or people,0,336.10 - Stable,2026-07-25T11:27:30,,
"Discord - Talk, Play, Hang Out",com.discord,Social,9aab98f4-54ab-4506-a9ff-dc929b19132a,hemasairam battineni,5,,wow nice artistists,0,337.10 - Stable,2026-07-25T11:21:08,,
"Discord - Talk, Play, Hang Out",com.discord,Social,651d4052-f7ef-49a3-a7e0-5213bf090623,Zakaria Salah al.jihani,1,,"for some reason there's a visual glitch in all of the app, everything looks inverted and I can't even fix it. I tried contacting the support and they done absolutely nothing",0,338.13 - Stable,2026-07-25T10:42:53,"Try adjusting your theme in User Settings - Appearance or the contrast slider in Accessibility settings. If the issue persists after updating and reinstalling, upload debug logs via Settings - Support. For bug reporting, visit dis.gd/bugreport.",2026-07-25T11:15:36
"Discord - Talk, Play, Hang Out",com.discord,Social,e34456ee-a13b-48c0-adf6-c80df385b907,Novā,1,,"Over years upon years of using it I can't suggest this app to anyone, I was banned by their ai moderation and couldn't appeal to a human and lost my account probably forever. the app itself has had many issues over the years that it wouldn't surprise me if they use ai there too.",1,233.16 - Stable,2026-07-25T10:36:09,"You can review your account standing and appeal specific violations in Discord by going to User Settings - My Account - Standing. If you believe your ban was a mistake, use the “Let us know” option or visit dis.gd/contact for further support.",2026-07-25T11:05:32
"Discord - Talk, Play, Hang Out",com.discord,Social,3a8ed9fb-b9ca-470f-b630-4bb12b1df6cf,Angela Sims,5,,nice apps,0,336.10 - Stable,2026-07-25T10:31:04,,
"Discord - Talk, Play, Hang Out",com.discord,Social,2d3026e5-326e-4a77-9b42-09bdddb82fc8,Sophia Anero,5,,Great app very easy to navigate,0,,2026-07-25T10:07:06,,
"Discord - Talk, Play, Hang Out",com.discord,Social,b228748b-2bf3-4593-ac93-58f3c85304b9,iterphache,1,,scammers are on here,0,336.10 - Stable,2026-07-25T10:03:03,"If you encounter scammers, you can report them directly in the app by holding down on the message and selecting ""Report Message."" For more safety tips and reporting guidance, visit dis.gd/contact and our Safety Center: https://discord.com/safety",2026-07-25T10:33:33
"Discord - Talk, Play, Hang Out",com.discord,Social,b27e3833-45e3-40dc-8482-308f5aefa512,ivanna !!,3,,I wish it was less expensive and I wish it had a cleaner design !!,0,338.13 - Stable,2026-07-25T09:57:29,,
"Discord - Talk, Play, Hang Out",com.discord,Social,eb80c91c-69af-4803-ab3b-3e7f14575fbe,greg bringam,5,,I can call all my friends (if they have the app) super fun recommened it for everyone,0,338.13 - Stable,2026-07-25T09:49:24,,
"Discord - Talk, Play, Hang Out",com.discord,Social,cb9664f1-1018-4702-8b9c-f8bd70a95455,Julian “Liam” Meyer,1,,"""scammed"" by the app itself. I went to redeem the month free from the meta app promotion, and it would not let me redeem it without paying. now I got a barely functioning app on my headset blocking the website, and no nitro like they advertised.",0,337.10 - Stable,2026-07-25T09:46:32,"If you’ve had a Nitro subscription or trial in the past 12 months, you may not be eligible for the Meta x Discord Nitro promo. For help with promo redemption or billing, visit dis.gd/billing. More details: https://support.discord.com/hc/en-us/articles/40591073686679-Meta-x-Discord-Nitro",2026-07-25T10:13:33
"Discord - Talk, Play, Hang Out",com.discord,Social,de9949b8-4f42-44db-b5d4-7a38d4d445a1,Norhafidzi Ahmad Rafaai,5,,"Originally built for gamers, Discord has evolved into the ultimate community platform for all interest groups. Its low-latency voice channels, organized text and media threads, and customizable roles make managing communities effortless. Whether hosting casual voice hangouts or structured public servers, Discord delivers top-tier group interaction.",0,,2026-07-25T09:05:59,,
"Discord - Talk, Play, Hang Out",com.discord,Social,e609deea-e8b6-4a86-96f0-2fbdf54139b9,extinctavialae,1,,I got locked out of my account and couldn't get in. I asked the Discord suppprt for help with my email and then they asked me if I have my email(they @ the exact same email I am using to contact them and asked if I have access to that). I attached a screenshot of my issue to them and they said they will look at it later and then told me that i needed to send them screenshots to verify the issue in the same message. Then they suddenly ghosted me for several weeks before telling me to rate them,0,,2026-07-25T08:57:56,"If you're locked out, try resetting your password at the login page. If you can't access your email, reach out to your email provider for help. For more account recovery tips, visit: https://support.discord.com/hc/en-us/articles/32557375603479",2026-07-25T09:27:31
"Discord - Talk, Play, Hang Out",com.discord,Social,de765811-b1da-43a1-84c4-1533252ec827,Jhomer bert Lacurom,1,,he's not work,0,338.13 - Stable,2026-07-25T08:27:21,"Please try restarting your device, updating your OS, and reinstalling Discord from the Google Play Store. If issues persist, clear the app cache and check storage space. For more help, visit dis.gd/contact or see troubleshooting steps at dis.gd/mobile-voice-help.",2026-07-25T08:57:26
"Discord - Talk, Play, Hang Out",com.discord,Social,9b424114-f1be-45d8-9cfc-85e7561abcda,Ombrr Yonkon,5,,IT'S GOOD TO TELL COMMS TO FRIENDS IN GAMES I LOVE ITT ! ! !,0,,2026-07-25T08:08:57,,
"Discord - Talk, Play, Hang Out",com.discord,Social,51812850-5309-4ce1-b3c2-ac4bf2fb64c3,Mark,1,,cant open or get it to work it was working but carnt get to work,0,338.13 - Stable,2026-07-25T07:51:22,"Try restarting your device, updating your OS, and reinstalling Discord from the Google Play Store. If issues persist, clear app cache/data and check storage space. For more help, visit dis.gd/contact or see troubleshooting steps at dis.gd/mobile-voice-help.",2026-07-25T08:19:31
"Discord - Talk, Play, Hang Out",com.discord,Social,80439ef3-2017-4c1b-b46f-dc9cb0ec47b0,Kaden Burgart,1,,last straw today: the inability to highlight and copy a piece of text? do the basics well and stop trying to spy on me. this app doesn't deserve its place in the market. why did the world not choose mumble? mistakes were made,0,338.13 - Stable,2026-07-25T07:44:54,,
"Discord - Talk, Play, Hang Out",com.discord,Social,a07270d6-28e1-4851-8a15-edf126b4e07c,Hi,1,,shut up,0,338.13 - Stable,2026-07-25T07:34:17,,
"Discord - Talk, Play, Hang Out",com.discord,Social,c8331dda-b68b-4414-ad70-9d08d434f0b1,GumaRu chU,1,,"recently my discord app is bugged, I can't send dm's on my friend's it keeps rejecting and I can't even see any photos of videos it keeps getting errors. I hope this bug fixes it soon. (update: I tried deleting the app and reinstalling it, now I can't seem to log in on my account. I am stuck in the login phase and it just keeps loading never ending.)",0,338.13 - Stable,2026-07-25T07:33:17,"Try updating your device OS, clearing Discord app cache/data, and switching between Wi-Fi and mobile data. If login still fails, check if your device meets Discord's requirements: Android 7+. For persistent issues, visit dis.gd/contact for more help.",2026-07-25T08:01:27
"Discord - Talk, Play, Hang Out",com.discord,Social,0663015c-23f6-4954-a925-c5120779d6a1,ZzFenixzZ,1,,The verification is saying my email password is wrong this app is dumb,0,338.13 - Stable,2026-07-25T07:15:20,"If your email or password is not working, try resetting your password using ""Forgot your password?"" on the login page. If you still can't log in, visit dis.gd/contact for more help. For verification issues, check your inbox for Discord emails.",2026-07-25T07:43:29
"Discord - Talk, Play, Hang Out",com.discord,Social,b94b2fe0-360e-422d-baac-a7634a9f20e5,Bella May,5,,great gamer social network,0,325.10 - Stable,2026-07-25T06:37:27,,
"Discord - Talk, Play, Hang Out",com.discord,Social,e7f1a72a-70e3-4db1-a4d9-cd2cefe45a5b,Amy Dinh,4,,"i like it, but I couldn't register.",0,,2026-07-25T06:28:49,,
"Discord - Talk, Play, Hang Out",com.discord,Social,1b73acc9-8bac-43e1-a14d-ad62ac44b7d0,Joe Face,1,,"can't verify age, don't want to either, was once a good app 👇👇 can't, k-Id is broken 💔",0,338.13 - Stable,2026-07-25T06:17:52,"Age verification is only needed for age-restricted content or settings. You can still use Discord for general features without verifying, but won't access age-restricted content. For more help, visit dis.gd/contact.",2026-07-25T03:47:34
"Discord - Talk, Play, Hang Out",com.discord,Social,f1edaf4d-c5f4-4bef-bf12-588a16696c8f,Kyara Qirani,5,,"I CANT LOVE DISCORD MORE THAN THIS SHOULD BE. I CURSE THE MOON, THE ONE THEY LOVE LOVVE, LOOOOVVVEE!! DISCORD!",0,337.10 - Stable,2026-07-25T05:51:50,,
"Discord - Talk, Play, Hang Out",com.discord,Social,8ebf109f-3fbf-4161-bc8d-476c71836349,Altagracia Vargas Snavely,1,,technical support cyber security is needed unauthorized email use. App. needs major sign up and security update s.,0,338.13 - Stable,2026-07-25T05:44:37,"For help with unauthorized email use, please submit a support ticket at dis.gd/contact, so we can further investigate the issue.",2025-04-15T06:49:23
"Discord - Talk, Play, Hang Out",com.discord,Social,274ac74f-9b0b-4c25-b7e9-a63b3f671b27,Fathul Rih,5,,"Excellent for gaming, communities, and group discussions. Voice quality is great, and the overall experience has been smooth.",0,337.10 - Stable,2026-07-25T05:44:28,,
"Discord - Talk, Play, Hang Out",com.discord,Social,f56dbaab-ec6f-468d-9649-6c6d35baf088,John Lyndon Bongcaras,5,,"it is good i got to chat with my friends,its cool!",0,338.13 - Stable,2026-07-25T05:33:55,,
"Discord - Talk, Play, Hang Out",com.discord,Social,2051442d-b500-4aa5-9c23-f43cae96b251,lil bro got rizz.,5,,👍,1,,2026-07-25T05:22:26,,
"Discord - Talk, Play, Hang Out",com.discord,Social,39cc8d6b-daaf-4a71-888b-fea3890619ae,Wyatt Z,5,,"it's great to talk with friends, make new friends, or join Fandoms of whatever you want",0,338.13 - Stable,2026-07-25T04:41:29,,
"Discord - Talk, Play, Hang Out",com.discord,Social,b5121763-9442-4505-ac52-f615d8e7da62,Antonio Solorzano,5,,helpful?,0,338.13 - Stable,2026-07-25T04:04:04,,
"Discord - Talk, Play, Hang Out",com.discord,Social,a2106857-4a28-4f3a-8eae-afb53ad385a7,Absolutionis,4,,"Discord is a great service that's progressively becoming more enshittified. The app itself especially is getting pop-ups, nuisance ads, spam for ""Nitro"" and others.",0,338.13 - Stable,2026-07-25T04:02:32,,
"Discord - Talk, Play, Hang Out",com.discord,Social,7c135c93-f0a2-4f7b-aacb-121c4068a5f3,Moha_mafia Moha_boss,5,,the best app to get fun and found everything u need,0,,2026-07-25T02:24:47,,
"Discord - Talk, Play, Hang Out",com.discord,Social,fce6beb8-9cb1-4a0c-8e3a-bb393d65957b,KB Kulboy,5,,allowed me to make money,0,,2026-07-25T02:23:39,,
"Discord - Talk, Play, Hang Out",com.discord,Social,e607a103-7a85-4f39-9d36-3343e42a6b75,Ugochukwu Ogbonna,5,,fun to chat,0,,2026-07-25T02:21:41,,
"Discord - Talk, Play, Hang Out",com.discord,Social,bb45b270-db1e-4572-81a5-2a335036b79d,Vincent Castro,2,,"App hardly works, constantly displays nothing, doesn't load anything, and never responds when it does display something. app is only getting worse as time goes on. Discord is only viable on desktop, because it only actually works on desktop, mobile is worthless.",0,338.13 - Stable,2026-07-25T02:19:04,"Try restarting your device, updating your OS, clearing Discord's app cache, and reinstalling from the Play Store. If issues persist, check your device meets Discord's requirements: Android 7+. For more help, visit dis.gd/contact or see troubleshooting steps: https://dis.gd/mobile-voice-help",2026-07-25T02:49:30
"Discord - Talk, Play, Hang Out",com.discord,Social,4dadffde-c999-4774-a1cf-312d969b091e,Allissa Maria,1,,I can't log into it keeps asking me if I'm human it requests to send me a code and I never get one,0,338.13 - Stable,2026-07-25T02:15:36,"If you’re not receiving the login code, please check your phone number is valid and not used on another Discord account. Try restarting your device and reinstalling the app. If issues persist, visit dis.gd/contact for more help.",2026-07-25T02:43:25
"Discord - Talk, Play, Hang Out",com.discord,Social,8a32e704-67fa-44e9-aa2c-a2efef9fee9a,Hania Khomri,5,,good,0,338.13 - Stable,2026-07-25T01:30:55,,
"Discord - Talk, Play, Hang Out",com.discord,Social,efa3e869-8a5e-441b-900e-9ca019d9c5a6,padurariu constantin,5,,amazing,7,251.15 - Stable,2026-07-25T01:02:10,,
"Discord - Talk, Play, Hang Out",com.discord,Social,126deca3-a48a-41da-8363-bcf0dd3d2633,Chinyere Millicent,5,,very good app,0,333.12 - Stable,2026-07-25T01:01:11,,
"Discord - Talk, Play, Hang Out",com.discord,Social,aaaba66f-9227-46ba-89d7-219ab3f0f093,Rainie,1,,"We're now at over a week of no unread messages showing. Every server appears as if there's no new messages, despite the fact that there are in fact unread messages that I miss because this app is not working as intended. I want to be able to look in and see at a glance if I have unread messages, not have to go hunt for them every time.",13,338.13 - Stable,2026-07-25T00:59:32,"Unread message indicators may be affected by notification or mute settings. Please check your server and channel notification settings, and ensure channels aren’t muted. For more help, see: https://support.discord.com/hc/en-us/articles/215253258",2026-07-25T01:23:28
"Discord - Talk, Play, Hang Out",com.discord,Social,393abf8e-372d-40c7-b22c-a910206b3789,Samir Ayman,1,,"another hellish review. reinstalled. removed cache, nothing works. Microphone disabled on background, some deleted channel stuck on app, so I need navigate faster when I re-open. Android 13. last 4 months updates is the worse ever",1,338.13 - Stable,2026-07-25T00:22:21,"For microphone issues, check Discord’s Voice settings and ensure mic permissions are enabled in Android settings. For stuck channels, try clearing cache and reinstalling. If issues persist, upload debug logs via User Settings - Support. More help: dis.gd/mobile-voice-help",2026-07-25T00:49:30
"Discord - Talk, Play, Hang Out",com.discord,Social,d2554f6b-732d-4fa3-bc92-fb668884c553,No1 cmb,1,,"This is my feedback: please remove moderator privileges. Reporting serves no purpose at all. If this issue isn't addressed, I'll leave a negative review on the Play Store.",0,241.16 - Stable,2026-07-25T00:12:42,"Thanks for sharing your feedback about moderator privileges and reporting. We value your input! If you have more suggestions, please submit them at dis.gd/feedback so our team can review them.",2026-07-25T00:43:25
"Discord - Talk, Play, Hang Out",com.discord,Social,0325e94c-65c4-41bf-a358-d1e253c714e9,bagel blobfish,3,,ok,0,338.13 - Stable,2026-07-25T00:06:21,"If you're being logged out unexpectedly, please reach out to us at dis.gd/contact so we can help investigate and resolve this for you. We'll work with you to get your account access stable again.",2026-07-25T00:05:38
"Discord - Talk, Play, Hang Out",com.discord,Social,2f771971-2a17-431c-941e-173bb85579d5,An Unusually Friendly Zombie,2,,"The app experiences multiple bugs and glitches on my Motorola g power. Videos sometimes play with a black screen and the Quests, Shop, and Settings buttons don't work. I can't even submit a support ticket.",6,335.11 - Stable,2026-07-24T23:54:31,"Try restarting your device, updating Discord, and reinstalling the app. If issues persist, report bugs at dis.gd/bugreport. For more help, visit dis.gd/mobile-voice-help. Thanks for your feedback!",2026-07-25T00:23:34
"Discord - Talk, Play, Hang Out",com.discord,Social,f9355ebb-a2c8-4abc-a0f1-efe825951f7d,stevi lilley,1,,"There is absolutely no support other than stupid articles, which don't help at all. lost my old number and can't use my account. try to change password and I never get an email. I try to register and says my emailed is already associated with an account. The one time I got into the app, the verify phone number pops up and I can't do anything else. tried my new number, doesn't work, hell, even trying my old number doesn't work. This app is completely useless.",0,338.13 - Stable,2026-07-24T23:46:00,"If your phone number is tied to another account, you'll need to remove it from that account first. For email issues, check your inbox for Discord emails and try password reset. For more help, visit dis.gd/contact for personalized support.",2026-07-25T00:13:30
"Discord - Talk, Play, Hang Out",com.discord,Social,f00b772e-acd3-404c-8d95-f2417d7011dc,ranruy,1,,"Welcome to discord where the report system can be abused and you'll lose access to your account unless you have a huge following on twitter ""X "". A hijacker messaged me from a friends account and tried to extort me for money but I refused giving them anything. A few days later my account is hit with child safety violations due to false mass reports. Discord support is 99.5% auto moderated with a near impossible chance to get your account back. BannedFromDiscord subreddit shows how bad it is.",2,337.10 - Stable,2026-07-24T23:39:04,"If you believe your account was suspended in error, you can request a review using the link in your violation notice or at dis.gd/contact. For compromised accounts, visit dis.gd/hackedaccount for recovery steps. More info: https://support.discord.com/hc/en-us/articles/18210965981847",2026-07-25T00:11:33
"Discord - Talk, Play, Hang Out",com.discord,Social,411ec43f-94f9-46fe-b24c-7fdca36f9a21,Zohan Zohan,3,,I love this app 😻💕,0,,2026-07-24T23:25:41,"Thanks for your kind words and support! We're glad you're enjoying Discord. Stay connected and keep exploring new ways to hang out with friends. If you ever have feedback or suggestions, let us know at dis.gd/feedback!",2026-07-24T23:53:30
"Discord - Talk, Play, Hang Out",com.discord,Social,6db1a9ad-6dd7-43c8-b446-328af61947c1,Aziddin Mohd Zaidi,5,,"For those who like to chat through games session or simply connecting with friends, Discord is their choice. It has text chat, video chat, video calls and with its superior audio and video quality, it's an alternative app to be considered.",0,338.13 - Stable,2026-07-24T23:23:28,,
"Discord - Talk, Play, Hang Out",com.discord,Social,19e50914-6c6f-46ac-af99-3aa72db2bfe0,Aisha Ansari,5,,this best to take to a another country people and this is best in is service,0,338.13 - Stable,2026-07-24T23:09:07,,
"Discord - Talk, Play, Hang Out",com.discord,Social,ab6aa32f-a0db-42d6-85f2-672fc7219c55,Bimal Dey,5,,EXCELLENT,0,,2026-07-24T23:03:03,,
"Discord - Talk, Play, Hang Out",com.discord,Social,9ef56fd9-bcda-4523-8fe5-3ca29656a399,Jr's Life,5,,Thanks and It's verify and now I can send messages. Like this app too! 🙂,0,338.13 - Stable,2026-07-24T23:01:35,,
"Discord - Talk, Play, Hang Out",com.discord,Social,846cecd9-89f7-4593-b739-d1c7567c5a57,Jec Delgado,1,,bad and to many saying join discord!!!!!!,0,,2026-07-24T22:31:24,"Thanks for your feedback. If you’re seeing too many join prompts, we’d like to hear more so we can improve your experience. Please share details at dis.gd/contact so our team can assist you directly.",2026-07-24T22:59:29
"Discord - Talk, Play, Hang Out",com.discord,Social,e5474188-6207-40b2-9ffa-fcc8d4b5a7b8,Mitcheell Ryan,4,,exploration,0,338.13 - Stable,2026-07-24T22:09:05,,
"Discord - Talk, Play, Hang Out",com.discord,Social,3a373bad-fea5-4ef8-8f6b-d4f08a00a8e5,Asha Meloncon,5,,I want discord I want discord,0,,2026-07-24T22:07:28,,
"Discord - Talk, Play, Hang Out",com.discord,Social,df15fa2a-4dae-4420-b119-c3f2a9b7bdea,ajantha angeline,5,,"Discord is a great app for chatting, voice calls, and joining communities. The interface is easy to use, with smooth communication and group features. A reliable platform for connecting with friends, gamers, and online communities.",0,338.13 - Stable,2026-07-24T21:46:38,,
"Discord - Talk, Play, Hang Out",com.discord,Social,a6135ca5-6526-4b5f-871c-0cd2d1506619,Lucky Prince,5,,so helpful if ur not on discord ur missing bro trust me!,0,,2026-07-24T21:43:10,,
"Discord - Talk, Play, Hang Out",com.discord,Social,62b33d65-98e3-46b9-8531-68583d778730,Musawir Ahmed,5,,goated tbh,0,338.13 - Stable,2026-07-24T21:39:03,,
"Discord - Talk, Play, Hang Out",com.discord,Social,67a35689-6f73-4ae8-811d-5c7eb834be21,jenifer vazquez,1,,it didn't let me login,0,338.13 - Stable,2026-07-24T21:28:56,"Try restarting your device, updating your OS, and reinstalling Discord from the Google Play Store. Make sure your device meets Discord's requirements: Android 7+. For more help, visit dis.gd/contact or check https://support.discord.com/hc/articles/31676852332439",2026-07-24T21:59:26
"Discord - Talk, Play, Hang Out",com.discord,Social,9b056714-5f03-45e9-bf0d-a32f3b511676,Donna Tittle,4,,Glitches,0,338.13 - Stable,2026-07-24T21:10:18,,
"Discord - Talk, Play, Hang Out",com.discord,Social,69a65a8a-5cfd-4e03-ba5e-dfed8e2aab6c,kitty._wurzz.,5,,nice app for texting friends,0,336.10 - Stable,2026-07-24T21:00:51,,
"Discord - Talk, Play, Hang Out",com.discord,Social,10862d7f-5c07-4515-96cf-c028e4d4a0d0,Haris khan,5,,so good and easy,0,,2026-07-24T21:00:23,,
"Discord - Talk, Play, Hang Out",com.discord,Social,7b3e5ef2-af61-42db-be4a-4af8b7bc50c9,Mohamed Ed driouch,5,,nice app 👍🏻,0,337.10 - Stable,2026-07-24T20:56:48,,
"Discord - Talk, Play, Hang Out",com.discord,Social,266bf4d1-df67-4cb3-b0bd-449cede8f0cd,Poorya MG,4,,"Discord is one of the best messenger and voice call apps and i so love it; but please make servers work for iran, i really need it for my uses. please🙏",0,,2026-07-24T20:43:12,,
"Discord - Talk, Play, Hang Out",com.discord,Social,70e36ee7-d107-444d-8770-9fd95b037087,nico Abbasi,5,,"It works but it doesn't download on my bad phone I mean if I use my other devices its the best experience it's even better then Whats up, Snapchat and even the messages app",0,338.13 - Stable,2026-07-24T20:06:48,,
"Discord - Talk, Play, Hang Out",com.discord,Social,3ed4c6c3-1efa-49f9-b3aa-fb90b4efd569,Bentley Aland,3,,its a bit hard to understand but is good,0,338.13 - Stable,2026-07-24T20:00:29,"Thanks for your feedback! If you need help navigating Discord, check out our mobile guides at dis.gd/mobile-voice-help. We're always working to make the app easier to use. Let us know your suggestions at dis.gd/feedback.",2026-07-24T20:27:25
"Discord - Talk, Play, Hang Out",com.discord,Social,690d9518-0ded-4258-9a9f-cac2d0102801,Yassir Bouherta,4,,W i think,0,338.13 - Stable,2026-07-24T19:33:30,,
"Discord - Talk, Play, Hang Out",com.discord,Social,0755df54-b2b7-400e-9ddd-012826cb94a0,Nikita Chow,2,,"It was Working find .... But about 4-5 days ago it has been giving me trouble to log in😥 .... And I need for the Onestate I am playing😪 ... One Minute I'm in 😌and the next, none of my messages or Rank ups would go through 😕... It's sad😭😭😭 ..... My husband is saying that I got a Bot from the app by someone😩🤕 ... However.... I don't know. 😤",0,338.13 - Stable,2026-07-24T18:45:30,"Try restarting your device, updating Discord, and checking your internet connection. If login issues persist, reset your password and enable Multi-Factor Authentication. For more help, visit dis.gd/contact. If you suspect a bot or compromise, review your Authorized Apps in settings.",2026-07-24T19:13:32
"Discord - Talk, Play, Hang Out",com.discord,Social,9d176971-5997-4b27-bc1b-8738b53ea222,Nasreen Sohani,4,,Id say this is the best App for Communication without leaking your personal Data. It would be great if I could be able to say it on Roblox. Probably Needs 4 stars because The ads are now 200 Only and they are rare to come. Increase the Orbs by watching ad like 700.,0,338.13 - Stable,2026-07-24T18:18:11,,
"Discord - Talk, Play, Hang Out",com.discord,Social,c8bdf3e8-7cfb-4ccb-b5e6-f1ec80599206,Jaqulynn Hall,1,,I got banned for something I did not do and their support team is so useless💔,0,338.13 - Stable,2026-07-24T18:12:20,"If you believe your ban was a mistake, you can appeal by submitting a request at dis.gd/contact. Our team will review your case and provide guidance. Thank you for sharing your feedback.",2026-07-24T18:43:26
"Discord - Talk, Play, Hang Out",com.discord,Social,521c47b9-cb3b-4efa-9a5c-2e39b9697764,Incredibloxd,5,,very nice,0,,2026-07-24T17:42:40,,
"Discord - Talk, Play, Hang Out",com.discord,Social,ff76542c-2cfc-45b1-8e1f-d978667c1e27,Rhinoah heartlee Mendoza,2,,Bro the structure of the app in my phone is so confusing. I'm trying to add my friends but it won't even work.,0,338.13 - Stable,2026-07-24T17:22:16,"To add friends, tap the 'You' tab at the bottom, then 'Add Friends.' If requests fail, check your internet connection and update the app. For more help, visit dis.gd/contact or dis.gd/feedback. Thanks for sharing your feedback!",2026-07-24T17:43:32
"Discord - Talk, Play, Hang Out",com.discord,Social,016458fb-02df-4f73-b8e5-e6eb68cac9a0,Kashif Raza,5,,good app,0,,2026-07-24T17:15:49,,
"Discord - Talk, Play, Hang Out",com.discord,Social,40ee3bd7-0bd4-4d2e-ace4-32b4006b8ce6,finn,4,,"Okay the app itself is fine, But there are several design issues, gifs take up way too much and cause the entire app to crash or lag extremely hard if you look at them for more than 3 seconds, voice call audio quality is also extremely terrible And it feels like it's bad on purpose (Because it used to be fine) and also takes up way too much because it's extremely laggy. If you're searching messages for too long the app just crashes or lags out. There's a big issue with memory(?) distribution.",0,338.13 - Stable,2026-07-24T17:13:04,,
"Discord - Talk, Play, Hang Out",com.discord,Social,7dbb894b-e74f-48eb-b67a-ac2efef03d40,Ganesh Kumar,5,,"One of the best app,This app responding is best,Thank you for all the teams members",0,338.13 - Stable,2026-07-24T16:51:01,,
"Discord - Talk, Play, Hang Out",com.discord,Social,669e2fbb-b3c0-4cae-a096-b9b1ddcca039,muhd fairoze,5,,"Discord bukan sahaja tempat untuk gaming. Ia juga boleh tempat untuk berkawan, berkongsi minat dan menyertai komuniti yang menarik",0,,2026-07-24T16:40:10,,
"Discord - Talk, Play, Hang Out",com.discord,Social,af311bb4-d760-4a21-86fa-9555904427a5,Squid Kid,1,,Genuine mystery how this platform is alive with how bad the app is,0,153.15 - Stable,2026-07-24T16:33:32,"Thanks for sharing your feedback. We're always working to improve the app experience. If you have specific issues or suggestions, please let us know at dis.gd/contact so we can assist you further.",2026-07-24T17:07:30
"Discord - Talk, Play, Hang Out",com.discord,Social,3ed6803e-7ce3-4df4-bd9d-177061327dba,Theo Interino,5,,it's cooooolll,0,,2026-07-24T16:18:06,,
"Discord - Talk, Play, Hang Out",com.discord,Social,565d114b-cf87-4249-8cde-25096c190603,no name,1,,"bad quality control, slow app, video playback is not working, video upload not working in the app but works in browser version, return after years, video playback doesn't start playing, same old issue",1,338.13 - Stable,2026-07-24T16:16:14,,
"Discord - Talk, Play, Hang Out",com.discord,Social,611c9977-fdeb-4ce2-952a-4d6368790ea5,Shy Kutta Shy Kutta,4,,this is the good and excellent in the app for the task ppl,0,,2026-07-24T16:11:56,,
"Discord - Talk, Play, Hang Out",com.discord,Social,bcac97ca-8938-4083-a5e2-881367096dc7,L C,2,,had to update my app to use voice and now it crashes a lot. I wouldn't say the app is well optimised or well designed.,0,338.13 - Stable,2026-07-24T15:40:02,"Try restarting your device, updating your OS, and reinstalling Discord from the Play Store. If crashes continue, clear app cache/data in Settings - Apps - Discord. For more help, visit dis.gd/mobile-voice-help or dis.gd/contact.",2026-07-24T16:11:32
"Discord - Talk, Play, Hang Out",com.discord,Social,869feb87-8ee4-4bfd-961f-b45303f43454,zahirulhaqq,5,,"Discord is a communication platform designed for communities, gamers, students, and teams. It offers text, voice, and video chat through customizable servers.",0,337.10 - Stable,2026-07-24T15:38:41,,
"Discord - Talk, Play, Hang Out",com.discord,Social,ca11a753-0563-48fb-a675-89376df643c2,Vinita Kataria,4,,best communication i use it it's fun and touch with,0,,2026-07-24T15:16:18,,
"Discord - Talk, Play, Hang Out",com.discord,Social,ce267c97-0b5f-4874-b36e-8b73f3579b01,ubaid chughtai,3,,This app is very complicated and that's why when I don't even know how to use it properly I definitely can't give it a 5 star but if there was a tutorial I'd really appreciate it and Like it 🙂,0,338.13 - Stable,2026-07-24T14:57:11,Thanks for your feedback! Discord offers guides and tutorials to help new users. Check out dis.gd/mobile-voice-help and our Getting Started guide for step-by-step help: https://support.discord.com/hc/en-us/articles/360046618751-Getting-Started-on-Mobile,2026-07-09T09:55:36
"Discord - Talk, Play, Hang Out",com.discord,Social,4c9741e4-e168-4844-a62a-302615a1fd15,Anupama Raj,5,,add more games!!! 💗✨,0,,2026-07-24T14:56:18,,
"Discord - Talk, Play, Hang Out",com.discord,Social,87f5fe3b-34ed-4710-9c4c-3836ab1d09f9,Preet Singh Mehra,5,,pro,0,338.13 - Stable,2026-07-24T14:52:25,,
"Discord - Talk, Play, Hang Out",com.discord,Social,ec568236-1e85-4511-a723-6b3abd6a248f,asangika perera,5,,this app is amazing for those who don't want to share their phone numbers,0,,2026-07-24T14:51:01,,
"Discord - Talk, Play, Hang Out",com.discord,Social,5ce089d3-46b3-4f21-9852-2ec8c1aa8daa,Maria E. Prieto A.,5,,Nice and fun,0,335.11 - Stable,2026-07-24T14:43:25,,
"Discord - Talk, Play, Hang Out",com.discord,Social,ceacb3e6-82f2-47d1-a7f5-cbefead9ec83,Md Fardin howlader,1,,Idk why but when I rebooted my tablet the discord just keeps getting stopped idk what to do and how . Please help so I could give you a 5 star,0,338.13 - Stable,2026-07-24T14:34:55,"Try updating your tablet’s OS and the Discord app, clear the app cache, and check storage space. If Discord still crashes, reinstall the app from Google Play. More tips here: dis.gd/contact. If issues persist, let us know your Android version for more help!",2026-07-24T15:05:53
"Discord - Talk, Play, Hang Out",com.discord,Social,ef3825ba-65c7-4823-bdf0-a33aebb341d3,Zynthrix Gamer,5,,ya app to bhot kam ka hai,0,,2026-07-24T14:22:52,,
"Discord - Talk, Play, Hang Out",com.discord,Social,e074accf-3ce1-48c1-85fe-149f58f7ec02,Asher Danbaki,5,,very good servers 😃😀,0,,2026-07-24T14:22:39,,
"Discord - Talk, Play, Hang Out",com.discord,Social,a7d9fdae-4314-409c-8479-8d1e80d287f6,Garyn Tan,5,,"Discord is the smoothest, most feature-packed platform for hanging out online. It streams crisp audio, never lags, and lets me broadcast my gameplay to the squad instantly.",0,338.13 - Stable,2026-07-24T14:19:14,,
"Discord - Talk, Play, Hang Out",com.discord,Social,4425de4a-760c-4174-8d24-954f3418ce6a,Dev Khatick,5,,so fire,0,338.13 - Stable,2026-07-24T14:10:38,,
"Discord - Talk, Play, Hang Out",com.discord,Social,49face92-abfc-49c7-84e6-3a206bb3ebe1,Patrick,3,,It drains battery.,1,338.13 - Stable,2026-07-24T14:09:34,"To help reduce battery drain, try updating Discord and your device OS, disabling auto-play for GIFs and emojis in Discord settings, and closing background apps. For more tips, visit dis.gd/mobile-voice-help.",2026-07-24T14:39:30
"Discord - Talk, Play, Hang Out",com.discord,Social,b2701985-5d53-4f50-a621-950d7751a8c9,Kurt G.,4,,"it's good! but there's a bug where I spam video too much, it doesn't send and I cannot give photos or videos anymore",1,338.13 - Stable,2026-07-24T13:51:50,,
"Discord - Talk, Play, Hang Out",com.discord,Social,a115c898-6cee-4f10-8980-290763f8cb22,Shahmi Shahmizul,5,,good,0,337.10 - Stable,2026-07-24T13:46:26,,
"Discord - Talk, Play, Hang Out",com.discord,Social,4ccd869c-0cb0-43c5-93b4-fde5dd8a8f99,Henry MamaTongTong,5,,Best app for youtubers to use for communication,0,338.13 - Stable,2026-07-24T13:26:45,,
"Discord - Talk, Play, Hang Out",com.discord,Social,90a34347-a0d8-4970-8f91-92edb23b2c72,Ansh Bhatia,5,,Its best app ever its nice to stay with friends play games make servers etc Best aap,0,,2026-07-24T13:12:28,,
"Discord - Talk, Play, Hang Out",com.discord,Social,651a8454-3190-49b9-8be1-7fdd33f7b705,Adrian Bombaclat,5,,I wanna goon.,0,,2026-07-24T13:03:32,,
"Discord - Talk, Play, Hang Out",com.discord,Social,3a44e41d-84e9-489b-868f-5eeae948e751,Ian Smith,4,,"It's a great source to have, I'm able to connect with my friends but I wish that it was more uniform and less prone to crashing like it's PC counterpart",0,336.10 - Stable,2026-07-24T12:57:11,,
"Discord - Talk, Play, Hang Out",com.discord,Social,7c6dfae1-72f1-4510-bdfc-344fb8c9d4ff,Steward Emerson,5,,"This app is seriously great for catching up with friends or making new ones over a voice call. You can have a blast playing games or just chilling and chatting with people. It's a fun way to connect and pass the time. However, you do need to be careful because some people might use it for inappropriate stuff. Just stay aware and enjoy the good parts!",0,338.13 - Stable,2026-07-24T12:27:16,,
"Discord - Talk, Play, Hang Out",com.discord,Social,5854d432-ad26-4e85-8e36-154ef9cb04e6,Arisakamu,5,,"Please bring back copy emoji and sticker id. Stickers don't load unless it fills all 4 columns, on 338.13 (6021) - googleRelease",0,338.13 - Stable,2026-07-24T12:18:40,,
"Discord - Talk, Play, Hang Out",com.discord,Social,ef6a39af-69a9-4d7c-81dd-ea265e334dfd,Unity,1,,they're showing ads in the app no matter how much you're paying for the expensive nitro tier,1,336.10 - Stable,2026-07-24T11:44:26,,
"Discord - Talk, Play, Hang Out",com.discord,Social,eb627e56-42df-49fa-9eda-6f89aaba6dbd,Dominic Pounds,3,,has been good so far but am hoping for new maps as I update it so I can rate it 5,0,338.13 - Stable,2026-07-24T11:35:50,"Thanks for your feedback! We love hearing your ideas. For new features like maps, please share your suggestions at dis.gd/feedback. Your input helps us improve Discord for everyone!",2026-07-24T12:05:28
"Discord - Talk, Play, Hang Out",com.discord,Social,b9fcb9ef-f1d4-43f4-8d59-401fe7812cdf,Alvin,4,,its good for chatting with friends and communitys,0,338.13 - Stable,2026-07-24T10:50:49,,
"Discord - Talk, Play, Hang Out",com.discord,Social,24ac969b-5074-4a2e-b37c-1f99bfd35684,Max Hill,1,,I rate this app a 1 star because I keep getting banned for no reason and when you make a new account you always need to verify your email,1,338.13 - Stable,2026-07-24T10:18:36,Thanks for your suggestion about Bitmoji-style avatars and emoji customization! We love hearing new ideas. Please share your feedback at dis.gd/feedback so our team can review it. Your input helps us improve Discord for everyone!,2026-03-26T08:53:25
"Discord - Talk, Play, Hang Out",com.discord,Social,ed8686de-5947-473f-8b75-2a616a8e50b6,Terry Sere,5,,awesome,0,338.13 - Stable,2026-07-24T09:55:45,,
"Discord - Talk, Play, Hang Out",com.discord,Social,10d77335-51e6-42b3-9ef8-2db4c901b66d,Coreh Martinushkevich,2,,"Phone Verification = Dumb. Changed my mind about this place, will be considering deleting my servers and contributions. (luckily it is not that simple.... for whom, idk. but I need to either give away my servers or delete them.... or decide to stay. a tough and annoying choice....)",1,,2026-07-24T09:36:54,"If you want to delete your servers or transfer ownership, you can do so in Server Settings. For help with phone verification or account changes, visit dis.gd/contact for personalized support. Let us know if you need step-by-step guidance!",2026-07-24T10:07:28
"Discord - Talk, Play, Hang Out",com.discord,Social,6fb30647-1bc1-4c1e-823e-fb9629c65463,Osvaldo Reyes,1,,TERRIBLE APP NOTIFICATIONS DONT POP UP AND GIFS DONT APPEAR ANYMORE,1,338.13 - Stable,2026-07-24T09:28:09,"For notifications, check Discord's global and server-specific notification settings in User Settings. For GIFs, ensure Reduced Motion is disabled in Appearance settings. Restart your device and update the app. More help: dis.gd/contact",2026-07-24T09:59:28
"Discord - Talk, Play, Hang Out",com.discord,Social,d9155d47-f787-4b5c-bb88-0b9e258ce67c,Soul,1,,"I changed my device and now I am unable to login into new device... what the hell is this... help me.. asking old passkeys, how can I remember that",1,337.10 - Stable,2026-07-24T09:08:50,"If you can't remember your passkey or MFA codes, try using a backup code or SMS authentication if you set it up. If you don't have backup codes, follow the password reset steps at dis.gd/contact. For more help, see: https://support.discord.com/hc/articles/31676852332439",2026-07-24T09:33:25
"Discord - Talk, Play, Hang Out",com.discord,Social,0d635175-aec9-45e9-9868-f2328e928592,Joey,5,,Perfect🥹,0,338.13 - Stable,2026-07-24T08:41:31,,
"Discord - Talk, Play, Hang Out",com.discord,Social,b3b62c75-c18d-4c8d-b3c9-9d159b950c8a,Charlie,1,,horrible just keeps cutting off my voice when I talk and not the background noise and not setting just the app sucks,1,337.10 - Stable,2026-07-24T08:21:29,Try adjusting your input sensitivity in Voice settings: tap your avatar - Settings - Voice - Input Sensitivity. Disable “Automatically determine input sensitivity” and manually set the slider so your voice isn’t cut off. For more help: dis.gd/mobile-voice-help,2026-07-24T08:47:28
"Discord - Talk, Play, Hang Out",com.discord,Social,184c9e12-d3f4-4561-892a-d60b84562804,sack Lee,2,,"Discord’s audio system needs improvement. Bluetooth headset support is inconsistent — I can hear Discord audio through my headset, but the microphone does not work properly. Other apps work fine with the same headset, so Discord’s handling of Bluetooth audio input/output needs to be improved. Please make audio device detection and microphone compatibility more reliable.",0,338.13 - Stable,2026-07-24T08:13:06,"Bluetooth headset mic issues can occur due to device profile limitations. Try updating your OS and Discord app, check input/output device settings in Discord, and switch between Standard and Legacy audio subsystems. For more help: dis.gd/mobile-voice-help",2026-07-24T07:49:26
"Discord - Talk, Play, Hang Out",com.discord,Social,79cba6f1-9875-4941-b7ee-c947733ca3c4,T Dog,2,,"Ever since the newest update the app is HORRENDOUS on Android. barely works, crashes, freezes every 5 minutes and it's not my phone or network its the app. the UI is also slowly getting worse with each passing update. the app is so bad I have to switch over to Google chrome and use the web browser on my phone.",1,338.13 - Stable,2026-07-24T08:01:15,"Try restarting your device, updating Android and Discord, clearing app cache/data, reinstalling, and checking storage. UI changes are ongoing—share feedback at dis.gd/feedback. For persistent issues, contact us at dis.gd/contact.",2026-07-24T08:27:29
"Discord - Talk, Play, Hang Out",com.discord,Social,51ef5206-b962-4356-ab4b-0c6c125735d0,Ivan Salcedo,1,,"Used to be fun, now it's too mainstream premium, I aint paying for Nitro now hush",1,339.8 - Beta,2026-07-24T07:58:57,,
"Discord - Talk, Play, Hang Out",com.discord,Social,c900896a-1405-4020-861b-124d890ba479,nasar hasan,1,,I lost three accounts and a lot of friends and servers for the stupid phone number verification when i send the number it doesnt send me any code. Fix that,1,338.13 - Stable,2026-07-24T07:29:42,"If your phone number isn't receiving a verification code, ensure it's a valid mobile number, not VOIP or landline, and not tied to another Discord account. Try re-entering your number or wait 24-48 hours. For more help, visit dis.gd/contact.",2026-07-24T07:59:26
"Discord - Talk, Play, Hang Out",com.discord,Social,5806512b-a870-4868-bee5-2167fad3d322,Deklan huddleston,2,,"I don't recommend Discord, it was very good until 2026. Its automod scans everything you send and can get warned for things that dont break their policies. Along with that, you can get bannrd by spam reports because the auto mod is dumb. Or its modetators just suck. 5 of my friends all sudden had their accounts getting warned, while mine is on the verge of being banned. Note me and my friends been on discord since 2021, never gotten warns. Discord has fallen apart.",1,338.13 - Stable,2026-07-24T07:21:49,,
"Discord - Talk, Play, Hang Out",com.discord,Social,c8ad203c-9aea-4523-b554-1111b36a8571,Marco Guzman,2,,Only thing Id love to have on this is just not having channels update in activity when someone I blocked posted something. Also have a lingering issue with channels not updating activity at all until I clear cache then it messes up again.,6,338.13 - Stable,2026-07-24T07:04:57,,
"Discord - Talk, Play, Hang Out",com.discord,Social,a1dc853e-eb38-4fed-8f9d-3b6e82bcd59d,WAJAHAT KHATTAK,5,,Thanks discord developer,0,337.10 - Stable,2026-07-24T06:47:29,,
"Discord - Talk, Play, Hang Out",com.discord,Social,30436160-2add-48ee-adec-124207eb0e4e,Becca B,1,,Videos won't Upload. I pay for nitro and send videos to friends on a regular. I cut longer videos down to fit the size limit. For several days now I cannot upload any videos at any size. Pictures and gifs take multiple tries to send. None of what you suggested was not tried before you suggested it. This has never been an issue before. You have an issue with videos and you need to address it. not even a 20 second video wants to upload. pictures even take time.,2,338.13 - Stable,2026-07-24T06:13:51,"Try restarting your device, updating Discord and your OS, and clearing app cache. Check your video upload quality settings in User Settings - Text & Media. If issues persist, please reach out at dis.gd/contact for more help.",2026-07-08T08:05:29
"Discord - Talk, Play, Hang Out",com.discord,Social,0441e1ee-79cd-4a9e-9744-0194cefa32b5,Cameron41 41,3,,it bugs a little bit and lagging,0,338.13 - Stable,2026-07-24T05:59:08,"Try updating your Discord app and device OS, restart your phone, and check your internet connection. If lag persists, reinstall the app. For more help, visit dis.gd/mobile-voice-help.",2026-07-24T06:29:28
"Discord - Talk, Play, Hang Out",com.discord,Social,d1374884-7c58-4a5a-8672-50936b41275d,Stinkole Poopoo,3,,when I try to verify me email it will never send the code,0,338.13 - Stable,2026-07-24T05:57:47,"To resend the verification email, tap your avatar in the bottom right, go to Account, and tap the Verify banner. If you don’t see the email, check your spam folder and allowlist notifications@discord.com. More help: dis.gd/contact",2026-07-24T06:29:30
"Discord - Talk, Play, Hang Out",com.discord,Social,83bdc004-6bee-4e93-a0f2-80008297f06f,Daovy Souphonphakdy,4,,Okay I guess but there's a bug wherever if I forgot my password and completed those puzzles I didn't get a code please help me and tell me what to do is this a bug?,0,338.13 - Stable,2026-07-24T04:52:49,,
"Discord - Talk, Play, Hang Out",com.discord,Social,b57d144e-108a-4561-90ab-74de1dece969,Waaahh,5,,Cool,0,323.12 - Stable,2026-07-24T04:22:14,,
"Discord - Talk, Play, Hang Out",com.discord,Social,c2e3d00e-2cbd-46ad-8808-740466fee4af,chunky hoey,3,,Not much a Discord fan. I'm only on it because the TikTok content creators I followed is using it. Is ok if you're into general online chats with the creators instantly. Movie night can be good.,0,,2026-07-24T04:18:55,"Thanks for sharing your experience! If you have suggestions or want to improve your Discord experience, let us know at dis.gd/feedback or reach out for personalized help at dis.gd/contact. We're always working to make Discord better for everyone.",2026-07-24T04:49:25
"Discord - Talk, Play, Hang Out",com.discord,Social,1489b998-2fb7-415a-ad55-9f778b679a30,jay,1,,ridiculous perma ban. horrible costumer service,3,338.13 - Stable,2026-07-24T03:45:51,"For account-related issues like a ban, please contact our Trust and Safety team by submitting an appeal at dis.gd/request using the email linked to your account.",2024-10-25T04:37:22
"Discord - Talk, Play, Hang Out",com.discord,Social,0a78fc40-6bdf-445e-98ce-333fd85873ed,Anderson Suarez Rodriguez,5,,perfect,0,336.10 - Stable,2026-07-24T03:41:29,,
"Discord - Talk, Play, Hang Out",com.discord,Social,187a6fc3-9b51-4512-ab7c-f8a72094cfaf,Wendu Your Frendu,5,,"discord cool, I like",0,338.13 - Stable,2026-07-24T03:21:44,,
"Discord - Talk, Play, Hang Out",com.discord,Social,56a18bf6-eb55-498e-bc13-4677eecf4c70,vesspurr,1,,"notifies my friends and annoys them when i change my status or password. orbs went from being 700 to 200. doesn't allow u to scroll/search through ur block list so you're stuck at revealing 5 people at a time, this is an issue if u have a bunch of people blocked. if u buy nitro basic before buying normal nitro there is no easy way to swap them around if u want to. (u cant manually force it to end and it forces u on the desktop app to manage it)",1,338.13 - Stable,2026-07-24T02:45:07,"Thanks for sharing your feedback. For help with notifications, block list, or Nitro swaps, please visit dis.gd/contact. We’re always working to improve features and appreciate your input. For suggestions, you can share at dis.gd/feedback.",2026-07-23T22:53:36
"Discord - Talk, Play, Hang Out",com.discord,Social,cb17181e-f46c-48f8-af00-6d1c5fc0b1ca,Uzair Iftikhar,5,,♥️🇨🇦nice app,0,,2026-07-24T02:42:54,,
"Discord - Talk, Play, Hang Out",com.discord,Social,93018f59-9ec0-48f4-8bbe-0181354392d7,Char,2,,"The server tags dont work! I paid for nitro to boost my server and it says the app has a bug, please fix this!",0,338.13 - Stable,2026-07-24T02:10:39,"Server Tags and other perks can only be enabled and managed on desktop, not mobile. If you have enough unallocated boosts, use the desktop app to configure Server Tags. If you believe this is a bug, report it at dis.gd/contact with your device info.",2026-07-24T02:39:34
"Discord - Talk, Play, Hang Out",com.discord,Social,b48d5bef-a169-42a0-804a-508a02e3ba42,Kind Summer,5,,the best app but it got suspended my old acc :/,0,303.10 - Stable,2026-07-24T01:34:47,,
"Discord - Talk, Play, Hang Out",com.discord,Social,04a2a5f7-56aa-4aec-8ea6-3df978e2bbca,Twotimezz_,1,,"horrible app. first things first, I reported someone who is manipulating minors into sending inappropriate pictures of themselves by writing a long paragraph threatening to call the police but surprise, discord flagged me and my account received a limitation. I have been sent multiple pictures of dead people in my inbox and those accounts seems to still be active. for my friend's birthday, I sent them a nitro subscription and they said that they are unable to claim it on the mobile app.",1,338.13 - Stable,2026-07-24T01:24:45,,
"Discord - Talk, Play, Hang Out",com.discord,Social,a3f5c318-4b54-4e47-9cfc-9fc7e0d43de0,Ginny,3,,idunno how to use everything this app has too offer so that's why the low star rating!!,0,338.13 - Stable,2026-07-24T01:19:27,"Discord offers lots of features! For a quick start guide, check out dis.gd/mobile-voice-help and our Beginner's Guide: https://support.discord.com/hc/en-us/articles/360045138571-Beginner-s-Guide-to-Discord. For more help, visit dis.gd/contact.",2026-07-24T01:47:30
"Discord - Talk, Play, Hang Out",com.discord,Social,4f8c28a7-8d5a-4609-a95d-02a380d75b50,Carah Tjiong,5,,"I have sincerely enjoyed my experience and journey here on Discord. That might sound a little weird considering it's just some app, but after finding the most amazing beings and communities on there, it became more than just an app, but also a package of memories, silly text messages, Roblox-related promotions, and calls. My best friends come from this app. They may not be people I have met face-to-face as of yet, but they have been just as good - or even better - as/than a real-life friendship.",1,335.11 - Stable,2026-07-24T01:16:26,,
"Discord - Talk, Play, Hang Out",com.discord,Social,a87d19d8-6253-49a6-a339-26c080bf9ddb,Daniel Samayoa,1,,can't send videos anymore. not gonna pay for a service you easily offered before. Just super greedy. Not to mention in today's tech age your app doesn't handle video. pathetic,0,338.13 - Stable,2026-07-24T01:12:31,,
"Discord - Talk, Play, Hang Out",com.discord,Social,151d251b-1865-4ef1-a903-344b57c51190,Zain Ahmed EL-mahdy,5,,جاااامد,0,,2026-07-24T00:52:54,,
"Discord - Talk, Play, Hang Out",com.discord,Social,e604afda-ac0d-4517-a677-3f7806007a41,Makov Bovcivec,1,,Worst app I ever used. No way you can create an account.,0,338.13 - Stable,2026-07-24T00:43:09,"To create an account, check your internet connection and update the app. If issues persist, try reinstalling. For more help, visit dis.gd/contact. We're here to assist you in getting started!",2026-07-24T01:13:32
"Discord - Talk, Play, Hang Out",com.discord,Social,db016c1d-d794-4392-ae5b-dd7b9e52eb48,Ian Palmer,1,,"layout from last change still sucks. they tried to tell me that the reason I had buttons on top of each other was because of connectivity issues. bunch of morons over there. you also can't mute tags in channels that you have muted, which a drunken 11 y/o would be able to figure out. & now, there's no way to copy bot messages, so the only way to translate them is to take screenshots and pass them to Lens. genius development guys, you must be real proud to tell people where you work",64,338.13 - Stable,2026-07-24T00:42:47,"Sorry to hear about your connection issues. Try switching to data or a different WiFi network to see if it helps. If it doesn't, head over to this Help Center article for further troubleshooting steps: https://support.discord.com/hc/en-us/articles/13148417007767",2024-02-26T23:25:06
"Discord - Talk, Play, Hang Out",com.discord,Social,739a22b6-cd1c-4b43-9e02-8279c0f54f49,Ayaan Biswal,5,,it was really impressive to communicate with my friends,0,338.13 - Stable,2026-07-24T00:19:20,,
"Discord - Talk, Play, Hang Out",com.discord,Social,54e88c60-0567-4056-becf-8fee94ccb551,Gojiramus Primus,5,,"I love all the servers, channels and friends I made in there. And I like all the memes and fun stuff I've posted there as well.",0,337.10 - Stable,2026-07-24T00:08:45,,
"Discord - Talk, Play, Hang Out",com.discord,Social,c466c127-3e41-4889-b64f-bad790d6a5bb,Daniel Ayomide,5,,gud,0,336.10 - Stable,2026-07-24T00:08:17,,
"Discord - Talk, Play, Hang Out",com.discord,Social,676b210b-91cf-426c-8d92-5d24d3e07789,meraak1,1,,"You used to be able to send a video over 10mb in size and it would automatically compress it down to 10mb. They removed this functionality probably to make discord worse to use for non-nitro users to push them to upgrade for a service not worth paying for. In competing services like telegram, the upload limit is 2gb.",2,337.10 - Stable,2026-07-23T23:42:32,"Try switching to a different WiFi network or mobile data to see if it resolves the issue. If not, please follow the steps in our Help Center article: https://support.discord.com/hc/en-us/articles/13148417007767",2024-12-08T04:33:29
"Discord - Talk, Play, Hang Out",com.discord,Social,b5b5f62a-db40-43ce-a3bb-0ca7a3c9072c,Alyssa Cuthbertson,5,,"Great app! Not going to leave anything less than five stars because of how much I love it! Also, suggestion... custom emojis for your username for Nitro Users! :o Lots of people like to put emojis in there names... what of there were some custom ones you can't get from the plain old emoji selection on your phone? :>",1,,2026-07-23T23:34:21,,
"Discord - Talk, Play, Hang Out",com.discord,Social,6f76633c-cb43-42b8-a6e6-04564eba8f67,David “WhiteWolf” DePauw,3,,it's confusing to use,0,335.11 - Stable,2026-07-23T23:23:31,"Thanks for your feedback! If you need help navigating the app, check out our mobile guides at dis.gd/mobile-voice-help. For more support or suggestions, visit dis.gd/contact or dis.gd/feedback. We're here to help you get the most out of Discord!",2026-07-23T23:53:31
"Discord - Talk, Play, Hang Out",com.discord,Social,61856263-1d84-40ab-aa25-3d71035e7335,Emily Berdych,1,,as of last update I'm not receiving notifications on either of my phones despite making triple sure they're enabled on both,0,338.13 - Stable,2026-07-23T23:15:11,"Please check Discord notification settings on both devices and ensure ""Mobile Push Notifications"" is enabled for each server. Also, confirm device OS notification settings allow Discord alerts. For more help, visit: dis.gd/mobile-voice-help",2026-07-23T23:43:30
"Discord - Talk, Play, Hang Out",com.discord,Social,77e8f435-0bbe-4a4b-90e8-259293dd46a3,jessica louise,3,,lovely app,0,335.11 - Stable,2026-07-23T22:59:02,"Thanks for your kind words! We're glad you're enjoying Discord. If you have any suggestions or want to share more feedback, feel free to let us know at dis.gd/feedback. Keep connecting and having fun with the Discord community!",2026-07-23T23:29:23
"Discord - Talk, Play, Hang Out",com.discord,Social,3abb0291-dc87-41d0-adb6-6889641e1dde,Eish Mine,5,,Best App 🌷,0,,2026-07-23T22:56:18,,
"Discord - Talk, Play, Hang Out",com.discord,Social,f7c2a03a-ec79-450b-a926-5f8349de53ba,Tonya Moon,1,,"I would give -10 Stars if I could. This is one of the jankiest, if not THE jankiest, apps I've ever used. Audio and technical glitches whenever I use it. 😩 I get a huge giggle out of how most of the dev responses are 'reinstall the app and restart your device.' How about just fixing the damn app so that it works properly? If I have to uninstall an app to get it to work, it's a done deal, because I'm NOT reinstalling. I'll just find a better alternative. 🤷🏽‍♂️",9,338.13 - Stable,2026-07-23T22:15:46,,
"Discord - Talk, Play, Hang Out",com.discord,Social,2d74b821-d404-4686-b088-2929edf01077,Keshu,5,,i love discord but always without any reason my account suspended my Nitro subscription waste why always me please don't suspended my new account @longafternoonn and please give free Nitro trail,0,337.10 - Stable,2026-07-23T22:13:29,,
"Discord - Talk, Play, Hang Out",com.discord,Social,b46a7e76-e271-467e-821b-d1b825af808c,Linette Okoth,5,,hella good,0,,2026-07-23T21:59:02,,
"Discord - Talk, Play, Hang Out",com.discord,Social,dbb46275-a68b-4892-9a29-19ac37e84498,Devansh Chander Mouli,5,,best app for gameing,0,,2026-07-23T21:57:03,,
"Discord - Talk, Play, Hang Out",com.discord,Social,73c5a6ec-3e3b-4567-8ef3-c61613369b29,Oliver Keogh,5,,goated,0,338.13 - Stable,2026-07-23T21:38:19,,
"Discord - Talk, Play, Hang Out",com.discord,Social,1e83659a-d169-4fa8-b47b-72e8195fe704,Magdalene Stevens,5,,Soooo cutee,0,,2026-07-23T21:32:01,,
"Discord - Talk, Play, Hang Out",com.discord,Social,f80264bc-ff8c-4409-88a0-25a76e9c10cd,Rinzuala,1,,horrible voice quality,0,338.13 - Stable,2026-07-23T21:20:46,"For voice quality issues on OnePlus, try updating your OS and Discord app, check mic permissions, and adjust Voice settings (Noise Suppression, Echo Cancellation). Restart your device and switch between WiFi/data. More tips: dis.gd/mobile-voice-help",2026-07-23T21:49:30
"Discord - Talk, Play, Hang Out",com.discord,Social,57ac4fe0-a5b5-44fb-b35c-4f2d95fb0466,Dennis Wra,1,,"Discord has become a disappointing platform. The focus on monetization with expensive Nitro subscriptions and constant pushes to spend money has taken away from the user experience. Safety and moderation also remain major concerns, with issues around scams, harmful content, and protecting younger users. A platform built for communities should do more to prioritize users over profit.",0,338.13 - Stable,2026-07-23T20:58:33,,
"Discord - Talk, Play, Hang Out",com.discord,Social,66a4f2e3-a6e4-4dfc-a779-5e6de2a73d79,Cydney Renel,2,,the calls suck. it kicks me and my friend out every 2 seconds!,0,338.13 - Stable,2026-07-23T20:57:03,"Try updating your Discord app and OS, restart your device, and check your internet connection. If issues persist, reinstall Discord and review Voice & Video settings. More tips here: dis.gd/mobile-voice-help. If you still need help, reach out at dis.gd/contact.",2026-07-23T21:27:33
"Discord - Talk, Play, Hang Out",com.discord,Social,7be11937-826e-4819-b035-6bbfa222b8d4,FxFurky,3,,please add switch account to mobile,0,337.10 - Stable,2026-07-23T20:34:54,Thanks for your suggestion about account switching on mobile! We appreciate your feedback. Please share more ideas at dis.gd/feedback to help us improve Discord. Your input helps shape future updates!,2026-07-23T21:05:26
"Discord - Talk, Play, Hang Out",com.discord,Social,7f9d6266-0d13-44f5-939f-7cb5c9571efb,Rana,1,,"I think this is the worst online chatting platform ever because I have been trying to login to my account and this app told me to verify my e-mail I entered everything right but I can't ,it goes back to verify again. Then I went to change email,but then it shows that I'm changing my email too fast.",0,338.13 - Stable,2026-07-23T20:08:40,"To verify your email, tap your avatar in the bottom right, go to Account, and tap the Verify banner to resend the email. If you see ""changing email too fast,"" wait 24 hours before trying again. For more help, visit dis.gd/contact.",2026-07-23T20:39:33
"Discord - Talk, Play, Hang Out",com.discord,Social,6da68c23-fdff-488c-a178-57ae9d3768c2,Joseph Flynn,5,,good,1,338.13 - Stable,2026-07-23T20:08:09,,
"Discord - Talk, Play, Hang Out",com.discord,Social,c197e68c-345d-4dfa-b7e6-3755f3a1e7ec,niga Nigrov,2,,can't verify in DC servers l,0,335.11 - Stable,2026-07-23T20:07:05,"To verify your account, make sure your phone number is valid, not linked to another Discord account, and not a VOIP or landline. If you still can't verify, try re-entering your number or visit dis.gd/contact for more help.",2026-07-23T20:39:31
"Discord - Talk, Play, Hang Out",com.discord,Social,c39f7695-e809-4a35-acad-4caee64f1d52,Shaik Siddiq,5,,good 👍👍👍,0,336.10 - Stable,2026-07-23T19:45:27,,
"Discord - Talk, Play, Hang Out",com.discord,Social,842c23f3-2f7a-4a16-a187-6fc202e08fb8,MUHAMMAD HAKIMI,5,,"""Great for communities and group discussions. Voice channels are stable, and the app is easy to navigate.""",0,,2026-07-23T19:39:05,,
"Discord - Talk, Play, Hang Out",com.discord,Social,7fed07e0-b981-46c2-bf86-6969f05cc563,Free id Free id,5,,nice app,0,,2026-07-23T19:31:36,,
"Discord - Talk, Play, Hang Out",com.discord,Social,645472c2-dd5d-4794-8522-c3687f1316f5,Elena Hristovska,1,,just wont work. every time i try to log in to my account it just says that its invalid or it will tell me to verify that i am a human and the just kick me out. please do not install this app on mobile or pc,0,,2026-07-23T19:31:11,"Try reinstalling the app, clearing cache, and ensuring your device OS is up to date. For login issues, verify your email/phone and check formatting. If you still can't log in, visit dis.gd/contact for more help. More info: https://support.discord.com/hc/en-us/articles/360057027354",2026-07-23T19:59:28
"Discord - Talk, Play, Hang Out",com.discord,Social,9368d12b-a2dc-4a24-96d9-b1ef8344347f,Jericho Rose,1,,"Discord used to be reliable, the safest messaging/streaming app you could use, but it's killing itself with capitalistic drive— AI moderation has been their BIGGEST mistake, the AI is not infallible, in fact we now know that it will commonly false flag people with no resolution to their cases, because they also use AI to sift through their appeals. Even if you are hit by the KNOWN issues, that Discord themselves have acknowledged, you could lose your account. You think people don't try tickets?",0,319.14 - Stable,2026-07-23T19:28:50,"We appreciate your feedback on moderation and appeals. We're always working to improve our systems and user experience. For help with account or moderation issues, please reach out at dis.gd/contact so we can assist you directly.",2026-07-22T23:53:28
"Discord - Talk, Play, Hang Out",com.discord,Social,bb7ac1f4-15c9-4d8b-bf56-5e8e4868b1ed,Amari Roubideaux,2,,"as much as I like the app, I feel like discord should fix the color wheel / code color from shaking violently and disappearing. It's irritating.",0,338.13 - Stable,2026-07-23T19:02:28,"Thanks for your feedback! For color wheel/code color issues, please try updating the app and restarting your device. If the problem persists, you can report this bug at dis.gd/contact with details. Your input helps us improve Discord!",2026-07-23T19:33:27
"Discord - Talk, Play, Hang Out",com.discord,Social,5655cccb-8499-4d71-a67a-e6eb88ebeeef,TXAMARA,5,,safe app really secure perfect for kids or any use,0,,2026-07-23T18:58:01,,
"Discord - Talk, Play, Hang Out",com.discord,Social,125b8591-c7f8-4cf8-a495-7c0c103802bf,Saruul Erdene,5,,good,0,335.11 - Stable,2026-07-23T18:52:21,,
"Discord - Talk, Play, Hang Out",com.discord,Social,f673435f-ec52-437b-949e-b260d6619aad,Jacob Sipin,1,,the code sender is taking forever,0,338.13 - Stable,2026-07-23T18:42:17,"If you're experiencing delays receiving your verification code, please check your network connection and spam folder. If the issue continues, try restarting your device or reinstalling the app. For more help, visit dis.gd/contact.",2026-07-23T19:13:25
"Discord - Talk, Play, Hang Out",com.discord,Social,e3476461-c8b0-4d9a-835c-9081eb658116,Jefil Christian Luna,5,,"TRUE DISCORD PC TO MOBILE PORT. Speaking as a subscriber for one year, I mainly use Discord for academic notes and sort them by channel, I don't know if anyone else does it like me. The call side does get VERY SENSITIVE to internet connection, especially if you're streaming on high quality. Otherwise, it's been super reliable, with no disruptive ads, a seamless experience and ACTUAL AFFORDABLE SUBSCRIPTION. If it STAYS affordable, I'm aiming for 5 years plus guaranteed Discord loyalty.",36,338.13 - Stable,2026-07-23T18:35:17,,
"Discord - Talk, Play, Hang Out",com.discord,Social,e2041f85-8e1d-4759-b9ef-9677983559f0,Slimey Floor,3,,it doesn't work for me. I made an account but it no work :(,0,,2026-07-23T18:32:40,"Please check your device OS version and update if needed. Restart your phone, reinstall Discord from the Play Store, and ensure you have enough storage. If issues persist, visit dis.gd/contact for more help.",2026-07-23T19:05:29
"Discord - Talk, Play, Hang Out",com.discord,Social,ffeb4a75-c1e7-4b70-aa7d-d507fa070527,Shamir Shamir,1,,macam bodo password invalid,0,338.13 - Stable,2026-07-23T18:25:57,"Jika kata laluan tidak sah, sila cuba tetapkan semula kata laluan anda melalui aplikasi atau laman web Discord. Jika masih bermasalah, sila hubungi kami di dis.gd/contact untuk bantuan lanjut.",2026-07-23T18:53:28
"Discord - Talk, Play, Hang Out",com.discord,Social,6e72f1d3-24b6-4229-92f7-a8eade6535e0,Khaleda nasrin,4,,great,0,336.10 - Stable,2026-07-23T18:18:25,,
"Discord - Talk, Play, Hang Out",com.discord,Social,a571ce0e-a756-412f-bdcb-9ae61ea91106,Abiel Jurcales,2,,"I have been recently struggling to log back into my main account; days ago I was changing my username after that it suddenly logged out for no proper explanation. I tried logging back in but it wouldn't let me. you need an email account to log back in which I did type it with my account password, and it still wouldn't let me even though my account and password were correct. I wish you could change the email to username instead, so it would be easy to log back in. please fix this.",0,338.13 - Stable,2026-07-23T18:08:23,"If your email and password are correct but you can't log in, try using your phone number if it's linked to your account. If you forgot your email, check all inboxes for Discord emails. For more help, visit dis.gd/contact.",2026-07-23T18:39:31
"Discord - Talk, Play, Hang Out",com.discord,Social,cb5c4134-65bb-4ad7-bfaf-baeaa719c20d,Stell No,3,,"Updated. Still nice and useful, use it the most however recent changes including AI force me to reduce it",0,337.10 - Stable,2026-07-23T17:56:07,"Thanks for your feedback! We’re always working to improve Discord. If you have specific suggestions about recent changes or AI features, please share them at dis.gd/feedback. Your input helps us make Discord better for everyone.",2026-07-23T18:19:28
"Discord - Talk, Play, Hang Out",com.discord,Social,583b837c-4f7c-4d6c-8d4d-1aff52e09d9f,Natik Bhai,1,,this is bad,0,,2026-07-23T17:51:12,"Thanks for sharing your feedback. If you’re experiencing issues or have suggestions, please let us know at dis.gd/contact so we can assist you further. We’re always working to improve your experience on Discord.",2026-07-23T18:19:25
"Discord - Talk, Play, Hang Out",com.discord,Social,15ac1914-6fa8-4526-9c66-8ad5304f448f,KIRAN GARG,5,,nice app,0,338.13 - Stable,2026-07-23T17:20:49,,
"Discord - Talk, Play, Hang Out",com.discord,Social,ce503bc0-7db1-4a75-a876-80333bff7037,Jay (Kai Shadowpaw),1,,"I have the latest os for my phone. i have upgraded to 338.13 and it still does it. As I said I have no issues hotspotting my ipad and it works just fine on there. I have ticketed the issues several times, done all the leg work recommendations, even down graded to 334. to see if it worked better. pics still dont load, messages still take forever to send or fail to send, and using voice and cam if not plugged into a charger eats a battery in under an hour.",0,338.13 - Stable,2026-07-23T17:18:04,"Try updating your Discord app and device OS, clear app cache, and switch DNS providers (Cloudflare or Google Public DNS). If issues persist, reinstall the app. For more help, visit dis.gd/mobile-voice-help or dis.gd/contact.",2026-07-23T17:05:25
"Discord - Talk, Play, Hang Out",com.discord,Social,f1cd77f6-4ed9-4ddf-a06b-64190399e8c8,Tumpa Sengupta,5,,greatest experience,0,337.10 - Stable,2026-07-23T17:07:48,,
"Discord - Talk, Play, Hang Out",com.discord,Social,961752d3-82db-440c-898f-36a4145fe7d4,Cherymi 9,1,,worst,0,233.17 - Stable,2026-07-23T16:10:12,"Thanks for sharing your feedback. If you have specific concerns or need help, please reach out at dis.gd/contact so we can assist you directly. We're always working to improve your experience on Discord.",2026-07-23T16:39:27
"Discord - Talk, Play, Hang Out",com.discord,Social,b3edc076-bd64-4b91-86f7-6548d4dedf37,Stephie 15,1,,I can't register it's always error to create a account,0,,2026-07-23T15:20:15,"To register, make sure your email or phone number isn’t already used for another Discord account. Double-check your info, update your device OS, and try reinstalling the app. If errors persist, visit dis.gd/contact for personalized help.",2026-07-23T15:49:35
"Discord - Talk, Play, Hang Out",com.discord,Social,bc16ff9c-075d-432c-b616-5db9edb76fba,Abner Ibarra,4,,a good app,0,338.13 - Stable,2026-07-23T15:03:28,,
"Discord - Talk, Play, Hang Out",com.discord,Social,5878bbc2-9e34-4db2-b79f-a127c3a3b0ef,Elman Nuri,4,,it took so long for the being a robot or not,0,335.11 - Stable,2026-07-23T14:44:09,,
"Discord - Talk, Play, Hang Out",com.discord,Social,175c1123-2164-4827-950d-9051bc8a3ea2,Zach Ali,5,,great,0,,2026-07-23T14:25:09,,
"Discord - Talk, Play, Hang Out",com.discord,Social,8637a7d4-b9f2-493c-ad9d-11991a8408d3,Quentin Jarvis,5,,It would be nice to be able to delete unwanted decorations.,0,338.13 - Stable,2026-07-23T14:22:35,,
"Discord - Talk, Play, Hang Out",com.discord,Social,e46683c8-075c-4924-83fd-ca33cbfd7c6c,Milo,1,,"(Replying to the developer that replied to the message I had to delete so I can reply. ) My phone can access discord now! also.. it seems like my internet (which is PERFECTLY fine) seems to not work with discord only, discord only works with my mobile data or when I use the 1.1.1.1 cloudfare app. but now we move to my PC. IT HAS BEEN HOURS, I have been waiting and my PC won't let me use discord, my phone is going through the same situation as well if I don't use the 1.1.1.1 app/my mobile data",3,,2026-07-23T13:32:23,"Try changing your DNS provider to Google Public DNS or Cloudflare 1.1.1.1 for both your PC and phone. This often fixes Discord connection issues. Also, check firewall and proxy settings. For step-by-step DNS change guides, visit: https://support.discord.com/hc/en-us/articles/360034366151",2026-07-23T14:05:32
"Discord - Talk, Play, Hang Out",com.discord,Social,996348fc-cc42-471c-bdfc-cb8bc383f3d0,Andrew X,1,,Pretty retarded. I get notifications for channels that I've muted. Useless.,1,338.13 - Stable,2026-07-23T12:58:39,,
"Discord - Talk, Play, Hang Out",com.discord,Social,ea80aeac-cfb8-401c-894b-a7b7f42014d1,Lull Mac10,1,,I hate it,0,338.13 - Stable,2026-07-23T12:41:15,"Thanks for sharing your feedback. If you have specific concerns or suggestions, please let us know at dis.gd/contact so we can help improve your experience. We're always working to make Discord better for everyone.",2026-07-23T13:15:23
"Discord - Talk, Play, Hang Out",com.discord,Social,dc4f71d3-a911-46f2-b2b5-54ade26215a6,Matt Pie,3,,"Once the best, now only most convenient. Works bad, whether on pc or mobile, eats ram, crashes, buggy BUT monetised af nevertheless, just uses the money to make more money, forget about improvement.",310,337.10 - Stable,2026-07-23T12:39:06,"Thanks for your feedback! For app crashes or lag, try updating your OS and Discord app, clearing cache, and disabling auto-play for GIFs/emojis. If issues persist, reach out at dis.gd/contact for more help. For mobile tips: dis.gd/mobile-voice-help",2026-07-23T13:01:32
"Discord - Talk, Play, Hang Out",com.discord,Social,b953e54e-0a94-4f1e-963b-907916aa9ff0,Kara Martin,1,,This app used to be a ten but now after the update whenever i put the right password and phone number it wouldnt work and i cant even make a new account because of this. I can only use this app to call my friends on my phone now. One star.,0,337.10 - Stable,2026-07-23T12:17:07,"If your password and phone number aren’t working, try resetting your password at discord.com/login using “Forgot your password?” If your phone number is tied to another account, remove it first: dis.gd/contact. For more help, see: dis.gd/contact",2026-07-23T12:43:29
"Discord - Talk, Play, Hang Out",com.discord,Social,5a3da273-e6b7-412d-b699-9223cbb46a17,Renato Arnold,5,,app is fantastic but terrible notification services absolutely horrendous I've tried so many things and I can't get consistent notifications especially from dms,0,338.13 - Stable,2026-07-23T11:59:27,,
"Discord - Talk, Play, Hang Out",com.discord,Social,91b4eb5a-32a5-4ea2-bf44-0cbdbb2720e5,Nurulain Sha,5,,the best apps ever,0,,2026-07-23T11:44:07,,
"Discord - Talk, Play, Hang Out",com.discord,Social,94050557-8e47-4d73-bddf-9b67dbdc352e,Leaf,1,,🙂,0,337.10 - Stable,2026-07-23T11:41:18,"Thanks for sharing your feedback. If you need help or have specific concerns, please reach out at dis.gd/contact for personalized support. We're always working to improve your experience on Discord.",2026-07-23T12:19:39
"Discord - Talk, Play, Hang Out",com.discord,Social,61506813-c48d-41c2-9269-fb1e32036ef0,Jerwin Somido,1,,"please fix your login issue, it's irritating",0,,2026-07-23T11:39:53,"Try restarting your device, updating your OS, and reinstalling Discord from the Google Play Store. If the issue persists, clear the app cache in Settings - Apps - Discord. For more help, visit dis.gd/contact.",2026-07-23T12:19:25
"Discord - Talk, Play, Hang Out",com.discord,Social,643d139d-558a-4d6f-be3f-e867131a29bc,Igho Siregar,2,,"Since the latest software update on my Samsung Galaxy Tab S10 FE, Discord has been stuck on ""Reconnecting"" and won't connect at all. My internet connection is working perfectly, and every other app works without any issues. I've already tried clearing the cache, reinstalling the app, and restarting the device, but nothing fixes it. Please investigate and fix this compatibility issue with the latest Samsung/Android update as soon as possible. Discord is currently unusable on my tablet.",0,338.13 - Stable,2026-07-23T11:36:15,"Try changing your DNS provider to Google Public DNS or Cloudflare 1.1.1.1, as DNS issues can cause connection problems after updates. If this doesn't help, upload debug logs via Discord app settings and report the bug at dis.gd/contact. More info: dis.gd/mobile-voice-help",2026-07-23T12:19:38
"Discord - Talk, Play, Hang Out",com.discord,Social,88859c91-c4d4-4ad3-80b2-197b4319d225,Horizon Client,1,,"This is a really bad app. Discord, Your greed is too much, 700 Orbs to 200?? Add them back. bad app!",0,,2026-07-23T11:08:00,,
"Discord - Talk, Play, Hang Out",com.discord,Social,a8434b4e-7eff-47db-bcc9-13b7e9adc948,Tibor,4,,I still don't want Nitro,0,338.13 - Stable,2026-07-23T11:00:37,,
"Discord - Talk, Play, Hang Out",com.discord,Social,57721134-bb47-4994-956f-e0d0665e8434,Blaine Reid,1,,Clyde can get out of my DMs. What completely legal content I'm sending my friends is none of anyone else's business and he's not even correct anyway.,0,338.13 - Stable,2026-07-23T10:53:07,,
"Discord - Talk, Play, Hang Out",com.discord,Social,11844663-6fd5-47b8-888c-80c588d3a0a9,Abhishek B,3,,Extensive promotion for nitro.,0,,2026-07-23T10:49:27,,
"Discord - Talk, Play, Hang Out",com.discord,Social,ab67ca89-1410-48fa-bba1-670cab493592,SAKSHAM KALAMBE,1,,I am unable to add my contact number,0,336.10 - Stable,2026-07-23T10:49:03,"To add your phone number, go to User Settings - My Account - Add beside Phone Number. Make sure your number is not already linked to another Discord account, is valid, and not VOIP/landline. If issues persist, visit dis.gd/contact for more help.",2026-07-23T11:17:26
"Discord - Talk, Play, Hang Out",com.discord,Social,131325cc-c8bb-4047-a9bb-6e53db0851ef,T,3,,this app pasting from your clipboard unexpectedly is hella creepy. don't do that. otherwise it's fine. it was pretty buggy on android but after about 2 years they seemed to have eventually fixed the most annoying bugs.,0,338.13 - Stable,2026-07-23T10:26:32,,
"Discord - Talk, Play, Hang Out",com.discord,Social,15b87334-f125-41b6-8f21-e1b7a9b95dbf,Paula Irby,5,,it keep you be private,0,338.13 - Stable,2026-07-23T10:23:08,,
"Discord - Talk, Play, Hang Out",com.discord,Social,8f79fdb7-2d73-4bd2-ab61-743332d450d0,Jack Monaghan,2,,Crashes when scrolling through Discord's vanilla stickers? Really?,0,258.14 - Stable,2026-07-23T10:02:29,"Try restarting your device, updating Discord and your OS, clearing app cache, and checking storage. Reinstalling the app may help. You can also turn off auto-play for stickers/GIFs/emojis in Accessibility settings. For more help: dis.gd/mobile-voice-help",2026-07-23T10:33:31
"Discord - Talk, Play, Hang Out",com.discord,Social,3ded3dff-a4c3-4ce2-bbf6-c48bcd9d3531,Ubaid Fayaz,5,,best,0,337.10 - Stable,2026-07-23T09:47:48,,
"Discord - Talk, Play, Hang Out",com.discord,Social,9cb3c135-0388-476c-90e2-b6b7ca5af6a7,Kim Shannon,5,,Good place to keep up with gamea,0,338.13 - Stable,2026-07-23T09:27:39,,
"Discord - Talk, Play, Hang Out",com.discord,Social,f7d41e27-9b9a-4b19-a357-fb1d67c182b3,IntellectualTuffle (KaminTheTuffle),5,,thank you I've waited a while and enjoyed my time here somewhat,0,337.10 - Stable,2026-07-23T09:24:09,We'd love to hear any ideas you may have to help improve the app! Be sure to post and upvote that onto our Feedback page if you haven't yet. You can do that here: https://dis.gd/feedback,2022-06-07T09:35:30
"Discord - Talk, Play, Hang Out",com.discord,Social,96401673-700e-47c8-a245-5540d0d7525a,Marisa Ujwal,5,,good for talking,0,,2026-07-23T09:10:44,,
"Discord - Talk, Play, Hang Out",com.discord,Social,077a0e5e-9952-44f9-8c19-14b92770b889,Joyce Andrade,1,,garbage,0,,2026-07-23T08:51:07,"Thanks for sharing your feedback. If you’re experiencing issues, please let us know at dis.gd/contact so we can help. We’re always working to improve Discord and your input is valuable.",2026-07-23T09:19:26
"Discord - Talk, Play, Hang Out",com.discord,Social,ccc14554-d7a8-4020-8563-e0849d421cfe,Leonora Christaldi Lima,5,,required to get discord with association to backspin games .. still not f8nding the deposit option,0,,2026-07-23T08:24:24,,
"Discord - Talk, Play, Hang Out",com.discord,Social,b2e4ab74-cbc8-4df2-b065-3b043ae1062d,Henry Martin,5,,talking to freinds is good and keeps you from being a chud,0,338.13 - Stable,2026-07-23T08:14:38,,
"Discord - Talk, Play, Hang Out",com.discord,Social,3efaf82a-0501-46e2-b081-ddb6eb6a4fe7,Adriana Rodriguez,3,,"it's good but question can y'all remove the verification? and what if maybe some users want to get discord and don't have a phone number..?? if y'all can't remove it can you maybe make the phone numbers reuse able??? or maybe can we just add ppl and talk normally without the verification?? edit: umm I went the link and it it said ""try again later""",1,338.13 - Stable,2026-07-23T07:40:54,"Thanks for sharing your feedback about phone verification. We use it for account security, but we understand your concerns. Please share your suggestions at dis.gd/feedback so our team can review them. We appreciate your input and support!",2026-07-22T10:39:25
"Discord - Talk, Play, Hang Out",com.discord,Social,dfbe7e6c-2d27-4230-ac3d-a04cc60b9b2d,Malith K Abeysinghe,5,,Very useful Nice app 🤘,0,336.10 - Stable,2026-07-23T07:19:41,,
"Discord - Talk, Play, Hang Out",com.discord,Social,c6d08047-0842-4eef-9f52-6fcf5e7497a6,Reeta Prajapati,5,,"It's Awesome , I love it's interface in dark mode and the ui is great. It is best for gamers and ppl to play with friends in grp . 🔥🔥",0,338.13 - Stable,2026-07-23T06:27:37,,
"Discord - Talk, Play, Hang Out",com.discord,Social,e0e0b22d-a918-4ac9-956b-410614a5249b,Mubeen kauser Fatima qadriya Razviya,1,,no screen share and camra,0,,2026-07-23T06:17:35,"To enable screen share and camera, update your Discord app and Android OS, check app permissions for camera and microphone, and ensure you’re in a voice channel. For more help, visit dis.gd/mobile-voice-help.",2026-07-23T06:47:30
"Discord - Talk, Play, Hang Out",com.discord,Social,e0f50909-e578-4263-899e-3373b4f0cd8c,Barrett “Matthew” Becker,4,,"It's a fine app,",0,337.10 - Stable,2026-07-23T06:16:44,,
"Discord - Talk, Play, Hang Out",com.discord,Social,5cc502a5-5618-4a5d-89a1-527005458d56,Vance Kunzë,3,,"I'm not thrilled with the subscription services. If you subscribed through Google then you're pretty much boned to try to upgrade or get any of the occasional perks from upgrading. I can cancel my subscription through Google, but because I subscribed for a year at a time, I have to wait until October to do anything (it's currently July). There isn't even an option to end early so I can manage my subscription directly through discord.",0,338.13 - Stable,2026-07-23T06:13:05,,
"Discord - Talk, Play, Hang Out",com.discord,Social,41ea17c5-1cd0-4670-a2de-603de3f4176c,Burnadine Kerl,1,,i did not download this app. it was added to my phine without my authorization,0,,2026-07-23T05:50:52,"If the app appeared without your authorization, please check your device’s app store settings and security options. For further help or to report this, visit dis.gd/contact.",2026-07-23T06:19:35
"Discord - Talk, Play, Hang Out",com.discord,Social,8471a1a3-0b6e-4a99-a87c-7b5308f6fe10,Nigel Pelletier,1,,"rarely notifications for DMS will appear, calls will never ring on the app, ill see I've missed them later, every permission granted all notification categories turned on and yet for years this app has never given me notifications on 2 different android phones",0,322.11 - Stable,2026-07-23T05:40:08,"Try updating your Android OS and Discord app, check global and server notification settings, and ensure battery saver mode is off. If issues persist, visit dis.gd/mobile-voice-help or dis.gd/contact for more help.",2026-07-23T06:11:43
"Discord - Talk, Play, Hang Out",com.discord,Social,885a047c-6d86-40c4-8932-e62c11226da0,Shane,3,,"It was good before I got logged out. I can't get back in, so can someone help me recover my account? I can't get back in because of my authentication.",0,338.13 - Stable,2026-07-23T05:35:02,"To recover your account, try using a backup code for login. If you don’t have backup codes, check if you set up SMS authentication or another MFA method. For more details, visit: https://support.discord.com/hc/en-us/articles/115001221072",2026-07-23T06:01:33
"Discord - Talk, Play, Hang Out",com.discord,Social,9b4c673f-14ff-4d4a-905e-da8112ec816a,Zundamon,1,,"nothings working it just keeps crashing, its been like this since i first installed it on my new tablet, it happens if im in call or selecting files like for uploading emotes or stickers or clicking the file button in the chats image selector. i have it to be allowed to run in background so it isnt that either, and i always clear my cache since it builds up a lot of it very fast. ive tried all that i can, this is frustrating and confusing, and then there's opening gifs lagging all devices! ugh…",1,338.13 - Stable,2026-07-23T05:31:05,"Try restarting your device, updating your OS, and reinstalling Discord from the Play Store. Clear app cache and check storage space. If issues persist, visit dis.gd/contact for more help. For more troubleshooting tips, see: https://support.discord.com/hc/articles/13148417007767",2026-07-06T01:59:26
"Discord - Talk, Play, Hang Out",com.discord,Social,0c1cb685-4c4d-4b7d-86c7-1b5c66ff9561,AUG 11,1,,"the amount of issues I've discovered while calling and streaming is insane, I've also had multiple issues with messages and pictures not sending, it's taking time to load despite my internet being fast on everything else, It gets tiring after a while.",0,338.13 - Stable,2026-07-23T05:07:22,"Try restarting your device, updating Discord and your OS, switching between Wi-Fi/data, clearing app cache, and checking app permissions. Changing DNS may help. For more help: dis.gd/mobile-voice-help or reach us at dis.gd/contact.",2026-07-23T05:33:37
"Discord - Talk, Play, Hang Out",com.discord,Social,309ac7a3-a271-4dc6-8881-27e96d52998a,Worst Productions,1,,doesn't work on my android device pls make a lightweight version for older devices,0,338.13 - Stable,2026-07-23T04:47:18,"Discord supports Android 7+ and devices with Google Play Services. For older devices, try updating your OS, freeing up storage, and disabling auto-play for GIFs/emojis in settings. For feature requests like a lightweight version, share your feedback at dis.gd/feedback.",2026-07-23T05:19:26
"Discord - Talk, Play, Hang Out",com.discord,Social,55341eaa-5251-4bc9-a274-522ab2a0a53f,Charlie Ellis,1,,"When I first reported a bot clearly advertising porn of young girls, boys and teens I was sent an email saying ""We have decided not to take action on the content you identified in your report."" I'm not sure with how clear it was that the bot was advertising illegal content through telegram, how this choice could have been made, even if it was automation which I believe is gross negligence for a social site so full of disgusting content.",1,,2026-07-23T03:51:25,"We take safety seriously and are always working to improve. If you have specific concerns or need help, please reach out at dis.gd/contact so we can assist you directly. Your feedback helps us make Discord safer for everyone.",2026-06-24T21:29:32
"Discord - Talk, Play, Hang Out",com.discord,Social,a3495980-2ee6-496b-a240-bd6ee9532582,Yasser Madani,4,,nice,0,337.10 - Stable,2026-07-23T03:47:41,,
"Discord - Talk, Play, Hang Out",com.discord,Social,e5430504-9a3e-4745-89f3-afca7aa544bc,Ian Green,2,,too many glitches in it.. unknown reason slow on my feed?,0,,2026-07-23T03:28:32,"Try updating your OS and Discord app, check app permissions, switch networks, turn off battery saver, and clear cache. These steps can help with glitches and slow feed. For more help, visit dis.gd/mobile-voice-help.",2026-07-23T03:57:33
"Discord - Talk, Play, Hang Out",com.discord,Social,1236e2bf-8fb2-4367-8b7a-0d3d28da971d,Elizabeth Stone,5,,coooool,0,,2026-07-23T03:23:21,,
"Discord - Talk, Play, Hang Out",com.discord,Social,ff4e3c73-650d-4cbc-941f-c2372c8d3e3f,OPP,2,,"Can you please remove the forceful automatic rotation, it makes the app totally not fun to use.",1,,2026-07-23T03:22:37,Thanks for sharing your feedback about automatic screen rotation. We appreciate your input and encourage you to submit suggestions at dis.gd/feedback so our team can review them. Your experience matters and helps us improve Discord!,2026-07-23T03:53:28
"Discord - Talk, Play, Hang Out",com.discord,Social,946c00e6-0c13-45c2-b31e-b312d70c63da,Mike Shmit,1,,"Everytime I tried to open this app, it crashed. I couldn't even see anything. Edit: thanks guys, I'll try that. if that doesn't work, I'll still up my review, just not to5 stars.",1,,2026-07-23T02:55:30,"Try restarting your Samsung device, updating your OS, and reinstalling Discord from the Google Play Store. If the app still crashes, clear the app cache and check your available storage. For more help, visit: https://support.discord.com/hc/articles/13148417007767",2026-07-23T02:23:29
"Discord - Talk, Play, Hang Out",com.discord,Social,e7383e30-1377-46af-bf10-018011e1440c,Yassine Moutawakkil,5,,good,0,337.10 - Stable,2026-07-23T02:10:58,,
"Discord - Talk, Play, Hang Out",com.discord,Social,445f82b3-7b51-4916-84cf-2d3b9739c53e,Dương Bảo,1,,The support team is a disaster.,1,338.13 - Stable,2026-07-23T01:43:39,"We're here to help! For personalized support, please visit dis.gd/contact. If you have specific issues, let us know so we can assist you directly. Your feedback helps us improve our service.",2026-07-23T02:11:30
"Discord - Talk, Play, Hang Out",com.discord,Social,68780367-51d8-4a93-8bc2-65e10364c92a,Jawan Gamerz,5,,nice app,0,,2026-07-23T01:39:06,,
"Discord - Talk, Play, Hang Out",com.discord,Social,f1d5e0ee-ae31-4a0f-b352-00c1964e33fd,Sonja Blair,3,,It was kinda boring. I uninstalled it,0,337.10 - Stable,2026-07-23T01:18:00,"Thanks for sharing your thoughts! If you have suggestions for features or improvements, we'd love your feedback at dis.gd/feedback. If you ever want to try Discord again, we're here to help you get started.",2026-07-23T01:47:28
"Discord - Talk, Play, Hang Out",com.discord,Social,1d8cb987-29c1-4412-b4c7-1390e912ac1c,Desert Ranger,1,,Super cool that this junky app never sends me message notifications when I need it to. Good job guys. Great app. Your coders are really good at what they do. (Blatant sarcasm. Incompetence.),1,,2026-07-23T01:13:44,,
"Discord - Talk, Play, Hang Out",com.discord,Social,272c730c-8412-4a2a-b10f-5ddb6314946f,Cameron Watson,2,,notifications are broken. I'll get a message but the push notification will disappear and i won't even realize i got a message,1,338.13 - Stable,2026-07-23T01:08:33,"Try checking your Android notification settings for Discord, and make sure “Enable All Notifications” is turned on in the app. Also, review server-specific notification settings. If issues persist, reinstall the app and update your OS. More help: dis.gd/contact",2026-07-23T01:39:28
"Discord - Talk, Play, Hang Out",com.discord,Social,6a7bcb7d-6539-4d14-9a15-a919ff4b4321,Mohd Zubair Shaikh,4,,the app is not supporting video to sent someone please fix it,0,337.10 - Stable,2026-07-23T00:28:34,,
"Discord - Talk, Play, Hang Out",com.discord,Social,d74d258e-fab2-41ee-8efa-64c49ac8070e,Władysława Korniszon,1,,"i made a joke about my age not thinking much about it because it was done on a server with friends, one of them reported my account and it's suspended till 2028.. I have no clue on what to do and I feel like I should've gotten a warning or someone from the discord team could contact and verify an id instead of blocking an account that has been active for so long",1,,2026-07-23T00:19:39,"You can appeal your suspension if you’re old enough for Discord. Log in, open the Minimum Age Requirements violation card, and press “Let us know” to start the appeal. Follow the ID scan instructions. More info: dis.gd/contact and https://dis.gd/lockedout",2026-07-23T00:49:32
"Discord - Talk, Play, Hang Out",com.discord,Social,daa21d4d-a8ef-4a74-9668-4ee9fcccfefb,Yel,3,,"Please poo, improve the audio quality on dc. During calls, voices sometimes sound distorted and robotic, and they often cut in and out!!. Voice messages also have the same problem yepp, making it difficult to understand what the speaker is saying. It would be great if this issue could be fixed for a better user experience!!.. 0_0",1,338.13 - Stable,2026-07-23T00:09:08,"For distorted or robotic audio, try updating your app and OS, check your internet connection, and adjust voice settings like Noise Suppression and Echo Cancellation. Restart your device and app. For more help, visit dis.gd/mobile-voice-help.",2026-07-23T00:39:30
"Discord - Talk, Play, Hang Out",com.discord,Social,f7ff3b13-15b0-4900-b5fe-d797cc9507ad,Hope,1,,"Update: Be very careful when using Discord's 2FA security. If you lose it then you cannot recover your account in any way. I even supplied bank statements, detailed personal info, and more. I gave them enough info to recover my literal bank account. Discord will not return my account even though I have had Nitro subscription for 5 consecutive years. Beware.",1,309.11 - Stable,2026-07-22T23:44:29,"If both 2FA and backup codes are lost, Discord can't recover or remove 2FA. For details, see dis.gd/2fa. If you need to start fresh, you can create a new account. For personalized help, visit dis.gd/contact.",2026-07-23T00:09:34
"Discord - Talk, Play, Hang Out",com.discord,Social,f7bf0926-1893-458b-ad2b-28eee0bdc6e9,Lane Harmonia,1,,"buggier than pc version by far. i cant even send images 70% of the time, force stop or clear cache MIGHT fix it for the next 1 or 2 images. if it can even manage that. unironically quicker to manually import my entire phone onto my pc than to attempt sending images through this excuse of an app. been like this for months now. mad that i bought a year of nitro just for it to ALMOST FUNCTION",0,338.13 - Stable,2026-07-22T23:36:03,"Try reinstalling the app and restarting your device. If the problem persists, follow the steps in this article to troubleshoot: https://support.discord.com/hc/en-us/articles/13148417007767",2024-07-29T04:17:30
"Discord - Talk, Play, Hang Out",com.discord,Social,a08a74f2-21f9-4686-a7b8-b971ba1d1e6c,Armony Moore,1,,"enshittification. too many ads. invasive ai garbage. no thanks, im not a captive audience to exploit. go back to doing your job and doing it well. have some principles",0,336.10 - Stable,2026-07-22T23:16:44,,
"Discord - Talk, Play, Hang Out",com.discord,Social,ba4fe0ee-8091-4c5a-9877-b45f096f5b56,Stop being Nosey mom and dad,1,,my accounts got suspended for no reason at all the new AI bot thing for bans is very inaccurate. and even if I make an appeal the staff don't do anything about it,1,,2026-07-22T23:15:51,"If you believe your account was suspended in error, you can request a review by logging in and checking your Account Standing. Use the “Let us know” button to appeal specific violations. For more help, visit dis.gd/contact.",2026-07-22T23:43:34
"Discord - Talk, Play, Hang Out",com.discord,Social,2fe35e8f-f1a2-46e6-82ec-0acc6a46efae,Earth Tree,2,,"The social function is good, but not a single profile cosmetic purchase was ever received. 3 times I tested it, and all 3 I had to refund. even the most recent release of Palworld based cosmetics weren't received. if you're here for playing with your friends, go ahead and enjoy as that's a great function. but don't buy anything in the profile shop, you won't receive it. oh and FYI, they'll tell you to get a support ticket and check their support website. I did the 1st and 2nd time. It's BS.",0,338.13 - Stable,2026-07-22T22:58:39,"Thanks for sharing your experience. If you’re having issues receiving profile cosmetics, please check your purchase confirmation email for your payment ID or GPA number and submit a request at dis.gd/billing for help. More info: https://support.discord.com/hc/en-us/articles/28332528969239",2026-07-22T20:05:31
"Discord - Talk, Play, Hang Out",com.discord,Social,28e257ea-31d9-4ca4-9e54-8409ec4fb29c,Kyle,5,,thank you for the advice,0,,2026-07-22T22:20:33,"Try updating your app and device OS, clear Discord cache, and check your internet speed. If issues persist, reinstall the app. For more troubleshooting tips, visit dis.gd/mobile-voice-help or reach out at dis.gd/contact.",2026-07-22T20:43:31
"Discord - Talk, Play, Hang Out",com.discord,Social,2755b45f-199b-427f-bd55-c6a6d31d210f,Sbai Abir,1,,I can't even make an account because of the infinite captcha glitche FIX IT,0,,2026-07-22T22:14:51,"If you're stuck on the captcha when creating your account, try restarting your device and reinstalling the app. If the issue persists, please visit dis.gd/contact for further support.",2026-07-22T22:43:31
"Discord - Talk, Play, Hang Out",com.discord,Social,46d903ba-a406-4064-9e78-01b23dd939e2,Andy,5,,this is really fun app to users,0,,2026-07-22T21:19:21,,
"Discord - Talk, Play, Hang Out",com.discord,Social,60254ccc-888d-40c1-bc38-7a00e35356a7,Isabella Tullio,5,,"Discord is amazing. I love the way it's like whats app for computers and laptops. the calls are fab quality and the messaging is even better! I was expecting it to be kinda mid but its fabulous. I also really like the way you can join group chats and other stuff like that. the only downside is that while using a chromebook, the whole right side of the screen is just black so you can only use the left side, so i'd *love* it if you guys can fix that. Other then that i'd rate it a 5 star rating!",1,,2026-07-22T21:08:04,,
"Discord - Talk, Play, Hang Out",com.discord,Social,ea5f5776-cb79-4d57-93e1-c859c92e6b06,Autumn Farris,1,,"the app keeps crashing and stopping even after clearing data and cache, installing and reinstalling doesn't help fix it. this app is getting useless I've updated it but it still proceeds to stop and crash.",1,338.13 - Stable,2026-07-22T20:56:38,"Try restarting your device, updating your OS, and freeing up storage. If the issue persists, turn off auto-play for GIFs/emojis in Discord settings. For more help, visit dis.gd/contact or check dis.gd/mobile-voice-help for troubleshooting tips.",2026-07-22T21:23:33
"Discord - Talk, Play, Hang Out",com.discord,Social,0343683e-61e8-47d5-89d0-10f5fd217f42,Tim Smith,1,,sucks,0,,2026-07-22T20:48:00,"We want to make your Discord experience better. If you have specific feedback or issues, please let us know at dis.gd/contact so we can help. Your input helps us improve!",2026-07-22T21:19:27
"Discord - Talk, Play, Hang Out",com.discord,Social,1d3e358d-48a7-4c86-9830-4b3e3f0eaec7,C Chin,1,,Updated to the latest build and do not receive notifications any more. Clearing data and cache was unsuccessful. Uninstalling and reinstalling also failed. Verified notification settings were correct. 7/22/26 I could give this app 0 stars I would. notifications are not working yet again after updating. fix your damn app already!,1,338.13 - Stable,2026-07-22T20:47:08,"Check if you're logged in on another device. Try setting server notifications to @mentions and see if this helps. If issues persist, change your password and refer to our guide here: https://support.discord.com/hc/en-us/articles/218892547",2025-01-16T08:03:36
"Discord - Talk, Play, Hang Out",com.discord,Social,40b26e0e-503b-40d3-a67e-59ae05d7cfbb,Hanane Akl,1,,bad app,0,,2026-07-22T20:25:36,"Thanks for sharing your feedback. If you’re experiencing issues, please let us know more at dis.gd/contact so we can help. For tips on mobile voice and app troubleshooting, visit dis.gd/mobile-voice-help.",2026-07-22T20:53:26
"Discord - Talk, Play, Hang Out",com.discord,Social,d3e376d1-a04f-447c-936b-6bf8ea1f5a87,Kuer Duom,1,,dear discord I can't log i can even recover this why I'm giving a 1star,0,331.14 - Stable,2026-07-22T20:24:15,,
"Discord - Talk, Play, Hang Out",com.discord,Social,1a37099d-164d-41c3-8af4-899ca7cca019,Success Joshua,5,,Sweet,0,,2026-07-22T20:14:40,,
"Discord - Talk, Play, Hang Out",com.discord,Social,e3a370a2-a3d9-4b1a-bc71-13154b1ea931,Atharva Tiwari,4,,"The new appeal System is impressive, I jokingly said that I am 11 years old but got an immediate ban, But after sending my ID to Discord support, i got my account re active after a few secs , The new appeal makes the account re active for users fast, But the problem is That Even after if someone says something as a joke about them being underage , we get immediate ban, there should be a system where they can read a whole convo between 2 people to make sure if it's true or not.",0,338.13 - Stable,2026-07-22T19:54:21,,
"Discord - Talk, Play, Hang Out",com.discord,Social,623afa22-d4d7-4263-ab35-5a65457e44ec,The Crown Vic Guy,3,,App is having an issue with crashing in the background constantly.,3,338.13 - Stable,2026-07-22T19:38:58,"Try restarting your device, updating your OS, and reinstalling Discord from the Play Store. Clear app cache/data in Settings - Apps - Discord. If issues persist, check storage space and disable auto-play for GIFs/emojis. More help: dis.gd/contact",2026-07-22T20:05:29
"Discord - Talk, Play, Hang Out",com.discord,Social,43c25f0a-2b8b-409b-a645-cc378dbedb92,Misty Naomi Villanueva,1,,"the verification link expires easily, I can't even verify my email",0,338.13 - Stable,2026-07-22T19:19:09,"You can resend the verification email by tapping your avatar, going to Account, and tapping the “Verify” banner. If you still have trouble, allowlist notifications@discord.com and try again. For more help, visit dis.gd/contact.",2026-07-22T19:49:35
"Discord - Talk, Play, Hang Out",com.discord,Social,bda35069-14bc-4d85-91d6-c3fce1acb5b9,timur velioglu,1,,"they keep removing my acces to my own account for no reason, they give no reason, I haven't been able to contact my friends for over 5 days, they tell me to appeal from the app itself but there literally is no option, what the hell is this, i submitted a request on the website and Clyde tells me I have to appeal only from the app, it says how, but there is no option to as I didnt violate anything, then the states says its solved...",6,338.13 - Stable,2026-07-22T19:17:07,"If your account access was restricted, check your Account Standing page for violation details and appeal options. If you can't find an appeal link, use dis.gd/contact to request a review. For more info: https://support.discord.com/hc/en-us/articles/18210965981847",2026-07-22T19:13:27
"Discord - Talk, Play, Hang Out",com.discord,Social,36afe326-e471-4581-8392-f1b09d31c345,Minnah,3,,pretty good for gamers,0,337.10 - Stable,2026-07-22T19:08:06,"Thanks for your feedback! We're glad Discord is working well for gamers. If you have suggestions or want to share more, feel free to let us know at dis.gd/feedback. Enjoy connecting and gaming with friends!",2026-07-22T19:39:28
"Discord - Talk, Play, Hang Out",com.discord,Social,b71b3b14-2d19-444b-bcfc-1b0db4cce512,Vaibhu Gaming,1,,good,0,336.10 - Stable,2026-07-22T19:03:51,"Thanks for your feedback! If you have suggestions or need help, please reach out at dis.gd/contact. We're always working to improve your experience on Discord.",2026-07-22T19:33:28
"Discord - Talk, Play, Hang Out",com.discord,Social,ac0181ea-b36c-4bf8-a8a0-2e6e1d05f2ca,Jashanjot Singh,3,,Might get Sacmmed.,0,337.10 - Stable,2026-07-22T18:51:27,"If you’re concerned about scams, please review our safety tips and report suspicious activity. For personalized help, visit dis.gd/contact. Stay safe and let us know if you need further assistance.",2026-07-22T19:19:27
"Discord - Talk, Play, Hang Out",com.discord,Social,11cc279d-161c-41f1-8204-5eac16acc0e0,lorand petras,1,,i made and old account but i wanted to make a new one but when i put my gmail it said the gmail was already registerd so insted i tried to log to my old account insted but then it said THAT THE OLD PASSWORD AND GMAIL WAS INVAILD FIX THIS,0,338.13 - Stable,2026-07-22T18:37:06,"If your Gmail is already registered, try logging in with it. If your password is invalid, use ""Forgot your password?"" on the login page to reset it. For more help, visit dis.gd/contact.",2026-07-22T19:07:32
"Discord - Talk, Play, Hang Out",com.discord,Social,62b479ee-44c1-4bd0-837c-738b521631ef,0099 NURUL SYAZWANI BINTI GHAZALI,5,,"Discord is an amazing platform for communication and building communities. It offers great features like voice channels, video calls, text chats, screen sharing, and customizable servers. The app is easy to use, works well for gaming, studying, teamwork, and connecting with friends. I really appreciate how organized and flexible it is. Highly recommended for anyone looking for a reliable communication platform!",0,,2026-07-22T17:57:40,,
"Discord - Talk, Play, Hang Out",com.discord,Social,f98df552-7318-4dbd-a10d-8a046b0c63a7,Marinelo Bajeta,1,,DISCORD WONT VERIFY MY EMAIL😭😭😭,0,338.13 - Stable,2026-07-22T17:36:28,"To verify your email, tap your avatar in the bottom right, go to Account, and tap the “Verify” banner to resend the email. If you don’t see the email, check your spam folder and allowlist Discord addresses. For more help: dis.gd/contact",2026-07-22T18:05:30
"Discord - Talk, Play, Hang Out",com.discord,Social,7afe5637-b42e-4727-bc26-cc3df0783c79,Ashok Kumar,5,,best to do things with your friend while playing game or hanging out whatever you want to do with your friend this will be the best experience for you this is pretty good but there is a drawback that sometimes it don't show me the message he sent me,0,,2026-07-22T17:30:44,,
"Discord - Talk, Play, Hang Out",com.discord,Social,e445a116-bfe4-4d7c-8ba1-9ca0a735486f,gniliznamozgu,1,,"Keeps closing on my Sony XPERIA XZ1 Compact android 9, please fix.",0,338.13 - Stable,2026-07-22T17:27:20,"Try restarting your device, updating Android, and reinstalling Discord from Google Play. Clear app cache/data in Settings - Apps - Discord. If issues persist, check device compatibility here: dis.gd/contact. More tips: dis.gd/mobile-voice-help",2026-07-22T17:59:30
"Discord - Talk, Play, Hang Out",com.discord,Social,7159152a-21ef-4784-b561-68e000b21904,yafi Studio,5,,best,0,336.10 - Stable,2026-07-22T17:16:58,,
"Discord - Talk, Play, Hang Out",com.discord,Social,e8ff40a8-ea01-458a-83f1-4d0c4052b5ea,Michal Kotmel,1,,"I strongly advise against installing Discord on your phone unless you absolutely need it due to severe battery drain issues. On a six-month-old Google Pixel 10, the app consumed 35% of my battery since full charge. Even after disabling background usage in the settings, it still managed to eat through 22% of my battery and continued running in the background despite system restrictions with only 17 minutes of screen time.",0,338.13 - Stable,2026-07-22T17:12:39,"Thanks for sharing your battery drain experience. Please ensure your Discord app and Android OS are updated. Try reinstalling the app and disabling animated emoji/GIFs in User Settings - Accessibility. For more help, visit dis.gd/contact.",2026-07-22T17:45:29
"Discord - Talk, Play, Hang Out",com.discord,Social,ebac235d-0e8d-4fde-a020-d203c9ef8587,go away thanks,1,,"Cares more about feature monetization and microtransactions than user functionality. They require you to accept forced arbitration in their terms after a huge data leak. app is back to being buggy again, android notification tray reply functionality is broken, file and message uploads don't work half the time. The image preview in browser is always googles gay little webp format that corrupts insanely quickly on Android. i have to click 3 extra buttons to save the raw each time.",10,338.13 - Stable,2026-07-22T16:51:42,"Reinstall the app and restart your device to rule out any temporary issues. If problems persist, please review additional troubleshooting steps here: https://support.discord.com/hc/en-us/articles/13148417007767",2024-12-02T19:37:29
"Discord - Talk, Play, Hang Out",com.discord,Social,6675af24-ab4f-4235-a64b-929abac7b937,Samuel Kimaro,1,,wont let me use. garbage.,0,,2026-07-22T16:08:57,"Discord requires Android 7+ or iOS 16+. Please check your device OS version and update if possible. If your device meets requirements, try reinstalling the app and clearing cache. For more help, visit dis.gd/contact.",2026-07-22T16:37:29
"Discord - Talk, Play, Hang Out",com.discord,Social,6af231a1-84d1-424a-8836-42ecd24ddd1d,Ismail Muhammad,5,,u could talk to your friends,0,,2026-07-22T16:05:28,,
"Discord - Talk, Play, Hang Out",com.discord,Social,d511d392-9269-4c89-b459-ed253cc7d4f8,LitGamingTV,1,,why cant we edit tags on the app,0,337.10 - Stable,2026-07-22T16:03:07,"To edit Server Tags on mobile, tap your avatar, select Edit Profile, and scroll to Server Tags. For purchasing or configuring Additional Perks, please use the desktop app. Share your feedback or suggestions at dis.gd/feedback!",2026-07-22T16:33:34
"Discord - Talk, Play, Hang Out",com.discord,Social,30234dbd-73f1-4df4-bf04-3dba2bada9ef,ALAMGIR MONDAL,5,,it's good free f1 lever download,0,,2026-07-22T15:51:06,,
"Discord - Talk, Play, Hang Out",com.discord,Social,a5b96f07-b11c-48f0-a1ab-3dc670dab2ba,Tyagi Jii,5,,superb,0,333.12 - Stable,2026-07-22T15:46:16,,
"Discord - Talk, Play, Hang Out",com.discord,Social,b061360e-d639-4abc-8e75-24725bae51d9,Prabhakar kumar Mathuri,5,,JISKO OLD FREE FIRE KHLNA HA ISKO INSTALL KARE,0,336.10 - Stable,2026-07-22T15:39:24,,
"Discord - Talk, Play, Hang Out",com.discord,Social,06872d0e-4563-47e9-989a-cf6bc1aa3213,Ai Ohto,1,,"forcing bad updates on users is poor policy, discord is clearly favoring public appearances for shareholder value over user friendliness, I can't wait until the discord-killer finally comes around (right after the twitter killer, im certain)",0,198.14 - Stable,2026-07-22T15:35:39,"We appreciate your feedback on recent updates. If you need help navigating new features or changes, check out our guides at dis.gd/mobile-voice-help. For more personalized support, visit dis.gd/contact.",2026-07-22T16:05:28
"Discord - Talk, Play, Hang Out",com.discord,Social,3a96c76b-aadb-4c1a-81ce-c0db92003fea,Prabhakar Jadhav,5,,ggs app,0,,2026-07-22T15:10:43,,
"Discord - Talk, Play, Hang Out",com.discord,Social,b47cf1a1-f6cd-4490-bce8-561cb845c1da,grey saw,5,,awesome,0,338.13 - Stable,2026-07-22T15:03:53,,
"Discord - Talk, Play, Hang Out",com.discord,Social,978bf2ff-b5fe-47fc-bdbd-10204341a4bb,Ohan Melkonyan,2,,Discord handles audio very poor with bluetooth headphones. Everything sounds very bad because it switches to call mode. It is impossible to listen to other audio because of their quality decrease and listening to screenshare audio is near impossible due to low volume caused by the same setting.,1,292.16 - Stable,2026-07-22T14:54:10,"Thanks for the response! As previously discussed, though, could you please submit a support ticket so we can look into the issue?: dis.gd/contact",2021-08-21T22:07:20
"Discord - Talk, Play, Hang Out",com.discord,Social,bc506a84-6913-4474-9927-a8c548a8b3af,Aki Sleep (Aki_likes_sleep),3,,"The new app layout is disgusting, I hate it. Please make an option to go back to the previous design because this one makes me genuinely nauseous. Other then that I really like it, sometimes I have issues in calls but I got used to that.",3,338.13 - Stable,2026-07-22T14:53:41,"If you're not getting notifications, check if you're logged in on another device. Try setting server notifications to @mentions. If that doesn't help, change your password and verify notification settings here: https://support.discord.com/hc/en-us/articles/218892547",2025-01-10T00:19:41
"Discord - Talk, Play, Hang Out",com.discord,Social,47fac3cf-d51b-4436-b077-b7c25149d9ec,Xiao Long,5,,good cb,0,,2026-07-22T14:50:23,,
"Discord - Talk, Play, Hang Out",com.discord,Social,8bf2aaad-bba1-4dbe-a2dd-b6ce10389c96,Kranthi Kandey,1,,"hopeless app, not at all allowing to register. Tha captcha gone crazy, quite frustrating. Worst app i have seen in many year, didnt expect such a low tech and bad ux from discord",0,338.13 - Stable,2026-07-22T14:30:39,"If you're having trouble registering due to captcha issues, try updating your app and device OS, or reinstalling Discord. If the problem persists, you can get personalized help at dis.gd/contact.",2026-07-22T14:07:28
"Discord - Talk, Play, Hang Out",com.discord,Social,03aea5ce-300a-45f7-b54f-9e6339498129,elijah masudi,3,,𝐼 𝒽𝒶𝓋𝑒 𝓉𝑜 𝓋𝑒𝓇𝒾𝒻𝓎 𝓂𝓎 𝑒𝓂𝒶𝒾𝓁 𝓉 𝓇𝒶𝓈𝒽,0,338.13 - Stable,2026-07-22T14:29:56,"To verify your email, tap your avatar - Settings - Account, then tap the “Verify” banner to resend the verification email. Check your inbox and follow the link. If you don’t see the email, allowlist notifications@discord.com. More help: https://dis.gd/contact",2026-07-22T14:59:27
"Discord - Talk, Play, Hang Out",com.discord,Social,a06f67aa-aed5-448b-a3b2-91bb756a212c,Jasiek F,1,,Nothing in this app works as it should. Every other update breaks even basic functions. The worst app I've ever used.,0,338.13 - Stable,2026-07-22T14:08:30,"Thanks for sharing your feedback. We’re always working to improve the app experience. If you’re having ongoing issues, please reach out at dis.gd/contact so we can help you directly. Your input helps us make Discord better for everyone.",2026-07-22T14:39:34
"Discord - Talk, Play, Hang Out",com.discord,Social,dfdd01ef-333e-4234-b9d1-b49778502576,Linda Minnick,1,,"I was not only blocked from my Discord account there is NO way to contact support to get the situation fixed. Then to be repeatedly asked if I was a human and when I do the stupid little test to satisfy Discord ""security"" ,what a joke by the way, I'm still blocked from MY account. Yet hackers can do whatever they freaking want and Discord doesn't harass them!😡 What a freaking waste! Discord is as useless as Facebook and Twitter/X😡",0,338.13 - Stable,2026-07-22T13:12:41,,
"Discord - Talk, Play, Hang Out",com.discord,Social,0d87c992-1fc1-4cde-969e-7952ff8c7552,Bradan DUMLAO,5,,discord is pretty fun and ut helps you communicate to the persons far far away,0,,2026-07-22T13:10:16,,
"Discord - Talk, Play, Hang Out",com.discord,Social,50d2b198-d946-45b5-bf84-1e9e23bee22c,Xola Mehlomakulu,5,,Amazing. Got certain things l couldn't before . I'm now in my favourite streamers discord and he gave me a shout out.,0,338.13 - Stable,2026-07-22T13:01:05,,
"Discord - Talk, Play, Hang Out",com.discord,Social,f60b19ae-c74b-4c34-b7b8-ef7656d0e5d3,Hunter Stedman,1,,"Quality of Life is lacking, you can't even have different streams open and be allowed to mute one or the other, you just have to listen to them both or none. When I try to full screen a stream, it has a dark gradient that doesn't allow me to view the top of my screen for whatever reason. Why is that even a feature? Seriously no care for some of these bugs/features I looked it up and this gradient thing has been an issue for 5 YEARS+...",0,338.13 - Stable,2026-07-22T12:51:30,,
"Discord - Talk, Play, Hang Out",com.discord,Social,449421a5-8bb6-44cf-a19b-aab146c0a59e,Virus,5,,"I wanna be mad at them because I know they're making tons of money because there's so many things to buy for basically no use, but I gotta appreciate when I'm scrolling through my chat I don't see like 5 ads, I gotta respect that there's no ads and it works pretty well but it does get a bit janky when you're trying to show a YouTube video but you can just share your screen. I don't like that I can't show custom emojis from groups I'm in unless I pay tho",0,338.13 - Stable,2026-07-22T11:54:47,,
"Discord - Talk, Play, Hang Out",com.discord,Social,c23a7200-6a91-4783-9e7e-af24a33a9a74,Moth,1,,"Discord was fine before the 2023 UI update, but now it's full of bugs. For example, some stickers don't show up even when I search for them. The search function doesn't work half the time. And that's without mentioning that the UI is unsightly and gets worse with every update. The ""you bar"" is super annoying because its an extra click to do anything, and the new server member list is unappealing, for lack of a better word. I don't want an article on the changes, just change the UI back!!",5534,338.13 - Stable,2026-07-22T11:18:03,"Thanks for sharing your thoughts on our mobile redesign. We recommend checking out our Help Center for details on the new interface: support.discord.com/hc/articles/12654190110999. If you need further assistance, our support team is here: dis.gd/contact.",2025-10-02T05:43:32
"Discord - Talk, Play, Hang Out",com.discord,Social,b6f13737-7cad-42ca-b789-299aef339114,Arieff Khairi,5,,nice app and keep improving,0,333.12 - Stable,2026-07-22T11:01:27,,
"Discord - Talk, Play, Hang Out",com.discord,Social,6399413e-ffef-4643-ad36-bfb877d1fd03,winter,1,,"the app is always so buggy. for some reason now if I full screen stream, if the person has their camera on it freezes! why is there always something wrong w mobile ??",2,338.13 - Stable,2026-07-22T10:47:42,"Try updating your device OS and Discord app, check camera and screen permissions, and disable hardware acceleration in Voice & Video settings. If issues persist, switch between Wi-Fi and data. More tips: dis.gd/mobile-voice-help.",2026-07-22T11:19:26
"Discord - Talk, Play, Hang Out",com.discord,Social,7757f47b-1102-4f9b-a52f-339346bc082b,Bilalahmediqbalhussain03,1,,it's a great app but it requires nitro which is paid to use with more features,1,,2026-07-22T10:30:15,,
"Discord - Talk, Play, Hang Out",com.discord,Social,a09c2bbe-cd36-49e1-9bc7-f84e139f95d3,Bailey Quinney,1,,the new update seems to have made the app on normal Internet not load at all it works with data but not Internet this needs fixing on discord end cus otherwise I've done all the methods on yt and non have worked.,0,,2026-07-22T09:05:41,"Try switching your DNS provider to Google Public DNS or Cloudflare 1.1.1.1, as this often fixes loading issues on Wi-Fi. Also, clear app cache, update your OS, and reinstall Discord. For more help, visit dis.gd/contact or see: https://support.discord.com/hc/en-us/articles/360034366151",2026-07-22T09:33:28
"Discord - Talk, Play, Hang Out",com.discord,Social,4ae9a914-b35c-437e-9ca2-982af3dddad0,Chas3,5,,Just the best on the market right now,0,338.13 - Stable,2026-07-22T08:45:46,,
"Discord - Talk, Play, Hang Out",com.discord,Social,6b077440-1847-4754-b60b-7d2f57ed2687,Harry Green,1,,"For some reason, whenever I try and do anything, its glitched and now I've lost everything, all my friends on discord, server's and so on. after it glitched, I deleted the app to reinstall it again, and it isn't letting me even log back in",0,,2026-07-22T08:07:36,"If you can't log in after reinstalling, try resetting your password and check if your account is pending deletion. If your account was deleted, it can't be restored. For more help, visit dis.gd/contact.",2026-07-22T08:39:33
"Discord - Talk, Play, Hang Out",com.discord,Social,2920448d-29f0-4bc0-a1e6-141935baf97e,Jamison Lindsey,1,,"Updating my review to say that the mobile version is still just constant nagging and distracting graphics to pay for premium features. Now with pop ups! Thanks Discord for bringing us back to pre-ad blocker Internet explorer days, except the devs installed all the toolbar extensions for you. It truly is a race to the bottom.",3,337.10 - Stable,2026-07-22T07:46:29,"If you're finding the app experience distracting, please consider reaching out to our team for assistance: dis.gd/contact",2025-09-20T22:13:26
"Discord - Talk, Play, Hang Out",com.discord,Social,8b1d2040-ad0a-4fe6-9602-cb438354c69b,Adam,5,,love it love it love it NOT FOR KIDS,0,337.10 - Stable,2026-07-22T07:33:50,,
"Discord - Talk, Play, Hang Out",com.discord,Social,357c607b-e750-42d6-ae76-efc7eebc9e32,Dharshini JeyaMoorthy,1,,This app is so annoying as it trys all the ways to block me out of my account and when I log in through my account. The next day when I try to log in it saying reset password.,0,337.10 - Stable,2026-07-22T07:26:48,"If you’re being asked to reset your password often, please check your account security and enable Multi-Factor Authentication. For more help, visit dis.gd/contact or see our password reset guide: https://support.discord.com/hc/en-us/articles/218410947",2026-07-22T07:57:26
"Discord - Talk, Play, Hang Out",com.discord,Social,366c6224-3b0e-48ff-b58b-fb85a68a9f1f,Crystel Ann Fama,1,,too many issues,0,337.10 - Stable,2026-07-22T06:50:45,"Thanks for sharing your feedback. If you’re experiencing multiple issues, please reach out at dis.gd/contact so we can help you directly. We’re always working to improve the app experience for everyone.",2026-07-22T07:17:31
"Discord - Talk, Play, Hang Out",com.discord,Social,131a62fb-b352-4744-9aab-87d2f5a94d9d,Andrew Hovanec,1,,"Hopefully you don't enjoy getting notifications from your friend's chats as at least once a week, frequently more often notifications just stop working entirely. clearing cache, updating the app or even restarting my phone doesn't always fix it.",3,,2026-07-22T06:46:15,,
"Discord - Talk, Play, Hang Out",com.discord,Social,44d56b76-c99f-4ea3-b70b-e36b6b1a9156,Zach,2,,Call keeps crashing whenever I play a game while on call,0,337.10 - Stable,2026-07-22T06:40:10,"Try updating your Android OS and Discord app, check app permissions, and turn off battery saver mode. If the issue persists, reinstall Discord and restart your device. More tips here: dis.gd/mobile-voice-help",2026-07-22T07:15:31
"Discord - Talk, Play, Hang Out",com.discord,Social,db55c149-a846-4d24-96f6-74a0f05796de,Raven Brown,1,,"app is completely broken after last update. app crashes, random errors and glitches that require me to force stop and clear the cache constantly. frustrating even to try to just join a VC.",0,337.10 - Stable,2026-07-22T06:36:06,"Try restarting your device, updating Android and Discord, and reinstalling the app. Check device compatibility. For more help, visit dis.gd/mobile-voice-help or contact us at dis.gd/contact. We're working to improve stability!",2026-07-22T07:05:39
"Discord - Talk, Play, Hang Out",com.discord,Social,5d107c55-f4b2-4b04-b824-59692811c24c,Deklan,1,,"why am I paying for cosmetic items. and not receiving them. besides the whole privacy leak yall had, you guys disgust me. where is what i payed for? yall so grimey I cant even get a refund. snobs.",0,338.13 - Stable,2026-07-22T06:18:46,,
"Discord - Talk, Play, Hang Out",com.discord,Social,08cf48c6-91b2-47fd-b77c-d7a8cedf4971,Jacob Simoncini,5,,I love this app it's amazing,0,337.10 - Stable,2026-07-22T06:00:47,,
"Discord - Talk, Play, Hang Out",com.discord,Social,e55c4154-bcf8-4488-a17c-0bf1de394cbc,Jamie Harpe,5,,great app,0,,2026-07-22T05:59:35,,
"Discord - Talk, Play, Hang Out",com.discord,Social,f9e7f767-51cf-4ef5-846c-cb54742f107f,Chris “Sir Beano” Tofer,1,,One star until you stop adding useless features to your app,0,338.13 - Stable,2026-07-22T05:54:56,"Thanks for sharing your feedback. We’re always working to improve Discord and your input helps us prioritize what matters. If you have specific feature requests or concerns, please let us know at dis.gd/feedback or reach out for support at dis.gd/contact.",2026-07-22T06:23:28
"Discord - Talk, Play, Hang Out",com.discord,Social,581ec194-c1a5-4c65-b529-fc0357c34769,Owen Pan,5,,perfect for wifi texting and calling,0,336.10 - Stable,2026-07-22T04:18:15,,
"Discord - Talk, Play, Hang Out",com.discord,Social,f9f20b80-393d-4ef1-8b56-eef4aebc264f,Trenton Cloud (humanoid),1,,"The app just completely refuses to open, everytime I open the app, it shows the discord logo for 1 second then crashes. I've tried everything to fix it and it still doesn't work",0,338.13 - Stable,2026-07-22T04:13:03,"Try restarting your device, updating your OS, and reinstalling Discord from the Google Play Store. Clear app cache and data in Settings - Apps - Discord. If issues persist, check device compatibility here: dis.gd/contact. More help: dis.gd/mobile-voice-help",2026-07-22T04:43:32
"Discord - Talk, Play, Hang Out",com.discord,Social,49abcfa9-7503-457e-a7c0-926430fd1f16,Yoshi Trompetenschlumpf (yoshi253),2,,still no mobile mod view,0,338.13 - Stable,2026-07-22T04:09:40,Thanks for your feedback about mobile mod view! We appreciate your suggestion. Please share more ideas at dis.gd/feedback so our team can review them. Your input helps us improve Discord for everyone.,2026-07-22T04:37:34
"Discord - Talk, Play, Hang Out",com.discord,Social,0f763893-aae0-4f52-bb6f-d9d1e09ff837,Naj Pirate,5,,"Exceptional voice clarity and server organization for communities, gamers, and friend groups alike. Been using this app for many years.",0,145.14 - Stable,2026-07-22T04:02:15,,
"Discord - Talk, Play, Hang Out",com.discord,Social,b29f749d-6c52-4dfd-9039-78fe24ca3ba0,Felix Fogelström,5,,well förutom barn säkerhet är appen bra i guess,1,338.13 - Stable,2026-07-22T04:00:14,,
"Discord - Talk, Play, Hang Out",com.discord,Social,c4018350-b204-467d-bfe9-6e8631b422f4,M Akbar,5,,Very good,1,338.13 - Stable,2026-07-22T03:55:54,,
"Discord - Talk, Play, Hang Out",com.discord,Social,3c17f9e8-f359-4205-9694-5dc3184a739e,Limpo Mwenya Musonda,2,,"Every time I try to verify my phone number, I got login out. not able to communicate or comment. Please fix it, that is what I am facing now.",0,,2026-07-22T02:33:00,"To verify your phone number, make sure it’s not linked to another Discord account and is a valid mobile number. If you’re logged out during verification, try removing the number from any other account first. For more help, visit dis.gd/contact.",2026-07-22T03:07:30
"Discord - Talk, Play, Hang Out",com.discord,Social,34edd0a1-630a-4801-9e8a-9193924748c6,Mary Truesdale,5,,good,0,338.13 - Stable,2026-07-22T02:28:33,,
"Discord - Talk, Play, Hang Out",com.discord,Social,8c7b8c4d-29c6-4ba3-9983-5d31b8402d18,obiora Ekwulugo,4,,lt good but I don't know how to enter it,0,337.10 - Stable,2026-07-22T01:56:00,,
"Discord - Talk, Play, Hang Out",com.discord,Social,6d7955d4-57fa-4587-89e8-f1a0ba3781e3,Levi,3,,I have a passkey for MFA authentication and it just won't work. I can't get back into my account. It's my only way of communicating with most of my friends.,0,337.10 - Stable,2026-07-22T01:42:09,"If your passkey isn’t working, try logging in with your username and password, then use your passkey at the MFA screen. If that fails, use a backup code or another MFA method. For more help, visit: https://support.discord.com/hc/en-us/articles/25966860846231",2026-07-22T02:11:31
"Discord - Talk, Play, Hang Out",com.discord,Social,3afceaa5-0e5a-4b8b-b3c2-c3d6b82fd3ad,Wonky Beans,1,,"discord gets a bug? one that you can't fix? they'll just tell you to reinstall the app. now, threads and forums are still broken. ive accepted forums will never ever work properly on my devices. whatever. except now, the new bug that won't go away are stickers never loading. i am so, so very sick and tired of discord and all these pointless updates no one asked for. just fix the bugs and STOP CHANGING EVERYTHING. user since 2015 and i am at my wits end. i cant stand discord and all the issues.",26,338.13 - Stable,2026-07-22T01:34:39,"Please try reinstalling the app and restarting your device. If the issue persists, check out this article for more troubleshooting steps: https://support.discord.com/hc/en-us/articles/13148417007767",2024-12-24T07:39:25
"Discord - Talk, Play, Hang Out",com.discord,Social,d066e154-9eaa-49e9-ba97-e378ef1f3881,Vibhanshu,5,,w just to play with broskis not e date,0,336.10 - Stable,2026-07-22T01:29:51,,
"Discord - Talk, Play, Hang Out",com.discord,Social,5e551e26-7d82-4718-9d04-2c1e10fb436a,Ali Shiruhaan,1,,got banned for reporting someone because i got sent explicit images!!!,0,337.10 - Stable,2026-07-22T01:23:57,,
"Discord - Talk, Play, Hang Out",com.discord,Social,9f7b8386-95bc-40c0-945b-c57e782130ac,Ethen Justice,1,,Got doxxed,0,,2026-07-22T01:04:23,,
"Discord - Talk, Play, Hang Out",com.discord,Social,4bceabba-1582-445e-8251-5618727f0bff,Nate R.,1,,"User beware. Discord turned on 2FA without my knowledge. I updated my password to be safe and was locked out of my account. I contacted customer service and was told they cannot and will not help besides me Emailing them from my connected account and asking to delete my account. I tried to used the backup codes and none worked. Customer Service offered no solutions besides to bad, its gone. 10 uear account lost. They tried to charge me for Nitro so I had to charge back. Scummy and anti-customer.",1,337.10 - Stable,2026-07-22T01:03:50,"If you’re locked out due to 2FA and backup codes aren’t working, Discord Support cannot remove MFA or generate new codes. If you have SMS MFA enabled, try using a code sent to your phone. For more help, visit dis.gd/contact.",2026-07-22T01:33:27
"Discord - Talk, Play, Hang Out",com.discord,Social,a4f6c05d-68ee-4b5b-b0b3-4999030bec1f,Samial Soad,1,,"It's not working, it's just kicking me out of the app 😢",0,337.10 - Stable,2026-07-22T00:56:33,"If verification keeps kicking you out, try restarting your device, updating the Discord app, and ensuring your phone number isn’t linked to another Discord account. If issues persist, visit dis.gd/contact for more help.",2026-07-21T22:05:33
"Discord - Talk, Play, Hang Out",com.discord,Social,f24cdeb9-2dd9-4e34-92f4-f395333120ac,Diana Berg,1,,I couldn't sign into my account so I want to to have my account signed in or I'm deleting this app,0,337.10 - Stable,2026-07-22T00:29:16,"To sign in, try resetting your password by tapping ""Forgot your password?"" on the login screen. Follow the instructions sent to your email. If you need more help, visit dis.gd/contact for support.",2026-07-22T00:57:31
"Discord - Talk, Play, Hang Out",com.discord,Social,3ac18cee-b3d7-4975-94a2-9d6ef953b578,Rance Sean Rinquest,1,,"vulnerability due to users hacking my device through the interface. using a Samsung A37 the infiltrated my kernel still trying to fix using third party software. I dont want to factory reset for fear of contamination of the main restore partition. whoever you are, you're a piece of loser. Also advertising a free gift with a price and a false positive on the approval window is another red flag. what is wrong with you?",0,337.10 - Stable,2026-07-21T23:56:15,,
"Discord - Talk, Play, Hang Out",com.discord,Social,05f0edf3-387d-4fb1-9c06-dbb26bbf2553,Mustaf Turcaaye,5,,thanks for discord,0,,2026-07-21T23:55:30,,
"Discord - Talk, Play, Hang Out",com.discord,Social,8669f0f6-1a48-49b6-b57e-523779237081,Maliha Maisa,5,,it's really good try it out,0,313.9 - Stable,2026-07-21T23:46:35,,
"Discord - Talk, Play, Hang Out",com.discord,Social,0ea048fa-f3a0-4f89-ba9e-20600f1eb26c,Mustafa Haider,5,,very good especially the audio,0,337.10 - Stable,2026-07-21T23:38:38,,
"Discord - Talk, Play, Hang Out",com.discord,Social,89510291-a07f-401a-8ef4-5d7d059ed46e,Sathwik Stark,1,,Discord lags and freezes when searching GIFs. Drains too much battery,4,337.10 - Stable,2026-07-21T23:31:37,"Try updating Discord and your OS, restarting your device, and clearing app cache. You can also disable auto-play for GIFs/emojis in Accessibility settings to help performance. For more help, visit dis.gd/contact.",2026-07-21T23:53:34
"Discord - Talk, Play, Hang Out",com.discord,Social,4898375d-115b-4501-8e86-af345363e6e1,Jack Afton,5,,I appreciate the help lol Im not so good with discord,0,337.10 - Stable,2026-07-21T23:20:22,Try enabling Mobile Voice Overlay in Discord settings to keep calls active while using other apps. Go to Settings - Voice & Video - Enable Mobile Voice Overlay. Make sure Discord has permission to draw over other apps. More help: dis.gd/mobile-voice-help,2026-07-21T23:07:30
"Discord - Talk, Play, Hang Out",com.discord,Social,143e882a-9ead-4960-98b7-24213034757d,Angela Branch,5,,Love using this app to chat with long distance buddies and can have multiple people on the line at one time.,0,337.10 - Stable,2026-07-21T23:17:06,,
"Discord - Talk, Play, Hang Out",com.discord,Social,7199516f-01eb-4220-96b5-925d5a32d4f6,ZD,1,,THE GIFS ARE LAGGING,1,316.11 - Stable,2026-07-21T23:16:21,"To improve GIF performance, update your app and OS, check your internet connection, clear the app cache, and try disabling automatic GIF playback and animated emoji in Accessibility settings. For more help, visit dis.gd/mobile-voice-help.",2026-07-21T23:43:37
"Discord - Talk, Play, Hang Out",com.discord,Social,359837b7-3cee-46b9-b4cd-749ecd098c93,Craft dreams,4,,op app,0,,2026-07-21T23:04:49,,
"Discord - Talk, Play, Hang Out",com.discord,Social,719a83cd-4c07-4632-aeef-3e5d5dbcf796,Shaan Gill,3,,good but when I block spotlight and stories it doesnt work (snap). if I search any creator and go onto their stories it wont block. very fustrating,0,,2026-07-21T22:25:04,"We appreciate your feedback! Currently, we don't have information on blocking Spotlight and Stories for creators. For updates or feature requests, please visit dis.gd/feedback. Thanks for helping us improve Discord!",2026-07-21T22:53:32
"Discord - Talk, Play, Hang Out",com.discord,Social,40c2b613-7638-4943-b587-a1ddb7ae4dc1,Jerry Tobe,3,,App is fine but support is slow,0,,2026-07-21T22:24:17,"Thanks for your feedback! For faster help, please use dis.gd/contact so we can assist you directly. We’re always working to improve our support experience and appreciate your input.",2026-07-21T22:53:30
"Discord - Talk, Play, Hang Out",com.discord,Social,165ebffb-46eb-4247-bc98-90eb0caf8d27,Devious Toaster,1,,won't even give me the 50mb uploads OR EVEN LET ME UPGRADE to the 500mb upload nitro to be able to put vids in the discords i need them in. just waiting for the class-action stuff to roll around and be forced into part of that also,1,338.13 - Stable,2026-07-21T22:19:17,,
"Discord - Talk, Play, Hang Out",com.discord,Social,04872693-fa2f-4e34-809e-f0d14867a4a5,Jasmine Nadrajan,1,,1 star because there's no ps4 app,1,337.10 - Stable,2026-07-21T21:38:53,Thanks for your feedback about a PS4 app! We’re always looking to expand platform support. Please share your suggestion at dis.gd/feedback so our team can review it. We appreciate your input and encourage you to stay tuned for updates.,2026-07-21T22:05:29
"Discord - Talk, Play, Hang Out",com.discord,Social,c8f55788-5ba5-4354-ae55-76b4d0e2d955,Haxi “Ihor Fox” Denti,3,,Messages takes 20seconds+ to send on 600mbit connection,2,337.10 - Stable,2026-07-21T21:38:08,"Try restarting your device, updating Discord and your OS, and clearing the app cache. If the issue persists, try changing your DNS provider to Google or Cloudflare. For more help, visit dis.gd/contact or check dis.gd/feedback for suggestions.",2026-07-21T22:05:35
"Discord - Talk, Play, Hang Out",com.discord,Social,5b83647a-f73f-43f0-8489-d98d314c1ca6,jagadeesh R,5,,best,0,335.11 - Stable,2026-07-21T21:19:53,,
"Discord - Talk, Play, Hang Out",com.discord,Social,7da29573-f3c5-4e20-b6e8-dba34b03df9e,Lois Correll,1,,hey is it just me or does everyone else's call drop out of no were when sleeping on call with there boyfriends snd or husbands because it does it for me every night,3,337.10 - Stable,2026-07-21T21:19:52,"Call drops can happen due to network issues, battery saver mode, or app settings. Try updating your OS and Discord app, turning off battery saver, and switching between WiFi and data. For more help, visit dis.gd/mobile-voice-help.",2026-07-21T21:43:33
"Discord - Talk, Play, Hang Out",com.discord,Social,91c8bb1e-d58e-42a9-8d52-c38d1fb0ce23,Ayan,4,,kinda good,0,337.10 - Stable,2026-07-21T20:51:44,,
"Discord - Talk, Play, Hang Out",com.discord,Social,f586eb24-66b3-4a6a-8fee-c42a5e6a74de,Renka Toudou,1,,"can't log back in after logging out, it says resource rate limited. can't even change previous email & number without having to go through all nonsense",1,337.10 - Stable,2026-07-21T20:43:31,"The “resource rate limited” error means you’ve tried too many login attempts in a short time. Please wait 24-48 hours before trying again. For email or phone changes, follow steps in your account settings. More help: dis.gd/contact",2026-07-21T21:13:31
"Discord - Talk, Play, Hang Out",com.discord,Social,f3242f22-0a80-4d8a-8ef6-f36c1a12f8db,Mohamed Sahdi,5,,it's very very good app for me,0,336.10 - Stable,2026-07-21T20:41:58,,
"Discord - Talk, Play, Hang Out",com.discord,Social,2b69e42b-5ccc-41a7-8a09-f6b0187c5b63,wayne blom,5,,nice app,0,336.10 - Stable,2026-07-21T20:27:56,,
"Discord - Talk, Play, Hang Out",com.discord,Social,028864d4-9446-4eb5-bad5-99823cbe6792,Shahfaisal Khan,5,,"Discord is an amazing app where you can interact with people from different nations, ethnicity and cultures. You can share your opinion with them and ask them for any kind of guidance.",0,335.11 - Stable,2026-07-21T20:26:00,,
"Discord - Talk, Play, Hang Out",com.discord,Social,d2e57303-b347-4cf9-ab95-7a91e0810967,BIPLAB PAL,5,,good👍,0,336.10 - Stable,2026-07-21T19:55:57,,
"Discord - Talk, Play, Hang Out",com.discord,Social,b18067f0-8cb6-4643-83f3-a78f22d59aaa,Miku Shaw,1,,har baar glitch lekr ate ho huh,0,,2026-07-21T19:52:01,,
"Discord - Talk, Play, Hang Out",com.discord,Social,d68f05b1-9191-4612-a8f9-a35e1882e2b0,Nisha Singh,5,,very nice app,0,337.10 - Stable,2026-07-21T19:34:25,,
"Discord - Talk, Play, Hang Out",com.discord,Social,ebd92c9c-49a2-4e19-b1d1-8992d7287d13,Talha Jubair,3,,nice,0,,2026-07-21T19:25:30,"Thanks for your positive feedback! We're glad you're enjoying Discord. If you have any suggestions or want to share more, feel free to let us know at dis.gd/feedback. Keep connecting and having fun with the Discord community!",2026-07-21T19:53:30
"Discord - Talk, Play, Hang Out",com.discord,Social,80031ace-ded0-404d-a05c-f33fb633327d,Moumita Biswas,5,,peak,0,336.10 - Stable,2026-07-21T19:07:08,,
"Discord - Talk, Play, Hang Out",com.discord,Social,f46fd381-3e9f-4866-a80d-a167c322d045,Glitchy,2,,"It doesn´t work on my chromebook, it just doesn´t. Ive shut it down, reiniciate it unninstall discord, but still nothing. Ive even tryed REENSTALLING my Chromebook, but still nothing. BUT I have it on my tablet and WORKS PERFECTLY. 2 Stars",0,337.10 - Stable,2026-07-21T19:05:36,"Discord may not be fully supported on some Chromebook models. Please check if your Chromebook OS and browser meet Discord’s requirements: Chrome OS 86+ and Chrome browser 86+. For more help, visit dis.gd/contact or check support.discord.com/hc/en-us/articles/213491697.",2026-07-21T19:33:38
"Discord - Talk, Play, Hang Out",com.discord,Social,eb832d2f-f6b1-4509-8588-60524fb330d6,Aoi Artececillia,1,,bro you said i broke the child safety policy I AM 15 AND IM CURRENTLY HAPPILY TALKING W MY ONLY FRIENDS I HAD,1,337.10 - Stable,2026-07-21T18:52:50,"If you believe your account was incorrectly flagged for child safety, you can appeal by verifying your age with an ID scan. For instructions, visit dis.gd/contact or check this guide: https://support.discord.com/hc/en-us/articles/360041820932-Help-I-m-old-enough-to-use-Discord-in-my-country-but-I-got-locked-out",2026-07-21T19:23:31
"Discord - Talk, Play, Hang Out",com.discord,Social,c3191265-1cd2-421b-9a3e-bb4714d059e9,Raymond Rojo,5,,nice,0,336.10 - Stable,2026-07-21T18:32:05,,
"Discord - Talk, Play, Hang Out",com.discord,Social,409b306e-19cc-4ac2-910a-42d7c937a868,Talia Ahanmisi,5,,it is useful too chat friends and not stressful it's desined wonderfully well u could use it and make more friends or even add friends I recommend this app and say away from creeps in the app like kayla/ Jasmin,0,338.13 - Stable,2026-07-21T18:30:43,,
"Discord - Talk, Play, Hang Out",com.discord,Social,445f5760-7561-4e0c-a1f4-fb18ef1becae,Md Arafat,5,,good 👍,0,336.10 - Stable,2026-07-21T18:10:26,,
"Discord - Talk, Play, Hang Out",com.discord,Social,a73a93b1-779a-4ef5-907d-2c045a9866d3,Mukhtar Juma,1,,"I tried it again,But It didn't work. I followed What you told me, But it told me ""The resource Is being rate Limited"" I also Waited For 35 Hours,But it still didn't accept It.",1,337.10 - Stable,2026-07-21T17:55:01,"If you see a ""rate limited"" error, please wait 24-48 hours before trying again. For code issues, check your phone number is valid and not used on another Discord account. If you still can't receive codes, visit dis.gd/contact for more help.",2026-07-20T07:01:28
"Discord - Talk, Play, Hang Out",com.discord,Social,437ccf12-79f6-4eb4-9930-d535c79692ab,Sultana Samreen,4,,good 👍🏻,0,333.12 - Stable,2026-07-21T16:50:38,,
"Discord - Talk, Play, Hang Out",com.discord,Social,d596cb2a-78cc-4913-b093-8eac42003376,Vihaan gupta,1,,worst app ever made,1,337.10 - Stable,2026-07-21T16:45:07,"Thanks for sharing your feedback. If you’re experiencing issues or have suggestions, we’re here to help! Please reach out at dis.gd/contact for personalized support or to share more details. We’re always working to improve your experience.",2026-07-21T17:13:25
"Discord - Talk, Play, Hang Out",com.discord,Social,fcde6c1e-0378-4cae-a9cb-f78ed21c7e48,Rinki Sahu,5,,apps my talking my love to.,0,,2026-07-21T16:29:40,,
"Discord - Talk, Play, Hang Out",com.discord,Social,4629df91-68c2-4933-a688-ccd7257769a1,Illi Dank,1,,"App still keeps getting stuck either not recieving or sending messages when open/opened from the background. Needing restart which then results in messages sent double or triple sometimes. Despite all its features, Discord is a messaging app first and it currently fails at its primary task. 1*",1,,2026-07-21T16:15:42,"Try updating your Discord app and device OS, clear app cache, and check your internet connection. If issues persist, reinstall the app. For persistent bugs, report details at dis.gd/contact so our team can investigate further.",2026-05-29T10:23:26
"Discord - Talk, Play, Hang Out",com.discord,Social,8e7e7568-59be-460d-bd58-e00779622c97,Hardik Gaur,5,,wow,0,,2026-07-21T15:48:53,,
"Discord - Talk, Play, Hang Out",com.discord,Social,9fc29f09-45c9-410d-bee5-9732bd9ce514,Hoàng Linh Trần,1,,The app delayed many times and I couldn't update my information on the app. The support FAQ didn't help anything either.,1,,2026-07-21T15:47:26,"Try updating Discord and your device OS to the latest version, clear app cache, and reinstall the app. For lag or update issues, check your internet connection. More troubleshooting tips: dis.gd/mobile-voice-help. If issues persist, visit dis.gd/contact for support.",2026-07-21T16:13:38
"Discord - Talk, Play, Hang Out",com.discord,Social,21d0367e-9fcc-4266-97a1-f54a947dbdf8,Du De,4,,"Why doesn't my friends' activity list appear? When they are in a room inside a server, it doesn't appear to me as before.",0,336.10 - Stable,2026-07-21T15:40:38,"If you're encountering issues within the app, could you please submit a support ticket, so we can look into the matter further?: dis.gd/contact",2024-08-19T07:29:26
"Discord - Talk, Play, Hang Out",com.discord,Social,0adf54c9-fb93-46af-b912-b03af9720ae8,Jonathan Chang,1,,"Random active users who I never have messaged or interacted with in any way are appearing at the top of my messages tab. Great work as always Discord. I especially love the touch where their Spotify makes the random person's banner take up all the space so I don't see any of the other active users. Discord sucks, their support sucks, it all sucks",2,252.14 - Stable,2026-07-21T14:48:32,"Please try reinstalling the app and restarting your device. If issues persist, refer to this article for further troubleshooting: https://support.discord.com/hc/en-us/articles/13148417007767",2025-04-21T05:23:30
"Discord - Talk, Play, Hang Out",com.discord,Social,570ab88e-10b3-491a-9ba3-6049e7da1ca7,ankit Gautam,3,,why my account automatically logout and i am not login My old account I am reset my password but he want 6 digit code but I don't have and not key,0,337.10 - Stable,2026-07-21T14:15:17,"Try updating Discord and your device OS, then reinstall the app. If you still can't log in, reset your password here: https://support.discord.com/hc/en-us/articles/218410947-I-forgot-my-Password-Where-can-I-set-a-new-one. For more help: dis.gd/contact",2026-07-20T18:05:32
"Discord - Talk, Play, Hang Out",com.discord,Social,b00b1dca-6f17-49e9-a987-971d9326f8c8,Vux ISavaya,4,,"GREAT, why cant i log back to my account like hello😭 fix your app",0,337.10 - Stable,2026-07-21T14:11:42,,
"Discord - Talk, Play, Hang Out",com.discord,Social,2e258646-3bbb-411a-8dfb-a922e8752f0a,J Grip,1,,"Drops calls constantly. Unreliable. Poor UI/UX. How this is the defacto chat app is beyond me, and how we've not evolved past these issues yet is flabbergasting.",1,,2026-07-21T14:07:18,"For call drops, try restarting your device, updating Discord, and checking your network. More tips at dis.gd/mobile-voice-help. For UI/UX feedback, share your thoughts at dis.gd/feedback. We're always working to improve your experience.",2026-07-21T14:39:27
"Discord - Talk, Play, Hang Out",com.discord,Social,51007c0e-049f-423d-a0bf-de0ed665e0bb,Yanty Hisham,5,,good streaming app. being using for more than 10 years would recommend it,1,,2026-07-21T14:00:19,,
"Discord - Talk, Play, Hang Out",com.discord,Social,bbc1f9f3-a52d-42f6-b079-66f40ed57fa7,sean ellis,5,,I get to talk with my friends and stuff and I get to work on a game,0,337.10 - Stable,2026-07-21T13:59:25,,
"Discord - Talk, Play, Hang Out",com.discord,Social,92aa834f-a589-42ef-be61-97385d4a82ea,N30POLOTAIN,1,,"TLDR: Don't use 2FA, it basically locks you out and support staff don't do anything about it. Long time user, but I'm just gonna say this DO NOT USE 2FA I lost my main email for my account, and now I'm basically locked out of every logging into my account on any device that I wasn't originally logged in on. When I contacted support they said they couldn't do anything, and after that it got worse like they tinkered with my account and locked me out even harder. Backup codes can stop working.",0,337.10 - Stable,2026-07-21T13:35:04,"If you lost access to your email and 2FA, try using your Discord backup codes or SMS authentication if set up. If you don’t have backup codes, Discord Support can’t remove MFA. For more details, visit: https://support.discord.com/hc/en-us/articles/115001221072",2026-07-20T23:59:30
"Discord - Talk, Play, Hang Out",com.discord,Social,18ed140c-5ab8-4377-839d-3aaf3fc4cf76,Amin,5,,⚡ Good App,0,337.10 - Stable,2026-07-21T13:33:04,,
"Discord - Talk, Play, Hang Out",com.discord,Social,83f75a7f-696d-40ff-bff2-6735a4c7a2fe,Tech With Things,4,,"overall the app is good for chatting but there are some few things which should be fixed and focused. 1. Nobody should be able to take screenshot of someone on video call. When someone turns on his camera during a call, the other should not be able to take a screenshot. 2. Abusive 18+ stickers and emojis should be ban and the user should also get a permanent ban from discord. 3. Sometimes others can't hear my voice clearly, even if my Internet is fast, they still say that my voice has echoes.",1,335.11 - Stable,2026-07-21T13:28:05,,
"Discord - Talk, Play, Hang Out",com.discord,Social,d237129a-257b-4116-be25-85acc5a2b9a5,gurgle166,1,,"Just a buggy, laggy POS that always needs updating yet nothing new ever improved and no bugs are fixed.",1,309.11 - Stable,2026-07-21T13:25:22,"For lag and bugs, try updating Discord, restarting your device, and checking your internet connection. If issues persist, reinstall the app or clear cache. For persistent bugs, report them at dis.gd/contact with details. More troubleshooting tips: https://support.discord.com/hc/en-us/articles/31623498041623",2026-07-21T13:53:36
"Discord - Talk, Play, Hang Out",com.discord,Social,a498b27d-f7bb-401b-a439-7efdf2eb6060,sania Rizqia ramadani,5,,seruu,0,337.10 - Stable,2026-07-21T12:59:31,,
"Discord - Talk, Play, Hang Out",com.discord,Social,3b17c227-8395-449e-8b68-0ae4edc5fe5a,Bartholomew Marvel,5,,good,0,,2026-07-21T12:51:51,,
"Discord - Talk, Play, Hang Out",com.discord,Social,30588b35-978e-4561-9906-fc9743bba87e,Sasha Kirchgassner,1,,"Seems like the interface gets worse every week. Lots of changes no one asked for or wanted Edit: ""we have a detailed guide to help you navigate these changes"" bruh nobody should have to read the owner's manual for a social app just to use the damn thing. That's a big sign of bad design. Edit 2: nothing has improved, everything has gotten worse. Discord has joined the ranks of garbage cash-grabbing ""tech"" companies that need to burn.",5,337.10 - Stable,2026-07-21T12:31:03,"We appreciate your feedback on our mobile updates. To better understand the changes, we invite you to read our article detailing the new mobile experience at https://support.discord.com/hc/articles/12654190110999. Our support team is here to assist you further at dis.gd/contact.",2024-01-22T04:55:08
"Discord - Talk, Play, Hang Out",com.discord,Social,98e0f429-1409-429b-807f-3ad2e7ebfeb5,Muhd Hakimi,1,,this app sucks because they want more and more id or number when they already have in it and it sucks because it's really tired and difficult to enter it. use on PC or computer for more experience.,1,337.10 - Stable,2026-07-21T12:23:35,"We understand verification can feel repetitive. For easier access, ensure your info is up to date and try logging in with saved credentials. For personalized help, visit dis.gd/contact. Your feedback helps us improve the mobile experience.",2026-07-21T12:53:29
"Discord - Talk, Play, Hang Out",com.discord,Social,4b8b31f1-115d-40f9-af51-feabde4e6343,Gunna Gang,5,,great platform for gaming and chatting 👍 👏 👌,1,336.10 - Stable,2026-07-21T11:57:15,,
"Discord - Talk, Play, Hang Out",com.discord,Social,2e848e14-714e-440b-9946-294409e7dd9c,Adam Rickard,1,,false bans left and right don't bother with discord anymore,1,263.10 - Stable,2026-07-21T11:39:47,"If you believe your account was banned incorrectly, you can request a review at dis.gd/contact. We're committed to fair moderation and want to help resolve any issues you experience.",2026-07-21T12:11:30
"Discord - Talk, Play, Hang Out",com.discord,Social,faf5844f-5087-4e17-a849-f8d7c73128bf,cringe king official,4,,Its a good app but offers little more than what you get on the chrome browser,0,337.10 - Stable,2026-07-21T11:06:03,,
"Discord - Talk, Play, Hang Out",com.discord,Social,041fab0a-099e-40f8-8da1-fcc5b7a2367d,aizat nazri,5,,"Discord is an excellent communication platform for gaming, communities, and teamwork. It offers high-quality voice and video calls, organized text channels, and a user-friendly interface. The app is reliable and customizable",1,337.10 - Stable,2026-07-21T10:42:55,,
"Discord - Talk, Play, Hang Out",com.discord,Social,4a31d340-68a1-4f94-a725-4086debbb4ba,Cow Drop,1,,"Discord put my acc on "" very limited "" status just because one of the servers I joined violated the "" child safety "" rule. It's not fair to limit the server member accounts unless that person did violate the rule. Discord should change how they work otherwise people will just leave this retarded app controlled by retarded people.",1,,2026-07-21T10:23:53,,
"Discord - Talk, Play, Hang Out",com.discord,Social,2bdc479a-6222-4645-9191-53904baac926,Ivan jonathan Duran,5,,I love it.,0,273.12 - Stable,2026-07-21T09:25:59,,
"Discord - Talk, Play, Hang Out",com.discord,Social,2bb0a62e-13af-4c55-b40d-1a9ca9989b19,Vicki Blundell,3,,"Not the easiest of chat apps to use, in my opinion. Maybe I just need to use it more to get the hang of it.",0,337.10 - Stable,2026-07-21T09:24:59,"Thanks for sharing your thoughts! If you’d like tips on navigating Discord, check out our help articles at dis.gd/mobile-voice-help. We’re always working to make the app easier to use. Your feedback helps us improve!",2026-07-21T09:53:34
"Discord - Talk, Play, Hang Out",com.discord,Social,03113330-d9f7-44e4-b4a0-032508f8cbda,Sand TheBeast,2,,"absolutely hate the inability to walk back appearance updates. My discord looked the same for 3+ years, but now buttons I never touch takes up too much space, everything is way too round, and I can no longer partially see a chat while browsing other chats in the server. I understand updating designs, but outright preventing people from choosing their preferred layout is crazy. oh and now I get ads popping up above my profile. edit in response: settings are useless if they don't stick next update",1,338.13 - Stable,2026-07-21T09:21:01,"We appreciate your feedback on the new design and layout. While reverting to previous layouts isn't possible, you can adjust some appearance settings in the app. For more info on customization, visit dis.gd/mobile-voice-help. Share suggestions at dis.gd/feedback.",2026-07-21T09:13:32
"Discord - Talk, Play, Hang Out",com.discord,Social,f01b9072-ec64-4c0f-8780-05d1a7b9fb39,noah p,2,,"It's only half decent if you're using it with people you know. For the love of God don't try and join a public server via Disboard because you'll be ignored/violated/doxxed for no reason. This application harbors the most anti-social, hateful, and borderline insane people that have ever existed. I'm telling you right now. Do not join public servers, it's all a waste of your time and mental sanity.",2,337.10 - Stable,2026-07-21T09:10:51,,
"Discord - Talk, Play, Hang Out",com.discord,Social,8a9cea71-d7ec-4e04-a2da-ed0fb95a8a10,ntaa prikitiw,5,,enak bisa ngobrol bareng temen.,0,337.10 - Stable,2026-07-21T08:15:23,,
"Discord - Talk, Play, Hang Out",com.discord,Social,8434f183-4024-4ab6-af3e-9a7708404a6f,Lukio,5,,I met some of my closest friends here until my mom blocked it,0,336.10 - Stable,2026-07-21T08:03:06,,
"Discord - Talk, Play, Hang Out",com.discord,Social,2cb3d1d7-e686-4521-9909-aee5814f4831,Jetstream Sam,1,,The worst security app ever,0,336.10 - Stable,2026-07-21T07:17:13,"For security concerns, enable Multi-Factor Authentication, use a strong password, and review authorized apps in settings. For more tips, visit discord.com/safety. If you need personalized help, reach out at dis.gd/contact.",2026-07-21T07:43:31
"Discord - Talk, Play, Hang Out",com.discord,Social,6f6904f4-87f2-4df1-ac46-84e07e9f1768,Chihuwa Hua,5,,"Great apps to communicate, messages and all to people around the worlds",0,,2026-07-21T06:50:44,,
"Discord - Talk, Play, Hang Out",com.discord,Social,153d6bf1-9f85-43c5-9b24-5a29d94dbd9d,Morgan EDIELE,1,,is kicking me out I cannot even go in,0,337.10 - Stable,2026-07-21T06:45:26,"We’re unable to find specific info for your issue. Please try reinstalling the app and updating your device OS. If the problem persists, visit dis.gd/contact for further support.",2026-07-21T07:09:24
"Discord - Talk, Play, Hang Out",com.discord,Social,41a12a8d-0df5-4bbf-a71d-a63dcc81a6df,Rafchetin Icoy,1,,"When I pressed create account, I solved the captcha and when I was done solving the captcha, the ""Wait, are you a human?"" appeared again",0,,2026-07-21T06:33:14,"Try restarting the app and checking your internet connection. If the issue persists, please report this bug with details at dis.gd/contact so our team can investigate and help resolve your registration problem.",2026-07-21T07:07:28
"Discord - Talk, Play, Hang Out",com.discord,Social,d8dee9d8-d6ff-4f6b-b5f9-c8552de87151,V V,1,,"You guys have made it extremely convoluted to submit a support request - but there's a caching issue with the ""New message"" flags on Servers. If you open//close the app, none of them appear, but if you close the app and manually clear the cache they show up until the next time you open it.",6,337.10 - Stable,2026-07-21T06:03:19,"Thanks for sharing your thoughts on the recent update. You can check out details about our mobile redesign here: https://support.discord.com/hc/articles/12654190110999. If you need more help, contact us at dis.gd/contact.",2024-10-01T09:53:24
"Discord - Talk, Play, Hang Out",com.discord,Social,81c1674f-4cd7-40a5-bad9-c949421e8614,Jenn Perkin,2,,great platform.but i csn.not.paryicipate as i can not send messages on server not even bug report says cerufy idenrity by phone number but it will not accept my NZ phone number It says rate limited ?? wt so annoying,0,316.11 - Stable,2026-07-21T05:41:17,"To verify your NZ phone number, ensure it's a valid mobile number, not VOIP or landline. If you see a rate limit error, wait 24-48 hours before trying again. If your number is tied to another account, remove it first. More help: dis.gd/contact",2026-07-21T06:11:31
"Discord - Talk, Play, Hang Out",com.discord,Social,6e249291-1a5d-4388-b2e6-5f52ac63390b,khalia duncan,5,,the Discord was pretty good,0,337.10 - Stable,2026-07-21T05:28:55,,
"Discord - Talk, Play, Hang Out",com.discord,Social,4ff93b05-db9a-4a68-b4a4-1a7950a0bf22,Esteban Cordoba,1,,"funciona muy mal, tiene tantos errores que me es imposible enumerarlos a todos, se escucha mal, se corta el audio, a veces no se mandan los mensajes, no carga, muchos bugs, etc",0,337.10 - Stable,2026-07-21T05:07:08,"Para mejorar el funcionamiento, prueba reiniciar tu dispositivo, actualizar la app y el sistema, y reinstalar Discord. Si el problema persiste, revisa dis.gd/mobile-voice-help o contacta soporte en dis.gd/contact para asistencia personalizada.",2026-07-21T05:37:34
"Discord - Talk, Play, Hang Out",com.discord,Social,6461b22c-e3b1-45c3-afe4-068972d8030b,Benjamin Schwartz,1,,you need to make an entire new account just to submit a support request. absolute joke.,0,337.10 - Stable,2026-07-21T04:50:59,"To submit a support request, you’ll need to create a Discord Support account, which is separate from your Discord app account. This helps track your tickets and responses. For help, visit dis.gd/contact.",2026-07-21T05:19:33
"Discord - Talk, Play, Hang Out",com.discord,Social,deef5c9e-f108-4307-ae9d-d6fa32ce2d86,Dust,1,,"editing this review fully. I was having problems getting notifications on mobile discord again, and I'll just say it's really annoying to have to uninstall and repair the app myself over and over. Lame.",0,337.10 - Stable,2026-07-21T04:39:05,"Try restarting your device, updating Discord and your OS, and clearing app cache. If issues persist, reinstall the app. For more help, visit dis.gd/contact. Check device compatibility here: https://support.discord.com/hc/en-us/articles/213491697",2026-07-04T05:47:27
"Discord - Talk, Play, Hang Out",com.discord,Social,0eadb95b-e3fc-480c-829f-05526ef35427,E Nene,5,,great I wish there was 10 stars,0,337.10 - Stable,2026-07-21T04:36:11,,
"Discord - Talk, Play, Hang Out",com.discord,Social,8257fea0-ba9f-4d4c-8cc6-3b82a4244dbb,Ciao,1,,disgusting,0,,2026-07-21T02:52:16,"Thanks for sharing your feedback. If you’re experiencing issues or have suggestions, we’re here to help! Please reach out at dis.gd/contact for personalized support or to share more details. We’re always working to improve your experience.",2026-07-21T03:23:30
"Discord - Talk, Play, Hang Out",com.discord,Social,c6ce39fb-1ad3-4b2f-9dff-f8c77cab3ee3,War'n Peace,1,,"should absolutely be taken down. I can't even create an account without getting kicked out, and this is my first time ever even attempting to try the application. Just don't download it!! I even un-installed to try again and created a new Gmail. This app is the biggest waste of time!!!",0,,2026-07-21T02:20:43,"Thanks for sharing your experience. Please ensure your device runs Android 7+ and download Discord from the Google Play Store. Try restarting your device, clearing app cache, and checking storage. For more help, visit dis.gd/contact.",2026-07-21T02:43:31
"Discord - Talk, Play, Hang Out",com.discord,Social,7e2e2938-6539-497a-b963-8248881278b1,Christian Van Meurs,2,,How is it possible that in July 2026 we still don't have a simple way to switch accounts in this app?,0,334.11 - Stable,2026-07-21T02:13:49,Thanks for sharing your feedback about account switching! We appreciate your suggestion and encourage you to submit it at dis.gd/feedback so our team can review it. Your input helps us improve the app experience for everyone.,2026-07-21T02:43:34
"Discord - Talk, Play, Hang Out",com.discord,Social,cb4c17b4-436a-48fc-89e9-2e674de69a80,Crab Krab,1,,trash,0,337.10 - Stable,2026-07-21T02:08:54,"Thanks for sharing your feedback. If you’re experiencing issues or have suggestions, please let us know at dis.gd/contact so we can help improve your experience. We’re always working to make Discord better for everyone.",2026-07-21T02:39:25
"Discord - Talk, Play, Hang Out",com.discord,Social,0e873b61-536f-405c-b4e5-661f42313c16,Natalia Szafirska,1,,"this app is the worst thing that you could get. deletes my messages, deleting whole progress I hate it I hope you idiots go bankrupt",7,337.10 - Stable,2026-07-21T01:55:52,Take a look at this Help Center article to dive into some troubleshooting methods to fix your connection issues: https://support.discord.com/hc/en-us/articles/13148417007767,2023-09-24T21:35:04
"Discord - Talk, Play, Hang Out",com.discord,Social,eb414040-96a9-4605-8378-8529e2b3c22d,Jordyn Chartrand,2,,discord on PC is fanominal. I have been having problems the last handful of weeks with having next to no connection. I cant join vc's and when I do I'm unaware because of how extended the lag is.... I'm talking up to several minutes when at this point I'm reaching out to friends on other platforms... genuinely debating if its even worth keeping at this point.,1,337.10 - Stable,2026-07-21T00:29:22,"Try these steps: update your Discord app and OS, restart your device, check your network connection, and review your Voice settings. If issues persist, reinstall the app. For more help, visit dis.gd/mobile-voice-help.",2026-07-21T00:59:27
"Discord - Talk, Play, Hang Out",com.discord,Social,f8a5b569-25b8-4c29-8e8c-92d5177ce23e,William Garrett,5,,the best talking app ever trust me on this,0,337.10 - Stable,2026-07-21T00:06:50,,
"Discord - Talk, Play, Hang Out",com.discord,Social,aca87375-8a9f-44fd-926a-35a11ece28b9,Raven Sarcilla,1,,these is strait up garbage its been 1 hour and it keeps me asking if i m a human is these system just dumb or what,0,337.10 - Stable,2026-07-21T00:05:59,"If you're stuck on the human verification step, try restarting the Discord app. If the issue continues, you can get help at dis.gd/contact. For more info on account verification, visit: https://support.discord.com/hc/en-us/articles/6181726888215",2026-07-21T00:33:35
"Discord - Talk, Play, Hang Out",com.discord,Social,1038d405-1e8a-4be2-b3fe-23dd0b73889a,Chihihiro Yamasaki,1,,"Having issues with opening the app. It's keep closing itself everytime I try to open the app. this happens after recent update. MY REPLY TO DEV: I tried every suggestion, including checking my Android requirements, but nothing worked. I went back to the old version and installed Version: 310.11 - Stable, with the last update on 2026-01-23. Finally, I was able to open the app without issues.",0,337.10 - Stable,2026-07-20T23:55:26,"Try restarting your device, updating your OS, and reinstalling Discord from the Google Play Store. If the issue persists, clear the app cache in Settings - Apps - Discord - Storage. For more help, visit: https://support.discord.com/hc/en-us/articles/13148417007767",2026-07-20T23:39:26
"Discord - Talk, Play, Hang Out",com.discord,Social,225d0f8b-0c6a-4113-ad3f-bdf0d1420c05,Mason Turner,5,,Discord ya snitch I just wanted to trick my mate on what I'm playing and you just told him.,0,337.10 - Stable,2026-07-20T23:53:05,,
"Discord - Talk, Play, Hang Out",com.discord,Social,396166d6-9143-49dc-a7de-c9572ca8d366,ایلیا اسمعیل گل,5,,nice app,0,336.10 - Stable,2026-07-20T23:28:31,,
"Discord - Talk, Play, Hang Out",com.discord,Social,85c08478-3e40-47ad-9ef2-388604365bf2,Brittney Vasquez,5,,I love discord its one of those apps that allows to stay in connect with yout friends and have channels to discuss your favorite book or game or anything like that i have quite a few channels im apart of and run one with a friend.,0,337.10 - Stable,2026-07-20T23:24:53,,
"Discord - Talk, Play, Hang Out",com.discord,Social,8189ce47-fa9f-48f7-b98a-da771cff5a12,A Google User,5,,good app to talk with ur friends,0,337.10 - Stable,2026-07-20T22:53:00,,
"Discord - Talk, Play, Hang Out",com.discord,Social,0d6ba0f6-1b85-4412-bee0-aa65ceec89e8,Harsh Nirala,4,,fix bugs pls,0,335.11 - Stable,2026-07-20T22:13:04,,
"Discord - Talk, Play, Hang Out",com.discord,Social,117df35d-6862-4b3b-bd81-ed5ef48e0e23,Ravi Mohammad Khan,5,,thank you for making this app called discord it is very helpful for me so thank you very much,0,335.11 - Stable,2026-07-20T22:06:53,,
"Discord - Talk, Play, Hang Out",com.discord,Social,01a7933b-a7bd-4526-aff6-c20b08b0170e,Frank Mckinley (Le monke),1,,"Jesus christ discord. Fix your app for mobile users. I have been having a ton of problems with opening the app and NOTHING loading, it's not even a wifi problem anymore, not even a cache issue. For the love of god I can't even use the setting without it freezing entirely. So please, fix this damn app.",1,,2026-07-20T22:06:45,"Try restarting your device, updating your OS, reinstalling Discord, checking storage, and clearing cache/data. Disabling auto-play for GIFs/emojis/stickers may help. For more help, visit dis.gd/contact.",2026-07-20T22:33:36
"Discord - Talk, Play, Hang Out",com.discord,Social,ed716548-5e0b-4179-ae30-3992d7938e14,Jeannette Lubingo,5,,🙂 nice I like it,0,,2026-07-20T22:04:57,,
"Discord - Talk, Play, Hang Out",com.discord,Social,9df15cb2-a85f-43cf-817c-9a2ae4db7df2,jitendra prajapat,5,,pls add password to delete and open plssss,0,,2026-07-20T21:48:13,,
"Discord - Talk, Play, Hang Out",com.discord,Social,2a55c08f-f87e-401f-ae94-2a998f241752,William LePage,1,,"unresponsive, laggy, and needs to be force closed and restarted constantly to see new messages if you tab put at any point",0,337.10 - Stable,2026-07-20T21:40:41,"Thanks for your feedback! Please try updating the app, restarting your device, and clearing cache. If issues persist, reinstall the app. For more help, visit dis.gd/contact. We're working to improve performance on all devices.",2026-07-20T22:11:33
"Discord - Talk, Play, Hang Out",com.discord,Social,e5e5676e-ae43-457c-8e07-a0f30c8bc7b6,Shirley Besa,5,,overall good like very gud,0,336.10 - Stable,2026-07-20T21:36:27,,
"Discord - Talk, Play, Hang Out",com.discord,Social,3cf9e698-f749-44cd-9ba7-8bcaf282e343,Sairul Ali,1,,thank you for dc,0,334.11 - Stable,2026-07-20T21:35:02,"Thanks for sharing your feedback! If you have any suggestions or need help, please reach out at dis.gd/contact. We're always working to improve your Discord experience.",2026-07-20T22:07:27
"Discord - Talk, Play, Hang Out",com.discord,Social,6c4c1daf-8fae-4aa2-8a0b-0a694fbca733,Adejo Fifty5,5,,nice and good way to meet new friends,0,333.12 - Stable,2026-07-20T21:06:26,,
"Discord - Talk, Play, Hang Out",com.discord,Social,c19fb413-55bd-4abe-b102-6c9c4120074d,Sanjay Sanju,2,,it's a good app no problem in it it's fantastic amazing expirence giving app but why am rating this low because I got super pissed and annoyed by how times is it gonna ask me to rate this app I literally did it a 13 times,0,,2026-07-20T20:56:17,"Thanks for your feedback! We appreciate your support and understand the frustration with repeated rating prompts. We'll share this with our team. For more help or to share suggestions, visit dis.gd/contact or dis.gd/feedback.",2026-07-20T21:23:27
"Discord - Talk, Play, Hang Out",com.discord,Social,bf6b7f03-a5c6-4ba6-996e-ab116e8327ff,Vincent Cheung,1,,won't let me log in,0,337.10 - Stable,2026-07-20T20:52:16,"Please check your device OS version and update if needed. Make sure you’re using Discord version 337.10 or newer. If you still can’t log in, try reinstalling the app or resetting your password. For more help, visit: https://dis.gd/contact",2026-07-20T21:23:34
"Discord - Talk, Play, Hang Out",com.discord,Social,cbce1809-b3b3-4174-8f0a-c003bb82bd03,ADITYA ANTANI,5,,nice,0,336.10 - Stable,2026-07-20T20:46:41,,
"Discord - Talk, Play, Hang Out",com.discord,Social,d1fb2fce-1260-4748-a6e5-b97c910137dc,-Alaster- (FVCoffee),1,,"It's been over a month and my account was disabled for something I still don't know. I can't log back in to see, because they removed all of my verifications, and when they did, it still wants me to verify to access my account. I have tried the phone number, their Twitter, I have tried going through MULTIPLE tickets, but only bots answer, and when the only time a bot DOESN'T answer, is just one of the employees copying and pasting the same things the bot does. The support sucks do NOT download.",0,279.13 - Stable,2026-07-20T20:19:05,"We want to help resolve your account access issue. Please visit dis.gd/contact for personalized support. If you’re unable to log in or verify, our team can assist further through that channel. Thank you for sharing your experience.",2026-07-20T20:45:28
