app_name,app_id,category,review_id,username,rating,title,text,thumbs_up_count,review_created_version,at,reply_content,reply_at
Google Messages,com.google.android.apps.messaging,Productivity,5f2de31b-a874-4155-8db9-839a9c5deb2b,"R. E. H, Jr.",2,,App keeps crashing. I'm constantly prompted that MESSAGES KEEP STOPPING & to close the app. I wish I wasn't forced to change to this App. My experience is It works only when it works.,0,messages.android_20260714_00_RC00.phone_samsung_dynamic,2026-07-26T16:17:35,Hi there. Can you try to uninstall and reinstall the Messages app itself? Open the Play Store app > search Messages app > Uninstall > Reinstall/Update.,2026-07-27T11:08:07
Google Messages,com.google.android.apps.messaging,Productivity,8c1606fd-d515-4491-97c8-673ecc9b522b,Myo Chit Thu,5,,love,0,messages.android_20260702_05_RC05.phone_samsung_dynamic,2026-07-26T16:14:51,,
Google Messages,com.google.android.apps.messaging,Productivity,f544baf1-577f-467b-af2a-ff5bc72a81ed,Nikito Zhimomi,5,,Nice,0,messages.android_20260622_01_RC00.phone_samsung_dynamic,2026-07-26T16:14:41,,
Google Messages,com.google.android.apps.messaging,Productivity,43d3601a-8231-4b26-8169-d40214073bfd,Sunder Sorout,2,,good,0,messages.android_20260702_05_RC06.phone_dynamic,2026-07-26T16:12:23,,
Google Messages,com.google.android.apps.messaging,Productivity,105d40fc-57d8-484f-87dc-0498174f8f86,Jake Thomas,4,,"good, wish I could change the back ground for me and the other person though with cool custom themes or color variants",0,messages.android_20260707_00_RC05.phone_samsung_dynamic,2026-07-26T16:11:42,,
Google Messages,com.google.android.apps.messaging,Productivity,e2473a23-8b05-4636-bdf6-d3fd0e4b06ea,Pushpa kushwaha,2,,sms not sand and receive properly very poor condition,0,messages.android_20260702_05_RC05.phone_dynamic,2026-07-26T16:10:07,"Hi Pushpa. We're sorry to hear that. Please see this link: https://goo.gle/2QKhL7g. If you are still experiencing issues, please submit feedback within the Messages app by tapping the three dot menu in the top right corner - Help & Feedback - Send Feedback. Thank you.",2026-07-27T10:36:03
Google Messages,com.google.android.apps.messaging,Productivity,585cfe8d-f426-404c-9502-201166a017bb,Ajay Kumar,5,,good,0,messages.android_20260702_05_RC05.phone_dynamic,2026-07-26T16:09:02,,
Google Messages,com.google.android.apps.messaging,Productivity,a306ca2e-2d8f-4f69-983c-62e9916b7a72,Daniel Noble,1,,"typical google rubbish. never stays paired with the desktop. samsung should be ashamed they got rid of a lerfectly got sms service, forcing everyone on to google. I definitely have to look for better options as i am trying to get rid of all things google to protect my privacy.",0,messages.android_20260702_05_RC05.phone_dynamic,2026-07-26T16:07:33,,
Google Messages,com.google.android.apps.messaging,Productivity,bbbddcfb-bbb0-45fa-b20e-3b3adc1ede2e,Dharma Naik,5,,this app very slow 😔,0,messages.android_20260313_00_RC00.phone_dynamic,2026-07-26T16:04:45,,
Google Messages,com.google.android.apps.messaging,Productivity,16c6ae16-33ae-4cf5-9c98-2c923983145b,Emmanuel Ug,5,,good app,0,messages.android_20260714_00_RC00.phone_samsung_dynamic,2026-07-26T15:57:16,,
Google Messages,com.google.android.apps.messaging,Productivity,3262a4d5-b31f-4d6b-8df0-a93a85ec95b6,DR MF DIGITAL SOLUTIONS,5,,Excellent,0,messages.android_20260707_00_RC05.phone_dynamic,2026-07-26T15:53:56,,
Google Messages,com.google.android.apps.messaging,Productivity,9e85fc29-7be6-4f81-b76a-82e127d6bc91,Lukas Likoleni Martin,5,,All right,0,messages.android_20260702_05_RC05.phone_dynamic,2026-07-26T15:53:10,,
Google Messages,com.google.android.apps.messaging,Productivity,975d0278-ec9e-4c5a-9e1c-d74ac7904ec1,ASA love,5,,nice,0,messages.android_20260702_05_RC01.phone_dynamic,2026-07-26T15:50:13,,
Google Messages,com.google.android.apps.messaging,Productivity,36d50564-4692-448c-907c-8b911a6a846a,Sairam Textiles,5,,super,0,messages.android_20260702_05_RC05.phone_dynamic,2026-07-26T15:48:59,,
Google Messages,com.google.android.apps.messaging,Productivity,78267c88-8879-4146-af7d-7bdde91427b0,Laxman Giri,1,,now RCS chat not working after system update,0,messages.android_20260702_05_RC05.phone_dynamic,2026-07-26T15:48:03,Hi Laxman. Please see instructions on how to delete message: https://goo.gle/31U1IdE. You can also submit feedback within the Messages app by clicking the Menu button then the 'Help and Feedback' tab and tap 'Send Feedback'. Thanks.,2026-07-26T15:20:44
Google Messages,com.google.android.apps.messaging,Productivity,28cb32ea-155e-4ab6-9367-58b42d827089,Md Shamim,5,,সুন্দর,0,messages.android_20260702_05_RC05.phone_samsung_dynamic,2026-07-26T15:46:33,,
Google Messages,com.google.android.apps.messaging,Productivity,b6ba2850-efea-4abd-ac60-8c4029c71de9,Abdul moyiz Sanganakal,5,,good,0,messages.android_20260622_01_RC00.phone_dynamic,2026-07-26T15:45:45,,
Google Messages,com.google.android.apps.messaging,Productivity,6bf33dd5-a58d-4b15-b117-669ecf29377b,Anand Kumar Gupta,5,,thanku google for new features,0,messages.android_20260702_05_RC05.phone_samsung_dynamic,2026-07-26T15:45:40,,
Google Messages,com.google.android.apps.messaging,Productivity,57433efb-790f-497e-939d-4c2df54e1dee,Ngqabutho Cain Mthunzi,5,,good,0,messages.android_20260707_00_RC04.phone_dynamic,2026-07-26T15:43:13,,
Google Messages,com.google.android.apps.messaging,Productivity,e991c6ad-bd5b-4c52-b0c9-fc4254b4cf53,Rafiq ahmad,5,,GOOD,0,messages.android_20260702_05_RC05.phone_dynamic,2026-07-26T15:40:57,,
Google Messages,com.google.android.apps.messaging,Productivity,564ea3fa-9958-4d18-ad42-cd6428df5419,Sintu Singh,5,,good,0,messages.android_20260622_01_RC00.phone_dynamic,2026-07-26T15:38:47,,
Google Messages,com.google.android.apps.messaging,Productivity,51a2af68-7908-4484-b5aa-c8478c4f3e33,Khamis Isakila,5,,perfect 👍,0,messages.android_20260622_01_RC00.phone_dynamic,2026-07-26T15:36:37,,
Google Messages,com.google.android.apps.messaging,Productivity,e36cdd87-bb90-40bd-8cdc-99d435d410cf,Rajendra Rajendra,5,,very nice 👌,0,messages.android_20260622_01_RC00.phone_samsung_dynamic,2026-07-26T15:33:56,,
Google Messages,com.google.android.apps.messaging,Productivity,7eb8e5ff-d338-4eca-972b-11d2397d7610,Rashedul Kabir,5,,it's an essential,0,messages.android_20260702_05_RC05.phone_dynamic,2026-07-26T15:24:03,,
Google Messages,com.google.android.apps.messaging,Productivity,c8b1960e-f615-418b-abfd-af37036a03ca,Saidi Saidi,5,,ok,0,messages.android_20260622_01_RC00.phone_samsung_dynamic,2026-07-26T15:23:33,,
Google Messages,com.google.android.apps.messaging,Productivity,2aadf936-3add-4878-8885-433f089c9145,Abdur Rahman,5,,good app,0,messages.android_20260622_01_RC00.phone_dynamic,2026-07-26T15:22:12,,
Google Messages,com.google.android.apps.messaging,Productivity,e17c23bf-7c3e-4533-b038-9c2c15342fd6,RAJAT SUBHRA ROY,5,,This App has all the types of products in their custody except for 1 or 2. But I presume that it can be obtained by me within a short period of time.,0,messages.android_20260622_01_RC00.phone_samsung_dynamic,2026-07-26T15:20:14,,
Google Messages,com.google.android.apps.messaging,Productivity,ee108b4f-e0ff-4aef-8b32-827ea1589262,Mansuur,1,,"I hate that Samsung Messages has been discontinued and switched to this. First, the home page is bland and dry, and it doesn't sync with my Samsung themes. While you can customize the chat themes individually with fewer color options, it takes more time to go into the messages individually to customize the themes.",0,messages.android_20260702_05_RC05.phone_samsung_dynamic,2026-07-26T15:18:17,Hi Mansuur. Thank you for taking the time to provide feedback. We're sorry to hear that. We'll pass this along to the team so they can continue iterating on your feedback to make Messages even better. We ask that you submit feedback within the Messages app by clicking the Menu > Help and Feedback > Send Feedback.,2026-07-27T10:33:28
Google Messages,com.google.android.apps.messaging,Productivity,56b7d4a8-8031-469d-992d-1e31504c950a,Sajib Hasan,5,,nice,0,messages.android_20260622_01_RC00.phone_dynamic,2026-07-26T15:15:55,,
Google Messages,com.google.android.apps.messaging,Productivity,1c823e9b-8087-4d10-89a9-b9411d85b92f,Sahim Alam,5,,good working I like you,0,messages.android_20260707_00_RC04.phone_dynamic,2026-07-26T15:12:33,,
Google Messages,com.google.android.apps.messaging,Productivity,c8f66f69-da6f-4cd7-a501-4f199f2049ec,Nitesh More,5,,good,0,messages.android_20260622_01_RC00.phone_dynamic,2026-07-26T15:11:52,,
Google Messages,com.google.android.apps.messaging,Productivity,b2cdd91a-1d37-44a7-8329-bfef31bac2ce,Gerald,5,,Good,0,messages.android_20260622_01_RC00.phone_dynamic,2026-07-26T15:08:48,,
Google Messages,com.google.android.apps.messaging,Productivity,6a673a9a-a18b-4282-bcc0-6a7ee538e151,hemant jadhav,1,,no message organizer work so bored to sort unwanted promoted messages,0,messages.android_20260702_05_RC05.phone_dynamic,2026-07-26T15:06:48,Hi Hemant. Thank you for taking the time to provide feedback. We're sorry to hear that. We'll pass this along to the team so they can continue iterating on your feedback to make Messages even better. We ask that you submit feedback within the Messages app by clicking the Menu > Help and Feedback > Send Feedback.,2026-07-27T10:28:57
Google Messages,com.google.android.apps.messaging,Productivity,cb3efd9a-8fda-4c87-a94e-df83c51c95f9,Zain,5,,so nice,0,messages.android_20260702_05_RC05.phone_dynamic,2026-07-26T15:06:34,,
Google Messages,com.google.android.apps.messaging,Productivity,60905a92-bb93-4553-989b-5c068b4389ac,Majanja Edward,4,,cool,0,messages.android_20260702_05_RC05.phone_dynamic,2026-07-26T15:06:01,,
Google Messages,com.google.android.apps.messaging,Productivity,d22db37d-2b67-4625-a48a-bb639700ea2a,Haftom Goitom,5,,the internet access is very weak so pleas improve it.,0,messages.android_20260622_01_RC00.phone_dynamic,2026-07-26T15:02:18,,
Google Messages,com.google.android.apps.messaging,Productivity,822500a3-e95d-4f0b-b734-2c580c4dde86,Gul Hassan,3,,Must be deleted directly after message is deleted,0,messages.android_20260622_01_RC00.phone_dynamic,2026-07-26T14:59:50,,
Google Messages,com.google.android.apps.messaging,Productivity,eb40108a-bc69-449c-a512-e107f1f717a7,Nahian Ahmed,5,,Great,0,messages.android_20260702_05_RC05.phone_dynamic,2026-07-26T14:57:27,,
Google Messages,com.google.android.apps.messaging,Productivity,bb42d119-8d8b-4cb4-936c-f8b54b3ebc89,MD NIJAM,5,,nice,0,messages.android_20260702_05_RC05.phone_dynamic,2026-07-26T14:54:53,,
Google Messages,com.google.android.apps.messaging,Productivity,03d9b7c3-5912-4ba9-93ec-8cd5ef4016ee,BISHNU LAGACHNU,5,,ok,0,messages.android_20260702_05_RC05.phone_dynamic,2026-07-26T14:50:57,,
Google Messages,com.google.android.apps.messaging,Productivity,df2aa158-d575-4373-8efb-2239d07fa4c5,Vitthal Kumbhare,1,,"not working properly as every time,make default message appears if it is made default.",0,messages.android_20260702_05_RC05.phone_dynamic,2026-07-26T14:48:26,Hi Vitthal. Can you try to uninstall and reinstall the Messages app itself? Open the Play Store app > search Messages app > Uninstall > Reinstall/Update.,2026-07-27T10:28:05
Google Messages,com.google.android.apps.messaging,Productivity,977e55e2-f51a-4758-9ce0-6b52ac658819,Keshav Patel,5,,very good,0,messages.android_20260702_05_RC05.phone_dynamic,2026-07-26T14:47:25,,
Google Messages,com.google.android.apps.messaging,Productivity,6c4528db-7b91-46df-9bef-db2158d30e96,Hira Rashid,1,,Gifs still don't work as animated backgrounds just a still image - needs live wallpaper or dynamic backgrounds,1,messages.android_20260714_00_RC00.phone_samsung_openbeta_dynamic,2026-07-26T14:45:58,Hi Hira. We want to track your feedback. Please submit feedback with #SM within the Messages app by clicking the Menu button then the 'Help and Feedback' tab and tap 'Send Feedback'. Thanks for sharing your thoughts. Learn more about customization in Google Messages at https://goo.gle/4c5RMAs. Appreciate it!,2026-04-08T11:57:55
Google Messages,com.google.android.apps.messaging,Productivity,533ea14c-f0e8-41db-9bd6-68c4e021cafd,Mahadev Roy,5,,good,0,messages.android_20260702_05_RC05.phone_dynamic,2026-07-26T14:43:03,,
Google Messages,com.google.android.apps.messaging,Productivity,a824f9f4-9242-4b89-acee-e9badc21e0f7,Limbu Bb,1,,ok,0,messages.android_20260702_05_RC05.phone_samsung_dynamic,2026-07-26T14:42:57,,
Google Messages,com.google.android.apps.messaging,Productivity,f40915aa-93a4-4588-885b-88b0ca220a9d,S O'Toole,1,,"App is trash. Won't allow to select multiple messages to be deleted at once; have to delete one by one. Colossal time waster. They've disabled all responses on online threads of other users seeking assistance for same problem, leaving consumers with no solution.",0,messages.android_20260702_05_RC05.phone_samsung_dynamic,2026-07-26T14:41:16,"Hi there. To delete messages in bulk, you can make use of this link for further assistance: https://goo.gle/31U1IdE. Hope this helps!",2026-07-27T10:27:11
Google Messages,com.google.android.apps.messaging,Productivity,5cc5884c-e203-46ad-9053-83be06a10bc7,Shyam Kumar,5,,very nice 👍,0,messages.android_20260702_05_RC05.phone_dynamic,2026-07-26T14:40:47,,
Google Messages,com.google.android.apps.messaging,Productivity,06f94e4f-1e5e-4716-b484-bff420a58ea8,My lovely brother My lovely brother,1,,good,0,messages.android_20260217_00_RC02.phone_dynamic,2026-07-26T14:35:27,,
Google Messages,com.google.android.apps.messaging,Productivity,cec5de2e-1d87-444a-a984-160eafbd920e,JAHANGIR ALAM AKASH,5,,good,0,messages.android_20260702_05_RC05.phone_dynamic,2026-07-26T14:32:54,,
Google Messages,com.google.android.apps.messaging,Productivity,4456a2cd-6c06-49fc-8e41-eea1d91a6a9e,PANKAJ KUMAR,5,,wow,0,messages.android_20260702_05_RC05.phone_dynamic,2026-07-26T14:29:52,,
Google Messages,com.google.android.apps.messaging,Productivity,81b47f9b-4f1a-42a5-9d0b-fb2271a21ff3,Gibson Kibiki,5,,Good,0,messages.android_20260702_05_RC05.phone_dynamic,2026-07-26T14:27:00,,
Google Messages,com.google.android.apps.messaging,Productivity,aeb4f78e-9f63-467b-9f3d-e3d2abfac675,Hamid Nasar,5,,good,0,messages.android_20260714_00_RC00.phone_dynamic,2026-07-26T14:26:35,,
Google Messages,com.google.android.apps.messaging,Productivity,ba7fed0a-7cb7-4ace-9b2e-7286c2aded38,Hunter,4,,"Update: 07.26.26 After fing around, I found out how to access many more of the features I thought were unavailable. More robust than I initially opined. [Orig] Was hoping to experience greater overall utility than that available in Samsung messages.",4,messages.android_20260714_00_RC00.phone_dynamic,2026-07-26T14:20:07,"Hi there. We're sorry to hear that. We'll pass this along to the team so they can use your feedback to make Google Messages even better. To send feedback, at the top right, tap Profile picture or Initial and then Help & feedback and then Send feedback.",2026-03-29T04:10:21
Google Messages,com.google.android.apps.messaging,Productivity,0010c3cc-3338-4d32-bb44-e9e1efce1273,Ankit Sati,1,,worst application,0,messages.android_20260707_00_RC01.phone_samsung_dynamic,2026-07-26T14:19:14,Hi Ankit. Thank you for taking the time to provide feedback. We're sorry to hear that. We'll pass this along to the team so they can continue iterating on your feedback to make Messages even better. We ask that you submit feedback within the Messages app by clicking the Menu > Help and Feedback > Send Feedback.,2026-07-27T10:22:14
Google Messages,com.google.android.apps.messaging,Productivity,e2d94c99-4412-4936-91c1-daf33528400f,Heather Brown,1,,"This app is HORRIBLE!! First off, I enjoyed Samsung messages greatly but was forced to switch. So many things wrong w/ this app. 1. Can't select & delete multiple messages. 2. Can't see bottom line of text when typing a new message. 3. No new notification sound when receiving a new message or dot/# over icon showing new messages. 4. Can NOT search through all messages using a keyword to; says nothing found. 5. Cant customize chats. 6. Cant save/add contact info another person sent.",0,messages.android_20260702_05_RC05.phone_samsung_dynamic,2026-07-26T14:16:43,"Hi Heather. To delete messages in bulk, you can make use of this link for further assistance: https://goo.gle/31U1IdE. Also, learn more about customization in Google Messages at https://goo.gle/4c5RMAs. You can submit feedback within the Messages app by clicking Menu > 'Help and Feedback' > 'Send Feedback' so that we can better track your request.",2026-07-27T10:25:48
Google Messages,com.google.android.apps.messaging,Productivity,1960aee8-9b33-4f9f-b0c6-f1f85ee59d8a,Kavya Narkadapu,5,,good,0,messages.android_20260702_05_RC05.phone_dynamic,2026-07-26T14:13:35,,
Google Messages,com.google.android.apps.messaging,Productivity,6312a6f3-e095-433a-b0fe-3ef1118a88de,Goutom Boidya,5,,ভালো,0,messages.android_20260618_05_RC03.phone_dynamic,2026-07-26T14:06:30,,
Google Messages,com.google.android.apps.messaging,Productivity,dcf0708c-3555-4856-b506-4e57892e1288,nasturtium,1,,Links phone number to all google accounts on the device not only the one linked by the user.,0,messages.android_20260707_00_RC04.phone_dynamic,2026-07-26T14:06:01,"Hi there. Thanks for your review! In order to help you, could you kindly elaborate on your feedback?",2026-07-27T11:39:51
Google Messages,com.google.android.apps.messaging,Productivity,80e511b9-eb5c-40cb-88ed-499f78afd437,Samir Rajúwar,1,,nice,0,messages.android_20260407_00_RC00.phone_dynamic,2026-07-26T13:58:56,,
Google Messages,com.google.android.apps.messaging,Productivity,eeb56e8b-a51d-4940-a240-36617d098d9d,Naresh Bhoyanwad,5,,good aap,0,messages.android_20260615_04_RC00.phone_dynamic,2026-07-26T13:57:45,,
Google Messages,com.google.android.apps.messaging,Productivity,054fb8bf-b3f9-40ef-98a4-b8ed9506d383,Parween ara,5,,good,0,messages.android_20260702_05_RC05.phone_dynamic,2026-07-26T13:57:42,,
Google Messages,com.google.android.apps.messaging,Productivity,d11074b0-14d7-44ec-ae2c-f507ff9b93ed,Wasike Isaac,5,,so much fun ☺️,0,messages.android_20260702_05_RC05.phone_dynamic,2026-07-26T13:54:43,,
Google Messages,com.google.android.apps.messaging,Productivity,a53f8790-d0f2-4b05-9994-a608cebba403,DARUL ISLAM,5,,messages 🫶,0,messages.android_20260702_05_RC05.phone_dynamic,2026-07-26T13:52:41,,
Google Messages,com.google.android.apps.messaging,Productivity,8d9435c7-3596-4a8c-a20e-199acf01736b,Karl Tribe,2,,"A definite downgrade from Samsung Messages. No customization. No grouping chats under headers, work, personal etc. . I would switch back to Samsung Messages in a heartbeat, if I could.",0,messages.android_20260702_05_RC05.phone_samsung_dynamic,2026-07-26T13:49:25,"Hi there. Learn more about customization in Google Messages at https://goo.gle/4c5RMAs. Also, you can submit feedback within the Messages app by clicking Menu > 'Help and Feedback' > 'Send Feedback' so that we can better track your request. Thank you.",2026-07-27T10:21:20
Google Messages,com.google.android.apps.messaging,Productivity,75ffcdb1-11d3-404a-a0df-56aa93a84c9e,Denila Eddie Mar,1,,unable to send txt message!!!!,0,messages.android_20241120_00_RC07.phone_dynamic,2026-07-26T13:49:11,"Hi Denila. We're sorry to hear that. Please see this link: https://goo.gle/2QKhL7g. If you are still experiencing issues, please submit feedback within the Messages app by tapping the three dot menu in the top right corner - Help & Feedback - Send Feedback. Thank you.",2026-07-27T10:20:39
Google Messages,com.google.android.apps.messaging,Productivity,27dee56b-ae6c-48c5-98a9-38c72468f259,Annasha Dey,1,,message are not been sent 😔,0,messages.android_20260702_05_RC05.phone_dynamic,2026-07-26T13:49:09,"Hi Annasha. We're sorry to hear that. Please see this link: https://goo.gle/2QKhL7g. If you are still experiencing issues, please submit feedback within the Messages app by tapping the three dot menu in the top right corner - Help & Feedback - Send Feedback. Thank you.",2026-07-27T10:19:56
Google Messages,com.google.android.apps.messaging,Productivity,c6c40322-a5f3-42f5-ab1f-fbbcab66511e,Jack John,5,,cool.,0,messages.android_20260702_05_RC05.phone_dynamic,2026-07-26T13:48:46,,
Google Messages,com.google.android.apps.messaging,Productivity,04dc7130-38c1-404f-8b7d-87877e809d5a,Mohd Shukri Ibrahim,4,,good and faster,0,messages.android_20260702_05_RC05.phone_dynamic,2026-07-26T13:48:45,,
Google Messages,com.google.android.apps.messaging,Productivity,aa1856d7-21bf-45c0-948d-83dc7ca38292,mikail botem,5,,Good,0,messages.android_20260707_00_RC05.phone_dynamic,2026-07-26T13:46:25,,
Google Messages,com.google.android.apps.messaging,Productivity,fad075d6-55c9-442f-9bdc-f7492065f2cc,Pradeep Sharma Sharma,5,,it's a good plateform.,0,messages.android_20260618_05_RC02.phone_dynamic,2026-07-26T13:44:40,,
Google Messages,com.google.android.apps.messaging,Productivity,5fbfd8bc-df7d-419d-a04b-fdf054f39fc3,Ezeh Chijioke,5,,perfect 👌,0,messages.android_20260702_05_RC05.phone_samsung_dynamic,2026-07-26T13:43:55,,
Google Messages,com.google.android.apps.messaging,Productivity,cb7214b5-d06f-49ed-a569-dfc1115b0861,Michele V.,1,,I hate this app. bring Samsung messages back. so clunky with no help available for basic topics,0,messages.android_20260702_05_RC05.phone_samsung_dynamic,2026-07-26T13:34:49,,
Google Messages,com.google.android.apps.messaging,Productivity,03fcf7d1-3b7e-4090-b702-fc85b7abb5c1,DOMINIC KAMBEU,4,,could you introduce replying to specific messages in a conversation,0,messages.android_20260605_00_RC00.phone_dynamic,2026-07-26T13:30:37,,
Google Messages,com.google.android.apps.messaging,Productivity,bb359d8a-52d9-49d9-ad14-bd2823031603,SADDAM HUSSAIN,5,,good,0,messages.android_20260702_05_RC05.phone_dynamic,2026-07-26T13:27:41,,
Google Messages,com.google.android.apps.messaging,Productivity,356db5b8-08a1-431d-a22e-23191e8a2d59,Naruto Saringan,5,,ezyous,0,messages.android_20260702_05_RC05.phone_dynamic,2026-07-26T13:25:59,,
Google Messages,com.google.android.apps.messaging,Productivity,36d33366-d903-4452-81af-5939e6c9cee2,Human Human,5,,it's good. tip: only used for texts and calls 🤙,0,messages.android_20260702_05_RC05.phone_dynamic,2026-07-26T13:25:28,,
Google Messages,com.google.android.apps.messaging,Productivity,aed78cac-b29e-4882-9428-5e56c6ad7096,Daniel,1,,It is kinda stupid and slow. It doesn't switch to SMS even after hours if it has no wifi...,0,messages.android_20260702_05_RC05.phone_dynamic,2026-07-26T13:22:51,Hi Daniel. Can you try to uninstall and reinstall the Messages app itself? Open the Play Store app > search Messages app > Uninstall > Reinstall/Update. Hope this helps.,2026-07-26T19:55:27
Google Messages,com.google.android.apps.messaging,Productivity,36b6f2b5-cf57-4b14-bab1-3f3da96a1e5d,Azmi Yahya,4,,great app,0,messages.android_20260605_00_RC00.phone_samsung_dynamic,2026-07-26T13:21:35,,
Google Messages,com.google.android.apps.messaging,Productivity,94ab72c9-5393-48be-85ff-19ed321fa683,Satya Rabna,5,,good👍💯😊,0,messages.android_20260615_04_RC00.phone_dynamic,2026-07-26T13:19:19,,
Google Messages,com.google.android.apps.messaging,Productivity,0f0d20f3-2a88-4717-a7aa-6fd0ad98ac29,Kiruthika,5,,Nice Collection,0,messages.android_20260702_05_RC05.phone_dynamic,2026-07-26T13:16:49,,
Google Messages,com.google.android.apps.messaging,Productivity,dbe6fca6-764d-41b0-9d37-28c78629dcf5,DHIREN BEHERA,4,,very nice,0,messages.android_20260702_05_RC05.phone_dynamic,2026-07-26T13:15:16,,
Google Messages,com.google.android.apps.messaging,Productivity,f598199e-916d-47a7-ae8e-41544e2d9eab,Kasey Walcott,1,,Please give us back Verizon Messenger!! It was much easier to use and had so many features that this app lacks. We should have never been forced to change!!,1,messages.android_20260702_05_RC05.phone_samsung_dynamic,2026-07-26T13:09:39,,
Google Messages,com.google.android.apps.messaging,Productivity,974d61ab-2962-405d-95dd-b32947672a99,Samiulla Khan,5,,nice,0,messages.android_20260702_05_RC05.phone_dynamic,2026-07-26T13:09:11,,
Google Messages,com.google.android.apps.messaging,Productivity,d32afe18-1383-4743-9aa6-8ee75350d839,Beth G,1,,the update killed my phones ability to receive text messages.,1,messages.android_20260702_05_RC05.phone_samsung_dynamic,2026-07-26T13:05:42,"Hi Beth. We're sorry to hear that. Please see this link: https://goo.gle/2QKhL7g. If you are still experiencing issues, please submit feedback within the Messages app by tapping the three dot menu in the top right corner - Help & Feedback - Send Feedback. Thank you.",2026-07-27T10:00:13
Google Messages,com.google.android.apps.messaging,Productivity,bdf46dbf-7439-4b3c-abcf-c4d5e0128f87,Selva Prakash,5,,super 👍,0,messages.android_20260615_04_RC00.phone_dynamic,2026-07-26T13:04:39,,
Google Messages,com.google.android.apps.messaging,Productivity,6ed85473-91a9-4dc1-a5c8-6960b19f2210,Romeo Loren,5,,very useful app especially for information,0,messages.android_20260615_04_RC00.phone_dynamic,2026-07-26T13:01:14,,
Google Messages,com.google.android.apps.messaging,Productivity,9aa0cb09-3edf-4a32-a530-d2bb43d8a052,Sharon Hutcheson,5,,Working out better than I thought and expected it too,0,messages.android_20260702_05_RC05.phone_dynamic,2026-07-26T12:59:43,,
Google Messages,com.google.android.apps.messaging,Productivity,35ee9620-87ac-42fd-a404-10fa0d09b59f,Surekha Rekha,5,,good,0,messages.android_20260702_05_RC05.phone_samsung_dynamic,2026-07-26T12:56:43,,
Google Messages,com.google.android.apps.messaging,Productivity,8922ac61-b836-47ad-884f-09d24cc9b7a1,Shila Devi,4,,best,0,messages.android_20260615_04_RC01.phone_dynamic,2026-07-26T12:55:56,,
Google Messages,com.google.android.apps.messaging,Productivity,ec2ded7b-0af2-44ea-912b-6cff21982bd9,Raja Bhanj,5,,good,0,messages.android_20260615_04_RC00.phone_dynamic,2026-07-26T12:55:10,,
Google Messages,com.google.android.apps.messaging,Productivity,73d46467-5720-4381-b5ee-d77889f621e5,Slim Shady,5,,didn't work,0,messages.android_20251121_00_RC02.phone_dynamic,2026-07-26T12:53:05,,
Google Messages,com.google.android.apps.messaging,Productivity,1c52bf7f-e63a-47ff-8949-a844bc37ff80,Raunak Singh,5,,good,0,messages.android_20260702_05_RC06.phone_dynamic,2026-07-26T12:52:16,,
Google Messages,com.google.android.apps.messaging,Productivity,485794b4-e82f-4ae0-9199-a10a3f4e7424,Sam Lares,5,,yeeeaaaaa,0,messages.android_20260707_00_RC04.phone_samsung_dynamic,2026-07-26T12:49:29,,
Google Messages,com.google.android.apps.messaging,Productivity,ba610e41-acd1-4a18-93d4-5309058f60d1,Onyeozire Kosarachi victoria,3,,very good,0,messages.android_20250907_01_RC00.phone_dynamic,2026-07-26T12:48:28,,
Google Messages,com.google.android.apps.messaging,Productivity,32a1539b-afe4-45b6-a4b7-5a90afa261c7,Zainshk Sheikh,5,,so nice,0,messages.android_20260622_01_RC00.phone_dynamic,2026-07-26T12:43:21,,
Google Messages,com.google.android.apps.messaging,Productivity,3032d01e-1e5d-4d75-8e39-869335ca908b,Zelalem Semu,4,,good,0,messages.android_20260702_05_RC05.phone_samsung_dynamic,2026-07-26T12:41:20,,
Google Messages,com.google.android.apps.messaging,Productivity,a8871c3b-bc9a-46e7-a142-a8e7e2642832,Pandit Badri Prasad Mishra,5,,very good options text sms,0,messages.android_20250615_01_RC03.phone_dynamic,2026-07-26T12:38:48,,
Google Messages,com.google.android.apps.messaging,Productivity,23b1493e-a505-45ce-8987-068471030d48,Umesh Pandit,5,,👍 nice,0,messages.android_20240409_01_RC02.phone_dynamic,2026-07-26T12:31:46,,
Google Messages,com.google.android.apps.messaging,Productivity,e9a3d607-a112-493b-b631-993093fe89ec,Sara Devine,1,,useless since all of a sudden its not letting me send messages to friend whats the point of a messaging app if I have to constantly change how its sent with each text is so dumb. uninstalled and using another no point if it wont do its job,0,messages.android_20260702_05_RC05.phone_samsung_dynamic,2026-07-26T12:28:55,,
Google Messages,com.google.android.apps.messaging,Productivity,bd18532d-eced-4440-becc-685ffe39ff99,Kc Chande,5,,I like it,0,messages.android_20260707_00_RC04.phone_dynamic,2026-07-26T12:28:53,,
Google Messages,com.google.android.apps.messaging,Productivity,d936b94d-ce1e-49f0-bfd0-3c84c3ff0e6c,Mayur Prajapati,4,,ok,0,messages.android_20260702_05_RC05.phone_dynamic,2026-07-26T12:27:32,,
Google Messages,com.google.android.apps.messaging,Productivity,a214bb23-c4ab-4582-83f7-1b488cd50497,Maheen Kulappadam,5,,good,0,messages.android_20260702_05_RC05.phone_samsung_dynamic,2026-07-26T12:22:13,,
Google Messages,com.google.android.apps.messaging,Productivity,2753767c-841d-472b-8872-d34d101201bb,Sadhana Kushwaha,1,,the recent messages are not showing,0,messages.android_20260702_05_RC05.phone_dynamic,2026-07-26T12:20:25,Hi Sadhana. Can you try to uninstall and reinstall the Messages app itself? Open the Play Store app > search Messages app > Uninstall > Reinstall/Update. Hope this helps.,2026-07-27T07:46:45
Google Messages,com.google.android.apps.messaging,Productivity,118c9832-1ac0-4456-bb81-2083d0b60b09,Pean Chomnan,5,,good luck 🍀,0,messages.android_20260702_05_RC05.phone_dynamic,2026-07-26T12:17:24,,
Google Messages,com.google.android.apps.messaging,Productivity,d26d7f27-11aa-4c1d-b141-49f1367e15f5,Divya Jyothi,3,,bad,0,messages.android_20260702_05_RC05.phone_dynamic,2026-07-26T12:06:26,,
Google Messages,com.google.android.apps.messaging,Productivity,b3204298-e093-4122-ad67-d2d2b74fc639,Junaid Alam,5,,👍,0,messages.android_20260622_01_RC00.phone_samsung_dynamic,2026-07-26T12:03:12,,
Google Messages,com.google.android.apps.messaging,Productivity,ca9223c7-69c5-4d5b-937b-8f9365762ba2,RAMAN KUMAR,3,,good,0,messages.android_20260523_00_RC00.phone_dynamic,2026-07-26T11:55:28,,
Google Messages,com.google.android.apps.messaging,Productivity,e8aad0af-f768-46f8-9cf5-9b29cb8f1c4a,Rachael Glass,1,,if I wasn't forced to use this app I wouldn't be. it's way too slow.,0,messages.android_20260702_05_RC05.phone_dynamic,2026-07-26T11:53:46,Hi Rachael. Can you try to uninstall and reinstall the Messages app itself? Open the Play Store app > search Messages app > Uninstall > Reinstall/Update. Hope this helps.,2026-07-27T09:59:24
Google Messages,com.google.android.apps.messaging,Productivity,26e09f38-ec1a-42f1-ae68-83fdc2efa2de,Vinay kumar Rai,5,,nice,0,messages.android_20260410_02_RC04.phone_dynamic,2026-07-26T11:49:04,,
Google Messages,com.google.android.apps.messaging,Productivity,b6a00749-f7ec-476b-8b19-39cd2a0b708a,Aleksi Suutarinen,3,,stop asking me to review this,0,messages.android_20260702_05_RC05.phone_dynamic,2026-07-26T11:46:32,,
Google Messages,com.google.android.apps.messaging,Productivity,5a8df295-6872-4ac3-8243-d5ce8795144f,shylendramahanth GV,4,,ok,0,messages.android_20260702_05_RC05.phone_dynamic,2026-07-26T11:43:51,,
Google Messages,com.google.android.apps.messaging,Productivity,1f4617b0-7172-4f74-b2ed-01399cf6a90e,Sebastian Castro,5,,I'm always discovering neat ways to type and amuse myself.,0,messages.android_20260707_00_RC04.phone_samsung_dynamic,2026-07-26T11:38:17,,
Google Messages,com.google.android.apps.messaging,Productivity,6afd4994-8089-41cf-bc3e-f6a81778e2c6,Shahria Ahamed,4,,good,0,messages.android_20260702_05_RC05.phone_dynamic,2026-07-26T11:38:07,,
Google Messages,com.google.android.apps.messaging,Productivity,4ae57dfb-47ca-4015-9cd0-2470b86ab887,star kid,3,,it's good but its not bringing customizing chat settings like putting background photo to a chat room plus no recycling like the normal massage app which brought trash incase you accidentally delete a massage u can be able to retrieve it back,0,messages.android_20251118_00_RC02.phone_dynamic,2026-07-26T11:37:52,Hi there. We're sorry to hear that. The team is working hard to make Messages better over time. Please continue to help improve Messages by sending feedback within the Messages app through clicking the Menu button then the 'Help and Feedback' tab and tap 'Send Feedback'. Thank you.,2026-07-27T09:57:11
Google Messages,com.google.android.apps.messaging,Productivity,ed362dc2-930e-4377-9ab7-66e92c7d662a,rahul goutam,1,,good,0,messages.android_20260702_05_RC05.phone_dynamic,2026-07-26T11:33:54,,
Google Messages,com.google.android.apps.messaging,Productivity,3b4eaed1-dc5c-4be3-92cb-077ce5512dea,Amarjeet Kaur,5,,this is very nice 👍👍👍👍👍👍👍👍👍👍👍👍👍🙂🙂🙂👍🙂👍🙂👍🙂👍👍🙂🙂👍🙂🙂👍,0,messages.android_20260702_05_RC05.phone_dynamic,2026-07-26T11:32:24,,
Google Messages,com.google.android.apps.messaging,Productivity,9e6c426e-ddd3-48af-9bf9-2147704bb132,Kamrul Nur Hasan (Nur),3,,good,0,messages.android_20260702_05_RC05.phone_samsung_dynamic,2026-07-26T11:31:36,,
Google Messages,com.google.android.apps.messaging,Productivity,fa93269e-f5e4-420b-94cf-c56af809312a,Kath,1,,"I send photos but people are not getting them even though it says sent when I go into view details, status sent. I received a message today that was sent a week ago and haven't received one today that was sent hours ago. Also it's driving me up the wall that you can't scroll the message you're responding to where you want it. You click the text box and scroll the message down and loose the keyboard. After reading your comments to others I already tried this suggestion and it didn't work",0,messages.android_20260702_05_RC05.phone_samsung_dynamic,2026-07-26T11:29:38,Hi Kath. Can you try to uninstall and reinstall the Messages app itself? Open the Play Store app > search Messages app > Uninstall > Reinstall/Update. We ask that you submit feedback within the Messages app by clicking the Menu > Help and Feedback > Send Feedback.,2026-07-26T04:36:47
Google Messages,com.google.android.apps.messaging,Productivity,0b08065f-dad9-49e7-803d-8827e972e14d,JAYESH PATEL,4,,great 👍,0,messages.android_20260702_05_RC06.phone.go_dynamic,2026-07-26T11:26:47,,
Google Messages,com.google.android.apps.messaging,Productivity,98f37305-6e69-4e31-b190-70a7d43e8d63,Jatin Chauhan,3,,bahut aacha,0,messages.android_20260702_05_RC05.phone_dynamic,2026-07-26T11:25:37,,
Google Messages,com.google.android.apps.messaging,Productivity,e41b207a-84c0-4de6-8e3b-dfdaaaf8a5dc,Andrew Step,1,,"The experience within the app is not good, sorry. Coming from Samsung messages, where I don't have to sign in, and my messages are nicely organized within their respective categories, I find google messages fundamentally disrupting to my user experience. It boasts features that do not enhance the experience while excluding the very features I previously relied upon. You didn't force my hand, though, my messaging functions fine on Samsung Messages for everybody I text, Thankfully🙌🙏",3,messages.android_20260707_00_RC04.phone_samsung_dynamic,2026-07-26T11:25:33,,
Google Messages,com.google.android.apps.messaging,Productivity,3de0fd10-7e0a-4733-b574-bd85f50e7ce7,Khurram,5,,Nice app,0,messages.android_20220221_01_RC02.phone_dynamic,2026-07-26T11:23:27,,
Google Messages,com.google.android.apps.messaging,Productivity,c6779938-2561-401d-86c2-7abccf9c77e0,Nitesh Kumar,1,,good,0,messages.android_20260702_05_RC05.phone_dynamic,2026-07-26T11:21:07,,
Google Messages,com.google.android.apps.messaging,Productivity,5ad91309-d85c-4ba7-a9c1-ec054d7d6898,Manuel Cristobal,2,,"As of right now, it keeps saying something about it, unable to connect to RCS, I've tried basically everything to fix it, and it still won't connect",0,messages.android_20260702_05_RC05.phone_dynamic,2026-07-26T11:18:18,"Hi Manuel. Please see our troubleshooting article which has helpful tips to solve most common issues: http://goo.gle/2OryNHm. If you are still experiencing issues, please submit feedback within the Messages app by tapping the three dot menu in the top right corner - Help & Feedback - Send Feedback. Thank you!",2026-07-27T09:52:21
Google Messages,com.google.android.apps.messaging,Productivity,edea4566-d70a-4538-a77f-bb0c15e22314,BAJRANG KUMAWAT,1,,is app se mujhe yah pata nahin chal Pa raha hai ki kaun sa message sim 1 se a raha hai aur kaun sa message sim 2 se a raha hai,0,messages.android_20260605_00_RC00.phone_dynamic,2026-07-26T11:16:54,,
Google Messages,com.google.android.apps.messaging,Productivity,ce4e135b-0ce4-487f-af3a-961d68c4c2ae,Fatima Santillan,2,,Experiencing a quiet moment as I don't get to receive any chat messages at all after changing carrier. It just says connecting but it has been more than 12 hrs now.,0,messages.android_20260702_05_RC05.phone_samsung_dynamic,2026-07-26T11:16:03,"Hi Fatima. We're sorry to hear that. Please see this link: https://goo.gle/2QKhL7g. If you are still experiencing issues, please submit feedback within the Messages app by tapping the three dot menu in the top right corner - Help & Feedback - Send Feedback. Thank you.",2026-07-27T09:51:21
Google Messages,com.google.android.apps.messaging,Productivity,f6891d5a-fd35-40bc-a7a9-3332dba42cd2,Donna C,2,,Had Samsung app. Loved it as it was very user-friendly. Forced to switch to the Google app. HATE the Google app. Not user friendly and does not have near the options that Samsung did. I am now using Textra. Much better than Google.,1,messages.android_20260702_05_RC05.phone_samsung_dynamic,2026-07-26T11:15:19,,
Google Messages,com.google.android.apps.messaging,Productivity,88cbb597-5cc0-4b1a-8bd4-67a63efbe7d8,Ko Myo,5,,komyo,0,messages.android_20260702_05_RC05.phone_dynamic,2026-07-26T11:11:11,,
Google Messages,com.google.android.apps.messaging,Productivity,7ad43f1b-7f73-41bf-9302-70caed8b2468,Meena Bochar,5,,nice,0,messages.android_20260702_05_RC05.phone_dynamic,2026-07-26T11:05:42,,
Google Messages,com.google.android.apps.messaging,Productivity,7af0d678-32c7-4eb8-b580-30d21e98d3ad,Habtie,4,,🙏,0,messages.android_20260702_05_RC05.phone_dynamic,2026-07-26T11:05:23,,
Google Messages,com.google.android.apps.messaging,Productivity,bacef177-10de-43fb-a6e0-a76efc6aa2ce,Dennis W. Wheeler,2,,always trying to link a laptop,0,messages.android_20260707_00_RC01.phone_samsung_dynamic,2026-07-26T11:04:52,,
Google Messages,com.google.android.apps.messaging,Productivity,d01a95b7-7047-4103-8102-bc72b8ab3b4d,Mohamed Umar,5,,good performance,0,messages.android_20260622_01_RC00.phone_samsung_dynamic,2026-07-26T11:01:41,,
Google Messages,com.google.android.apps.messaging,Productivity,284fb560-dcd6-4997-b7da-1a545da20a8e,Neelu Mishra,5,,nice,0,messages.android_20260622_01_RC00.phone_dynamic,2026-07-26T10:59:57,,
Google Messages,com.google.android.apps.messaging,Productivity,bf85e88f-761b-4181-a73f-56865cefece7,Mikhail Smith,4,,I like it...just patiently for the background customization,0,messages.android_20260707_00_RC05.phone_samsung_dynamic,2026-07-26T10:58:01,,
Google Messages,com.google.android.apps.messaging,Productivity,cecdb4f1-0b4e-4d81-8651-dc697e0999c7,Denise Oreskovich,1,,"The app has blocked all my notifications from coming through so, the only way I know if some has sent me a text is if I have the app open. I have tried every troubleshooting suggestion that there is and nothing has worked for it. It is very inconvenient. In response to the suggestions given from Google to my review, tried the troubleshooting and nothing worked. I have also sent two feedbacks and have not heard back from anyone. Therefore, my one star rating will remain.",1,messages.android_20260707_00_RC04.phone_samsung_dynamic,2026-07-26T10:57:40,Hi Denise. It looks like you're having trouble with notifications. Check out this Help Center article for assistance: https://goo.gle/2QMbaZU. You can also submit feedback within the Messages app by clicking the Menu > Help and Feedback > Send Feedback. Thank you.,2026-07-22T19:44:10
Google Messages,com.google.android.apps.messaging,Productivity,c0de1563-ba88-45f3-b401-03925f3648c8,Dhruv Hersh Srivastava,1,,"Pathetic App (Now Mandatory on Samsung) Kudos to Google for enforcing a sub-standard app on all Samsung phones. I mean, I use WhatsApp for messaging anyway, but even receiving texts and alerts is such a headache inducing activity with Google messages.",0,messages.android_20260714_00_RC00.wear_dynamic,2026-07-26T10:55:16,,
Google Messages,com.google.android.apps.messaging,Productivity,921fadd8-ba55-498d-86c1-e15685aea4a6,alok dixit,1,,worst Service unable to access Internet,0,messages.android_20260702_05_RC05.phone_dynamic,2026-07-26T10:54:37,Hi Alok. Can you try to uninstall and reinstall the Messages app itself? Open the Play Store app > search Messages app > Uninstall > Reinstall/Update. Hope this helps.,2026-07-27T09:02:32
Google Messages,com.google.android.apps.messaging,Productivity,23fe7cd2-ce5b-4da4-b839-fba6724468b3,Tummala Venkateswarlu,5,,good,0,messages.android_20250803_01_RC01.phone_samsung_dynamic,2026-07-26T10:52:42,,
Google Messages,com.google.android.apps.messaging,Productivity,a83da81c-d639-4602-8f0c-0bf59c4e0e8a,Ri Sa,2,,লাল লেখা বলে লুকল ললৎ লাগে ্ক,0,messages.android_20260702_05_RC05.phone.go_dynamic,2026-07-26T10:51:41,,
Google Messages,com.google.android.apps.messaging,Productivity,911eeb00-89ed-4211-9214-fdcc3183263a,Mari,1,,RCS chats don't work I have done all of the troubleshooting. I have been through everything with Verizon techs and rcs chats does not work and it is actually messing up my messaging app. I cannot responds in group messages. it's becoming a problem when sending a text message. something is wrong with Google message,0,messages.android_20260707_00_RC05.phone_dynamic,2026-07-26T10:50:57,"Hi Mari. Please see our troubleshooting article which has helpful tips to solve most common issues: http://goo.gle/2OryNHm. If you are still experiencing issues, please submit feedback within the Messages app by tapping the three dot menu in the top right corner - Help & Feedback - Send Feedback. Thank you!",2026-07-17T11:20:43
Google Messages,com.google.android.apps.messaging,Productivity,76af8c0c-6682-4be3-8cb7-f38700d662ed,Varit Tv s,5,,Excellent,0,messages.android_20260622_01_RC00.phone_dynamic,2026-07-26T10:46:20,,
Google Messages,com.google.android.apps.messaging,Productivity,0aebfba3-5108-4d77-b599-4c640377fc77,Chandra Shekhar,4,,average,0,messages.android_20260702_05_RC05.phone_dynamic,2026-07-26T10:44:14,,
Google Messages,com.google.android.apps.messaging,Productivity,ae151e3d-9c1f-47de-9311-b313b0dc6bef,38,5,,it works 👍,0,messages.android_20260702_05_RC05.phone_samsung_dynamic,2026-07-26T10:43:11,,
Google Messages,com.google.android.apps.messaging,Productivity,148b1386-3d91-4c0d-bfc5-8971ea06d9c9,John Tims,4,,perfect way to stay in touch with loved ones and friends.,0,messages.android_20260702_05_RC06.phone_samsung_dynamic,2026-07-26T10:37:33,,
Google Messages,com.google.android.apps.messaging,Productivity,808b6bc8-1657-41e4-beca-b5b41457061b,MD.NAZMOUL KHAN,5,,নাইস,0,messages.android_20260707_00_RC04.phone_dynamic,2026-07-26T10:37:02,,
Google Messages,com.google.android.apps.messaging,Productivity,f538dba9-0a5d-4c60-926d-a9cccf35c1ee,MD: GOLAM AZAM,5,,Good,0,messages.android_20260702_05_RC05.phone_dynamic,2026-07-26T10:36:49,,
Google Messages,com.google.android.apps.messaging,Productivity,03dc8374-f334-4834-9cb2-3c8a94e04197,Ali Hassan,5,,nice,0,messages.android_20260424_00_RC03.phone.go_dynamic,2026-07-26T10:32:24,,
Google Messages,com.google.android.apps.messaging,Productivity,bb968a61-0a72-4f22-baf0-283c43a0c581,Buddha,5,,good,0,messages.android_20260615_04_RC00.phone_dynamic,2026-07-26T10:28:44,,
Google Messages,com.google.android.apps.messaging,Productivity,1fa255f6-5f8f-406d-985f-c1d0e1883900,Shahidul Islam,5,,good,0,messages.android_20260702_05_RC05.phone_dynamic,2026-07-26T10:28:07,,
Google Messages,com.google.android.apps.messaging,Productivity,8da116ad-b1bb-4bb9-904d-07e747583963,Manju D,5,,goid,0,messages.android_20260702_05_RC05.phone_dynamic,2026-07-26T10:26:02,,
Google Messages,com.google.android.apps.messaging,Productivity,bf3156eb-bd1a-41d5-bbcc-b80218d46823,Raja Royal,5,,good,0,messages.android_20260702_05_RC05.phone_dynamic,2026-07-26T10:25:57,,
Google Messages,com.google.android.apps.messaging,Productivity,9ce1d0cc-001d-4e8c-adc8-b487a663f13a,Robert F. Patterson II,5,,Has Google Messages started the scheduling of messages? I had read it online that it was coming soon. 07/25/2026: Where is the microphone and clipboard they've been removed why?,0,messages.android_20260702_05_RC05.phone_dynamic,2026-07-26T10:25:08,,
Google Messages,com.google.android.apps.messaging,Productivity,fa009db3-c7e3-4573-9490-24138f07e409,MR Rahul Rana Ji,5,,good,0,messages.android_20260707_00_RC01.phone_dynamic,2026-07-26T10:24:20,,
Google Messages,com.google.android.apps.messaging,Productivity,d83d608e-3f88-47ec-aa25-e59ba35491f7,Surender Chapal,5,,good 👍👍👍👍,0,messages.android_20260707_00_RC05.phone_dynamic,2026-07-26T10:20:12,,
Google Messages,com.google.android.apps.messaging,Productivity,f17ad3b9-3de9-4c21-b48c-499e8c8d1400,Aman Bhai,5,,nice,0,messages.android_20260702_05_RC05.phone_dynamic,2026-07-26T10:15:16,,
Google Messages,com.google.android.apps.messaging,Productivity,e114d021-28f0-4773-bda9-b3bb70030060,Sunil Kumar,3,,good,0,messages.android_20260410_02_RC04.phone_dynamic,2026-07-26T10:11:14,,
Google Messages,com.google.android.apps.messaging,Productivity,1972ad75-9601-4a89-9fb6-eb1c618542ea,Prashant Sharma,5,,good service,0,messages.android_20260702_05_RC05.phone_dynamic,2026-07-26T10:09:39,,
Google Messages,com.google.android.apps.messaging,Productivity,5e2072a7-732a-4151-ba9b-6f7cb198fba2,Elizabeth Diaz,1,,worst messaging software. I can't even text i have a white screen i miss the old Samsung messaging. The new google messaging that I am.forced to use is more complicated. I like the emojies and able to like messages but i.cant use it and especially in times of need where I need to message someone I have a white blank screen I can't even message from contacts and send a message its horrible. Never in my life having a cell phone have I had a white screen and not been able to send or receive.,0,messages.android_20260702_05_RC05.phone_samsung_dynamic,2026-07-26T10:09:26,"Hi Elizabeth. Can you try to uninstall and reinstall the Messages app itself? Open the Play Store app > search Messages app > Uninstall > Reinstall/Update. Also, learn how to fix issues with sending or receiving Messages https://goo.gle/2QKhL7g. If you are still experiencing issues, please submit feedback within the Messages app. Thank you.",2026-07-27T07:43:20
Google Messages,com.google.android.apps.messaging,Productivity,54f4d285-267c-4b9c-b71d-9022a83f5702,Luqman Khan,5,,good,0,messages.android_20260702_05_RC05.phone_dynamic,2026-07-26T10:08:22,,
Google Messages,com.google.android.apps.messaging,Productivity,491f145c-a7e8-455d-9e52-853ca2da89c5,Hardeep sandhu,5,,excellent,0,messages.android_20260310_00_RC00.phone_dynamic,2026-07-26T10:01:22,,
Google Messages,com.google.android.apps.messaging,Productivity,b56dffec-c517-48e9-b47e-83cf1815152d,ہ٨ـہہ٨ـ SYCO BALUNGARA YTہ٨ـہہ٨ـ,5,,nic,0,messages.android_20260702_05_RC05.phone_dynamic,2026-07-26T09:53:39,,
Google Messages,com.google.android.apps.messaging,Productivity,9bbb3c81-9a31-4ba3-bc6f-9e9c8eee05ce,Erica Salmeron,1,,why not let me put picture on message,0,messages.android_20260702_05_RC05.phone_dynamic,2026-07-26T09:51:19,,
Google Messages,com.google.android.apps.messaging,Productivity,9a930c40-5f49-426c-a3a2-368578a2feb7,Guest User,1,,How do you forward messages? How do you copy? This is garbage. Did they pay Samsung? Garbage,1,messages.android_20260702_05_RC05.phone_samsung_dynamic,2026-07-26T09:48:18,,
Google Messages,com.google.android.apps.messaging,Productivity,2a03f129-7339-4139-a5b9-27c9be4a42c5,"JL Van, Jr",1,,number of message on icon not functioning. wish stay with Samsung Message,0,messages.android_20260702_05_RC05.phone_samsung_dynamic,2026-07-26T09:45:12,,
Google Messages,com.google.android.apps.messaging,Productivity,699afffe-d4df-490a-a1db-03c84f4425f5,Akash Rajak,5,,good,0,messages.android_20260702_05_RC05.phone_samsung_dynamic,2026-07-26T09:44:13,,
Google Messages,com.google.android.apps.messaging,Productivity,c0c3a375-e02d-41e9-974c-ff1ae5eb948f,samsodin gayao,5,,I want to wedraw,0,messages.android_20260702_05_RC05.phone_dynamic,2026-07-26T09:41:56,,
Google Messages,com.google.android.apps.messaging,Productivity,94d60421-05db-4dc6-8241-d1918651de2d,Ayush Bavadiya,5,,good service,0,messages.android_20260622_01_RC00.phone_dynamic,2026-07-26T09:40:52,,
Google Messages,com.google.android.apps.messaging,Productivity,79e03f22-232d-46fe-9803-39bf4129025f,Micheal Delgado,2,,too freaking complicated. Samsung messenger was alot better. can't seem to go to settings on this app.,0,messages.android_20260702_05_RC05.phone_samsung_dynamic,2026-07-26T09:38:38,,
Google Messages,com.google.android.apps.messaging,Productivity,c2c13a30-8ee4-4beb-b7ef-56516202eb8d,Munna Prajapati,5,,thank you,0,messages.android_20260501_00_RC04.phone_dynamic,2026-07-26T09:25:53,,
Google Messages,com.google.android.apps.messaging,Productivity,1baee243-3cdf-43d4-934e-59f96314be1a,emily mun,5,,goog,0,messages.android_20260707_00_RC05.phone_dynamic,2026-07-26T09:24:24,,
Google Messages,com.google.android.apps.messaging,Productivity,cc2c074b-9f68-4402-9080-c4d15092b687,Susheelkumar Kumar,4,,good,0,messages.android_20260702_05_RC05.phone_dynamic,2026-07-26T09:22:47,,
Google Messages,com.google.android.apps.messaging,Productivity,cb480a76-d19a-41fd-9c7e-0b5e7ea6d3ef,Sujith S S,1,,Spams,0,messages.android_20260702_05_RC06.wear_dynamic,2026-07-26T09:21:07,,
Google Messages,com.google.android.apps.messaging,Productivity,1643b11f-090f-4215-9cc8-83375f6e6048,Moovarasan V,5,,good,0,messages.android_20260707_00_RC04.phone_dynamic,2026-07-26T09:15:49,,
Google Messages,com.google.android.apps.messaging,Productivity,b904512c-d06a-48e2-a894-df66a068dd0f,Guri Guri,5,,good,0,messages.android_20260702_05_RC05.phone_dynamic,2026-07-26T09:10:18,,
Google Messages,com.google.android.apps.messaging,Productivity,bddedce1-6039-4c1e-a349-3617e335573f,Bree C,1,,"If you can use another messaging app, do that. This is barely functional. Why have a carrier if sending a text requires wifi or data? I had Samsung messages before the forced switch and all my messages were sorted into tabs so I could keep work, family, friends, and businesses separated and nothing got buried. Now everything is all mixed together in a big list so I cant easily find the chat I'm looking for and it's ugly af. It hides my messages, but at least it has ""reacts"", right? Fully trash.",0,messages.android_20260702_05_RC05.phone_dynamic,2026-07-26T09:04:00,Hi Bree. Can you try to uninstall and reinstall the Messages app itself? Open the Play Store app > search Messages app > Uninstall > Reinstall/Update. You can also submit feedback within the Messages app by clicking the Menu button then the 'Help and Feedback' tab and tap 'Send Feedback' so that we can better track your request. Thank you.,2026-07-27T07:45:46
Google Messages,com.google.android.apps.messaging,Productivity,4930671e-2996-412d-bc5c-70f25cdab148,Harshal Paithankar,1,,best,1,messages.android_20260622_01_RC00.phone_dynamic,2026-07-26T09:03:19,,
Google Messages,com.google.android.apps.messaging,Productivity,16f910e5-dac5-4ee2-b950-c036f72a95cf,Rahul Saini,1,,auto mode function work all the time,0,messages.android_20260410_02_RC00.phone_dynamic,2026-07-26T08:57:31,Hi Rahul. We're sorry to hear that. The team is working hard to make Messages better over time. Please continue to help improve Messages by sending feedback within the Messages app through clicking the Menu button then the 'Help and Feedback' tab and tap 'Send Feedback'. Thank you.,2026-07-27T07:40:10
Google Messages,com.google.android.apps.messaging,Productivity,7599747d-c752-4dc8-b8b5-4842e6bd4ead,Dorthy Cooper-Logan,5,,Great service. I have had it for over 8 years!,0,messages.android_20260714_00_RC00.phone_samsung_dynamic,2026-07-26T08:57:20,,
Google Messages,com.google.android.apps.messaging,Productivity,a32c029f-cc84-4d35-8bb0-3479ccd93e89,Samuel K.,5,,"works pretty good so far guys,, but what I'm trying to figure out is,, how to turn on the typing sounds,, like the tapping sounds when you're typing,, if that's available,?? I'll figure it out I hope? take care!! 😊",0,messages.android_20260702_05_RC05.phone_dynamic,2026-07-26T08:55:50,,
Google Messages,com.google.android.apps.messaging,Productivity,4019b8fe-19d3-463f-a911-47daeb2651a9,Amanda Winburn,1,,it keeps glitching and messages take longer to send and recieve. this new update seems to be worse than all others. I lost messages in this update. I'm not at all happy with this new version.,0,messages.android_20260702_05_RC05.phone_samsung_dynamic,2026-07-26T08:44:30,"Hi Amanda. We're sorry to hear that. Please see this link: https://goo.gle/2QKhL7g. If you are still experiencing issues, please submit feedback within the Messages app by tapping the three dot menu in the top right corner - Help & Feedback - Send Feedback. Thank you.",2026-07-27T05:06:40
Google Messages,com.google.android.apps.messaging,Productivity,242dd9f1-4433-440f-a9e6-db3db721aa07,OSHIM AKRAM,5,,nice 🙂🙂🙂,0,messages.android_20260702_05_RC05.phone_dynamic,2026-07-26T08:39:06,,
Google Messages,com.google.android.apps.messaging,Productivity,9f180ede-2205-480a-81c8-08b45d82572c,Fenil Maisheri,1,,to search msg is very difficult. it will not show. I am taking of transactional msg like booking done and now we want to search with that name -- it will not show,0,messages.android_20260702_05_RC05.phone_dynamic,2026-07-26T08:39:01,Hi Fenil. We're sorry to hear that. The team is working hard to make Messages better over time. Please continue to help improve Messages by sending feedback within the Messages app through clicking the Menu button then the 'Help and Feedback' tab and tap 'Send Feedback'. Thank you.,2026-07-27T07:38:29
Google Messages,com.google.android.apps.messaging,Productivity,063f15ed-3055-4e53-beac-da4c90edf14f,John Dua,5,,am very happy to use this apps,0,messages.android_20260702_05_RC05.phone_samsung_dynamic,2026-07-26T08:34:34,,
Google Messages,com.google.android.apps.messaging,Productivity,2a96587a-74ac-42fb-8d99-27b1629ebb43,Jaya Kumar,1,,Not good no messages received,0,messages.android_20260707_00_RC05.phone_dynamic,2026-07-26T08:28:36,"Hi Jaya. We're sorry to hear that. Please see this link: https://goo.gle/2QKhL7g. If you are still experiencing issues, please submit feedback within the Messages app by tapping the three dot menu in the top right corner - Help & Feedback - Send Feedback. Thank you.",2026-07-27T06:38:05
Google Messages,com.google.android.apps.messaging,Productivity,f88e236e-0d85-4b85-be3b-68d6d32d8e66,Jone Teana,5,,beautiful,0,messages.android_20260508_02_RC03.phone_samsung_dynamic,2026-07-26T08:24:11,,
Google Messages,com.google.android.apps.messaging,Productivity,78a2e955-9d4d-478d-872f-8370311c027f,Lorene Davenport,1,,bad i don't get messages,0,messages.android_20260702_05_RC05.phone_samsung_dynamic,2026-07-26T08:22:02,"Hi Lorene. We're sorry to hear that. Please see this link: https://goo.gle/2QKhL7g. If you are still experiencing issues, please submit feedback within the Messages app by tapping the three dot menu in the top right corner - Help & Feedback - Send Feedback. Thank you.",2026-07-27T07:14:34
Google Messages,com.google.android.apps.messaging,Productivity,4f35ae88-74f0-4755-b56f-fd06ab4f4692,Dyson Treaster,1,,Garbage. Real shame this is the default now.,0,messages.android_20260702_05_RC05.phone_samsung_dynamic,2026-07-26T08:21:59,,
Google Messages,com.google.android.apps.messaging,Productivity,fbcdd70d-e756-498a-9299-03aaca323882,WB KE,1,,"I would never use this app if it wasn't forced onto my phone. Just accessing my own gallery takes 4 steps. It's Google's brilliant over engineering in a nice, cute inconvenient packaging.",0,messages.android_20260702_05_RC05.phone_samsung_dynamic,2026-07-26T08:19:13,,
Google Messages,com.google.android.apps.messaging,Productivity,5c68b303-2500-4ad4-a0a4-4aba2f08505d,Jsmes George,1,,"the app continuously asks me to grant it permission to view my pictures,contacts etc which have already been granted and will not allow me to move forward with mssaging",0,messages.android_20260702_05_RC05.phone_samsung_dynamic,2026-07-26T08:18:31,Hi George. Can you try to uninstall and reinstall the Messages app itself? Open the Play Store app > search Messages app > Uninstall > Reinstall/Update. Hope this helps.,2026-07-27T07:30:14
Google Messages,com.google.android.apps.messaging,Productivity,4b0949f5-4f34-4daf-a253-c1d6d2c9c346,Scott K,1,,"Bring back Samsung messages. Google messages is terrible! The delays, can't copy text, pictures come in sideways, etc. it's horrid.",0,messages.android_20260702_05_RC06.phone_samsung_dynamic,2026-07-26T08:15:25,Hi Scott. We want to track your feedback. Please submit feedback with #copypaste within the Messages app by clicking the Menu button then the 'Help and Feedback' tab and tap 'Send Feedback'. Appreciate it!,2026-07-27T07:18:27
Google Messages,com.google.android.apps.messaging,Productivity,8278c74e-2c99-4881-8487-e53f082eccf0,Shirley Buckner,2,,Not good,0,messages.android_20260707_00_RC04.phone_dynamic,2026-07-26T08:13:50,,
Google Messages,com.google.android.apps.messaging,Productivity,fbc0e186-7da5-4da5-ac10-2e31ab7d9d29,Ranjubala Sahoo,5,,nice,0,messages.android_20260702_05_RC05.phone_dynamic,2026-07-26T08:11:27,,
Google Messages,com.google.android.apps.messaging,Productivity,aed672bd-f77d-4fe7-b01d-e975848422e2,Jaki Kumar,5,,very good and nice app,0,messages.android_20260707_00_RC01.phone_dynamic,2026-07-26T08:09:37,,
Google Messages,com.google.android.apps.messaging,Productivity,58ae4bea-8dd8-45b3-9043-9d79efa5d311,Sudip Gayen,5,,valo app,0,messages.android_20260615_04_RC00.phone_dynamic,2026-07-26T08:09:34,,
Google Messages,com.google.android.apps.messaging,Productivity,7297b762-7ab5-4a2e-9095-ea290be35281,Shaw,2,,unable to send/receive videos. gifs don't work at all. emoji's pixelated,0,,2026-07-26T08:04:40,"Hi there. Messages lets you send and receive photos, videos, audio files, or GIFs as multimedia over MMS. Some steps only work on Android 6.0 and up. Check this link to learn more: https://goo.gle/3O2rmTp. Hope this helps!",2026-07-27T05:13:01
Google Messages,com.google.android.apps.messaging,Productivity,01f5d053-d99c-4a5c-ae98-56ed511031db,Dr.M K Singh,5,,good,0,messages.android_20260702_05_RC05.phone_dynamic,2026-07-26T08:04:20,,
Google Messages,com.google.android.apps.messaging,Productivity,eb0254c0-7387-4188-96e1-5bf1c7bee29b,Jean Marie Marianas,5,,nice,0,messages.android_20260224_00_RC00.phone_dynamic,2026-07-26T08:02:24,,
Google Messages,com.google.android.apps.messaging,Productivity,1e78aee4-4d46-4adc-a0be-4c2e61c3332d,Amanda Miller,1,,doesn't work half the time,0,messages.android_20260702_05_RC05.phone_samsung_dynamic,2026-07-26T08:01:29,Hi Amanda. Can you try to uninstall and reinstall the Messages app itself? Open the Play Store app > search Messages app > Uninstall > Reinstall/Update. Hope this helps.,2026-07-27T05:07:29
Google Messages,com.google.android.apps.messaging,Productivity,41571b9a-f1ee-41b6-b792-e756bc63ed22,b halls,1,,not intuitive. and ever since samsung messenger went down my google messenger app doesn't allow me to open photos.,0,messages.android_20260702_05_RC05.phone_samsung_dynamic,2026-07-26T07:57:49,Hi there. Can you try to uninstall and reinstall the Messages app itself? Open the Play Store app > search Messages app > Uninstall > Reinstall/Update. Hope this helps.,2026-07-27T05:10:30
Google Messages,com.google.android.apps.messaging,Productivity,02e4e4b3-7558-4eab-8c43-9b9a712e0c0b,joshua alexander,1,,"My experience with samsung messenger was a lot better.You could do a lot more. a selection of one word or a whole message, different types of applications for the messenger. the only thing that I found more of was the emojis. And one that I don't use, which is like message. I did try the like message, but I'd rather just say something short or give a thumbs up or a :) Emoji. to me, it's also not very useful user friendly. i've also only been using it for 3 months since samsung mess discontinued",0,messages.android_20260622_01_RC00.phone_samsung_dynamic,2026-07-26T07:54:09,,
Google Messages,com.google.android.apps.messaging,Productivity,a7b5c77e-e1e0-40d4-91d6-2ab12973b080,Olivia Albrecht,1,,"doesn't let me send voice messages, this is cheeks",0,messages.android_20260702_05_RC05.phone_dynamic,2026-07-26T07:48:31,"Hi Olivia. You can send photos, videos, or voice messages in Messages. Learn more in the link here: http://goo.gle/3qMZV3E. Hope this helps.",2026-07-27T05:09:07
Google Messages,com.google.android.apps.messaging,Productivity,1c989cde-6b3a-48b3-a8c2-1b09610154cf,Bethany Urbanek,2,,"I should never have updated! What's with not being able to disable ""Remix""?? I can't just react to a photo now?? Let me turn this stupid thing OFF.",0,messages.android_20260702_05_RC05.phone_dynamic,2026-07-26T07:24:09,Hi Bethany. Thank you for taking the time to provide feedback. We're sorry to hear that. We'll pass this along to the team so they can continue iterating on your feedback to make Messages even better. We ask that you submit feedback within the Messages app by clicking the Menu > Help and Feedback > Send Feedback.,2026-07-27T05:04:42
Google Messages,com.google.android.apps.messaging,Productivity,59eea77b-91ca-44f6-b358-b17d3ea4c589,Dancing Hands,5,,here is the edit. the microphone was clogged that's why it stopped working,0,messages.android_20260702_05_RC05.phone_samsung_dynamic,2026-07-26T07:20:15,"Hi there. On your mobile device, you can talk to write in most places where you can type with a keyboard. Some of these steps work only on Android 7.0 and up. Learn more here: http://goo.gle/353t0PC. Hope this helps.",2026-07-25T23:44:07
Google Messages,com.google.android.apps.messaging,Productivity,362ad7f3-ee9a-4af0-ae75-cdfce5149263,D Adams,1,,Hate it so far. I loved the way samsung messages worked I need a timestamp under every message. I have to go to each message and tap it to see the timestamp. With the samsung messages I didn't have to do that. I would love to be able to pick the settings that fit me better. I don't even have the option to go to the trash and take out a message. If it was erased on accident. I'm not able to send multiple pictures and videos at once. with Samsung messages I was able to place a star on the message,2,messages.android_20260702_05_RC05.phone_samsung_dynamic,2026-07-26T07:15:12,"Hi there. Thanks for letting us know. If you have any questions in the future, feel free to check out our Help Center: https://goo.gle/2msrkML and if you're still not able to find your answer, you may check our forums for help. Follow this link: https://goo.gle/2oL30GG. Hope this helps.",2025-02-23T02:13:09
Google Messages,com.google.android.apps.messaging,Productivity,e18848c6-f373-45f4-bdb2-7cc919747758,L P,1,,I was forced to use this on my Samsung phone. I hate it.,0,messages.android_20260707_00_RC01.phone_samsung_dynamic,2026-07-26T07:13:31,,
Google Messages,com.google.android.apps.messaging,Productivity,b615e9bd-b55b-4a9f-813b-4eabfee4065b,Akingbemi Tunde,5,,recommendation,0,messages.android_20260702_05_RC05.phone.go_dynamic,2026-07-26T07:11:42,,
Google Messages,com.google.android.apps.messaging,Productivity,30ee5a26-0fc0-40b6-b32d-a47db1e7d7c6,Michael Hernandez,1,,it could run smoother,0,messages.android_20260702_05_RC05.phone_samsung_dynamic,2026-07-26T07:08:15,Hi Michael. Thank you for taking the time to provide feedback. We're sorry to hear that. We'll pass this along to the team so they can continue iterating on your feedback to make Messages even better. We ask that you submit feedback within the Messages app by clicking the Menu > Help and Feedback > Send Feedback.,2026-07-27T05:03:26
Google Messages,com.google.android.apps.messaging,Productivity,8c6bffc4-8249-455d-9dba-cca221f555a9,Juan Carlos Rodriguez Sevillano,2,,ok,0,messages.android_20260622_01_RC00.phone_dynamic,2026-07-26T07:07:46,,
Google Messages,com.google.android.apps.messaging,Productivity,589c22f4-3fd2-4eab-8146-bc89f639443d,Alex Exposito,1,,Was a good app until it just forces closes when opening the app.,0,messages.android_20251009_00_RC00.phone_samsung_dynamic,2026-07-26T07:05:53,Hi Alex. Can you try to uninstall and reinstall the Messages app itself? Open the Play Store app > search Messages app > Uninstall > Reinstall/Update. Hope this helps!,2026-07-27T04:43:44
Google Messages,com.google.android.apps.messaging,Productivity,fa961e7f-cc76-40a6-9edc-42b9f3da4032,Jose Centeno,1,,I cannot use it despite my clicking on the switch button.,0,,2026-07-26T07:02:47,Hi Jose. Please check this link: https://goo.gle/3cA7LZh for details on making the Messages app your default messaging app.,2026-07-27T05:03:41
Google Messages,com.google.android.apps.messaging,Productivity,7897b8ae-ae5b-4702-9daa-7638ac349c48,Heather Pringle,1,,"I've hates this app since it was forced on my phone. It keeps stopping and deleting my messages, Shutting down and loosing information. I have Uninstalled and reinstalled the app and it does not help. I have had horrible problems with this app. I miss message+",0,messages.android_20260707_00_RC04.phone_dynamic,2026-07-26T06:58:50,"Hi there. Thank you for taking the time to provide feedback. We're sorry to hear that. We'll pass this along to the team so they can continue iterating on your feedback to make Messages even better. We ask that you submit feedback within the Messages app by clicking the Menu > Help and Feedback > Send Feedback.
",2024-10-04T06:47:31
Google Messages,com.google.android.apps.messaging,Productivity,a74270c5-d365-4184-bbfd-24a4518afd1d,YOGI,1,,"Can't use ""Select All"" option to delete messages and pictures in Google Messages. Also saving pictures in messages is buggy. Compared to Samsung messenger, Google Messages SUCKS 😒🤮",0,messages.android_20260702_05_RC05.phone_samsung_dynamic,2026-07-26T06:58:24,Hi Yogi. Thank you for taking the time to provide feedback. We're sorry to hear that. We'll pass this along to the team so they can continue iterating on your feedback to make Messages even better. We ask that you submit feedback within the Messages app by clicking the Menu > Help and Feedback > Send Feedback.,2026-07-27T04:37:39
Google Messages,com.google.android.apps.messaging,Productivity,288251a6-d092-4f4b-a959-effabeaad4c1,Carlos Brown,1,,"how do i delete or remove the ""google messages pictue"" before accessing my txts. everytime i have to click yes.",0,messages.android_20260428_00_RC02.phone_samsung_dynamic,2026-07-26T06:54:11,"Hi Carlos. Thanks for your review! In order to help you, could you kindly elaborate on your feedback?",2026-07-08T18:51:17
Google Messages,com.google.android.apps.messaging,Productivity,2b80205f-3fd4-4714-9571-dcde9a0e6fd9,Kathi Spears,1,,I have used this app since having a pixel phone. in the last 6 months it has started acting up. it was starting to act up daily and I was dealing with it but now it is happening every few hours. I can see messages but I cannot respond. it states that I need to install the SIM card. so I UNINSTALL the app and it resets but I can't update it or it will break. it only lasts a day at most before it breaks again. since it's a Google app it doesn't completely uninstall.,0,messages.android_20260702_05_RC05.phone_dynamic,2026-07-26T06:52:01,"Hi, Kathi. Can you try to uninstall and reinstall the Messages app itself? Open the Play Store app > search Messages app > Uninstall > Reinstall/Update. Hope this helps.",2026-07-25T16:57:16
Google Messages,com.google.android.apps.messaging,Productivity,74ff5cb9-de50-4324-9af2-643ab8d12c15,AB C,1,,"Utter garbage. Opening app wont mark notifications as read, I have to tap every single message to mark as read. Also terrible UI I don't want the emoji button right next to my typing area.",0,messages.android_20260702_05_RC05.phone_dynamic,2026-07-26T06:50:52,Hi there. Can you try to uninstall and reinstall the Messages app itself? Open the Play Store app > search Messages app > Uninstall > Reinstall/Update. You can also submit feedback within the Messages app by clicking the Menu > Help and Feedback > Send Feedback. Thank you.,2026-07-27T04:35:57
Google Messages,com.google.android.apps.messaging,Productivity,b53ee053-ed3c-49b6-a3a2-680cb3d597e2,Michael Reeder,1,,This app sucks,0,messages.android_20260702_05_RC06.wear_dynamic,2026-07-26T06:48:50,,
Google Messages,com.google.android.apps.messaging,Productivity,4a0fe3c4-3f95-476a-b6e6-7f94797e5686,Clinton Alfred,3,,the best,0,messages.android_20260702_05_RC05.phone.go_dynamic,2026-07-26T06:47:54,,
Google Messages,com.google.android.apps.messaging,Productivity,0f569a2e-8b50-490b-bc3b-575ad553466e,Mike Eiselt,1,,notifications will not work,0,messages.android_20260702_05_RC05.phone_samsung_dynamic,2026-07-26T06:46:01,Hi Mike. It looks like you're having trouble with notifications. Check out this Help Center article for assistance: https://goo.gle/2QMbaZU. Hope this helps!,2026-07-27T03:29:11
Google Messages,com.google.android.apps.messaging,Productivity,445d5171-de5a-4adb-ac4e-c9b0f5b453c9,Selene Manning (sealion),1,,this app does NOT allow me to customize the background of my MESSAGES,0,messages.android_20260702_05_RC05.phone_samsung_dynamic,2026-07-26T06:36:21,Hi there. Thank you for taking the time to provide feedback. We're sorry to hear that. We'll pass this along to the team so they can continue iterating on your feedback to make Messages even better. We ask that you submit feedback within the Messages app by clicking the Menu > Help and Feedback > Send Feedback.,2026-07-27T03:51:13
Google Messages,com.google.android.apps.messaging,Productivity,8852cfac-4d0f-445e-9e05-1df41d739970,Andrew Stormer,4,,"Remember when the point of Android was to be able to have settings to make your device suit you? Where is the AI turn off switch, or allowing me to remove the remix banana from my pictures? Overall the Google Messages works well, I just wish you could customize it more.",0,messages.android_20260702_05_RC05.phone_dynamic,2026-07-26T06:35:35,,
Google Messages,com.google.android.apps.messaging,Productivity,374ab397-5a9b-4aa3-be24-de9906d6c26a,Nikki T,5,,Love it but wish there was a way to change background. customize each person and put our own custom picture for background.,1,messages.android_20260702_05_RC05.phone_samsung_dynamic,2026-07-26T06:17:58,,
Google Messages,com.google.android.apps.messaging,Productivity,7cb22ad7-d9c9-4f14-ae3b-6a1e71254531,Pamela Jackson,4,,Excellent,0,messages.android_20260702_05_RC05.phone_samsung_dynamic,2026-07-26T06:17:15,,
Google Messages,com.google.android.apps.messaging,Productivity,2fc8b39d-a72b-4c0b-9911-4d7fba188bed,Lucas Kaloupek,1,,bad,1,messages.android_20260622_01_RC00.phone_dynamic,2026-07-26T06:15:18,,
Google Messages,com.google.android.apps.messaging,Productivity,f7aa9ce3-563e-44a2-9c16-918ed4ee92eb,Mark Purviance,1,,"zero stars, app fails to send messages, does not allow deletion of threads in a conversation, can not delete a message without opening it, does not allow flagging of spam, fails to download messages. Total failure as a text messaging app. Only trying to use it because I have been forced to. SUCKS !!!",1,messages.android_20260702_05_RC05.phone_dynamic,2026-07-26T06:13:47,,
Google Messages,com.google.android.apps.messaging,Productivity,b8d0a3ba-3c0a-42d6-a4e8-77f74f06c93d,Lindalee Lefebvre,1,,don't force Rcs,1,messages.android_20260702_05_RC05.phone_samsung_dynamic,2026-07-26T06:08:32,,
Google Messages,com.google.android.apps.messaging,Productivity,7427e666-e53e-41dd-ba0f-97a7ac44ea55,Tori Thompson,1,,Messages/Group chats with iPhone users are practically impossible. Their photos/videos won't send at all.,0,messages.android_20260702_05_RC05.phone_samsung_dynamic,2026-07-26T06:02:37,"Hi Tori. We're sorry to hear that. Please see this link: https://goo.gle/2QKhL7g. If you are still experiencing issues, please submit feedback within the Messages app by tapping the three dot menu in the top right corner - Help & Feedback - Send Feedback. Thank you.",2026-07-27T03:26:48
Google Messages,com.google.android.apps.messaging,Productivity,0e841c1e-a57c-444e-8ee5-72dbb95a04a7,Mani Raj,1,,"உங்களது செயலி சரியில்லை, செய்தி பெறப்படுகிறது, செய்தி அனுப்ப முடியவில்லை 5 நாள் சிம் நிறுவனம் போராட்டத்திற்குப் பிறகு..... , செயலி அழிக்கப்பட்டது.... நன்றி கூகுள்",0,messages.android_20250225_00_RC03.phone_dynamic,2026-07-26T05:51:34,,
Google Messages,com.google.android.apps.messaging,Productivity,10db5b53-983b-4abc-87e9-e2fc34630bf9,AH Stokely,3,,"confusing..when I delete 1 text from a family member it deletes all, I want to keep some, how can I manage it?",0,messages.android_20260601_00_RC00.phone_dynamic,2026-07-26T05:46:39,Hi Stokely. Please see instructions on how to delete message: https://goo.gle/31U1IdE.,2026-07-27T03:25:34
Google Messages,com.google.android.apps.messaging,Productivity,305efee0-d2dc-4f86-a50f-43ac85985a9e,Alice Arsenic,1,,"Absolute worst messaging app, and incredibly frustrating that my phone wants it as the default. Won't actually send voice messaging at all. Waste of space on any phone. Use any alternative you can.",1,messages.android_20230620_01_RC01.phone_dynamic,2026-07-26T05:46:23,"Hi Alice. You can send photos, videos, or voice messages in Messages. Learn more in the link here: http://goo.gle/3qMZV3E. Hope this helps.",2026-07-27T03:17:05
Google Messages,com.google.android.apps.messaging,Productivity,26ff6050-ae29-4e16-ae3c-f306a3e6852f,Zepa Locco,5,,nice po,0,messages.android_20260702_05_RC05.phone_dynamic,2026-07-26T05:45:58,,
Google Messages,com.google.android.apps.messaging,Productivity,0fbc7011-7e10-48fe-b0bd-44c53cc82a06,Karen Rice,1,,"Hello Google! My Google Email has been off line for 2weeks, every since I was forced to switch to Google, I never had any trouble before and I don't know how or who to contact to get it back on. Google help!!",0,messages.android_20260714_00_RC00.phone_dynamic,2026-07-26T05:40:32,,
Google Messages,com.google.android.apps.messaging,Productivity,d851800e-2d3d-4a84-b76b-c653e7179431,Mimi Smith,1,,it always start acting up. I don't always get my messages from the group text that I'm in. this all sucks,0,messages.android_20260702_05_RC05.phone_samsung_dynamic,2026-07-26T05:40:24,"Hi Smith. We're sorry to hear that. Please see this link: https://goo.gle/2QKhL7g. If you are still experiencing issues, please submit feedback within the Messages app by tapping the three dot menu in the top right corner - Help & Feedback - Send Feedback. Thank you.",2026-07-27T03:09:28
Google Messages,com.google.android.apps.messaging,Productivity,b82765e2-31aa-4ee8-ab2f-07b5cd4418aa,Marites Orcina,4,,ok,0,messages.android_20260702_05_RC05.phone_dynamic,2026-07-26T05:32:23,,
Google Messages,com.google.android.apps.messaging,Productivity,b89a6e5e-c888-402d-b8e5-e1cb40cf247c,Bobby,2,,needs update,0,messages.android_20260702_05_RC05.phone_samsung_dynamic,2026-07-26T05:30:20,"Hi Bobby. Thanks for your review! In order to help you, could you kindly elaborate on your feedback?",2026-07-27T03:49:35
Google Messages,com.google.android.apps.messaging,Productivity,1a5a8aa0-6e73-42cb-89d1-2de146fddfca,Kat,1,,not needed,1,messages.android_20230912_01_RC01.phone_dynamic,2026-07-26T05:18:56,,
Google Messages,com.google.android.apps.messaging,Productivity,fc3e8532-90fe-4d09-8375-34c36416018f,Duane Hartze,5,,still undecided,0,messages.android_20260702_05_RC05.phone_samsung_dynamic,2026-07-26T05:18:08,,
Google Messages,com.google.android.apps.messaging,Productivity,f1a7f341-7f23-452e-99ff-879a9cffd200,Racquel Stukes,1,,"I can't get my messages from my family, they are coming in as downloads and I can't open them.",0,messages.android_20260702_05_RC06.phone_dynamic,2026-07-26T05:16:23,"Hi Racquel. We're sorry to hear that. Please see this link: https://goo.gle/2QKhL7g. If you are still experiencing issues, please submit feedback within the Messages app by tapping the three dot menu in the top right corner - Help & Feedback - Send Feedback. Thank you.",2026-07-27T03:08:29
Google Messages,com.google.android.apps.messaging,Productivity,ddf9a762-c093-46cd-ba02-7b62fba0bf91,Nicholas Nasimok,5,,"unable to edit texts, very frustrating",0,messages.android_20260622_01_RC00.phone_samsung_dynamic,2026-07-26T05:12:30,,
Google Messages,com.google.android.apps.messaging,Productivity,03b98bd6-dad9-4fa7-be52-bd8d152e46e3,Tina,1,,Stupid app! 😫😫 This app keeps putting the deleted pictures that I had deleted and are putting them back into my phone's gallery. I'm constantly having to clear cache and/or data to get rid of them but that doesn't always work because they keep coming back and I'm tired of it. the only reason I have Google message now is cause I got a new phone and this is what the phone came with and I can no longer use Samsung message App which I had no problems with in the past!,2,messages.android_20260702_05_RC05.phone_samsung_dynamic,2026-07-26T05:11:07,,
Google Messages,com.google.android.apps.messaging,Productivity,9e4153ff-d177-407b-a05c-7861687ca36f,Empress Davennia,1,,makes me go through an extra step to send a message to someone,1,messages.android_20260714_00_RC00.phone_samsung_dynamic,2026-07-26T05:10:42,Hi there. We're sorry to hear that. We'll pass this along to the team so they can continue iterating on your feedback to make Messages even better. We ask that you submit feedback within the Messages app by clicking the Menu > Help and Feedback > Send Feedback. Thanks.,2026-07-14T10:26:30
Google Messages,com.google.android.apps.messaging,Productivity,885d5075-41d7-4ff5-86b1-214e8d33e4f9,Donald Steen,5,,I love this app,0,messages.android_20260702_05_RC05.phone_samsung_dynamic,2026-07-26T05:07:03,,
Google Messages,com.google.android.apps.messaging,Productivity,72a9a895-73ee-4e04-96c9-b9ec91254cf8,Powerboy Ben,1,,enough of this junk! replaced it with other alternative. the google messenges draining battery even in Standby during the night! 100% and drain to 55%!,1,messages.android_20260702_05_RC05.phone_dynamic,2026-07-26T05:05:05,"Hi Ben. The Messages app requires a constant connection to send and receive messages real-time. For more information on battery optimization, kindly check this link: https://goo.gle/4bFXZSD. Hope this helps!",2026-07-27T03:04:30
Google Messages,com.google.android.apps.messaging,Productivity,6404cf43-83a4-41bd-978e-7a2a1779d809,Vivian Forrest,1,,I miss the Samsung messaging app. Google's messaging app is not user friendly.,1,messages.android_20260702_05_RC05.phone_dynamic,2026-07-26T04:54:21,Hi Vivian. We're sorry to hear that. The team is working hard to make Messages better over time. Please continue to help improve Messages by sending feedback within the Messages app through clicking the Menu button then the 'Help and Feedback' tab and tap 'Send Feedback'. Thank you.,2026-07-27T03:02:14
Google Messages,com.google.android.apps.messaging,Productivity,fff5f489-586f-4b1a-a81b-50ce7fd46b8d,Harambee Vaughn,4,,lock it down or get rid of it!,0,messages.android_20260707_00_RC01.phone_samsung_dynamic,2026-07-26T04:53:40,,
Google Messages,com.google.android.apps.messaging,Productivity,df48ef1d-784f-4267-8e53-be89c8353eab,Gracelyn Andimban,1,,awesome,0,messages.android_20260707_00_RC04.phone_samsung_dynamic,2026-07-26T04:52:54,,
Google Messages,com.google.android.apps.messaging,Productivity,05d1ed55-3274-4ce6-b6b1-97f68fb4483c,Joseph W Schuttak,1,,I really dont like Google messages. I hate losing my Samsung messages. if there were negative stars for this app I would give it -5. I dont think it's as secure or dependable as the Samsung was. Why did you make us change?,1,messages.android_20260702_05_RC05.phone_samsung_dynamic,2026-07-26T04:47:10,"Hi, Joseph. We're sorry to hear that. The team is working hard to make Messages better over time. Please continue to help improve Messages by sending feedback within the Messages app through clicking the Menu button then the 'Help and Feedback' tab and tap 'Send Feedback'. Thank you.",2024-12-05T02:09:49
Google Messages,com.google.android.apps.messaging,Productivity,1f54e092-5d8d-450e-8b70-d72f69915654,Kevin Tharp,5,,Excellent,0,messages.android_20260702_05_RC06.phone_dynamic,2026-07-26T04:32:28,,
Google Messages,com.google.android.apps.messaging,Productivity,b4e1c52b-63d2-4114-b5a8-84360124e2f9,Tina G.,1,,I hate this app. Bring back Samsung messages,1,messages.android_20260622_01_RC00.phone_samsung_dynamic,2026-07-26T04:22:30,,
Google Messages,com.google.android.apps.messaging,Productivity,c6ae28aa-33cc-466d-8f6c-0757386f7115,J Martinez,5,,good 👍,0,messages.android_20260702_05_RC05.phone_samsung_dynamic,2026-07-26T04:21:31,,
Google Messages,com.google.android.apps.messaging,Productivity,7dee3015-8840-44b7-a046-da477e0d0097,M C,2,,UPDATE 7.25.26 I do not like the latest update. How do I remove it?? 10.3.24 My point is that I continue to receive numerous scam messages. I know how to block scam messages.,3,messages.android_20260702_05_RC05.phone_samsung_dynamic,2026-07-26T04:20:34,"Hi there. To block spam messages, please touch and hold the conversation you want to report then tap the Block button - Report spam - OK. Check out the link for more information: https://goo.gle/37bSlGh. Hope this helps.
",2024-09-22T06:00:16
Google Messages,com.google.android.apps.messaging,Productivity,592746c4-8fae-4e8a-a981-83cf6a8169e4,Patricia Ann Lee (Broadstpatti),5,,the screen closes and goes back to the last screen all the time...keep getting warnings that the app isn't responding...,0,messages.android_20260702_05_RC05.phone_samsung_dynamic,2026-07-26T04:18:10,,
Google Messages,com.google.android.apps.messaging,Productivity,df03b49f-5881-4654-ac87-34bbbff0490a,david McDougald,1,,"I'm getting 60 spam messages a day, and this app does nothing to block them. yet I am forced to use this app because google forces everyone to use this app if they want to receive RCS chats from iPhone users. there are other message apps that allow all sorts of messaging filtering and even allow custom regex queries to move them to a spam folder. I'm actually furious. fix your app or stop the monopolistic bullying.",1,messages.android_20260702_05_RC05.phone_samsung_dynamic,2026-07-26T04:09:49,,
Google Messages,com.google.android.apps.messaging,Productivity,17be141b-f3d7-44b3-9b33-07d0098d4f24,Juan Ricardo Guzman,5,,bueno,0,messages.android_20260707_00_RC05.phone_samsung_dynamic,2026-07-26T04:08:43,,
Google Messages,com.google.android.apps.messaging,Productivity,9e0be0b0-7681-4e38-8991-a06d50eddd37,Dorn Kraft,1,,"This is by far the worst messaging service I have ever experienced. it constantly doesn't load messages, pixelizes gifs to potato quality, messages won't even send half the time unless you restart the phone. how did something that worked with such minimal problems via the phones internal messaging and now we get this buggy messy trash forced upon us. next phone will be iPhone",1,messages.android_20260702_05_RC05.phone_dynamic,2026-07-26T04:01:21,,
Google Messages,com.google.android.apps.messaging,Productivity,06328403-7269-455d-ac6c-df2720252dab,Anne Davis,2,,"Forced Mediocrity. This could be much better. I used to use Samsung Messages until the RCS forced switch. I do like being able to respond to messages with emojis, but it ends there. Pinned chats are great until their not--not being able to sort forces me to scroll a bunch just to get to one-off messages. I can't color code or rename groups so they all look the same. it just feels like an app that used by millions of people should just be better done. Very frustrated that I have to use this.",1,messages.android_20260702_05_RC05.phone_samsung_dynamic,2026-07-26T03:49:20,,
Google Messages,com.google.android.apps.messaging,Productivity,87cd8c93-0473-475b-b188-589fcd28a232,Brooklyn Fisher,5,,I like it but I can't get my messages and it's very annoying,1,messages.android_20260702_05_RC05.phone_dynamic,2026-07-26T03:42:38,,
Google Messages,com.google.android.apps.messaging,Productivity,8a4aaac8-15cb-4b09-b3a8-f5e8f207359c,Kalena Cornelison,1,,"Not a fan of being forced to use Google messages, because this app is overall garbage, doesn'thave the options Samsung messages offered, and is not as user friendly as Samsung messages. I MUCH prefer Samsung messages!!",1,messages.android_20260702_05_RC05.phone_dynamic,2026-07-26T03:36:23,,
Google Messages,com.google.android.apps.messaging,Productivity,9fd9e7d5-a53a-4216-ac97-d5b9e2f93e85,Laurie SHARKEY,1,,NO ADDS PLEASE! UGH,1,messages.android_20260702_05_RC05.phone_samsung_dynamic,2026-07-26T03:35:42,,
Google Messages,com.google.android.apps.messaging,Productivity,af703462-c118-421f-aeb7-49a1dcee0e72,Garrett,5,,🏛🗽👍,1,messages.android_20260615_04_RC00.phone_samsung_dynamic,2026-07-26T03:22:29,,
Google Messages,com.google.android.apps.messaging,Productivity,46d07351-b6e7-4674-a554-b62e6d0aad05,Jo Bourne,1,,"I have to go through individual filters instead of being able to pre set groups and have messages automatically filtered into those groups. really inconvenient and tune consuming. Samsung defaulted to this app. Samsung messages wasn't perfect, maybe a 7/10, but the total lack of organization in Google Messages is intolerable to me.",1,messages.android_20260714_00_RC00.phone_samsung_dynamic,2026-07-26T03:21:50,Hi there. Thank you for taking the time to provide feedback. We're sorry to hear that. We'll pass this along to the team so they can continue iterating on your feedback to make Messages even better. We ask that you submit feedback within the Messages app by clicking the Menu > Help and Feedback > Send Feedback.,2026-07-27T02:13:45
Google Messages,com.google.android.apps.messaging,Productivity,6aee30e1-65c5-43f0-98d1-6de89d5ad16d,barn noble,1,,worst app ever,1,messages.android_20260707_00_RC05.phone_dynamic,2026-07-26T03:16:22,Hi there. We're sorry to hear that. The team is working hard to make Messages better over time. Please continue to help improve Messages by sending feedback within the Messages app through clicking the Menu button then the 'Help and Feedback' tab and tap 'Send Feedback'. Thank you.,2026-07-27T02:09:43
Google Messages,com.google.android.apps.messaging,Productivity,f9c605e2-9e30-48f2-9841-9081411563d3,Carmen James Verdile,1,,it's controlled without my permission,1,messages.android_20250907_01_RC00.phone_dynamic,2026-07-26T03:16:12,,
Google Messages,com.google.android.apps.messaging,Productivity,e18db0ab-0fcf-43b1-928d-4b77223dc6e1,Jamel Robinson,5,,excellent message 👏 👍 👌 I'm love ♥️ it,1,messages.android_20260702_05_RC05.phone_samsung_dynamic,2026-07-26T03:11:13,,
Google Messages,com.google.android.apps.messaging,Productivity,b74f490f-1e45-42a9-bf84-ac179ab00305,j n.,1,,Can't copy & past... Off my text if I need to 😡 Tried your suggestion but still I do not want to copy and paste everything I want to copy and paste one item one word one number not the whole paragraph of words that I've gotten written down i want to take a portion a word a number and you don't allow that,1,messages.android_20260707_00_RC05.phone_samsung_dynamic,2026-07-26T03:07:14,"Hi there. To copy text on your Google Messages app, touch and hold the text you want to copy. At the top, tap Copy (2 stacks of papers). Thanks.",2026-01-31T04:23:29
Google Messages,com.google.android.apps.messaging,Productivity,663ea7a5-3338-42d3-a6a2-5fe5a59172dc,Stephen Hogan,1,,"Errors when receiving pictures in group chats. Edit to elaborate: Pictures sent in group chat from Iphone users say ""Can't load image"" ""The media file is not available on this device. Try downloading the file and opening it on a desktop."" which I am not able to do.",1,messages.android_20260702_05_RC05.phone_samsung_dynamic,2026-07-26T03:04:59,"Hi Stephen. Thanks for your review! In order to help you, could you kindly elaborate on your feedback?",2026-07-26T01:51:31
Google Messages,com.google.android.apps.messaging,Productivity,e3c296a2-3a00-4af5-9b1f-565220b7b5f1,Robert Harnishfeger,5,,ok,1,messages.android_20260702_05_RC05.phone_dynamic,2026-07-26T03:01:21,,
Google Messages,com.google.android.apps.messaging,Productivity,18ceecde-919b-43ef-9f9c-4cc0691cf908,Donald Mcmurray,5,,Awesomely awesome thank you,0,messages.android_20260702_05_RC05.phone_dynamic,2026-07-26T02:56:39,,
Google Messages,com.google.android.apps.messaging,Productivity,51cfbca2-b5f8-4d82-8a07-3907cba8024e,Melissa Shelton,1,,"messages are delayed, no reminder that I have a text, can't copy text from a message, doesn't show unread messages at top, can't set custom sounds for different people and its ugly.",1,messages.android_20260702_05_RC05.phone_samsung_dynamic,2026-07-26T02:54:06,"Hi Melissa. Sorry to hear that! See: https://goo.gle/2QKhL7g. To copy text, press and hold the message, then tap the two-stacked-papers icon at top. Also try reinstalling: Play Store > Messages > Uninstall > Reinstall. If issues persist, submit feedback in the app via Menu (or profile) > Help & Feedback > Send Feedback. Thanks!",2026-07-27T02:04:34
Google Messages,com.google.android.apps.messaging,Productivity,28c996bd-3024-4543-aa5a-fb5a290298ba,Anthony Schreiner,5,,I love it,1,messages.android_20260702_05_RC05.phone_samsung_dynamic,2026-07-26T02:50:29,,
Google Messages,com.google.android.apps.messaging,Productivity,2849c606-dfdf-4e0b-ab7c-eaf272b82020,Tizzy Pop,2,,"it's crowded, confusing has unnecessary AI and removed something that didn't need fixing",1,messages.android_20260702_05_RC05.phone_samsung_dynamic,2026-07-26T02:47:05,Hi Tizzy. Thank you for taking the time to provide feedback. We're sorry to hear that. We'll pass this along to the team so they can continue iterating on your feedback to make Messages even better. We ask that you submit feedback within the Messages app by clicking the Menu > Help and Feedback > Send Feedback.,2026-07-27T01:56:38
Google Messages,com.google.android.apps.messaging,Productivity,b01128b0-fe07-473e-a26e-973e99779f9c,William Frederick Jr,5,,great app,1,messages.android_20260702_05_RC05.phone_samsung_dynamic,2026-07-26T02:40:09,,
Google Messages,com.google.android.apps.messaging,Productivity,f8ddfe16-1756-4a6d-bde3-2fae02233571,Jesscia Campbell,1,,I'm not getting notifications and I also don't always get messages from iPhones.,1,messages.android_20260702_05_RC05.phone_dynamic,2026-07-26T02:31:27,Hi Jesscia. It looks like you're having trouble with notifications. Check out this Help Center article for assistance: https://goo.gle/2QMbaZU. Please see this link: https://goo.gle/2QKhL7g. Hope this helps!,2026-07-27T01:27:44
Google Messages,com.google.android.apps.messaging,Productivity,6421ea7d-eca5-469c-a6c4-b1163a010e39,Atyia Taylor,1,,it keeps stopping me fix,1,messages.android_20260702_05_RC05.phone_dynamic,2026-07-26T02:26:46,"Hi Atyia. Thanks for your review! In order to help you, could you kindly elaborate on your feedback?",2026-07-27T01:22:11
Google Messages,com.google.android.apps.messaging,Productivity,d3b6a654-3a58-4b46-b5db-b69cba6de3b6,Brooke Hatton,1,,a lot of the time my messages dont send or I dont receive messages. really wish I could have my old messaging app back.. would give zero stars if I could.,1,messages.android_20260702_05_RC05.phone_samsung_dynamic,2026-07-26T02:26:33,"Hi Brooke. We're sorry to hear that. Please see this link: https://goo.gle/2QKhL7g. If you are still experiencing issues, please submit feedback within the Messages app by tapping the three dot menu in the top right corner - Help & Feedback - Send Feedback. Thank you.",2026-07-27T01:19:50
Google Messages,com.google.android.apps.messaging,Productivity,afd2f11e-3825-4bef-8e9d-84573ca7bb40,carol meyer,2,,"I had no choice but to switch messages to Google. Now, I can't open the string of messages I've sent myself as reminders. Not happy",1,messages.android_20260702_05_RC05.phone_samsung_dynamic,2026-07-26T02:26:20,Hi Carol. Can you try to uninstall and reinstall the Messages app itself? Open the Play Store app > search Messages app > Uninstall > Reinstall/Update. Hope this helps!,2026-07-27T01:17:38
Google Messages,com.google.android.apps.messaging,Productivity,9f4c4187-bc8a-47f8-a2a0-54bad5454529,Ms Jannatul maowa,4,,good,1,messages.android_20260702_05_RC05.phone_samsung_dynamic,2026-07-26T02:22:27,,
Google Messages,com.google.android.apps.messaging,Productivity,3982cdad-c7bf-4e55-bf6e-13ff975694b6,Rhonda Benefield,1,,lost messages don't like it at all I sent a important message and they didn't get it like this won't send either,1,messages.android_20260702_05_RC05.phone_dynamic,2026-07-26T02:21:56,"Hi Rhonda. We're sorry to hear that. Please see this link: https://goo.gle/2QKhL7g. If you are still experiencing issues, please submit feedback within the Messages app by tapping the three dot menu in the top right corner - Help & Feedback - Send Feedback. Thank you.",2026-07-27T01:13:59
Google Messages,com.google.android.apps.messaging,Productivity,885f8065-21be-4277-aa77-5aef59e9ebd2,Chantel Johnson,1,,"I don't like certain features. For Example, you can't change the font or personalize chats.",1,messages.android_20260702_05_RC05.phone_samsung_dynamic,2026-07-26T02:20:59,Hi Chantel. Learn more on how to adjust your font size and display size to make your screen easier to see here: goo.gle/3eRIf2c. You can also submit feedback within the Messages app by clicking the Menu > Help and Feedback > Send Feedback. Thank you.,2026-07-27T00:59:29
Google Messages,com.google.android.apps.messaging,Productivity,81f24747-f4c6-4898-a975-4d27e288dc6d,Teresa Brewer,5,,messages is just the right amount of goodness,0,messages.android_20260707_00_RC05.phone_samsung_dynamic,2026-07-26T02:20:21,,
Google Messages,com.google.android.apps.messaging,Productivity,b65371ba-2d93-4336-a4b5-cf98cfb38503,walkinrag,2,,"It's not as good as Samsung messages. Not enough flexibility or options to tweak the chat settings. There is suppose to be a theme update, haven't seen it yet. Can't change bubble opacity, bubble text contrast, add wallpaper to chat rooms, and the emojis reactions aren't polished like iMessage. Not even close to Samsung messages or even WhatsApp message or Facebook messenger",1,messages.android_20260707_00_RC05.phone_dynamic,2026-07-26T02:19:40,Hi there. Thank you for taking the time to provide feedback. We're sorry to hear that. We'll pass this along to the team so they can continue iterating on your feedback to make Messages even better. We ask that you submit feedback within the Messages app by clicking the Menu > Help and Feedback > Send Feedback.,2026-07-27T01:05:58
Google Messages,com.google.android.apps.messaging,Productivity,b14caef6-cc1e-4b21-a1f3-64cd68f81bf3,Sandra Patterson,1,,"Set again, do you race it? Just say it again. I'm, I don't like Google messages. They're very difficult for people with low vision and I happen to be one of those people. You need to think a little bit about who's going to be using all of this stuff. You've made it way more complicated. I have to go through more mechanitions just to send a text. And that's really kind of silly, in my opinion, these apps are supposed to make life easier HAH",1,messages.android_20260702_05_RC05.phone_samsung_dynamic,2026-07-26T02:18:27,Hi Sandra. Thank you for taking the time to provide feedback. We're sorry to hear that. We'll pass this along to the team so they can continue iterating on your feedback to make Messages even better. We ask that you submit feedback within the Messages app by clicking the Menu > Help and Feedback > Send Feedback.,2026-07-27T00:52:56
Google Messages,com.google.android.apps.messaging,Productivity,2c348465-a0b7-41c4-9710-5bf7816f2954,Abram Max,1,,complete garbage,1,messages.android_20260714_00_RC00.wear_dynamic,2026-07-26T02:18:01,,
Google Messages,com.google.android.apps.messaging,Productivity,227c20b8-6d4a-4f6f-993d-ae063df7316e,Joseph Bengston,5,,awesome 👌,1,messages.android_20260702_05_RC05.phone_samsung_dynamic,2026-07-26T02:12:09,,
Google Messages,com.google.android.apps.messaging,Productivity,1e1c7d49-b20a-4743-95cf-bf61e5d66d37,Alesia Hays,3,,"I asked Google a question,asked it to be sent to my text messages,now when I try to open my messages it quickly appears then disappears quickly and the brief view I do get, ALL messages are gone now!!!",1,messages.android_20260702_05_RC05.phone_samsung_dynamic,2026-07-26T02:03:31,"Hi, Alesia. Thank you for taking the time to provide feedback. We're sorry to hear that. We'll pass this along to the team so they can continue iterating on your feedback to make Messages even better. We ask that you submit feedback within the Messages app by clicking the Menu > Help and Feedback > Send Feedback.",2022-05-01T04:59:24
Google Messages,com.google.android.apps.messaging,Productivity,44846018-8cd5-48a8-9ead-bd4b41749a6c,cU React,1,,junk,1,messages.android_20260702_05_RC05.phone_samsung_dynamic,2026-07-26T02:02:54,,
Google Messages,com.google.android.apps.messaging,Productivity,670b3eb9-fa06-4b34-8149-76c7e55e39b4,James Shogo,5,,please i want to send you message to someone 🙏,1,messages.android_20260615_04_RC00.phone_dynamic,2026-07-26T01:52:55,,
Google Messages,com.google.android.apps.messaging,Productivity,41bc0615-6d2c-46ff-8b36-cad54793f638,Mathieu,1,,won't send message and keeps closing,1,messages.android_20260707_00_RC05.phone_samsung_dynamic,2026-07-26T01:52:17,"Hi Mathieu. Please try reinstalling the app: Play Store > search Messages > Uninstall > Reinstall/Update. For troubleshooting steps, visit: https://goo.gle/2QKhL7g. If you still experience issues, please submit feedback in the Messages app by tapping the 3-dot menu or profile icon > Help & Feedback > Send Feedback. Thank you!",2026-07-27T00:41:22
Google Messages,com.google.android.apps.messaging,Productivity,b7720e02-2d2f-4dca-b581-d9ee54ce3c57,Emily Bourque,1,,"I hate everything about it, except that I can see when people have read it",1,messages.android_20260702_05_RC05.phone_samsung_dynamic,2026-07-26T01:51:05,Hi Emily. We're sorry to hear that. The team is working hard to make Messages better over time. Please continue to help improve Messages by sending feedback within the Messages app through clicking the Menu button then the 'Help and Feedback' tab and tap 'Send Feedback'. Thank you.,2026-07-27T00:33:59
Google Messages,com.google.android.apps.messaging,Productivity,a6e3c8fd-be9a-4c22-acae-f8bedc0b42db,Alireza w0nder,2,,Used to be decent. now sometimes i don't even receive messages from my contacts. I know it's not a carrier issue since it doesn't happen with another SMS app. I have lots of spam numbers blocked so that might have to do something with that.,1,messages.android_20260702_05_RC05.phone_samsung_dynamic,2026-07-26T01:50:35,"Hi Alireza. We're sorry to hear that. Please see this link: https://goo.gle/2QKhL7g. If you are still experiencing issues, please submit feedback within the Messages app by tapping the three dot menu in the top right corner - Help & Feedback - Send Feedback. Thank you.",2026-07-27T00:31:43
Google Messages,com.google.android.apps.messaging,Productivity,171eb96e-c519-47ef-998c-7c70a017972b,Jack L,1,,"fails to send MMS no matter my settings.. edit: I can't click the link you put in your reply, useless, just like this app",2,messages.android_20260702_05_RC05.phone_dynamic,2026-07-26T01:49:38,"Hi Jack. We're sorry to hear that. Please see this link: https://goo.gle/2QKhL7g. If you are still experiencing issues, please submit feedback within the Messages app by tapping the three dot menu in the top right corner - Help & Feedback - Send Feedback. Thank you.",2026-07-18T11:03:05
Google Messages,com.google.android.apps.messaging,Productivity,ca2b5f5d-4779-42ae-b7da-c2c1264397de,A Google user,1,,not user friendly,1,messages.android_20260702_05_RC05.phone_dynamic,2026-07-26T01:49:08,,
Google Messages,com.google.android.apps.messaging,Productivity,547d8b4e-438a-4e33-9284-8f9ada539ff6,William Anderson,1,,liked the old one way better,1,messages.android_20260615_04_RC01.phone_samsung_dynamic,2026-07-26T01:47:58,,
Google Messages,com.google.android.apps.messaging,Productivity,f59a367e-c786-4c40-88ff-a05903b635d7,Shirdlyn Dadzie,5,,Very fast,1,messages.android_20260707_00_RC05.phone_dynamic,2026-07-26T01:24:22,,
Google Messages,com.google.android.apps.messaging,Productivity,7f6bd495-d217-4c0e-9248-509a4d3ea8e6,Reginald Taylor,1,,my messages are not showing up on my phone also the app stops at times. what ever upgrade you did its not working....,1,messages.android_20260702_05_RC05.phone_samsung_dynamic,2026-07-26T01:23:03,Hi Reginald. Can you try to uninstall and reinstall the Messages app itself? Open the Play Store app > search Messages app > Uninstall > Reinstall/Update. Hope this helps!,2026-07-27T00:27:50
Google Messages,com.google.android.apps.messaging,Productivity,45f896fb-7406-4b02-ac0b-0f03b24e72e4,Jasmin Sanchez,2,,ew it replaced my regular messages app 😒,1,messages.android_20260702_05_RC05.phone_dynamic,2026-07-26T01:19:28,,
Google Messages,com.google.android.apps.messaging,Productivity,f41bd9a9-eb78-4c42-98d7-66d212d54c95,Jayden Valenzuela,5,,messing is good And you have all of you contacts,1,messages.android_20260702_05_RC05.phone_dynamic,2026-07-26T01:17:43,,
Google Messages,com.google.android.apps.messaging,Productivity,a21f4931-d198-4072-afce-8bcb94211be0,Faye Taylor,2,,"google messages lacks many features available on samsung messages. group texts are a pain, contacts don't sort properly. Favorites, groups are not readily accessible. gemini ai will not go away even after samsung employee removed it from app top. reappeared next day (no phone being turned off, reset, no changes) Gemini Ai is useless PIA that is not needed or wanted. literally HATE google messages after 2 weeks. left & messages did transfer to new text app without me having to manually transfer",1,messages.android_20260622_01_RC00.phone_dynamic,2026-07-26T01:17:10,,
Google Messages,com.google.android.apps.messaging,Productivity,78509d7f-34e3-4495-9c74-a94032c306ab,HDZMS FAZZA HAMDAN,5,,Good App 👍,1,messages.android_20260702_05_RC05.phone_dynamic,2026-07-26T01:16:45,,
Google Messages,com.google.android.apps.messaging,Productivity,72bdd3dd-7abb-4516-8bc1-6ae861b565ed,Benmarine Marine,1,,why does it take up so much storage. I frequently delet messages and the app still takes up as much storage as all my photos. disappointing because u had to start using this when Samsung messages discontinued.,1,messages.android_20260707_00_RC05.phone_dynamic,2026-07-26T01:08:04,,
Google Messages,com.google.android.apps.messaging,Productivity,6afcc3d1-3bba-4813-a886-a784e33edc96,James Mclemore,1,,not good with Samsung,1,messages.android_20241120_00_RC07.wear_dynamic,2026-07-26T01:04:12,,
Google Messages,com.google.android.apps.messaging,Productivity,c5c842dc-7c68-440f-8e25-ed1bf57f2080,Jaxx Finster,5,,It is a great Communication Tool that is very useful and necessary by all means. it has everything good for what you need and could use.,1,messages.android_20260702_05_RC05.phone.go_dynamic,2026-07-26T01:02:00,,
Google Messages,com.google.android.apps.messaging,Productivity,847c9929-dc60-4859-8b11-03beb751d1eb,Mary Zavo,5,,and absolutely lovely experience 😊,1,messages.android_20260702_05_RC05.phone_samsung_dynamic,2026-07-26T01:01:51,,
Google Messages,com.google.android.apps.messaging,Productivity,7dac0706-6bdd-44e5-9faf-cc69f7a9face,Gurpal Toor,3,,"for dual sim phones. how can I check sms was received on which number. it should have some logo or something to know, message was r3ceived on which number.",1,messages.android_20260702_05_RC05.phone_samsung_dynamic,2026-07-26T00:57:51,"Hi Gurpal. Follow these steps to view which SIM has received a message: Open the message > at the bottom, check which SIM card was used. You can also tap on the last message to view more details. For any suggestion or request, please submit feedback within the app by clicking the Menu > Help and Feedback > Send Feedback.",2026-07-27T00:13:51
Google Messages,com.google.android.apps.messaging,Productivity,87eb59ed-c6f5-4bb1-9e27-b3a81263fc2b,Renee,5,,awesome,1,messages.android_20250907_01_RC00.phone_dynamic,2026-07-26T00:57:51,,
Google Messages,com.google.android.apps.messaging,Productivity,bb214cc8-679e-4edd-9daa-07ed1d657fd0,Mark S,1,,Google Messages is a dollar-store message app. It can't delete individual messages in a chat or let users customize the notification sound. Samsung Messages was a better app.,1,messages.android_20260702_05_RC05.phone_samsung_dynamic,2026-07-26T00:56:30,Hi Mark. Please see instructions on how to delete message: https://goo.gle/31U1IdE. Thanks.,2026-07-26T23:56:12
Google Messages,com.google.android.apps.messaging,Productivity,cfda54d5-96a4-40bb-bfb7-f65e5de9cef5,Md Nurullah,5,,Good 👍,1,messages.android_20230328_01_RC01.phone_dynamic,2026-07-26T00:50:30,,
Google Messages,com.google.android.apps.messaging,Productivity,b30bf01e-0419-4c48-90ea-1e437aeb7251,Kevin Matthews,1,,customer service F+ commit fraud by placing my account details my phone was stolen.,1,messages.android_20260702_05_RC05.phone_samsung_dynamic,2026-07-26T00:50:29,,
Google Messages,com.google.android.apps.messaging,Productivity,1b886ccc-d920-4db0-9553-68950646d5de,Julie Favro,3,,Can't delete multiple texts at the same time within a text feed unless you delete the entire feed.,1,messages.android_20260707_00_RC01.phone_samsung_dynamic,2026-07-26T00:48:12,"Hi Julie. To delete messages in bulk, you can make use of this link for further assistance: https://goo.gle/31U1IdE. Hope this helps!",2026-07-26T23:14:55
Google Messages,com.google.android.apps.messaging,Productivity,15a1cf71-ef79-40b4-81a2-a5b29ec8aaae,DJ,1,,Forced to swap when Samsung discontinued Samsung Messages. I miss the ability to be able to have tabs sorted based on work contacts and family contacts! I can't believe Google has LESS features.,1,messages.android_20260622_01_RC00.phone_samsung_dynamic,2026-07-26T00:42:26,Hi there. Thank you for taking the time to provide feedback. We're sorry to hear that. We'll pass this along to the team so they can continue iterating on your feedback to make Messages even better. We ask that you submit feedback within the Messages app by clicking the Menu > Help and Feedback > Send Feedback.,2026-07-26T23:14:17
Google Messages,com.google.android.apps.messaging,Productivity,f439ee4f-7b9d-4302-b7e5-c2af72ba39c3,R S,1,,Why do I still see the screen telling me that we switched as of July 6th and go to Google messages? I preferred my Samsung messages for many reasons that are listed from other people here,1,messages.android_20260702_05_RC05.phone_dynamic,2026-07-26T00:41:56,,
Google Messages,com.google.android.apps.messaging,Productivity,6003adb9-9b0c-4caf-9b96-79dddfed02ae,Vyxsin69,2,,the app keeps ignoring the photo I manually set for a contact and uses their google picture (that they set) instead. beyond frustrating. gemini couldnt figure it out either 🙄,5,messages.android_20260702_05_RC05.phone_samsung_dynamic,2026-07-26T00:40:46,Hi there. Thank you for taking the time to provide feedback. We're sorry to hear that. We'll pass this along to the team so they can continue iterating on your feedback to make Messages even better. We ask that you submit feedback within the Messages app by clicking the Menu > Help and Feedback > Send Feedback.,2026-07-26T23:07:52
Google Messages,com.google.android.apps.messaging,Productivity,f2c79430-a34e-45b2-947c-2c792acc854e,Danny Hampton (A-Cyber-Scientists),1,,stop reading ppls messages it's creepy,1,messages.android_20260702_05_RC06.phone_dynamic,2026-07-26T00:34:20,"We appreciate you reaching out about this, Danny. In Google, our users' privacy and security are our top priority. For more information, please refer to this link: https://goo.gle/47RVytD. Hope this helps!",2026-07-26T23:04:08
Google Messages,com.google.android.apps.messaging,Productivity,3e2b26d7-ff0e-4b32-8675-9dc09db4ed2b,Onesmo Bugumba,5,,mbona nikitumiwa sms inakaa nusu saa kufika kwangu,0,messages.android_20260702_05_RC05.phone.go_dynamic,2026-07-26T00:33:48,,
Google Messages,com.google.android.apps.messaging,Productivity,5556dc7c-7c80-4ce8-9807-217ae21a5f89,julius kenneth dauda,5,,very good,1,messages.android_20260622_01_RC00.phone_dynamic,2026-07-26T00:32:02,,
Google Messages,com.google.android.apps.messaging,Productivity,25dc48a8-25c9-4534-9254-4c81366abc45,Pajtim Hasani,1,,Not very intuitive as I hoped. Not easy. I hate this app. I can't send texts without being connected to the Internet. Samsung messages is what I want back. This is hopeless.,1,messages.android_20260702_05_RC05.phone_samsung_dynamic,2026-07-26T00:29:24,,
Google Messages,com.google.android.apps.messaging,Productivity,c05ea0e6-0270-4b2a-8fb8-c30cc79d233b,Pandemonic Harmony,1,,being forced to use this after Samsung messages died is not fun. this is an infinitely less functional and more annoying app.,1,messages.android_20260702_05_RC05.phone_dynamic,2026-07-26T00:29:01,,
Google Messages,com.google.android.apps.messaging,Productivity,477f2c2f-6984-4c7a-8a36-7c7a4921a8e8,rainbowchinamom,3,,"I much prefer Samsung messaging where I can separate messages from favorites people, and that I can sort messages by date, etc. it's a nice little perk to have some compatibility with iPhone messaging, but if I had a choice, I'd go back to Samsung messages in a heartbeat.",1,messages.android_20260702_05_RC05.phone_dynamic,2026-07-26T00:22:16,,
Google Messages,com.google.android.apps.messaging,Productivity,7b7acbdb-cfb2-4278-a41f-faa3e21828dc,Loretta Brown,1,,it won't let me use my Samsung messages and I haven't even downloaded it. wish I could get rid of it on my phone screen,1,,2026-07-26T00:21:29,,
Google Messages,com.google.android.apps.messaging,Productivity,8c86c133-b236-4268-8775-30d5980fc8a9,Steven Crum,5,,great job,0,messages.android_20260702_05_RC05.phone_dynamic,2026-07-26T00:19:45,,
Google Messages,com.google.android.apps.messaging,Productivity,b8df4e58-442c-4bbc-ba06-0ce4ba604564,Jay Johnson,1,,A step backwards from SMS had to swap to Google messages it's terrible,1,messages.android_20260707_00_RC04.phone_samsung_dynamic,2026-07-26T00:19:02,,
Google Messages,com.google.android.apps.messaging,Productivity,5d915aa4-83ea-4c3e-b0c6-7b99a3c6e6d9,Elizabeth Vianela Guerrero,2,,Update on 7-25-26 SO now I'm dealing with you guys freezing on me and I have to restart my phone but this time when it returned I did the update and all my messages after July 18th is gone so what's going on ya suppose to go up in ratings not down please fix this asap as I need all my messages returned 😢 and I will gladly give you the ratings you deserve smh!,1,messages.android_20260702_05_RC06.phone_samsung_dynamic,2026-07-26T00:17:15,"Hi, Elizabeth. Thank you for taking the time to provide feedback. We're sorry to hear that. We'll pass this along to the team so they can continue iterating on your feedback to make Messages even better. We ask that you submit feedback within the Messages app by clicking the Menu > Help and Feedback > Send Feedback.",2024-10-07T03:39:16
Google Messages,com.google.android.apps.messaging,Productivity,69077445-8c65-4a02-8984-fe62088556a4,Mackenzie Asbury,5,,A satisfyingly upbeat experience to communicate with friends and family members who don't have social media.,1,messages.android_20260702_05_RC05.phone_dynamic,2026-07-26T00:17:09,,
Google Messages,com.google.android.apps.messaging,Productivity,81226c70-13fa-433a-814f-af21b1748555,Jesse Martin,1,,Samsung messages was better it's glitchy it doesn't work well I still can't get Samsung messages off my phone yeah stressful wish we didn't switch,1,messages.android_20260702_05_RC05.phone_dynamic,2026-07-26T00:17:08,Hi Jesse. Can you try to uninstall and reinstall the Messages app itself? Open the Play Store app > search Messages app > Uninstall > Reinstall/Update. Hope this helps.,2026-07-26T22:52:20
Google Messages,com.google.android.apps.messaging,Productivity,ae459916-edde-4d0d-92fe-8643428aa123,Dave Newhouse,2,,crashes when you try to search,0,messages.android_20260702_05_RC05.phone_dynamic,2026-07-26T00:16:33,"We're sorry to hear that, Dave. Our team is aware of this and currently investigating the root cause. You can also submit feedback within the Messages app by clicking the Menu button then the 'Help and Feedback' tab and tap 'Send Feedback'. Thank you for your patience.",2026-07-26T19:49:36
Google Messages,com.google.android.apps.messaging,Productivity,06088b45-89ba-435c-a80d-b9039a00d918,James W,5,,great service. upgrade from what messaging was as default. 👍,0,messages.android_20260702_05_RC05.phone_samsung_dynamic,2026-07-26T00:16:14,,
Google Messages,com.google.android.apps.messaging,Productivity,98550a0d-c4d7-4953-82e0-73c1f8fb6729,Db,1,,samsung try to force to use this app. google is using ai to read your messages to sell your dat to databrokers. its better to use opensource sms app: Fossify SMS Messenger,1,messages.android_20260407_00_RC00.phone_samsung_dynamic,2026-07-26T00:15:40,,
Google Messages,com.google.android.apps.messaging,Productivity,dff0547c-6a59-4338-a2f0-47d788ca79ae,Jadon Brzezinski,1,,I can't assign sounds to names and I can't use the old app. why?,1,messages.android_20260702_05_RC05.phone_dynamic,2026-07-26T00:14:50,"Hi Jadon. The steps on how to change your ringtone settings may differ depending on the device model and Android version you are using. For more information, it would be best to contact your device manufacturer. Hope this helps!",2026-07-26T22:06:20
Google Messages,com.google.android.apps.messaging,Productivity,57d5fe33-cee2-43aa-8d93-dbda0ca41c59,Mlalamin,5,,good app,0,messages.android_20260702_05_RC05.phone_dynamic,2026-07-26T00:14:18,,
Google Messages,com.google.android.apps.messaging,Productivity,6a0c9318-1b3d-4073-83f3-3e96f7b92087,Ruth Ighive,5,,good 👍,0,messages.android_20250907_01_RC00.phone_dynamic,2026-07-26T00:10:31,,
Google Messages,com.google.android.apps.messaging,Productivity,bdfdd818-fe1c-40e8-9290-e0dbe5578af5,Choolwe Mbiika,5,,good app,0,messages.android_20260702_05_RC05.phone_dynamic,2026-07-26T00:08:17,,
Google Messages,com.google.android.apps.messaging,Productivity,bd5e2021-f0a8-4432-98c1-7d6bb206b1c1,Imdad Hossain,5,,Good,0,messages.android_20260702_05_RC05.phone_samsung_dynamic,2026-07-26T00:07:18,,
Google Messages,com.google.android.apps.messaging,Productivity,4bb08606-e418-4153-bc9f-b37fae6fad2b,Kurt Stiener,1,,sucks poo,1,messages.android_20260702_05_RC05.phone_samsung_dynamic,2026-07-26T00:06:33,,
Google Messages,com.google.android.apps.messaging,Productivity,6379bf87-b27b-4d87-b5d0-23eafeb1bd9d,BRAMWEL OCHIENG,5,,very good,0,messages.android_20260702_05_RC05.phone_dynamic,2026-07-26T00:06:26,,
Google Messages,com.google.android.apps.messaging,Productivity,9d4e701e-cbec-4a60-81d3-86af356f3030,آلاء محمد عاشور,5,,تحفه,0,messages.android_20260702_05_RC05.phone_dynamic,2026-07-26T00:04:42,,
Google Messages,com.google.android.apps.messaging,Productivity,647a3c26-c4e6-4d7a-9171-a08aa20fdde8,habib Khalili,5,,عهه,0,messages.android_20260622_01_RC00.phone_dynamic,2026-07-26T00:04:13,,
Google Messages,com.google.android.apps.messaging,Productivity,dd17b8cd-68d7-4377-9cb9-7e331b4a752b,Lavi Kumar,5,,nice,0,messages.android_20260702_05_RC05.phone_dynamic,2026-07-26T00:02:00,,
Google Messages,com.google.android.apps.messaging,Productivity,e3d5b758-e962-4e7f-9071-a9d5f157f569,Marcus Bailey,1,,horrible...,1,messages.android_20260707_00_RC04.phone_samsung_dynamic,2026-07-25T23:56:28,,
Google Messages,com.google.android.apps.messaging,Productivity,2bc4b3d7-2a12-40c8-aeb3-a277a24efbf8,Daniel,1,,"Not possible to use without a Google account, even following official Google docs. Stop taking over my phone",1,messages.android_20260702_05_RC05.phone_dynamic,2026-07-25T23:55:51,,
Google Messages,com.google.android.apps.messaging,Productivity,4f8709ff-4743-40c8-bc10-6bc1229a82f1,Rich McMichael,1,,"I like this app, but it's so annoying that spam messages appear in unread messages. I get 20 Political messages a day. I have to delete the spam messages because they are diluted into the messages I need to read.",0,messages.android_20260714_00_RC00.phone_samsung_dynamic,2026-07-25T23:54:30,"Hi Rich. To block spam messages, please touch and hold the conversation you want to report then tap the Block button - Report spam - OK. Check out the link for more information: https://goo.gle/4guygOd. Hope this helps.",2026-07-26T22:00:22
Google Messages,com.google.android.apps.messaging,Productivity,ae223642-b16d-43d5-981c-38785ac9352c,Alfayo Erasto,5,,happy,0,messages.android_20250422_03_RC00.phone_samsung_dynamic,2026-07-25T23:52:15,,
Google Messages,com.google.android.apps.messaging,Productivity,7f9f93f1-4870-4b0e-ae4c-bd196fbfce27,Roman Around,1,,Nothing but Spam messages since the mandatory switch. So Frustrating!,0,messages.android_20260702_05_RC06.phone_dynamic,2026-07-25T23:51:16,"Hi Roman. To block spam messages, please touch and hold the conversation you want to report then tap the Block button - Report spam - OK. Check out the link for more information: https://goo.gle/4guygOd. Hope this helps.",2026-07-26T19:52:45
Google Messages,com.google.android.apps.messaging,Productivity,5daf54cd-f6ed-4bc3-9bef-7e12fc960106,Billy J,1,,crazy spamming,0,messages.android_20260622_01_RC01.phone_dynamic,2026-07-25T23:47:26,,
Google Messages,com.google.android.apps.messaging,Productivity,7abe561c-6f2c-4511-829f-41bf61ec5362,Phoenix Pool and Spa,1,,"Stopped using after Google starter auto changing my customers phone numbers... will not be using ever again, am going to right messages and somehow the number don't change there.",1,messages.android_20260702_05_RC05.phone_samsung_dynamic,2026-07-25T23:41:42,,
Google Messages,com.google.android.apps.messaging,Productivity,62637914-c84a-426a-a7d0-3959def7a532,godfrey Joseph,5,,great app,0,messages.android_20260702_05_RC05.phone_dynamic,2026-07-25T23:38:02,,
Google Messages,com.google.android.apps.messaging,Productivity,d86ac6a5-05ff-4645-846b-ce42cca8b087,Azzie Adams,1,,its ok i aopose...but i use my own phone messager..its easier...,0,messages.android_20260702_05_RC05.phone_samsung_dynamic,2026-07-25T23:33:43,,
Google Messages,com.google.android.apps.messaging,Productivity,d766e5ca-9a04-461c-a4d1-91b0a88812d4,Ghazal Zare,5,,its perfect,0,messages.android_20260622_01_RC00.phone_samsung_dynamic,2026-07-25T23:31:48,,
Google Messages,com.google.android.apps.messaging,Productivity,e35f94cb-2db1-4bdf-96b2-8a02fbd7eec1,Goodbye112 Yamakama,5,,no problems,0,messages.android_20251009_00_RC00.phone_samsung_dynamic,2026-07-25T23:28:16,,
Google Messages,com.google.android.apps.messaging,Productivity,b05511b3-b424-47dd-b090-c31fb68e27e9,Tammy Patrick,1,,dislike Google message. paid for Samsung messages themes and now are useless Google messages are boring !!! No style!! No color!!! Im not the only dissatisfied !!!!!. introducing new phones and the messing app is VERY BLAND!,1,messages.android_20260702_05_RC05.phone_samsung_dynamic,2026-07-25T23:26:32,Hi Tammy. We're sorry to hear that. The team is working hard to make Messages better over time. Please continue to help improve Messages by sending feedback within the Messages app through clicking the Menu button then the 'Help and Feedback' tab and tap 'Send Feedback'. Thank you.,2026-07-26T19:49:43
Google Messages,com.google.android.apps.messaging,Productivity,a70c4e91-29c2-4b9c-a6e7-f357b528c7e5,Mikeila,1,,"If I could rate it lower, I would. I had to switch to this app because of the discontinuation of Samsung messages and I am extremely disappointed. Samsung messages had a more easy to manage app with the ability to let me put my conversations in categories for organizational purposes. I truly didn't care if it wasn't the most compatible with imessaging but it's not like this app is that much more better! If I could rate this lower, I would. Also I lost messages from 7+ yrs ago in the switch",1,messages.android_20260707_00_RC05.phone_samsung_dynamic,2026-07-25T23:22:19,,
Google Messages,com.google.android.apps.messaging,Productivity,e79b029d-1b2a-4345-9172-871ade3e60f5,Nancy,2,,Don't like the message organization and UI on an S25 Ultra. But the app has improved somewhat in functionality I miss Samsung Messages. Why get a Samsung phone when the features you bought it for are no longer supported! Any truth that Google plans on charging for chat data storage?,1,messages.android_20260702_05_RC05.phone_samsung_dynamic,2026-07-25T23:17:11,Hi Nancy. Thank you for taking the time to provide feedback. We're sorry to hear that. We'll pass this along to the team so they can continue iterating on your feedback to make Messages even better. We ask that you submit feedback within the Messages app by clicking the Menu > Help and Feedback > Send Feedback. Thanks.,2026-07-26T19:47:15
Google Messages,com.google.android.apps.messaging,Productivity,dd28cd2b-709e-4c24-8363-0d62e955bf5d,William Johnson,1,,"once again, RCS just won't connect now, so group chats for work just don't work, nor do any messages with media or RCS activated. Amazing. idk what happened to this thing, but suddenly messaging iPhones with RCS is almost impossible. message unsent, message unsent, message unsent, message unsent",139,messages.android_20260702_05_RC05.phone_dynamic,2026-07-25T23:15:29,"Hi, William. Based on your rating, it seems like we have room for improvement! Please submit feedback by tapping the three dot menu in the top right corner - Help & Feedback - Send Feedback. We love to hear from our passionate users on how to improve the Messages experience.",2021-01-27T01:22:33
Google Messages,com.google.android.apps.messaging,Productivity,82c702e8-14b4-464e-98b0-2c9c51d16d55,Zethadorea Akia,1,,"I don't get all the messages that are sent to me(my own phone number) and I don't get any of my verification texts\codes, I genuinely dislike that this is the default messaging for my number that came with my phone and that i can't use anything else.",0,messages.android_20260702_05_RC05.phone_dynamic,2026-07-25T23:09:07,"Hi there. We're sorry to hear that. Please see this link: https://goo.gle/2QKhL7g. Messages by Google just displays the OTP sent by carriers or other third party apps. The process of transmitting may incur delays depending on various factors. For best help, please reach out to your carrier. Thanks.",2026-07-26T19:45:10
Google Messages,com.google.android.apps.messaging,Productivity,d9aca9e1-bcde-4624-b5d9-d0a9df842409,carlos cabrera,1,,not good,1,messages.android_20260702_05_RC05.phone_dynamic,2026-07-25T23:08:54,,
Google Messages,com.google.android.apps.messaging,Productivity,12a3c8ad-3323-4403-9ddc-2f90c47142a4,Gel Detrick,2,,can't remove the go to Google messages prompt,0,messages.android_20260714_00_RC00.phone_dynamic,2026-07-25T23:06:53,Hi Gel. Please check this link: https://goo.gle/3cA7LZh for details on making the Messages app your default messaging app. You can also submit feedback within the Messages app by clicking the Menu button then the 'Help and Feedback' tab and tap 'Send Feedback'. Thanks.,2026-07-26T19:43:53
Google Messages,com.google.android.apps.messaging,Productivity,9c74c2e4-8624-4b48-b400-dd26b15ec535,Anmol Agrawal,3,,The app is good but sometimes a message couldn't delete conversation shows on my home screen are very irritating to solve the problem,0,messages.android_20260714_00_RC00.phone_dynamic,2026-07-25T23:06:47,Hi Anmol. Can you try to uninstall and reinstall the Messages app itself? Open the Play Store app > search Messages app > Uninstall > Reinstall/Update. Thanks.,2026-07-26T19:36:54
Google Messages,com.google.android.apps.messaging,Productivity,c7debda6-2433-4351-ac0c-e9ffa59426b3,Scott Brenner,1,,CATEGORIES! Add folder organization. this allows anyone to organize all of their messages under different tabs. having this feature will make Google messages perfect.,2,messages.android_20260702_05_RC05.phone_samsung_dynamic,2026-07-25T23:04:14,"Hi, Scott. Thank you for taking the time to provide feedback. We're sorry to hear that. We'll pass this along to the team so they can continue iterating on your feedback to make Messages even better. We ask that you submit feedback within the Messages app by clicking the Menu > Help and Feedback > Send Feedback.",2024-10-24T22:11:07
Google Messages,com.google.android.apps.messaging,Productivity,5f96eaf6-cc09-43e0-9c8f-f877ed47fe6e,Bintou Bojang,5,,good,0,messages.android_20260601_00_RC00.phone_samsung_dynamic,2026-07-25T23:03:38,,
Google Messages,com.google.android.apps.messaging,Productivity,47b6e9f8-bf28-426f-a7af-6a16a2206265,Matsietsi Steenkamp,5,,good,0,messages.android_20260702_05_RC05.phone.go_dynamic,2026-07-25T23:01:24,,
Google Messages,com.google.android.apps.messaging,Productivity,a74aeef4-a298-427f-a9f0-c08bcd3d79c4,Ryan Kirby,1,,Does not ever alert with tone when receiving messages it never alerts me,0,messages.android_20260702_05_RC05.phone_dynamic,2026-07-25T22:56:51,Hi Ryan. It looks like you're having trouble with notifications. Check out this Help Center article for assistance: https://goo.gle/2QMbaZU. Hope this helps!,2026-07-26T19:27:21
Google Messages,com.google.android.apps.messaging,Productivity,39b7d3e4-40d5-4399-a39a-8f6f8de117d6,Khanh Tran,5,,excellent,0,messages.android_20260622_01_RC00.phone_dynamic,2026-07-25T22:52:09,,
Google Messages,com.google.android.apps.messaging,Productivity,61247b87-544d-4f29-a909-14d54be2f6d1,D.SPICable,2,,keeps crashing.,0,messages.android_20260702_05_RC05.phone_samsung_dynamic,2026-07-25T22:51:09,Hi there. Can you try to uninstall and reinstall the Messages app itself? Open the Play Store app > search Messages app > Uninstall > Reinstall/Update. Thanks.,2026-07-26T16:24:32
Google Messages,com.google.android.apps.messaging,Productivity,e14314da-6998-4806-9bca-5f4fbf3cd332,Jesse Jacquez,1,,constantly changing my settings,0,messages.android_20260702_05_RC05.phone_dynamic,2026-07-25T22:49:48,Hi Jesse. Thank you for taking the time to provide feedback. We're sorry to hear that. We'll pass this along to the team so they can continue iterating on your feedback to make Messages even better. We ask that you submit feedback within the Messages app by clicking the Menu > Help and Feedback > Send Feedback.,2026-07-26T19:52:24
Google Messages,com.google.android.apps.messaging,Productivity,8e1f863c-2b0c-45ab-bbc4-c29f159b29f0,William Kachel Sr,1,,"This is the worst, when I went to switch over I had just under 70k messages with pictures and videos and only about less then 10k of them transfered, very hard to navigate with new one for instance when you go to delete a block of messages you now have to do it one at a time, also seems to lag a lot, many other things that I dislike about this new messages!!!",1,messages.android_20260714_00_RC00.phone_dynamic,2026-07-25T22:49:23,,
Google Messages,com.google.android.apps.messaging,Productivity,9a40356f-5907-4637-84d3-7ddf7d3e3c45,Alex Billett,5,,good,0,messages.android_20260702_05_RC05.phone_samsung_dynamic,2026-07-25T22:48:27,,
Google Messages,com.google.android.apps.messaging,Productivity,94352b34-99c4-409c-b4a5-fbad5498a441,Alo Benjamin,4,,Good,0,messages.android_20260702_05_RC05.phone_dynamic,2026-07-25T22:48:16,,
Google Messages,com.google.android.apps.messaging,Productivity,f0e6fd2d-b559-4841-997f-d171594c6e04,Janice Hayes,1,,"when it switched,all of my important texts and pictures disappeared, I did not want ir ask for this. why was Samsung messages discontinued? I need my texts!!!!!! I am screaming in disappointment!!!!!!!!!",0,messages.android_20260702_05_RC05.phone_samsung_dynamic,2026-07-25T22:47:54,,
Google Messages,com.google.android.apps.messaging,Productivity,548124c4-401a-4582-a45c-db4b8fd81759,Abubakar Salisu Umar,5,,it's ok as long as it has no hidden agenda whatsoever,0,messages.android_20260702_05_RC05.phone_dynamic,2026-07-25T22:46:55,,
Google Messages,com.google.android.apps.messaging,Productivity,48eafcaf-4b53-4f72-8af3-40924b5081e8,Agrineth Nkosi,4,,nice,0,messages.android_20250422_03_RC00.phone_samsung_dynamic,2026-07-25T22:43:39,,
Google Messages,com.google.android.apps.messaging,Productivity,33fd5fe6-c8de-40ee-a78e-375d94b5d78d,Kylie Comfort,2,,little upset I don't have the new update!,0,messages.android_20260702_05_RC06.phone_samsung_dynamic,2026-07-25T22:38:34,"Hi Kylie. This issue may be resolved with our most recent app update. Try updating your Messages app here: https://goo.gle/2oJD661. If you're still experiencing issues, we ask that you submit feedback within the Messages app by clicking the Menu button then the 'Help and Feedback' tab and tap 'Send Feedback'. Thanks!",2026-07-26T19:21:06
Google Messages,com.google.android.apps.messaging,Productivity,1f6403a4-8358-4b25-8d32-b0d58e8bf292,A Google user,1,,Bubbles won't go away!! I hate them!,0,messages.android_20260702_05_RC05.phone_dynamic,2026-07-25T22:37:56,,
Google Messages,com.google.android.apps.messaging,Productivity,e17287aa-671b-4c28-a763-bac950a7ab8a,Nimrod Noel,3,,content preview keep showing even if switched off,0,messages.android_20260622_01_RC00.phone_dynamic,2026-07-25T22:37:30,Hi Nimrod. You can turn automatic previews on or off at any time in Settings. Open the Messages app - tap your profile photo or icon Settings - tap Automatic previews. Turn on/off show all previews on or off. Thanks.,2026-07-26T19:17:20
Google Messages,com.google.android.apps.messaging,Productivity,f99e2733-4f9a-4844-a73b-9e5a0edf3c82,nassibu twaha,5,,l see every thing is clear.,0,messages.android_20260622_01_RC00.phone.go_dynamic,2026-07-25T22:36:12,,
Google Messages,com.google.android.apps.messaging,Productivity,0914bc71-01b6-4bde-bb6d-488c3ddce717,Jk Ha,1,,"garbage compared to Samsung messaging. no favorite list no time stamp. can't delete individual texts from streams. can't directly tell if text not being sent. Google should be better, not worse.",1,messages.android_20260707_00_RC04.phone_samsung_dynamic,2026-07-25T22:35:48,Hi there. Thank you for taking the time to provide feedback. We're sorry to hear that. We'll pass this along to the team so they can continue iterating on your feedback to make Messages even better. We ask that you submit feedback within the Messages app by clicking the Menu > Help and Feedback > Send Feedback. Thanks.,2026-07-26T19:45:49
Google Messages,com.google.android.apps.messaging,Productivity,29e64a6d-9637-4862-b65a-5d3a52cc0433,Arifkhan Pathan,5,,ok,0,messages.android_20241120_00_RC07.phone_dynamic,2026-07-25T22:34:30,,
Google Messages,com.google.android.apps.messaging,Productivity,ed82dc8c-a483-495e-9b86-1200d419f41c,Steven Campbell,1,,I'm yet to find out how to delete certain messages inside of a conversation. the old message system was better for me.,0,messages.android_20260702_05_RC05.phone_samsung_dynamic,2026-07-25T22:32:55,Hi Steven. Please see instructions on how to delete message: https://goo.gle/31U1IdE. Thanks.,2026-07-26T19:11:30
Google Messages,com.google.android.apps.messaging,Productivity,d540962f-4d05-460b-8743-cdc51f785355,Carmella Curtis,1,,"I'm not able to send a new message, when I try to send a new text message the app closes out.",0,messages.android_20260702_05_RC05.phone_samsung_dynamic,2026-07-25T22:30:55,Hi Carmella. Can you try to uninstall and reinstall the Messages app itself? Open the Play Store app > search Messages app > Uninstall > Reinstall/Update. Thanks.,2026-07-26T19:08:53
Google Messages,com.google.android.apps.messaging,Productivity,eac7d5bb-7c1a-40d9-a3d1-26d1f8c07d9d,Seth Gardner,1,,stop trying to control everything. the Rockefellers had a law made because of it. also not happy that the Samsung messages.,0,messages.android_20260702_05_RC05.phone_dynamic,2026-07-25T22:30:46,,
Google Messages,com.google.android.apps.messaging,Productivity,6e844cae-3151-4ad6-b7b6-8d6ee775ecad,Wishyoucry A,5,,good,0,messages.android_20260622_01_RC00.phone_samsung_dynamic,2026-07-25T22:30:27,,
Google Messages,com.google.android.apps.messaging,Productivity,5a2cdbb0-0339-4b81-aec6-114594e64b54,Cesar Zapien,4,,live emojis 👌,0,messages.android_20260702_05_RC05.phone_dynamic,2026-07-25T22:29:50,,
Google Messages,com.google.android.apps.messaging,Productivity,8352d4a6-dfb8-4bef-8d27-28c24acdab0b,Sam Mata,1,,"terrible. I don't like it but there are no other options. that sucks. As soon as there is another app, I will switch asap.",0,messages.android_20260702_05_RC05.phone_samsung_dynamic,2026-07-25T22:29:35,Hi Sam. We're sorry to hear that. The team is working hard to make Messages better over time. Please continue to help improve Messages by sending feedback within the Messages app through clicking the Menu button then the 'Help and Feedback' tab and tap 'Send Feedback'. Thank you.,2026-07-26T19:07:18
Google Messages,com.google.android.apps.messaging,Productivity,dec047c1-1f38-4de9-99c7-4ed4bf76fb33,Kartik,5,,wow,0,messages.android_20260224_00_RC00.phone_dynamic,2026-07-25T22:28:19,,
Google Messages,com.google.android.apps.messaging,Productivity,d703dda1-2e4f-4505-9485-3dd37d677392,Wanitah Luvoniah,5,,good,0,messages.android_20260702_05_RC05.phone_dynamic,2026-07-25T22:27:13,,
Google Messages,com.google.android.apps.messaging,Productivity,a0883520-60c1-4f4a-8929-c4b794fd3416,Tablet Destroyer,3,,ok,0,messages.android_20260714_00_RC00.phone_dynamic,2026-07-25T22:25:49,,
Google Messages,com.google.android.apps.messaging,Productivity,d0675e93-a19d-417f-bbed-5b86e2cf148d,Ricardo Jr.,4,,.....and here it is Eleven Years later (2026) and It is still extremely dependable for me!,0,messages.android_20260702_05_RC05.phone_dynamic,2026-07-25T22:23:37,,
Google Messages,com.google.android.apps.messaging,Productivity,9c2321e3-f5e5-4230-b506-4ee62674c534,Keith Plumley,1,,absolutely hate it. looking for a better message app that doesn't poke around in everything I do. I would give it 0 stars if that was an option.,1,messages.android_20260702_05_RC05.phone_samsung_dynamic,2026-07-25T22:23:32,Hi Keith. We're sorry to hear that. The team is working hard to make Messages better over time. Please continue to help improve Messages by sending feedback within the Messages app through clicking the Menu button then the 'Help and Feedback' tab and tap 'Send Feedback'. Thank you.,2026-07-26T19:01:11
Google Messages,com.google.android.apps.messaging,Productivity,6c4fed59-379c-4ea7-8297-a3616766bd7f,Angelina Moreno,5,,I could text my friends and family,0,messages.android_20260702_05_RC05.phone_dynamic,2026-07-25T22:21:46,,
Google Messages,com.google.android.apps.messaging,Productivity,12f21273-e332-4a51-9364-1b8938745649,Chris H,1,,Loss most of my conversations and a lot of photos when I was forced to make this switch. There are other things I don't like but I doubt listing them will matter. If there was another messenger I could use I definitely would.,0,messages.android_20260702_05_RC05.phone_dynamic,2026-07-25T22:21:27,,
Google Messages,com.google.android.apps.messaging,Productivity,cc1032e5-8808-422b-8d04-f57dc004d871,T,1,,"Was FORCED to switch to this app by SAMSUNG!! And now the app is not working. I am trying to text my CHILDREN!! But the app keeps closing on its own, stating it has a ""BUG"". FIX THIS IMMEDIATELY! You could be causing very Dangerous issues for people in an emergency or a check in situation!!!!",0,messages.android_20260702_05_RC05.phone_dynamic,2026-07-25T22:18:04,Hi there. Can you try to uninstall and reinstall the Messages app itself? Open the Play Store app > search Messages app > Uninstall > Reinstall/Update. Thanks.,2026-07-26T19:12:36
Google Messages,com.google.android.apps.messaging,Productivity,99f696f5-64a2-4b78-bf2e-63e6c4dfe51f,Carlos jr Lucas,1,,I can't call or messages my friend 😔,0,messages.android_20260702_05_RC05.phone_dynamic,2026-07-25T22:17:54,"Hi Carlos. We're sorry to hear that. Please see this link: https://goo.gle/2QKhL7g. If you are still experiencing issues, please submit feedback within the Messages app by tapping the three dot menu in the top right corner - Help & Feedback - Send Feedback. Thank you.",2026-07-26T19:05:10
Google Messages,com.google.android.apps.messaging,Productivity,0a440448-22b2-4e5c-913a-dba4da480dee,P R M,1,,"BOO!! Why does such a big company with such a HUGE responsibility (taking over for Samsung Messages) have such a TERRIBLE app?!? 1. What order are my messages supposed to be in?? And there's NO way to sort them AT ALL! I want the most recent message threads at the top (I usually have to add to them) -- not the nonsensical garbage I'm getting!!! Again, I say: BOO!! 2. When I send a link (webpage/video), I want the title to paste with it. I HATE tapping unknown links and going in blind!",1,messages.android_20260622_01_RC00.phone_samsung_dynamic,2026-07-25T22:15:39,,
Google Messages,com.google.android.apps.messaging,Productivity,246105e7-028d-49dd-980d-c5dd44c8b789,Abraham Fred,4,,Great app,0,messages.android_20260702_05_RC06.phone_dynamic,2026-07-25T22:15:27,,
Google Messages,com.google.android.apps.messaging,Productivity,ce04e956-d031-404b-8549-47e8afbb3d5f,Khan khan,5,,good app,0,messages.android_20260702_05_RC05.phone_dynamic,2026-07-25T22:15:27,,
Google Messages,com.google.android.apps.messaging,Productivity,73939cea-c612-42ad-8237-a4f1b2236d1e,Pavan Dhaker,5,,bahut bahut badhai,0,messages.android_20260702_05_RC05.phone_dynamic,2026-07-25T22:12:14,,
Google Messages,com.google.android.apps.messaging,Productivity,46b41dd3-c6b4-4fe6-b7d4-181e3f2947f3,Justin Sam,5,,fantastic app,0,messages.android_20260615_04_RC00.phone_samsung_dynamic,2026-07-25T22:12:03,,
Google Messages,com.google.android.apps.messaging,Productivity,fb6beb37-65b9-4d3b-ae2a-633fefd7ca7d,MARIA ARCAY,5,,yeah this is new version...so so good,0,messages.android_20260707_00_RC05.phone_dynamic,2026-07-25T22:09:28,,
Google Messages,com.google.android.apps.messaging,Productivity,ddbf71de-ea96-426a-b7b8-abad44cbb0af,Diane Shields,1,,"forced to use this app, and it sucks. whoever decided to discontinue Samsung messages made a huge mistake.",1,messages.android_20260702_05_RC05.phone_samsung_dynamic,2026-07-25T22:07:58,,
Google Messages,com.google.android.apps.messaging,Productivity,afdaa357-2f6e-46ce-989d-f460c6724c80,Aiden Sanders,2,,"i turned off typing indicators but i still see them when other people are typing. I HATE THIS FEATURE, PLEASE ADD A WAY TO TURN IT OFF",0,messages.android_20260702_05_RC05.phone_samsung_dynamic,2026-07-25T22:06:21,Hi Aiden. Thank you for taking the time to provide feedback. We're sorry to hear that. We'll pass this along to the team so they can continue iterating on your feedback to make Messages even better. We ask that you submit feedback within the Messages app by clicking the Menu > Help and Feedback > Send Feedback. Thanks.,2026-07-26T18:59:49
Google Messages,com.google.android.apps.messaging,Productivity,f220ad40-2d5c-402c-acb0-72be20970d4d,Nkiru Ukaegbu,5,,the app is good but I can't open it any more cause it's malfunctioning,0,messages.android_20230328_01_RC01.phone_dynamic,2026-07-25T22:04:47,,
Google Messages,com.google.android.apps.messaging,Productivity,0200daf5-d273-493e-8be5-e7d10d79b9e5,Uma Patel,1,,message not sent,0,messages.android_20260702_05_RC05.phone_dynamic,2026-07-25T22:01:15,,
Google Messages,com.google.android.apps.messaging,Productivity,9d47d26a-6f88-412e-976b-56b18ea1617e,Jeremy yup,1,,too invasive.,0,messages.android_20260702_05_RC05.phone_dynamic,2026-07-25T22:00:45,,
Google Messages,com.google.android.apps.messaging,Productivity,ff225e58-742e-43d8-8ccc-ce99e485d2f3,Victor McGriff II,1,,hate everything about this app. it won't do basic things that my original text message app did. wish I could go back,1,messages.android_20260702_05_RC05.phone_samsung_dynamic,2026-07-25T21:59:11,Hi Victor. Thank you for taking the time to provide feedback. We're sorry to hear that. We'll pass this along to the team so they can continue iterating on your feedback to make Messages even better. We ask that you submit feedback within the Messages app by clicking the Menu > Help and Feedback > Send Feedback.,2026-07-26T17:19:21
Google Messages,com.google.android.apps.messaging,Productivity,1329774a-2ea8-4c17-bc0f-6a88a5c700e1,Deepika Kumari,5,,best,0,messages.android_20260702_05_RC05.phone_dynamic,2026-07-25T21:56:18,,
Google Messages,com.google.android.apps.messaging,Productivity,c4f9a654-2656-45bd-a494-1d4468eff70e,Denise Connors,3,,not good at all,0,messages.android_20260622_01_RC00.phone_samsung_dynamic,2026-07-25T21:55:28,Hi Denise. Thank you for taking the time to provide feedback. We're sorry to hear that. We'll pass this along to the team so they can continue iterating on your feedback to make Messages even better. We ask that you submit feedback within the Messages app by clicking the Menu > Help and Feedback > Send Feedback.,2026-07-26T17:19:54
Google Messages,com.google.android.apps.messaging,Productivity,8f4d8e5b-0144-4f64-a111-78fa6c618e5d,Denisha,1,,My rcs messages stopped working after using it for over a year. I replaced my phone still nothing it say not connected. I been dealing with T-Mobile and Samsung since July 7th. there's no way to get in touch with Google for assistance. I have submitted multiple feedbacks with no response. it's socks this is now the primary app for messages and you cant use it properly,1,messages.android_20260702_05_RC05.phone_samsung_dynamic,2026-07-25T21:53:44,,
Google Messages,com.google.android.apps.messaging,Productivity,663ff5e4-0274-4a9a-8378-7436d4cd197c,AYUSHMAN BISWAL,5,,good,0,messages.android_20251009_00_RC00.phone_samsung_dynamic,2026-07-25T21:53:14,,
Google Messages,com.google.android.apps.messaging,Productivity,e08c4bd0-8318-408e-9164-196636159d3b,Michael Pearson,1,,"Links open in half screen on my Fold 7. Terrible behavior, especially for YouTube. Sharing images is broken and requires Google sign-in. I edited a photo and it's still showing the old one when I try to pick it from the sharing menu - _how_ is that even possible? It makes me wonder if the images are cached and not updated. Also the app used to not require a Google sign in, but apparently it does now. Desktop sync sucks. I just lost a message I had sent on desktop.",1,messages.android_20260702_05_RC06.phone_samsung_dynamic,2026-07-25T21:52:25,Hi Michael. Thank you for taking the time to provide feedback. We're sorry to hear that. We'll pass this along to the team so they can continue iterating on your feedback to make Messages even better. We ask that you submit feedback within the Messages app by clicking the Menu > Help and Feedback > Send Feedback.,2025-11-23T03:12:06
Google Messages,com.google.android.apps.messaging,Productivity,6a73df64-d2c6-4942-b09a-cf5e664eb8cd,surendra Lal,4,,very good app all messages come in this app download now,0,messages.android_20231114_01_RC11.phone_dynamic,2026-07-25T21:48:59,,
Google Messages,com.google.android.apps.messaging,Productivity,a0dcff74-b337-483b-93fa-7009a43bb583,Robyn Ortega,1,,cannot customize colors or background,1,messages.android_20260702_05_RC05.phone_samsung_dynamic,2026-07-25T21:48:58,Hi Robyn. Thank you for taking the time to provide feedback. We're sorry to hear that. We'll pass this along to the team so they can continue iterating on your feedback to make Messages even better. We ask that you submit feedback within the Messages app by clicking the Menu > Help and Feedback > Send Feedback. Thanks.,2026-07-26T16:19:59
Google Messages,com.google.android.apps.messaging,Productivity,ff57adbc-ae56-44e2-ada0-aa6dd32a2a86,Moin Khan,4,,ok,0,messages.android_20260702_05_RC05.phone_dynamic,2026-07-25T21:45:59,,
Google Messages,com.google.android.apps.messaging,Productivity,4bdf3f0e-ec86-4bc1-bd8c-8a5009c4792f,Bryan Smith,5,,not brad at all. she is silky and solid choice for messages app,0,messages.android_20260702_05_RC05.phone_dynamic,2026-07-25T21:43:44,,
Google Messages,com.google.android.apps.messaging,Productivity,64687115-5594-4b4e-af29-549d9003c4bb,Prince,1,,good,0,messages.android_20260615_04_RC00.phone_dynamic,2026-07-25T21:43:00,,
Google Messages,com.google.android.apps.messaging,Productivity,80fb4fe9-e513-4d5f-b226-ed7aa3084f63,G Clement,1,,It doesn't work,1,messages.android_20260702_05_RC05.phone_samsung_dynamic,2026-07-25T21:41:54,"Hi Clement. Thanks for your review! In order to help you, could you kindly elaborate on your feedback? Thanks.",2026-07-26T16:19:11
Google Messages,com.google.android.apps.messaging,Productivity,cbe6c228-87d8-4595-b3ad-545e35fb52c1,Mahe Edmund,3,,"needs more options, upgrades, protection, from 3rd parties, data managers, and application owners. This apps is good so far. But good is not enough to protect the Customers like myself.",0,messages.android_20260714_00_RC00.phone_samsung_dynamic,2026-07-25T21:41:35,Hi Mahe. Thank you for taking the time to provide feedback. We're sorry to hear that. We'll pass this along to the team so they can continue iterating on your feedback to make Messages even better. We ask that you submit feedback within the Messages app by clicking the Menu > Help and Feedback > Send Feedback.,2026-07-26T17:17:13
Google Messages,com.google.android.apps.messaging,Productivity,08c3b7d1-0884-4c84-8e9d-f80451e87910,Josh Mahurin,5,,HELL YEAH,0,messages.android_20260707_00_RC05.phone_samsung_dynamic,2026-07-25T21:41:23,,
Google Messages,com.google.android.apps.messaging,Productivity,2f6fc5b3-6c9b-4a83-94f4-280a2c6a9863,Valdenor Oliveira,1,,Who was the genius that brought back the start a message flow where it's optimized to create a group? You really think that a) people gave that many friends b) the probability of creating a group message outweighs a single message?,1,messages.android_20260707_00_RC05.phone_dynamic,2026-07-25T21:39:10,Hi Valdenor. Thank you for taking the time to provide feedback. We're sorry to hear that. We'll pass this along to the team so they can continue iterating on your feedback to make Messages even better. We ask that you submit feedback within the Messages app by clicking the Menu > Help and Feedback > Send Feedback. Thanks.,2026-07-26T17:18:57
Google Messages,com.google.android.apps.messaging,Productivity,7e8ab0fe-2efa-492e-8415-de7d5a5a401e,Karen Hibbard,5,,I love this app very much. Can text my family anytime.,0,messages.android_20260702_05_RC05.phone_samsung_dynamic,2026-07-25T21:37:45,,
Google Messages,com.google.android.apps.messaging,Productivity,c01e658c-5c50-4469-a9a0-ce2d0ef102d7,Mirza M Naeem baig M Naeem baig,5,,good,0,messages.android_20260707_00_RC05.phone_dynamic,2026-07-25T21:35:12,,
Google Messages,com.google.android.apps.messaging,Productivity,f4881c4c-483c-4776-bb80-435efc3790c8,Jasmine,5,,"I always get my messages and I love the different features that they have on the app. I'd rather use it than the Verizon app messages so that accounts for something doesn't it? However, I think the security needs to be a little bit tighter. If possible, I don't know how to do that, so if there's a way to do it, please let me know. And I'll love you guys even more",0,messages.android_20260702_05_RC01.phone_samsung_dynamic,2026-07-25T21:28:13,,
Google Messages,com.google.android.apps.messaging,Productivity,48a5980f-ed09-4695-92bb-50c463699316,Khalil rajpoot,5,,good,0,messages.android_20260622_01_RC00.phone_dynamic,2026-07-25T21:26:33,,
Google Messages,com.google.android.apps.messaging,Productivity,7aba7dc0-df2a-4e97-b583-0a39667cfd42,Reñae Smith,1,,I hate this new message app,0,messages.android_20260707_00_RC05.phone_dynamic,2026-07-25T21:25:07,Hi Renae. We're sorry to hear that. The team is working hard to make Messages better over time. Please continue to help improve Messages by sending feedback within the Messages app through clicking the Menu button then the 'Help and Feedback' tab and tap 'Send Feedback'. Thank you.,2026-07-26T16:18:24
Google Messages,com.google.android.apps.messaging,Productivity,b7dd6c21-745f-4353-a2c7-c60a0d746cfa,rajesh varun,4,,app open slow,0,messages.android_20260702_05_RC05.phone_dynamic,2026-07-25T21:24:37,,
Google Messages,com.google.android.apps.messaging,Productivity,38293373-6c9d-4d9e-89e3-fc18dfc028ca,Gary Cantillon,5,,very good tells me 2 sec before someone text at least me,0,messages.android_20260622_01_RC00.phone_dynamic,2026-07-25T21:22:59,,
Google Messages,com.google.android.apps.messaging,Productivity,06b3b39a-1744-4b82-a4dd-a551e9f84b4b,The Tree,1,,"Before I was forced to onto google messaging, I was able to customize my font so that it was easier on my eyes. The google messages font actually hurt my eyes and makes it hard for me to read without physical eye strain. We should be able to pick the fonts we want.",2,messages.android_20260702_05_RC05.phone_dynamic,2026-07-25T21:22:36,Hi there. Learn more on how to adjust your font size and display size to make your screen easier to see here: goo.gle/3eRIf2c. You can also submit feedback within the Messages app by clicking the Menu button then the 'Help and Feedback' tab and tap 'Send Feedback'. Thanks.,2026-07-26T17:14:52
Google Messages,com.google.android.apps.messaging,Productivity,48ce789e-c262-45b1-b9cc-c1ec1a8b0b73,Bonnie A,1,,"Hate this Text Messaging app.(sorry Google Truth) I Was forced to switch as Samsung discontinued their texting app as of early July 2026. I've always used the Samsung texting app,easy to navigate, and voice messaging also. The settings were much easier to use.",1,messages.android_20260702_05_RC05.phone_samsung_dynamic,2026-07-25T21:21:18,Hi Bonnie. Thank you for taking the time to provide feedback. We're sorry to hear that. We'll pass this along to the team so they can continue iterating on your feedback to make Messages even better. We ask that you submit feedback within the Messages app by clicking the Menu > Help and Feedback > Send Feedback. Thanks.,2026-07-26T17:12:56
Google Messages,com.google.android.apps.messaging,Productivity,eb44d468-a78b-46cd-819e-a25aa094c5b8,Adekunle Adediran,5,,Good,0,messages.android_20260702_05_RC05.phone_dynamic,2026-07-25T21:20:44,,
Google Messages,com.google.android.apps.messaging,Productivity,4365d86f-b3fb-4963-8753-fee0ab97d093,Randy,5,,great way to communicate,0,messages.android_20260702_05_RC05.phone.go_dynamic,2026-07-25T21:14:14,,
Google Messages,com.google.android.apps.messaging,Productivity,2a53d35a-9439-49dd-a26f-abcf9f1c6b45,VDivine VDivine,2,,I have a Samsung phone. I first tried this app 10/22 & again in 8/25. Each time I passed b/c I liked Samungs OMS system. NOW Samsung has forced us users to use this app. ISSUES: * Samsung Themes no longer changes your keyboard. *U can easily accidently archive or delete text msgs. *A text from your contact will split into two threads! *U can't see the message u reply to. Both companies should have made sure features were the same. WORK N PROGRESS!,1,messages.android_20260702_05_RC05.phone_samsung_dynamic,2026-07-25T21:14:00,Hi there. Thank you for taking the time to provide feedback. We're sorry to hear that. We'll pass this along to the team so they can continue iterating on your feedback to make Messages even better. We ask that you submit feedback within the Messages app by clicking the Menu > Help and Feedback > Send Feedback.,2025-08-29T18:41:16
Google Messages,com.google.android.apps.messaging,Productivity,d59d5e78-903d-4c7c-8221-0549bba370dc,harshada desale,1,,not working properly confusion to read and look like dustbin.,1,messages.android_20230424_00_RC04.phone_samsung_dynamic,2026-07-25T21:13:41,Hi Harshada. Can you try to uninstall and reinstall the Messages app itself? Open the Play Store app > search Messages app > Uninstall > Reinstall/Update. You can also submit feedback within the Messages app by clicking the Menu button then the 'Help and Feedback' tab and tap 'Send Feedback'. Thanks.,2026-07-26T17:10:34
Google Messages,com.google.android.apps.messaging,Productivity,579ff848-8411-4195-8587-9e465004ab76,Tim Rawlins,5,,It's alright was happy with samsung messenger,0,messages.android_20260702_05_RC05.phone_samsung_dynamic,2026-07-25T21:12:06,,
Google Messages,com.google.android.apps.messaging,Productivity,003f02a0-e917-43bf-97bd-a4afd8ef0dbb,Abhishek Yadav,5,,good 👍,0,messages.android_20260622_01_RC00.phone_dynamic,2026-07-25T21:07:40,,
Google Messages,com.google.android.apps.messaging,Productivity,3bc9b4ea-3c09-43a1-99eb-3ce06ebf225a,Gamal Fadel,5,,working very well 😁😃,0,messages.android_20260702_05_RC05.phone_dynamic,2026-07-25T21:06:43,,
Google Messages,com.google.android.apps.messaging,Productivity,7cb03e54-70ca-4734-b64a-8e1dfd37dc8b,Deanne VaiVada,2,,Very unhappy right now. After most recent update I cannot send RCS messages because for more than 24 hours it keeps saying Connecting to verifying phone number. Please fix this!,0,messages.android_20260707_00_RC05.phone_samsung_dynamic,2026-07-25T21:05:45,"Hi Deanne. Please see our troubleshooting article which has helpful tips to solve most common issues: http://goo.gle/2OryNHm. If you are still experiencing issues, please submit feedback within the Messages app by tapping the three dot menu in the top right corner - Help & Feedback - Send Feedback. Thank you!",2026-07-26T17:10:50
Google Messages,com.google.android.apps.messaging,Productivity,53d006bf-9a46-483b-8ff3-d80941160737,Purvi Vaghela,5,,good 👍🏻,0,messages.android_20260622_01_RC00.phone_samsung_dynamic,2026-07-25T21:05:05,,
Google Messages,com.google.android.apps.messaging,Productivity,12c1be67-ab0b-4bf6-85e2-b5283ce50c39,Biswaranjan Giri,5,,good,0,messages.android_20260702_05_RC05.phone_samsung_dynamic,2026-07-25T21:01:52,,
Google Messages,com.google.android.apps.messaging,Productivity,a42e11cb-0cdd-4e28-b762-57e999d493d5,Chad Vandemerwe,1,,"I was forced to switch to this from Samsung message, and it feels like such a downgrade. *Spell check is trash half the time. *There is no option to change wallpaper/background in each msg thread. *The process of attaching photos in a convo is diabolically bad. If you create a new photo album, it is not discoverable in google msg to find those photos for multiple days. *Pinned convo threads need to be separated more visibly from non pinned. Such a massive downgrade.",1,messages.android_20260707_00_RC05.phone_samsung_dynamic,2026-07-25T21:00:22,Hi Chad. Thank you for taking the time to provide feedback. We're sorry to hear that. We'll pass this along to the team so they can continue iterating on your feedback to make Messages even better. We ask that you submit feedback within the Messages app by clicking the Menu > Help and Feedback > Send Feedback. Thanks.,2026-07-26T16:23:31
Google Messages,com.google.android.apps.messaging,Productivity,88ab5865-dcee-41ad-8c99-5b86f9693a7b,Tracy McKee,1,,"Keep promising chat themes but not delivering, very disappointing!!! Well still no customization like Samsung messages since being forced to use this subparts app! Please add the ability to theme. your backgrounds are so unappealing that I hate using the app! App never syncs properly with my Samsung tablet which is so annoying. Just overall not a very good app and nothing gets fixed.",3,messages.android_20260702_05_RC05.phone_samsung_dynamic,2026-07-25T20:58:56,Hi Tracy. We want to track your feedback. Please submit feedback with #SM within the Messages app by clicking the Menu button then the 'Help and Feedback' tab and tap 'Send Feedback'. Thanks for sharing your thoughts. Learn more about customization in Google Messages at https://goo.gle/4c5RMAs,2026-04-07T20:52:19
Google Messages,com.google.android.apps.messaging,Productivity,7d97a6ba-9f4b-4e98-87fa-196f6eb0b763,Sharon Schmucker,1,,not happy with the change from samsung messages to Google,1,messages.android_20260714_00_RC00.phone_samsung_dynamic,2026-07-25T20:58:39,,
Google Messages,com.google.android.apps.messaging,Productivity,e8ece168-787a-45e4-8819-5e51ce302987,Suhan garasiya Suhan garasiya,5,,ok,0,messages.android_20260702_05_RC05.phone_dynamic,2026-07-25T20:57:23,,
Google Messages,com.google.android.apps.messaging,Productivity,9e5c4b17-10d3-49a1-a8d2-e455e0b2152e,Mohamed Ahmed,5,,very good,0,messages.android_20260707_00_RC04.phone_samsung_dynamic,2026-07-25T20:53:59,,
Google Messages,com.google.android.apps.messaging,Productivity,f5f12fa2-68b7-46df-9bba-1888c570e33c,Nomeka Draggon,1,,where are all my previous messages that you were supposed to back up I'm missing stuff that's really important to me because of the stupid app I want my old messages backed up,0,,2026-07-25T20:53:57,,
Google Messages,com.google.android.apps.messaging,Productivity,ba274ad3-458e-40f4-827a-1b1821258f8b,Dadarao Raut,5,,Excellent App,0,messages.android_20260702_05_RC05.phone_samsung_dynamic,2026-07-25T20:49:01,,
Google Messages,com.google.android.apps.messaging,Productivity,769ef9e8-6afb-451b-8048-37ccc394e49b,Nicci (VN),3,,"as of yesterday, there is a chat bubble that pops up every time I get a message that bubbles, that is not clickable at all. it's so annoying. I've tried force stopping, clearing the cache, and restarting my phone. nothing works! updated: 7/25 I'm still having the same issue!",0,messages.android_20260702_05_RC05.phone_dynamic,2026-07-25T20:48:26,"Hi there. In that case, if it continues to occur after following the recommended steps, we suggest checking out our Help Center: https://goo.gle/3o4v9mi. Thanks.",2026-06-04T17:47:14
Google Messages,com.google.android.apps.messaging,Productivity,4ded0928-b287-4644-bf67-c974d00acdc8,Emmanuel Nweke,5,,good and great,0,messages.android_20260622_01_RC00.phone_dynamic,2026-07-25T20:47:35,,
Google Messages,com.google.android.apps.messaging,Productivity,68596fee-9fd0-424d-a59e-f7d92c7ffc78,Mohammad Harun,5,,good,0,messages.android_20260702_05_RC05.phone_dynamic,2026-07-25T20:43:39,,
Google Messages,com.google.android.apps.messaging,Productivity,29740b36-79e0-4cb1-adfd-b310d2a99cf6,Kimberly Williams,1,,"I absolutely HATE this messaging App that I was FORCED to switch too❗️❗️ The one I was using wasn't broken, and I didn't like the fact that I was told that I would LOSE everything from the one I was using if I didn't switch❗️",1,messages.android_20260622_01_RC00.phone_samsung_dynamic,2026-07-25T20:42:44,,
Google Messages,com.google.android.apps.messaging,Productivity,f2eccb17-009b-4299-bbbc-bbe3b8e1a44b,Kashay Wilkerson,3,,"While I pretty much like using this app, I wish I can directly reply to ALL of those I communicate with via text message. There a select number of contacts I can do that with and others I cannot (some of which are iPhone users) When pressing & holding a message or image, I can use a reaction emogi. There was even a short list that popped up under that text or image where I had different options like edit, reply and others. That all disappeared after an update. Please bring that back",0,messages.android_20260714_00_RC00.wear_dynamic,2026-07-25T20:38:56,Hi Kashay. We're sorry to hear that. The team is working hard to make Messages better over time. Please continue to help improve Messages by sending feedback within the Messages app through clicking the Menu button then the 'Help and Feedback' tab and tap 'Send Feedback'. Thank you.,2026-07-26T17:01:21
Google Messages,com.google.android.apps.messaging,Productivity,5cc8d649-253c-4acf-a247-8b4c199fc475,Dheeraj Gupta dheeraj,5,,good,0,messages.android_20260707_00_RC05.phone_dynamic,2026-07-25T20:32:07,,
Google Messages,com.google.android.apps.messaging,Productivity,05281b77-bf40-41fb-8491-6fe28e001726,Sandeep Nishad,5,,best,0,messages.android_20260515_00_RC01.phone_dynamic,2026-07-25T20:30:15,,
Google Messages,com.google.android.apps.messaging,Productivity,a63c47b2-daf4-4137-8d0d-40f905ba5dec,Prathiprasika Prathiprasika,5,,good,0,messages.android_20250907_01_RC00.phone_dynamic,2026-07-25T20:26:05,,
Google Messages,com.google.android.apps.messaging,Productivity,daf3dbac-a06b-4a37-a1f0-674e3f833a11,Mike Bishoff,1,,"Please add conversation categories/tabs similar to Samsung Messages (Personal, Business, OTP, Promotions). This is a major reason Samsung users resist migrating. While I appreciate the other benefits from Google, the lack of categories is a major app disappointment. Forced to switch on 7/10 and the lack of categories to organize texts is just so unforgivable. The rest of the app works well enough. Categories is essential for people with lots of contacts and lots of disparate groups.",2,messages.android_20260702_05_RC06.wear_dynamic,2026-07-25T20:25:43,,
Google Messages,com.google.android.apps.messaging,Productivity,e6f49968-b4fd-4a14-a28b-b38ab75ee033,stephen O,1,,dumbest text system ever.,1,messages.android_20260702_05_RC06.phone_samsung_dynamic,2026-07-25T20:24:21,Hi Stevo. Thank you for taking the time to provide feedback. We're sorry to hear that. We'll pass this along to the team so they can continue iterating on your feedback to make Messages even better. We ask that you submit feedback within the Messages app by clicking the Menu > Help and Feedback > Send Feedback. Thanks.,2026-07-26T16:59:04
Google Messages,com.google.android.apps.messaging,Productivity,731fb474-1cd4-4849-bf2b-1d389e2aa70b,ABHISEK,5,,thank you,0,messages.android_20260702_05_RC05.phone_dynamic,2026-07-25T20:20:43,,
Google Messages,com.google.android.apps.messaging,Productivity,7c406efc-b351-4c68-bc0f-ce43db2f0340,ZELDA MAE,1,,"horrible. continously loops thru SWITCH, SET AS DEFAULT, SWITCH NOW. either switch me or switch me to a user friendly option that actually works.",0,messages.android_20260702_05_RC05.phone_dynamic,2026-07-25T20:20:12,Hi Zelda. Please check this link: https://goo.gle/3cA7LZh for details on making the Messages app your default messaging app. Thanks.,2026-07-26T16:54:50
Google Messages,com.google.android.apps.messaging,Productivity,b351d0e8-eed7-4ab5-b7f2-ef61332571bd,Brandon Ewers,1,,I have tried everything to get this app to work. absolutely horrendous.,1,messages.android_20260702_05_RC05.phone_samsung_dynamic,2026-07-25T20:17:50,Hi Brandon. Can you try to uninstall and reinstall the Messages app itself? Open the Play Store app > search Messages app > Uninstall > Reinstall/Update. Thanks.,2026-07-26T16:33:31
Google Messages,com.google.android.apps.messaging,Productivity,fd1f0312-01f4-4d36-a7a2-e7c962928cf8,Pooja Sharma,3,,best app in india,0,messages.android_20260702_05_RC05.phone_dynamic,2026-07-25T20:17:26,,
Google Messages,com.google.android.apps.messaging,Productivity,c8a999e6-d850-4100-8522-a1bb76dce032,Aman Kushwaha,1,,good,0,messages.android_20260702_05_RC05.phone_dynamic,2026-07-25T20:17:21,,
Google Messages,com.google.android.apps.messaging,Productivity,f71b8f98-5323-439f-b9b3-f5a3c4f84734,Elvis Labobe,5,,kewl,0,messages.android_20260702_05_RC05.phone_dynamic,2026-07-25T20:16:07,,
Google Messages,com.google.android.apps.messaging,Productivity,69933119-1b2d-4245-a97f-1932f8d54aa2,Janis Skerstins,5,,Still works good application..,0,messages.android_20260702_05_RC05.phone_samsung_dynamic,2026-07-25T20:13:15,,
Google Messages,com.google.android.apps.messaging,Productivity,22beade7-79d5-421b-839c-4e348a5eab73,Admin Arbri,1,,"Literally, more than half of my messages are gone, even recent ones that I could send on the old Messages App. This change was uneeded and should be reverted.",0,messages.android_20260702_05_RC05.phone_dynamic,2026-07-25T20:12:51,Hi there. We're sorry to hear that. The team is working hard to make Messages better over time. Please continue to help improve Messages by sending feedback within the Messages app. Click the Menu button then the 'Help and Feedback' tab and tap 'Send Feedback'. Thanks.,2026-07-26T16:31:10
Google Messages,com.google.android.apps.messaging,Productivity,7515e16f-4ced-49cf-b22e-6536553fc3c6,Swati Srivastava,1,,very unsafe,0,messages.android_20260702_05_RC05.phone_samsung_dynamic,2026-07-25T20:09:51,"Hi Swati. We appreciate you reaching out about this. In Google, our users' privacy and security are our top priority. For more information, please refer to this link: https://goo.gle/47RVytD. Hope this helps!",2026-07-26T16:30:11
Google Messages,com.google.android.apps.messaging,Productivity,9608e4ab-cc57-4d89-9e39-3c73314c63fe,Ali Murtaza,2,,"I have two SIMs in my realme C33 device. Now when an SMS arrives, I can't figure out which SIM received it. I am using the Google Messages app.",0,messages.android_20260707_00_RC04.phone_dynamic,2026-07-25T20:08:21,"Hi Ali. Follow these steps to view which SIM has received a message: Open the message > at the bottom, check which SIM card was used. You can also tap on the last message to view more details. For any suggestion or request, please submit feedback within the app by clicking the Menu > Help and Feedback > Send Feedback. Thanks.",2026-07-26T16:28:08
Google Messages,com.google.android.apps.messaging,Productivity,d09c845f-65bc-4e3c-baa1-adf63c287a8d,Md Soyeb,5,,very good morning sir 🌄🌄,0,messages.android_20260707_00_RC04.phone_dynamic,2026-07-25T20:04:13,,
Google Messages,com.google.android.apps.messaging,Productivity,ee225dd9-6e62-4542-9fd9-d838f60029fe,Quennie,1,,not good how we can send a pic or the voice msg if it doesn't work? will u fix it? sayang ang display na voice msg at ang gallery useless lang din naman pala very disappointed 👎👎👎👎👎,0,messages.android_20260702_05_RC05.phone_dynamic,2026-07-25T20:04:05,"Hi Quennie. We're sorry to hear that. Please see this link: https://goo.gle/2QKhL7g. If you are still experiencing issues, please submit feedback within the Messages app by tapping the three dot menu in the top right corner - Help & Feedback - Send Feedback. Thank you.",2026-07-26T16:27:15
Google Messages,com.google.android.apps.messaging,Productivity,b6e58f44-70a7-4451-a70b-96ab72f529f9,Wakil Ansari,5,,thank for my help ☺️ ok,0,messages.android_20260702_05_RC05.phone_dynamic,2026-07-25T20:02:46,,
Google Messages,com.google.android.apps.messaging,Productivity,81d7d470-88bf-452a-a702-4f744e4d258a,Chandana,5,,super,0,messages.android_20260417_00_RC05.phone_dynamic,2026-07-25T20:01:35,,
Google Messages,com.google.android.apps.messaging,Productivity,ef035173-d2dd-42ec-bafd-01802d210c7e,Sanjeet Kumar,2,,thank you,0,messages.android_20260702_05_RC05.phone_dynamic,2026-07-25T20:01:18,,
Google Messages,com.google.android.apps.messaging,Productivity,33ccf613-f519-4884-82ee-eb7d19c9a071,Redd,1,,my messages are delayed when sending from my notification bar. Do not like it,0,messages.android_20260702_05_RC05.phone_dynamic,2026-07-25T19:59:24,"Hi Redd. We're sorry to hear that. Please see this link: https://goo.gle/2QKhL7g. If you are still experiencing issues, please submit feedback within the Messages app by tapping the three dot menu in the top right corner - Help & Feedback - Send Feedback. Thank you.",2026-07-26T16:21:08
Google Messages,com.google.android.apps.messaging,Productivity,72a098a1-b4b9-4d6b-ac50-2711e6ba63f5,Chimamanda Amyamele,5,,fantastic,0,messages.android_20231010_01_RC03.phone.go_dynamic,2026-07-25T19:54:35,,
Google Messages,com.google.android.apps.messaging,Productivity,fd9f6424-ce46-40b1-8bee-c27ac8064f91,Govindhrao Sambana,5,,very good,0,messages.android_20260523_00_RC00.phone_dynamic,2026-07-25T19:54:01,,
Google Messages,com.google.android.apps.messaging,Productivity,349fbf4a-dbc8-44d0-82c6-a4f7a41ad616,Jue Jue Kay,5,,goog,0,messages.android_20260601_00_RC00.phone_dynamic,2026-07-25T19:53:11,,
Google Messages,com.google.android.apps.messaging,Productivity,1d806f5a-9812-4bd2-9caa-4d6d1d51b4bb,Portia Johnson,2,,don't like the setup. I prefer the old messages,0,messages.android_20260622_01_RC00.phone_dynamic,2026-07-25T19:51:27,Hi Portia. Thank you for taking the time to provide feedback. We're sorry to hear that. We'll pass this along to the team so they can continue iterating on your feedback to make Messages even better. We ask that you submit feedback within the Messages app by clicking the Menu > Help and Feedback > Send Feedback. Thanks.,2026-07-26T16:16:34
Google Messages,com.google.android.apps.messaging,Productivity,c0844e45-8ce4-405a-ba25-a371cffbe0af,Desmond Johnsons (DC),5,,perfect app,0,messages.android_20260622_01_RC00.phone_samsung_dynamic,2026-07-25T19:50:59,,
Google Messages,com.google.android.apps.messaging,Productivity,7e234ae9-55bd-4dce-a288-e06ef4640ad9,Keshavegowda A. R,5,,good 👍,0,messages.android_20260622_01_RC00.phone_dynamic,2026-07-25T19:49:52,,
Google Messages,com.google.android.apps.messaging,Productivity,ab450cf9-5fe6-437b-9cdc-7c4601f6999e,Judy Riggie,1,,rcs sucks. Apple to android continously fails.,1,messages.android_20260702_05_RC06.phone_samsung_dynamic,2026-07-25T19:48:38,"Hi Judy. For the most updated information about messaging using RCS on an iPhone, please contact your carrier. Thanks.",2026-07-26T16:15:41
Google Messages,com.google.android.apps.messaging,Productivity,d82244d0-0879-4d6f-92eb-920375d15512,Alom Kk,5,,আর একটু FRIST SMS আসলে ভালো হতো,0,messages.android_20260702_05_RC05.phone_dynamic,2026-07-25T19:45:40,,
Google Messages,com.google.android.apps.messaging,Productivity,7bf079a2-e603-417e-a5fb-c4433360b5cb,Bre,1,,I can't see any messages I sent before switching which is really annoying. I also don't like that the RCS option can't be turned off for individual chats. looking for an alternative app cause this is stupid,1,messages.android_20260702_05_RC05.phone_dynamic,2026-07-25T19:45:39,,
Google Messages,com.google.android.apps.messaging,Productivity,d88a6045-edde-4b5e-a7b6-25fbb6e2fba1,Dennis Doneburgh,5,,excellent,0,messages.android_20260501_00_RC01.phone_dynamic,2026-07-25T19:39:43,,
Google Messages,com.google.android.apps.messaging,Productivity,e1ffacb1-0c03-4b30-9ca5-16bedc5e4f5d,Rahul kumar Vishwakarma,5,,nice,0,messages.android_20260702_05_RC05.phone_samsung_dynamic,2026-07-25T19:39:27,,
Google Messages,com.google.android.apps.messaging,Productivity,b66d733d-1fcc-41d5-bfb8-bdb25ec9a702,Toby Bigley,3,,hate the bubble pop up.,0,messages.android_20260702_05_RC05.phone_samsung_dynamic,2026-07-25T19:30:12,"Hi Toby. Thanks for reaching out. For more information about turning on or off message bubbles, please click the link: https://goo.gle/4anQy16. Hope this helps.",2026-07-26T16:13:18
Google Messages,com.google.android.apps.messaging,Productivity,02c70ab1-0be6-4a83-af5a-7b9f32511d41,R C,1,,bugs haven't improved they got worse,1,messages.android_20260702_05_RC05.phone_samsung_dynamic,2026-07-25T19:29:56,Hi there. We're sorry to hear that. The team is working hard to make Messages better over time. Please continue to help improve Messages by sending feedback within the Messages app through clicking the Menu button then the 'Help and Feedback' tab and tap 'Send Feedback'. Thank you.,2026-07-26T16:10:35
Google Messages,com.google.android.apps.messaging,Productivity,54208442-87cf-4237-944c-2e9c9c941d9e,Rayana,5,,"Finally they made it more customizable, not fully like message+ but this is a start!! I've not ever been so happy, thank you guys!",0,messages.android_20260702_05_RC05.phone_samsung_dynamic,2026-07-25T19:28:54,,
Google Messages,com.google.android.apps.messaging,Productivity,5be4ba4a-3d93-4c32-b749-ae91cb8b8c2c,Mbavhalelo Evidence,5,,good,0,messages.android_20260523_00_RC00.phone_samsung_dynamic,2026-07-25T19:25:04,,
Google Messages,com.google.android.apps.messaging,Productivity,9a9a7d6b-7355-477c-ab47-d4be17bf8e5e,Isa Mayes,1,,This app keeps deleting my previous messages with people by itself for no reason. This has happened twice now and it's the most annoying and stupid thing ever. If I could use another app for texting my friends and family then I would.,0,messages.android_20260702_05_RC05.phone_dynamic,2026-07-25T19:24:24,Hi Isa. Can you try to uninstall and reinstall the Messages app itself? Open the Play Store app > search Messages app > Uninstall > Reinstall/Update. You can also submit feedback within the Messages app by clicking the Menu button then the 'Help and Feedback' tab and tap 'Send Feedback'. Thanks.,2026-07-26T16:09:57
Google Messages,com.google.android.apps.messaging,Productivity,00274539-338a-4928-9ec2-9e75211e6283,Tridib Chakraborty,5,,Great 1.,0,messages.android_20260702_05_RC05.phone_dynamic,2026-07-25T19:21:01,,
Google Messages,com.google.android.apps.messaging,Productivity,eefd29f3-f066-4e4b-9070-ee39b863cf70,Murunwa Tshifhango,5,,if is efficient to use😊😊,0,messages.android_20260605_00_RC00.phone_samsung_dynamic,2026-07-25T19:20:27,,
Google Messages,com.google.android.apps.messaging,Productivity,25fea937-9ed9-4d46-a2bb-709e4849b35d,Ankit Giri,5,,nice,0,messages.android_20260622_01_RC00.phone_dynamic,2026-07-25T19:19:33,,
Google Messages,com.google.android.apps.messaging,Productivity,a439c14b-441a-43ea-8e94-356fc1607072,Regie Pablo,4,,oki,0,messages.android_20260702_05_RC05.phone.go_dynamic,2026-07-25T19:18:45,,
Google Messages,com.google.android.apps.messaging,Productivity,8e9dff93-4e42-4b13-892a-a21a0a7dad70,Md Jehad,5,,good,0,messages.android_20260702_05_RC05.phone_samsung_dynamic,2026-07-25T19:18:20,,
Google Messages,com.google.android.apps.messaging,Productivity,e3355ff5-86b3-4db2-b5f9-332f769dd42f,The Legend,1,,not good,0,messages.android_20260622_01_RC00.phone_samsung_dynamic,2026-07-25T19:17:15,,
Google Messages,com.google.android.apps.messaging,Productivity,4e77b757-329d-4cf2-a19a-0da037440268,Seljo Pal,5,,I hope we can react on the message,0,messages.android_20260702_05_RC05.phone_dynamic,2026-07-25T19:16:10,,
Google Messages,com.google.android.apps.messaging,Productivity,1cc62792-9ebf-48b7-87a9-37daf2858657,Thomas,1,,not good enough,0,,2026-07-25T19:13:49,,
Google Messages,com.google.android.apps.messaging,Productivity,1627227d-412c-4034-8a56-ea6a52ff0c63,Lokanath Pradhan,5,,good,0,messages.android_20260702_05_RC05.phone_dynamic,2026-07-25T19:13:33,,
Google Messages,com.google.android.apps.messaging,Productivity,9e1bf81d-5ce0-4a9b-bba1-ea6b165e58b7,Dbawj Shrestha,5,,Good,0,messages.android_20260702_05_RC05.phone_dynamic,2026-07-25T19:12:44,,
Google Messages,com.google.android.apps.messaging,Productivity,b9d4ecb8-5002-40cc-bea3-606ea8c3e39e,Slomo Myeza,1,,I don't receive messages,1,messages.android_20260702_05_RC05.phone_samsung_dynamic,2026-07-25T19:06:47,"Hi Slomo. We're sorry to hear that. Please see this link: https://goo.gle/2QKhL7g. If you are still experiencing issues, please submit feedback within the Messages app by tapping the three dot menu in the top right corner - Help & Feedback - Send Feedback. Thank you.",2026-07-26T13:36:04
Google Messages,com.google.android.apps.messaging,Productivity,0ceeaa9e-64ed-4001-8927-7e8010986761,Samuel Babata,1,,goodd,0,messages.android_20260702_05_RC05.phone_samsung_dynamic,2026-07-25T19:05:36,,
Google Messages,com.google.android.apps.messaging,Productivity,32e04fbf-0ace-43d0-8376-46280a3c0b6f,Sai Sai,5,,super,0,messages.android_20260707_00_RC04.phone_dynamic,2026-07-25T19:05:23,,
Google Messages,com.google.android.apps.messaging,Productivity,685b0fd7-2c2e-4019-8103-3098ca6d55a3,Rana Ji,5,,good,0,messages.android_20260605_00_RC00.phone_dynamic,2026-07-25T19:03:06,,
Google Messages,com.google.android.apps.messaging,Productivity,0a197a02-9991-4332-b03b-0402a4b66238,ADITYA KUMAR,5,,fast work in my mobile,0,messages.android_20260702_05_RC01.phone_samsung_dynamic,2026-07-25T18:59:26,,
Google Messages,com.google.android.apps.messaging,Productivity,8ac27688-caec-4064-854c-efc8c3c3f581,- frizno -,2,,Was forced to switch and it sucks. Lost several customization options and messages very often struggle to go through when I'm in common areas of my life where that wasn't a problem before. Hate it,0,messages.android_20251009_00_RC00.phone_dynamic,2026-07-25T18:59:03,,
Google Messages,com.google.android.apps.messaging,Productivity,3f0dc593-0595-4092-b992-fe873376b04f,arul muthu,5,,hi your nice 👍,0,messages.android_20260622_01_RC00.phone_dynamic,2026-07-25T18:56:40,,
Google Messages,com.google.android.apps.messaging,Productivity,92bd8972-3c79-450b-b15a-1008332daed7,Michael Liguori,1,,"What the heck happened. I'm being spammed disgustingly. Your spam filter no longer works within your text message service. This is absolutely awful. You're causing a massive security hole by not patching things. It's been at least 3 weeks now. This part is after Google developer replied, that was useless. The spam filter and other things are already on. You're service is not doing it's job for handling spam. The only additional thing done was to repeat the same feedback within the app.",1,messages.android_20260702_05_RC05.phone_dynamic,2026-07-25T18:52:12,Hi Michael. Check out this link for more information about spam protection: https://goo.gle/3H03cFy. You can also submit feedback within the Messages app by clicking the Menu button then the 'Help and Feedback' tab and tap 'Send Feedback' so that we can better track your request. Thank you.,2026-07-24T16:50:37
Google Messages,com.google.android.apps.messaging,Productivity,7478aac7-fa95-459b-9423-d200290157ce,Jeri Lyn,2,,"always getting bugs, old version of messages much more reliable & in my opinion easier to navigate.",1,messages.android_20260714_00_RC00.phone_dynamic,2026-07-25T18:51:46,Hi Jeri. Thank you for taking the time to provide feedback. We're sorry to hear that. We'll pass this along to the team so they can continue iterating on your feedback to make Messages even better. We ask that you submit feedback within the Messages app by clicking the Menu > Help and Feedback > Send Feedback. Thanks.,2026-07-26T16:04:34
Google Messages,com.google.android.apps.messaging,Productivity,97a35039-733a-41b3-a1dc-6d0d083851c5,Miranda Gee,5,,satisfying,0,messages.android_20250907_01_RC00.phone_dynamic,2026-07-25T18:44:13,,
Google Messages,com.google.android.apps.messaging,Productivity,691f939d-80ae-43ce-a98e-70e3ac3db373,Richard Acquah,5,,good,0,messages.android_20260611_04_RC01.phone_dynamic,2026-07-25T18:41:46,,
Google Messages,com.google.android.apps.messaging,Productivity,b0e576cd-2cc5-41e9-bb34-6737a472b3d1,Shivganga Real estate,5,,good service good quality,0,messages.android_20260702_05_RC05.phone_dynamic,2026-07-25T18:40:38,,
Google Messages,com.google.android.apps.messaging,Productivity,a7a2126a-57f8-4564-a624-21b486e52d45,Lechon Peters,1,,Don't like the fact I have no choice in switching 😕,0,messages.android_20251009_00_RC00.phone_samsung_dynamic,2026-07-25T18:38:04,,
Google Messages,com.google.android.apps.messaging,Productivity,a386191a-7d33-41f2-9265-479cbd595efa,Rajesh kumar,5,,good,0,messages.android_20260622_01_RC00.phone_dynamic,2026-07-25T18:34:20,,
Google Messages,com.google.android.apps.messaging,Productivity,2151ff86-6034-4077-bb55-cfecc657fe5c,marius berg øie,1,,"cant delete it i cant copy/paste your response, but what a garbage response!! i still cant delete it",0,messages.android_20251110_01_RC02.wear_dynamic,2026-07-25T18:34:14,Hi Marius. Learn more on how to delete or disable apps on Android. See link here: http://goo.gle/38bh28S. Hope this helps.,2026-07-19T00:50:07
Google Messages,com.google.android.apps.messaging,Productivity,cfb2d2f2-8cca-401f-8650-1001d7960c4d,JUSTICE,5,,good 👍,0,messages.android_20260702_05_RC05.phone_samsung_dynamic,2026-07-25T18:32:55,,
Google Messages,com.google.android.apps.messaging,Productivity,dd571fa0-45f3-4f93-9ba5-a16b6319475a,Ryan Smith,2,,"goes blank n black, can't do anything when it does but hope like hell it works after installing n reinstalling",0,messages.android_20260702_05_RC05.phone_dynamic,2026-07-25T18:31:25,Hi Ryan. Can you try to uninstall and reinstall the Messages app itself? Open the Play Store app > search Messages app > Uninstall > Reinstall/Update. Thanks.,2026-07-26T16:03:05
Google Messages,com.google.android.apps.messaging,Productivity,038d70fa-9cc8-4a62-a2e8-0e2832232991,Sharon Simmons,3,,does not show time of received messages...not good!,0,messages.android_20260702_05_RC05.phone_dynamic,2026-07-25T18:31:22,Hi Sharon. Swipe or drag your finger from the right side of the screen toward the left to view the timestamps for all messages in the conversation simultaneously. Thanks.,2026-07-26T16:00:55
Google Messages,com.google.android.apps.messaging,Productivity,60962f7c-0491-47bd-9875-3a63b9cea0cb,Vickie McLendon,1,,keeps crashing,1,messages.android_20260714_00_RC00.phone_samsung_dynamic,2026-07-25T18:30:17,Hi Vickie. Can you try to uninstall and reinstall the Messages app itself? Open the Play Store app > search Messages app > Uninstall > Reinstall/Update. Thanks.,2026-07-26T13:34:57
Google Messages,com.google.android.apps.messaging,Productivity,60c134ab-c983-4f09-90e0-42844a1b2f54,Anup Chaudary,5,,excellent service,0,messages.android_20260522_00_RC00.phone_dynamic,2026-07-25T18:29:06,,
Google Messages,com.google.android.apps.messaging,Productivity,5899132e-3a1d-403e-92aa-beb0d79ad2ab,Tony Fortuna,5,,you have done a grate job,0,messages.android_20260702_05_RC05.phone_samsung_dynamic,2026-07-25T18:27:05,,
Google Messages,com.google.android.apps.messaging,Productivity,61cc78d7-2c85-49ed-9374-f5cce7b182fc,Sandrakay,4,,easy to use apps and such for older people also,0,messages.android_20260702_05_RC05.phone_samsung_dynamic,2026-07-25T18:22:55,,
Google Messages,com.google.android.apps.messaging,Productivity,d7e7dcab-4feb-450d-8e06-5a1df24c84e0,Arbindra Mahato,5,,good,0,messages.android_20260622_01_RC00.phone_samsung_dynamic,2026-07-25T18:21:48,,
Google Messages,com.google.android.apps.messaging,Productivity,186f45e3-d1d0-4a2e-9780-1108a10888b4,Heidi Demasi,2,,"App often won't open texts, just black screen when I try to open a conversation. Frustrating!!",0,messages.android_20260702_05_RC05.phone_dynamic,2026-07-25T18:20:49,Hi Heidi. Can you try to uninstall and reinstall the Messages app itself? Open the Play Store app > search Messages app > Uninstall > Reinstall/Update. Thanks.,2026-07-26T13:33:46
Google Messages,com.google.android.apps.messaging,Productivity,407486e7-1b02-466d-bc83-16c888e93de2,Shiva Shah,1,,there is very stupid thing that's delay...... in receiving important short codes(OTP). .pls fix this BTW overall experience is good but this delay of messages problem must be solved,0,messages.android_20260707_00_RC05.phone_dynamic,2026-07-25T18:19:35,"Hi Shiva. We're sorry to hear that. Please see this link: https://goo.gle/2QKhL7g. Messages by Google just displays the OTP sent by carriers or other third party apps. The process of transmitting may incur delays depending on various factors. For best help, please reach out to your carrier. Thanks.",2026-07-26T16:00:03
Google Messages,com.google.android.apps.messaging,Productivity,bbf767e4-be94-4bb0-be8c-c9360d631100,Alex Nelson,1,,I prefer android messaging...!,0,messages.android_20260702_05_RC05.phone_dynamic,2026-07-25T18:19:34,,
Google Messages,com.google.android.apps.messaging,Productivity,6a7bca49-199d-4065-8106-83111586a4ea,Jerry Estimo,5,,nice,0,messages.android_20260707_00_RC04.phone_dynamic,2026-07-25T18:15:34,,
Google Messages,com.google.android.apps.messaging,Productivity,3e003dda-f7de-4099-aa22-a4bce66d9c82,Nasim Alam,5,,nice 👍,0,messages.android_20260611_04_RC01.phone_dynamic,2026-07-25T18:13:37,,
Google Messages,com.google.android.apps.messaging,Productivity,6baa6e65-b539-4d55-8b2b-6a8c421f5cf7,Zinmar phyo Zinmar,5,,thank,0,messages.android_20250907_01_RC00.phone_dynamic,2026-07-25T18:12:09,,
Google Messages,com.google.android.apps.messaging,Productivity,1d74a59a-e013-47a8-b8a3-c47d1e33c8ac,Hare Krishna,5,,good,0,messages.android_20260601_00_RC00.phone_dynamic,2026-07-25T18:09:29,,
Google Messages,com.google.android.apps.messaging,Productivity,639d6f2e-2dbe-4b37-b191-ab89f8f14f66,Habiba Sheikh,4,,very good 😊,0,messages.android_20260622_01_RC00.phone_dynamic,2026-07-25T18:04:41,,
Google Messages,com.google.android.apps.messaging,Productivity,2884bb42-4642-40bb-9d05-0ceb49055ee6,Nidhi Thakkar,5,,👍,0,messages.android_20260605_00_RC00.phone_samsung_dynamic,2026-07-25T18:02:57,,
Google Messages,com.google.android.apps.messaging,Productivity,d60d8422-fa07-48d7-b9f7-f3fb74bc5ec9,Metal Dennis,5,,good,0,messages.android_20260702_05_RC05.phone_dynamic,2026-07-25T18:00:03,,
Google Messages,com.google.android.apps.messaging,Productivity,f523e6ec-379f-4ea8-b037-024c68a18a1c,Deborah Hughes,1,,what happened to my regular text,0,messages.android_20260615_04_RC00.phone_dynamic,2026-07-25T17:55:19,"Hi Deborah. Thanks for your review! In order to help you, could you kindly elaborate on your feedback? Thanks.",2026-07-26T15:57:27
Google Messages,com.google.android.apps.messaging,Productivity,4582a1be-391a-4459-8012-9fe26e45b952,Abdullah hidop,5,,helping my Glamour,0,messages.android_20260714_00_RC00.phone_dynamic,2026-07-25T17:51:29,,
Google Messages,com.google.android.apps.messaging,Productivity,bc8ac326-9afd-4210-a94f-0cfe3f41018b,Louella Marjolhyn Erispe,2,,Super late when receiving message,1,messages.android_20260702_05_RC05.phone_dynamic,2026-07-25T17:50:05,"Hi Louella. We're sorry to hear that. Please see this link: https://goo.gle/2QKhL7g. If you are still experiencing issues, please submit feedback within the Messages app by tapping the three dot menu in the top right corner - Help & Feedback - Send Feedback. Thank you.",2026-07-26T13:32:36
Google Messages,com.google.android.apps.messaging,Productivity,fab323cf-2423-488f-9091-db7c15da25e9,SUNIL KUMAR SAINI,4,,thank,0,messages.android_20260611_04_RC02.phone_dynamic,2026-07-25T17:49:45,,
Google Messages,com.google.android.apps.messaging,Productivity,65c51240-b207-4a96-bc57-cbc24f0ece4a,N Dhepana,4,,good,0,messages.android_20260605_00_RC00.phone_dynamic,2026-07-25T17:49:16,,
Google Messages,com.google.android.apps.messaging,Productivity,5b471f03-9bef-4bb6-9851-30ad4cb3c14b,Samuel Davis Jr.,1,,this messages app needs a quick fix where individual messages can be deleted quickly without deleting the complete conversation history!,0,messages.android_20260702_05_RC05.phone_samsung_dynamic,2026-07-25T17:47:51,Hi Samuel. Please see instructions on how to delete message: https://goo.gle/31U1IdE. You can also submit feedback within the Messages app by clicking the Menu button then the 'Help and Feedback' tab and tap 'Send Feedback'. Thanks.,2026-07-26T15:52:09
Google Messages,com.google.android.apps.messaging,Productivity,8bebbaea-9bd4-4000-b14d-43bd14d227de,Parbati Maurya,5,,👍,0,messages.android_20260622_01_RC00.phone_samsung_dynamic,2026-07-25T17:46:17,,
Google Messages,com.google.android.apps.messaging,Productivity,c21312e1-1be0-491e-83e1-7bfd20ae833e,Afreen Fatima AMU,5,,Nice,0,messages.android_20260622_01_RC00.phone_dynamic,2026-07-25T17:44:29,,
Google Messages,com.google.android.apps.messaging,Productivity,fc9185da-f8cd-4b7f-a283-19132ab1f5c1,Tyra Jackson,1,,"I detest using this app and wish I could still use Samsung messages. It feels like I'm using social media messages instead of just using my phone for it's intended purpose. There's no personality, it's so ""corporate"". Doesn't feel like texting my loved ones, but texting a co-worker. Hate it, looking for alternatives.",0,,2026-07-25T17:43:42,Hi Tyra. We're sorry to hear that. The team is working hard to make Messages better over time. Please continue to help improve Messages by sending feedback within the Messages app through clicking the Menu button then the 'Help and Feedback' tab and tap 'Send Feedback'. Thank you.,2026-07-26T15:17:50
Google Messages,com.google.android.apps.messaging,Productivity,1b0b1b46-9cc3-4a89-8fdb-44444b96851d,Edgar Smith,5,,unfortunately I cannot give you a rating here the app has stopped working please help,0,messages.android_20260702_05_RC05.phone_dynamic,2026-07-25T17:42:54,,
Google Messages,com.google.android.apps.messaging,Productivity,b35a305d-330b-42a1-8af8-ec3756322d30,Gagi Aslam,5,,good,0,messages.android_20260702_05_RC05.phone_samsung_dynamic,2026-07-25T17:42:08,,
Google Messages,com.google.android.apps.messaging,Productivity,536a816b-642c-46ff-b544-3c60dcf69280,Praful Sonkusare,5,,Message is properly,0,messages.android_20231010_01_RC03.phone_dynamic,2026-07-25T17:41:11,,
Google Messages,com.google.android.apps.messaging,Productivity,6ca0a4b3-11de-411c-ab10-298fa62ed5a4,Aaditya Chaudhary,3,,good,0,messages.android_20260702_05_RC05.phone.go_dynamic,2026-07-25T17:37:57,,
Google Messages,com.google.android.apps.messaging,Productivity,7b888649-25e0-4e87-baee-c4945e345daf,Mujtabakhan Mujtabakhan,5,,good wy of conversation,0,messages.android_20260702_05_RC05.phone_dynamic,2026-07-25T17:33:57,,
Google Messages,com.google.android.apps.messaging,Productivity,074d6c0b-82f7-4619-8ebf-12fcdabbaafc,Neema George,5,,my Yas message not sent,0,messages.android_20260702_05_RC05.phone.go_dynamic,2026-07-25T17:32:09,,
Google Messages,com.google.android.apps.messaging,Productivity,a97d6835-339f-49a4-ade8-09dc0e5f3c5d,Asit Pondith,5,,this is very bad,0,messages.android_20260622_01_RC00.phone_dynamic,2026-07-25T17:31:38,,
Google Messages,com.google.android.apps.messaging,Productivity,04604f22-1284-450a-9c50-2da4fa0b3fc6,Dyami Marchese,3,,messages split into 2 for almost every one person I try and text,0,messages.android_20260702_05_RC03.phone_samsung_dynamic,2026-07-25T17:31:32,,
Google Messages,com.google.android.apps.messaging,Productivity,2964f8f9-2c31-4822-8d14-dd4e96621cd5,Elizabeth Beehler,5,,interesting 😊,0,messages.android_20260702_05_RC05.phone_samsung_dynamic,2026-07-25T17:29:36,,
Google Messages,com.google.android.apps.messaging,Productivity,a1b08251-97f2-4b39-bcec-ce65c19e4c63,Tony P,1,,I do not get texts from iPhones,0,messages.android_20260702_05_RC05.phone_dynamic,2026-07-25T17:28:09,,
Google Messages,com.google.android.apps.messaging,Productivity,f3c7f57e-b2d2-4361-b2c4-f7da9f1e36c7,Shoury Patel,5,,good,0,messages.android_20260702_05_RC05.phone_dynamic,2026-07-25T17:28:05,,
Google Messages,com.google.android.apps.messaging,Productivity,babc59c2-dbdd-40cc-8b7c-519c2a670c1a,Brian Gitau,5,,best app ever 👍😀,0,messages.android_20260702_05_RC05.phone.go_dynamic,2026-07-25T17:25:31,,
Google Messages,com.google.android.apps.messaging,Productivity,5cb8ca29-fa08-4a94-87cd-a7dbeb34023a,BIKRAM HARIPAL,5,,Good 👍,0,messages.android_20260601_00_RC00.phone_samsung_dynamic,2026-07-25T17:25:09,,
Google Messages,com.google.android.apps.messaging,Productivity,7991a635-165c-4b12-85d4-0cf52806bc40,ESMAIL ANSARI,5,,good,0,messages.android_20260605_00_RC00.phone_dynamic,2026-07-25T17:24:05,,
Google Messages,com.google.android.apps.messaging,Productivity,7d222096-d7a5-47cc-a2b3-c1f9abb7f53a,Vivek Ravani,1,,bug: on multi/dual SIM device if SMS is received from alphanumeric short code then this app doesn't not show on which SIM the conversation is going on.,24,messages.android_20260702_05_RC05.phone_dynamic,2026-07-25T17:16:26,"Hi, Vivek. Thanks for your review. Please continue providing your feedback and helping us make Messages even better! You can also submit a feedback within the Messages app by clicking the Menu button then the 'Help and Feedback' tab and tap 'Send Feedback' so that we can better track your request. Thank you.",2021-09-17T03:13:50
Google Messages,com.google.android.apps.messaging,Productivity,1e038518-05a1-47f4-898d-bf4143a75822,Anam Khan,5,,nice,0,messages.android_20260702_05_RC05.phone_dynamic,2026-07-25T17:14:55,,
Google Messages,com.google.android.apps.messaging,Productivity,6652ba56-d453-4596-af06-5724fafb840e,denver elarde,1,,I can't send a code,1,messages.android_20260702_05_RC05.phone_dynamic,2026-07-25T17:11:54,"Hi Denver. We're sorry to hear that. Please see this link: https://goo.gle/2QKhL7g. If you are still experiencing issues, please submit feedback within the Messages app by tapping the three dot menu in the top right corner - Help & Feedback - Send Feedback. Thank you.",2026-07-26T15:16:33
Google Messages,com.google.android.apps.messaging,Productivity,52fa9257-f32d-4797-9b85-d1f7c5db519e,Alison Yakel,2,,cannot figure out how to send messages without using data,0,messages.android_20260702_05_RC05.phone_samsung_dynamic,2026-07-25T17:11:52,"Hi Alison. Google Messages can still be sent as SMS or MMS. You can check and set your default option when RCS isn't available by following the steps here: https://goo.gle/3zSoIxi. Moreover, learn how to turn RCS Chat on or off using this link: http://goo.gle/3anGNm5. Hope it helps!",2026-07-26T15:13:13
Google Messages,com.google.android.apps.messaging,Productivity,72ac64b2-e8ac-42e6-af8b-096fc3546d1c,Khaleel Ahmed,5,,good,0,messages.android_20260707_00_RC04.phone_dynamic,2026-07-25T17:11:44,,
Google Messages,com.google.android.apps.messaging,Productivity,eb835407-a5b2-4d20-89dc-4dc6eeb65609,Raj Kumar,5,,very nice,0,messages.android_20260702_05_RC01.phone_dynamic,2026-07-25T17:11:11,,
Google Messages,com.google.android.apps.messaging,Productivity,f53f71d1-d7fe-4ebd-926d-024da1eaf580,Rukasanà.jainudeen Shaikh,4,,गुड 👌👌,0,messages.android_20260702_05_RC05.phone_samsung_dynamic,2026-07-25T17:09:32,,
Google Messages,com.google.android.apps.messaging,Productivity,8bfa6fd6-84cd-4457-bf89-6e76699822ab,মো শাকিল,5,,nice,0,messages.android_20260707_00_RC05.phone_dynamic,2026-07-25T17:09:23,,
Google Messages,com.google.android.apps.messaging,Productivity,07cb906c-d53e-4a27-a218-cdb3dc9ee945,durai Pandi,5,,super,0,messages.android_20241029_00_RC01.phone_dynamic,2026-07-25T17:05:16,,
Google Messages,com.google.android.apps.messaging,Productivity,038d78b3-510d-4f41-8b10-c228dcc39c67,Usman Ali,5,,Good,0,messages.android_20260702_05_RC05.phone_samsung_dynamic,2026-07-25T16:50:37,,
Google Messages,com.google.android.apps.messaging,Productivity,9557b84d-1cee-43b7-bf9a-f02887cba765,Kiiza Rymon,5,,obviously I award it for the great updates I receive daily. ❣️❣️❤️❤️❤️❤️❤️❤️❤️❤️❤️❤️❤️❤️❤️❤️❤️❤️❣️❣️,0,messages.android_20260622_01_RC00.phone_dynamic,2026-07-25T16:50:37,,
Google Messages,com.google.android.apps.messaging,Productivity,551ff206-9481-4fe1-aa79-5de85782c8a6,Elizabeth Duggan,3,,constantly closes while typing,1,messages.android_20260702_05_RC05.phone_dynamic,2026-07-25T16:49:23,Hi Elizabeth. Can you try to uninstall and reinstall the Messages app itself? Open the Play Store app > search Messages app > Uninstall > Reinstall/Update. Thanks.,2026-07-26T13:31:46
Google Messages,com.google.android.apps.messaging,Productivity,e43fe5a1-898d-484d-b7d1-a221e698a1d6,Shreya Gamit,5,,good app,0,messages.android_20260707_00_RC04.phone_samsung_dynamic,2026-07-25T16:44:24,,
Google Messages,com.google.android.apps.messaging,Productivity,168b719d-2a56-4546-b7e3-944ef1604978,Hanse Joklu,5,,nice,0,messages.android_20260615_04_RC00.phone_dynamic,2026-07-25T16:42:10,,
Google Messages,com.google.android.apps.messaging,Productivity,53ba083c-9558-41e9-832e-1ef863d9908c,Jerwin Butad,1,,lala tagal mag send nang code,0,messages.android_20260702_05_RC05.phone_dynamic,2026-07-25T16:37:53,,
Google Messages,com.google.android.apps.messaging,Productivity,69e85d06-1e18-49d5-97ad-f6a1b48f66ee,Oscar Kwashie Gbekle,5,,Great,0,messages.android_20260611_04_RC01.phone_dynamic,2026-07-25T16:37:44,,
Google Messages,com.google.android.apps.messaging,Productivity,927f4ad5-e185-43f1-ac4b-b071ad7a2c13,Animesh Ghosh,2,,please give an option to delete every messages at once.,1,messages.android_20260707_00_RC01.phone_dynamic,2026-07-25T16:37:42,"Hi Animesh. To delete messages in bulk, you can make use of this link for further assistance: https://goo.gle/31U1IdE. You can also submit feedback within the Messages app by clicking the Menu button then the 'Help and Feedback' tab and tap 'Send Feedback'. Thanks.",2026-07-26T15:11:43
Google Messages,com.google.android.apps.messaging,Productivity,36c62a42-24c3-48be-bc17-21e15db625c4,Mohd atik Ansari,5,,good 👍,0,messages.android_20260702_05_RC05.phone_dynamic,2026-07-25T16:34:49,,
Google Messages,com.google.android.apps.messaging,Productivity,c4e37237-0f57-4119-a97d-4e959523aa4c,Rathav Divyesh,5,,nice,0,messages.android_20260702_05_RC05.phone_dynamic,2026-07-25T16:34:36,,
Google Messages,com.google.android.apps.messaging,Productivity,b9bf9e40-83db-4fd2-b794-b13ba103ca50,Ohentse France,5,,help me so much,0,messages.android_20260615_04_RC00.phone_dynamic,2026-07-25T16:31:42,,
Google Messages,com.google.android.apps.messaging,Productivity,1d9a402a-9574-4897-88c3-24e9e6ae4db1,ItsMuraiii,3,,late receive sometime.,0,messages.android_20260702_05_RC05.phone_samsung_dynamic,2026-07-25T16:29:36,"Hi there. We're sorry to hear that. Please see this link: https://goo.gle/2QKhL7g. If you are still experiencing issues, please submit feedback within the Messages app by tapping the three dot menu in the top right corner - Help & Feedback - Send Feedback. Thank you.",2026-07-26T13:30:46
Google Messages,com.google.android.apps.messaging,Productivity,5801ad18-651f-4455-ad1b-c1c4bb3ca978,Muhammad Ali,5,,great,0,messages.android_20260702_05_RC05.phone_samsung_dynamic,2026-07-25T16:27:36,,
Google Messages,com.google.android.apps.messaging,Productivity,8d5ef761-36b1-4c58-a19a-3abbac736581,Md. Sunvi,1,,good,0,messages.android_20260707_00_RC05.phone_dynamic,2026-07-25T16:26:48,,
Google Messages,com.google.android.apps.messaging,Productivity,25cfe567-6a88-4839-a650-29cb69f50555,Hemlata Khatumara,4,,good service,0,messages.android_20260523_00_RC00.phone_dynamic,2026-07-25T16:23:21,,
Google Messages,com.google.android.apps.messaging,Productivity,d3a4af59-8df4-4278-86a8-a43985d09568,Shahna Fateema,2,,ok,0,messages.android_20260622_01_RC00.phone_dynamic,2026-07-25T16:23:12,,
Google Messages,com.google.android.apps.messaging,Productivity,4c6919fc-324a-4032-bec5-d5e2b657d53f,Ian Odhiambo,5,,good 👍,0,messages.android_20260702_05_RC05.phone_dynamic,2026-07-25T16:22:05,,
Google Messages,com.google.android.apps.messaging,Productivity,d1b998de-e8be-452f-b1a2-107c13a3868a,Hero Kumar,3,,good,0,messages.android_20260615_04_RC00.phone_dynamic,2026-07-25T16:19:07,,
Google Messages,com.google.android.apps.messaging,Productivity,0ced1ee1-5e57-4a68-86f1-0edfaea67c1a,Abbas Shaikh,1,,After the recent update my messages app is not working properly Text messages taking longer to send and always showing rcs 😠😠,0,messages.android_20260702_05_RC05.phone_dynamic,2026-07-25T16:10:18,Hi Abbas. Can you try to uninstall and reinstall the Messages app itself? Open the Play Store app > search Messages app > Uninstall > Reinstall/Update. Please see this link: https://goo.gle/2QKhL7. You can also submit feedback within the Messages app by clicking the Menu button then the 'Help and Feedback' tab and tap 'Send Feedback'. Thanks.,2026-07-26T15:09:19
Google Messages,com.google.android.apps.messaging,Productivity,73314cb0-1f4c-4dbc-a259-2bf9abfcdce2,Aashu Shani,5,,excellent,0,messages.android_20260428_00_RC02.phone_dynamic,2026-07-25T16:08:58,,
Google Messages,com.google.android.apps.messaging,Productivity,7e28cb4f-d3ae-4fed-912a-17b9f793c9c6,King Jogi,3,,okay,0,messages.android_20260605_00_RC00.phone_dynamic,2026-07-25T16:08:22,,
Google Messages,com.google.android.apps.messaging,Productivity,eaed4ba8-5d10-4f76-bab7-1a4d4d33dd05,Bonnella Smith,3,,"I send msgs out every morning and all day because it's my way to communicate and it's not working today, hasn't worked since last night and I can't fix it! There's no way available for me to find out HOW to fix it!! HELP PLEASE",0,messages.android_20260707_00_RC04.phone_dynamic,2026-07-25T16:06:43,"Hi there. We're sorry to hear that. Please see this link: https://goo.gle/2QKhL7g. If you are still experiencing issues, please submit feedback within the Messages app by tapping the three dot menu in the top right corner - Help & Feedback - Send Feedback. Thank you.",2026-07-26T14:05:54
Google Messages,com.google.android.apps.messaging,Productivity,0cc8f259-f42c-410a-a33f-c39e7d35f4d3,Jeremia Negumbo,5,,excellent,0,messages.android_20260702_05_RC05.phone_samsung_dynamic,2026-07-25T16:06:38,,
Google Messages,com.google.android.apps.messaging,Productivity,a017cc62-fb41-4113-843d-41efafb0cb0b,Vinod Yadav,5,,good,0,messages.android_20260702_05_RC05.phone_dynamic,2026-07-25T16:06:22,,
Google Messages,com.google.android.apps.messaging,Productivity,c9ff7d9b-1355-4a15-823a-76111a63e659,Naraindas Thakur,4,,good,0,messages.android_20260702_05_RC05.phone_samsung_dynamic,2026-07-25T16:01:26,,
Google Messages,com.google.android.apps.messaging,Productivity,1b597453-2add-4cd3-beff-6f257e6fe2dc,Christopher Davis,2,,"Do not like the presentation, loses functionality with every update, now I cannot see photos in my gallery to attach, and won't downsize photos to send to sms phones any more. Spend hours trying to fix. Just gets worse and worse.",0,messages.android_20260707_00_RC04.phone_samsung_dynamic,2026-07-25T15:58:57,Hi Christopher. Thank you for taking the time to provide feedback. We're sorry to hear that. We'll pass this along to the team so they can continue iterating on your feedback to make Messages even better. We ask that you submit feedback within the Messages app by clicking the Menu > Help and Feedback > Send Feedback. Thanks.,2026-07-26T15:06:40
Google Messages,com.google.android.apps.messaging,Productivity,95fb111c-5882-4f01-ad61-0f539b924b33,kapil,5,,good,0,messages.android_20260702_05_RC05.phone_dynamic,2026-07-25T15:58:49,,
Google Messages,com.google.android.apps.messaging,Productivity,3d3ee4c5-5a80-47fd-9e05-7726c724f01f,Sagar Shanthi,5,,good 👍,0,messages.android_20260702_05_RC05.phone_dynamic,2026-07-25T15:57:35,,
Google Messages,com.google.android.apps.messaging,Productivity,61947b43-faaf-4210-9011-1fc2d9bc437a,Lalo Aedo,5,,good,0,messages.android_20260702_05_RC05.phone_samsung_dynamic,2026-07-25T15:55:23,,
Google Messages,com.google.android.apps.messaging,Productivity,9a22ef0f-d9e3-478f-be0e-e13ddaef2aab,Kwanele Khuboni,4,,Nice 1,0,messages.android_20260428_00_RC02.phone.go_dynamic,2026-07-25T15:55:03,,
Google Messages,com.google.android.apps.messaging,Productivity,bae98596-87b0-473b-a56b-4c2aeeb552ed,Manoj Sharma,5,,good 👍,0,messages.android_20260702_05_RC05.phone_samsung_dynamic,2026-07-25T15:54:36,,
Google Messages,com.google.android.apps.messaging,Productivity,f8fe29bf-d7da-4311-9bdb-badb72b2564e,ANMOL Chouhan,5,,good,0,messages.android_20260611_04_RC01.phone_dynamic,2026-07-25T15:53:18,,
Google Messages,com.google.android.apps.messaging,Productivity,fe95b462-287a-4155-97a4-57ce1769dcae,Kunda,1,,slow and wont let me send pictures!!!!,0,messages.android_20260702_05_RC06.phone_samsung_dynamic,2026-07-25T15:52:02,"Hi Kunda. Can you try to uninstall and reinstall the Messages app itself? Open the Play Store app > search Messages app > Uninstall > Reinstall/Update. Messages lets you send and receive photos, videos, audio files, or GIFs as multimedia over MMS. Some steps only work on Android 6.0 and up. Check this link to learn more: https://goo.gle/3O2rmTp.",2026-07-26T13:29:47
Google Messages,com.google.android.apps.messaging,Productivity,ce8143a5-a0de-474b-a57d-653893590d3f,Habijur Rohoman,5,,🥰🥰🥰,0,messages.android_20260702_05_RC05.phone_dynamic,2026-07-25T15:51:04,,
Google Messages,com.google.android.apps.messaging,Productivity,706687ab-54a2-443d-9e8e-96e5018a1828,Sachin Mali,5,,nice,0,messages.android_20260702_05_RC05.phone_dynamic,2026-07-25T15:43:14,,
Google Messages,com.google.android.apps.messaging,Productivity,dad670d1-413d-48d4-897b-983d61434518,MD khaja Hussain,5,,good 👍😊,0,messages.android_20260622_01_RC00.phone_dynamic,2026-07-25T15:43:01,,
Google Messages,com.google.android.apps.messaging,Productivity,c87f6d9b-cd0b-47f7-9df4-704f119cb5f1,Tami Ingram,2,,did not tranfer all my attachments and photos from Android msg app,0,messages.android_20260424_00_RC03.phone_dynamic,2026-07-25T15:42:08,,
Google Messages,com.google.android.apps.messaging,Productivity,57457025-a7d7-4338-9f1b-f5c1803889a4,Frank Daniel,1,,I find it hard to send messages,1,messages.android_20250803_01_RC01.phone.go_dynamic,2026-07-25T15:40:15,"Hi Frank. We're sorry to hear that. Please see this link: https://goo.gle/2QKhL7g. If you are still experiencing issues, please submit feedback within the Messages app by tapping the three dot menu in the top right corner - Help & Feedback - Send Feedback. Thank you.",2026-07-26T10:08:56
Google Messages,com.google.android.apps.messaging,Productivity,5396fcb5-4bb1-48d2-b2f4-1303ce82c6ff,Sujan M,1,,Constant RCS ads from Jio and unwanted companies. Even after reporting or blocking they still keep coming up. Switching back to Samsung messenger.,0,messages.android_20260702_05_RC05.phone_samsung_dynamic,2026-07-25T15:37:06,"Hi Sujan. To block spam messages, please touch and hold the conversation you want to report then tap the Block button - Report spam - OK. Check out the link for more information: https://goo.gle/4guygOd. You can also submit feedback within the Messages app by clicking the Menu button then the 'Help and Feedback' tab and tap 'Send Feedback'. Thanks.",2026-07-26T13:41:26
Google Messages,com.google.android.apps.messaging,Productivity,248890b3-ca14-4e2b-a864-f10107758d3e,S.M Surya,5,,please help me,0,messages.android_20260702_05_RC05.phone_dynamic,2026-07-25T15:35:11,,
Google Messages,com.google.android.apps.messaging,Productivity,d3545979-a3f6-436b-bd52-0636a429af57,Manjunath Kattimani,5,,good,0,messages.android_20260702_05_RC05.phone_samsung_dynamic,2026-07-25T15:32:58,,
Google Messages,com.google.android.apps.messaging,Productivity,b7e6512a-8c33-4632-a272-23f52d264ff1,J Man,1,,This app is Horrendous,1,messages.android_20260702_05_RC05.phone_samsung_dynamic,2026-07-25T15:28:31,Hi there. Thank you for taking the time to provide feedback. We're sorry to hear that. We'll pass this along to the team so they can continue iterating on your feedback to make Messages even better. We ask that you submit feedback within the Messages app by clicking the Menu > Help and Feedback > Send Feedback. Thanks.,2026-07-26T13:38:38
