app_name,app_id,category,review_id,username,rating,title,text,thumbs_up_count,review_created_version,at,reply_content,reply_at
Free Fire: 9th Anniversary,com.dts.freefireth,Gaming,243b988c-f20a-4a11-8cf2-b3c04c9e2849,SM SRABON,5,,ok,1,1.128.2,2026-07-26T16:26:22,,
Free Fire: 9th Anniversary,com.dts.freefireth,Gaming,bdad466b-a1ee-4d62-adfd-603e67738e3f,Humaidatil Husna,5,,this game so best,1,1.128.2,2026-07-26T16:25:19,,
Free Fire: 9th Anniversary,com.dts.freefireth,Gaming,36e89cd1-d2ec-4eb0-9b2c-924c3c74d96b,David Haunted,5,,"among the best shooting games, I have ever seen",0,1.129.1,2026-07-26T16:24:04,,
Free Fire: 9th Anniversary,com.dts.freefireth,Gaming,da7673b2-ce99-4088-95c1-3ce2734aad0f,Samuel Uchenna,5,,it's a gud and nice game can leave it,0,1.126.1,2026-07-26T16:22:29,,
Free Fire: 9th Anniversary,com.dts.freefireth,Gaming,7df2b62b-e2b6-4202-8d9e-291559717e2c,Shah Fahad,5,,this is amazing and good game,0,,2026-07-26T16:21:59,,
Free Fire: 9th Anniversary,com.dts.freefireth,Gaming,5eb284d2-f37d-4135-bf35-a4c022e97e4a,Abdul Mueez Butt,5,,This Game Is To Much fun,0,,2026-07-26T16:21:13,,
Free Fire: 9th Anniversary,com.dts.freefireth,Gaming,f0cc1995-f012-4857-8595-7a91c921c78c,Ram Shyam,5,,best game,0,,2026-07-26T16:21:03,,
Free Fire: 9th Anniversary,com.dts.freefireth,Gaming,0378c67d-0c73-4f8d-b002-c7b2ebc11f5b,Muhammad Asheem,4,,it's very good,0,1.129.1,2026-07-26T16:20:14,,
Free Fire: 9th Anniversary,com.dts.freefireth,Gaming,1dd81351-c7e0-460e-b62d-1dfb00cdc803,Rauf Awan,5,,it's a very very good and interesting game but if this game gave us the diamonds free then it will be very interesting game,0,1.129.1,2026-07-26T16:20:10,,
Free Fire: 9th Anniversary,com.dts.freefireth,Gaming,2e587dce-53f6-44e9-85e2-89d8f52b5240,Besiru Abubakar Sediki Emmanuel,5,,it's an amazing game.that do not waste your data,0,1.128.2,2026-07-26T16:19:50,,
Free Fire: 9th Anniversary,com.dts.freefireth,Gaming,75a0f390-7bd1-47f5-87cf-881fb75cf9d1,Sahil Gaming,5,,nice,0,,2026-07-26T16:19:01,,
Free Fire: 9th Anniversary,com.dts.freefireth,Gaming,3077f168-0e8f-4b89-a2bd-a34c1167bfe8,Rizwan Khichi,5,,It is very nice game for kids because when there summer vacancies than u can play with Ur friends and it allows to talk also....,0,1.128.2,2026-07-26T16:16:42,,
Free Fire: 9th Anniversary,com.dts.freefireth,Gaming,12994bf7-1b63-4350-ab1e-c3b4acb4d2b5,Savarivasan Savarivasan,5,,super,0,1.128.2,2026-07-26T16:16:26,,
Free Fire: 9th Anniversary,com.dts.freefireth,Gaming,798e8a1a-c30c-424d-bc18-6ccd38c470e8,Mst Amena,1,,nice game,0,1.126.1,2026-07-26T16:13:24,,
Free Fire: 9th Anniversary,com.dts.freefireth,Gaming,faa417ef-bebd-44a7-b07d-8b0740111fa4,Ace Cooper,1,,"I noticed a bug in the game. It seems the server doesn't register movement in real time For instance I was outside cover shooting an enemy, I go inside then the enemy shoots while I'm inside but it touches me even when I enter building, 2seconds I'm moving well then I get knocked down inside the building Then the replay clearly shows that I wasn't there when I was hit even when my ping is 30ms I noticed this with the new patch update please fix",85,1.129.1,2026-07-26T16:12:02,We are sorry to see you are having problems! The performance of the game is a priority for us and something we will continue to optimize.,2026-07-27T13:37:32
Free Fire: 9th Anniversary,com.dts.freefireth,Gaming,4f9660ea-017e-4058-b499-ab267dfcb99a,Salman _king,5,,GOOD💟💟,0,1.126.1,2026-07-26T16:11:27,,
Free Fire: 9th Anniversary,com.dts.freefireth,Gaming,f234801a-f1e8-41c4-ae45-d55377cc00c8,Jan Rayver Puguon,4,,Arrival emotes are cool but it would be great if used as an emote too,0,,2026-07-26T16:06:45,,
Free Fire: 9th Anniversary,com.dts.freefireth,Gaming,6607128c-7f69-49d7-ba74-c050500fe313,Luthando Sapula,5,,love it 🤩,0,,2026-07-26T16:05:39,,
Free Fire: 9th Anniversary,com.dts.freefireth,Gaming,a4a999b9-c933-411f-aac8-cb588ddd9381,Stephen Danso,3,,one of the best games so far.,0,1.123.1,2026-07-26T16:05:12,,
Free Fire: 9th Anniversary,com.dts.freefireth,Gaming,f90eb0fd-10f7-4790-8045-2a54cb0b4fe9,Suma Akther,5,,only ff lover😘😘😘,0,,2026-07-26T16:04:06,,
Free Fire: 9th Anniversary,com.dts.freefireth,Gaming,328953c0-b272-4f7e-8df2-89cd912b1f26,Tajudeen Abdul malik,1,,i love this game,0,1.126.1,2026-07-26T16:03:31,,
Free Fire: 9th Anniversary,com.dts.freefireth,Gaming,0006cfc7-19f4-4afc-b43b-901986318cb5,Rahmat Ullah,5,,bect game 🎮,0,1.129.1,2026-07-26T16:01:57,,
Free Fire: 9th Anniversary,com.dts.freefireth,Gaming,a7db2b44-cc4c-4875-887c-d82c432d7aa2,Alif Khan,5,,ভালো গেম,0,,2026-07-26T16:01:32,,
Free Fire: 9th Anniversary,com.dts.freefireth,Gaming,1dd1c077-2dbe-47a3-b512-97cfd1812cd8,Ana Ayo,5,,the best among all,0,1.128.2,2026-07-26T16:00:54,,
Free Fire: 9th Anniversary,com.dts.freefireth,Gaming,782afc5a-efbf-463f-af88-81959e7b9030,TGR Robin,5,,I love you free fire 😍😍😍🤩🤩🤩,0,1.129.1,2026-07-26T16:00:35,,
Free Fire: 9th Anniversary,com.dts.freefireth,Gaming,861f861c-8faa-4ba8-a028-6530acd6a420,ARAF NAMDEV,5,,how long playing in free fire me playing 5 years and you,0,,2026-07-26T15:55:32,,
Free Fire: 9th Anniversary,com.dts.freefireth,Gaming,ad190e4f-f0b8-46cd-bcc6-36cfc2529dba,Sta Lewanay,5,,I love freefire,0,,2026-07-26T15:54:14,,
Free Fire: 9th Anniversary,com.dts.freefireth,Gaming,2ffb6afb-2195-4baa-8651-b8ecd08d9cd4,Rotimi Halleluyah,5,,Love,0,1.129.1,2026-07-26T15:53:03,,
Free Fire: 9th Anniversary,com.dts.freefireth,Gaming,87d51334-8b7c-46aa-8d4e-f435db6a1dc8,Goodness Udop,5,,i love free fire,0,1.126.1,2026-07-26T15:52:11,,
Free Fire: 9th Anniversary,com.dts.freefireth,Gaming,9b0d4107-8dc8-4661-b42a-ec35323c4a0f,malik tahir,5,,free fire father of PUBG mobile,0,1.0.5,2026-07-26T15:49:13,,
Free Fire: 9th Anniversary,com.dts.freefireth,Gaming,30b41862-4294-4113-be25-3347d7f7bd92,Igwebikefamily,4,,it is a good and fun game,0,1.126.1,2026-07-26T15:48:59,,
Free Fire: 9th Anniversary,com.dts.freefireth,Gaming,7446b99c-5ed4-4128-8330-6d1671b64b83,Maqsood Shah,5,,please come back old freefire,0,1.109.1,2026-07-26T15:48:58,,
Free Fire: 9th Anniversary,com.dts.freefireth,Gaming,da00de8d-b07f-4d0c-8983-efa893761852,A Google user,5,,i.miss.you. old.free.fire,0,1.129.1,2026-07-26T15:48:43,,
Free Fire: 9th Anniversary,com.dts.freefireth,Gaming,09e257e7-254a-4367-87d9-d21f21385c37,Cheng Xiao,5,,my favorite game 😄,0,1.129.1,2026-07-26T15:48:26,,
Free Fire: 9th Anniversary,com.dts.freefireth,Gaming,770630c6-0255-4dd8-9809-d7cd7ee3f584,Rajveer Singh,5,,😮😮😮😮😮😮😮😮😮😮😮😮😮😮😮😮😮😮😮😮😮😮😮😮💆💆💆😍😍 God best application,0,,2026-07-26T15:47:14,,
Free Fire: 9th Anniversary,com.dts.freefireth,Gaming,3095eabd-e051-4a76-8ff9-a0cf15f61a70,Qaseh Erny,5,,"at the end , this game already be a part of my soul , thanks ☺️",0,1.120.1,2026-07-26T15:46:49,,
Free Fire: 9th Anniversary,com.dts.freefireth,Gaming,2c0d37f3-82fe-47a8-964b-4d5a02f81b67,Akiya,5,,good,0,1.129.1,2026-07-26T15:45:00,,
Free Fire: 9th Anniversary,com.dts.freefireth,Gaming,a2e6ee52-baf2-4a7b-91a5-f7c8104a8deb,Choudhry Fakhr Zaman,5,,game bhot slow hen,0,1.129.1,2026-07-26T15:45:00,,
Free Fire: 9th Anniversary,com.dts.freefireth,Gaming,1bd5215e-59ce-4a2b-84c8-4be1a13379c9,Toyin Zion,5,,But I don't like the srink,0,1.128.2,2026-07-26T15:44:07,,
Free Fire: 9th Anniversary,com.dts.freefireth,Gaming,d0fa3a3b-9c9f-44f0-bd51-3e519dd2f51c,Nixe,5,,GOOD GAME FOR TIME PASS BUT DONT GET EDICTED,0,1.129.1,2026-07-26T15:43:11,,
Free Fire: 9th Anniversary,com.dts.freefireth,Gaming,81a507e3-03df-4148-ba64-9893bfe6bb38,Mohammad Sufiyan,5,,that is the best game ever,1,1.129.1,2026-07-26T15:40:23,,
Free Fire: 9th Anniversary,com.dts.freefireth,Gaming,e63a319a-8dea-45ff-b893-9688ea54fa94,Sultan Zaib,4,,Garena wala net slo hai ya game download karo na please MB kam karo,0,,2026-07-26T15:39:48,,
Free Fire: 9th Anniversary,com.dts.freefireth,Gaming,495acc10-8d76-4331-b675-8ef91862c669,Abdullah Khan,5,,good,0,1.129.1,2026-07-26T15:38:47,,
Free Fire: 9th Anniversary,com.dts.freefireth,Gaming,6b0ffd00-6864-4bb7-a482-20e50d5dee44,Ambreen Khalid,5,,wow,1,1.129.1,2026-07-26T15:37:26,,
Free Fire: 9th Anniversary,com.dts.freefireth,Gaming,84621dda-967a-4728-a5f1-b7e6317de82f,Zubia Mohsin,5,,This is best off PUBG mobile,0,,2026-07-26T15:36:34,,
Free Fire: 9th Anniversary,com.dts.freefireth,Gaming,26d01cfe-a9ed-437a-9a65-85e4dad0f4e2,haya khan,5,,❤️❤️,0,,2026-07-26T15:35:51,,
Free Fire: 9th Anniversary,com.dts.freefireth,Gaming,8007612b-e1e7-4f2f-a9c1-967d8f3dc2f1,Jermain,5,,good,0,1.129.1,2026-07-26T15:35:18,,
Free Fire: 9th Anniversary,com.dts.freefireth,Gaming,120a9951-85c9-462f-8c88-5e7a50f6373b,Moeketsi Ketsi,5,,good game,0,1.129.1,2026-07-26T15:34:29,,
Free Fire: 9th Anniversary,com.dts.freefireth,Gaming,d17224b6-76b7-41e3-9560-433fc6601fc6,tharusha prabath,3,,supiri game akak,0,1.129.1,2026-07-26T15:33:22,,
Free Fire: 9th Anniversary,com.dts.freefireth,Gaming,7db7f590-9bad-40e7-9a3c-1b83b3fb57a9,MOHSIN Ali,5,,I AM PLYING 6 YEARS OLD,0,1.129.1,2026-07-26T15:32:56,,
Free Fire: 9th Anniversary,com.dts.freefireth,Gaming,ed931649-8cec-41e7-9cb6-c41b6d4733e1,Irfan Mustafa,5,,bhot achi game ha,0,1.128.2,2026-07-26T15:32:08,,
Free Fire: 9th Anniversary,com.dts.freefireth,Gaming,fe169e3a-efdc-4356-abe0-ebe1f1afcaa6,Arshad Aslam,5,,good game in the world 🌎,0,1.128.2,2026-07-26T15:31:34,,
Free Fire: 9th Anniversary,com.dts.freefireth,Gaming,f44b3ae1-0d67-4992-8401-7d47a5f6a7c3,Hussain K,5,,nice game,0,1.128.2,2026-07-26T15:30:56,,
Free Fire: 9th Anniversary,com.dts.freefireth,Gaming,c73f989a-976f-4877-b666-e42c4dfab9d9,physics chemistry,1,,Cartoon game...lots of hacker exist they dont even care bout it...trush game js waste of time.....I rather play ludo than this poor graphics trash shi',0,,2026-07-26T15:30:14,,
Free Fire: 9th Anniversary,com.dts.freefireth,Gaming,949e9520-e03c-4201-aeb8-ef19a61d64e9,Masab Zarqavi,5,,I play this game and it is one of the best game I play this game from 2019,0,,2026-07-26T15:28:32,,
Free Fire: 9th Anniversary,com.dts.freefireth,Gaming,79392ec8-b376-4f33-b5d1-75a217a06351,Eti Alomgir,5,,good,0,,2026-07-26T15:28:19,,
Free Fire: 9th Anniversary,com.dts.freefireth,Gaming,9d6daa6e-303e-408e-9752-d22829ae1606,Enerst,3,,lost my acc now I have restart the whole game 😑😑,1,1.128.2,2026-07-26T15:26:57,,
Free Fire: 9th Anniversary,com.dts.freefireth,Gaming,007692e1-507c-48da-a1b8-445cd5a2e3c2,Ozioma Onuoha,2,,i removed one star because it's bad that u guys remove -12 for AFK and it was because of network it suddenly went off and it wasn't my fault but y'all decided to remove it and it's really frustrating that I will have to build up my honor score for something that i didn't do intentionally and had not way to stop 🫩🫩🫩,0,1.126.1,2026-07-26T15:25:03,"Hi, we are sorry to hear the game is not working on your end. May we inquire about what you've experienced? Please contact our customer support at https://ffsupport.garena.com to resolve it as soon as possible. Thank you!",2026-07-27T13:39:12
Free Fire: 9th Anniversary,com.dts.freefireth,Gaming,f2e61b3b-b149-4498-80ee-a7dcc5f8d46a,Ten Hoang,1,,no fuuny,0,,2026-07-26T15:24:51,,
Free Fire: 9th Anniversary,com.dts.freefireth,Gaming,580af0c5-ef1e-40d4-a415-182847851698,Hasan Khan,5,,I love free fire,0,1.129.1,2026-07-26T15:22:43,,
Free Fire: 9th Anniversary,com.dts.freefireth,Gaming,8a2419d9-b0d9-40e5-854f-f79d83ae8f6d,BHuti' MAdonsela.,5,,quite fun😑🫡,0,1.128.2,2026-07-26T15:20:20,,
Free Fire: 9th Anniversary,com.dts.freefireth,Gaming,773ed9b5-b2dd-4434-bc7e-50b8ae570bbe,Billal Hossan Rony,5,,nice,0,1.129.1,2026-07-26T15:19:44,,
Free Fire: 9th Anniversary,com.dts.freefireth,Gaming,dd0dd62d-75e3-4183-836b-ef3cf2842bd7,ami maisha,5,,is very fun and good to play together with friends 😊,0,1.128.2,2026-07-26T15:18:48,,
Free Fire: 9th Anniversary,com.dts.freefireth,Gaming,7a816c2c-4031-4190-866e-5da75178094a,Uzair Fareed,5,,l am playing game for 6year,0,1.129.1,2026-07-26T15:18:39,,
Free Fire: 9th Anniversary,com.dts.freefireth,Gaming,0ad04563-663d-4c3f-b100-f38ca74db998,Amir Khan,5,,we need some free animation please 🥺🥺🥺,0,1.126.1,2026-07-26T15:18:24,,
Free Fire: 9th Anniversary,com.dts.freefireth,Gaming,0a3e3a9c-1b7a-4e4e-8018-9a83b39d7ab4,Sheema Gul,5,,great game,0,1.128.2,2026-07-26T15:17:47,,
Free Fire: 9th Anniversary,com.dts.freefireth,Gaming,519ba594-9f9b-4338-b66c-9cd3e54a74bf,Md Your,1,,good,0,,2026-07-26T15:14:28,,
Free Fire: 9th Anniversary,com.dts.freefireth,Gaming,ff0c9e4b-78f0-48a5-b713-b575b57f1619,Sajid Saeed,5,,good,0,1.126.1,2026-07-26T15:14:21,,
Free Fire: 9th Anniversary,com.dts.freefireth,Gaming,e2289c23-ed57-435a-af7e-a52273448285,Ebus Fx,2,,FF isn't the best but it's niceam giving it 2 🌟 star,0,1.118.1,2026-07-26T15:06:02,,
Free Fire: 9th Anniversary,com.dts.freefireth,Gaming,c7456f25-fea1-4b92-929b-9aca019ebeee,Rushiru Tevin,5,,😎,0,1.126.1,2026-07-26T15:04:43,,
Free Fire: 9th Anniversary,com.dts.freefireth,Gaming,863103d2-6429-42af-b5fa-00192d908cf1,Shayan Shani,5,,free fire best best game,0,1.129.1,2026-07-26T15:02:37,,
Free Fire: 9th Anniversary,com.dts.freefireth,Gaming,e76059da-a143-4250-85a8-bdb5a53760d5,Haroon Khan,5,,nice gmme,0,1.129.1,2026-07-26T15:00:54,,
Free Fire: 9th Anniversary,com.dts.freefireth,Gaming,a95f17b0-6184-46bd-9bca-4aa0af8e780a,maryB Salon,5,,it's a good gaming site,0,1.123.1,2026-07-26T15:00:52,,
Free Fire: 9th Anniversary,com.dts.freefireth,Gaming,6e143625-feaa-4286-9789-f20004381ba6,A Google user,5,,nice,0,,2026-07-26T14:59:56,,
Free Fire: 9th Anniversary,com.dts.freefireth,Gaming,6c4749d9-da71-475f-88cd-fb538007a34d,Affankhan Affankhan,5,,free fire bahut acha game he,0,1.123.1,2026-07-26T14:59:11,,
Free Fire: 9th Anniversary,com.dts.freefireth,Gaming,3cd16e18-5538-47f2-8897-992fe1b536fa,Shamsuddeen Adam sani,4,,well game full of 😊,0,1.129.1,2026-07-26T14:57:33,,
Free Fire: 9th Anniversary,com.dts.freefireth,Gaming,93bc70a8-8a5b-4460-9ed2-873f40f4bd22,Mr Legend67,1,,I hate this game just every time they are deranking me I have a bad review I hate this game I entered grandmaster and they took me down because I failed some matches they took me back minus 200 stars I hate you garena.,0,1.129.1,2026-07-26T14:56:40,"Hi, we are sorry to hear the game is not working on your end. May we inquire about what you've experienced? Please contact our customer support at https://ffsupport.garena.com to resolve it as soon as possible. Thank you!",2026-07-27T13:39:41
Free Fire: 9th Anniversary,com.dts.freefireth,Gaming,3004cbd5-39f3-4790-8e13-8dcefce85122,Mom Sounslar,5,,good,0,1.129.1,2026-07-26T14:53:30,,
Free Fire: 9th Anniversary,com.dts.freefireth,Gaming,9b9bdfa9-3305-4b81-b3bc-db4f77e52ab2,Joshua,5,,Good,0,1.129.1,2026-07-26T14:52:06,,
Free Fire: 9th Anniversary,com.dts.freefireth,Gaming,a2a81578-0090-4bd8-8e39-6f6eb346a93c,Ahmed Kamal,5,,good,0,1.129.1,2026-07-26T14:48:01,,
Free Fire: 9th Anniversary,com.dts.freefireth,Gaming,326a7a53-857c-4d8f-8a1f-502d904d0eed,Usman Cheema,5,,pubg ka papa,0,,2026-07-26T14:46:16,,
Free Fire: 9th Anniversary,com.dts.freefireth,Gaming,c3f6a278-2ff0-4691-b3ad-a67539a043e0,rizwana Yaseen,5,,very good game which is not good diamonds are rupees,0,1.129.1,2026-07-26T14:43:04,,
Free Fire: 9th Anniversary,com.dts.freefireth,Gaming,e44f8675-79d8-4080-9b0e-727d907215a8,Abdullah Saddique,5,,I love you Allah,0,1.129.1,2026-07-26T14:42:24,,
Free Fire: 9th Anniversary,com.dts.freefireth,Gaming,d715b2cb-6f38-4103-8637-59d8c88bcb57,NARUTO,5,,WOW,0,1.126.1,2026-07-26T14:41:48,,
Free Fire: 9th Anniversary,com.dts.freefireth,Gaming,db9fc84a-bebc-4bb3-8263-354bd106e28e,betty adams,1,,I need help pls account was stolen how do I get it back,0,1.129.1,2026-07-26T14:39:58,,
Free Fire: 9th Anniversary,com.dts.freefireth,Gaming,d876bbda-4ebc-471f-9d13-92fab37d27cc,Abdul Rafay,5,,game is very good and is,0,1.129.1,2026-07-26T14:38:13,,
Free Fire: 9th Anniversary,com.dts.freefireth,Gaming,c169daa5-1d91-4bee-964f-0ff528e0f406,Mlps Prasa,5,,this is the best game I ever played,0,1.129.1,2026-07-26T14:38:03,,
Free Fire: 9th Anniversary,com.dts.freefireth,Gaming,77d240c5-3d44-43ef-8a78-c9e3471a6a14,ALEX Tanjil,5,,I love Free Fire 😚,0,1.126.1,2026-07-26T14:37:46,,
Free Fire: 9th Anniversary,com.dts.freefireth,Gaming,9e98424e-6b40-4c0d-ac42-224a9cf9a965,Ruby Princess,5,,best battle royale game,0,1.129.1,2026-07-26T14:36:57,,
Free Fire: 9th Anniversary,com.dts.freefireth,Gaming,69a0bbab-cf2f-4347-9f26-90940a5b882d,Imranking Anseri,5,,good 👍,0,,2026-07-26T14:36:42,,
Free Fire: 9th Anniversary,com.dts.freefireth,Gaming,83d0febf-74a1-462a-a366-7db71edf28c5,Kingsley Idika,5,,good game,0,1.128.2,2026-07-26T14:31:36,,
Free Fire: 9th Anniversary,com.dts.freefireth,Gaming,42bb0250-9dbc-4600-a407-baa6df261ef3,BOY M. Thufail Rabbani,4,,garena pilih kasih,0,1.129.1,2026-07-26T14:29:10,,
Free Fire: 9th Anniversary,com.dts.freefireth,Gaming,83fa88b8-b73a-46e9-a4ff-b8d3916bf79f,Mateo Mateo,5,,is super,0,1.129.1,2026-07-26T14:26:47,,
Free Fire: 9th Anniversary,com.dts.freefireth,Gaming,0677296d-2177-4c11-aa69-8cc71f0dd57b,Anis Khan,5,,nice game my 5 ids,0,1.126.1,2026-07-26T14:26:32,,
Free Fire: 9th Anniversary,com.dts.freefireth,Gaming,ff9a738f-22c2-45a3-a4c6-68e273d6d314,Tajul islam,2,,old free fire best,0,,2026-07-26T14:24:53,,
Free Fire: 9th Anniversary,com.dts.freefireth,Gaming,4156708b-ab38-46a9-97b2-0c594a5a1ec0,Arham Shoukat,5,,the world bast game,0,1.129.1,2026-07-26T14:24:10,,
Free Fire: 9th Anniversary,com.dts.freefireth,Gaming,f614957f-a28d-4bdd-93c5-ecbe694858dd,SAGEER ALI WAGAN,5,,I love Free fire 🔥 👑,0,1.129.1,2026-07-26T14:23:02,,
Free Fire: 9th Anniversary,com.dts.freefireth,Gaming,faccae66-399c-45e7-8e4d-df52a8484f15,Jaleesa,5,,good,0,1.129.1,2026-07-26T14:22:17,,
Free Fire: 9th Anniversary,com.dts.freefireth,Gaming,94b072b2-14d5-4900-8134-d5bde9aa73fb,Adnan Rasheed,5,,gooooood game G',0,1.129.1,2026-07-26T14:22:15,,
Free Fire: 9th Anniversary,com.dts.freefireth,Gaming,af6a5f2b-7614-4a80-bf34-77e814c57e9f,Hiếu,1,,Game óc cặc mang nv toàn hình vô tử chiến,0,,2026-07-26T14:18:15,,
Free Fire: 9th Anniversary,com.dts.freefireth,Gaming,ee9df803-7f38-4e98-8123-458a20d6f36a,Rehanali,5,,sumairahmed op game,0,,2026-07-26T14:15:36,,
Free Fire: 9th Anniversary,com.dts.freefireth,Gaming,5572cd25-b30a-437a-8998-986bac456f20,moh jijel,5,,waw,0,1.129.1,2026-07-26T14:11:52,,
Free Fire: 9th Anniversary,com.dts.freefireth,Gaming,587191ee-730a-42fb-a502-48ae7bc051ab,Haseeb ff,5,,very gooooooddd gameeee garena is best,0,1.123.1,2026-07-26T14:11:36,,
Free Fire: 9th Anniversary,com.dts.freefireth,Gaming,9c6c8256-a2d5-49f4-92c4-93a6f9c0654f,Md Rifat bro,5,,🙏🙏🙏🙏🙏🙏,0,,2026-07-26T14:10:10,,
Free Fire: 9th Anniversary,com.dts.freefireth,Gaming,08c8583b-57ff-48ec-993e-82b11dc9bead,Md Rakib,5,,good game,0,1.129.1,2026-07-26T14:10:05,,
Free Fire: 9th Anniversary,com.dts.freefireth,Gaming,ecf54231-a0fc-45d3-9d1c-ab33a5a94587,Hassan Nawaz,5,,ok,0,1.129.1,2026-07-26T14:09:54,,
Free Fire: 9th Anniversary,com.dts.freefireth,Gaming,26d49e59-2d14-4650-b6b4-ede5424e454f,SHEIKH JAMIL AKHTER,5,,Best game in my mobile,0,1.129.1,2026-07-26T14:05:43,,
Free Fire: 9th Anniversary,com.dts.freefireth,Gaming,933d87a3-744c-434f-986f-d63baf164196,Big Muller,5,,I need diamonds,0,1.128.2,2026-07-26T14:02:40,,
Free Fire: 9th Anniversary,com.dts.freefireth,Gaming,9b49c956-36a0-4d17-87b0-cab488fa24af,King Love,5,,FREE FIRE LOVE,0,1.126.1,2026-07-26T14:02:22,,
Free Fire: 9th Anniversary,com.dts.freefireth,Gaming,a6c42ba2-f9a1-463c-877c-1e71a72c9b10,Jamin Adjallah,5,,good,0,1.126.1,2026-07-26T13:58:41,,
Free Fire: 9th Anniversary,com.dts.freefireth,Gaming,c1f70231-3ba7-426b-8c56-f9c7fdb0fd3f,Yousuf Qureshi,5,,very i love you game 😘🤪,0,1.129.1,2026-07-26T13:58:41,,
Free Fire: 9th Anniversary,com.dts.freefireth,Gaming,cf210362-4c51-4aed-a60f-6dd80d06040c,GW Quiz,5,,my emotions 😞😞😞😞😞😞😅,0,1.129.1,2026-07-26T13:57:12,,
Free Fire: 9th Anniversary,com.dts.freefireth,Gaming,af1ba1c1-9324-458b-886f-cbda77ce6d9a,Islam Sams,5,,the world 🌍 best 💖 game 💪🎯,0,,2026-07-26T13:56:38,,
Free Fire: 9th Anniversary,com.dts.freefireth,Gaming,53ac1493-178c-49be-bc81-e46d77053c77,Hussein fakih,5,,i love this game 😍😍😍😍,0,1.129.1,2026-07-26T13:53:43,,
Free Fire: 9th Anniversary,com.dts.freefireth,Gaming,a86eaa8c-b40f-4f24-b14a-46076469baaf,Mayu Mayuran,5,,good,0,1.129.1,2026-07-26T13:51:53,,
Free Fire: 9th Anniversary,com.dts.freefireth,Gaming,d31ad847-149d-4455-83f2-0cde9494c361,MD H A S A N,1,,i like this game but this no fare,0,1.123.1,2026-07-26T13:51:28,,
Free Fire: 9th Anniversary,com.dts.freefireth,Gaming,fe010ff0-1695-438b-a426-ce5f6daf42eb,Usejdi,5,,super goood,0,,2026-07-26T13:50:31,,
Free Fire: 9th Anniversary,com.dts.freefireth,Gaming,ae198424-dd65-429b-b00d-c343f22815dc,Wisdom Precious,4,,"I think the should stop reducing someone's honor score when their network disconnects, knowing fully well it wasn't intentional, rather the can punish someone for force quit or rather deduct extra stars,great game by the way",0,1.129.1,2026-07-26T13:47:41,,
Free Fire: 9th Anniversary,com.dts.freefireth,Gaming,954e8515-1cd2-420d-80cc-849ac74e71a0,Hasan Jan,5,,im playing for 5 years soo good game ever and ever,0,,2026-07-26T13:45:53,,
Free Fire: 9th Anniversary,com.dts.freefireth,Gaming,bb074f8c-22aa-427d-876c-24dfcc80b79b,Krishna Sah,5,,op,0,1.128.2,2026-07-26T13:44:04,,
Free Fire: 9th Anniversary,com.dts.freefireth,Gaming,35638bd3-aa7a-49f4-992f-e08b5a6473fa,OMAR Abo Ayad,5,,cooooooool!!,0,1.129.1,2026-07-26T13:42:29,,
Free Fire: 9th Anniversary,com.dts.freefireth,Gaming,6bb90de1-1bcd-479b-9465-4ab3f1056b52,Hanae Tahri,5,,أحسن لعبة في العالم,0,1.128.2,2026-07-26T13:34:23,,
Free Fire: 9th Anniversary,com.dts.freefireth,Gaming,70ecb23c-70cf-41cd-83ae-da561b6b19e4,majdi al ramahi,5,,بلعبها من 2028 صايره بتخزززززززززززززييييييييييييييييييييييييييي,0,1.105.1,2026-07-26T13:31:37,,
Free Fire: 9th Anniversary,com.dts.freefireth,Gaming,a95c1729-7cad-4870-9d76-41e20192ebc6,Fatir Farooq,2,,best game in world all world,0,1.129.1,2026-07-26T13:30:05,,
Free Fire: 9th Anniversary,com.dts.freefireth,Gaming,5500db1a-b73a-4f78-8a15-de0ca1642643,Runfrom Her,2,,Title: Fix the matchmaking! Mobile player here. Why am I getting matched against PC/emulator players in ranked? They have a clear advantage in aim and movement - it's completely unfair. Please separate the matchmaking pools like you promised. This ruins the game for mobile players,0,1.129.1,2026-07-26T13:28:59,"Hi, we are sorry to hear the game is not working on your end. May we inquire about what you've experienced? Please contact our customer support at https://ffsupport.garena.com to resolve it as soon as possible. Thank you!",2026-07-27T13:40:07
Free Fire: 9th Anniversary,com.dts.freefireth,Gaming,243da827-f127-4b97-afcd-4d168e5d283f,Md Mahim,5,,real game 💪🏻🤟🏻👑,0,1.129.1,2026-07-26T13:24:55,,
Free Fire: 9th Anniversary,com.dts.freefireth,Gaming,b4d583f9-d5ee-4cf4-ac50-e112aed5597e,Uzair shahzad,5,,good 😊💕,0,,2026-07-26T13:22:20,,
Free Fire: 9th Anniversary,com.dts.freefireth,Gaming,7723d0b7-63ef-4dff-b564-18290f34d6b3,M “safnain” hacker,5,,freefire hacker,0,1.128.2,2026-07-26T13:21:58,,
Free Fire: 9th Anniversary,com.dts.freefireth,Gaming,f6c61939-1081-4d90-bebe-2a65ed155c12,salman waris,5,,Game was best but Old free fire was a emotion I request Garena I am leaving game after 3 days if Garena return Old free fire I Promise I will Join free fire again just one request plzzzzzz return 2017 free fire plzzz Garena otherwise I am leaving free fire 🙁🙁,0,1.129.1,2026-07-26T13:21:23,,
Free Fire: 9th Anniversary,com.dts.freefireth,Gaming,5fb8925a-b879-4eba-92c1-6ec35eed15b7,Joshim,5,,👍👍👍👍👍,0,1.129.1,2026-07-26T13:20:16,,
Free Fire: 9th Anniversary,com.dts.freefireth,Gaming,1619e46d-1a0b-499a-8fc1-ee1f282d448c,Abdulrafiu Sunday,5,,ozi malla,0,1.126.1,2026-07-26T13:19:13,,
Free Fire: 9th Anniversary,com.dts.freefireth,Gaming,26cb1803-114c-400a-ad7e-7d5c7496767d,md kudus,5,,Ok,0,1.129.1,2026-07-26T13:16:42,,
Free Fire: 9th Anniversary,com.dts.freefireth,Gaming,5f162366-f23f-4b5f-90ae-4160ddf47a31,Chamika Madhuranga,5,,I like this game,0,1.129.1,2026-07-26T13:16:25,,
Free Fire: 9th Anniversary,com.dts.freefireth,Gaming,2e5cdc6f-c26e-457a-a419-02e686ac4c18,Avazbek Yusupov,5,,Zorrrrrrrrrr 🤩🤩🔥🔥🔥🔥🔥,0,,2026-07-26T13:15:15,,
Free Fire: 9th Anniversary,com.dts.freefireth,Gaming,2d00c3d6-fca6-43c2-a7f0-43f518f472e5,Musa King,5,,best game,0,1.128.2,2026-07-26T13:11:42,,
Free Fire: 9th Anniversary,com.dts.freefireth,Gaming,cd60a409-015e-497e-b4be-716099979cf8,Malik Kafeel,5,,𝕧𝕖𝕣𝕪 𝕘𝕠𝕠𝕕 𝕖𝕩𝕡𝕖𝕣𝕚𝕖𝕟𝕔𝕖,0,1.129.1,2026-07-26T13:09:27,,
Free Fire: 9th Anniversary,com.dts.freefireth,Gaming,c02d5529-49fe-4a20-94c0-555544ae7032,Kazeem Oladipupo,5,,it feels good even when I just started playing it was good,0,1.129.1,2026-07-26T13:08:31,,
Free Fire: 9th Anniversary,com.dts.freefireth,Gaming,71915d6f-dd19-4ca3-ba63-276e9b7ee488,Babeet Sahni,5,,main India se hun mera free fire mein top up nahin ho raha hai please mera help karo,0,1.129.1,2026-07-26T13:06:39,,
Free Fire: 9th Anniversary,com.dts.freefireth,Gaming,d6d13651-c0cf-4825-8070-4dc4604ac608,Faiz,5,,This is world's best game,0,,2026-07-26T13:05:27,,
Free Fire: 9th Anniversary,com.dts.freefireth,Gaming,f9468aea-638d-4cdd-9ed9-46ad58cf78b0,Kitty here,5,,I love this app .. but my dynamic duo points are not increasing..it's been a week,0,1.129.1,2026-07-26T13:05:15,,
Free Fire: 9th Anniversary,com.dts.freefireth,Gaming,13adc718-3c7d-4c86-8327-68d1b75689f0,M Ahmed M Ahmed,5,,I love this game ink,0,1.129.1,2026-07-26T13:03:39,,
Free Fire: 9th Anniversary,com.dts.freefireth,Gaming,1adac900-8a42-45bc-8011-4754cadc6692,Umar Sattar,5,,thank you,0,1.129.1,2026-07-26T13:03:17,,
Free Fire: 9th Anniversary,com.dts.freefireth,Gaming,543ffd26-6876-41ef-bc71-72395c541072,Big Flexy,5,,best shooting game ever,0,,2026-07-26T13:02:16,,
Free Fire: 9th Anniversary,com.dts.freefireth,Gaming,ce48b5c1-0798-4df2-89cb-147d645c38af,Free Fire khan,5,,one of the best game,0,1.120.1,2026-07-26T13:01:28,,
Free Fire: 9th Anniversary,com.dts.freefireth,Gaming,af93019b-cc32-42f3-9e0f-37ca1d6bdc20,Rk vai,5,,Nice game broo,0,1.129.1,2026-07-26T13:01:21,,
Free Fire: 9th Anniversary,com.dts.freefireth,Gaming,e650aefe-e2fe-4224-a58a-e08cab5cf9be,Shehla Najaf,5,,it is best game in the world,1,1.129.1,2026-07-26T13:00:18,,
Free Fire: 9th Anniversary,com.dts.freefireth,Gaming,ebeae67f-937b-4137-b446-c8b6c6675f17,11 level ID,5,,❤️❤️❤️❤️❤️❤️❤️❤️❤️❤️🤗🤗🤗,0,,2026-07-26T12:59:50,,
Free Fire: 9th Anniversary,com.dts.freefireth,Gaming,7344bd35-0634-4728-a3d9-ec3cabe6135f,Ali Hassan,5,,My Favorite Game,0,1.129.1,2026-07-26T12:59:07,,
Free Fire: 9th Anniversary,com.dts.freefireth,Gaming,ee736c16-6320-47fb-8767-7fce75d79f19,Ranjit Chakma,5,,fine,0,1.129.1,2026-07-26T12:57:34,,
Free Fire: 9th Anniversary,com.dts.freefireth,Gaming,68f3d9a2-eac3-4be8-ae50-341064cf314b,Julian Van Zyl,4,,it's a really good game but garena could be more specific about the animations,0,1.129.1,2026-07-26T12:56:35,,
Free Fire: 9th Anniversary,com.dts.freefireth,Gaming,2505c7b4-cc5b-45a5-bbe0-79754409e271,Anil Shah,1,,This is not goood for 2gb to 3gb mobile and tab both it lage very badly then we loss the game and difficulty the game works but the lag is so anoying,0,,2026-07-26T12:51:35,,
Free Fire: 9th Anniversary,com.dts.freefireth,Gaming,77f75bb0-0aea-476c-8a9f-b32be7cb6d88,Md Sahed Ali,1,,গেমডা দিন দিন খারাপ করে ফেলছে আউল ফাউল সব ক্যারেক্টার দিয়ে 😭,0,1.128.2,2026-07-26T12:46:12,,
Free Fire: 9th Anniversary,com.dts.freefireth,Gaming,8c52ef54-6c0f-4fa7-b888-138aeade0d00,Malik Balaj,5,,This is my favorite game and I am 6 year old in free fire,0,1.128.2,2026-07-26T12:45:26,,
Free Fire: 9th Anniversary,com.dts.freefireth,Gaming,1d042d73-6435-474d-80d6-35763eb5b729,Mercy Oyinloye,5,,ok,0,,2026-07-26T12:45:02,,
Free Fire: 9th Anniversary,com.dts.freefireth,Gaming,135a5e95-a2a2-4a59-8018-02849e2b4975,Chuma Rahadi,5,,free fire is the best game ever 😎 enjoy,0,1.103.1,2026-07-26T12:43:58,,
Free Fire: 9th Anniversary,com.dts.freefireth,Gaming,245f5735-c688-4f94-ae34-dd14e0edba28,Tayyab Khan,5,,I love you free fire,0,,2026-07-26T12:41:41,,
Free Fire: 9th Anniversary,com.dts.freefireth,Gaming,9064674a-8b45-4744-8a51-94b172bb01bc,Ihtisham Khan,5,,good game,0,1.128.2,2026-07-26T12:40:35,,
Free Fire: 9th Anniversary,com.dts.freefireth,Gaming,a904a081-bdba-4f27-8fc2-8c2ef8f57f6a,Hamaad Khan,5,,This game very very good game,0,1.123.1,2026-07-26T12:40:28,,
Free Fire: 9th Anniversary,com.dts.freefireth,Gaming,c2927d5f-a339-4b74-8917-f841759d2af6,Sk Sahab,5,,the game VIP my first time game in but vip relation my gun favourite awm,0,1.129.1,2026-07-26T12:39:46,,
Free Fire: 9th Anniversary,com.dts.freefireth,Gaming,bfbbc856-4eb3-481f-b8a1-d13f58b0bd62,Samiul Islam,5,,freefire is a best game freefire for my emotion,0,1.129.1,2026-07-26T12:39:16,,
Free Fire: 9th Anniversary,com.dts.freefireth,Gaming,d12cd2bf-c627-410e-97bc-22ae4f30ee73,Ajay Saday,5,,good 😊👍,0,,2026-07-26T12:36:05,,
Free Fire: 9th Anniversary,com.dts.freefireth,Gaming,148d3191-a2e4-42b9-8858-f91c64b61311,Tasneem kiani,5,,nice 👍👍,0,1.129.1,2026-07-26T12:35:42,,
Free Fire: 9th Anniversary,com.dts.freefireth,Gaming,acc5ff86-30e8-42ed-be15-42365a14e57b,Gtoka Rajjo vai,5,,best game,0,1.126.1,2026-07-26T12:35:33,,
Free Fire: 9th Anniversary,com.dts.freefireth,Gaming,9302bbfe-9d84-4809-8cb8-9ed3240cce63,Musa Malik,5,,very very nice game,0,1.129.1,2026-07-26T12:31:43,,
Free Fire: 9th Anniversary,com.dts.freefireth,Gaming,7d6c05f5-7883-4fa3-86ef-48ad5ef1510c,Frederick Dodo,5,,It's just great✊🏽,0,,2026-07-26T12:29:39,,
Free Fire: 9th Anniversary,com.dts.freefireth,Gaming,ddeafc0c-e6bd-4127-8184-dd8364c198b8,Rukhsana Zulfiqar,5,,good game my favorite game,0,1.123.1,2026-07-26T12:29:38,,
Free Fire: 9th Anniversary,com.dts.freefireth,Gaming,536d21df-f8ac-4de0-841e-c298b17ccb05,Qavi khan,5,,very next level game👑💯🥳,0,1.129.1,2026-07-26T12:29:28,,
Free Fire: 9th Anniversary,com.dts.freefireth,Gaming,d2b842fa-52d7-4530-be7c-f8e425911b52,Najmul Islam,5,,nice game %99,0,,2026-07-26T12:27:18,,
Free Fire: 9th Anniversary,com.dts.freefireth,Gaming,161189ba-1f7e-4fc6-ab99-d9c2dd39ea04,Muhammad Aftab Anwar,5,,yare good game ha,0,1.129.1,2026-07-26T12:27:12,,
Free Fire: 9th Anniversary,com.dts.freefireth,Gaming,f4344688-cd83-4e6c-a3eb-f754aceefed1,M Muddassir,5,,I love this game 🎯🎮,0,1.129.1,2026-07-26T12:25:47,,
Free Fire: 9th Anniversary,com.dts.freefireth,Gaming,40d2811f-64de-4df0-8020-42d59d83a20c,Md Husiar ali,1,,nice,0,1.129.1,2026-07-26T12:24:50,,
Free Fire: 9th Anniversary,com.dts.freefireth,Gaming,ecaacff7-0d66-4e24-be80-edd6101dee38,Usman Kashif,5,,I Love tjis game,0,1.126.1,2026-07-26T12:22:06,,
Free Fire: 9th Anniversary,com.dts.freefireth,Gaming,54adc190-b798-4cdb-8908-090cb495805e,Ochigbo ojochegbe Michael,5,,Free fire is one of the best shooting games ever but call of duty mobile is still more better. let's start with; there are things dey need to bring to freefire to make people play more like sliding in all matches bringing sliding to freefire will make the game more effective for people who are use to movement sliding is the most important thing in shooting games and at least class should be introduced in freefire just like call of duty mobile with these two things freefire can be the best game,0,1.129.1,2026-07-26T12:21:37,,
Free Fire: 9th Anniversary,com.dts.freefireth,Gaming,dc719058-e0f1-4ef0-a32a-f6f04fa6e8cf,MD ALIF SIDDIQUE,1,,"hacker problem, please band hacker in this game",0,1.129.1,2026-07-26T12:20:14,,
Free Fire: 9th Anniversary,com.dts.freefireth,Gaming,b9368f29-e4dc-471a-9e69-280d6714623b,LEGEND MANKA,5,,GOOD GAME BUT I WANT THE NAGI CLOTH BUT I DONT HAVE DIAMOND,0,1.129.1,2026-07-26T12:18:32,,
Free Fire: 9th Anniversary,com.dts.freefireth,Gaming,c5c2edbe-50d8-491f-bf1c-c9971ac7ee02,Ayomide Akinyemi,1,,them dey try,0,1.128.2,2026-07-26T12:18:05,,
Free Fire: 9th Anniversary,com.dts.freefireth,Gaming,43699ccb-f0e1-4b1e-87d6-0d30961e0f84,Shahzain Baloch,5,,time pass .,0,,2026-07-26T12:17:43,,
Free Fire: 9th Anniversary,com.dts.freefireth,Gaming,8e489db3-96b4-4124-a486-bc03c6384a87,Umer Ali,5,,so very best game 🎯,0,1.129.1,2026-07-26T12:15:50,,
Free Fire: 9th Anniversary,com.dts.freefireth,Gaming,802350b3-30e6-4134-aff1-13103052bbc2,Tanvir Ahmed,5,,good,0,1.129.1,2026-07-26T12:14:29,,
Free Fire: 9th Anniversary,com.dts.freefireth,Gaming,f6a1dc40-52be-4cc3-8d8e-29169a10d8e9,Damian Felix Jimmy,1,,The creators/ programmer of this game are mad why would... I'm just so angry 😡,0,1.123.1,2026-07-26T12:14:20,,
Free Fire: 9th Anniversary,com.dts.freefireth,Gaming,e119dd38-35a4-4f15-8725-e703b179689e,Azlan Khan,5,,this game is very good for ever,0,1.123.1,2026-07-26T12:14:06,,
Free Fire: 9th Anniversary,com.dts.freefireth,Gaming,d25026fa-972c-4f9e-a765-60b20087b692,Musa Khan,5,,This game so cool and nice and don't have a ad but he don't have offline battle royal on offline,0,1.128.2,2026-07-26T12:11:43,,
Free Fire: 9th Anniversary,com.dts.freefireth,Gaming,5560b828-9bbd-4c6e-a9d0-74334d83966d,Nafiz Khan,1,,Barry lag fix now,0,1.129.1,2026-07-26T12:11:27,"We’re sorry for the inconvenience. Crashing or lagging problems are closely related to devices. Please contact our support team at https://ffsupport.garena.com and share a detailed description of the issue, screenshots, device info and OS version so that we can help you fix it.",2026-07-27T13:42:25
Free Fire: 9th Anniversary,com.dts.freefireth,Gaming,ecc364d9-54b4-49c0-a5a0-6474206163d4,Md Fahim,5,,GOOD GAME,3,1.129.1,2026-07-26T12:09:29,,
Free Fire: 9th Anniversary,com.dts.freefireth,Gaming,53643332-55a8-4efc-ac38-ca51b90a1ec6,Ab Abdullah,3,,it was amazing experience in 2 years ago but now in after every uptade the game becoming worst new features and new characters and new glitches made the game worst so just for last 3 years experience I rate this game 3 star cause back then the game used to be amazing,0,1.129.1,2026-07-26T12:08:34,,
Free Fire: 9th Anniversary,com.dts.freefireth,Gaming,bdb70791-71a6-4b7e-b3de-8e7855af57b8,Gulam Abbas Khan,5,,good with best right game,0,1.126.1,2026-07-26T12:07:51,,
Free Fire: 9th Anniversary,com.dts.freefireth,Gaming,9e66a7c3-7d64-419b-8d05-825864f91cd5,FF Us,5,,I have been playing this game for 4 years and I really like it. I have found many new friends in my life through this game. I am very grateful to the owner of this game.,0,1.129.1,2026-07-26T12:06:57,,
Free Fire: 9th Anniversary,com.dts.freefireth,Gaming,34596e58-7a62-4166-9831-e23d1844ad2e,Taha Yaseen,5,,please ek character gift 🎁 kir de please 🙏🙏,0,1.128.2,2026-07-26T12:06:34,,
Free Fire: 9th Anniversary,com.dts.freefireth,Gaming,06a12657-46ea-4235-9fc9-4e8964d4907c,md junab ali,5,,i have been play of free fire,0,,2026-07-26T12:05:45,,
Free Fire: 9th Anniversary,com.dts.freefireth,Gaming,efbc3c82-0915-4cce-b1a3-3a2c64564459,shinai sharma,5,,I like this game it is very good game you must try this game and this game is very cool😎 download and play this game and my brother also like the game and my sister also like this please try and play ▶ this game for mee🇧🇷,0,1.129.1,2026-07-26T12:04:37,,
Free Fire: 9th Anniversary,com.dts.freefireth,Gaming,6e25e3f8-2cfb-48ff-a921-cb02874d6517,Alex Sah,5,,very nice games,0,1.128.2,2026-07-26T12:03:28,,
Free Fire: 9th Anniversary,com.dts.freefireth,Gaming,71c481bd-1dbc-4777-8bcd-260450663a40,Veedz Boi,5,,I want free emote,0,1.126.1,2026-07-26T12:01:35,,
Free Fire: 9th Anniversary,com.dts.freefireth,Gaming,403ad05b-2359-4311-b87d-3ff28306f7a7,"Xjxjvj, J hajj",5,,very nice game,0,1.111.1,2026-07-26T11:59:46,,
Free Fire: 9th Anniversary,com.dts.freefireth,Gaming,b140ec42-4ddf-4ec1-8561-f655719311b6,Raja Babar,5,,bohot acha game hai sir,0,1.126.1,2026-07-26T11:56:20,,
Free Fire: 9th Anniversary,com.dts.freefireth,Gaming,f7261552-c679-4c7b-afa1-0003c5e22933,Sajad Salehi,5,,great,0,1.129.1,2026-07-26T11:55:29,,
Free Fire: 9th Anniversary,com.dts.freefireth,Gaming,ca56adde-d1df-4993-8b05-c38c0460c714,Dipu Yt,5,,this is the best game I ever played,0,,2026-07-26T11:55:19,,
Free Fire: 9th Anniversary,com.dts.freefireth,Gaming,a7f48081-5d1b-457b-8b64-df2338456ecc,Aoun Ali,5,,very very nice game nice for PUBG PUBG is very borring game free fire on top ❤️❤️❤️,0,,2026-07-26T11:54:13,,
Free Fire: 9th Anniversary,com.dts.freefireth,Gaming,0bfbbe06-f862-458a-9fb9-26df0c7dc298,salehkhansallo9 Hani,5,,good effects but not excellent,0,1.126.1,2026-07-26T11:54:10,,
Free Fire: 9th Anniversary,com.dts.freefireth,Gaming,f2e7641d-6cb0-4da0-9f69-3e43b9fc19b9,Boston Bwalya,5,,I love this game it's very entertaining,0,1.128.2,2026-07-26T11:52:52,,
Free Fire: 9th Anniversary,com.dts.freefireth,Gaming,f61e785c-c212-44d9-a847-ded3b4f3ad81,Ayankhan Khan,5,,This is very nice game,0,,2026-07-26T11:51:12,,
Free Fire: 9th Anniversary,com.dts.freefireth,Gaming,920db93e-8afa-42f0-bdb0-caeec6538ddf,Thusitha Kumara,4,,ff is the best for what?,0,,2026-07-26T11:49:27,,
Free Fire: 9th Anniversary,com.dts.freefireth,Gaming,b9ddfa02-ccf0-4a7c-a975-707ca6a70975,Md Sohel,5,,very good & natural 💝,0,1.128.2,2026-07-26T11:48:22,,
Free Fire: 9th Anniversary,com.dts.freefireth,Gaming,4fe50832-b215-4ccf-a7cc-4a6362ef503e,Md Parvez,5,,nice,0,1.123.1,2026-07-26T11:40:58,,
Free Fire: 9th Anniversary,com.dts.freefireth,Gaming,56b9d76e-8569-4e25-ab1a-83c6d9aadd27,Habib Khan,5,,bestgam,0,1.128.2,2026-07-26T11:40:19,,
Free Fire: 9th Anniversary,com.dts.freefireth,Gaming,b26aad0c-e482-4603-8a4d-92fd68519723,Salman Sarkar,1,,First time it is my favourite game.But now this game 🤡🤏🫵,0,1.123.1,2026-07-26T11:38:14,,
Free Fire: 9th Anniversary,com.dts.freefireth,Gaming,fa38b12b-5421-46ec-ac1b-457fdc992722,Khumo,5,,THIS IS AMAZING even though the graphics are not like COD I understand but overall this game is the best low storage is the best five✨️✨️✨️✨️✨️,0,1.129.1,2026-07-26T11:29:24,,
Free Fire: 9th Anniversary,com.dts.freefireth,Gaming,4ef6d972-c539-4d27-9221-6929c656900b,Stephanie Nwosu,5,,It's an awesome game really love the graphics and I'm surprised they have the MAX version. The gameplay is nice deals are pretty good allowing players to show off their skins and emotes at low costs. I just love this game,0,1.129.1,2026-07-26T11:23:12,,
Free Fire: 9th Anniversary,com.dts.freefireth,Gaming,3ca4dc3f-4a20-470a-95b9-43a258a1e89f,Zayaam Aftab,5,,King 👑👑👑👑👑👑👑👑👑👑👑👑👑,0,1.107.0,2026-07-26T11:23:06,,
Free Fire: 9th Anniversary,com.dts.freefireth,Gaming,d26c74fd-30ce-40cf-84b6-07c15b0baa05,Arham Shoukat,5,,I love this game,0,1.129.1,2026-07-26T11:22:15,,
Free Fire: 9th Anniversary,com.dts.freefireth,Gaming,591b0b67-d26a-4c79-9fc8-179ff65c04d7,Shumaila Nisar,5,,free fire is better than pgmi,0,,2026-07-26T11:19:44,,
Free Fire: 9th Anniversary,com.dts.freefireth,Gaming,9ea0d953-8cea-4e41-85e1-fd5ccdb3de78,Faria Ali,5,,ok hai,0,1.129.1,2026-07-26T11:17:07,,
Free Fire: 9th Anniversary,com.dts.freefireth,Gaming,81bee7b2-dc4d-49c7-a823-03d4d8c1c040,Md Siam,2,,beautiful game,0,1.129.1,2026-07-26T11:16:58,,
Free Fire: 9th Anniversary,com.dts.freefireth,Gaming,4c081ccf-8c24-41d5-9a14-1d8753434c4c,Mogly Sherkhan,5,,good game,0,1.129.1,2026-07-26T11:16:27,,
Free Fire: 9th Anniversary,com.dts.freefireth,Gaming,3533ca01-1d83-486c-bcad-b38af6751053,Lie Brandon,5,,game ini telah aku main 7 tahun tapi tk pernah dapat hadiah dari garena tapi saya suka game ini,0,1.126.1,2026-07-26T11:15:36,,
Free Fire: 9th Anniversary,com.dts.freefireth,Gaming,c9ef1a04-e7d4-47c1-a838-b7d558b3b7c3,Lekan Kilanse,5,,great game it fun but you might rage,0,1.129.1,2026-07-26T11:14:10,,
Free Fire: 9th Anniversary,com.dts.freefireth,Gaming,59210580-4c99-4d4d-a314-e35de602411c,Wasantha Kumara,5,,nise,0,1.123.1,2026-07-26T11:14:06,,
Free Fire: 9th Anniversary,com.dts.freefireth,Gaming,bb28b5c1-20dc-4253-b1c8-91ff6de27b01,Awanthi Lakmali,5,,yuwa gem supar,0,,2026-07-26T11:13:12,,
Free Fire: 9th Anniversary,com.dts.freefireth,Gaming,c9c09745-46ef-4a31-b7e7-ea19d53f1e35,Zafar Ullah,5,,beauty game,0,1.129.1,2026-07-26T11:09:35,,
Free Fire: 9th Anniversary,com.dts.freefireth,Gaming,0c5ef721-5e96-44a1-a112-1e742cd65a41,GOJO Sir,5,,❤️❤️❤️❤️❤️,0,1.129.1,2026-07-26T11:08:18,,
Free Fire: 9th Anniversary,com.dts.freefireth,Gaming,28e7266e-bf88-4212-bf98-d9803312e1e8,Abdul Khalil,5,,free fire is my favourite game 🥰,0,,2026-07-26T11:07:43,,
Free Fire: 9th Anniversary,com.dts.freefireth,Gaming,a1617411-6cff-4a95-ad82-2340e8e1f5cb,TasawarkhanA123,4,,best game 🎮,0,1.129.1,2026-07-26T11:05:46,,
Free Fire: 9th Anniversary,com.dts.freefireth,Gaming,42c64bd3-7e8e-4e44-88b2-5c8f3e09755d,Wakeel Kumar,5,,best,0,1.129.1,2026-07-26T11:03:48,,
Free Fire: 9th Anniversary,com.dts.freefireth,Gaming,58a6aa31-0857-4bf0-9c13-ee94c389b781,Facebook Code,1,,you guys are joking with me right 😡I just lost my prime 1 account for no reason,0,,2026-07-26T10:59:39,"We're sorry to hear that you're having this problem! We'd love to help, so please contact our support team at https://ffsupport.garena.com and they'll help you get playing again!",2026-07-27T13:42:48
Free Fire: 9th Anniversary,com.dts.freefireth,Gaming,9f019c7b-978a-4673-9827-06c29c52d2b6,Tem Billions,5,,do interesting and nice 👌,1,1.126.1,2026-07-26T10:59:04,,
Free Fire: 9th Anniversary,com.dts.freefireth,Gaming,57852996-cea2-4e98-84e4-0c44ab490fb5,Abdullah Khan,5,,I love play free fire,0,1.129.1,2026-07-26T10:58:07,,
Free Fire: 9th Anniversary,com.dts.freefireth,Gaming,d5799e0c-f8ad-441c-9629-1497a624e51f,Shahzaib Khan,5,,It is very lovely game,0,1.129.1,2026-07-26T10:57:26,,
Free Fire: 9th Anniversary,com.dts.freefireth,Gaming,3e2162d6-c621-40e3-b2da-5fa07620bd08,MOHAMMED BOUSSOUBITE,5,,the worst game ever,0,1.128.2,2026-07-26T10:49:18,,
Free Fire: 9th Anniversary,com.dts.freefireth,Gaming,431435e6-35eb-4ef7-a3ed-ff65bbd275e6,Md Afsar Ali,4,,this game is very good.,0,,2026-07-26T10:48:47,,
Free Fire: 9th Anniversary,com.dts.freefireth,Gaming,b0275e4c-9b13-4cb0-98cc-a3f8991444e4,GHA Fridge stands,5,,my favourite game♥️♥️♥️♥️♥️💯💯💯💯💯🇵🇰🇵🇰🇵🇰🇵🇰🇵🇰🇵🇰🇵🇰🇵🇰🇵🇰🇵🇰 my country,0,,2026-07-26T10:48:29,,
Free Fire: 9th Anniversary,com.dts.freefireth,Gaming,495c6672-3b2e-443e-a655-b3b5b7aebc2b,Sh Baloch,5,,I am so happy,0,1.128.2,2026-07-26T10:47:11,,
Free Fire: 9th Anniversary,com.dts.freefireth,Gaming,f4f627b7-97c5-48f8-bccb-9a991c8374ff,Carin September,4,,i like this game,0,1.129.1,2026-07-26T10:46:05,,
Free Fire: 9th Anniversary,com.dts.freefireth,Gaming,21fdeed6-5b7a-4c7c-985d-982e694d7c9d,Kowshik Chowdhury,5,,This game is my emotion.🥺🥺🥺🥺🥺,0,,2026-07-26T10:44:23,,
Free Fire: 9th Anniversary,com.dts.freefireth,Gaming,ab6f5006-2543-48f1-bd56-f33172a7e5e0,Heni Nurmala,5,,bagus,0,1.129.1,2026-07-26T10:39:25,,
Free Fire: 9th Anniversary,com.dts.freefireth,Gaming,c9b9c66c-46a5-4b00-8b85-f5b25567a88b,Aaradhya Basnet,5,,this game is so good and I am level in 99,0,1.123.1,2026-07-26T10:37:28,,
Free Fire: 9th Anniversary,com.dts.freefireth,Gaming,8b144ec3-92c0-472a-b221-c5314dcddb57,Adan,5,,Free Fire 2017,0,,2026-07-26T10:36:14,,
Free Fire: 9th Anniversary,com.dts.freefireth,Gaming,db2b46e6-ad21-44c7-9697-881c9a030a71,Hanzala Tarar,5,,I love you greena,0,1.129.1,2026-07-26T10:35:52,,
Free Fire: 9th Anniversary,com.dts.freefireth,Gaming,5861ee29-3937-4490-93bf-2714bb2f09cb,Lionel Joboes,1,,Bad want apps to stop popping up,0,1.129.1,2026-07-26T10:34:33,,
Free Fire: 9th Anniversary,com.dts.freefireth,Gaming,083e48a9-9abd-40e6-96fd-3a632aa25744,Kebede Senbeta Ewonetu,5,,I like it,0,,2026-07-26T10:27:28,,
Free Fire: 9th Anniversary,com.dts.freefireth,Gaming,e0092150-69fd-4a3d-b022-3427d3d7e188,WHITE CMC,5,,❤️‍🔥,0,,2026-07-26T10:26:02,,
Free Fire: 9th Anniversary,com.dts.freefireth,Gaming,d1467763-d986-4e82-a0b8-944e02043d1f,Ratul Kholifa,5,,the best game,1,1.129.1,2026-07-26T10:25:56,,
Free Fire: 9th Anniversary,com.dts.freefireth,Gaming,1c9d72fc-ba59-4b26-a939-46d981a43cc4,Tiisetso Nhlapo,5,,the game is no less than what I expected,0,1.129.1,2026-07-26T10:23:39,,
Free Fire: 9th Anniversary,com.dts.freefireth,Gaming,6cfb51de-bfd3-4220-9a32-1e1d7683c73c,Asif mehmood Asif mehmood,5,,mashallah,1,1.126.1,2026-07-26T10:21:25,,
Free Fire: 9th Anniversary,com.dts.freefireth,Gaming,1a8cea6f-98c6-48c4-bb76-e3c178da8df2,Arman Tariq,5,,nice game,0,1.129.1,2026-07-26T10:20:50,,
Free Fire: 9th Anniversary,com.dts.freefireth,Gaming,ce295680-b4b5-46fb-a3c8-d6dfefba93ee,Izz Affan,5,,burik,0,1.129.1,2026-07-26T10:16:08,,
Free Fire: 9th Anniversary,com.dts.freefireth,Gaming,c2dc3920-18c4-4c26-8e05-a10cde010d02,Xyz Tt,5,,Valo,0,,2026-07-26T10:12:37,,
Free Fire: 9th Anniversary,com.dts.freefireth,Gaming,65d3d85e-a24f-4708-9d5e-daa8008f406d,nazar markhand,4,,This is a great game and I like this game so much,0,1.129.1,2026-07-26T10:11:55,,
Free Fire: 9th Anniversary,com.dts.freefireth,Gaming,14d3a415-0c40-41ac-a15c-d1d46c759693,Zaihanshah Sh,5,,sangat bagus grafik nya can talk Ada Salah satu tidal di tambah pintu,0,,2026-07-26T10:11:39,,
Free Fire: 9th Anniversary,com.dts.freefireth,Gaming,62107455-b725-4e72-bcfe-861f6c7f6e93,Roohulla Khan,5,,very best game diamond but diamond is very high price,0,1.129.1,2026-07-26T10:04:51,,
Free Fire: 9th Anniversary,com.dts.freefireth,Gaming,450aa40b-8bf2-4632-825f-3726228bbea6,Javeria Rashid,5,,ausam game,0,1.129.1,2026-07-26T10:04:12,,
Free Fire: 9th Anniversary,com.dts.freefireth,Gaming,b887f96f-4eb0-474a-8636-5ef23daf4c52,coyut boy boy,5,,this is game,0,,2026-07-26T10:03:19,,
Free Fire: 9th Anniversary,com.dts.freefireth,Gaming,e7020c13-f041-49e4-a060-ac0f6291f895,Jam Waseem,5,,good,0,,2026-07-26T10:03:16,,
Free Fire: 9th Anniversary,com.dts.freefireth,Gaming,0d2b0ecc-9527-45e1-9ee3-fb1418b43022,Addd12345@gmail.com Addd12345@gmail.com,5,,good,0,1.128.2,2026-07-26T10:00:35,,
Free Fire: 9th Anniversary,com.dts.freefireth,Gaming,60f0f845-2f84-42f4-8dd9-6411bee9f89b,Hassan Hafiz,5,,this game is so best game 👌,0,,2026-07-26T09:55:40,,
Free Fire: 9th Anniversary,com.dts.freefireth,Gaming,892b36cf-a557-4242-982a-60ff7ac6b3eb,Muhtasim Anowar,5,,good,0,,2026-07-26T09:53:38,,
Free Fire: 9th Anniversary,com.dts.freefireth,Gaming,33471491-3785-4e7d-976a-8114d3681863,"Cox,s Bazar",2,,"Shame on Garena! Even when Auto Download is turned off, it still downloads files automatically. This fills up the app storage, making it difficult or impossible to play the game on low-end devices. Because of Garena's tricks like this, our mobile data gets used up as well. Shame on Garena! We are poor, and we can't afford to buy the Booyah Pass. Garena keeps increasing its price and gives fewer Evo Tokens. Shame on you, Garena! Before, buying the Booy",0,1.128.2,2026-07-26T09:52:22,,
Free Fire: 9th Anniversary,com.dts.freefireth,Gaming,c5ecb2fc-4615-4f5c-be72-e41c1f2e29e3,assalamo alikom,3,,"Shame on Garena! Even when Auto Download is turned off, it still downloads files automatically. This fills up the app storage, making it difficult or impossible to play the game on low-end devices. Because of Garena's tricks like this, our mobile data gets used up as well. Shame on Garena! We are poor, and we can't always afford to buy the Booyah Pass. Instead of making it more affordable, Garena keeps increasing its price and gives fewer Evo Tokens. Shame on you, Garena! Before, buying the Bo",0,,2026-07-26T09:50:15,,
Free Fire: 9th Anniversary,com.dts.freefireth,Gaming,a8fa921d-f0fc-433c-9e41-12af64a851ea,Ghulam Mustafa,5,,free fire is My love 💖😘😘😘,0,,2026-07-26T09:47:04,,
Free Fire: 9th Anniversary,com.dts.freefireth,Gaming,654fb41a-54c9-495a-b849-f883728f9de5,Bijoy Paul,5,,Hakar bend plis💔,0,,2026-07-26T09:47:03,,
Free Fire: 9th Anniversary,com.dts.freefireth,Gaming,8787a67c-09b5-48be-a382-a3ecfe914b0b,Abdul Hamid,5,,suìiiiiiii,0,1.129.1,2026-07-26T09:42:36,,
Free Fire: 9th Anniversary,com.dts.freefireth,Gaming,4334ebbe-50d0-49a3-8b6c-b3163015eb50,Adnan Khan,5,,best game,0,,2026-07-26T09:38:18,,
Free Fire: 9th Anniversary,com.dts.freefireth,Gaming,613cfc09-303d-450a-98df-b47812d60810,Imran Shakir,5,,My life,0,1.129.1,2026-07-26T09:36:45,,
Free Fire: 9th Anniversary,com.dts.freefireth,Gaming,80ec71e1-5397-40f0-98d4-30719a7a0fd3,Luqman Bangash,5,,This game is the best game but old peak is golden peak please garena free fire return old peak plzzzzzzzzzzz plzzzz plzzz plzzzz all players wish it plz. garena free fire please see my this comment ...... I miss 2017 2018 2019 game plzz dear garena free fire,0,,2026-07-26T09:34:05,,
Free Fire: 9th Anniversary,com.dts.freefireth,Gaming,3640c066-096e-4e5e-bc4d-7dc3f9b11671,Hamad Roghani,5,,thes game is a bist game in the world 🌎,0,,2026-07-26T09:31:29,,
Free Fire: 9th Anniversary,com.dts.freefireth,Gaming,c3661487-d238-40f8-8731-8feb2c39c29f,Muhammad Hamza Hamza,5,,best,0,1.126.1,2026-07-26T09:23:23,,
Free Fire: 9th Anniversary,com.dts.freefireth,Gaming,c6d86b07-5480-4e46-a731-43ad2a90dc60,Tamim Hasan,1,,"This game is not what it used to be. Every new update brings more problems instead of fixing the old ones. There are constant lags, bugs, poor matchmaking, server issues, and headshots often don't register properly. Ping also spikes randomly, making the gameplay frustrating. The new Horse Ability that allows players to fire while using it has ruined the balance.When an enemy appears in front of you, survival depends more on that ability than on player skill, making fights feel unfair.",1,1.129.1,2026-07-26T09:23:03,We are sorry to see you are having problems! The performance of the game is a priority for us and something we will continue to optimize.,2026-07-27T13:43:34
Free Fire: 9th Anniversary,com.dts.freefireth,Gaming,6c967364-7699-46e6-afcb-48e1d1757647,Amr Moussa,4,,good,0,,2026-07-26T09:20:41,,
Free Fire: 9th Anniversary,com.dts.freefireth,Gaming,8813827f-c1e7-4cb3-ba2f-f84cd983b6b5,Muhammad Butta,1,,best game of world,0,,2026-07-26T09:12:25,,
Free Fire: 9th Anniversary,com.dts.freefireth,Gaming,0e939a19-bfc4-483e-9b02-90b3f22c41d9,Arslan Tariq,5,,I love Free Fire,0,1.129.1,2026-07-26T09:11:55,,
Free Fire: 9th Anniversary,com.dts.freefireth,Gaming,e68026a4-425f-4e54-8cff-42f997b35f23,Rufia Rufia begum,5,,bast game,0,,2026-07-26T09:06:06,,
Free Fire: 9th Anniversary,com.dts.freefireth,Gaming,162fbcc9-2434-4766-8eee-3db0bd2992c7,Lamiya Akter,5,,অনেক সুন্দর গেম সবাই এটা খেলো,0,,2026-07-26T09:04:31,,
Free Fire: 9th Anniversary,com.dts.freefireth,Gaming,43c44d3b-2c6f-46eb-80a2-1f129cb95d3f,Ziwan Thapa,5,,Happy Birthday to,0,1.129.1,2026-07-26T08:58:04,,
Free Fire: 9th Anniversary,com.dts.freefireth,Gaming,dedb7bb7-0a92-4595-af32-b6757b368042,nazmul Hossain,5,,I am playing this game since 2020 and when I play this game I became happy I love Free Fire ❤️❤️,0,,2026-07-26T08:57:21,,
Free Fire: 9th Anniversary,com.dts.freefireth,Gaming,2235a460-5c63-40b9-b33f-5682a5abaabd,Atif Saeed,5,,best game ever l played 😎😎😎,0,1.128.2,2026-07-26T08:57:03,,
Free Fire: 9th Anniversary,com.dts.freefireth,Gaming,9e558caa-b131-40ee-bf67-fb49bab6921f,Ghots Problem,1,,op,0,1.128.2,2026-07-26T08:51:46,,
Free Fire: 9th Anniversary,com.dts.freefireth,Gaming,47db075f-bf11-4cd7-a469-0873c04381bc,Ruwan Gunanawardana,5,,super,0,1.128.2,2026-07-26T08:42:53,,
Free Fire: 9th Anniversary,com.dts.freefireth,Gaming,2361a0b7-ea6f-4236-a965-c556e89a3d89,Rehman Abid,5,,good,0,1.129.1,2026-07-26T08:39:24,,
Free Fire: 9th Anniversary,com.dts.freefireth,Gaming,3343000e-9134-4c24-a57a-a0082e19d762,funso tokede,4,,very good game 🎮,0,1.129.1,2026-07-26T08:38:57,,
Free Fire: 9th Anniversary,com.dts.freefireth,Gaming,e9b21df0-320a-4be7-9aa5-993ea2c3c86b,Hassan,5,,good,0,1.129.1,2026-07-26T08:34:37,,
Free Fire: 9th Anniversary,com.dts.freefireth,Gaming,b507d85f-7f72-41d0-8507-42d383247fec,Dila Neupane123,5,,I Love this game 🎮,0,,2026-07-26T08:34:27,,
Free Fire: 9th Anniversary,com.dts.freefireth,Gaming,10267934-4abb-4222-890b-b2ae971c60c7,Moto Khan,5,,best game,0,1.129.1,2026-07-26T08:34:11,,
Free Fire: 9th Anniversary,com.dts.freefireth,Gaming,d6279a3e-bcee-471b-82fa-ad00c2d62ef2,M Kaif,5,,game is very interesting 🔥🔥🥰,0,1.123.1,2026-07-26T08:30:55,,
Free Fire: 9th Anniversary,com.dts.freefireth,Gaming,2681cb98-ce90-4c18-bb02-65a397ea9875,Shahbaaz ansari,5,,best game ever,1,1.128.2,2026-07-26T08:29:36,,
Free Fire: 9th Anniversary,com.dts.freefireth,Gaming,abf0ef1d-ade8-48b0-9919-7a08824b4754,Ali Rana,5,,the best game garena I hope that you guys can make another game like ff....,0,1.129.1,2026-07-26T08:22:37,,
Free Fire: 9th Anniversary,com.dts.freefireth,Gaming,02ff5204-dffe-41a1-a402-062842779770,hannan ali,5,,nice game,0,1.128.2,2026-07-26T08:20:01,,
Free Fire: 9th Anniversary,com.dts.freefireth,Gaming,f1906744-c519-4af4-86e9-3a47818fad00,Munawar Basra Munawar Basra,5,,best game I played,0,,2026-07-26T08:17:26,,
Free Fire: 9th Anniversary,com.dts.freefireth,Gaming,020b4983-ef79-4242-9020-2e87bd45dab0,Favour Nzubechukwu,5,,ff is the one and only,0,1.129.1,2026-07-26T08:15:22,,
Free Fire: 9th Anniversary,com.dts.freefireth,Gaming,19c15ec8-217e-46a0-940f-36999e52292d,Zaiba Khan,5,,perfect for time pass,0,1.129.1,2026-07-26T08:14:08,,
Free Fire: 9th Anniversary,com.dts.freefireth,Gaming,31e227f5-08e2-4e9a-8efa-c5593462a708,Shahin Ahmed,5,,It is so good game,0,1.129.1,2026-07-26T08:09:29,,
Free Fire: 9th Anniversary,com.dts.freefireth,Gaming,353d6ffc-3f75-4748-bef2-b7947b081fb0,Shamol Chandra shil,5,,my best favourite game.,0,1.129.1,2026-07-26T08:08:17,,
Free Fire: 9th Anniversary,com.dts.freefireth,Gaming,d974b70a-7dec-4c3b-aaaa-3407d1ba246a,Sarmila Tamang,5,,bast I'm,0,,2026-07-26T08:07:43,,
Free Fire: 9th Anniversary,com.dts.freefireth,Gaming,59f20dca-d5c0-435f-8509-fd14a50888fd,Salman khan,5,,free fire best game,0,1.126.1,2026-07-26T08:05:40,,
Free Fire: 9th Anniversary,com.dts.freefireth,Gaming,2ee1869c-d5a3-40c3-a88d-86e0e28b34b7,Javed Asghar,5,,Very nice game and the bundle very good,0,,2026-07-26T08:04:33,,
Free Fire: 9th Anniversary,com.dts.freefireth,Gaming,338a6613-3989-463f-9a9f-cb8559113f6a,Izzati,5,,best,0,1.129.1,2026-07-26T08:03:22,,
Free Fire: 9th Anniversary,com.dts.freefireth,Gaming,644eaead-2067-4c5a-85f0-5c379bae0767,Adesanya Dorcas,5,,Good game and good graphics,1,1.128.2,2026-07-26T08:00:14,,
Free Fire: 9th Anniversary,com.dts.freefireth,Gaming,d314f991-4d4f-432c-81e7-c3fa19e45bb5,Sa Pakistan,5,,one of the best game in the world,1,1.126.1,2026-07-26T07:56:33,,
Free Fire: 9th Anniversary,com.dts.freefireth,Gaming,4fcbf6f2-5774-4df6-87a0-3652a6894cfa,Zain Waheed,5,,Subhan suggested me. It's a fantastic game 🎯🎮,1,1.128.2,2026-07-26T07:53:34,,
Free Fire: 9th Anniversary,com.dts.freefireth,Gaming,528e89aa-1e16-4988-9547-28d54211511c,Nisreen Elatar,5,,I think freefire is the famousgames,0,1.128.2,2026-07-26T07:51:22,,
Free Fire: 9th Anniversary,com.dts.freefireth,Gaming,056e39cc-2fd7-47fd-b6af-60066c7604dc,Usman Khan,5,,"”Amazing game! I enjoy every match. Thanks to the developers for making such a great game.""",0,1.129.1,2026-07-26T07:49:33,,
Free Fire: 9th Anniversary,com.dts.freefireth,Gaming,71b15386-6e2b-41ed-978e-8700eceb312d,Samiul Islam,2,,love this game..😍😍😍😍..a But day by day it will be so costly Please ensure that everybody can play this game..not only for the rich....if the increase rate continue... One day we should be offline forever..,1,1.123.1,2026-07-26T07:49:08,,
Free Fire: 9th Anniversary,com.dts.freefireth,Gaming,75b64d98-a0fe-4c52-a57b-4b0fa4a5fba9,Md Naroto,5,,my hard side,1,1.129.1,2026-07-26T07:47:51,,
Free Fire: 9th Anniversary,com.dts.freefireth,Gaming,8cad4f02-8845-46e7-aaba-1e186cec8ad9,Reka Akter,1,,rite game my,1,1.128.2,2026-07-26T07:31:17,,
Free Fire: 9th Anniversary,com.dts.freefireth,Gaming,1199d87f-da40-4b1c-be02-582ac965d0fe,ZORO ZORO,5,,😍😍😍,0,1.129.1,2026-07-26T07:29:13,,
Free Fire: 9th Anniversary,com.dts.freefireth,Gaming,a6967d4a-2959-43c8-a87c-8dd63562c256,Anuki Sehansa,5,,♥️♥️♥️♥️♥️,1,1.128.2,2026-07-26T07:26:52,,
Free Fire: 9th Anniversary,com.dts.freefireth,Gaming,f9a95fb5-a261-4ce8-aeba-e1e4949da74d,Aisyah Shahrin,5,,game ni memang best la,1,1.128.2,2026-07-26T07:24:57,,
Free Fire: 9th Anniversary,com.dts.freefireth,Gaming,fb471a54-1040-444a-ba41-9844a7e6659a,Rian A/L Hasroy,5,,👍👍👍,0,1.126.1,2026-07-26T07:22:20,,
Free Fire: 9th Anniversary,com.dts.freefireth,Gaming,66664712-6d45-42a3-920f-4b9598557873,Lalu Gurung,5,,easy to play 6years old being in my id,0,1.128.2,2026-07-26T07:21:55,,
Free Fire: 9th Anniversary,com.dts.freefireth,Gaming,82a26737-99db-44d1-850b-be53a2502155,Muhammad Ayan,5,,This game is very fantastic but this game is not father of PUBG,0,1.129.1,2026-07-26T07:21:02,,
Free Fire: 9th Anniversary,com.dts.freefireth,Gaming,d7a01910-0f97-477b-89e4-9905f06f74fe,Omary bashir,5,,excellent,0,1.129.1,2026-07-26T07:20:37,,
Free Fire: 9th Anniversary,com.dts.freefireth,Gaming,b808e270-5e87-4fda-ae3a-545b8a31cf1c,Aesya Faidzal,5,,game dis is good,0,1.128.2,2026-07-26T07:15:20,,
Free Fire: 9th Anniversary,com.dts.freefireth,Gaming,5b7d1610-698a-479e-8c6c-16c74034ab13,Jumoke Mike ayodele,5,,nice game,0,1.128.2,2026-07-26T07:11:55,,
Free Fire: 9th Anniversary,com.dts.freefireth,Gaming,c1705e24-9e23-4269-bfe3-8385c7f9eb1a,Belayang Yang,5,,best,0,1.129.1,2026-07-26T07:10:57,,
Free Fire: 9th Anniversary,com.dts.freefireth,Gaming,eb3a0529-9ca9-467a-b9f9-b131d73171ae,AGURE-DAM SUSAN,5,,this is nice,0,1.128.2,2026-07-26T07:05:01,,
Free Fire: 9th Anniversary,com.dts.freefireth,Gaming,c54cb63b-1f99-455d-83e2-fcac77a0347a,Muhammad Junaid,5,,No words,0,1.129.1,2026-07-26T07:03:30,,
Free Fire: 9th Anniversary,com.dts.freefireth,Gaming,efc4114a-b3aa-4995-b1a2-46478c0d23ad,Pasindu kavinda,5,,good,0,1.129.1,2026-07-26T07:03:01,,
Free Fire: 9th Anniversary,com.dts.freefireth,Gaming,e63554e7-beeb-4df7-93c1-3135c7d89f3b,SHANNON King,5,,my fav game ever😍♥️👍🏻,0,1.126.1,2026-07-26T06:58:22,,
Free Fire: 9th Anniversary,com.dts.freefireth,Gaming,e95cd868-b9e1-458f-b263-b87b1259d7e3,Nazril Nasir,5,,best,0,1.120.1,2026-07-26T06:54:54,,
Free Fire: 9th Anniversary,com.dts.freefireth,Gaming,29be5f2e-4e86-4a7f-97bf-dcc633fa310e,W ali,5,,VERY VERY GOOD MY FAV GAME HAVE A TRY !!,0,1.126.1,2026-07-26T06:54:34,,
Free Fire: 9th Anniversary,com.dts.freefireth,Gaming,7d077ba0-1bcf-45b6-80c4-f55c290d3335,OLD I S GOLD,1,,আগামী,0,,2026-07-26T06:50:06,,
Free Fire: 9th Anniversary,com.dts.freefireth,Gaming,fe8eaf23-c879-4271-9227-5fea0b94a2c0,Sky Fix,5,,is this game is fun and cool,0,1.129.1,2026-07-26T06:49:20,,
Free Fire: 9th Anniversary,com.dts.freefireth,Gaming,754054b4-4dc5-410a-a6a0-9dbfe8d5d3ab,Aananda Gaurgobind,4,,•social island needs to have some parkour spot.,2,1.128.2,2026-07-26T06:44:12,,
Free Fire: 9th Anniversary,com.dts.freefireth,Gaming,f58b5351-37a3-4ded-8076-d33451b2b608,Sami Chaudhery,5,,How are you free fire lovers,0,1.129.1,2026-07-26T06:43:10,,
Free Fire: 9th Anniversary,com.dts.freefireth,Gaming,5791b864-3021-412c-99df-075a7a9e8b31,Muhammad Abdulmalik,5,,best game,0,1.128.2,2026-07-26T06:40:25,,
Free Fire: 9th Anniversary,com.dts.freefireth,Gaming,2fbf2317-9768-412a-b9bb-7fe02f071fc6,Shahzad Bhatti,5,,i like this game very much,0,1.129.1,2026-07-26T06:39:39,,
Free Fire: 9th Anniversary,com.dts.freefireth,Gaming,677296d3-383a-4fef-bbb0-22ce4469aee4,Adeel Bhangar,5,,free fire is world best game,0,1.0.2,2026-07-26T06:38:16,,
Free Fire: 9th Anniversary,com.dts.freefireth,Gaming,e0e70af6-e5b4-4305-8e70-bac84b042666,Danish Rajpot,5,,it was a good game,0,1.129.1,2026-07-26T06:37:35,,
Free Fire: 9th Anniversary,com.dts.freefireth,Gaming,118d91e3-606c-4ab9-b79b-e6802ab47cef,Mohammad Eshan,5,,good geme,0,1.128.2,2026-07-26T06:36:01,,
Free Fire: 9th Anniversary,com.dts.freefireth,Gaming,f4209467-0d12-4e54-8bf9-cf6bd0162e45,Zestem,1,,very bad app from high ping to hackers once I reach over 10 winstreak like there literally flying with double snipers and when I spectate them they have 99 winstreak really prove your moderation and while I was in a match your stupid update came so I got kicked out of the app said it was updating and when I logged back I lost the match plus my honour score was deducted,0,1.129.1,2026-07-26T06:33:29,"Hi, we are sorry to hear the game is not working on your end. May we inquire about what you've experienced? Please contact our customer support at https://ffsupport.garena.com to resolve it as soon as possible. Thank you!",2026-07-27T13:44:45
Free Fire: 9th Anniversary,com.dts.freefireth,Gaming,328f4215-b8c3-4f27-b6cb-8e3dab4d0612,Ari Febrianto,1,,"banyak bug, udah masang glowall tetep ga kepasang walaupun sinyal bagus",0,1.128.2,2026-07-26T06:31:42,,
Free Fire: 9th Anniversary,com.dts.freefireth,Gaming,b25849b8-cd1e-4e91-9297-1df6faa9156b,Mohsin Jatt,5,,nice game 🎮,0,1.129.1,2026-07-26T06:24:52,,
Free Fire: 9th Anniversary,com.dts.freefireth,Gaming,a8570a55-86ae-429e-8473-fc66648461ab,Deborah Adegboye,5,,"I have been playing this game for years,even lost 2 acct,if u are reading this comment and u don't play ff,start now",0,1.106.1,2026-07-26T06:21:51,,
Free Fire: 9th Anniversary,com.dts.freefireth,Gaming,dd251edf-0b5a-4872-8b7d-1a780931431f,Salina Bhattarai,5,,i love FREE FIRE game,0,,2026-07-26T06:20:48,,
Free Fire: 9th Anniversary,com.dts.freefireth,Gaming,6a4315a9-b6aa-453d-a8c4-a833fcdc2aca,YoTz,5,,အတူတူဆော့ကျမယ်,0,,2026-07-26T06:15:14,,
Free Fire: 9th Anniversary,com.dts.freefireth,Gaming,b7fdaf31-8567-42b9-a478-abc30096c516,Rajbi Rajbi,5,,nice game,0,1.129.1,2026-07-26T06:12:24,,
Free Fire: 9th Anniversary,com.dts.freefireth,Gaming,b2b4293c-7395-405f-887c-b18b282b4ad8,MD jashim Uddin,5,,অনেক ভালো এই গেমটা,0,,2026-07-26T06:11:26,,
Free Fire: 9th Anniversary,com.dts.freefireth,Gaming,b37013bf-fde0-4d34-8ebc-097b76572a3f,Rofiat Omowumi,5,,it a really cool gun simulator a should know I have been playing free fire since they brought the game 👌😏,0,,2026-07-26T06:02:03,,
Free Fire: 9th Anniversary,com.dts.freefireth,Gaming,d4a1287e-b16b-4dbb-9686-35f18b5a9f5d,Goodluck Daniel,5,,very nice game,0,1.129.1,2026-07-26T06:01:42,,
Free Fire: 9th Anniversary,com.dts.freefireth,Gaming,5da33bda-a4d2-41f1-b082-fe41853ab0ed,Liaqat Ali,4,,very good experience,0,1.128.2,2026-07-26T05:51:23,,
Free Fire: 9th Anniversary,com.dts.freefireth,Gaming,df5aff70-2b00-405b-ae5f-778a0680acea,Koko Grill,5,,okay,0,,2026-07-26T05:43:26,,
Free Fire: 9th Anniversary,com.dts.freefireth,Gaming,6d14cb85-bd69-436a-ac19-867e96edea5e,J lee Linda,5,,cool,0,,2026-07-26T05:43:18,,
Free Fire: 9th Anniversary,com.dts.freefireth,Gaming,1efa6b40-7b7b-41a9-b69c-08ade9496278,Ali Bantva,5,,veryyyyyyyyyyyyyyy good,0,1.129.1,2026-07-26T05:37:02,,
Free Fire: 9th Anniversary,com.dts.freefireth,Gaming,366f3896-d713-4838-b84a-65105fed5170,Michea Ogundare,5,,"This game is legit,you got to try it out",0,1.129.1,2026-07-26T05:32:36,,
Free Fire: 9th Anniversary,com.dts.freefireth,Gaming,ee2bde58-167b-4ab3-b11e-26e97264070c,Tawsif,1,,Miss youuuuuuuuuuuuuuu old free fire,0,,2026-07-26T05:31:12,,
Free Fire: 9th Anniversary,com.dts.freefireth,Gaming,4c3ab807-adea-4397-811e-fc77a1f39377,Hasan Ali,5,,This game was great the best game,0,,2026-07-26T05:18:45,,
Free Fire: 9th Anniversary,com.dts.freefireth,Gaming,122d4c24-9d49-4c57-8ada-8326a1617f3b,Olayinka Mary,4,,nice,0,1.126.1,2026-07-26T05:15:29,,
Free Fire: 9th Anniversary,com.dts.freefireth,Gaming,3a6e01b6-ef04-47bb-bbcd-c59e9b63b3fc,Viper,5,,nice,0,1.129.1,2026-07-26T05:09:22,,
Free Fire: 9th Anniversary,com.dts.freefireth,Gaming,e4b64556-394a-4031-bda4-cddd3043d761,Gemma Gregory,5,,good 👍 its easy for beginners,0,1.128.2,2026-07-26T04:48:17,,
Free Fire: 9th Anniversary,com.dts.freefireth,Gaming,e595b351-871b-4251-9887-1cc5fd43e222,John Sylvester,5,,Best game ever,0,1.126.1,2026-07-26T04:47:55,,
Free Fire: 9th Anniversary,com.dts.freefireth,Gaming,f07eedd3-8c31-46fa-af1d-2b645b008683,Tebogo Maedimole,5,,"great game for Battle royals, Squad games, 1v1 and 20v20 I give it 10/10",0,1.128.2,2026-07-26T04:47:13,,
Free Fire: 9th Anniversary,com.dts.freefireth,Gaming,c189274d-40e9-4a29-a7d0-05dec6edaa9d,Luke De voss,5,,"It is a very nice, good game playing it helped me to be locked in and focus on one man or more enemies aren't so bad but they same times give hard time id played this game since 2020 and I found it fun and interesting. you should make more new maps and make the game more interesting to others by helping us all know the truth how it all works and let us know for new updates and make it like call of duty mobile with better fixtures this is a very nice game and we all enjoys the whole game do more",0,1.123.1,2026-07-26T04:45:15,,
Free Fire: 9th Anniversary,com.dts.freefireth,Gaming,ac023704-3e0f-43d3-be7e-21eeebeadc6e,Son Goku,5,,fun to play,0,1.129.1,2026-07-26T04:44:19,,
Free Fire: 9th Anniversary,com.dts.freefireth,Gaming,e0d80e84-6f64-4510-9812-902f112c8a4e,Osuolale Kehinde,5,,good,0,1.129.1,2026-07-26T04:37:44,,
Free Fire: 9th Anniversary,com.dts.freefireth,Gaming,daee3fe2-6b1a-4b42-becb-476c4844b219,Gamji milam,1,,Bring a slide button,0,1.128.2,2026-07-26T04:35:45,,
Free Fire: 9th Anniversary,com.dts.freefireth,Gaming,3bf3d73a-d962-45e7-9393-af654f7fd19e,Lydia Doroba,5,,fascinating game,0,1.128.2,2026-07-26T04:34:16,,
Free Fire: 9th Anniversary,com.dts.freefireth,Gaming,ebc2a5d8-61e6-402f-be90-3eda222eaab2,Muhammad D,5,,Amazing I love this Game i play pubg but this game id undesribeable,0,1.128.2,2026-07-26T04:33:13,,
Free Fire: 9th Anniversary,com.dts.freefireth,Gaming,90fceb42-4547-4562-b28f-1f540bbc4be9,Jacole Williams,5,,my kids are playing this game all day and I tried to take your tablets the took it back when I'm sleeping but this is a fun game my this game is so fun flipline it's definitely play this game is good for your kids 😀😁,0,1.122.1,2026-07-26T04:14:11,,
Free Fire: 9th Anniversary,com.dts.freefireth,Gaming,71af9703-ecc2-4a50-bfd1-1ac83553debb,Divine Usen,5,,I love the game so much,0,1.129.1,2026-07-26T04:12:00,,
Free Fire: 9th Anniversary,com.dts.freefireth,Gaming,64d3f97a-5e8f-45b2-b81d-5b61dcdfa557,Okechukwu Ifesinachi,5,,FF for life,0,,2026-07-26T04:11:15,,
Free Fire: 9th Anniversary,com.dts.freefireth,Gaming,3ebf053e-0d76-44ea-8b90-0b9c0b30bd7a,Prashant Shrestha,5,,perfect game,0,1.129.1,2026-07-26T04:08:25,,
Free Fire: 9th Anniversary,com.dts.freefireth,Gaming,2eb4b442-ab36-496d-8c38-0c29c628f2f1,Imran Gali,5,,is game na hame bhot kuch diya hai,1,1.129.1,2026-07-26T04:01:38,,
Free Fire: 9th Anniversary,com.dts.freefireth,Gaming,151f4bec-5270-49d3-a2b9-b8573dfd1570,Lorraine Manamela,5,,is the best game,0,1.129.1,2026-07-26T03:56:17,,
Free Fire: 9th Anniversary,com.dts.freefireth,Gaming,f1f4bfee-f196-434c-98cd-cc669a1f2b06,Hina Imtiaz,5,,bohat Achi game ha,0,,2026-07-26T03:49:55,,
Free Fire: 9th Anniversary,com.dts.freefireth,Gaming,2216acac-67a9-46ac-b538-cf22a773ad31,Zucci Boy,5,,awesome 👍🏾😎,0,1.128.2,2026-07-26T03:40:36,,
Free Fire: 9th Anniversary,com.dts.freefireth,Gaming,58b27933-184e-42d7-84ce-f727e89f750a,Victoria pomaa,5,,Its a good game,0,1.128.2,2026-07-26T03:37:43,,
Free Fire: 9th Anniversary,com.dts.freefireth,Gaming,b4e42bb8-0d55-4696-8b7d-5741a4a57eb5,Aria Bagans,5,,to be the best,0,,2026-07-26T03:37:10,,
Free Fire: 9th Anniversary,com.dts.freefireth,Gaming,2333b82a-bc0e-4206-b8db-b3168f362e36,Richard Solomon,5,,the best game ever,0,1.128.2,2026-07-26T03:34:29,,
Free Fire: 9th Anniversary,com.dts.freefireth,Gaming,1fa5c4c8-837e-4fe1-b814-ded8f0f668bb,Oke Abah,5,,I love this game so much,0,1.128.2,2026-07-26T03:31:41,,
Free Fire: 9th Anniversary,com.dts.freefireth,Gaming,67408911-f692-4505-8651-231773461c3a,samuel godswill,4,,It is a nice game,0,1.129.1,2026-07-26T03:27:36,,
Free Fire: 9th Anniversary,com.dts.freefireth,Gaming,76ddc988-6f34-499b-8726-dfcf1b06eab6,Godwin,5,,I love the new update 😺😺😺😺,0,1.128.2,2026-07-26T03:27:21,,
Free Fire: 9th Anniversary,com.dts.freefireth,Gaming,d3b3aca0-bff3-4748-8658-4d82b6ef955a,Chima Onyema,5,,I love it,0,1.128.2,2026-07-26T03:26:46,,
Free Fire: 9th Anniversary,com.dts.freefireth,Gaming,79799c60-38c9-4f89-b248-96902fb5ceec,Muhammad Fahad,5,,good,0,1.128.2,2026-07-26T03:23:58,,
Free Fire: 9th Anniversary,com.dts.freefireth,Gaming,cd28205f-7782-4731-86cf-d5941c4761d5,Ali Yazdan,5,,it is goood game but please remove the prime and diamond events,1,1.129.1,2026-07-26T03:23:20,,
Free Fire: 9th Anniversary,com.dts.freefireth,Gaming,cc986a45-2913-434c-b13e-0da08ffdf0c2,Sekao Thato,5,,best game ever,0,1.129.1,2026-07-26T03:16:20,,
Free Fire: 9th Anniversary,com.dts.freefireth,Gaming,8903e34c-ed11-4f36-871f-0a9d9099e6e3,Ali Murad,5,,please garena I need bunny bundle in 1 spin,0,1.129.1,2026-07-26T03:13:30,,
Free Fire: 9th Anniversary,com.dts.freefireth,Gaming,bf216724-2fec-493a-bb71-222e0fe79334,Ismail Ziani,5,,nice game,0,1.129.1,2026-07-26T03:11:56,,
Free Fire: 9th Anniversary,com.dts.freefireth,Gaming,2978d1b8-3719-4ece-8486-6f9a60f4c4a8,Qayyum Quadri,5,,I love free fire so much and can u pls update it to have lion to ride not only a horse,0,1.123.1,2026-07-26T03:11:20,,
Free Fire: 9th Anniversary,com.dts.freefireth,Gaming,225da10b-d980-4064-9654-d2c4fd675f15,Md Salim Rain Md Salim Rain,5,,nice 👍,0,1.129.1,2026-07-26T03:10:46,,
Free Fire: 9th Anniversary,com.dts.freefireth,Gaming,cbba321c-303a-4321-8baa-c61c99b23483,Abdelrahman Elabsawy,5,,good,0,1.129.1,2026-07-26T03:09:54,,
Free Fire: 9th Anniversary,com.dts.freefireth,Gaming,a5f89029-a90f-41f3-a672-ff9d81b43000,Muhammad Sheriff,5,,best game,0,,2026-07-26T03:07:02,,
Free Fire: 9th Anniversary,com.dts.freefireth,Gaming,457aab72-5809-4cb0-bb79-ee7eb3bde997,Suleman Niaz,5,,good game,0,1.129.1,2026-07-26T03:04:03,,
Free Fire: 9th Anniversary,com.dts.freefireth,Gaming,c9667e36-1bb2-4b5c-9600-064a75e67318,Kelechi Destiny,5,,one of the best game experiences I've ever had keep it up garena,0,,2026-07-26T03:04:02,,
Free Fire: 9th Anniversary,com.dts.freefireth,Gaming,4082eca4-231f-4234-84a1-1afee6427d2b,Achchu,5,,super,0,1.129.1,2026-07-26T03:02:42,,
Free Fire: 9th Anniversary,com.dts.freefireth,Gaming,0227b738-c5ad-4b45-8a42-9c33e9edbb24,Fahim Alam,5,,"best game I can ever seen. this is the game which create chances to pass time with others friends and playing with them from distance places. I'm very fortunate that I can live that time when this game is available. No world exists that express my emotions for this game. Now,it becomes the part and parcel in my daily life. I can't imagine a day without playing this game. Someone say that we are waste our time by playing games but they don't know this is the only way we pass a peaceful time with",0,1.126.1,2026-07-26T03:00:16,,
Free Fire: 9th Anniversary,com.dts.freefireth,Gaming,5c7e3db8-af11-49f7-8856-2630a6250b04,ehsan ullah,1,,time waste,0,,2026-07-26T02:57:53,,
Free Fire: 9th Anniversary,com.dts.freefireth,Gaming,4642c1ed-a2ed-497c-a9a5-55ae6a3f472e,Uyonwu Chibuzor,5,,I love the game,0,1.128.2,2026-07-26T02:57:34,,
Free Fire: 9th Anniversary,com.dts.freefireth,Gaming,b6fd448a-926b-47a1-88ba-6953ea955718,Adekunle Shopitan,4,,it is very very horrible in a good way,0,,2026-07-26T02:54:48,,
Free Fire: 9th Anniversary,com.dts.freefireth,Gaming,1bd27cf3-97e7-41a8-b5ae-6535e91e2271,Muhammad Sohail Ahmad,5,,I love it,0,1.129.1,2026-07-26T02:54:18,,
Free Fire: 9th Anniversary,com.dts.freefireth,Gaming,d3b2f914-2e0d-4074-a9e1-b9aee85e54b6,Nsrdin,3,,"Garena, why does every account I log into on my phone get banned even though I haven't used any cheating tools?",0,,2026-07-26T02:53:26,,
Free Fire: 9th Anniversary,com.dts.freefireth,Gaming,288971b6-12a6-4630-8f41-1afb4ccdb022,Akbar Malik,5,,Best game for me,0,1.129.1,2026-07-26T02:51:02,,
Free Fire: 9th Anniversary,com.dts.freefireth,Gaming,89c5c21a-3410-4894-862d-b50fb8905b1d,Ameena Nasir,5,,"such a nice game really loving it, Everytime I it's so nice",0,1.126.1,2026-07-26T02:49:08,,
Free Fire: 9th Anniversary,com.dts.freefireth,Gaming,37688674-efd3-4240-8a4a-946ecfa4970c,Chukwuemelie Ogonna Godfrey Godfreyokeke,5,,"i really like the game, but the offline mode needs some improvments, like adding an offline battle royal mode noy just the training grounds and map modes, and please i'm not being insulting with garena i'm just givinh an advice",0,,2026-07-26T02:40:39,,
Free Fire: 9th Anniversary,com.dts.freefireth,Gaming,ad52e897-165a-4d4c-b325-3391ba0431f5,Adib Kaysar,5,,Hoga mare ai game ami abal cuda game cartoon character a bora ai game faltu game🤣,0,,2026-07-26T02:40:09,,
Free Fire: 9th Anniversary,com.dts.freefireth,Gaming,bc264322-081d-4c18-8b35-f1e5f8ef71d5,Faiqa Jabbar,5,,enjoy,0,1.129.1,2026-07-26T02:38:44,,
Free Fire: 9th Anniversary,com.dts.freefireth,Gaming,1f624603-2e61-4158-a899-3fd4c3860f52,Abdul RAFAY,5,,My id ban prime level 6🥹🥹🥹,0,1.108.1,2026-07-26T02:37:49,,
Free Fire: 9th Anniversary,com.dts.freefireth,Gaming,38053d61-4d9b-4631-b128-6e28c4ae3327,Messter Jjلي,5,,good game,0,1.129.1,2026-07-26T02:35:44,,
Free Fire: 9th Anniversary,com.dts.freefireth,Gaming,c4382f1e-1830-4f63-909c-545282d22a42,Smartlinedxb,1,,poor quality,0,1.128.2,2026-07-26T02:31:52,,
Free Fire: 9th Anniversary,com.dts.freefireth,Gaming,e1b85011-6b57-481b-8117-cf25d93ba76c,Sangeshni Raman,4,,Ff=GOAT and Cow,0,1.128.2,2026-07-26T02:31:20,,
Free Fire: 9th Anniversary,com.dts.freefireth,Gaming,7df83378-e6ce-4aa1-9f21-9240079169fd,Aptap Khan,5,,good 👍,0,,2026-07-26T02:26:16,,
Free Fire: 9th Anniversary,com.dts.freefireth,Gaming,9072a626-ee53-465f-bc80-9e372f635f8d,Humdan Adeel,5,,I love Free Fire,0,,2026-07-26T02:24:23,,
Free Fire: 9th Anniversary,com.dts.freefireth,Gaming,bcf9b86e-ba4b-4568-bcfc-98bf439afcf6,CEO MÄRVƐLL,5,,look good,0,1.128.2,2026-07-26T02:23:43,,
Free Fire: 9th Anniversary,com.dts.freefireth,Gaming,3bcba2b3-2761-43c0-9426-23684f3b2a71,M Shafiq Tanoli,5,,very good 👍,0,,2026-07-26T02:23:37,,
Free Fire: 9th Anniversary,com.dts.freefireth,Gaming,8b1f31d2-45c7-46a3-bbb2-8d724c710c20,Md Miraz Gazi,5,,nice gams,0,1.129.1,2026-07-26T02:23:27,,
Free Fire: 9th Anniversary,com.dts.freefireth,Gaming,1627ebeb-b6e1-443b-a248-17f86d3825fa,Salaudeeen Basit,5,,To be frank with you free fire is one of the best game to me and it's very addictive but I will love if you could let people get some diamonds after a battle,0,1.129.1,2026-07-26T02:21:35,,
Free Fire: 9th Anniversary,com.dts.freefireth,Gaming,3d7b37ff-90e3-417b-b34c-44e9105380cb,Saman Syed,1,,network problem and its not fixing,0,,2026-07-26T02:21:25,"Hello, we apologize that you are experiencing connection issues with the game. Please try reinstalling the game and restarting your device. If that doesn't work, please contact us at https://ffsupport.garena.com with your device information and any relevant screenshots so that our support team may assist you. Thank you.",2026-07-27T13:45:08
Free Fire: 9th Anniversary,com.dts.freefireth,Gaming,6a0e7f0a-de1c-45a7-bff5-709365af12ff,Md Ratul,5,,🔥,0,1.129.1,2026-07-26T02:16:06,,
Free Fire: 9th Anniversary,com.dts.freefireth,Gaming,0a9b9a7b-eece-4673-a2e4-7e6c3d8335e0,Aliu Sanni,5,,I love this game,0,,2026-07-26T02:14:58,,
Free Fire: 9th Anniversary,com.dts.freefireth,Gaming,b4bd2a45-1755-4c6e-9c38-8d943a12645a,Asad Ali,1,,Meri game open hi nhi ho rhi pehly Meri game ki sari download equipment auto delete hogai then ab game open nhi ho rhi bohat bakwas hogai ha game,0,1.129.1,2026-07-26T02:12:31,,
Free Fire: 9th Anniversary,com.dts.freefireth,Gaming,f4b603e2-65d5-4bd6-a6dc-0d198a3f2477,MD ARAFAT ISLAM SADHIN,1,,Low Device Not Support 😅💔😳,0,1.129.1,2026-07-26T02:12:22,,
Free Fire: 9th Anniversary,com.dts.freefireth,Gaming,0742b073-ecb4-4c26-8e61-ebafba65cc54,Malo,1,,this I the worst game I have ever played it was good in the beginning but now it sucks I nope this game goes bankrupt,0,1.118.1,2026-07-26T02:11:55,,
Free Fire: 9th Anniversary,com.dts.freefireth,Gaming,c80a32ec-bcc7-4c0a-8cff-f69ca35f0773,Kukie Raditladi,2,,After downloading it I have to download the files and yet I have good wifi and it's refusing for me to enter the game,0,1.129.1,2026-07-26T02:11:39,"Hello, we apologize that you are experiencing connection issues with the game. Please try reinstalling the game and restarting your device. If that doesn't work, please contact us at https://ffsupport.garena.com with your device information and any relevant screenshots so that our support team may assist you. Thank you.",2026-07-27T13:45:43
Free Fire: 9th Anniversary,com.dts.freefireth,Gaming,2d98582d-9e38-4b80-87c1-de10569bd0ce,House4mod,1,,the game stuck att 40% when I want to open it,0,1.129.1,2026-07-26T02:10:25,Please note that game crash may occur due to memory capacity. Please check the game size and secure some memory to restart the game. Kindly contact our team at https://ffsupport.garena.com should the issue persists.,2026-07-27T13:46:02
Free Fire: 9th Anniversary,com.dts.freefireth,Gaming,3bd67785-5c02-4c9f-8432-1c12dd6993f0,okantey emmanuel,5,,Free fire is the best online shooting game ever. Thank u Garena 💓 💗 💖,0,1.128.2,2026-07-26T02:06:30,,
Free Fire: 9th Anniversary,com.dts.freefireth,Gaming,0ae95ecb-400e-41ed-9f54-9ebcbfd0c7c0,Aman Akhtar,1,,"I keep getting stuck at 40 or 47 getting this damn error either it's hotfux or match config file or language pack, it's frustrating to have these problems 😤",0,1.129.1,2026-07-26T02:02:50,Sorry for the problem. We need to further evaluate your situation. Please contact us at https://ffsupport.garena.com and we will help you as soon as possible.,2026-07-27T13:47:50
Free Fire: 9th Anniversary,com.dts.freefireth,Gaming,bff819ab-a300-4678-ac4c-30b51c8f8109,Emma Okeke,5,,this game is fun,0,1.129.1,2026-07-26T02:02:46,,
Free Fire: 9th Anniversary,com.dts.freefireth,Gaming,3ce8cd7b-92e9-4cfa-a7f1-ce697094eadb,Omoregie Wisdom,5,,I love the game,0,,2026-07-26T02:01:46,,
Free Fire: 9th Anniversary,com.dts.freefireth,Gaming,9cae788a-7e88-4aeb-9f92-ffc788bd8aa0,Ali Zaman,5,,best game ever,0,1.128.2,2026-07-26T02:01:34,,
Free Fire: 9th Anniversary,com.dts.freefireth,Gaming,cd30122a-d9b3-47cb-aced-f56b8b3d0075,Saif Allah,5,,My Love Free fire,0,,2026-07-26T01:58:23,,
Free Fire: 9th Anniversary,com.dts.freefireth,Gaming,184d2f8d-648b-42e8-bde5-5ce24032a913,Aaron John,5,,so interesting,0,1.128.2,2026-07-26T01:57:45,,
Free Fire: 9th Anniversary,com.dts.freefireth,Gaming,ce60d0fa-5347-46fe-a6a1-99c0c4e184b0,Aymen Man,5,,Why my account is banned i play for first time i am not doing anything 😭,0,,2026-07-26T01:56:35,,
Free Fire: 9th Anniversary,com.dts.freefireth,Gaming,626eb67a-d2ab-4868-b932-746235c85516,SABBIR RAHMAN,5,,world best game 🎮😉,0,1.129.1,2026-07-26T01:56:03,,
Free Fire: 9th Anniversary,com.dts.freefireth,Gaming,8f95b8a2-48b6-4fb9-bc40-f00a696e2e22,King Serial,5,,🫀🫀🫀,0,,2026-07-26T01:55:17,,
Free Fire: 9th Anniversary,com.dts.freefireth,Gaming,1f158b42-60c0-4d39-99c7-84a773999f22,Md Faruk,5,,i Lovr ff,0,,2026-07-26T01:55:02,,
Free Fire: 9th Anniversary,com.dts.freefireth,Gaming,ab381286-6e6a-4378-ae5c-c3d97e0ede78,farose islam,5,,🙂🎀,0,,2026-07-26T01:54:34,,
Free Fire: 9th Anniversary,com.dts.freefireth,Gaming,d0e728bd-5520-486b-a9c0-ac69fafbf331,Siddharth Biswas,4,,what happend to failed to match configuration?,0,1.129.1,2026-07-26T01:52:55,,
Free Fire: 9th Anniversary,com.dts.freefireth,Gaming,ee506b5f-eb19-4c93-8f49-ef2d5fb03d75,Malek Wr Pro,1,,😭😭😭دخلت لألعب حصل معي مشكلة في الموارد ولما ادخل اللعبة تقول لي لم نجد حزمة اللغة مسحتها واعدت تحميلها ولسه موجود المشكل,0,,2026-07-26T01:50:58,,
Free Fire: 9th Anniversary,com.dts.freefireth,Gaming,d50ca5e5-c420-459b-bb5b-4912ec7939be,Fabrizio Rudiger,2,,am not hearing what any person say and can't talk,0,1.128.2,2026-07-26T01:50:35,,
Free Fire: 9th Anniversary,com.dts.freefireth,Gaming,de7a7aed-6581-404e-bd22-5f40b82f73d7,Great King,4,,The game is nice and i like the game,0,1.128.2,2026-07-26T01:48:18,,
Free Fire: 9th Anniversary,com.dts.freefireth,Gaming,c15b8ea7-c187-4789-a9d5-f7b32f8cf771,World Beauty,1,,this so much in update Internet echoes and no login dowload pack is not installed so bad game,0,,2026-07-26T01:46:48,"Hello, we apologize that you are experiencing connection issues with the game. Please try reinstalling the game and restarting your device. If that doesn't work, please contact us at https://ffsupport.garena.com with your device information and any relevant screenshots so that our support team may assist you. Thank you.",2026-07-27T13:48:16
Free Fire: 9th Anniversary,com.dts.freefireth,Gaming,443fad56-20be-4575-bab7-d8bcb7fe08e5,Ayan Bhatti,5,,very good,0,,2026-07-26T01:45:27,,
Free Fire: 9th Anniversary,com.dts.freefireth,Gaming,31bbd9c5-3a8f-4ee3-a92f-f712e144091b,Sadeeq Abdulkadir,5,,the most interesting game I have ever seen,0,1.129.1,2026-07-26T01:44:49,,
Free Fire: 9th Anniversary,com.dts.freefireth,Gaming,a2a80910-8a94-4a63-914f-9407ac495800,Rowena Kamfer,5,,MY GAME OF THE YEAR,0,,2026-07-26T01:44:03,,
Free Fire: 9th Anniversary,com.dts.freefireth,Gaming,7f6053a2-407a-4550-8ac7-af644d1b830b,Rukayat Ilias,5,,it's a great action game,0,1.129.1,2026-07-26T01:40:41,,
Free Fire: 9th Anniversary,com.dts.freefireth,Gaming,7e6203c4-ebf2-4ada-8aef-4dbbd2e26069,Kim Ronza,2,,كل شوية تحديث ومش راضية تفتح عندي بتقولي مشكلة النت وانا لسة شاحنه الباقة!!!!!!!!!,0,1.129.1,2026-07-26T01:39:39,,
Free Fire: 9th Anniversary,com.dts.freefireth,Gaming,c455ebf6-85a0-4a29-be17-01db2e46844e,Muhammad Ameen,5,,this game is very enjoy😊,1,,2026-07-26T01:37:52,,
Free Fire: 9th Anniversary,com.dts.freefireth,Gaming,841559ac-f5fd-4b6b-a6b3-66ddff02f41b,Abdul Zawar,5,,The best game in the world,0,1.129.1,2026-07-26T01:33:31,,
Free Fire: 9th Anniversary,com.dts.freefireth,Gaming,ae24505c-055e-46d7-b466-298e7339ba81,Prince Iwunze Ebere,5,,I LOVE THE GAME BUT THE HONOR SCORE DEDUCTION IS HIGH PLEASE REDUSE NOW AFK IS 20 DEDICATED,0,,2026-07-26T01:30:07,,
Free Fire: 9th Anniversary,com.dts.freefireth,Gaming,12ac5e2d-eaf4-4ff2-9f06-e878ec06a251,Akmal Khan,5,,ok,0,1.129.1,2026-07-26T01:24:53,,
Free Fire: 9th Anniversary,com.dts.freefireth,Gaming,74bf32d5-1100-429c-afe1-1dd1c29a5c46,Abdul Hadi,4,,this game is very good 👍 but this frame rate is bad this game become my part of a day but you have to banned 🚫 CS region top players because those are all almost hacker or panel user and seller so why you banned 🚫 my id why i do nothing why garena why,0,1.129.1,2026-07-26T01:20:01,,
Free Fire: 9th Anniversary,com.dts.freefireth,Gaming,78947d1e-347c-4e36-9f6e-ddf19a068b15,Sk Hamedul,5,,good freefire,0,1.129.1,2026-07-26T01:18:45,,
Free Fire: 9th Anniversary,com.dts.freefireth,Gaming,6c53fc71-4389-4480-910d-2a3819e9a781,Adnan Ahmad,5,,I love you free fire,0,1.128.2,2026-07-26T01:14:05,,
Free Fire: 9th Anniversary,com.dts.freefireth,Gaming,b54a4124-c816-4b34-bc84-44ee98036cbd,Account Uk,5,,Good,0,,2026-07-26T01:09:39,,
Free Fire: 9th Anniversary,com.dts.freefireth,Gaming,802d6c8e-3441-40c0-abbf-199e6dcc7415,Fear of Death,5,,Mind blowing,0,1.129.1,2026-07-26T01:07:51,,
Free Fire: 9th Anniversary,com.dts.freefireth,Gaming,aed347b3-63ef-4bfd-b92c-89d2be6f5899,Ali Haider Rana,5,,i am playing this game from 2022 and this is my favourite experience of my life but i wanted to say something to garena to keep less amount of diamonds in free fire so keep it better by the way i love this game and this is my favourite game i no play another game .bluh bluh bluh bluh bluh bluh bluh bluh bluh bluh bluh bluh bluh bluh bluh bluh bluh bluh bluh bluh bluh bluh bluh bluh bluh bluh bluh bluh bluh bluh bluh bluh bluh bluh bluh bluh bluh bluh bluh bluh bluh bluh bluh bluh bluh bluh bluh,0,1.129.1,2026-07-26T01:02:16,,
Free Fire: 9th Anniversary,com.dts.freefireth,Gaming,c067fdd8-db28-4b79-be2e-6960ee7b1a12,Jope Narisia,5,,it's good game,0,,2026-07-26T01:00:52,,
Free Fire: 9th Anniversary,com.dts.freefireth,Gaming,3304afff-d778-43e0-b81e-685ee24cfe7d,Andisa Manzani,5,,great game,0,1.129.1,2026-07-26T01:00:45,,
Free Fire: 9th Anniversary,com.dts.freefireth,Gaming,3dc16d9c-94bd-4ea5-9036-218109b14b2d,Azlan Yusuf,5,,so good,0,1.129.1,2026-07-26T00:59:50,,
Free Fire: 9th Anniversary,com.dts.freefireth,Gaming,ef466990-20f2-4383-84c5-28d6a34af57e,Treasure Agunu,5,,is the best game 8n the world,0,1.128.2,2026-07-26T00:58:02,,
Free Fire: 9th Anniversary,com.dts.freefireth,Gaming,23c65c86-958b-4981-b5cc-12e481c510c4,Amena,5,,its agood game i.like it😍😍,0,1.126.1,2026-07-26T00:54:46,,
Free Fire: 9th Anniversary,com.dts.freefireth,Gaming,ad5a1755-594f-4f43-b244-4bdcf1641b21,Kamyar Amin,5,,that's very good 👍 amazing 🤩,0,1.129.1,2026-07-26T00:50:22,,
Free Fire: 9th Anniversary,com.dts.freefireth,Gaming,e7d1e713-29d8-439b-9d58-2de3a80cbebc,Saimon Saimon,5,,this is best gun game,0,,2026-07-26T00:49:37,,
Free Fire: 9th Anniversary,com.dts.freefireth,Gaming,a2c1836d-8594-4ad0-ae47-3985ef1c495d,Kareem Monsur,5,,I love and will love free fire forever,0,1.126.1,2026-07-26T00:41:39,,
Free Fire: 9th Anniversary,com.dts.freefireth,Gaming,44c05f6d-1298-4586-be6a-58c879aeaedc,Okonkwo Munachi,5,,gud game,0,1.128.2,2026-07-26T00:39:38,,
Free Fire: 9th Anniversary,com.dts.freefireth,Gaming,e10e6965-781f-49af-b1b1-4c162d31f061,Abdul Alif,5,,my emotion,0,1.129.1,2026-07-26T00:37:27,,
Free Fire: 9th Anniversary,com.dts.freefireth,Gaming,d5540180-e274-4beb-80ab-f7a71dfd5d86,Qazafi Bhati,5,,world best game,0,,2026-07-26T00:35:53,,
Free Fire: 9th Anniversary,com.dts.freefireth,Gaming,20b148b8-5b19-40d6-a9d3-de9a3c97dd86,Norbu Pema,2,,GARENA why does the Evo guns give more damage than the normal gun skins when ever you give Evo guns do not increase gun damage and also other things and it is illegal for us. so it better to fix it before its to late,0,1.126.1,2026-07-26T00:34:18,,
Free Fire: 9th Anniversary,com.dts.freefireth,Gaming,9be8f8ea-c982-47f5-8c10-3c4bdee2115a,Md Showrob,5,,very very good very very good free fire,0,,2026-07-26T00:31:13,,
Free Fire: 9th Anniversary,com.dts.freefireth,Gaming,fd94e22c-9ab8-4900-bc18-78bb75a65e1f,Fabeeha Shah,3,,give us free diamonds pls I will give you dua pls🥺,0,,2026-07-26T00:27:11,,
Free Fire: 9th Anniversary,com.dts.freefireth,Gaming,418b74ef-3614-4206-ad77-2a95882d6113,Zubair Sadiq,5,,It was brilliant match,0,1.129.1,2026-07-26T00:26:31,,
Free Fire: 9th Anniversary,com.dts.freefireth,Gaming,a75a6021-30e7-4334-bc2a-e6b5e43cae0d,Muhammad Abid,5,,"please fix te keybord in ff max i can,t play ff in last update",0,,2026-07-26T00:26:09,,
Free Fire: 9th Anniversary,com.dts.freefireth,Gaming,ad93c43c-916b-4551-9d6e-87b12217b17b,Musawir Khan,5,,Best game,0,1.129.1,2026-07-26T00:24:35,,
Free Fire: 9th Anniversary,com.dts.freefireth,Gaming,02e1ae07-bc57-4aca-a694-ad68b6b5204d,Yujanlimboo Ggg,3,,"garena when you add evo guns and other gun skins please don't add special abilities like damage increased or anything else we none top up player are not able to enjoy the game most of the time the person with better gun skins are winning. I am not saying to add gun skins but don't add special abilities please it's not fair that's illegal please garena improve the damage of the gun like real gun how comes the guns like G36, kingfisher, An94 gives less damage then other guns, guns mean gun same.",0,1.126.1,2026-07-26T00:24:26,,
Free Fire: 9th Anniversary,com.dts.freefireth,Gaming,8436b3fe-d87c-4f47-a557-6c3f245188da,Adelina Berbece,5,,its an amazing game no ads and so fun,0,,2026-07-26T00:19:23,,
Free Fire: 9th Anniversary,com.dts.freefireth,Gaming,1309af86-ab89-4eb7-ad8b-3d1b91c0da57,Mirzasumair Sumair,5,,Plzzzz tablet,0,1.129.1,2026-07-26T00:15:45,,
Free Fire: 9th Anniversary,com.dts.freefireth,Gaming,0ce33e68-fb98-49e2-97ca-3684c07e5e14,Ibrahim Khan,5,,vary Nice This is a good game,0,,2026-07-26T00:15:22,,
Free Fire: 9th Anniversary,com.dts.freefireth,Gaming,444c85f7-e076-45ec-8c18-ecfc230c4b2c,Blessing Adebitoye,5,,I feel good when playing the game so am happy for been a player in this game,1,1.128.2,2026-07-26T00:14:40,,
Free Fire: 9th Anniversary,com.dts.freefireth,Gaming,e1d0ccc3-17b4-4374-929e-be9a6f799f76,B-0998 Muhammad Abdul Basit 05 Rwp,1,,when I open it after a few minutes it automaticaly throw me from game,0,1.129.1,2026-07-26T00:07:10,,
Free Fire: 9th Anniversary,com.dts.freefireth,Gaming,63999a4c-52fc-41ce-acc6-cfa5fa3734a8,Akinleye Are,5,,feels good 👍👍😊,0,1.126.1,2026-07-26T00:05:22,,
Free Fire: 9th Anniversary,com.dts.freefireth,Gaming,cfd39422-d1c8-445d-9515-1cff79d3ccd0,Aikpitanyi Ruth,5,,encouraging believe,0,,2026-07-26T00:04:10,,
Free Fire: 9th Anniversary,com.dts.freefireth,Gaming,99e14855-80b3-4c00-b406-7e78b1bd7ae5,Bilal Rajpoot,5,,Rollpass chaye,0,1.129.1,2026-07-26T00:02:56,,
Free Fire: 9th Anniversary,com.dts.freefireth,Gaming,6337798d-f6f7-4f5f-bc46-e9459bf59b77,sizin ohaka,5,,Just play,0,1.126.1,2026-07-26T00:02:38,,
Free Fire: 9th Anniversary,com.dts.freefireth,Gaming,9d25b2a2-c6ec-4f09-a956-c2079a23f1c8,Mustafa Ahsori,5,,I enjoy,0,1.129.1,2026-07-26T00:02:23,,
Free Fire: 9th Anniversary,com.dts.freefireth,Gaming,6e5daf11-b7ae-4634-85de-8da7dd52cbd1,Md Shamim,5,,Assalamu alaikum,0,1.123.1,2026-07-26T00:02:18,,
Free Fire: 9th Anniversary,com.dts.freefireth,Gaming,47ad36bb-9279-4efa-b12f-15c7d859db76,Muhammad kamran,5,,we are waiting for Naruto Shippuden chapter 3 🤩 this game is very interesting 🤩,0,1.122.1,2026-07-26T00:01:40,,
Free Fire: 9th Anniversary,com.dts.freefireth,Gaming,0ae14e60-3058-456d-b616-69708216de08,Mangal Nath,1,,Bhai tum logo me is game ko barbad kat diya ab hmari india se game aaye ga jo ki pehele Jesa 😔,176,1.126.1,2026-07-25T23:59:13,,
Free Fire: 9th Anniversary,com.dts.freefireth,Gaming,af41e668-0b38-40a4-96e6-c1f20b8207e4,rana haidar,5,,excellent,0,1.129.1,2026-07-25T23:56:16,,
Free Fire: 9th Anniversary,com.dts.freefireth,Gaming,458cea4f-6602-415f-ba81-4d923998a128,Eby Jacob,5,,really good 👍,0,1.126.1,2026-07-25T23:55:42,,
Free Fire: 9th Anniversary,com.dts.freefireth,Gaming,0c1d706a-578f-45d0-89f0-6cb9e262740a,Ryan Gonzalez,1,,The game is lagging if I login I instantly die. if I am guest I die.the system kills me. I have done everything and the game does not work.I love this game and I can't play it.,0,,2026-07-25T23:55:33,"We’re sorry for the inconvenience. Crashing or lagging problems are closely related to devices. Please contact our support team at https://ffsupport.garena.com and share a detailed description of the issue, screenshots, device info and OS version so that we can help you fix it.",2026-07-26T15:03:25
Free Fire: 9th Anniversary,com.dts.freefireth,Gaming,a4ea4487-a005-4447-8695-72eafe8444f1,Ambreena Jabeen,5,,good,0,1.129.1,2026-07-25T23:48:57,,
Free Fire: 9th Anniversary,com.dts.freefireth,Gaming,99d37085-8de5-4948-afa1-c4ac5ffafc7c,Moinul Haque,5,,I love deas game,0,1.128.2,2026-07-25T23:47:57,,
Free Fire: 9th Anniversary,com.dts.freefireth,Gaming,f49f7167-94db-4f23-a6e7-b38ff5f9ca33,Rahat Rahat,5,,Free fire was fantasy game,0,1.129.1,2026-07-25T23:46:15,,
Free Fire: 9th Anniversary,com.dts.freefireth,Gaming,9aba892a-cf25-470e-bb66-8aaf70cfd7d7,Mohammad Hazrat Ali,5,,Excellent,0,1.129.1,2026-07-25T23:45:34,,
Free Fire: 9th Anniversary,com.dts.freefireth,Gaming,d4c5c7f0-76c5-4e0d-9b55-5d86b1d5ab9a,Junaeid,5,,It is an emotion 💥❤️,0,,2026-07-25T23:43:37,,
Free Fire: 9th Anniversary,com.dts.freefireth,Gaming,3c528d5f-c148-4b5f-ae89-5afb3cece3aa,Precious Izama,5,,a very good game,0,1.126.1,2026-07-25T23:43:00,,
Free Fire: 9th Anniversary,com.dts.freefireth,Gaming,233b3057-a768-4220-a328-6169ec516be0,Zain Amir,5,,"Fantastic,Full of fun",0,1.129.1,2026-07-25T23:40:16,,
Free Fire: 9th Anniversary,com.dts.freefireth,Gaming,6317125a-9d0f-4a50-b126-45222c31303c,kanhaiya gupta,5,,it's a nice game,0,1.129.1,2026-07-25T23:33:33,,
Free Fire: 9th Anniversary,com.dts.freefireth,Gaming,db22d470-1ced-4d50-98ff-30a482f72461,Islem Barcawi,5,,Varee goode,0,1.106.1,2026-07-25T23:32:43,,
Free Fire: 9th Anniversary,com.dts.freefireth,Gaming,711a4c8d-7363-430e-a64e-2f3d579453ca,Abdullah al Moothi,5,,pls put naruto look change bundle in chapter 3 pls. I spinned to look change bundle in 2025 but that time I don't have money. now I have only 2 tokens.,0,,2026-07-25T23:31:44,,
Free Fire: 9th Anniversary,com.dts.freefireth,Gaming,7ac7495a-52fa-4060-98a7-993235367e29,Iszat Bk,5,,nice game bro,0,1.126.1,2026-07-25T23:29:35,,
Free Fire: 9th Anniversary,com.dts.freefireth,Gaming,de08b28f-0adc-4182-bab7-ffb778876b30,Ayomide Abike,5,,it's fun,0,1.128.2,2026-07-25T23:28:45,,
Free Fire: 9th Anniversary,com.dts.freefireth,Gaming,58a2a315-bf13-4456-a6f0-8bb115ca1e1f,Nick Excel12,5,,best game,0,1.129.1,2026-07-25T23:27:05,,
Free Fire: 9th Anniversary,com.dts.freefireth,Gaming,7335c77a-93e2-40c2-ac95-cfc4200e9a07,Arman Fiaz,5,,I love you this game,0,1.129.1,2026-07-25T23:24:29,,
Free Fire: 9th Anniversary,com.dts.freefireth,Gaming,9827da59-532e-4560-972c-f69e8c48cee7,Hamza Ali,5,,great 😃,0,1.128.2,2026-07-25T23:24:26,,
Free Fire: 9th Anniversary,com.dts.freefireth,Gaming,14072920-a733-42d6-943d-dc8dce6a7afc,مهدی .m,5,,GG bro ❤️,0,1.129.1,2026-07-25T23:24:01,,
Free Fire: 9th Anniversary,com.dts.freefireth,Gaming,e1fde27d-63ab-4ae8-b045-4a6e49f6305b,MISBAH Osman,5,,The best😍 game in the world!!!!,0,1.129.1,2026-07-25T23:20:57,,
Free Fire: 9th Anniversary,com.dts.freefireth,Gaming,2cfc0aa3-d3de-4a3a-b89c-4fea8185b3fa,MalikIzhar King,5,,My 💕 Favorite 🫀 game 😀 Free fire 🔥 my love is free fire,0,1.128.2,2026-07-25T23:16:59,,
Free Fire: 9th Anniversary,com.dts.freefireth,Gaming,b1eaf062-e01e-460e-a297-a6e316d72f5b,Md Habib,5,,❤️❤️❤️,0,,2026-07-25T23:14:06,,
Free Fire: 9th Anniversary,com.dts.freefireth,Gaming,fc08f7f3-45fa-4d8a-8a8e-a7f2c0af364a,Ibrahim Joshua,5,,the game is amazing and is not the time of can that makes phones lag 😕😔,1,1.128.2,2026-07-25T23:10:02,,
Free Fire: 9th Anniversary,com.dts.freefireth,Gaming,f61eacfe-6f26-43af-9cb1-6b0d22e57d8a,Peace Mwitumwa,5,,Good game,0,1.129.1,2026-07-25T23:08:50,,
Free Fire: 9th Anniversary,com.dts.freefireth,Gaming,69392147-0b4e-48b0-9220-2356e282cffa,Arafat Boss,5,,please give return old version free fire,0,1.128.2,2026-07-25T23:08:10,,
Free Fire: 9th Anniversary,com.dts.freefireth,Gaming,26c01304-97ed-4216-8933-422c8e50dab4,Afnan Khan,5,,very bad game,0,1.129.1,2026-07-25T23:05:26,,
Free Fire: 9th Anniversary,com.dts.freefireth,Gaming,e61a5d44-8210-44e3-af57-08b91ed63fd0,Hadi Amjad,5,,my favorite game,0,,2026-07-25T23:02:12,,
Free Fire: 9th Anniversary,com.dts.freefireth,Gaming,8228ff0f-ee19-4364-8e97-3759243802dd,Haqmal Saifi,5,,Nice game,0,1.128.2,2026-07-25T23:01:32,,
Free Fire: 9th Anniversary,com.dts.freefireth,Gaming,c97e78ed-cc23-47eb-9b46-6fa4e1c467c7,Shabir Mahramali,5,,that good game,0,1.128.2,2026-07-25T23:01:16,,
Free Fire: 9th Anniversary,com.dts.freefireth,Gaming,cb331fc6-3090-473b-b181-d649d64d3a75,Abobaker Sakhizada,5,,it is very good,0,1.129.1,2026-07-25T23:00:35,,
Free Fire: 9th Anniversary,com.dts.freefireth,Gaming,ea2ea1d6-b59a-45a8-a251-c19db23bd8f9,Awais Shah,5,,best game of world 😚,0,1.126.1,2026-07-25T23:00:35,,
Free Fire: 9th Anniversary,com.dts.freefireth,Gaming,c055d4fa-91c9-4548-bd6d-e8e66638fc80,Faruk Hossain,1,,this is not a realistick game.this is a carton type game.the best realistick action game is pubg mobile,0,,2026-07-25T23:00:14,,
Free Fire: 9th Anniversary,com.dts.freefireth,Gaming,7677848c-73ea-46df-9234-46de2e9e342c,Neil Akpan,5,,I am trying to install a game but it is not working,0,,2026-07-25T22:58:31,,
Free Fire: 9th Anniversary,com.dts.freefireth,Gaming,0ceedc01-0484-4168-b074-a22d7006c6f7,Rohail Jan,5,,good,0,1.129.1,2026-07-25T22:55:33,,
Free Fire: 9th Anniversary,com.dts.freefireth,Gaming,021e110d-b3f9-40cf-b2e3-a93a732ed424,Umme Aiman,5,,I am a best app,0,1.129.1,2026-07-25T22:55:21,,
Free Fire: 9th Anniversary,com.dts.freefireth,Gaming,5be238de-a08f-4fb2-b763-fc68b2f33db9,Ndionuka Abuoma,5,,very nice game with cool features,0,1.129.1,2026-07-25T22:54:29,,
Free Fire: 9th Anniversary,com.dts.freefireth,Gaming,becd7bc3-cd74-4ac3-84d7-8d9983b5374e,Zoro Here,5,,this is the best game I have ever played,0,1.129.1,2026-07-25T22:53:41,,
Free Fire: 9th Anniversary,com.dts.freefireth,Gaming,f067a3f3-8859-47b1-9cc7-bd16045dddc7,Ashley Williams,5,,best game ever,0,1.129.1,2026-07-25T22:52:51,,
Free Fire: 9th Anniversary,com.dts.freefireth,Gaming,48ea772f-64e7-4e20-9e14-141edd6c67bd,Rayyan Rehmani,5,,bahut achcha game hai,0,1.129.1,2026-07-25T22:52:26,,
Free Fire: 9th Anniversary,com.dts.freefireth,Gaming,a999bf92-bf30-4851-bf39-fa0d876e5143,Mahmuda Yasmin,5,,so good to plat with friends,0,1.111.1,2026-07-25T22:51:18,,
Free Fire: 9th Anniversary,com.dts.freefireth,Gaming,d125f690-a185-4132-86a0-ca061efc24cc,Free fire friends,3,,Am really having serious problem with free fire on my infinix smart 5 it's really lagging whenever I'm playing BR please help me fix it up and also the network is really bad too my phone is 2 gig RAM and 32 gig rom,0,1.129.1,2026-07-25T22:49:56,,
Free Fire: 9th Anniversary,com.dts.freefireth,Gaming,e5939ecf-1d4f-4c22-b03c-efca91f3a86b,takeo phone,5,,pich Love you,0,,2026-07-25T22:47:44,,
Free Fire: 9th Anniversary,com.dts.freefireth,Gaming,0f8eeb4d-f9dd-45b6-90d9-b959513f9e8e,Bardia badeli,5,,i play free fire for 7 years and befor is better than now,0,1.109.1,2026-07-25T22:47:34,,
Free Fire: 9th Anniversary,com.dts.freefireth,Gaming,667141b0-f86f-44f6-bd6c-7b73b763e256,Rumiks Limath,5,,Top,0,,2026-07-25T22:46:29,,
Free Fire: 9th Anniversary,com.dts.freefireth,Gaming,e24ab80e-75a3-47b4-9ffd-7345e42fcdd3,Precious Miracle,5,,love the game is theone of best game I Have ever played love it,0,,2026-07-25T22:45:28,,
Free Fire: 9th Anniversary,com.dts.freefireth,Gaming,d037299d-854e-4402-b71e-e103f293bad6,Mohon Islam,5,,এ গেম টা আমার কাছে সব থেকে বিসি বালো লাগে সত্যি 👍,0,1.128.2,2026-07-25T22:44:31,,
Free Fire: 9th Anniversary,com.dts.freefireth,Gaming,30bf449e-6051-425d-acad-b3feeaf80706,motir Rohman,2,,My old id is saspand 😓😞 how much come back my. F. F ID place halp mee id saspand. Date 2023,0,,2026-07-25T22:44:16,,
Free Fire: 9th Anniversary,com.dts.freefireth,Gaming,858de62f-18ac-429c-8284-62f7d336fc03,Annas Ahmed,5,,So best in everything,0,1.128.2,2026-07-25T22:43:59,,
Free Fire: 9th Anniversary,com.dts.freefireth,Gaming,0317aa1e-8cb3-4a24-9fbc-fe2a1f55dda3,MD. RAMZAN ALI,4,,Good Environment,0,1.129.1,2026-07-25T22:42:30,,
Free Fire: 9th Anniversary,com.dts.freefireth,Gaming,e3597ca5-1b13-4aa8-a029-804a3977545f,Hannan Hannan,1,,so bad game,0,,2026-07-25T22:40:34,,
Free Fire: 9th Anniversary,com.dts.freefireth,Gaming,4646a7fa-efbe-4e25-ac72-77fcb5100e46,mdkawser ahmed,1,,free fire hakker ka game,0,,2026-07-25T22:39:51,,
Free Fire: 9th Anniversary,com.dts.freefireth,Gaming,c0de82bf-879a-485c-b527-60d53621eb5c,Cheara che yes M,5,,good game,0,1.126.1,2026-07-25T22:39:04,,
Free Fire: 9th Anniversary,com.dts.freefireth,Gaming,d300bf5b-ecc0-4612-863d-d9766186ac3a,Nasr,5,,hand ✋ and minimum 2 fingers required please check if you have thank you ❤,0,1.129.1,2026-07-25T22:35:41,,
Free Fire: 9th Anniversary,com.dts.freefireth,Gaming,6b7e6af9-01d7-4e5f-b344-e8fdbfca8852,djouzi bensalem,5,,good,0,1.129.1,2026-07-25T22:32:30,,
Free Fire: 9th Anniversary,com.dts.freefireth,Gaming,1bad5d2e-d329-47dd-b08c-2cc7118cc066,M Haseeb,5,,ONE Word Pakistan zinda bad,0,1.128.2,2026-07-25T22:32:00,,
Free Fire: 9th Anniversary,com.dts.freefireth,Gaming,e1f4d257-add5-42c9-947a-458c16f9b644,Malik Popo,5,,best game,0,1.129.1,2026-07-25T22:30:51,,
Free Fire: 9th Anniversary,com.dts.freefireth,Gaming,c34413a5-766e-46b9-ba5e-00f9ff7b908e,shimu Dey,5,,Good game.but sometime it feels laggy,0,1.123.1,2026-07-25T22:24:57,,
Free Fire: 9th Anniversary,com.dts.freefireth,Gaming,d1c00039-5626-4aab-8ad3-c9a78421f4d8,Hussain Naeem,5,,good I love,0,1.126.1,2026-07-25T22:24:22,,
Free Fire: 9th Anniversary,com.dts.freefireth,Gaming,5a5cae79-deab-4371-90d2-9f0dc7c70ce1,Susi Nimo,5,,🔥🔥🔥🔥🎮❤️‍🩹,0,1.128.2,2026-07-25T22:21:49,,
Free Fire: 9th Anniversary,com.dts.freefireth,Gaming,a6603841-5772-40a9-bb85-4dc9bbbab502,Khurram Bhatti,5,,Free fire My favourite best game,0,1.126.1,2026-07-25T22:20:52,,
Free Fire: 9th Anniversary,com.dts.freefireth,Gaming,d1fdd708-429b-4e82-bf95-e37a9d54d6da,Aser James,4,,good game,0,1.129.1,2026-07-25T22:17:47,,
Free Fire: 9th Anniversary,com.dts.freefireth,Gaming,19e63360-9ad3-450f-9991-1ab6909d60ba,Abdullah Ansari,1,,time waste,0,,2026-07-25T22:11:44,,
Free Fire: 9th Anniversary,com.dts.freefireth,Gaming,5ad09d71-fd7a-4aad-a556-dd1f1cd83c23,Abdullah umair,5,,I Love you,0,1.128.2,2026-07-25T22:11:43,,
Free Fire: 9th Anniversary,com.dts.freefireth,Gaming,bf1cea82-c102-4c7c-b152-d3622525375c,lubna taqi,5,,the best and my favorite game of all time,0,1.129.1,2026-07-25T22:11:04,,
Free Fire: 9th Anniversary,com.dts.freefireth,Gaming,b636256c-43af-485c-86ad-da07cfec8f15,Sinikukhanyo Bhala,5,,it doesn't want my account to buy diamonds,0,1.129.1,2026-07-25T22:10:34,,
Free Fire: 9th Anniversary,com.dts.freefireth,Gaming,c28c351f-1b9d-41da-b369-60a6d6eeca4f,Lil Fame,5,,it is a very good and great i don't even know what to say this game is really amazing you guys should try it,0,1.129.1,2026-07-25T22:09:58,,
Free Fire: 9th Anniversary,com.dts.freefireth,Gaming,6748ee8d-f49e-4fef-b5ec-37b7e36633df,Urwa Mustafa,5,,Best game ever!! 😄,0,1.129.1,2026-07-25T22:09:41,,
Free Fire: 9th Anniversary,com.dts.freefireth,Gaming,4f78dcee-12c4-4d12-bdb3-31537e163f08,Muhammad Zikria,1,,worst graphics than Minecraft 💩,0,,2026-07-25T22:08:42,,
Free Fire: 9th Anniversary,com.dts.freefireth,Gaming,15593ff1-0394-4d94-ac23-0ea96e4e07d6,ayodele livingstone,4,,I love this game,0,1.128.2,2026-07-25T22:06:45,,
Free Fire: 9th Anniversary,com.dts.freefireth,Gaming,9ff93a9d-80bb-4473-bcc3-d84c783ff346,shaker khan,5,,I am 6 Year old player ☠️😎🤫👿🥶🤫🤔,0,1.123.1,2026-07-25T22:06:26,,
Free Fire: 9th Anniversary,com.dts.freefireth,Gaming,7fb3c4e6-e309-40b5-9ba3-f88c2ecc0e16,PŔÝÑÇÈ,1,,lol emote jyu return kiya,0,,2026-07-25T22:04:19,,
Free Fire: 9th Anniversary,com.dts.freefireth,Gaming,97c5a409-8a42-4aa7-9c38-82411c1a57ca,Hasan Ali,5,,love it,0,1.129.1,2026-07-25T22:03:09,,
Free Fire: 9th Anniversary,com.dts.freefireth,Gaming,95a6000e-60db-4765-ac06-2813cd568b49,Nz Aariz,5,,nice,0,1.129.1,2026-07-25T22:01:02,,
Free Fire: 9th Anniversary,com.dts.freefireth,Gaming,c9c4b1f4-706b-4646-b53f-7973bee187cc,MD SHEYAM,1,,this game very chhapri,0,1.129.1,2026-07-25T22:00:14,,
Free Fire: 9th Anniversary,com.dts.freefireth,Gaming,61a891ba-3472-4d90-9d95-e1d0d00d393c,Taskin Ahmed,5,,my fvt game,0,1.129.1,2026-07-25T21:57:50,,
Free Fire: 9th Anniversary,com.dts.freefireth,Gaming,2d2cc2af-e448-44ad-968f-7708c3385e9c,Rakinul Hasan,5,,This game is very interesting.and.I like this game,0,,2026-07-25T21:50:35,,
Free Fire: 9th Anniversary,com.dts.freefireth,Gaming,94404671-6213-4d7d-9008-0270acf338ec,Rasad islam,5,,👍👍👍,0,1.128.2,2026-07-25T21:50:15,,
Free Fire: 9th Anniversary,com.dts.freefireth,Gaming,9dccdf90-fcdd-4b16-bc4e-59062dec6df0,786 atte,2,,It's vary nice but it have many problem. i Enter the game it is not open,0,,2026-07-25T21:48:45,Can you please retry and let us know at https://ffsupport.garena.com if the problem still persists?,2026-07-26T15:04:48
Free Fire: 9th Anniversary,com.dts.freefireth,Gaming,45ea108e-e036-4b49-a9cc-9021c0ca3901,maris aibuedefe,5,,good game,0,,2026-07-25T21:48:12,,
Free Fire: 9th Anniversary,com.dts.freefireth,Gaming,b8ddf49b-c4e1-4149-8421-8bc09267f5c7,Hades underworld,5,,I like it so far,0,1.126.1,2026-07-25T21:46:47,,
Free Fire: 9th Anniversary,com.dts.freefireth,Gaming,3aa95f0e-588a-4924-9c57-58342642252b,Itunuoluwa809,5,,it is fun,0,1.128.2,2026-07-25T21:44:21,,
Free Fire: 9th Anniversary,com.dts.freefireth,Gaming,8bc66c7e-2594-401f-b550-77424959915c,Mohammad sumon Sheikh,4,,game is vary good,0,,2026-07-25T21:43:55,,
Free Fire: 9th Anniversary,com.dts.freefireth,Gaming,574e73ff-1248-4547-9aa3-59315a0e1842,Yeasin Arafat,5,,free 🆓🆓🆓🆓🆓🆓🆓🆓🆓🆓🆓 fair of the day 🤟🤟🤟🤟🆓,0,,2026-07-25T21:41:46,,
Free Fire: 9th Anniversary,com.dts.freefireth,Gaming,36a3e80b-3791-42d5-bdbe-8b254100317d,Victor Godwin,5,,Good game,0,1.128.2,2026-07-25T21:41:31,,
Free Fire: 9th Anniversary,com.dts.freefireth,Gaming,250957a8-9a34-4df8-91ef-5154b11d1559,Saim Ali,5,,this is very interesting game,0,1.128.2,2026-07-25T21:41:14,,
Free Fire: 9th Anniversary,com.dts.freefireth,Gaming,661c47af-c092-4d5b-b785-bdcf386c5cd3,Faisal Bhatti,5,,this is a very good game I love this game please give ma a diamond band bandol in red and yellow crmnial,0,,2026-07-25T21:41:04,,
Free Fire: 9th Anniversary,com.dts.freefireth,Gaming,ec927dc3-006a-402a-a49b-0dc5456c0074,Wasee RajpoOt,5,,awesome,0,1.129.1,2026-07-25T21:40:41,,
Free Fire: 9th Anniversary,com.dts.freefireth,Gaming,45aa92c8-dc7c-4238-97a4-02b722a485a3,Huzaifa khan,5,,good game,0,,2026-07-25T21:40:32,,
Free Fire: 9th Anniversary,com.dts.freefireth,Gaming,ec426e7f-60e9-49c7-be35-b7d19f7cc279,Atika,5,,ff father of PUBG,0,,2026-07-25T21:40:16,,
Free Fire: 9th Anniversary,com.dts.freefireth,Gaming,9e989048-f89c-44ea-8aba-eb78ddeba8a2,Mr Sony,2,,If all the burnt things are given back then many burned players will come back to the game like pick ta back red drum M many things are better to be given back and the game hacker problem is better to be fixed and my id is better to be protected because my id is stolen many times hackers need to fix it too my 6 year old hacked gache that's why I play the game now❤️‍🩹,0,,2026-07-25T21:40:14,,
Free Fire: 9th Anniversary,com.dts.freefireth,Gaming,3ee8d798-0314-4536-93f7-b33ea0af7b77,Shahram Khan,5,,level unbeatable ☠️🙌🙌,0,1.129.1,2026-07-25T21:40:06,,
Free Fire: 9th Anniversary,com.dts.freefireth,Gaming,461524e0-a204-4550-bc07-ec91831fb24c,Final Free,5,,ok,0,1.129.1,2026-07-25T21:38:49,,
Free Fire: 9th Anniversary,com.dts.freefireth,Gaming,a1257d20-7033-454d-b75f-017f6065b674,Oluade Moriola,5,,love it,0,1.129.1,2026-07-25T21:35:33,,
Free Fire: 9th Anniversary,com.dts.freefireth,Gaming,3a678384-3d9d-4fdf-baac-84aae103a5bb,Muhammad Hashim,5,,love you free fire,0,1.128.2,2026-07-25T21:35:15,,
Free Fire: 9th Anniversary,com.dts.freefireth,Gaming,6bf73f93-95c6-474b-983c-4ff1fda7e7c6,SAIM RAJPOOT,5,,my favorite game free fire 🔥,0,1.123.1,2026-07-25T21:34:46,,
Free Fire: 9th Anniversary,com.dts.freefireth,Gaming,a569dc65-5686-45ff-8dfe-dec70e17324d,Md. Mijanur Rahman,5,,jast boom,0,,2026-07-25T21:32:44,,
Free Fire: 9th Anniversary,com.dts.freefireth,Gaming,de36e110-0b6f-40d6-bb26-a0d52f932ed6,Khan G Mubarak,5,,really addicted,0,1.129.1,2026-07-25T21:32:32,,
Free Fire: 9th Anniversary,com.dts.freefireth,Gaming,1760e793-f6d5-4e53-9734-e519706ded90,Roellan Gelbolingo,5,,this was fun,0,1.129.1,2026-07-25T21:32:16,,
Free Fire: 9th Anniversary,com.dts.freefireth,Gaming,59d43e7b-df72-4ee1-a89b-e6df18eac42c,Muhammad Usama,5,,it's better than pubg first I think same like all people that pubg better but then I play PUBG and free fire 🔥 really ff is better. free fire 😎 best,0,1.129.1,2026-07-25T21:28:44,,
Free Fire: 9th Anniversary,com.dts.freefireth,Gaming,b7041153-3c15-4e8e-9009-c6f3e3f97a8c,Raj Lama,5,,wow,0,1.129.1,2026-07-25T21:28:24,,
Free Fire: 9th Anniversary,com.dts.freefireth,Gaming,02ec313e-3139-4480-a914-2aa8165b8497,Abdur Rehman,5,,My first love,0,1.129.1,2026-07-25T21:26:33,,
Free Fire: 9th Anniversary,com.dts.freefireth,Gaming,0a647e6e-06c1-4e6b-8706-44ac5d5275fd,خان,5,,اهههههههههههههههههه,0,,2026-07-25T21:26:17,,
Free Fire: 9th Anniversary,com.dts.freefireth,Gaming,4be26661-bdb0-4877-874f-92a35933dc98,jh fatima,1,,এইটা সব ডিভাইজে খেলা যায় না খেলা গেলে ভালো হইত,0,1.128.2,2026-07-25T21:25:49,,
Free Fire: 9th Anniversary,com.dts.freefireth,Gaming,90ee2c4b-bc4b-4f88-b7e1-52a6c8041294,Ratul Gamer,5,,Good 👍,0,1.129.1,2026-07-25T21:25:18,,
Free Fire: 9th Anniversary,com.dts.freefireth,Gaming,a2b038d3-736b-4d65-b324-e349595a855f,Coshiwe Tsabedze,5,,it Was a very good experience,0,,2026-07-25T21:25:16,,
Free Fire: 9th Anniversary,com.dts.freefireth,Gaming,33779c51-005e-4144-b9b8-750360991f19,Kiani Gamerz,5,,I like this game everything is fine but sometimes my ping goes very high like 150+ and never comes down the whole match which results in losing the game and it is even worse while we play paid scrims for ESPORTS this glitch happens a lot because of which half of my bullets don't count in damage and also I remind you that I have ptcl Flash FIBER and my normal internet speed is 30 mbps so idk why this happens but it gets me extremely frustrated,3,1.129.1,2026-07-25T21:24:03,,
Free Fire: 9th Anniversary,com.dts.freefireth,Gaming,0939c4d0-004b-47a0-be86-9af102b9727e,Antim Ahammed,3,,"Bangladesh sarver has many problem, most problem is no good free rewards.. all time .. it take too many diamonds to buy custome and other ingredients 🤬",0,1.60.1,2026-07-25T21:23:51,,
Free Fire: 9th Anniversary,com.dts.freefireth,Gaming,be414493-8595-40d6-8b04-00663121c609,M Ashar,5,,The best game my favourite game,0,,2026-07-25T21:20:47,,
Free Fire: 9th Anniversary,com.dts.freefireth,Gaming,43b9b337-d7a5-4e29-980f-1380b4732701,Farida Amr,5,,I love that game,0,1.128.2,2026-07-25T21:19:42,,
Free Fire: 9th Anniversary,com.dts.freefireth,Gaming,8d9e05ce-f4be-417a-a587-bf4951158987,Nirmala Acharya,5,,free fire is a best game,0,,2026-07-25T21:18:37,,
Free Fire: 9th Anniversary,com.dts.freefireth,Gaming,dea87a42-e3a7-493c-8aa1-81b52041924c,Proteus Gamer,2,,"This game literally hangs so much recently. When ever I change mode, it got stucked for a bit for 3/4 sec! What the heck is happening in this game? Fix this problem ASAP.",0,1.107.0,2026-07-25T21:18:30,,
Free Fire: 9th Anniversary,com.dts.freefireth,Gaming,fc3def57-e561-461c-aa9a-5950918f54f6,Mahesha lakshani Ilandari dewa,5,,good game 🎮🎮,0,1.129.1,2026-07-25T21:17:45,,
Free Fire: 9th Anniversary,com.dts.freefireth,Gaming,080642ed-2653-4e45-afea-43ed25e3725a,Zainab Ali,5,,good game,0,1.128.2,2026-07-25T21:17:21,,
Free Fire: 9th Anniversary,com.dts.freefireth,Gaming,a6a42ad2-5ca5-4704-a6e5-fa57748ec590,Tonia Nmorsi,5,,"I love 💕 free fire but I need emote, entrance emote and diamonds",0,1.129.1,2026-07-25T21:16:23,,
Free Fire: 9th Anniversary,com.dts.freefireth,Gaming,df6b2090-1371-4f15-955d-920a6840515d,Samuel Alade,5,,"FERRFIRE is a sweet and interesting game ,the graphics ,weapon .",0,,2026-07-25T21:12:53,,
Free Fire: 9th Anniversary,com.dts.freefireth,Gaming,a66cd147-abf9-4934-8b1b-2d9098d1934c,Ali Sonija,5,,good game,0,1.129.1,2026-07-25T21:12:34,,
Free Fire: 9th Anniversary,com.dts.freefireth,Gaming,003433de-d6c2-4f4f-b7da-c1f210bec4f9,Waleed Malik,4,,free fire is on top game,0,1.123.1,2026-07-25T21:12:16,,
Free Fire: 9th Anniversary,com.dts.freefireth,Gaming,fa9e75b6-5bf0-4412-8a23-f60b392913a2,Rkk Siam,5,,Parfet,0,1.126.1,2026-07-25T21:11:17,,
Free Fire: 9th Anniversary,com.dts.freefireth,Gaming,1a52e31e-f5ee-42ca-9607-e18589dee0f7,Thimeth Nethsara,5,,❤️‍🩹,0,1.129.1,2026-07-25T21:10:23,,
Free Fire: 9th Anniversary,com.dts.freefireth,Gaming,cbdd2ea5-f597-4ff9-a1c4-d952ff6fd11d,Francis “Young third” Bisai,5,,What a lovely game to play with friends. I give it five Stars because the game is just so amazing you can team up with friends of your choice that is what makes it even more fun than other games. Keep up the good work for better user experience.,1,1.129.1,2026-07-25T21:10:12,,
Free Fire: 9th Anniversary,com.dts.freefireth,Gaming,48dc9f7d-c71b-408c-9ec4-dfc11c07f369,Ahmed Khan,5,,bhot peyara game ha our old peak leyo please garena,0,1.128.2,2026-07-25T21:10:00,,
Free Fire: 9th Anniversary,com.dts.freefireth,Gaming,cf0e617d-6cfd-40b3-9a65-e65493a66797,Mari Ri,4,,wow,0,1.129.1,2026-07-25T21:09:31,,
Free Fire: 9th Anniversary,com.dts.freefireth,Gaming,f10eb1c4-dab8-4392-ab7e-3ab1e4d2e019,Naveed Ahmad,5,,but he is not opening I downloaded he is not open I wait for 1 hours,0,1.129.1,2026-07-25T21:09:16,,
Free Fire: 9th Anniversary,com.dts.freefireth,Gaming,b299fec3-5e65-4c76-9fa1-c32d86182d80,Dev Raj,1,,game disbalance tei vayrs LADO kha Muji garena Randi ko bah Muji game paila ko jstai bana Muji garena,0,,2026-07-25T21:07:10,,
Free Fire: 9th Anniversary,com.dts.freefireth,Gaming,cb9d3e4b-f42d-4127-8f3c-a4eea2cce1a5,Fahad Awudu,5,,good,0,1.129.1,2026-07-25T21:06:03,,
Free Fire: 9th Anniversary,com.dts.freefireth,Gaming,8f6b2d6e-9750-41cd-ae6a-dd1fed49cc54,Tdollar,5,,Good 👍 👍 👍,0,1.128.2,2026-07-25T21:04:34,,
Free Fire: 9th Anniversary,com.dts.freefireth,Gaming,8715922f-f8da-45fa-936d-57d83a0180bc,Ndhere123 Ndhere123,1,,is game bhot issues Hain button Kam nhi karte or Meri 6 year old id bhi ban kar di,0,,2026-07-25T21:04:19,,
