app_name,app_id,category,review_id,username,rating,title,text,thumbs_up_count,review_created_version,at,reply_content,reply_at
Clash of Clans,com.supercell.clashofclans,Gaming,fc5ef5c7-2737-4f94-913a-4e9b65592e77,Jhon Gabriel Ga,5,,the best game,0,18.400.9,2026-07-26T16:18:30,,
Clash of Clans,com.supercell.clashofclans,Gaming,e94cb31a-b766-40ab-b14b-e8a50c5844ac,kiri kiri,4,,FUN,0,18.400.9,2026-07-26T16:11:41,,
Clash of Clans,com.supercell.clashofclans,Gaming,6b77184b-7d1f-4620-9669-1386afe72915,Niranjan.S.N,4,,"It's good 😊 playful to have this, hit the stars 😀 build the base.",0,18.400.9,2026-07-26T16:07:50,,
Clash of Clans,com.supercell.clashofclans,Gaming,4ee8db22-1f45-4e32-bffd-0c4df756d7e5,Sandeep Tyagi,5,,very good game the game is totally based on strategy and patience,0,18.400.9,2026-07-26T16:03:32,,
Clash of Clans,com.supercell.clashofclans,Gaming,2a0341d3-e59a-4aaa-a1d8-879b508fe669,Tabassum Shahabuddin,5,,i loe this game,0,18.400.9,2026-07-26T16:01:29,,
Clash of Clans,com.supercell.clashofclans,Gaming,f62bbb19-810a-4ef7-ab65-fb906a9b1df6,Jenny Payad,5,,good game,0,18.400.9,2026-07-26T15:59:18,,
Clash of Clans,com.supercell.clashofclans,Gaming,77155a12-7cc2-440f-ad15-1136b16111b4,MD Farhan,1,,annoying,0,,2026-07-26T15:57:42,,
Clash of Clans,com.supercell.clashofclans,Gaming,1357bcd7-5075-4607-afc6-40ade5a7b009,Go val,5,,Mantap,0,18.400.9,2026-07-26T15:55:03,,
Clash of Clans,com.supercell.clashofclans,Gaming,ac6efd18-45e3-42f6-a448-2a00871d291f,Sai Sai,5,,nice,0,18.400.9,2026-07-26T15:54:00,,
Clash of Clans,com.supercell.clashofclans,Gaming,b88ba242-4280-4541-b8ad-dd6058582690,Husameldein hus4m,5,,"It is very nice game 👍, come and join us here.",0,18.400.9,2026-07-26T15:42:58,,
Clash of Clans,com.supercell.clashofclans,Gaming,de5f3acc-ab12-4398-b7da-43e9c347f5ce,Tapendu Ghosh,5,,Thank you 😊,0,18.400.9,2026-07-26T15:42:30,,
Clash of Clans,com.supercell.clashofclans,Gaming,303f7310-44bd-4974-bfd8-70ef6db2dfd4,Aysha Shaikh,5,,It's Nice,0,18.400.9,2026-07-26T15:41:55,,
Clash of Clans,com.supercell.clashofclans,Gaming,219f9403-de06-4760-843a-20ad084eb44b,Satyamoni Bordoloi,5,,game is so smooth and high graphics designer and development of the smartest person. good job 👍,0,18.400.9,2026-07-26T15:36:10,,
Clash of Clans,com.supercell.clashofclans,Gaming,128cc0a9-34b6-4706-9504-b8cd3855a0c2,Sanjoy Pramanick,4,,it's too good.supercell not good.,0,18.400.9,2026-07-26T15:29:29,,
Clash of Clans,com.supercell.clashofclans,Gaming,1c3e76f1-818a-45ca-9dac-e1bdeccf8e56,Chinnu,5,,"wonderful and beautiful experience, new levels and new event gives new players to change grow fast",0,18.400.9,2026-07-26T15:24:24,,
Clash of Clans,com.supercell.clashofclans,Gaming,c2d18fc6-4e85-4bb4-936c-6debe546d78c,Rex Treson,5,,The Game Is Cooling and Chilling well like building stuff in the game great game and amazing stuff like that so this is my review,0,18.400.9,2026-07-26T15:23:12,,
Clash of Clans,com.supercell.clashofclans,Gaming,a409e8e1-3f4c-440f-a686-5fcbf4dfa4dc,Vikash Vaibhav,5,,good,0,18.400.9,2026-07-26T15:20:59,,
Clash of Clans,com.supercell.clashofclans,Gaming,5d769f67-175d-49d3-bc87-1f81a16b44d4,Shamith Gowda,5,,super game,0,18.400.9,2026-07-26T15:12:29,,
Clash of Clans,com.supercell.clashofclans,Gaming,cb9b3797-6ab4-4b1f-93f4-003051d279fb,Panneerselvam B,5,,Very good,0,18.400.9,2026-07-26T15:09:05,,
Clash of Clans,com.supercell.clashofclans,Gaming,2db6d0d0-109e-4a7a-b6cb-cab6fff1515a,Jingky Guiao,5,,nice game,0,18.400.9,2026-07-26T15:03:05,,
Clash of Clans,com.supercell.clashofclans,Gaming,be3932f3-1efc-4adb-925d-1d4349c2be4e,sinistertomokokuroki,4,,yeniden başladım güzel oyun,0,18.400.9,2026-07-26T14:57:42,,
Clash of Clans,com.supercell.clashofclans,Gaming,b9f9c608-cf73-4734-b96b-4b0c6fac548f,Nway Oo,5,,It's The best.,0,18.400.9,2026-07-26T14:53:50,,
Clash of Clans,com.supercell.clashofclans,Gaming,4535947c-e685-435a-8c81-66d99a8ed005,Navin Pawar,5,,i miss the old game but this is also good,0,18.400.9,2026-07-26T14:53:48,,
Clash of Clans,com.supercell.clashofclans,Gaming,52120fd0-63b3-4234-a851-7524cdfea6b4,Shubham Verma,5,,nice game 👍🎯,0,18.400.9,2026-07-26T14:50:47,,
Clash of Clans,com.supercell.clashofclans,Gaming,3d0cd497-2c71-4d47-a837-36e07c8d3a59,Syed Saab,1,,Lost my id because of the supercell id scam some pulled on me and can't recover my id back they didn't help me with this issue please remove that supercell id from my account.,0,18.400.9,2026-07-26T14:45:28,,
Clash of Clans,com.supercell.clashofclans,Gaming,578d70a0-5513-4e27-8dda-e033459c909f,Aadarsha Rai,4,,very good gae😍,0,,2026-07-26T14:45:00,,
Clash of Clans,com.supercell.clashofclans,Gaming,e202e0fe-984e-49e7-80fa-27e0a0426fc5,Mr Hid3e,5,,love it,0,18.400.9,2026-07-26T14:44:25,,
Clash of Clans,com.supercell.clashofclans,Gaming,d767c3c6-90a8-4ac5-8402-d97bec0ba2e3,Pakun,5,,nice game,0,,2026-07-26T14:43:32,,
Clash of Clans,com.supercell.clashofclans,Gaming,f928f1c7-b28d-40d3-9dfe-4b23b325c767,Moumita Banerjee,5,,quite time passable,0,18.400.9,2026-07-26T14:41:29,,
Clash of Clans,com.supercell.clashofclans,Gaming,be2d68fb-5d86-452f-9da8-f8c6381e1e7a,Fatema Fatema,5,,good game,0,18.400.9,2026-07-26T14:38:19,,
Clash of Clans,com.supercell.clashofclans,Gaming,cba9c7f4-36ba-470c-900a-b2b37c76e539,Sunil N,5,,good game,0,,2026-07-26T14:30:27,,
Clash of Clans,com.supercell.clashofclans,Gaming,b6370f65-ab6e-4b3f-8d0a-b990f61af0b0,MIBCM 83,5,,Baru boleh layan tampa menuggu lama... Mantap..,0,14.93.6,2026-07-26T14:28:32,,
Clash of Clans,com.supercell.clashofclans,Gaming,beae0ca3-fd2f-4ebc-bfd8-45e4998abce8,Partha Das,1,,not recovered my account,0,,2026-07-26T14:25:02,,
Clash of Clans,com.supercell.clashofclans,Gaming,d188c36c-15d1-43e5-85b7-199dfaaba3b4,A Google user,5,,THIS GAME IS DEAD IF THERE'S NO GLOBAL ADD GLOBAL BACK (edit- they added global back. w supercell),0,18.400.9,2026-07-26T14:13:52,,
Clash of Clans,com.supercell.clashofclans,Gaming,50de0dcb-a0f7-48de-b746-ab0a3328e53b,Musabbir,5,,jurny of 7 year,0,18.400.9,2026-07-26T14:12:59,,
Clash of Clans,com.supercell.clashofclans,Gaming,b7a54344-1a37-437f-b964-b6493c1a4940,Alejandro Barlaan,5,,A strategic and planning game with spectacular mind boggling defense that will leave you thinking and all awake. I started COC since early 2013.,0,18.400.9,2026-07-26T14:11:20,,
Clash of Clans,com.supercell.clashofclans,Gaming,0e9451b6-eac3-47a2-aa18-afe76517c35f,Kishore Kombai,5,,good,0,,2026-07-26T14:09:25,,
Clash of Clans,com.supercell.clashofclans,Gaming,d74f3c5c-7842-4718-b8ad-7a15115bff7b,Min Khant,5,,this game is enjoying,0,18.400.9,2026-07-26T14:08:06,,
Clash of Clans,com.supercell.clashofclans,Gaming,322360e0-c785-4b45-aca7-33c1d8e25e16,Anwar Haydar,5,,very nice game,0,18.400.9,2026-07-26T14:07:31,,
Clash of Clans,com.supercell.clashofclans,Gaming,7932072e-baa4-4f48-82de-7d4bfe9b2e77,Darry,1,,"Not sure what happened, but after last update game is not responding correctly, upper icons are unresponsive, only this game no idea why 🤷‍♂️",0,,2026-07-26T14:02:13,,
Clash of Clans,com.supercell.clashofclans,Gaming,d9730194-db86-40d8-a69c-eab92aaa590c,Mardame Francisco,5,,Nice game,0,,2026-07-26T13:57:35,,
Clash of Clans,com.supercell.clashofclans,Gaming,7938bcb1-d720-4ce3-8d91-a69600920dcd,Preet Bains,5,,good game,0,18.400.9,2026-07-26T13:49:50,,
Clash of Clans,com.supercell.clashofclans,Gaming,829f2f9a-4521-479e-9528-4e696f774535,Md Himon,5,,nice games,0,18.400.9,2026-07-26T13:47:14,,
Clash of Clans,com.supercell.clashofclans,Gaming,e5a08c8b-f322-4d54-b1e1-d4ddbe2b670d,basant Nayak,5,,sab se acha game hai,0,18.400.9,2026-07-26T13:36:46,,
Clash of Clans,com.supercell.clashofclans,Gaming,719632ce-46a0-4419-8f12-cda57ebe3783,JP Pretorius,5,,Awesome game. Keeps me out of trouble ;) I would just appreciate it if you guys wouldn't be that stingy with your gems. Its tough to get all available builders if you dont push in some money. Now my storages are full and my 3 builders are busy upgrading units for almost 3 more days before one of them are available!!? So now attacking is pointless???? Or will you please attend to ALL the hardcore clashers who complain about THIS problem and give us something to play for??? Sharing is caring.,0,18.350.2,2026-07-26T13:32:42,,
Clash of Clans,com.supercell.clashofclans,Gaming,5c4836f1-a6f9-48e7-9d64-f04df9cb3d5a,Dvij Tiwari,3,,this is good game,0,18.400.9,2026-07-26T13:26:09,,
Clash of Clans,com.supercell.clashofclans,Gaming,06b2265d-c383-4c0a-9984-87d7f1621aed,Sabutay Həbibbəyli,5,,An absolute masterpiece I fricking LOVE this game,0,18.400.9,2026-07-26T13:13:17,,
Clash of Clans,com.supercell.clashofclans,Gaming,9fd9662b-8a67-4f3d-a097-86fe190e8188,Vasan OG2011,5,,I will happy to play this game clan war was declared that .....,0,,2026-07-26T12:56:24,,
Clash of Clans,com.supercell.clashofclans,Gaming,43a9849e-423c-4a68-a308-3342115074c1,Blunt Btc,5,,the game is really good,0,18.400.9,2026-07-26T12:49:45,,
Clash of Clans,com.supercell.clashofclans,Gaming,2ffeb1b4-e4f1-4972-8a65-bc46611aaead,Gajare Deependra,5,,good game,0,18.400.9,2026-07-26T12:38:05,,
Clash of Clans,com.supercell.clashofclans,Gaming,c6139e03-3764-4602-afbd-6249aaaac52c,Oliverin,3,,"it's boring if you're f2p, or isn't it?",0,,2026-07-26T12:29:08,,
Clash of Clans,com.supercell.clashofclans,Gaming,d9d1c542-d5ee-4cb3-85a2-59d9ddcd872b,ADARSH KISHOR,5,,Very nice game... For time pass.. I am playing this game from 2011,0,18.400.9,2026-07-26T12:27:14,,
Clash of Clans,com.supercell.clashofclans,Gaming,46cd5913-8df6-43de-9a07-f0634a8382e5,Muhai Dheen,1,,"Not able to collect rewards from hero journey as it says ""No longer available "" but I haven't received them yet... Need assistance... Until I will keep it to 1 star...",0,18.400.9,2026-07-26T12:23:43,,
Clash of Clans,com.supercell.clashofclans,Gaming,dad59215-72c0-4dc4-be9d-7faaa443e520,hasan jaman,5,,"so good, is best game., can you play world 🥰🥰🥰🥰🥰💋💋💋💋💞💓🌹♥️🌹💗💞💓🌹💓♥️🌹",0,,2026-07-26T12:14:45,,
Clash of Clans,com.supercell.clashofclans,Gaming,b2ebb77a-8e61-4f14-ba97-0656d5077427,Apon Babu,5,,nice veri,0,18.400.9,2026-07-26T12:13:27,,
Clash of Clans,com.supercell.clashofclans,Gaming,1fad4187-cee2-4c52-af92-b23959901e3e,Sukanya Das,5,,good 👍,0,,2026-07-26T12:12:49,,
Clash of Clans,com.supercell.clashofclans,Gaming,e8dc88b7-2999-4a45-be0c-8ed54f83d653,Susmita Das,5,,nice game 👍,0,18.400.9,2026-07-26T12:11:49,,
Clash of Clans,com.supercell.clashofclans,Gaming,1c043e74-0cd1-4794-b0a9-668b08606296,Maheshwari Valsa,5,,good game,0,18.400.9,2026-07-26T12:08:52,,
Clash of Clans,com.supercell.clashofclans,Gaming,7344c2c6-5bc3-4c59-bc8a-2149b70c57ed,Tariq Âžîmî,5,,wow,0,18.400.9,2026-07-26T12:05:00,,
Clash of Clans,com.supercell.clashofclans,Gaming,9b8ce336-da70-4c59-84f6-8e015a4f9c49,Lavanya prajapati,5,,very good game but upgrade timer should be reduced because some upgrade take days and u should also add another option to get green gems cause it's very hard to get,0,18.400.9,2026-07-26T12:03:57,,
Clash of Clans,com.supercell.clashofclans,Gaming,8d108080-2056-418b-a688-a8ab19e2afd2,Enter your name,1,,my old account is not opened 😡,0,18.400.9,2026-07-26T12:00:39,,
Clash of Clans,com.supercell.clashofclans,Gaming,1e05b322-2b8d-4fe4-8fb4-447562e798e8,Saumitra Shree,5,,nice game,0,18.400.9,2026-07-26T11:55:25,,
Clash of Clans,com.supercell.clashofclans,Gaming,35be8ddf-427d-4474-a909-103cd0618a0c,Jake Mata,5,,good game,0,18.400.9,2026-07-26T11:55:18,,
Clash of Clans,com.supercell.clashofclans,Gaming,a8fecb9b-e628-4cc7-9c97-edc4c69577f4,Yvan Henry Papiona,1,,When is the fix on hero journey????,0,18.400.9,2026-07-26T11:51:25,,
Clash of Clans,com.supercell.clashofclans,Gaming,702760fe-40b6-4cc7-9c07-47b962764af3,SUMEET BARIK,5,,Outstanding Game,0,18.400.9,2026-07-26T11:49:38,,
Clash of Clans,com.supercell.clashofclans,Gaming,e2bbfe5f-056e-4463-8d8a-dbc990288cb8,Joshua Caleb,5,,W game,0,,2026-07-26T11:39:35,,
Clash of Clans,com.supercell.clashofclans,Gaming,957fd3c8-25dc-4827-9c7d-dd128861600f,Greg Maras,5,,awesome great 👍,0,,2026-07-26T11:35:49,,
Clash of Clans,com.supercell.clashofclans,Gaming,3f600dc7-f4fb-44f9-b11b-11923a4f69f3,Rather Zuhaib,5,,best experience ever,0,18.400.9,2026-07-26T11:31:51,,
Clash of Clans,com.supercell.clashofclans,Gaming,2263460f-c9a9-46e8-aaf3-9a6636c5f6d0,Bijoli Marak,1,,this gameives on ad,0,,2026-07-26T11:23:21,,
Clash of Clans,com.supercell.clashofclans,Gaming,1e14ae15-0ab0-4a0f-9084-751e4ec68ecd,Rupesh kumar Pashine,5,,This very nice game,0,18.400.9,2026-07-26T11:21:18,,
Clash of Clans,com.supercell.clashofclans,Gaming,b41ccad4-6ce3-4fdd-baac-c8b30de2d227,Dakshesh Thakur,5,,very good game,0,18.400.9,2026-07-26T11:18:27,,
Clash of Clans,com.supercell.clashofclans,Gaming,6ff675a7-fa32-4669-bdce-36e6489cea1d,SDS EIGHTEEN PLUS MODIFICATION,1,,very bad help and recovery,0,18.400.9,2026-07-26T11:18:27,,
Clash of Clans,com.supercell.clashofclans,Gaming,df73d72e-3377-4882-bff9-7b0fc2fa85b0,John Mico Bajao,5,,I didn't Expect how good this game was.,0,15.83.17,2026-07-26T11:17:37,,
Clash of Clans,com.supercell.clashofclans,Gaming,66ba4634-43f5-4450-83d9-58b35326dde1,Joseph Borras,5,,I used to played this long ago now im back to play it again and its so fun,0,18.400.9,2026-07-26T11:16:21,,
Clash of Clans,com.supercell.clashofclans,Gaming,4ed68d90-b6d5-4352-b45c-e56d2127c2c7,Dondie Pandiño,5,,.maganda eto laro na,0,18.400.9,2026-07-26T11:14:23,,
Clash of Clans,com.supercell.clashofclans,Gaming,40053dca-da65-4ed0-88db-7205cd12e843,mzidan alfauzan,1,,I DONT GET MUSHROOM,0,18.400.9,2026-07-26T11:02:18,,
Clash of Clans,com.supercell.clashofclans,Gaming,84a4e161-ec02-4d0c-848c-21b40bf70357,David Ceballos,5,,great amazing th12 going to 13 TUFF,0,18.400.9,2026-07-26T11:02:15,,
Clash of Clans,com.supercell.clashofclans,Gaming,c7bf0094-6867-4126-b3ce-5c74efc036e6,Nesondroy L. Miranda,5,,nice game,0,18.400.9,2026-07-26T10:51:57,,
Clash of Clans,com.supercell.clashofclans,Gaming,599bb78f-47c5-40e1-a7dd-b386770be0e3,Kyle C,4,,it's ok,0,18.400.9,2026-07-26T10:48:46,,
Clash of Clans,com.supercell.clashofclans,Gaming,9b0dccce-8c0e-4121-8ded-7c8c2f311a74,Sherwin Dullano,5,,🥰,0,18.400.9,2026-07-26T10:41:42,,
Clash of Clans,com.supercell.clashofclans,Gaming,1bf71b82-bf9d-4f92-bb7d-dfff98429528,Ryle Kurvk Libero,5,,it's good game I recommend this game to play cause it's good,0,18.400.9,2026-07-26T10:40:57,,
Clash of Clans,com.supercell.clashofclans,Gaming,94e1dd8a-ffee-48d3-b550-b2b1d8f23d0a,Mark Delima,5,,Good game,0,,2026-07-26T10:39:14,,
Clash of Clans,com.supercell.clashofclans,Gaming,a85c7c5b-cf9b-4338-a94b-6e2f23ae5a45,Bedartha Deba Sarmah,5,,It is a very interesting game.,0,18.400.9,2026-07-26T10:38:39,,
Clash of Clans,com.supercell.clashofclans,Gaming,ef0abf3b-73a0-48fe-90f8-5b6abd6c5cc0,Abhinand N L,5,,good,0,18.400.9,2026-07-26T10:30:28,,
Clash of Clans,com.supercell.clashofclans,Gaming,fdc6c59e-8ab8-447c-8ba0-a0f2aa44625a,Md Shahadat Hossain,3,,Free fire first choice and clash of clans second choice 😁😁,0,18.400.9,2026-07-26T10:29:21,,
Clash of Clans,com.supercell.clashofclans,Gaming,352adb2d-a7a1-4e88-9401-4d1c34a1a3c3,murvin nash,5,,1 of my favorite,0,18.400.9,2026-07-26T10:27:02,,
Clash of Clans,com.supercell.clashofclans,Gaming,f8c56cb0-11cf-4c4c-8945-c26cd25c6f17,Larsie Bejarin,5,,awesome and very challenging game... it's a good past time for everyone who loves challenges..highly recommended,0,18.400.9,2026-07-26T10:25:03,,
Clash of Clans,com.supercell.clashofclans,Gaming,c50456bd-85d8-4582-9d51-a500c15d0f0f,Kunjumol Paulose,5,,very good,0,18.400.9,2026-07-26T10:22:28,,
Clash of Clans,com.supercell.clashofclans,Gaming,b8e22a18-18d2-47a2-80ef-5692cfcbd661,HiT ACHI,4,,almost gaming Twitter but time to change,0,,2026-07-26T10:19:32,,
Clash of Clans,com.supercell.clashofclans,Gaming,b46d0447-ba43-4e9d-abe9-67d2ee059ab6,Carl Miguel Valentino,5,,i love this even if i am a starter.,0,18.400.9,2026-07-26T10:19:29,,
Clash of Clans,com.supercell.clashofclans,Gaming,0651fcaa-aec8-4112-a208-c31d753b93f8,Paya Khosravani,5,,good,0,,2026-07-26T10:17:26,,
Clash of Clans,com.supercell.clashofclans,Gaming,1d620672-1136-403c-b328-a1bca37827a0,Ripon Shikder,5,,Very beautiful I like it very much,0,,2026-07-26T10:00:43,,
Clash of Clans,com.supercell.clashofclans,Gaming,234ccd46-8f61-4bb7-b86f-d7a1d78bc6e4,Abhishek Namfyal,5,,long run fun game 😁👌🏻,0,18.400.9,2026-07-26T10:00:35,,
Clash of Clans,com.supercell.clashofclans,Gaming,bfb3ec1d-750a-4300-aa3b-f316f4a9d31b,Ganesh Ronghang,5,,nice 👍 and good,0,,2026-07-26T10:00:18,,
Clash of Clans,com.supercell.clashofclans,Gaming,e5b16cdc-4ae4-4c5b-87f0-ffaba096ecad,Matthew Fiddler,5,,purdy awesome game love the wars and raiding fiendishly lol awesome fun,0,18.400.9,2026-07-26T09:51:54,,
Clash of Clans,com.supercell.clashofclans,Gaming,4345d744-8cfb-451a-abc7-02d388454d5d,Most Popular Cartoons,1,,I have an issue in the Heroes Journey. I completed the 330 levels in the Heroes Journey but I don't claim Grand Warden Skin but it say tick mark on it but I don't have this skin. What's that bug. Kindly solve this bug...,0,17.360.42,2026-07-26T09:50:19,,
Clash of Clans,com.supercell.clashofclans,Gaming,59f65ade-b7ff-4752-95d2-c107fda56c64,Khagendra Bogati,5,,awsome till now be engaging with age love fav kinda 💕,0,18.400.9,2026-07-26T09:49:38,,
Clash of Clans,com.supercell.clashofclans,Gaming,2e35d869-c9d0-4047-a726-1514b8bae9b3,Lezlie Ladio,5,,"I played this back in junior high but I deleted it. now, I'm back as a college student. I love this game because it teaches you to be patient especially in upgrading because it takes time. you can also come back whenever you want. I hope there will be more events like the WWE.",0,18.400.9,2026-07-26T09:48:31,,
Clash of Clans,com.supercell.clashofclans,Gaming,22f625f5-a2a1-4151-8982-3a800adea55f,Md Irfan Bhuiyan,5,,Best game ever💥,0,,2026-07-26T09:47:05,,
Clash of Clans,com.supercell.clashofclans,Gaming,02e55f16-7979-4e90-9f6e-955a0b09c8d4,Jewel shen Carbungco,5,,it's really fun imo plus it helped me reduce stress and boredom.,0,18.400.9,2026-07-26T09:41:23,,
Clash of Clans,com.supercell.clashofclans,Gaming,5fb343aa-3ec4-4322-baac-0fb31baee56c,marksasoldier,1,,More than it used to be but also far lesser. Active censorship. I'll play it but never recommend it. A place where freedom and most of the fun died a long time ago. Game model runs on kick the can updates that negate or devalue progress. Buying anything not cosmetic means your purchases are basically going to be invalidated by progression being pushed further or outright changing what you invested your time or money on. Global chat is not back. Chat channels were added not global.,13,18.400.9,2026-07-26T09:32:30,,
Clash of Clans,com.supercell.clashofclans,Gaming,6fb8138d-eebe-4e1b-8098-e8d7baaa97d9,Mahesh Prajapati,5,,the best game,0,18.400.9,2026-07-26T09:18:50,,
Clash of Clans,com.supercell.clashofclans,Gaming,aba528f2-0ccc-4953-a454-7de53ffcee7b,Monirith Erng,5,,fun,0,18.400.9,2026-07-26T09:17:15,,
Clash of Clans,com.supercell.clashofclans,Gaming,7be7f379-2658-433d-8018-5d83314a765f,christ lindo,1,,not nicee. i already bought spiky ball but cant get giant gauntlet in Hero Journey. please fix this bug,0,18.400.9,2026-07-26T09:01:05,,
Clash of Clans,com.supercell.clashofclans,Gaming,ace8c0dd-c888-476c-8d81-d801acecd3d2,Albert Pangan,5,,magandang laruin,0,,2026-07-26T08:57:36,,
Clash of Clans,com.supercell.clashofclans,Gaming,0561d623-288f-449d-812e-f91914c71aec,Ahnaf Ahmed,5,,AWESOME!!😻,0,16.137.6,2026-07-26T08:52:56,,
Clash of Clans,com.supercell.clashofclans,Gaming,faacd3f2-f96d-4611-bece-37e1696d503d,Cris Famisaran,5,,☺️,0,18.400.9,2026-07-26T08:52:17,,
Clash of Clans,com.supercell.clashofclans,Gaming,2a78072a-77fc-4320-9ee1-2bd99e279202,Fs Fahim,5,,good game,0,,2026-07-26T08:51:11,,
Clash of Clans,com.supercell.clashofclans,Gaming,952e4399-87fa-4321-803d-ba103f213635,Ho Shun Hin,4,,⭐⭐⭐⭐ I enjoyed every moment I played but you need a long time to finish upgrading and that sucks,0,15.352.6,2026-07-26T08:50:02,,
Clash of Clans,com.supercell.clashofclans,Gaming,b7720b23-5e34-4f4d-aa2e-d46033d2df6e,Earl Joshua Halili,5,,i love this game,0,18.400.9,2026-07-26T08:49:37,,
Clash of Clans,com.supercell.clashofclans,Gaming,85f84931-a0dd-40c5-beaa-efd442128078,GamingAccount Elite,5,,"my old account was gone cause its been a decade since i played again. mybold email was already deactivated and my town is alreadt lvl 10 before. I tried to plqy it again last night, and supercell gives time doration for building. The good news is, you dont have to wait for your troops.. You can attak multiple times. Kudos COC 2026! i like it.. in in half a day im already TH5",0,18.400.9,2026-07-26T08:48:34,,
Clash of Clans,com.supercell.clashofclans,Gaming,bb5b93e1-9548-468c-8e91-e01a99423815,Jake Robertson,5,,"great game, been playing for years at this point, never a dull update, keep up the work",0,18.400.9,2026-07-26T08:46:58,,
Clash of Clans,com.supercell.clashofclans,Gaming,1558e4d3-ab62-496f-a90b-48d4237badfb,Nirmal Ded,4,,good game,0,,2026-07-26T08:35:18,,
Clash of Clans,com.supercell.clashofclans,Gaming,fc0c769a-c4d5-4a74-af6c-33df57020bdd,Ethan Sanchez,4,,This is a really good game my only problem was my email not sending code for my supercell id>:(,0,18.400.9,2026-07-26T08:34:12,,
Clash of Clans,com.supercell.clashofclans,Gaming,61d8d3f3-84a8-40ea-8af6-f3dbbb8aaadb,krushal galani,5,,nice,0,18.400.9,2026-07-26T08:34:06,,
Clash of Clans,com.supercell.clashofclans,Gaming,3662c7dd-51ab-4ddc-87f1-4d9e6ad2a1bb,Ila Das,4,,make the hero work when upgrading,0,,2026-07-26T08:31:24,,
Clash of Clans,com.supercell.clashofclans,Gaming,ca4f023e-fe5e-478b-a85b-efb1c16240c6,kyi hlaing thin,5,,Nice appli,0,,2026-07-26T08:27:35,,
Clash of Clans,com.supercell.clashofclans,Gaming,a2380436-fabd-4591-b7f8-dea45da062c7,salma kurshid,1,,"the purchased in app items are not reflecting in the magic items section in townhall to use, support team are not addressing this issue, need urgent support.",0,18.400.9,2026-07-26T08:24:53,,
Clash of Clans,com.supercell.clashofclans,Gaming,66254a25-d2bd-44c9-afd0-46bbf418991d,Devansh Ghalan,5,,Not as nostalgic but the updates are so good,0,18.400.9,2026-07-26T08:22:20,,
Clash of Clans,com.supercell.clashofclans,Gaming,aa75b958-a0d0-46d0-9e0c-ff513514dede,Akhileshmohantysom,5,,I like this game so muchhh,0,18.400.9,2026-07-26T08:18:00,,
Clash of Clans,com.supercell.clashofclans,Gaming,9d2eea36-a410-4f48-8b02-9c4271f10a30,Parveen M,5,,where nice game to play for kids also very interesting game,0,18.400.9,2026-07-26T08:17:22,,
Clash of Clans,com.supercell.clashofclans,Gaming,491d2f2e-f9b8-40d5-afdc-774368f3c323,Ibrar Kha,5,,The best game,0,18.400.9,2026-07-26T08:15:54,,
Clash of Clans,com.supercell.clashofclans,Gaming,c7e477c8-0919-4d79-810b-51bf462fc68f,Ali Dayan,5,,most best and enjoying game I really love it and last play like 2020 and leave it and after 2 days ago it automatically log in to my id again cuz I made with Facebook love it ♥️,0,18.400.9,2026-07-26T08:14:25,,
Clash of Clans,com.supercell.clashofclans,Gaming,c89aaa1e-fc59-48c4-8f41-21737e1de5b0,Jashan Preet,5,,i love this game because my th17 is maxed,0,18.400.9,2026-07-26T08:08:27,,
Clash of Clans,com.supercell.clashofclans,Gaming,916c6cb7-1b85-4d2b-ab5f-c02caff74a54,ツᴍᴀʏᴀɴᴛʜᴀ,5,,"This is the only game I've played since I was a child, which means for almost 12 years. So this is a different strategic game from other games. It's a bit boring now because there are many events and it's competitive, but it's a great game that you can play freely. ❤️✅️",0,18.400.9,2026-07-26T08:08:19,,
Clash of Clans,com.supercell.clashofclans,Gaming,531e3270-194e-4fc1-9141-1077fcb8ce68,Phurba Tamang,4,,asum game for fun,0,18.400.9,2026-07-26T08:07:07,,
Clash of Clans,com.supercell.clashofclans,Gaming,88aaa056-d8c2-4745-853e-73931d5d071f,Ishan Mondal,5,,good game,0,18.400.9,2026-07-26T07:55:12,,
Clash of Clans,com.supercell.clashofclans,Gaming,f2231834-96ec-44c7-a089-4297f1ae59cb,Hb shandilya,5,,"nice game , but some supercell problems, my 1st ac is lost ................. and this is my 2nd id hall 7 😢😢😢😢😢 i do all the solutions but this did not work plz help me",0,18.400.9,2026-07-26T07:48:02,,
Clash of Clans,com.supercell.clashofclans,Gaming,5db5d77c-e325-4858-9c3b-8e26d24cf9aa,Ajit Unde,5,,gret,0,18.400.9,2026-07-26T07:43:57,,
Clash of Clans,com.supercell.clashofclans,Gaming,9c706380-2a00-49b7-9efa-7fa50bf9c68f,Ben Dover,5,,always loved the game,0,18.400.9,2026-07-26T07:34:39,,
Clash of Clans,com.supercell.clashofclans,Gaming,346115c6-f99c-4809-9183-74bc3a020701,Dawson Contant,5,,it is a really good game because you can work together with your clan and im in my dad's clan,0,18.400.9,2026-07-26T07:31:35,,
Clash of Clans,com.supercell.clashofclans,Gaming,effe9e5a-14cc-4174-9d74-73addd01e635,Patrick Garrett,5,,I love to grind this game is tuff to do but I don't have to pay to win cause the algorithm is pretty good too keep it fair in my opinion,0,18.400.9,2026-07-26T07:30:01,,
Clash of Clans,com.supercell.clashofclans,Gaming,88812abd-9dcf-4ff0-bee5-6203e2659f5f,ruel cueto,5,,great,0,18.400.9,2026-07-26T07:21:40,,
Clash of Clans,com.supercell.clashofclans,Gaming,6d0f5065-0fb5-4232-bb23-a611215b714f,Lander Mike Alferez,5,,Super Nice Game,0,18.400.9,2026-07-26T07:07:59,,
Clash of Clans,com.supercell.clashofclans,Gaming,5fd0924c-11af-49be-ba46-54c78c559fe8,Nobodip Adhikari,5,,"The best game of my life. Playing this game makes my brain cool, so this is the best game for me.",0,18.400.9,2026-07-26T07:06:42,,
Clash of Clans,com.supercell.clashofclans,Gaming,404c18df-466b-4c5f-8381-5c52e0e54cd0,Swastik,5,,this is good game,0,,2026-07-26T07:01:48,,
Clash of Clans,com.supercell.clashofclans,Gaming,305c7e24-e40e-4d2f-94d8-7409e9074f3b,Cris Eliseo,5,,good game,0,18.400.9,2026-07-26T06:59:50,,
Clash of Clans,com.supercell.clashofclans,Gaming,985d12d9-9e37-436e-976e-633d07b506a8,Cassim Limaliya,1,,"I stopped playing for a few years and when I downloaded it to play again ,its giving me the option to log in however it can't find my account?? ,then I went through the recover my account process and it says they can't verify that I'm the owner ? It'll be great if supercell fixes this",0,17.360.27,2026-07-26T06:53:17,,
Clash of Clans,com.supercell.clashofclans,Gaming,ada172a9-8f1f-405c-9aaf-06d5390a8aab,Benita Benlingan,5,,just only online,0,18.400.9,2026-07-26T06:47:49,,
Clash of Clans,com.supercell.clashofclans,Gaming,4fb8a257-2573-4f0d-935c-c18e0a946d44,Bradley Beck,5,,play it all the time,0,18.400.9,2026-07-26T06:38:19,,
Clash of Clans,com.supercell.clashofclans,Gaming,da64dd4c-fa85-4af6-99a0-a53b2305a275,Joseph Voces,5,,very excellent and exceptional. I love this game🥰,0,18.400.9,2026-07-26T06:35:14,,
Clash of Clans,com.supercell.clashofclans,Gaming,0e2e6824-b68d-4bd3-9fdf-befe886b7efd,Arbiya Nouri,5,,nice game,0,,2026-07-26T06:35:02,,
Clash of Clans,com.supercell.clashofclans,Gaming,820461ee-a3ac-4dcd-8521-71d933997c0a,man dog93,2,,Really fun game I'm addicted,0,18.400.9,2026-07-26T06:33:28,,
Clash of Clans,com.supercell.clashofclans,Gaming,7b651f37-7618-4816-b8d9-4a7e0a889c94,Lli Lik,3,,good,0,18.400.9,2026-07-26T06:32:23,,
Clash of Clans,com.supercell.clashofclans,Gaming,9f1278e8-6790-4d12-881d-f089aa0c3468,David Martinez,5,,I like the game a lot :),0,17.477.15,2026-07-26T06:31:44,,
Clash of Clans,com.supercell.clashofclans,Gaming,47d44fee-7931-4f83-bb09-1d6cd7f250d3,Rielsus Aro,5,,best game ever played,0,18.400.9,2026-07-26T06:30:22,,
Clash of Clans,com.supercell.clashofclans,Gaming,a6a31cee-1721-433b-b596-61556ef280b5,nathan francisco,5,,awesome,0,,2026-07-26T06:27:44,,
Clash of Clans,com.supercell.clashofclans,Gaming,4244d6aa-e3e3-454a-bfb8-8cb1b4d94a60,ronald catayoc,5,,the best,0,,2026-07-26T06:23:59,,
Clash of Clans,com.supercell.clashofclans,Gaming,593994cb-917d-4546-b4bc-10f3de1961c5,Msa Ralte,1,,"My Christmas tree that i use shovel of obsticle of dissapear completely after the update, not to be found in the shop im so disappointed",2,18.400.9,2026-07-26T06:11:13,,
Clash of Clans,com.supercell.clashofclans,Gaming,f77d1839-200d-42cb-b0de-ab9fb6d7757f,MD Minhajul Abedin Rizve,5,,this game kept all the strategic gamers in a alliance mode. People who like Strategic Attach and Straighten the alliance. and Achieve bigger achievements this is fun for them. this game is not just about collecting gold and Elixer. I find it interesting when I have to break someone else strategic defense to gain more attacking experience,0,18.400.9,2026-07-26T05:50:58,,
Clash of Clans,com.supercell.clashofclans,Gaming,6003aa0d-e1c1-4b37-9717-72c81fb7b791,James Samuel Dela Cruz,4,,"Good game, althought the upgrade times takes weeks.",0,18.400.9,2026-07-26T05:41:50,,
Clash of Clans,com.supercell.clashofclans,Gaming,8b8ba9c6-4dea-4cc7-bf2d-178f1076cf2e,abbas wasim,5,,perfect,0,18.400.9,2026-07-26T05:03:33,,
Clash of Clans,com.supercell.clashofclans,Gaming,83353aa3-09e2-4c5f-bc4c-ca0b4fe19dd9,SO SORRY I TRIED,5,,good,0,18.400.9,2026-07-26T05:02:31,,
Clash of Clans,com.supercell.clashofclans,Gaming,2cd15256-15aa-43d2-b8ae-16604a5d2a36,arfandi,5,,very good game,0,18.400.9,2026-07-26T05:00:14,,
Clash of Clans,com.supercell.clashofclans,Gaming,a8fe7d98-6d0f-424c-adaa-f0dc06414e75,Cfg,5,,love it,0,18.400.9,2026-07-26T04:40:19,,
Clash of Clans,com.supercell.clashofclans,Gaming,20b7743d-236a-427f-a00d-c5a0891b741b,Ayush Aggarwal,4,,gate with emotions,0,18.400.9,2026-07-26T03:57:55,,
Clash of Clans,com.supercell.clashofclans,Gaming,e76be6b7-cac7-4e34-9583-b27716d1fb11,Navaneeth V,5,,game was Awesome and Good for Strategic Builds and Friendly Wars,0,18.400.9,2026-07-26T03:48:27,,
Clash of Clans,com.supercell.clashofclans,Gaming,dca8e03a-c3ce-4107-a9ca-089712baf8e5,Daivik Prasad,5,,i really really love this game so much and i would play every single day ♡♡♡♡♡,0,18.400.9,2026-07-26T03:32:21,,
Clash of Clans,com.supercell.clashofclans,Gaming,a5b3d081-c19c-4faa-9d54-37f91978a3b4,Josh de Guzman,5,,Ka miss mag laro ng coc affer 6 years,0,18.400.9,2026-07-26T03:17:51,,
Clash of Clans,com.supercell.clashofclans,Gaming,1f73c262-6c11-496f-8b66-fe9661ea4b02,Mohiuddin Himel (Himel),5,,Best game ever from my childhood,0,18.400.9,2026-07-26T03:09:23,,
Clash of Clans,com.supercell.clashofclans,Gaming,26417a30-e5b4-419b-832c-0f0e9942b096,Syed Ghazi,5,,THIS IS A GREAT GAME I LIKE THE EVENT'S LIKE SUMMER JAM OR SOMETHING,0,18.400.9,2026-07-26T02:39:30,,
Clash of Clans,com.supercell.clashofclans,Gaming,08cff57a-e3dd-48e9-928d-908704b1e852,Allen Nash,5,,great game,0,18.400.9,2026-07-26T02:32:47,,
Clash of Clans,com.supercell.clashofclans,Gaming,94020c84-7252-4ba0-a1d0-9a06a1f3f4e3,Travel Abroad Guide,5,,It's very good and also give more opportunities to defend Internet attackers,0,,2026-07-26T02:12:49,,
Clash of Clans,com.supercell.clashofclans,Gaming,c05aa844-cfa8-4db3-8982-1b5f593a2061,John Fuller,5,,I absolutely love this game. however I really wish they could make it easier to obtain the upgrade books. they occasionally sell them in packs in the store. it'd be nice if you were able to buy the books singly with no set limit. I would buy them individually at a fair price of course.,0,18.400.9,2026-07-26T02:03:28,,
Clash of Clans,com.supercell.clashofclans,Gaming,b31915aa-29db-4d46-a294-3721ea3ad999,Edward Boyce,5,,good,0,18.400.9,2026-07-26T01:56:48,,
Clash of Clans,com.supercell.clashofclans,Gaming,483c226c-1ae4-4fd9-9535-60eb57af952f,Jai Surya,1,,Perfecto,0,13.675.6,2026-07-26T01:56:43,,
Clash of Clans,com.supercell.clashofclans,Gaming,36b71d6c-fd6a-41e4-a542-5cf84148d60c,Romarc Torres,5,,loveit,0,18.400.9,2026-07-26T01:47:53,,
Clash of Clans,com.supercell.clashofclans,Gaming,4d407531-ee5c-4471-8eac-b988922efd6c,William Pereira Insinga,5,,best super sell game personally,0,18.400.9,2026-07-26T01:47:34,,
Clash of Clans,com.supercell.clashofclans,Gaming,dd814308-f897-416d-9e5a-b345003ee6af,Azib Khan,5,,There are some bugs that need to be fixed otherwise this game is good,0,18.400.9,2026-07-26T01:30:41,,
Clash of Clans,com.supercell.clashofclans,Gaming,d639c73a-3adc-4629-8356-308fde1b8aa2,behnam zahedi,5,,love,0,18.400.9,2026-07-26T01:22:16,,
Clash of Clans,com.supercell.clashofclans,Gaming,9c82b0b8-c474-4879-bee9-7009b6d48d48,Jeane Ubod,5,,good game,0,16.137.13,2026-07-26T01:15:15,,
Clash of Clans,com.supercell.clashofclans,Gaming,d17a1ad2-ed48-4281-9d52-f5edac60db02,Taiyab khan,1,,👎,0,18.400.9,2026-07-26T01:09:23,,
Clash of Clans,com.supercell.clashofclans,Gaming,05a2ccc1-23b8-4980-a07b-45bace2eeac0,Paulo Venenoso,5,,Great game!,0,18.400.9,2026-07-26T00:55:36,,
Clash of Clans,com.supercell.clashofclans,Gaming,2c77334b-c586-4586-af52-8f779a057424,Renor Rai,5,,I love this game ...,0,18.400.9,2026-07-26T00:41:06,,
Clash of Clans,com.supercell.clashofclans,Gaming,43f465db-3f6d-49c3-ae73-fc1f2744c534,Muhammadmuso,5,,👍👍👍,0,,2026-07-26T00:16:28,,
Clash of Clans,com.supercell.clashofclans,Gaming,ac3b58e3-234e-4182-8c2d-a17e5ffef0e2,RAJ NAIK,4,,👍,0,,2026-07-26T00:10:01,,
Clash of Clans,com.supercell.clashofclans,Gaming,d4aebc44-379e-4d12-84d3-1d3c35e0df2f,Finot,5,,wow,0,18.400.9,2026-07-25T23:59:28,,
Clash of Clans,com.supercell.clashofclans,Gaming,9659dbc5-ae1a-4b9a-9e95-d423fd01400a,Georgin George,5,,good,0,18.400.9,2026-07-25T23:59:26,,
Clash of Clans,com.supercell.clashofclans,Gaming,bb06f506-edfe-42e6-9911-49712eca957e,Istrabel Quiambao,1,,always game is crashing during attacks. it's so frustrating... no compensation for the disconnection,0,18.400.9,2026-07-25T23:45:43,,
Clash of Clans,com.supercell.clashofclans,Gaming,ecca2bd2-32d7-435d-8720-3029f874719c,Sudarshan Deshpande,5,,nice game,0,18.400.9,2026-07-25T23:39:33,,
Clash of Clans,com.supercell.clashofclans,Gaming,9af7228b-7f96-4fa7-a1fe-a86f19355ac8,Pawan Dubey,4,,butiful game 🎮,0,18.400.9,2026-07-25T23:30:06,,
Clash of Clans,com.supercell.clashofclans,Gaming,8ccd335c-163a-43e3-addd-9b0fb0549e84,Muthomi Brian,5,,👍💯,0,18.400.9,2026-07-25T23:29:50,,
Clash of Clans,com.supercell.clashofclans,Gaming,54a5d784-1e10-438b-bd67-6095d74f38f5,Mehul Devmurari,5,,very good game 🎯👍👍,0,18.400.9,2026-07-25T23:28:22,,
Clash of Clans,com.supercell.clashofclans,Gaming,dc749e7f-5c6f-4ec8-b975-a131b4bae12c,Adarsh Yadav,5,,Clash of clans is my favrait game,0,18.400.9,2026-07-25T23:22:59,,
Clash of Clans,com.supercell.clashofclans,Gaming,150ef8d7-cb56-4c2a-9b55-00343b921f3c,Bill Anderson,1,,Decrease time for upgrading because it takes centuries to upgrade,0,,2026-07-25T23:22:16,,
Clash of Clans,com.supercell.clashofclans,Gaming,e0ec6e53-8c0d-4bb1-a212-a1ec5fd84b70,Joshua Mica,5,,Great game.,0,18.400.9,2026-07-25T23:19:49,,
Clash of Clans,com.supercell.clashofclans,Gaming,101bdab6-9367-48b3-942d-c9cba1e68d59,RAFI ZAN,5,,A very good game,0,18.400.9,2026-07-25T23:14:16,,
Clash of Clans,com.supercell.clashofclans,Gaming,a8c21d20-debb-4559-8e71-6f20f665d0c7,Gauravsur Sur,1,,This game is usless I'm playing coc 1.5 years but after that this game hasToo much bug i try to opening my account but not open 1.5 years wast...😐😐,0,18.400.9,2026-07-25T23:08:04,,
Clash of Clans,com.supercell.clashofclans,Gaming,2982c397-e964-49a3-a29a-cdb3d10c191f,Ram Kumar,4,,Mind relaxing and well time passing game,0,18.400.9,2026-07-25T23:06:01,,
Clash of Clans,com.supercell.clashofclans,Gaming,354dacba-1ff0-4a29-8f7e-21a8322e24da,Harshita kaur Gambhir,5,,it is the best game i have played and only game which i love i definetly reccomend you to play this game actually its storyline and i love to fight and do the theme of game is adventouruous and after playing this game it became my favorate game i have town hall level 10 and i have started it playing before 5 days and this much of time i have spend on this game which make my townhall at level 10 it gave me relaxation otherwise only minecraft is my favorate game but now this is my favorate game,0,18.400.9,2026-07-25T23:04:37,,
Clash of Clans,com.supercell.clashofclans,Gaming,9dd2fb29-4487-4e05-a6a9-fe9aa0bf17ff,Red Dragen,4,,This is one of the best game. new update are wonderful,0,18.400.9,2026-07-25T23:04:17,,
Clash of Clans,com.supercell.clashofclans,Gaming,f8f8924b-2188-42f1-8052-b5ba78e41318,Jahirso Mining,5,,Nice game,0,18.400.9,2026-07-25T23:02:34,,
Clash of Clans,com.supercell.clashofclans,Gaming,8859ac1d-7202-498a-a5b5-2a4905913e61,Sahil Ghorpade,5,,best game for everytime,0,18.400.9,2026-07-25T22:55:49,,
Clash of Clans,com.supercell.clashofclans,Gaming,0afd61cb-e126-4f92-9bdd-138fcb615884,Rahul Soni,5,,best game that I play,0,18.400.7,2026-07-25T22:51:58,,
Clash of Clans,com.supercell.clashofclans,Gaming,d0c61d89-af4a-4848-9c23-c5896324fd8f,R. Shakeel muhyiddeen 3A,4,,best game 🎮 I ever played but please fix some Network issues Supercell. ✌🏻👍🏻 the game concept was so amazing. But if you fixed the network issues I'll give it a 5 ⭐ rating. Please Supercell fix the network problems✌🏻👆🏻,0,18.400.9,2026-07-25T22:49:58,,
Clash of Clans,com.supercell.clashofclans,Gaming,fa842ecf-75d1-4b3a-bc1c-944251d887ca,Harsha Vivek,4,,good,0,18.400.9,2026-07-25T22:49:37,,
Clash of Clans,com.supercell.clashofclans,Gaming,0a81cfd7-09ff-40b6-9eac-31feb79efdd9,Ram Sakal,5,,nowadays it's not working in my device,0,18.400.9,2026-07-25T22:49:10,,
Clash of Clans,com.supercell.clashofclans,Gaming,c46da245-055d-4855-8ee7-126b43b9fcbb,Proshanto Sen,5,,Amazing🥰,0,18.400.9,2026-07-25T22:47:23,,
Clash of Clans,com.supercell.clashofclans,Gaming,ada47fe4-a369-4d81-9740-0332a9daf734,Naim,5,,I love it,0,18.400.9,2026-07-25T22:43:19,,
Clash of Clans,com.supercell.clashofclans,Gaming,dbdeae8c-8cdc-4836-8f23-561a6831607d,Prajith.k.p Prajith.k.p,4,,super,0,18.400.9,2026-07-25T22:36:28,,
Clash of Clans,com.supercell.clashofclans,Gaming,56c3bd75-3f99-48a7-a627-e1afe56204b1,SAKTHI VEL S D,5,,This isn't just an ordinary game; it’s a game that teaches you about patience and time management.,0,18.400.9,2026-07-25T22:36:06,,
Clash of Clans,com.supercell.clashofclans,Gaming,491d5440-ce09-4c23-bdc7-c3b634113dce,Elesio Lopez,5,,verygood,0,18.400.9,2026-07-25T22:36:02,,
Clash of Clans,com.supercell.clashofclans,Gaming,9dc3f946-25e8-4d5f-8e95-926cf1408775,Tharun,5,,super,0,18.400.9,2026-07-25T22:28:50,,
Clash of Clans,com.supercell.clashofclans,Gaming,3eca90a3-e662-4eb6-9fab-54904b80a3a8,Sunil Surve,5,,good,0,18.400.9,2026-07-25T22:24:15,,
Clash of Clans,com.supercell.clashofclans,Gaming,3b876d03-7e5b-4ff9-929b-097c8de5bd6e,Bikash Sharma,4,,Never disappoints me,0,18.400.9,2026-07-25T22:22:16,,
Clash of Clans,com.supercell.clashofclans,Gaming,3df6eca2-8497-4752-9c7d-a9a7b156afcd,Emran Abbas,5,,this game use more internet form my data,0,18.400.9,2026-07-25T22:20:26,,
Clash of Clans,com.supercell.clashofclans,Gaming,8065a251-afbc-4e1d-a2e1-05bd24bebe61,Ian Njau,4,,Game is great.,0,18.400.9,2026-07-25T22:14:09,,
Clash of Clans,com.supercell.clashofclans,Gaming,6c696b11-6951-4df6-9d3e-69990fba8d5c,AMARPREET KAUR DHILLON,5,,I love this game and this is my personaly fav game,0,,2026-07-25T22:12:03,,
Clash of Clans,com.supercell.clashofclans,Gaming,d678395c-0e1f-466c-9879-65993e12a62b,Yap Boon Hwa,1,,"There is scammed in game, keep adding people to clan and kick out, so that he or she can invite to telegram and others app. Annoying that keep kick and add if you don't accept. Cannot report because the bot support is so low tech setting and no online agent or others way to report",0,18.400.9,2026-07-25T22:11:56,,
Clash of Clans,com.supercell.clashofclans,Gaming,9bde8518-0edb-45af-aa6c-b123b7de1b39,Arsha Nasr,5,,very 👍😊,0,18.400.9,2026-07-25T22:07:55,,
Clash of Clans,com.supercell.clashofclans,Gaming,b51f1bbf-01f7-4fdf-8406-bdafcde44bdc,erica martin,5,,very nice games,0,18.200.24,2026-07-25T22:07:02,,
Clash of Clans,com.supercell.clashofclans,Gaming,27f73a27-c4bc-4c63-bfda-434c2dd44678,Dulen perera,4,,Good game,0,18.400.9,2026-07-25T21:59:40,,
Clash of Clans,com.supercell.clashofclans,Gaming,276fc9de-1bc4-4c7b-8030-68320a684dd1,Cindy Calkins,5,,love this game,0,,2026-07-25T21:58:35,,
Clash of Clans,com.supercell.clashofclans,Gaming,8e3ee865-d246-4db4-9829-d7cc767d13fa,Khin Maung Htwe,5,,good game 😀,0,18.400.9,2026-07-25T21:55:00,,
Clash of Clans,com.supercell.clashofclans,Gaming,97205bb1-c571-4a2d-aba3-3e6d42eda07d,Arham Gaming,5,,this game is the game in the world every person like this game.,0,18.400.9,2026-07-25T21:48:38,,
Clash of Clans,com.supercell.clashofclans,Gaming,0474ca5f-a99a-481a-9d8d-8e8ac341c477,Suman Yadav,5,,op game,0,18.400.9,2026-07-25T21:45:04,,
Clash of Clans,com.supercell.clashofclans,Gaming,722b26d1-f8a0-4ea4-a3ca-0b6cd294ac96,Harsh Jain,3,,in 2021 I've given this game as 5* but after recent addition to hero hall I'm pissed now i suppose get 2 epic equipment for the king and queen where i didn't get that at all even after all the fixes is applied to the game.,0,18.400.9,2026-07-25T21:43:40,,
Clash of Clans,com.supercell.clashofclans,Gaming,b4ab21c4-4d56-41fd-ad52-b909d6baca18,Purnima Saha,4,,good game,0,,2026-07-25T21:27:03,,
Clash of Clans,com.supercell.clashofclans,Gaming,ab69ed26-f396-4cd0-8a41-e1d1b7529bde,Thrangime Gatphoh,5,,Peakkkkk. Not more can be said. Tho it does hurt my studies a lot.,0,18.400.9,2026-07-25T21:16:51,,
Clash of Clans,com.supercell.clashofclans,Gaming,34a55e8c-bb71-410b-a9cc-4f87e993833f,Samuel,5,,five starts. Need i say more?,0,18.400.9,2026-07-25T21:16:47,,
Clash of Clans,com.supercell.clashofclans,Gaming,72e6954f-9742-4dd3-9cc0-c80f164cc9bc,Kitongan Noven,5,,better than the old,0,18.400.9,2026-07-25T21:12:52,,
Clash of Clans,com.supercell.clashofclans,Gaming,10be0b0c-6319-47db-a211-6b8aa8e49dab,arlo,5,,great game for me,0,18.400.9,2026-07-25T21:07:37,,
Clash of Clans,com.supercell.clashofclans,Gaming,2b452410-98e4-4e3f-90fc-b3397d8779c9,Vinayak . G,5,,good game,0,,2026-07-25T21:07:19,,
Clash of Clans,com.supercell.clashofclans,Gaming,7a6d254b-fe8d-42b8-98e8-a3549bba47ee,Kei Uzkei,5,,i love this game this game is my childhood thanks supercell for this game,0,18.400.9,2026-07-25T21:07:06,,
Clash of Clans,com.supercell.clashofclans,Gaming,0a6b4ffc-12a8-4701-b4bb-a2cf8b703344,Guruprasath,5,,Best of games,0,18.400.9,2026-07-25T21:07:01,,
Clash of Clans,com.supercell.clashofclans,Gaming,bb86b523-32b5-4ad3-84b9-c746b95139c4,Md.Ebrahim Ali,5,,crazy,0,18.400.9,2026-07-25T21:05:35,,
Clash of Clans,com.supercell.clashofclans,Gaming,f9151fbe-d6a2-495d-8de7-2a96bf511cf6,lipi lipi molla,5,,❤️❤️❤️❤️,0,18.400.9,2026-07-25T21:03:33,,
Clash of Clans,com.supercell.clashofclans,Gaming,41fe795e-1dd4-477f-b05f-f5ffa19ff3ab,Kevin Delpuso,4,,I like this game,0,,2026-07-25T20:49:30,,
Clash of Clans,com.supercell.clashofclans,Gaming,d3e46217-997f-456f-8ed2-2c57540c5585,Sunil Mongar,4,,very fun game to pass the boring time,0,17.126.37,2026-07-25T20:47:29,,
Clash of Clans,com.supercell.clashofclans,Gaming,858e1a9d-af2a-4d0e-9e27-f2136d31f0a5,Pande Randi,5,,good,0,18.400.9,2026-07-25T20:39:40,,
Clash of Clans,com.supercell.clashofclans,Gaming,45c8af56-8886-4b03-babb-cdb192ef116a,Ko Phyo Thu,5,,Good game,0,18.400.9,2026-07-25T20:38:21,,
Clash of Clans,com.supercell.clashofclans,Gaming,33e5093d-299f-4aa4-a759-a5ede663af50,Shrikant Kale,5,,this game is just amazing,0,18.400.9,2026-07-25T20:38:00,,
Clash of Clans,com.supercell.clashofclans,Gaming,b5ab6ced-ad14-4688-abb4-ea546ea9bb97,Khan Iwhshe,5,,nice,0,18.400.9,2026-07-25T20:34:12,,
Clash of Clans,com.supercell.clashofclans,Gaming,8bc47e16-d85c-4049-8ad8-2d9ebbe3c266,Robin Leslie M,5,,good,0,18.400.9,2026-07-25T20:31:17,,
Clash of Clans,com.supercell.clashofclans,Gaming,9b3c2fa6-c6e4-443d-a6b1-aa15cd23c36a,Farid Castellanos,5,,muy entretenido juego y muy dinámico,0,18.400.9,2026-07-25T20:27:16,,
Clash of Clans,com.supercell.clashofclans,Gaming,ed80ad75-ce0b-4a88-af7c-230d1274291f,Ishara Milinda,5,,Awesome,0,18.400.9,2026-07-25T20:22:51,,
Clash of Clans,com.supercell.clashofclans,Gaming,170fb9a1-46b4-4bb2-9ff2-609753742166,Dean Simkus,5,,"Banging, love it. Best game I have ever played on my phone! Thank you supercell nuff respect.🤘",0,18.400.9,2026-07-25T20:19:22,,
Clash of Clans,com.supercell.clashofclans,Gaming,dfcf7a1f-9185-470f-9839-e9515fe70e2f,Ali Mohd,5,,i love this game but super cell please decrease the amount of wall upgrade it is taking my all mony to only upgrade one wall,0,18.400.9,2026-07-25T20:18:40,,
Clash of Clans,com.supercell.clashofclans,Gaming,cb4400d3-5bb1-4434-9d0d-ba4559355857,Nathan vanbockel,1,,Absolutely the worst support team of all time if your account gets hacked with the limited details they ask for you have to just pray they deem you the original owner,0,18.400.9,2026-07-25T20:14:43,,
Clash of Clans,com.supercell.clashofclans,Gaming,dc6421bc-e3e9-4bb7-8ad5-e4223955ce99,Dibakar Mon,5,,excellent mind blowing,0,18.400.9,2026-07-25T20:09:00,,
Clash of Clans,com.supercell.clashofclans,Gaming,45cb7907-3896-43d0-aa43-2c8919261bbf,Hrangao Vemai,5,,great,0,18.400.9,2026-07-25T20:08:46,,
Clash of Clans,com.supercell.clashofclans,Gaming,cb34f4d3-268b-4f33-8e92-0f7127db0bef,Dasun Gimhana,5,,interesting experience and my one of favorite game,0,,2026-07-25T20:07:55,,
Clash of Clans,com.supercell.clashofclans,Gaming,36b3b3a5-5bb6-4e2b-8e9b-5da2ca083baf,Gutal Narzary,5,,best game ever,0,18.400.9,2026-07-25T20:07:10,,
Clash of Clans,com.supercell.clashofclans,Gaming,6844dd60-85e4-400c-b421-9ef79fe0ba18,Johaiver Tesoro,5,,👍,0,18.400.9,2026-07-25T20:06:53,,
Clash of Clans,com.supercell.clashofclans,Gaming,686c9001-50b4-48a6-b156-93b911cdac29,Mark Felipe,3,,Ok,0,18.400.9,2026-07-25T19:52:08,,
Clash of Clans,com.supercell.clashofclans,Gaming,099543aa-c790-4123-8035-0fdb835f17f6,Shrey Mahi,5,,good,0,18.400.9,2026-07-25T19:48:08,,
Clash of Clans,com.supercell.clashofclans,Gaming,1f42390c-091a-480d-861d-da6d19ecfe33,Bon Bon,1,,Game keeps crashing. 3 of my ranked attacks are wasted.,0,18.400.9,2026-07-25T19:47:33,,
Clash of Clans,com.supercell.clashofclans,Gaming,f1bb3928-ee2c-4468-a52a-5e756da21e7d,Youcef Tahiri,5,,The best game👌,0,18.400.9,2026-07-25T19:46:42,,
Clash of Clans,com.supercell.clashofclans,Gaming,91b7ef76-b7ee-4bb2-92ea-54eb982f41cf,Poonam Mamgain,5,,this is the nice game,0,18.400.9,2026-07-25T19:46:20,,
Clash of Clans,com.supercell.clashofclans,Gaming,ef0abd04-853a-43b2-88b6-9944bda9201b,Darren Peter,5,,good game,0,18.400.9,2026-07-25T19:46:14,,
Clash of Clans,com.supercell.clashofclans,Gaming,9333b290-f4c4-47c9-bd87-ff137d7c8f42,Madhu Bala,5,,nice game,0,18.400.9,2026-07-25T19:44:27,,
Clash of Clans,com.supercell.clashofclans,Gaming,dc542952-c2e4-4dc0-9f18-3c0f5d723dff,Ei Thazin Moe,5,,good game,0,18.400.9,2026-07-25T19:42:20,,
Clash of Clans,com.supercell.clashofclans,Gaming,fdfacd79-ac1c-4add-9c95-29e895007743,Kai,5,,good but som.elag issue,0,,2026-07-25T19:36:49,,
Clash of Clans,com.supercell.clashofclans,Gaming,945a278a-bc0b-4c62-b5bb-a6cde2117fc3,Babar Hussain,5,,This game has made me speechless very nice game,0,18.400.9,2026-07-25T19:35:05,,
Clash of Clans,com.supercell.clashofclans,Gaming,c7212d20-68c9-44fd-abf3-d549ae057704,Dylan Vitalecio,5,,it was really good i recommend this to play,0,18.400.9,2026-07-25T19:31:01,,
Clash of Clans,com.supercell.clashofclans,Gaming,d6476f88-6122-4da8-8d63-f13841ea4ca8,Abishek Rai,4,,nice game,0,18.400.9,2026-07-25T19:27:09,,
Clash of Clans,com.supercell.clashofclans,Gaming,2666c98f-6e8d-435d-956d-27576dd33c05,RL XX,5,,lebih seru dari yang dulu 2015. aku min lagi karena iklan di medsos bertebaran. nostalgia yang mantapp👍🏻,0,18.400.9,2026-07-25T19:23:33,,
Clash of Clans,com.supercell.clashofclans,Gaming,2757d8c7-1052-4f21-83a4-8b642aa86115,J mercy violet Mercy violet,5,,my fav entertainment gameeee,0,18.400.9,2026-07-25T19:14:15,,
Clash of Clans,com.supercell.clashofclans,Gaming,b55c4534-afda-4f29-8537-0c49a8cdbbc3,MINHPHUC TRAN,5,,good,0,18.400.9,2026-07-25T19:10:59,,
Clash of Clans,com.supercell.clashofclans,Gaming,08a2ae02-12f4-4c3c-ae55-ea49321ace09,Nadhingopal,5,,it makes my day,0,,2026-07-25T19:10:15,,
Clash of Clans,com.supercell.clashofclans,Gaming,05641414-c76d-4c2f-aef5-6aa83ab8db14,MD Noyon,5,,Nc game,0,,2026-07-25T19:09:56,,
Clash of Clans,com.supercell.clashofclans,Gaming,91d58cfa-7c4f-4c12-ae1d-6cfe651d183b,Promud Singha1234,3,,good but builder base boring,0,18.400.9,2026-07-25T19:08:18,,
Clash of Clans,com.supercell.clashofclans,Gaming,dd04132d-7ae7-441d-a8fe-0dcba2a935d8,Lovish Verma,5,,please return old leages,0,18.400.9,2026-07-25T19:06:37,,
Clash of Clans,com.supercell.clashofclans,Gaming,aa7d58e5-1046-4a4f-9bd7-24ef8cd3ab00,Gunjan Patel,5,,this game is awesome to play and it's interesting by win war again and again. it's good to play.,0,18.400.9,2026-07-25T19:05:57,,
Clash of Clans,com.supercell.clashofclans,Gaming,d2f27f75-d609-4220-8f77-b3ec7ac10c0a,Samiran Rajbongshi,4,,best game ❤️‍🔥💫,0,18.400.9,2026-07-25T19:03:42,,
Clash of Clans,com.supercell.clashofclans,Gaming,5863a2f3-7f55-4aaf-bfbe-5207916f1f33,Dipesh Singh,5,,best game in the world,0,18.400.9,2026-07-25T18:57:02,,
Clash of Clans,com.supercell.clashofclans,Gaming,fe084d98-fb7d-48ad-aaa2-ea5691ce7cec,Ryan Rinmawia,5,,i love it,0,18.400.9,2026-07-25T18:56:23,,
Clash of Clans,com.supercell.clashofclans,Gaming,ea8054de-a496-48aa-a0ad-76a7d04e97f1,Aditya Singh,5,,very interesting game,0,18.400.9,2026-07-25T18:46:30,,
Clash of Clans,com.supercell.clashofclans,Gaming,3e9d210b-acf3-4a2a-9b03-5791286d6089,Anirban Hazra,5,,Good 👍,0,18.400.9,2026-07-25T18:42:10,,
Clash of Clans,com.supercell.clashofclans,Gaming,3aff30df-37ba-445a-b946-90a1070fed5b,Aniruddha Banerjee,5,,I am old player from 2012 and I rejoined. The game is lot easier then it use to be. Thank you I can make for the lost time.,0,,2026-07-25T18:34:09,,
Clash of Clans,com.supercell.clashofclans,Gaming,9d47859e-8c4a-41bb-8c81-afc5c7de7c70,Mukul Singh Parmar,5,,royal game,0,18.400.9,2026-07-25T18:32:42,,
Clash of Clans,com.supercell.clashofclans,Gaming,997a387a-b7f2-4ea8-bf8f-fb00a7b71323,Bhumika Kundra,5,,🧡,0,18.400.9,2026-07-25T18:25:03,,
Clash of Clans,com.supercell.clashofclans,Gaming,6c980a85-c7cb-4bfe-a442-fd70814a391a,Tanvir Rahman,5,,what a memory i can't forget when I used to play but now I just left tha game but still those days are one of my favourite best game ever made😭,0,,2026-07-25T18:21:49,,
Clash of Clans,com.supercell.clashofclans,Gaming,b5798c93-5cb9-4004-af6e-7508f437fc09,Prakash chandra tiwari,5,,this game is fun but it will get boring once you max out but it was fun all these days was fun man,0,18.400.9,2026-07-25T18:12:57,,
Clash of Clans,com.supercell.clashofclans,Gaming,6441568c-dffc-4759-88db-a34c76aaed6f,Dinesh Bhintade,5,,good game love it,0,,2026-07-25T18:09:30,,
Clash of Clans,com.supercell.clashofclans,Gaming,372bfb07-adca-49f6-b1ce-9e5f841002b3,Nicholas Diedrick,5,,❤️❤️❤️,0,,2026-07-25T18:06:01,,
Clash of Clans,com.supercell.clashofclans,Gaming,86fad5e0-1813-4855-9e60-936ddcf24d80,Ininurjana Junudin,1,,"Sangat mengecewakan. Saya sudah beberapa kali melakukan pembelian melalui toko di Clash of Clans, tetapi item yang dibeli sering terlambat masuk ke akun, padahal pembayaran sudah berhasil diproses. Yang paling membuat kecewa adalah layanan pelanggannya. Setiap kali menghubungi mereka, jawabannya selalu sama, yaitu diminta menunggu dan dijanjikan akan segera ditindaklanjuti. Namun, pada kenyataannya penyelesaiannya sering memakan waktu lama tanpa kepastian. Sebagai pelanggan yang sudah membayar,",0,18.400.9,2026-07-25T18:05:38,,
Clash of Clans,com.supercell.clashofclans,Gaming,6c5e0440-bc87-40ea-9013-7ba8cd97dc55,Ali Bahrami,1,,why im disconnecting many many times ????? why you cant solve this problem ???????????? i dont have any connection issue . i tried by 3 diffrent ISP but still same that issue i lost this war and last war just for this repeatable problem if you cant solve it tell ur users so we wont involve to war or war leage or ranks wars,0,18.400.9,2026-07-25T18:00:25,,
Clash of Clans,com.supercell.clashofclans,Gaming,972b13d4-5f18-4fcd-a193-b9574034fbaa,Nizzanan Boruah,5,,i am play this game old year,0,18.400.9,2026-07-25T17:56:41,,
Clash of Clans,com.supercell.clashofclans,Gaming,9e4afc98-3578-4fef-86b5-40f0553810e3,Kian Charles,5,,this game is a banger I love it,0,18.400.9,2026-07-25T17:56:31,,
Clash of Clans,com.supercell.clashofclans,Gaming,190f8645-3820-4790-be46-0af13dea2db4,Judztank,5,,good 👍😊,0,18.400.9,2026-07-25T17:54:56,,
Clash of Clans,com.supercell.clashofclans,Gaming,5f3552e9-570f-4279-9e0e-e9c21c5a0a57,infant raj,5,,good,0,18.400.9,2026-07-25T17:53:41,,
Clash of Clans,com.supercell.clashofclans,Gaming,4ec9aa74-4a24-42d4-9a1a-a9c22e8271e8,PG Bayudan,5,,this game have a mechanics and brain is useful,0,18.400.9,2026-07-25T17:48:35,,
Clash of Clans,com.supercell.clashofclans,Gaming,a78d76ec-7b11-4fef-84c3-a60d84eaea3b,Christian Obi,5,,👍😊,0,18.400.9,2026-07-25T17:40:59,,
Clash of Clans,com.supercell.clashofclans,Gaming,5eb23b2f-acf5-4143-be6a-32c2af8b9392,Mohit Balhra,5,,this game is very nice. we must play this game . this game is very nice from other games. we must have to play this game,0,18.400.9,2026-07-25T17:37:39,,
Clash of Clans,com.supercell.clashofclans,Gaming,887d6f1b-5b8c-433c-a9f0-d2db2d3d1a74,fahim atik,5,,nostalgia hits,0,18.400.9,2026-07-25T17:36:29,,
Clash of Clans,com.supercell.clashofclans,Gaming,7cab506f-342c-4d2e-8968-d2ca4d87e754,Goda Kinjal,5,,"I've been playing Clash of Clans for a long time, and it's still one of the best strategy games ever made. The gameplay is fun, the graphics are excellent, and the regular updates keep the game fresh and exciting. I also love the clan wars, events, and new features that make every season enjoyable. Great job to the developers for continuously improving the game. Highly recommended!",0,,2026-07-25T17:32:35,,
Clash of Clans,com.supercell.clashofclans,Gaming,17ef0399-0a05-4b9e-a814-104846eb1460,Kamla,5,,very good,0,18.400.9,2026-07-25T17:32:05,,
Clash of Clans,com.supercell.clashofclans,Gaming,bb22cef4-78cd-409f-8a1c-fc4fefaa9786,Meliodas Demon,1,,"massive disappointment when I could no longer log into my old account, it says it requires supercell ID and I need to enter my email that binds to it which I did but it says ID not found. Plus there's an IGN name that appeared I didn't make, i was playing back 2016 quitted for a while and then came back 2020 then rested again. Now I have no longer access to it. false ads that tell me I could get back anytime when it can be stolen when I was offline.",0,18.400.9,2026-07-25T17:27:08,,
Clash of Clans,com.supercell.clashofclans,Gaming,40548851-0461-4b44-abfe-d751263b5329,Bottle cap,4,,"can you add option to block players from joining clan again and again even after kicking out because some scammer promote their fake website claiming free gems because I don't want other players to stop joining clan , also please ip ban them scammers",0,,2026-07-25T17:24:18,,
Clash of Clans,com.supercell.clashofclans,Gaming,9281c8f3-2a69-49ca-bb9a-3a00aa18c142,Teshika Niroshani,5,,super game,0,,2026-07-25T17:20:48,,
Clash of Clans,com.supercell.clashofclans,Gaming,3e541d4c-ddc4-444b-8df5-abb77ed53d11,Laogga Bhai,5,,i play coc 2017 good game,0,18.400.9,2026-07-25T17:20:15,,
Clash of Clans,com.supercell.clashofclans,Gaming,c1177ec3-c866-4a47-9f9f-4b629df2eeea,Reyven Sarian,5,,nag maya't grabe nem parigat nga pirigat nem mayat ag dawlood kayun guyss nag maya't promise,0,18.367.1,2026-07-25T17:18:53,,
Clash of Clans,com.supercell.clashofclans,Gaming,8303e7b2-41ea-456f-910a-0337e5c98b1c,Oskar Mathias Langballe Madsen,5,,This game is so addicting,0,18.400.9,2026-07-25T17:10:51,,
Clash of Clans,com.supercell.clashofclans,Gaming,a4ffe72f-501a-47dd-b364-accd45deb6ee,Green Village,5,,it's a wonderful game i ever played,0,,2026-07-25T17:08:01,,
Clash of Clans,com.supercell.clashofclans,Gaming,32cd689f-9fa9-4c63-9043-e9233fa427d3,ballerplayzz,5,,good game fr i don't wanna give an essay so yeah,0,,2026-07-25T17:03:16,,
Clash of Clans,com.supercell.clashofclans,Gaming,39922ad9-afad-4962-a28b-bfa16ff92fe4,Priya 1297,5,,best game,0,18.400.9,2026-07-25T17:02:44,,
Clash of Clans,com.supercell.clashofclans,Gaming,9ad2f4cf-c267-494f-b1c6-86a8ca45a37c,Achelles Bolos,5,,it's very addicting,0,18.400.9,2026-07-25T17:01:17,,
Clash of Clans,com.supercell.clashofclans,Gaming,17ee036e-847a-4b59-aaf9-68037af7ca20,SL PIXEL DOT COM,5,,worst game just kidding 😂,0,18.400.9,2026-07-25T17:00:18,,
Clash of Clans,com.supercell.clashofclans,Gaming,710fa6e1-9e84-4270-8cc3-e1c2831f8718,Jhon Freed,5,,this game is funny and lest make your thinking about strategy,0,18.400.9,2026-07-25T16:58:29,,
Clash of Clans,com.supercell.clashofclans,Gaming,11fd7df3-90ac-4803-8215-0bbcd3a9f6c1,Itadori,5,,amazing,0,18.400.9,2026-07-25T16:56:31,,
Clash of Clans,com.supercell.clashofclans,Gaming,b4d496dd-8944-4bb8-9c19-8ab4aa1b370c,sudip saha,1,,bad game,0,18.400.9,2026-07-25T16:56:11,,
Clash of Clans,com.supercell.clashofclans,Gaming,422c726b-45cf-49a4-a2fa-e470c9740e8e,Js Jaman,5,,nice games,0,18.400.9,2026-07-25T16:55:58,,
Clash of Clans,com.supercell.clashofclans,Gaming,c938f102-80c6-4a11-ab03-6e07bb4b9e18,Imrul Kayesh,5,,Greatest game of all time,0,18.400.9,2026-07-25T16:53:45,,
Clash of Clans,com.supercell.clashofclans,Gaming,7bc42812-bc2e-47fc-9903-a6b42a198170,Jeta,5,,i dont even really need to give my opinion cus it don't matter,0,18.400.9,2026-07-25T16:50:06,,
Clash of Clans,com.supercell.clashofclans,Gaming,86c9a353-d8db-4749-829c-46e799268d90,Harshit Kanzariya (HMK),5,,very nice peaceful game 😎🎯,0,18.400.9,2026-07-25T16:49:14,,
Clash of Clans,com.supercell.clashofclans,Gaming,61ecc11d-dcfd-4156-81bb-ee45e75b251f,Arabul Islam,5,,Nice Game,0,18.400.9,2026-07-25T16:45:19,,
Clash of Clans,com.supercell.clashofclans,Gaming,2d25312f-2b59-4cf3-9d54-8afddeae7500,Lebron Jade Belmonte,5,,"just came back at this game and it still good,keep it up supercell",0,18.400.9,2026-07-25T16:44:50,,
Clash of Clans,com.supercell.clashofclans,Gaming,99656ef9-dacb-4ec5-a509-ef5b6ee7de7e,Fahim Hossain,5,,very good game i love it,0,18.400.9,2026-07-25T16:39:25,,
Clash of Clans,com.supercell.clashofclans,Gaming,f1054d53-75d7-4eec-9920-d88a245707ec,Donovan Catalogo,5,,"This game is one of the best of the best.(Please put more practices and cookbook,I dont want to rely heavily on my dragons).It's worth the wait.Teaches you the game.",0,18.400.9,2026-07-25T16:38:26,,
Clash of Clans,com.supercell.clashofclans,Gaming,e1f43262-eea2-42b9-a481-36630feaa7f6,Adam Razak,4,,how can i log in on facebook?,0,,2026-07-25T16:33:47,,
Clash of Clans,com.supercell.clashofclans,Gaming,d9bd30b5-be48-4330-be4c-564003e590cf,Arad Slhnia,5,,if you wanna finish this game then you have grow up with it,0,18.400.9,2026-07-25T16:13:49,,
Clash of Clans,com.supercell.clashofclans,Gaming,b52ba06b-9141-435a-97d7-d5d71d432728,prerana patil,5,,good game,0,18.400.9,2026-07-25T16:13:39,,
Clash of Clans,com.supercell.clashofclans,Gaming,19dd80b2-b72f-4ad6-af91-8faa016990ff,Kenan Hbeb,5,,افضل لعبة استراتيجية في التاريخ The goat,6,18.400.9,2026-07-25T16:13:16,,
Clash of Clans,com.supercell.clashofclans,Gaming,2b9d7ae3-c9d8-482f-858e-627580b1dc56,Bhone lin Khant,5,,good,0,18.400.9,2026-07-25T15:56:08,,
Clash of Clans,com.supercell.clashofclans,Gaming,b7a36ba0-a326-47dc-a023-e8bd1ad5a475,Koundinyasa Tech,5,,good,0,18.400.9,2026-07-25T15:54:35,,
Clash of Clans,com.supercell.clashofclans,Gaming,039863e9-ad58-48eb-af3d-20ecfd7ff967,Rechard Boyer,5,,very easy to play nice and excellent,0,18.400.9,2026-07-25T15:54:12,,
Clash of Clans,com.supercell.clashofclans,Gaming,d3780e67-583f-44e8-addf-448cb8008a0c,02_BintangSandiHakiki,5,,good,0,18.400.9,2026-07-25T15:53:54,,
Clash of Clans,com.supercell.clashofclans,Gaming,ecc679be-a945-4b44-a24d-3c97246fda36,Peter,5,,هذه العبه إدمان جميله جدا,0,18.400.9,2026-07-25T15:50:33,,
Clash of Clans,com.supercell.clashofclans,Gaming,5d79bd0b-b07f-4476-8258-0107add39c6b,Raghav Barge,5,,It is one of my favourite games this is the best game I have ever had. I was talking about this game and then my friend also downloaded it that's it so words to describe this.💥💥💥,0,18.400.9,2026-07-25T15:49:12,,
Clash of Clans,com.supercell.clashofclans,Gaming,56d49ade-0b5b-4889-ae73-f2f0a806f8bc,Chilli,5,,"10/10 game; one of the classics. It was already good before, but the addition of events and the devs listening to player feedback made it even better.",0,18.400.9,2026-07-25T15:44:26,,
Clash of Clans,com.supercell.clashofclans,Gaming,006102d3-2ce0-4258-ab8a-27fd9e2b991d,Kartik Khandare,4,,👌👌👌,0,18.400.9,2026-07-25T15:41:20,,
Clash of Clans,com.supercell.clashofclans,Gaming,556c0b70-d536-4759-85f0-8ff36cea8e51,Karthik Balaraman,5,,really so good,0,18.400.9,2026-07-25T15:36:28,,
Clash of Clans,com.supercell.clashofclans,Gaming,8ed0d560-cacb-4330-926e-46af7c55958e,AK1RA,5,,really good game for mobile,0,18.400.9,2026-07-25T15:36:10,,
Clash of Clans,com.supercell.clashofclans,Gaming,cc112cdc-7b37-4938-98f0-34122f046613,Muhammad Ali,5,,wow,0,18.400.9,2026-07-25T15:33:57,,
Clash of Clans,com.supercell.clashofclans,Gaming,c3d26949-2c2e-4211-bcf4-e2168786e500,Ali Naderi,5,,nostalgia game,0,18.400.9,2026-07-25T15:33:07,,
Clash of Clans,com.supercell.clashofclans,Gaming,6bccca98-a4ea-48a0-b6ae-08150da51afa,Hasina Ashrafi,5,,It's amazing 🤩 and fun 😊,0,18.400.9,2026-07-25T15:23:08,,
Clash of Clans,com.supercell.clashofclans,Gaming,96a28665-a0cd-4609-9ccd-1939fae7d1af,Gg Mm,5,,❤❤,0,18.400.9,2026-07-25T15:22:56,,
Clash of Clans,com.supercell.clashofclans,Gaming,9ab983b3-4931-4ca1-9012-2f2406249331,Saleema Banu,5,,good,0,18.400.9,2026-07-25T15:22:49,,
Clash of Clans,com.supercell.clashofclans,Gaming,dcbd6617-33c8-4b50-802c-e6b3a81c4691,Manjul Mayank Pandey,5,,Very very very fantastic game i love it best game love you coc,0,18.400.9,2026-07-25T15:21:43,,
Clash of Clans,com.supercell.clashofclans,Gaming,ae6a799b-11dd-47ec-8e61-c2fd11283eb8,Vaibhav Lingayat,5,,I'm planning COC form 6th std and now I'm in MBA what a game yr 👏,0,18.400.9,2026-07-25T15:13:00,,
Clash of Clans,com.supercell.clashofclans,Gaming,5e2e5454-6ce1-4d20-ab45-634aaff92320,ayan chowdhury arpon,5,,best,0,18.400.9,2026-07-25T15:11:08,,
Clash of Clans,com.supercell.clashofclans,Gaming,262b496d-8501-4fb8-89d6-795672c35e63,Siyam Islam,5,,the perfect good game 🎯,0,18.400.9,2026-07-25T15:09:09,,
Clash of Clans,com.supercell.clashofclans,Gaming,30abd180-3566-4dec-9c2c-1139a408485f,A Google user,1,,I LOVE COC,0,16.654.16,2026-07-25T14:59:24,,
Clash of Clans,com.supercell.clashofclans,Gaming,611e32e5-e79d-44d6-8aef-1cb85af1cac7,Manoj Patel,5,,bohat backwas game hai,0,18.400.9,2026-07-25T14:43:45,,
Clash of Clans,com.supercell.clashofclans,Gaming,bf0f2b10-0958-4bad-9f01-95c42a4f7ecb,Humayun Kobir Talukdar,5,,good Game,0,18.400.9,2026-07-25T14:39:58,,
Clash of Clans,com.supercell.clashofclans,Gaming,7cbfc4c3-c3e3-48d3-8962-ee06d0686e83,Alan Thomas,5,,one of the best game ever,0,18.400.9,2026-07-25T14:33:14,,
Clash of Clans,com.supercell.clashofclans,Gaming,a0964ed4-bdb3-4be9-88ed-070ebd4cd8a3,Paramita Majumder,5,,I love it,0,,2026-07-25T14:31:11,,
Clash of Clans,com.supercell.clashofclans,Gaming,b5b6dd9d-89a9-41fe-9d78-dd33b8eefe59,Dipu Thakur,5,,best,0,18.400.9,2026-07-25T14:30:35,,
Clash of Clans,com.supercell.clashofclans,Gaming,07d47ee1-0b11-47d3-90be-f2d7927189c1,Dulex Gaming,5,,intresting,0,,2026-07-25T14:30:26,,
Clash of Clans,com.supercell.clashofclans,Gaming,121ae5e3-315d-4ca1-a178-ee1ef28cd82b,Harshit,5,,world bestest game.you never get bored from this game many games come and go but this game never get old,0,15.547.8,2026-07-25T14:28:50,,
Clash of Clans,com.supercell.clashofclans,Gaming,053ecb0c-eed2-4c4f-b167-285ff681c746,sintmikhail castillo,5,,cool,0,18.400.9,2026-07-25T14:27:29,,
Clash of Clans,com.supercell.clashofclans,Gaming,f92fb096-7a7a-4bba-a302-c45068218c02,Amanj Abdollahi,5,,عشقه,0,18.400.9,2026-07-25T14:27:03,,
Clash of Clans,com.supercell.clashofclans,Gaming,b63df4a5-11e9-4c07-9035-e700993edd51,Optical Illusion.,5,,fun.,0,,2026-07-25T14:25:19,,
Clash of Clans,com.supercell.clashofclans,Gaming,93e5b49c-ea93-4fdf-8334-230376f46dad,Delapena Delapena,5,,Ok,0,,2026-07-25T14:21:37,,
Clash of Clans,com.supercell.clashofclans,Gaming,844dc1de-9235-4e20-8c52-663c8e1c52d0,Shuresh Ishan,4,,good job,0,18.400.9,2026-07-25T14:15:26,,
Clash of Clans,com.supercell.clashofclans,Gaming,b21c2e56-11e3-46d7-aa7e-e3fa7a4509e6,Mesbah Shahriar Sawon,4,,Awesome game,0,18.400.9,2026-07-25T14:06:11,,
Clash of Clans,com.supercell.clashofclans,Gaming,39c5b12d-1777-4cc1-b4dc-6ac5e76e5a66,Alex Fairhurst,5,,good,0,18.400.9,2026-07-25T14:02:12,,
Clash of Clans,com.supercell.clashofclans,Gaming,a9748f4b-ce35-4743-984d-7f690eab4a40,ali ghorbani,5,,"I mean I have nothing to say this game is a masterpeice. Everything in CoC is rational and cool. Maybe a lot of people say this game is boring, it makes us tired and such things, but by far this game is one of bests.",0,18.400.9,2026-07-25T13:59:23,,
Clash of Clans,com.supercell.clashofclans,Gaming,c963112b-41a8-41ee-a5f1-ee09e3480f5e,ALEXANDER PAREDES,5,,it is fun the game is quite addicted,0,18.400.9,2026-07-25T13:56:03,,
Clash of Clans,com.supercell.clashofclans,Gaming,448041de-132a-40c6-bcb6-c79c85f64fe1,Techi Zolin,5,,game is great,0,18.400.9,2026-07-25T13:55:43,,
Clash of Clans,com.supercell.clashofclans,Gaming,880d89f6-c280-4f91-a69f-d57d917266a7,Devesh Kholiya,5,,good,0,18.400.9,2026-07-25T13:51:21,,
Clash of Clans,com.supercell.clashofclans,Gaming,60bf71fc-2220-4722-869e-5a49b8f5e775,Tensura Gura,1,,why my coc is keeps closing FIX IT!!PLSSS!!,0,,2026-07-25T13:46:23,,
Clash of Clans,com.supercell.clashofclans,Gaming,8097dd28-21a3-4235-a3d7-06ec60c79eb2,Tushar Vishwakarma 0023,4,,very nice 🫡🫡,0,,2026-07-25T13:46:08,,
Clash of Clans,com.supercell.clashofclans,Gaming,8afc7eb2-e746-4da3-a3d1-e704a1cdf345,S Anand,5,,best game but so boring,0,18.400.9,2026-07-25T13:36:35,,
Clash of Clans,com.supercell.clashofclans,Gaming,5b7e58d7-da31-4347-9f35-21ad6725246c,Thiyumi Ranasinghe,5,,good game very satisfying,0,,2026-07-25T13:26:31,,
Clash of Clans,com.supercell.clashofclans,Gaming,239b7ed7-168d-443d-94c8-323fadf1c638,Kabak Kado,4,,coc is really a good game i like to play,0,18.400.9,2026-07-25T13:25:16,,
Clash of Clans,com.supercell.clashofclans,Gaming,6dbb3d75-8d12-45a4-ae26-737b691962b3,Arnav Bhalerao,5,,best game I ever played,0,18.400.9,2026-07-25T13:23:46,,
Clash of Clans,com.supercell.clashofclans,Gaming,3691d94a-ae3e-411c-ab82-fc9b6bb3bd8e,SEEMA Rani,5,,very amazing game bcz i ahve watched many manhwas meand red them of startegic player and i wanted to control player and build base now i hsave it,0,18.400.9,2026-07-25T13:23:09,,
Clash of Clans,com.supercell.clashofclans,Gaming,f0ee7a2f-5e41-418e-8a25-90e87e6e939d,Puja Saha,1,,"SUPERCELL WHY AREN'T YOU MAKING THE AI OF HEROS,TROOPS AND PETS BETTER. Look in a attack I breaked the walls of my opponent by using earthquake spell but the heros didn't attacked the townhall like bro the town hall is next them but.. no they will only attack other things Supercell your dumb",0,18.400.9,2026-07-25T13:18:47,,
Clash of Clans,com.supercell.clashofclans,Gaming,fdaa5989-5ed0-4aee-b674-5af62fa0ca77,Cristian Tomas,1,,I can't receive a code.,0,,2026-07-25T13:16:12,,
Clash of Clans,com.supercell.clashofclans,Gaming,fac5adce-bac4-4f2e-ab28-6e7084d160f5,Bexruzbek Yusufboyev,5,,best game best game,0,18.400.9,2026-07-25T13:15:54,,
Clash of Clans,com.supercell.clashofclans,Gaming,29c03ab7-5757-4cac-b04d-4ff5f0bd3d84,Jason Suante,5,,"I have played COC for the second time. I miss my previous account. i recommend it for Teenagers, a smooth and energetic game.",0,18.400.9,2026-07-25T13:13:14,,
Clash of Clans,com.supercell.clashofclans,Gaming,0358db82-a2d6-4225-b7cc-18ac871fde04,Hopes Alive,5,,ok,0,18.400.9,2026-07-25T12:54:53,,
Clash of Clans,com.supercell.clashofclans,Gaming,6b3af0a7-833b-436c-a4a8-8a37b854c9a9,Aswathy Rahul,5,,father of all games,0,,2026-07-25T12:52:10,,
Clash of Clans,com.supercell.clashofclans,Gaming,3654891b-78e3-4759-8280-3267ce1f125f,Dhiraj Suvarna,5,,wonderful time,0,,2026-07-25T12:52:05,,
Clash of Clans,com.supercell.clashofclans,Gaming,86978d6c-42fa-4824-b001-59f2db1521a8,KARAN MAKVANA,4,,BEST GAME,0,18.400.9,2026-07-25T12:46:07,,
Clash of Clans,com.supercell.clashofclans,Gaming,59c4597b-5422-430d-83a7-bdc8471920e7,Sabyr Quanyshbek,5,,әлемдегі ең күшті ойын,0,18.400.9,2026-07-25T12:44:25,,
Clash of Clans,com.supercell.clashofclans,Gaming,536f17dc-e0bf-43f8-8a2c-3e7381c865ae,Manfredo Weber,5,,"actually one of the best games out there, great support. heavily based on farming and basebuiling... negative customer AI support isnt able to help out with ingame problems. hero hall journey got some issues. waiting for the RC skin for weeks ._.",10,18.400.9,2026-07-25T12:26:47,,
Clash of Clans,com.supercell.clashofclans,Gaming,1054ff69-02cf-4315-a904-d67a836e8dc6,Freddy Joju,5,,ultra super game i loveed it it is so nice,0,18.400.9,2026-07-25T12:16:00,,
Clash of Clans,com.supercell.clashofclans,Gaming,4c01d078-4a23-4201-b10c-0e1478f4aa68,Mahdi Oro,5,,nic,0,18.400.9,2026-07-25T12:13:21,,
Clash of Clans,com.supercell.clashofclans,Gaming,a522d702-ec7f-48e5-b269-9d5f1008e025,md. abdul momen sharkar ripon,5,,this game is very exciting and enjoyable to me,0,,2026-07-25T12:04:32,,
Clash of Clans,com.supercell.clashofclans,Gaming,1debff9c-914d-4c40-8adf-9bdddb730a0c,Sanket Shinde,5,,nice and best game i have played ever,0,18.400.9,2026-07-25T12:02:40,,
Clash of Clans,com.supercell.clashofclans,Gaming,6d23d8fa-aa6e-4533-b7a2-7f0ac25dfb2e,Michael Feroz,5,,good,0,,2026-07-25T11:54:51,,
Clash of Clans,com.supercell.clashofclans,Gaming,dfe994d8-8eda-4b2c-88f9-0411f5864268,Willan Garyson (wyp),5,,great game,0,18.400.9,2026-07-25T11:51:41,,
Clash of Clans,com.supercell.clashofclans,Gaming,4e128a5a-9c03-4d01-b0a3-2b8d8c5f0479,Vivek Singh,5,,The game is a very good game and it is fun to play this game and it is very fun to increase the town hall in this game and it is very interesting and the heart becomes happy after playing this game.,0,15.352.6,2026-07-25T11:47:27,,
Clash of Clans,com.supercell.clashofclans,Gaming,87a8eb1b-19a1-4a1b-a75b-92f7b2ed2a8b,Ravi Nayak,5,,nice,0,18.400.9,2026-07-25T11:46:51,,
Clash of Clans,com.supercell.clashofclans,Gaming,10b635c1-b02f-4704-acb9-f6ffb0e3f8de,sishir rai,5,,Perfect time pass and entertaining! Learning many new things that can be implemented in real life too.,0,18.400.9,2026-07-25T11:43:07,,
Clash of Clans,com.supercell.clashofclans,Gaming,1df4d26c-a132-49c4-8cdd-ffa1ebab5ed6,Avyaan,4,,I have 1 issue. so yesterday I brought year of snake scenery and I noticed some errors. not only the quality of the scenery isn't that good on some parts and blurry . but on the lower part at the right side of the snake holding our base is a error line going all the way to the down and also there are pixels around too like in squares. please fix this. quality is okay but please fix pixels. otherwise it's an op scenery. just pixels please.,0,,2026-07-25T11:33:03,,
Clash of Clans,com.supercell.clashofclans,Gaming,c1614adc-63a5-44a8-b66a-c9fcb6f24f1c,Patricia Ruby Malabay,5,,It's fun!,0,18.400.9,2026-07-25T11:32:39,,
Clash of Clans,com.supercell.clashofclans,Gaming,dd349130-6e6a-40f7-a3c5-52f36852372f,Arif Rabbany,5,,Better,0,18.400.9,2026-07-25T11:28:55,,
Clash of Clans,com.supercell.clashofclans,Gaming,e3f09a73-3fdf-404b-982d-a6595f9c2c0b,Magsayo Jhon,5,,Best strategy game of all time.,0,18.400.9,2026-07-25T11:28:11,,
Clash of Clans,com.supercell.clashofclans,Gaming,f86facd0-03fb-4a01-b2df-66533af4bb99,ABU HURAIRA,5,,"When I play games over wifi, the network is not consuming much. But when I turn on the SIM network, it consumes one to two MB of network.",0,18.400.9,2026-07-25T11:16:44,,
Clash of Clans,com.supercell.clashofclans,Gaming,d36d6cb0-540f-4550-b3b8-e77dce9dbf89,Md Siraj,3,,good,0,18.400.9,2026-07-25T11:08:47,,
Clash of Clans,com.supercell.clashofclans,Gaming,7974baa9-8808-4c05-9c2c-e596312016ce,Sahil Diwan,5,,😮‍💨😮‍💨finally coc give me my old account,0,18.400.9,2026-07-25T11:02:04,,
Clash of Clans,com.supercell.clashofclans,Gaming,a504538f-640e-4120-85b1-bfc932f3d6ac,Muhd Aqil,5,,best strategy game ever,0,18.400.9,2026-07-25T11:00:03,,
Clash of Clans,com.supercell.clashofclans,Gaming,83edb6f0-eb9e-446c-87bf-bf0481d65e84,L McClure,5,,GOOD I mean so GOOD PRO BED Sleep/ASA/ASMR GAS---GARRISON MichAel --PAYNE_12 0 POO PRO,0,,2026-07-25T10:54:51,,
Clash of Clans,com.supercell.clashofclans,Gaming,ea7c1b99-6980-4a58-a4f5-eca833283681,Najia Sediqi,5,,Good game,0,,2026-07-25T10:46:01,,
Clash of Clans,com.supercell.clashofclans,Gaming,540bdcc8-b03b-41ef-a03d-8b53775a647f,Doom,1,,bro stop with the ads goddamit,0,17.477.9,2026-07-25T10:44:32,,
Clash of Clans,com.supercell.clashofclans,Gaming,b4624bae-1244-45bd-a481-1503dc9ff94b,Vineetaaswal2015@gmail.com Aswal,5,,"the best game i have ever played,there are battles,clan wars,ubgrades and a bond with own base",0,18.400.9,2026-07-25T10:44:25,,
Clash of Clans,com.supercell.clashofclans,Gaming,967bf7a1-eafa-4537-aacc-cc8938d52785,Naushad,5,,best game,0,18.400.9,2026-07-25T10:42:53,,
Clash of Clans,com.supercell.clashofclans,Gaming,35f9f17c-2402-42bd-a6fc-3685e98e0204,Nakul Jadhav,5,,nice game,0,,2026-07-25T10:36:38,,
Clash of Clans,com.supercell.clashofclans,Gaming,dbc20b69-9682-4189-bacf-fadccd64016b,Thoithoi Laishram,4,,play 100000000 people in this COMPUTER GAME ✌️,0,18.400.9,2026-07-25T10:33:08,,
Clash of Clans,com.supercell.clashofclans,Gaming,7f111543-1353-49fc-b040-bd011bd8e712,Esther K,2,,cannot select challenges in clan games. please fix.,0,18.400.9,2026-07-25T10:20:07,,
Clash of Clans,com.supercell.clashofclans,Gaming,91605d2d-721e-4219-b92a-f5151d770f02,Tanush Deka,5,,"great game the, Gen Zs werE right. 1st i thought this game is just hype but when I finally played it. it was absolutely fun.",0,18.400.9,2026-07-25T10:19:09,,
Clash of Clans,com.supercell.clashofclans,Gaming,d1041610-2a13-4428-bef3-05bee4273b00,Wild Phoenix,1,,"i have seen coc adding scenaries content inclusive to western people. also, towards eastern people. clash of clans provides scenarios for dragons sacred to chinese culture. adds sceneries depicting Christmas sacred to christianity . Clash has estimated 800,000 plus players from India . why not add a scenary relevant and sacred to us as well. Please be inclusive towards all cultures if you are gonna add symbolism from the world",0,,2026-07-25T10:17:02,,
Clash of Clans,com.supercell.clashofclans,Gaming,90ac441a-bc61-4af5-a6b4-9cfd9d720deb,Mohd Farhan,5,,Good game,0,18.400.9,2026-07-25T10:16:47,,
Clash of Clans,com.supercell.clashofclans,Gaming,f767a9f9-f773-4fd6-b7df-efa724258263,Akizha Manansala,5,,ok,0,18.400.9,2026-07-25T10:13:59,,
Clash of Clans,com.supercell.clashofclans,Gaming,3b196f39-5d4f-4999-975e-755df6ab51fc,Ivan Krylov,5,,Nice 👍,0,,2026-07-25T10:13:32,,
Clash of Clans,com.supercell.clashofclans,Gaming,48dec392-d056-4dde-a47a-fc927e0dee7a,moon Light,5,,"Clash of Clans is one of the best strategy games I've ever played. The gameplay is fun, the graphics are amazing, and the regular updates keep the game exciting. I really enjoy building my village, joining clan wars, and playing with friends. Thank you, Supercell, for creating such an incredible game. Highly recommended!",0,18.400.9,2026-07-25T10:09:10,,
Clash of Clans,com.supercell.clashofclans,Gaming,8b5ae51a-fff0-47ea-891f-13822e96ec2c,AYUSH Kumar,4,,it's too good,0,18.400.9,2026-07-25T09:59:30,,
Clash of Clans,com.supercell.clashofclans,Gaming,89395fa7-84d0-4c07-9f72-202cd350efff,Adhikshit Mishra,4,,the game is good but there is too much to level up,0,18.400.9,2026-07-25T09:50:18,,
Clash of Clans,com.supercell.clashofclans,Gaming,f5aa02bc-e787-4d99-a7d5-a8221f9c30cd,Kian pangilinan,5,,nc game bro,0,18.400.9,2026-07-25T09:46:45,,
Clash of Clans,com.supercell.clashofclans,Gaming,47de84db-a273-4bc7-a37e-ea7438e88836,Grikkam Sangma,5,,😍,0,18.400.9,2026-07-25T09:46:44,,
Clash of Clans,com.supercell.clashofclans,Gaming,0673159f-df55-42e6-ad74-cac4742b7ae9,Sultan Hasan,5,,Addictive,0,18.400.9,2026-07-25T09:45:19,,
Clash of Clans,com.supercell.clashofclans,Gaming,4d0e2398-99b6-4d65-b63c-fa0b8ffce632,Bagas,5,,best,0,18.400.9,2026-07-25T09:39:54,,
Clash of Clans,com.supercell.clashofclans,Gaming,37f190de-e1a7-489a-b305-551d55ab6087,Ailene Mae Guerrero,5,,Fun Game.,0,,2026-07-25T09:35:58,,
Clash of Clans,com.supercell.clashofclans,Gaming,9debbc9e-cb31-4f62-9304-05c8972c1dcc,Karan Amale,4,,nice game,0,18.400.9,2026-07-25T09:32:40,,
Clash of Clans,com.supercell.clashofclans,Gaming,bbd9f047-ed4e-4b0d-b22c-acf105fe8c7d,Jaylatta Chakravarti,5,,The only game i never uninstalled from my phone.,0,18.400.9,2026-07-25T09:28:08,,
Clash of Clans,com.supercell.clashofclans,Gaming,fd0137b7-afb8-40d0-a397-3b4fe15287e2,Mugi Mugilan j,4,,nice,0,18.400.9,2026-07-25T09:23:48,,
Clash of Clans,com.supercell.clashofclans,Gaming,6d8504e1-8029-4482-92a5-ccf86221144d,John Sun,5,,overall i love this game fun to play the upgrades take long tho and but i still like the base building strats and,0,18.400.9,2026-07-25T09:14:36,,
Clash of Clans,com.supercell.clashofclans,Gaming,6540ec9e-6876-41d2-a0df-6ee5cdd0fac2,BALASUBRAMANIAM LAKSHMANAN,5,,ok great game from my opinion,0,18.400.9,2026-07-25T09:07:37,,
Clash of Clans,com.supercell.clashofclans,Gaming,8a92f21f-fe68-414d-8758-8dadfd27ceb6,Cristan Camilon,4,,Please bring back the Eagle Artillery for town hall 17 and 18,0,18.400.9,2026-07-25T09:04:33,,
Clash of Clans,com.supercell.clashofclans,Gaming,0dddf733-f748-46ad-922a-32db430124a0,Shaikh Sanur,5,,Awesome,0,18.400.9,2026-07-25T09:02:17,,
Clash of Clans,com.supercell.clashofclans,Gaming,1e43d850-ba4d-45ea-b53b-99faa90c35bc,Aman Mishra,5,,one of my fev game🎮,0,18.400.9,2026-07-25T09:02:01,,
Clash of Clans,com.supercell.clashofclans,Gaming,b852ed9c-1bc4-4b55-8343-71ef2eea8aea,LINTU MANI BANIK,5,,super duper game,0,18.400.9,2026-07-25T08:59:19,,
Clash of Clans,com.supercell.clashofclans,Gaming,d00999bb-46b6-4350-981e-68915128d467,Marlon Johnmarlon,5,,no lag,0,18.400.9,2026-07-25T08:51:35,,
Clash of Clans,com.supercell.clashofclans,Gaming,ed6ba007-2f15-4ed4-aaf8-8516c8c7b884,Harsh793XD,1,,"I upgraded my heroes. Archer Queen's epic equipment chest was next. After I came back, it was showing the quest had expired already. Even though I returned after less than 24 hours, it already expired?? The upgrade was 14 hours long. Uninstalled the game instantly.",0,,2026-07-25T08:29:13,,
Clash of Clans,com.supercell.clashofclans,Gaming,ea49cd81-0f2f-49d2-a56f-792f1aa14c62,Jwosrang Basumatary,4,,game is nice but login problem,0,18.400.9,2026-07-25T08:26:35,,
Clash of Clans,com.supercell.clashofclans,Gaming,20f992c9-dab7-421f-bf37-d2fe102d2642,Mel Vin,1,,"recently i upgraded to th 17 man it's now even strong like th 16 , it's waste to downgrade th17, even th13 can spam 3 star my base. u guys should bring some changes to th17",0,18.400.9,2026-07-25T08:20:21,,
Clash of Clans,com.supercell.clashofclans,Gaming,64b4749c-3ce0-46c9-949e-c81da647fc83,Buddha laxmi Tmg,5,,good game,0,18.400.9,2026-07-25T08:11:55,,
Clash of Clans,com.supercell.clashofclans,Gaming,fc5ea4f6-1b01-4479-8c89-acc35065d1c2,Chethan Gowda,1,,Bgmi is coming time to uninstall,0,18.400.9,2026-07-25T07:47:11,,
Clash of Clans,com.supercell.clashofclans,Gaming,78395da1-6263-4635-b978-e1d30e5443bc,Roselito Alcoriza,1,,app cannot run properly. even i download in goggle. what is the common problem to this..,0,18.400.9,2026-07-25T07:44:06,,
Clash of Clans,com.supercell.clashofclans,Gaming,b558ae6d-ba19-46a6-bafd-f51cf239e3c4,lucha prosanto,5,,I love this game,0,18.400.9,2026-07-25T07:26:04,,
Clash of Clans,com.supercell.clashofclans,Gaming,9ee915ee-928c-47b4-b1f3-2ab380e9bd02,Purabi Baidya,5,,🥰💗,0,18.400.9,2026-07-25T07:10:14,,
Clash of Clans,com.supercell.clashofclans,Gaming,0c4052f8-873f-4c32-b461-7a9750804b14,Rajkumar Thakur,5,,nice game,0,18.400.9,2026-07-25T07:08:12,,
Clash of Clans,com.supercell.clashofclans,Gaming,d3f560d2-2b5b-4839-a9aa-1d6d40ed6bf6,PRAYAG BHALANI,5,,best base and battle game,0,18.400.9,2026-07-25T06:15:08,,
Clash of Clans,com.supercell.clashofclans,Gaming,5eaa4136-1c3f-4362-9543-7ddba8630811,Miguel Lemuz Rocha,5,,"I've played the game for about 11 years already and I'm pretty happy with all of the new editions they've done to it. it makes the game a lot more fun, I hope it keeps improving good job so far supercell.",0,18.400.9,2026-07-25T06:04:27,,
Clash of Clans,com.supercell.clashofclans,Gaming,071671e2-5057-41d3-8c04-cc828d163e38,Crow Bar,1,,"I tried accessing my account from years ago and it has been deleted. Thanks for the memories Supercell. You deleted one of my souvenirs from my first job. TH 9 from year 2016 btw, i will never forget this. PS: Is the Builder Base owned by another company? It never gets a boost or event while the home base events never stops!",0,18.400.9,2026-07-25T05:53:14,,
Clash of Clans,com.supercell.clashofclans,Gaming,da4efef6-a019-49b0-90f4-3ca86ca5d206,"PARDILLLA, Glin Jake C .",5,,"nice game, very stress reliever",0,18.400.9,2026-07-25T05:50:57,,
Clash of Clans,com.supercell.clashofclans,Gaming,f0477854-803d-495f-856f-a031561663f3,Sakawat Kabir,5,,old base,0,18.400.9,2026-07-25T05:27:05,,
Clash of Clans,com.supercell.clashofclans,Gaming,a288ea75-8969-49f7-89ae-93764d6c6e08,Najmul Shams,5,,good game,0,18.400.9,2026-07-25T05:16:59,,
Clash of Clans,com.supercell.clashofclans,Gaming,8a05f758-6f5e-44bc-85e2-cd2e12ae4cec,Ch Ea,5,,my childhood,0,18.400.9,2026-07-25T05:03:44,,
Clash of Clans,com.supercell.clashofclans,Gaming,e2556c2f-5900-48ab-b869-fcabc5f6caab,samsudin ishak,5,,Best giler,0,18.400.9,2026-07-25T05:01:42,,
Clash of Clans,com.supercell.clashofclans,Gaming,f4af4cec-8652-4a5c-9da0-e0c7a46c4130,Umma Rabiu,5,,Usman (legend),0,18.400.9,2026-07-25T05:00:12,,
Clash of Clans,com.supercell.clashofclans,Gaming,e663a6a1-1b5a-46c5-8128-06008a345daf,Jade Abcede,5,,it's my all time favorite game,0,18.400.9,2026-07-25T04:59:20,,
Clash of Clans,com.supercell.clashofclans,Gaming,9cf9dd0a-c9e8-4651-80c7-b978a18620f0,Isaac Foster,2,,Love the event and game play but this game have so many bugs and still doesn't fix,0,18.400.9,2026-07-25T04:10:09,,
Clash of Clans,com.supercell.clashofclans,Gaming,66268cac-6ded-46c6-b97b-dcae978c293f,Zarriz Keans,5,,I've been playing this game since i was in high school. love this game.,0,18.400.9,2026-07-25T04:09:03,,
Clash of Clans,com.supercell.clashofclans,Gaming,6d0fca1b-c3b0-4512-8046-899c14e6fa67,Matrix,5,,The best and the good,0,8.67.3,2026-07-25T04:08:39,,
Clash of Clans,com.supercell.clashofclans,Gaming,8328ffe9-e76d-4855-8df0-c089cf79635b,Jeffrey cawayan,4,,Good experience,0,18.400.9,2026-07-25T04:06:36,,
Clash of Clans,com.supercell.clashofclans,Gaming,c2be83fd-f715-4121-82d2-70d43dba19c8,Crazze Nash,5,,Its really awsome game am just crashwrd on this game and so loveing it... much more,0,18.400.9,2026-07-25T03:58:21,,
Clash of Clans,com.supercell.clashofclans,Gaming,d0004686-519e-41d0-8537-dcdbd478c994,Nathan Sherren,2,,"says to use dragon duke to get the treasure faster but the duke was taken away as a troop option. edit: now for the hero journey rewards, my quests are asking me to use items I dont even have so how can I even get the items what is the point of it if I cant unlock anything.",0,18.400.9,2026-07-25T03:48:17,,
Clash of Clans,com.supercell.clashofclans,Gaming,be974884-7db7-478e-ba1c-8d57f111ed05,Ralp Monroe Alcantara,5,,good,0,18.400.9,2026-07-25T02:53:07,,
Clash of Clans,com.supercell.clashofclans,Gaming,3d0843d1-82df-4ef7-a685-02209bdcb750,Evets Aroda,5,,very nice,0,18.400.9,2026-07-25T02:50:34,,
Clash of Clans,com.supercell.clashofclans,Gaming,a99af043-e50b-499f-8529-55b809735c35,Cn Rodel,5,,nice game 💯,0,18.400.9,2026-07-25T02:45:10,,
Clash of Clans,com.supercell.clashofclans,Gaming,60705b95-7b63-4104-8d8f-bac7f62d8782,AR 77 Gaming,5,,Very Good Game Thank U 👍,0,,2026-07-25T02:43:13,,
Clash of Clans,com.supercell.clashofclans,Gaming,f4255bee-9918-43c8-adb8-04911ce611c0,Xeno Oosthuizen,5,,great game,0,18.400.9,2026-07-25T02:01:48,,
Clash of Clans,com.supercell.clashofclans,Gaming,ad8bf855-c355-47b9-9d96-f426a812fac7,robert tagbe,5,,nice game,0,18.400.9,2026-07-25T01:57:56,,
Clash of Clans,com.supercell.clashofclans,Gaming,423378f7-2cde-4875-9f7b-1f062335549f,Adam Kim,2,,Been playing for years just when i think im getting close to maximize my base you guys drop a new wrinkle if you like farming and strategy you'll be hard pressed to find anything better then coc the developers really do that pride in there work and it shows in the game down to every detail but now we are being forced to create a supercell account to play clash too bad ill never get to see th17 and up I'll check back in a few years. cheers mates loot away.,1,18.400.9,2026-07-25T01:56:21,,
Clash of Clans,com.supercell.clashofclans,Gaming,e7459935-e0fb-492f-a3ed-2aaa6623c54c,habib hasan,4,,"I really like it but ... a little problem to play, it gets in too late to open which takes a lot of time to open the game",0,18.400.9,2026-07-25T01:51:09,,
Clash of Clans,com.supercell.clashofclans,Gaming,7283bb4d-df0f-4d08-9d6e-be67b3d52e41,Ponnashok Ra,1,,Worst experience I have with clas of clan I have been playing coc for 8 year now someone change my supercell id email account without my concern and he hacked through my Gmail account he view verification code changed my email account linked with supercell id supercell didn't respond me Or take some action my 8 years legacy with coc end here. please supercell retrieve my account struggling with my life hope my old base would help me feel relieve 😭😭,0,13.675.6,2026-07-25T01:38:31,,
Clash of Clans,com.supercell.clashofclans,Gaming,d46c2e26-89b8-4e05-bbc8-7a77d43b4d04,Sabita Bori,5,,gud,0,,2026-07-25T01:34:07,,
Clash of Clans,com.supercell.clashofclans,Gaming,9f3a3495-74c9-41a3-a53a-2b94f239274d,Guillermo Endrina,5,,Excellent but I need to recover my existing account on my other new Google account..,0,18.400.9,2026-07-25T01:23:48,,
Clash of Clans,com.supercell.clashofclans,Gaming,730a5de9-43d5-432b-8bd9-dcabc5c54bfd,Jony Jony,5,,i used to play this game when 2016,0,,2026-07-25T01:13:29,,
Clash of Clans,com.supercell.clashofclans,Gaming,96c2d3a0-e265-4117-85f0-67c007d084f4,ABRAR HUSSAIN,3,,"I used to be an og player of clash of clans. I do love the idea of this game having massive visual leap like 3d models which is fine however, it would have been awesome if there was an option to revert back to the old graphics clash of clans once popular with. like the 2d format idk why but it works so well in this game. it didn't need a 3d upgrade like starting from heroes to builders. Like warcraft reforged we need a option to changing 3d to 2d graphics in settings. would have get nostalgia",0,14.211.13,2026-07-25T00:59:18,,
Clash of Clans,com.supercell.clashofclans,Gaming,35b37f4f-995f-4825-9d57-a05a3e66c402,Zaki Shirzai,5,,I love this game 🤩,0,18.400.9,2026-07-25T00:55:34,,
Clash of Clans,com.supercell.clashofclans,Gaming,bfb5892d-7050-4458-ba95-c696c7699a53,Swapnil Patel,5,,please add one more update... where we can upgrade walls with dark elixir... please,0,18.400.9,2026-07-25T00:45:14,,
Clash of Clans,com.supercell.clashofclans,Gaming,1e715e2a-e492-4867-b24d-5c752d57e6f8,Anilreddy Kondapureddy,5,,good 💯💯💯,0,18.400.9,2026-07-25T00:43:02,,
Clash of Clans,com.supercell.clashofclans,Gaming,1a994343-17fe-4837-bd57-4828e8d61da9,Hector,2,,"love supercell, love COC, but they made it too easy. and there's no stakes for grinding for loot, now I'm just toppling every village getting easy 3 stars, you will only get a challenge in ranked at the very top or sometimes war. call me crazy but I liked waiting to train troops, using resources to make them,it made grinding and each attack feel like it mattered.now it's just sign in ,get easy 3 stars build base. there's no incentive to go to ranked when you get plenty of loot going non ranked.",1,18.400.9,2026-07-25T00:40:43,,
Clash of Clans,com.supercell.clashofclans,Gaming,f14a1516-3c78-4081-8a85-1a54d20c5833,Huzafa Afzal,5,,the game is very nice 🙂👍 this is very nice game you have to play this game 😁.,0,,2026-07-25T00:37:16,,
Clash of Clans,com.supercell.clashofclans,Gaming,9005f8b0-8984-4132-8ab9-704ae55ec2b3,chelseatom 821,3,,This game is fun but Just watch demon slayer.,0,17.360.32,2026-07-25T00:33:48,,
Clash of Clans,com.supercell.clashofclans,Gaming,954a29d7-db64-47c5-b902-d6b738c9b458,Mikey Williams,5,,"One of the best, if not the best, mobile games I've ever played. Had a great run with this for a few years after initial launch and recently came back to the game. It's not ""new"" anymore, but SC devs continue to release great content and offer opportunities for F2P and P2P players to advance through the various TH levels (TH18 as of this post). The game isn't perfect, but there is a lot of fun to be had if you can find a competitive guild and don't have insane expectations.",0,18.400.9,2026-07-25T00:29:49,,
Clash of Clans,com.supercell.clashofclans,Gaming,7444afc7-4553-4bb6-a836-109931f4f6f9,RIFATTUZZAMAN RAJU,5,,This is a great game and I think it will be more interesting things will be added in is game,0,18.400.9,2026-07-25T00:28:40,,
Clash of Clans,com.supercell.clashofclans,Gaming,c9aeecbf-ba5a-49a8-8462-a1b8700c1c0c,Ricky Seidell,5,,this game is much fun,0,18.400.9,2026-07-25T00:28:36,,
Clash of Clans,com.supercell.clashofclans,Gaming,799a60d1-dcbd-4e4a-81ab-50e9ea86bec9,Shahid Mughal,5,,"A Solution for CoC's Future: Launch 2 Versions (3D & Lite) To stay competitive in today's market, Clash of Clans needs a massive graphics overhaul. I strongly suggest introducing two distinct versions on the Play Store: CoC 3D/HD: A modern, high-graphics 3D version for high-end smartphones to attract new gamers and bring back old veterans. CoC Lite: The existing 2D version to ensure low-budget device users are not left behind. Both versions can easily share the same servers, clans, and chat feat",0,18.400.9,2026-07-25T00:24:34,,
Clash of Clans,com.supercell.clashofclans,Gaming,2b89311a-b433-4857-b5ae-67d5902a3917,grayson Brown,5,,so fun,0,18.400.9,2026-07-25T00:18:19,,
Clash of Clans,com.supercell.clashofclans,Gaming,76d995ca-4bec-4ac8-a783-fc0b554b34d0,Emanuel Angelo Restor,5,,"been playing since I was a kid, truly a piece of work.",0,18.400.9,2026-07-25T00:10:52,,
Clash of Clans,com.supercell.clashofclans,Gaming,044c7229-2d6b-442a-ba33-aa6c7163fc3f,Aryan Kar,3,,Best game,0,,2026-07-25T00:09:40,,
Clash of Clans,com.supercell.clashofclans,Gaming,817981fd-4c25-443b-be5d-b208d21796fc,Renu Khatri,5,,what a good game,0,18.400.9,2026-07-24T23:59:28,,
Clash of Clans,com.supercell.clashofclans,Gaming,9db9401e-d9dc-4f8b-ad23-a231c908d639,Md Muhassin Mahid,5,,It is the best mobile based strategy game.,0,18.400.9,2026-07-24T23:59:20,,
Clash of Clans,com.supercell.clashofclans,Gaming,7fd18b3c-fa4d-42ea-b2e0-47dda2669dd0,MD KHOKON MIA,5,,nice game,0,18.400.9,2026-07-24T23:59:17,,
Clash of Clans,com.supercell.clashofclans,Gaming,d8cc929f-d274-4717-b735-89d28dc72a1d,Myat Thu Ya Min,5,,So good,0,18.400.9,2026-07-24T23:53:32,,
Clash of Clans,com.supercell.clashofclans,Gaming,0b7be9de-ddbd-4243-af41-c700e432fa0b,임효영,5,,good,0,18.400.9,2026-07-24T23:31:05,,
Clash of Clans,com.supercell.clashofclans,Gaming,eaa5f1ec-5311-414f-8f0a-fb6bf41b9027,Rahul Barman,5,,ok,0,18.400.9,2026-07-24T23:25:13,,
Clash of Clans,com.supercell.clashofclans,Gaming,697032bf-4a7a-440a-a596-e5545dd2302a,Zeke Sukehiro,5,,Enjoying the game play,0,18.400.9,2026-07-24T23:23:45,,
Clash of Clans,com.supercell.clashofclans,Gaming,1d231e68-a448-49f9-be68-988f591da45b,KAIF MAFIA,5,,brillent game it is,0,18.400.9,2026-07-24T23:21:36,,
Clash of Clans,com.supercell.clashofclans,Gaming,4bf3a679-b8f1-4786-bc1f-4f82c578899f,Arvin Zarrinkar,3,,The game was fun back in the 2015 era (before the second champion was added). I wish there were a legacy version of the game.,0,,2026-07-24T23:18:47,,
Clash of Clans,com.supercell.clashofclans,Gaming,921e9e24-2498-4783-b616-2830bb7e1575,Aisha Ansari,5,,this is best games is my favourite game this Town Hall and king queen and wanden is so impressive,0,18.400.9,2026-07-24T23:14:22,,
Clash of Clans,com.supercell.clashofclans,Gaming,7eca9db5-b24f-421c-941f-8585533e723b,Rinchen Lepcha,5,,so good,0,,2026-07-24T23:06:41,,
Clash of Clans,com.supercell.clashofclans,Gaming,244d0ea0-8bcf-4690-b158-1deecc53955e,ornob game,5,,it is a bast game in for avar in world but in proof dame in a new now,0,,2026-07-24T23:01:57,,
Clash of Clans,com.supercell.clashofclans,Gaming,0b50bc65-707e-4bde-8ef3-85ec8396b867,Kasanda Nsama,5,,best mobile game of 2026,0,18.400.9,2026-07-24T22:50:53,,
Clash of Clans,com.supercell.clashofclans,Gaming,c9ae8209-abbb-4c60-8fdf-113565b013d0,Ikmal Hasbullah,2,,tolong perbaiki ya anj mana gear rc gua embut game tolol,0,,2026-07-24T22:44:53,,
Clash of Clans,com.supercell.clashofclans,Gaming,e3fac6a0-588f-4a2e-933b-80a38c6906aa,Sourav Das,5,,super,0,18.400.9,2026-07-24T22:41:18,,
Clash of Clans,com.supercell.clashofclans,Gaming,25fba703-d687-49a5-ad0e-a21f426fb74a,Arnab Paul,1,,leagues and trophy systems are very poor.,0,18.400.9,2026-07-24T22:39:20,,
Clash of Clans,com.supercell.clashofclans,Gaming,69ccd1e6-7e25-46ec-a3c2-d58e9e0c0d60,Manoj Debnath,5,,Nice & very interesting game...,0,18.400.9,2026-07-24T22:31:46,,
Clash of Clans,com.supercell.clashofclans,Gaming,b70e6d9b-275d-4897-a1f6-f32b2f26ac0e,Moon Star,5,,ok,0,,2026-07-24T22:31:34,,
Clash of Clans,com.supercell.clashofclans,Gaming,9fb2cfdf-bf35-44c4-822b-bbcd79b539ca,Gautam Jain,5,,"hello , I have been playing this game for so long , earlier I used to play this with my brother and after sometime got bored and didn't play much in yeares but after sometime I again got thr hang of this game and I still play this to this day , everyday for sometime it is just feels good to play it for sometime in breaks or whatever , the clan itself feels like another family and it's just feels good to play serious wars and cwls among other clans . it's great 😊",0,18.400.9,2026-07-24T22:27:14,,
Clash of Clans,com.supercell.clashofclans,Gaming,627e7603-96c1-439a-8c7c-05cfeef01c75,Faizan Akhtar,5,,good game,0,,2026-07-24T22:19:22,,
Clash of Clans,com.supercell.clashofclans,Gaming,9c26b35e-31c0-4a3a-af79-e2341797ef1c,Dishang Darji,4,,amazing game,0,18.400.9,2026-07-24T22:19:05,,
Clash of Clans,com.supercell.clashofclans,Gaming,8b68b524-1c79-4adb-b5bd-152cf04d138a,Bhumik Patil,5,,"I've been playing Clash of Clans for a long time, and it's still one of the best mobile games ever made. The graphics are amazing, the gameplay is fun and strategic, and there are always new events and updates to keep things interesting. Building my village, upgrading heroes, and participating in Clan Wars with friends never gets boring.If you enjoy strategy games, this is definitely worth playing. High recommended!",0,18.400.9,2026-07-24T22:10:13,,
Clash of Clans,com.supercell.clashofclans,Gaming,1ee5b530-3f60-4b23-b888-64902c73f9de,Renard Fernandez,5,,too good,0,,2026-07-24T22:08:01,,
Clash of Clans,com.supercell.clashofclans,Gaming,37c0c225-03b4-4cf9-a177-4f08bc34ce45,i_am_dhrubo_31,5,,Great Grinding Game,0,18.400.9,2026-07-24T21:58:05,,
Clash of Clans,com.supercell.clashofclans,Gaming,8df8f1d9-e631-41d6-acce-7fc51271d439,asdfghjkl,3,,"Journey feature is bugged! Theres alot of unclaimable ore chest, ore, hero skin. Please fix!",0,14.635.9,2026-07-24T21:57:08,,
Clash of Clans,com.supercell.clashofclans,Gaming,f53601e9-29fa-471f-8f0b-8c04b72ae362,Chandan Das,5,,mind blowing,0,18.400.9,2026-07-24T21:53:05,,
Clash of Clans,com.supercell.clashofclans,Gaming,d10aa9ff-f7c5-42d8-9428-8ded987e1f4a,Riyazath Ahamad (Riya),5,,awesome,0,18.400.9,2026-07-24T21:50:48,,
Clash of Clans,com.supercell.clashofclans,Gaming,90adcf9b-0d00-465a-ab0c-69090d3124cd,Sn Sumit 08,5,,I love this game,0,18.400.9,2026-07-24T21:50:09,,
Clash of Clans,com.supercell.clashofclans,Gaming,5ff3b694-e2d3-4320-b8b5-3d970be2202b,Swapnil Singha,5,,Wonderful game to play..,0,18.400.9,2026-07-24T21:46:50,,
Clash of Clans,com.supercell.clashofclans,Gaming,cf4d5104-23cd-4653-90da-409a0f48867d,Rohit Wason,4,,Overall The Game Is Very Good... But What the hell is happening from the update After having max troops i m able to donate less level troops to my fellows. For Eg: If i have Level 5 witch it's showing that uh will donate level 3 or level 4 witch what the hell it is .. Even though it's not the glitch but it's real thing.....😘,0,18.400.9,2026-07-24T21:46:35,,
Clash of Clans,com.supercell.clashofclans,Gaming,907a7a61-95ae-40b3-b73c-12dc283b1604,Ravi Mahto,1,,"Fix Hero Journey, I lost each reward...😡😡😡🤬🤬🤬🤬🤬",0,18.400.9,2026-07-24T21:46:00,,
Clash of Clans,com.supercell.clashofclans,Gaming,6e8b2725-f654-4dbb-b3c1-ea0ec8ee5f2a,max moran,5,,good,0,,2026-07-24T21:44:38,,
Clash of Clans,com.supercell.clashofclans,Gaming,aa9958f3-222d-416c-8d19-481f9d879b28,Rio Jegan,5,,super,0,18.400.9,2026-07-24T21:43:21,,
Clash of Clans,com.supercell.clashofclans,Gaming,00988362-f2b4-4e37-a7c2-ffa4334b5641,RYDXX rydxx,5,,gem ini sangat menarik dan melatih kesabaran,0,18.400.9,2026-07-24T21:40:58,,
Clash of Clans,com.supercell.clashofclans,Gaming,f06473a8-3e0c-48b0-9eba-8de61e6917ae,Junior Satvik,5,,nice experience,0,18.400.9,2026-07-24T21:40:18,,
Clash of Clans,com.supercell.clashofclans,Gaming,cef0a272-9371-46d9-acec-3e506dfe2bf9,Mohammed Acmayet,5,,THIS Game is very good.,0,18.400.9,2026-07-24T21:38:56,,
Clash of Clans,com.supercell.clashofclans,Gaming,53d2d863-b919-439c-94f5-267083a90c74,Dipayan Gayen,3,,Awesome game but attack karna nahi ata thik se,0,18.400.9,2026-07-24T21:35:05,,
Clash of Clans,com.supercell.clashofclans,Gaming,27829984-fcd0-4f5b-9e7d-6242f1123abc,Oscar Castro,5,,good,0,18.400.9,2026-07-24T21:23:23,,
Clash of Clans,com.supercell.clashofclans,Gaming,a87ada18-b838-43f8-b89f-93cd697139ed,Sam Lachica,5,,"cool game, love it",0,18.400.9,2026-07-24T21:20:56,,
Clash of Clans,com.supercell.clashofclans,Gaming,ad65ebed-4dc1-40d0-90d4-46c26c6830d2,Muntasir Abid,5,,so wow,0,,2026-07-24T21:14:11,,
Clash of Clans,com.supercell.clashofclans,Gaming,c08574fe-db7b-4628-8c8d-eed8e3dfdf6e,Alireza Daghery,5,,it's a great game,0,18.400.9,2026-07-24T21:11:46,,
Clash of Clans,com.supercell.clashofclans,Gaming,04ad1772-1eba-4ee0-937e-a3664bb1f6e6,Vikash Kumawat,5,,nice,0,,2026-07-24T21:11:24,,
Clash of Clans,com.supercell.clashofclans,Gaming,e221b93b-e23b-4e80-9dd0-54b816a21a7f,Rian Feliciano,5,,"I can't claim hero skins from hero journey quest, I'm not claiming yet. it says ""the quest is no longer available""",0,,2026-07-24T21:10:47,,
Clash of Clans,com.supercell.clashofclans,Gaming,6d96e262-47d1-47b5-94b7-440598caa6d5,Techno Animates 2.o,5,,nice game 👍,0,18.400.9,2026-07-24T21:10:07,,
Clash of Clans,com.supercell.clashofclans,Gaming,b6c9a0e2-ef12-4630-952f-a11221ff9b2e,Md Mostakin,5,,good,0,,2026-07-24T21:05:38,,
Clash of Clans,com.supercell.clashofclans,Gaming,a7555444-febd-46ba-ada9-bde7f77388fc,Irgiawan Arkana,1,,"TOLONG PERBAIKI MASALAH JARINGANNYA, INI GAME LAMA YANG HARUSNYA SUDAH BANYAK BELAJAR DARI KESALAHAN SEBELUMNYA, JIKA KALIAN MEMANG PINTAR, KALIAN DARI DULU SUDAH MEMPERBAIKI MASALAH JARINGAN SEKARANG, JARINGAN SEKARANG SANGAT LAG, AKU SUDAH MEMAKAI DATA ATAUPUN WIFI DENGAN SINYAL BAGUS, TAPI KENAPA GAME NYA SERING LAG? KALIAN BODOH ATAU PINTAR? ATAU HARUS SAYA AJARI UNTUK PROGRAM GAME JARINGAN KALIAN SUPAYA LANCAR HAH?",0,18.400.9,2026-07-24T20:59:21,,
Clash of Clans,com.supercell.clashofclans,Gaming,d35b4ebc-bede-4d0a-8465-6f98625d3122,tai leriak tamin,5,,"i have been playing since 2014 , it's been 12 years of love 😘",0,18.400.9,2026-07-24T20:59:03,,
Clash of Clans,com.supercell.clashofclans,Gaming,2f95538c-3cad-4067-8ec3-461b9a7b22a1,Jh Vabeikypacharona,5,,good game,0,18.400.9,2026-07-24T20:58:39,,
Clash of Clans,com.supercell.clashofclans,Gaming,fc484ad8-5895-4db8-9605-20f497ca8860,Satvik Yadav,5,,see every player has a unique story like mine it all started around 10 years ago when I was a 8 years old kid my society friends told me about this game and I was really found of video games then in 2018 I tried this game for the first time and I was so much addictive to this game that I usually forget my work but didn't forget to upgrade my base but after lockdown I started playing less and I deleted coc in around 2020 but now in 2026 I am playing back and this time it is me but a mature one,0,18.400.9,2026-07-24T20:58:00,,
Clash of Clans,com.supercell.clashofclans,Gaming,d81a0290-64c6-4d4e-a22a-216fdf8b680f,Piyush Chechi,5,,Nice game,0,18.400.9,2026-07-24T20:51:37,,
Clash of Clans,com.supercell.clashofclans,Gaming,d2b08af8-5093-42d1-9e59-7c3ce13354fd,Abins K.S,5,,Is good for chillness,0,18.400.9,2026-07-24T20:49:08,,
Clash of Clans,com.supercell.clashofclans,Gaming,3975910c-a577-4f2b-bf7a-64a91c4137ef,DEEPESH,5,,i really impress in graphics supep,0,18.400.9,2026-07-24T20:47:52,,
Clash of Clans,com.supercell.clashofclans,Gaming,522b277e-025c-4839-b3e0-6da138ae7530,J .S,5,,💀💀🤡👺 old is gold 🪙,0,,2026-07-24T20:45:31,,
Clash of Clans,com.supercell.clashofclans,Gaming,4f584e16-7918-410b-bf1b-8a5078a14ee1,Sp Maurya,5,,very nice game dosto,0,,2026-07-24T20:41:39,,
Clash of Clans,com.supercell.clashofclans,Gaming,b7b07d40-9873-4640-ad73-73874c720f45,Mayuresh Pandhe,5,,game is fun,0,,2026-07-24T20:37:49,,
Clash of Clans,com.supercell.clashofclans,Gaming,29f66a06-79fb-4bd3-9f20-f4f74ea02125,Kent Jay Rodado,5,,very nice game,0,18.400.9,2026-07-24T20:33:35,,
Clash of Clans,com.supercell.clashofclans,Gaming,9ec5bb9c-908c-44b9-af48-e07b6d309b6f,Budik Dagiam,3,,nice,0,18.400.9,2026-07-24T20:31:03,,
Clash of Clans,com.supercell.clashofclans,Gaming,f30ad719-5ac1-4e53-a75d-5a5c97611fd5,Royal Saini,5,,This game is really awesome and enjoy full make a team attack and progress I really love this game ❤️❤️,0,18.400.9,2026-07-24T20:29:17,,
Clash of Clans,com.supercell.clashofclans,Gaming,2ded4032-1a53-4588-85cd-7104957ba7b2,Urgen Tamang,4,,alws good,0,,2026-07-24T20:20:56,,
Clash of Clans,com.supercell.clashofclans,Gaming,218ce8e9-bf63-4475-87e6-7af94ecdb18a,Jash Osomreh,5,,nice,0,18.400.9,2026-07-24T20:17:24,,
Clash of Clans,com.supercell.clashofclans,Gaming,4010e2b6-70f6-45ab-b52e-caf2cf0d3a4d,Chauhan Abhinav,5,,NicE 👍,0,18.400.9,2026-07-24T20:12:10,,
Clash of Clans,com.supercell.clashofclans,Gaming,2b3221ac-50b3-4be3-978a-596632566314,stephen virrey,5,,nicceeee game,0,18.400.9,2026-07-24T20:12:03,,
Clash of Clans,com.supercell.clashofclans,Gaming,78e0bcf7-2744-477d-959c-ae30a9399b1b,jose bobby Prado,5,,nice,0,18.400.9,2026-07-24T20:11:17,,
Clash of Clans,com.supercell.clashofclans,Gaming,ddc1cf36-e879-4b38-aa06-3622a9ab0068,Sushil Thapa,5,,Nice,0,18.400.9,2026-07-24T20:10:27,,
Clash of Clans,com.supercell.clashofclans,Gaming,189ac5cc-cf25-4888-a8a0-6da0b954f247,Briannardo Ramgeet,5,,good,0,18.400.9,2026-07-24T20:00:55,,
Clash of Clans,com.supercell.clashofclans,Gaming,e6dc3a3c-e6f2-4031-8f33-a1d20dd6eb75,A Google user,5,,This is the best game that I have played in my hole life,0,18.400.9,2026-07-24T19:59:41,,
Clash of Clans,com.supercell.clashofclans,Gaming,23375231-eab9-4423-b1e8-0160024ca761,Pooja Bhatt,5,,good game,0,18.400.9,2026-07-24T19:56:11,,
Clash of Clans,com.supercell.clashofclans,Gaming,5dbd9114-0bff-4f53-ab21-9b32d2903f23,Rohit Sonar,5,,nice game it's amazing to play this game ..,0,18.400.9,2026-07-24T19:45:00,,
Clash of Clans,com.supercell.clashofclans,Gaming,e8c24f54-2e33-46a4-b6a4-cead64a9a695,Helbert Damolo,5,,ok nice game very smooth,0,18.400.9,2026-07-24T19:35:07,,
Clash of Clans,com.supercell.clashofclans,Gaming,0938c79c-386f-4c49-a3d2-7ac24a3568e3,June Ryde,5,,love this game,0,,2026-07-24T19:33:00,,
Clash of Clans,com.supercell.clashofclans,Gaming,176dcb3d-197c-41c9-a672-a18a5eb0a176,Yohana Younis,4,,😁,0,18.400.9,2026-07-24T19:30:59,,
Clash of Clans,com.supercell.clashofclans,Gaming,32982bcc-687e-43db-afff-2081bf743ddd,Chan Cabaluna,5,,inatay,0,18.400.9,2026-07-24T19:29:33,,
Clash of Clans,com.supercell.clashofclans,Gaming,38c851b1-cb38-46a5-b92b-0f18904bbd72,Leo Tjung,3,,"alot of improvement, but there's still something that made me still doesn't have the hype to keep playing clash of clans",0,,2026-07-24T19:28:59,,
Clash of Clans,com.supercell.clashofclans,Gaming,33b6cb4e-1167-466c-bd89-6d33d9629ee1,Deepu Singh,5,,very good game,0,,2026-07-24T19:24:18,,
Clash of Clans,com.supercell.clashofclans,Gaming,3164072a-bd79-4412-b54e-a916294769ff,ASHWIN K.K,5,,GOOD GAME,0,18.400.9,2026-07-24T19:23:54,,
Clash of Clans,com.supercell.clashofclans,Gaming,8eb6366b-4ef1-49c0-894f-b1b5154c324a,Shone Christopher,5,,perfect and entertaining strategy game...,0,18.400.9,2026-07-24T19:23:53,,
Clash of Clans,com.supercell.clashofclans,Gaming,991a3bf2-360f-4832-a295-61537536d5f1,Jayvee Rivera,5,,nice game,0,18.400.9,2026-07-24T19:23:18,,
Clash of Clans,com.supercell.clashofclans,Gaming,2885ae47-5c0a-4471-b2fb-2e9d218c69fc,Akash C,5,,good,0,18.400.9,2026-07-24T19:20:16,,
Clash of Clans,com.supercell.clashofclans,Gaming,a84cfe75-0516-465f-b1dd-0a54fe3d2f4c,Nilam Nale,5,,nice and timetaking,0,18.400.9,2026-07-24T19:19:52,,
Clash of Clans,com.supercell.clashofclans,Gaming,59c37f87-e565-4229-ac29-89792767f22e,Chakadoll Gaming,5,,Good,0,18.400.9,2026-07-24T19:14:33,,
Clash of Clans,com.supercell.clashofclans,Gaming,888f7258-b4cc-42b1-a150-5798f286a5f7,Ryan Millor,5,,good,0,18.400.9,2026-07-24T19:11:27,,
Clash of Clans,com.supercell.clashofclans,Gaming,e4474939-b608-4dfb-8a0b-10471a2efe74,Mangal Das,5,,best game COC,0,18.400.7,2026-07-24T19:10:47,,
Clash of Clans,com.supercell.clashofclans,Gaming,c53154c9-c43e-42c2-bed6-545786afd2a6,Ayush Singh,5,,my childhood favorite game at age 12 to now 20 i love this game,0,18.400.9,2026-07-24T19:08:16,,
Clash of Clans,com.supercell.clashofclans,Gaming,9ddfb8db-d26e-4cdf-9660-9408b3db6841,Myat Kyaw,5,,i likes this game,0,,2026-07-24T19:01:02,,
Clash of Clans,com.supercell.clashofclans,Gaming,50548094-05e9-4ac6-98b7-1f17baa117e8,வேதாரண்யம் ஈஸ்வரன்,1,,Worst in 2026 data take more 👎🏼👎🏼👎🏼,0,14.426.3,2026-07-24T18:51:53,,
Clash of Clans,com.supercell.clashofclans,Gaming,89418656-b390-484c-b42f-bdeb71a2d9b9,Mahbub Vai,5,,my favourite game,0,,2026-07-24T18:48:44,,
Clash of Clans,com.supercell.clashofclans,Gaming,3b84841b-17ec-4d2a-984e-3ea64b898274,Behrad Kasaei,5,,very goddddd,0,18.400.9,2026-07-24T18:48:24,,
Clash of Clans,com.supercell.clashofclans,Gaming,0d782f71-1490-47c0-9e34-9649b096e491,Hacker Netflix,5,,best game for building strategies,0,18.400.9,2026-07-24T18:47:19,,
Clash of Clans,com.supercell.clashofclans,Gaming,6c5921b0-a1ee-4969-99ce-fd8ab844aff7,Rabuhang Rai,1,,Thikai xa ktaho khelda hunxa tara builder haru least slow xa,0,,2026-07-24T18:46:13,,
Clash of Clans,com.supercell.clashofclans,Gaming,2daff863-1847-4c02-af4a-0d8d6f6056d9,Allan Monterozo,5,,Nice,0,18.400.9,2026-07-24T18:44:54,,
Clash of Clans,com.supercell.clashofclans,Gaming,67bae480-90b3-4096-b6ae-2335f0890a91,Gwenn James Barcena,5,,"I'm gonna rate this perfect, wayback when I was a child I thought I couldn't play this game because I seems so hard to play. But when I realized that this game is so unique that every game you do is very addicted",0,18.400.9,2026-07-24T18:39:51,,
Clash of Clans,com.supercell.clashofclans,Gaming,592f3981-b971-4b1a-94cc-35be04854385,John Raven Corpuz,5,,very nice game,0,18.400.9,2026-07-24T18:39:01,,
Clash of Clans,com.supercell.clashofclans,Gaming,47224017-1cf8-4b45-967e-fb4357cc627d,Vedant kanade,5,,best game ever !!!!,0,18.400.9,2026-07-24T18:38:07,,
Clash of Clans,com.supercell.clashofclans,Gaming,f6ec5eb4-c48e-4e3e-b832-aaa1961fc3c8,Susmoy Kabiraj,5,,It's pretty good,0,18.400.9,2026-07-24T18:33:04,,
Clash of Clans,com.supercell.clashofclans,Gaming,440dc465-9604-4737-9aa5-db5fcf4519c4,Prashant Bhilare,5,,I love it,0,18.400.9,2026-07-24T18:29:28,,
Clash of Clans,com.supercell.clashofclans,Gaming,942df2a6-42f9-4cff-a7ab-4ee49664bf53,Sachin Kohli,4,,I don't even need to tell why,0,,2026-07-24T18:28:23,,
Clash of Clans,com.supercell.clashofclans,Gaming,e25be841-cc37-4c05-a9c8-eabfada6b57b,JasonAshatz,5,,Great game and needs patience cuz it takes lot of time in building an empire.,0,18.400.9,2026-07-24T18:18:12,,
Clash of Clans,com.supercell.clashofclans,Gaming,d6604e11-8cc2-498a-8e16-987f1769f70d,Rod Albert Aspera,3,,turn off the vibration when opening chests. i hate it,0,18.400.9,2026-07-24T17:59:42,,
Clash of Clans,com.supercell.clashofclans,Gaming,fd13d00d-ebbc-442e-a992-05fa75bcdcf1,Rickglen C. Pagal Pagal,5,,this game is the best,0,18.400.9,2026-07-24T17:58:54,,
Clash of Clans,com.supercell.clashofclans,Gaming,38c1b0cc-1ccf-40a8-a0b4-51debc3f63bc,Vihaga Vihaga,5,,Very nice game🥹🤭,0,,2026-07-24T17:53:20,,
Clash of Clans,com.supercell.clashofclans,Gaming,8e55a1e5-a244-46c7-993c-6c4d9c45e192,Vinayak wadekar,5,,this game is always good 👍,0,18.400.9,2026-07-24T17:50:01,,
Clash of Clans,com.supercell.clashofclans,Gaming,6cacfc8f-3865-4c3c-aa2f-3be251f0de37,Joanna Gile,3,,"this is fun, i enjoyed this game, but i think there's a bug in the system. it's kinda annoying. keeps on disconnecting even though the internet/signal is excellent. try fixing it",0,,2026-07-24T17:48:07,,
Clash of Clans,com.supercell.clashofclans,Gaming,2d8278ba-7e13-4229-9961-30ffa0aaef9f,MD HAMIDUL ISLAM,5,,too good,0,18.400.9,2026-07-24T17:47:12,,
Clash of Clans,com.supercell.clashofclans,Gaming,2befaa4d-d51d-49ce-a840-1babae2f91f4,Vivaan Zota-Stull,1,,my game is not working! I've tried everything and its still not working. I'm uninstalling it now,0,18.400.9,2026-07-24T17:42:31,,
Clash of Clans,com.supercell.clashofclans,Gaming,b96638f7-7663-401c-a0f5-c1ea28807faf,MD. Mehedi Hasan Anik,5,,GOOD GAME- 2015 PLAYER,0,,2026-07-24T17:40:15,,
Clash of Clans,com.supercell.clashofclans,Gaming,55ad54d9-843b-4398-872c-620664784156,Simon Post,1,,if I could give this a negative rating i would. every time I get a popup or go into battle the screen goes insanely large and I cant see or move it. have to leave app then come back and it fixes itself until next screen it happens again. holy worst update this game has ever had,1,18.400.9,2026-07-24T17:32:40,,
Clash of Clans,com.supercell.clashofclans,Gaming,85f36494-ac4b-4acd-97f1-bcd19205ca3c,Trey,5,,Good game,0,18.400.9,2026-07-24T17:24:25,,
Clash of Clans,com.supercell.clashofclans,Gaming,90f957b6-9d0f-4cd8-affd-da955eb81b03,Ňãím Bhūyåíņ,5,,Nice 😌👊,0,17.360.28,2026-07-24T17:17:51,,
Clash of Clans,com.supercell.clashofclans,Gaming,af9ddab1-af15-4aff-9f21-50bdc796b313,Clive Kenaz Fausto Sulastomo,5,,"I hate to telling you this thing supercell team. Iam the player of clash of clans from 2015 my first ACC was hacked, but iam okay with that. Than i start to make my second account and play as usual but. on this year you make some clasher angry because There are quite big update and make our phone laggy. And a feature that make me happy is the clock tower that can bost everything on your BH but you nerf the duration that make me so mad. So please supercell don't just update clash of clans , clash royals and the others , but focus on your new game that called ""brawl stars"" that all people wanted. I know it from chief Pat , OJ, Nickatnyte,Molt,and CamaroBro. Because iam and Android user so please supercell read it and think Twice before you do the next update for clash, and please realese the brawl stars. Thanks for reading my comment. And sorry for long comment",0,18.400.9,2026-07-24T17:16:02,,
Clash of Clans,com.supercell.clashofclans,Gaming,44b00b6e-e6d8-4dae-8edb-c6b45e75d075,Vincent Ross Medicielo,5,,love it..this game is awesome,0,18.400.9,2026-07-24T17:10:12,,
Clash of Clans,com.supercell.clashofclans,Gaming,a69d0d6d-d7a3-4e4a-9a55-5b5c366e9016,Seema Mishra,5,,OG 🤞🏻,0,,2026-07-24T17:01:02,,
Clash of Clans,com.supercell.clashofclans,Gaming,46c4e34f-c312-4d0d-aaeb-5fbbe90e36af,nida sabir511,5,,very gooooddd,0,18.400.9,2026-07-24T16:49:41,,
Clash of Clans,com.supercell.clashofclans,Gaming,115bfbac-de7c-4eba-ae27-205b9f070c52,Random Dazoy,1,,"It keeps disconnecting me DURING raid, it's always during raid. Is supercell rage baiting players? I've seen others also experiencing this. This game is getting worse and worst every update",0,,2026-07-24T16:48:29,,
Clash of Clans,com.supercell.clashofclans,Gaming,c99f0954-698f-4ee0-97c1-0e2d1e1f790a,THIT FF,5,,GOOD,0,,2026-07-24T16:47:11,,
Clash of Clans,com.supercell.clashofclans,Gaming,0142b7d2-803f-456a-9400-792e89272b14,Pandu Mudhiraj,5,,gudhavalaga undhi👍🙌👏👌,0,18.400.9,2026-07-24T16:33:31,,
Clash of Clans,com.supercell.clashofclans,Gaming,054b3892-e637-43df-b3bd-d6531ef86b3f,Richard Dunner,5,,Always have loved the game I love the new version keep up the good work,0,18.400.9,2026-07-24T16:31:51,,
Clash of Clans,com.supercell.clashofclans,Gaming,04fd0dfa-c7e5-4aa9-953a-27accf7cb7fc,Ali Ayyyuuyy,5,,الافضل بالتاريخ,0,18.400.9,2026-07-24T16:30:35,,
Clash of Clans,com.supercell.clashofclans,Gaming,903e5f98-54cd-4026-b100-ccfb261e5232,AMIR 101 Q,5,,good,0,18.400.9,2026-07-24T16:29:47,,
Clash of Clans,com.supercell.clashofclans,Gaming,4a893650-5c60-4a01-9eac-9df019871c6b,Neha Islam,5,,the bast game 🎮,0,,2026-07-24T16:29:44,,
Clash of Clans,com.supercell.clashofclans,Gaming,8db766d0-46af-4dbc-8099-e1016503465e,Tahabi Alam Chowdhury,5,,so good,0,18.400.9,2026-07-24T16:28:36,,
Clash of Clans,com.supercell.clashofclans,Gaming,223cf254-2ba6-43ca-a4f8-5b142604c9d7,Shalabh Walke,5,,it is very good and it's very fun,0,,2026-07-24T16:17:39,,
Clash of Clans,com.supercell.clashofclans,Gaming,a3d6f6d7-32eb-427c-b6a1-c03e557f0346,KPKTOTO OFFICIAL,4,,Good,0,18.400.9,2026-07-24T16:13:44,,
Clash of Clans,com.supercell.clashofclans,Gaming,6e89b3e0-10f5-48fd-ba85-90c8231e8b6a,Om Prakash,1,,time taken to upgrade is very much,0,18.400.9,2026-07-24T16:13:14,,
Clash of Clans,com.supercell.clashofclans,Gaming,e4cf34cf-43bc-4f7f-a8c1-9b1b2506ecec,jujjar singh,5,,very nice game,0,18.400.9,2026-07-24T16:11:12,,
Clash of Clans,com.supercell.clashofclans,Gaming,7a17c825-84ef-4623-8b39-cac54b1cc442,Raj Soni,1,,"I request for deletion of data when I try of get my id back with in time It shows authentication failed contact support and then I contacted support receive no help and now I lost my id such a major bug coc can't fix , very disappointing , I guess downfall of coc is near.",0,,2026-07-24T16:08:23,,
Clash of Clans,com.supercell.clashofclans,Gaming,ece48d11-42b9-43cc-9c32-6cec4a937234,Ahmedastora alnoor,5,,ولله اسطوريه اللعبه,0,18.400.9,2026-07-24T16:02:22,,
Clash of Clans,com.supercell.clashofclans,Gaming,a4d1e1a1-4d1d-4030-a65b-3dade8165424,Beau,5,,great game,0,18.400.9,2026-07-24T15:59:55,,
Clash of Clans,com.supercell.clashofclans,Gaming,77182088-bf2d-49d8-8604-96b5fc57cd00,Jenil Patel,5,,good game for ming and statergies,0,17.477.9,2026-07-24T15:57:36,,
Clash of Clans,com.supercell.clashofclans,Gaming,370940b8-cc92-4082-874e-70d307dbe381,Tanvir Hossain,5,,I love this game 🎮 good,0,18.400.9,2026-07-24T15:54:22,,
Clash of Clans,com.supercell.clashofclans,Gaming,2bd9c6ba-2ff9-47d2-9af6-bc3663e41088,Saad Karimi,5,,Excellent very nice,0,18.400.9,2026-07-24T15:51:40,,
Clash of Clans,com.supercell.clashofclans,Gaming,28ded79e-95d2-4b89-b0f9-4ce3879a850b,Cyrus Villanueva,5,,👌🏼,0,16.0.8,2026-07-24T15:48:22,,
Clash of Clans,com.supercell.clashofclans,Gaming,11f90763-c1df-485b-ae5c-e6f2f4cab775,Nezzia Dotaona,5,,One of the best strategy games I've played,0,18.400.9,2026-07-24T15:47:11,,
