app_name,app_id,category,review_id,username,rating,title,text,thumbs_up_count,review_created_version,at,reply_content,reply_at
Duolingo: Language Lessons,com.duolingo,Education,1619f1d7-85bd-42d0-876e-7b62c92554fd,Samkelo Zwane,5,,Great learning app!! 🔥🔥,0,6.85.7,2026-07-26T01:19:04,,
Duolingo: Language Lessons,com.duolingo,Education,001edb43-f656-428e-b09b-93c7c99094b6,Andrew Terentyev,2,,"reinstalled after 5 years and i get the drowning sensation just looking at this utter disaster of UX from hell. language learning is like a small aside, it's a kids sticker book with a slot machine. First app I've found where Revanced does nothing at all to usability because this interface's design-intent is to be nails-on-chalkboard for your eyes and soul.",0,6.89.4,2026-07-25T14:39:14,,
Duolingo: Language Lessons,com.duolingo,Education,c5154838-9bff-4d06-bca7-9bf1efd28a84,AMDG,1,,"It used to be good 15 years ago. Now it is failing in basic grammar. They show clearly a woman but the 'right' answer is they. They show a big man and the 'correct' answer is she. Sorry, but zero stars would be more accurate for this tool. NOT recommending this app for children or youth at ALL!",2,,2026-07-25T13:19:44,,
Duolingo: Language Lessons,com.duolingo,Education,539ad2de-4910-4c36-9c53-7687d4e4a24f,István Maczkó,1,,"addition (jul 22, 2026). I use a paid version. Today it became completely useless. I deeply regretted buying Lot of translation errors (laughable errors with word translations, Poorly handled word orders) Unstable behaviour; not crashing, just not moving forward. I have a yearly family subscription. but I will not pay anymore for this. I think some of the sentences are generated text (by ai?) and this method sometimes results sentences, phrases that are not correct or never used in that language",1,6.89.4,2026-07-25T03:12:29,,
Duolingo: Language Lessons,com.duolingo,Education,2ba21d48-810b-40b9-a7ea-2df7459c7c3f,Seher Kashif,5,,Very great app,1,6.89.4,2026-07-24T02:20:29,,
Duolingo: Language Lessons,com.duolingo,Education,9e9d93c3-a4b7-4d9b-9a91-9bd68e498919,Pinkie Gioia,4,,I think we need more time to revirse,2,6.89.4,2026-07-23T11:42:02,,
Duolingo: Language Lessons,com.duolingo,Education,c76fb3f6-56c8-4e3f-80f3-d9378ddcd801,Jagroop singh Dhillon,5,,bhoot vadiyan hai ji download kro isnu o balle balle,0,6.87.6,2026-07-22T20:31:45,,
Duolingo: Language Lessons,com.duolingo,Education,1e2996ea-5429-4010-9b9f-d1134d254601,Altaf Hussain,2,,gugj,0,,2026-07-22T12:18:55,,
Duolingo: Language Lessons,com.duolingo,Education,465b2eeb-42a6-48c5-8050-a692b938f4d0,Mubita Mulonda,5,,it's really a good app and I'm enjoying so far,1,6.88.2,2026-07-22T02:19:58,,
Duolingo: Language Lessons,com.duolingo,Education,4f5d2170-3f3e-45ca-b81e-e3789b5c8e1f,Chance Zolman,1,,Duolingo heavily uses A.I. and as an A.I. hater I don't like this.,2,,2026-07-22T02:04:36,,
Duolingo: Language Lessons,com.duolingo,Education,c7da1455-e8c7-4d73-842f-986da93ff1ad,Vals Skya,1,,"I'm strongly disagree and UNSATISFIED with the newly battery energy mechanic. it just felt so unfair and just shows that this app has becoming more and more P2P (pay to play) lately. I personally prefer the heart mechanic where you won't be able to continue on learning once you've done 5 mistakes or more. be less greedy, please.",2,6.88.2,2026-07-21T19:01:51,,
Duolingo: Language Lessons,com.duolingo,Education,5a9a83e5-bd09-480c-a5f2-7ce0cd795ff4,Saron,5,,it is amazing and trust me doulingo knows how to motivate you it gets happy when you learna lesson and gets sad when you skip a lesson it just eats up your heart,0,6.88.2,2026-07-21T12:38:20,,
Duolingo: Language Lessons,com.duolingo,Education,912e09cb-f14b-4fe7-be49-1685f185cab7,Hizir Üreci,4,,Its very good but the ads are too much and the Super Duolingo feels like forced ad,2,6.88.2,2026-07-21T02:48:25,,
Duolingo: Language Lessons,com.duolingo,Education,3c73f6e5-081f-4db9-8c95-9efee12bfdf8,Simone Arnhold,1,,"""free"" app (you can do barely anything without paying absurd amounts in subscriptions). filled with ads. now using ai slop courses. avoid",4,,2026-07-20T16:54:59,,
Duolingo: Language Lessons,com.duolingo,Education,ae9fc6d4-fff2-4f1e-9246-e5afe7101335,Arati Barman,5,,𝐃𝐮𝐨𝐥𝐢𝐧𝐠𝐨 𝐈𝐬 𝐕-𝐆𝐎𝐎𝐃 𝐈 𝐋𝐎𝐕𝐄 𝐃𝐔𝐎,2,6.88.2,2026-07-20T14:07:57,,
Duolingo: Language Lessons,com.duolingo,Education,d27eb3a3-3d79-4ca0-a79f-fccd6d51fc5c,Jaonaay 19,1,,บัคโคตรบ่อย เก็บคอมโบอย่างดีมาบัคเฉย ต้องเดาคำตอบไม่ก็ออกเข้าใหม่ มันใช่เรื่องมั้ย แล้วสร้างแอพมาเพื่อทรศดี ๆ อย่างเดียวมั้ง อุบาด ตั้งแต่อัพเดทมากว่าจะโหลดเข้าเรียนกว่าจะรับ Xp ได้รอเป็นชาติ อะไรมัน แล้วไหนบอกอ่านเว้บตุนได้ซุปเป้อแตดหน่อไรนั่น งง ได้กี่โมง หลอกให้อ่านรึไร กลัวไม่มีคนอ่านขนาดนั้นเลย?,2,6.88.2,2026-07-19T15:40:12,,
Duolingo: Language Lessons,com.duolingo,Education,4f4091f7-dd07-4be4-a2fc-2c6d6640c47a,embraceliezer lamb,5,,so great👍👏😊 the app actually learns another language! I learned like about 50+language! it's so good like wow ✪ω✪ find my account embraceelizer,2,,2026-07-18T17:52:15,,
Duolingo: Language Lessons,com.duolingo,Education,ff44f48c-4659-468c-a5b4-4aac7864842a,Temmie Japanese,1,,Recent update broke the Japanese course really badly. My progress got reset back a section and new sentences do not make any sense. Looks like the AI-powered enshittification has gone a step further.,35,6.41.4,2026-07-15T20:35:04,,
Duolingo: Language Lessons,com.duolingo,Education,a78aed62-ca40-4062-905c-9db8ece268b5,Allyson Day,1,,I freking hate this I used to have a 37 streak of right and I lost it because I missed clicked 😭 😔,3,,2026-07-14T07:13:13,,
Duolingo: Language Lessons,com.duolingo,Education,efe36896-d523-4d4e-8382-361e9f3da202,John Amoah,5,,"I get to interact with others all around the work. Duo, I give u thumbs up👍",0,6.85.7,2026-07-13T23:34:42,,
Duolingo: Language Lessons,com.duolingo,Education,dbe8fbc0-1b53-4e9c-8abd-2e3d493c3b0e,Stich Phone_AJ,5,,love it 😀 😍 ❤️,3,6.87.6,2026-07-13T21:37:35,,
Duolingo: Language Lessons,com.duolingo,Education,045390d6-b60f-4484-917f-cfef91ec7391,Ra Ouf,1,,go to hell with those ads,4,,2026-07-13T20:53:28,,
Duolingo: Language Lessons,com.duolingo,Education,b1dd0889-deb5-4b18-a7be-c650f8f4492d,Ephratah,5,,"I love the teaching way , good app to learn languages!",0,6.87.6,2026-07-12T17:35:22,,
Duolingo: Language Lessons,com.duolingo,Education,259ab593-738f-4c78-8676-2e8a97116a6f,Jayden Wilson,1,,woi admin ini suruh denegr yg bener ya gw udah bljr Mandarin 5 tahun lebih masa speapkingnya disalahin mulu sih,3,6.87.6,2026-07-11T19:21:38,,
Duolingo: Language Lessons,com.duolingo,Education,07bbf8ba-e8e0-4ea5-b3ce-ea5e08df482e,ddominiq d,1,,Notorycznie przestaje słyszeć mikrofon w ćwiczeniu przetłumacz słowa. Nie ma opcji zgłoszenia tam problemu. nie ma jak wybrać nie mogę teraz mówić. tylko przerwanie lekcji. Jak wyłączyć skrzynie? Nie ma jak wyłączyć straty czasu i interakcji na ich przymusowe otwieranie. Jak pominąć stroje piłkarskie. W ustawieniach nie ma jak tego wyłączyć.,5,6.87.6,2026-07-10T12:34:28,,
Duolingo: Language Lessons,com.duolingo,Education,bd6f9e9c-6ddf-433a-aa7d-33fd02124fda,Hadley Williams,4,,Good for basics,2,6.87.6,2026-07-09T18:03:07,,
Duolingo: Language Lessons,com.duolingo,Education,e370fa35-722b-436b-b464-c76dfae38656,Rajveer Datta Aayan,5,,this is awsome,2,6.80.6,2026-07-08T15:56:23,,
Duolingo: Language Lessons,com.duolingo,Education,afb8eea0-0bf8-4f84-ac34-b43da93d2c3a,Slime Slime,4,,"I'm not really here to rate it, but this new update. All I'm seeing are new words I've never learned. I don't know what's going on. It changed, Even the unit I was on, and also, when I checked the other units in my previous section, I saw other things I didn't learn. And when I checked the practice button, and went to words, I saw more words o didn't learn written as I've learned them",7,,2026-07-08T03:51:53,,
Duolingo: Language Lessons,com.duolingo,Education,3ec72a9a-dcdb-4324-aa99-00b2ab31445c,Spiros Diochnos,4,,too many ads,4,6.86.5,2026-07-08T00:25:35,,
Duolingo: Language Lessons,com.duolingo,Education,1cfdb275-8fff-4146-aab7-b2e05bf3fe8a,Shehnaz Begam,5,,yah bahut achcha hai agar aapko paise English padhna nahin aata hai to aapko pahle basic se padhaayaa jata Hai FIR basics ke bad FIR aapko aayat lekar Jaya jata hai apne chhoti chhoti chij puche,1,6.86.5,2026-07-08T00:24:56,,
Duolingo: Language Lessons,com.duolingo,Education,77691e8c-3037-426b-bd3a-a9281a02ebab,leecon.net0,4,,it's great overall,2,6.86.5,2026-07-08T00:24:30,,
Duolingo: Language Lessons,com.duolingo,Education,7de596bc-b997-422d-af2a-f5fa6350cf07,Chrissan Williams,5,,"It's a wonderful app if you're interested in learning different languages,I'm currently learning Portuguese,Oi um cafe ou um cha, translates to hi a coffee or a tea FIVE STAR ⭐⭐⭐⭐⭐",2,6.86.5,2026-07-08T00:20:44,,
Duolingo: Language Lessons,com.duolingo,Education,33df4fb1-0875-4be7-80f2-a0e64d23b536,Jawad Ali,5,,"it,s really amazing",1,6.86.4,2026-07-08T00:19:46,,
Duolingo: Language Lessons,com.duolingo,Education,3a519233-661a-4610-81bb-a89e47944b9a,Kazibwe Isaac,5,,this is the best language learning app ever👍✊,1,6.86.5,2026-07-08T00:19:32,,
Duolingo: Language Lessons,com.duolingo,Education,10340317-2433-4767-8158-da322990ecd9,Vanita Ringe,5,,this is very nice app,0,6.84.4,2026-07-08T00:17:16,,
Duolingo: Language Lessons,com.duolingo,Education,29559d9f-2c3d-4776-8379-6893df8eb148,Tee Wealth,5,,I love it 😀,0,6.86.5,2026-07-08T00:16:03,,
Duolingo: Language Lessons,com.duolingo,Education,d7cfd15a-0bd3-4772-8750-aba5c0337978,Francis Nnajiugo,4,,it's amazing and very helpful,1,6.86.5,2026-07-08T00:16:00,,
Duolingo: Language Lessons,com.duolingo,Education,e4701645-6878-4338-a320-5fd143c9389a,Komal Arif,1,,good luck for this game guys 💪🤞,5,,2026-07-08T00:15:15,,
Duolingo: Language Lessons,com.duolingo,Education,091e8f04-943b-4efa-af1c-b7c09e64c971,howard gibson,5,,great app for beginners who want to learn different languages,1,6.86.5,2026-07-08T00:14:34,,
Duolingo: Language Lessons,com.duolingo,Education,4eb16fc1-0e7c-4a45-b7d9-eb223e94c013,Bunny Hurst,5,,I love it,1,6.85.7,2026-07-08T00:14:12,,
Duolingo: Language Lessons,com.duolingo,Education,61a99e41-c775-4ff1-ab3a-41a20ba28f60,Hilina Berhe,5,,makes learning much more easier,2,5.121.15,2026-07-08T00:13:45,,
Duolingo: Language Lessons,com.duolingo,Education,749afe59-12af-4025-a592-9b92a8fbaf9a,Ryan Schneider,4,,"unpaid is a decent test service. ads after every short practice, ads when you make more than five mistakes. a lot of the practices are extremely easy and back-to-back with one another. occasionally it says you get a hard practice but I've yet to see really really hard ones. you can un-gamify it a bit in the options. to really learn a language, do it on paper right after a lesson, or immerse yourself for 30+ minutes and do the legendary every time.",5,6.87.6,2026-07-08T00:12:37,,
Duolingo: Language Lessons,com.duolingo,Education,65089a10-19b0-49b3-bcef-376cb0186094,sokat khan,3,,good 👍,1,6.86.4,2026-07-08T00:11:39,,
Duolingo: Language Lessons,com.duolingo,Education,b0507ce3-90de-40da-ad47-31f1320024b1,Chiza Botha,5,,Great for learning different languages 😃👍,1,6.86.5,2026-07-08T00:11:26,,
Duolingo: Language Lessons,com.duolingo,Education,7c4e4729-5309-45df-8bb0-f1ca38355fd7,Adnan Faisal latif,5,,"one of the best, simple and great interfaces I've experienced.",0,6.86.5,2026-07-08T00:07:04,,
Duolingo: Language Lessons,com.duolingo,Education,143e7041-a47a-437d-9aa9-cb2f45652787,Vusimuzi Mvelase,5,,10/10 best tool ever,0,6.86.4,2026-07-08T00:03:39,,
Duolingo: Language Lessons,com.duolingo,Education,f1449f41-3d18-4e1d-ba31-838289d9bb6b,Saifullah Mohammad,5,,whats up with the app's icons bro? edit : 117 streak!!,1,6.84.4,2026-07-08T00:02:22,,
Duolingo: Language Lessons,com.duolingo,Education,4d8421a8-bc35-482f-b8d7-27bea6d3014a,sarang nashvadian,5,,it's great 👍👍👍👍👍👍👍👍,1,6.86.5,2026-07-07T23:58:02,,
Duolingo: Language Lessons,com.duolingo,Education,5bf1c8b4-fdc5-43fe-8c60-147dfa515837,Rashid Hossain,5,,It is very good language learner apps i love gender du lingo,2,6.87.6,2026-07-07T23:57:45,,
Duolingo: Language Lessons,com.duolingo,Education,0859faef-11c2-44ea-9ab0-8135b4869b6e,Simarpreet,2,,I'll pay gems to not have to open chests. So annoying and such a waste of time.,5,6.86.5,2026-07-07T23:55:40,,
Duolingo: Language Lessons,com.duolingo,Education,8acab9b0-e5b8-48ca-b862-3b10b0d258c2,Fahima Akter,5,,very good,1,6.86.5,2026-07-07T23:55:40,,
Duolingo: Language Lessons,com.duolingo,Education,c807839b-789f-4d31-9173-ef862068cf17,Vacant Matri,5,,Vacant Matri helpful really helped me to learn Arabic language,1,6.86.5,2026-07-07T23:55:34,,
Duolingo: Language Lessons,com.duolingo,Education,bd2984ce-08d8-419e-a42d-a94505103db7,Joan Minnaar,5,,Love using this app.,1,6.86.5,2026-07-07T23:54:50,,
Duolingo: Language Lessons,com.duolingo,Education,a01ce341-74cd-4738-9885-3406db0318a1,Son Lamb,5,,best way to learn ... trust the first lesson trust me give it one lesson and you'll understand what I mean ... it's the best out there for all types of learners,1,6.86.5,2026-07-07T23:54:24,,
Duolingo: Language Lessons,com.duolingo,Education,31c08205-8a1c-4bf8-9375-348fa65f071c,Suman Refractory,5,,Srishti chauhan,0,6.86.5,2026-07-07T23:53:43,,
Duolingo: Language Lessons,com.duolingo,Education,178ce2dc-2a63-4b77-a8d2-8afff1272905,Dona Clines,1,,"it reupped the super family plan without telling me when it was going to. it declined on my cc because I have it frozen, so it went to my husband's cc which it was declined on there as Suspicious and then went after his amex. the only card registered on my account is my debit card. how did it get the info of 3 other cards that aren't on the account, 2 of which aren't even mine? that's fraud all day. absolutely not. DO NOT RECOMMEND AT ALL.",5,6.86.4,2026-07-07T23:52:25,,
Duolingo: Language Lessons,com.duolingo,Education,b9f421a3-50c8-4a1e-b681-73a4adec8822,Aditya Mane,5,,Nice app for learning different languages,1,6.85.7,2026-07-07T23:50:00,,
Duolingo: Language Lessons,com.duolingo,Education,20ceb77f-07b7-49a3-aa33-432a3c1d9dec,harshuw18,4,,it is a very good app for learning and it is not boring to learn I enjoyed it and because of it I went to a another country as a translator so it is good means I like it I don't know about another people,2,6.87.6,2026-07-07T23:49:55,,
Duolingo: Language Lessons,com.duolingo,Education,e3c923f5-b5bb-4526-b001-640b899883e7,Shah Khan,5,,awesome,1,6.86.4,2026-07-07T23:49:52,,
Duolingo: Language Lessons,com.duolingo,Education,f11ed233-0a48-47f9-812d-fd0151c04e50,Dileesh Das,4,,i wish they add more inclusive and self expressing options for avatr,4,,2026-07-07T23:48:43,,
Duolingo: Language Lessons,com.duolingo,Education,4dd557df-c074-48c2-8db5-9d48af7320c9,Kiki Nazwa,5,,"thanks, I can already speak English",0,6.86.5,2026-07-07T23:47:13,,
Duolingo: Language Lessons,com.duolingo,Education,86a3f244-fb21-4720-9c5e-aa1f6d3961fd,Elder Ishaq,5,,10/10 appreciated!,0,6.86.5,2026-07-07T23:46:04,,
Duolingo: Language Lessons,com.duolingo,Education,36f158e4-59de-408d-ae50-3332175024e5,Hiteshwari Sahu,5,,thank you Duolingo mujhe bahut achcha lag raha hai,1,6.85.7,2026-07-07T23:46:00,,
Duolingo: Language Lessons,com.duolingo,Education,93ff25f6-df56-4da6-9fc5-3055221d066f,Sanish Basnet,5,,best for launge app,1,6.86.5,2026-07-07T23:44:06,,
Duolingo: Language Lessons,com.duolingo,Education,f5520f27-78b5-4ea3-927c-e2f3f6ef5a84,Sehrish Mahesar,4,,it helps me to learn English!,1,6.86.4,2026-07-07T23:41:33,,
Duolingo: Language Lessons,com.duolingo,Education,bc0bae1b-82da-49f0-a75d-8f26ea774230,Aleksandr Sumarokov,5,,"Great app, totally free, if you don't mind watching ads time after time.",2,6.87.6,2026-07-07T23:40:37,,
Duolingo: Language Lessons,com.duolingo,Education,626d66fe-41d5-4b18-805f-4cad6db5240b,Afsana Shaikh,5,,love it😘❤️,1,6.86.5,2026-07-07T23:38:13,,
Duolingo: Language Lessons,com.duolingo,Education,5f1b8fe4-09f4-465c-95e9-f705d5d0d083,Steven Monroe and family,5,,I learned a lot about Chess,1,6.86.4,2026-07-07T23:37:18,,
Duolingo: Language Lessons,com.duolingo,Education,86035fc5-0ff7-4846-a091-f636fe546daf,Rahul Roy,4,,"the voice recognition needs a hilarious amount of work. very painful to be screaming ""I said 'stadt' you f#@# *###@** "" in the middle of the street out of frustration.",5,6.84.4,2026-07-07T23:37:03,,
Duolingo: Language Lessons,com.duolingo,Education,f64a9357-fab4-40b3-bdf7-ed6415720e17,Hala Mansour,5,,amazing,1,6.86.5,2026-07-07T23:36:13,,
Duolingo: Language Lessons,com.duolingo,Education,3f1a9394-0c1b-4885-ab14-82348c45822a,Faisal Ali,5,,Good,1,6.84.4,2026-07-07T23:35:39,,
Duolingo: Language Lessons,com.duolingo,Education,002edd2d-8cef-4701-b82b-c1098fdc64f2,Asim Al-ahdal,5,,This application is very nice I can study English with duolingo Thank You 😊 🙏,0,6.85.7,2026-07-07T23:35:25,,
Duolingo: Language Lessons,com.duolingo,Education,d223fb6d-1024-40a8-b7e3-c3dcc91978d2,Baghel Sir,1,,be careful,5,6.86.5,2026-07-07T23:34:35,,
Duolingo: Language Lessons,com.duolingo,Education,8e9f702b-cf21-4208-9b21-02361cf71a81,Debbie Roach,5,,This is a great way to learn a new language. both reading & speaking.,0,6.85.7,2026-07-07T23:33:48,,
Duolingo: Language Lessons,com.duolingo,Education,0c72bd41-4944-40df-9fa6-13267a0c8315,Ahsen Sheikh,5,,very nice,0,6.86.5,2026-07-07T23:33:31,,
Duolingo: Language Lessons,com.duolingo,Education,fdad0334-5282-41f2-978a-61d782426517,Bhupesh Bhupesh Saini,5,,very nice,0,6.86.5,2026-07-07T23:33:00,,
Duolingo: Language Lessons,com.duolingo,Education,89ddab9a-6e19-48df-a62c-b708f245153e,Faizal Mewati,5,,very nice mujhe bhut pasand aaye hai yeh app,0,6.86.5,2026-07-07T23:32:28,,
Duolingo: Language Lessons,com.duolingo,Education,30afa697-eff8-4301-8e43-c4b7801f4cc0,Ethiopian Cooking,2,,too many adds,6,,2026-07-07T23:31:51,,
Duolingo: Language Lessons,com.duolingo,Education,aa722053-42a2-4201-a5c8-be8af831ae04,Taimour Yousafzai,5,,it helps a lot in learning different languages and it also enhances our skills,0,6.85.7,2026-07-07T23:29:06,,
Duolingo: Language Lessons,com.duolingo,Education,07876900-1630-41bf-be37-43f189f284bf,Nonkululeko Matomane,5,,"Amazing,fun and encouraging",1,6.87.6,2026-07-07T23:24:13,,
Duolingo: Language Lessons,com.duolingo,Education,63cbd057-d913-41fd-94b7-07f83b33da1c,umaya 12,5,,good to learn,0,6.84.4,2026-07-07T23:23:50,,
Duolingo: Language Lessons,com.duolingo,Education,a8a65c54-13bd-407f-b20f-6f24030b2f15,Vikki,4,,very good easy to learn on,0,6.86.5,2026-07-07T23:23:35,,
Duolingo: Language Lessons,com.duolingo,Education,95d4176f-e347-409a-8d5c-c672a68af843,chizoba okechukwu,3,,The app is nice Dou streaks reminder is cute. Dou is motivational,0,6.84.4,2026-07-07T23:23:32,,
Duolingo: Language Lessons,com.duolingo,Education,aaff2154-8058-4db5-9863-782877109a63,Undjimuna,5,,I can learn German very quickly the best game ever,2,5.121.15,2026-07-07T23:22:28,,
Duolingo: Language Lessons,com.duolingo,Education,faf678ea-4463-413e-9f2d-356b846111e4,Devansh Jagtap,5,,I love this app,0,6.86.5,2026-07-07T23:18:32,,
Duolingo: Language Lessons,com.duolingo,Education,aab6c26e-2196-4646-959d-6986471dc57a,Agamevu “Agamevu” Agamevu,5,,"Excellent application, but why is it that one can't use his\her personal picture instead of avatar?",1,6.87.6,2026-07-07T23:18:28,,
Duolingo: Language Lessons,com.duolingo,Education,2d34ff2c-fa92-4c7b-b35f-57eba20fb7d0,Eliana Wambugu,5,,i learnt japanese here but there is smt wrong when i dont join for one day the app death stares me,1,6.86.5,2026-07-07T23:17:48,,
Duolingo: Language Lessons,com.duolingo,Education,f22e7022-428a-4cbe-959b-40725d88522f,Joshua,5,,I have become a much better chess player. once I get less busy with life I'll become a better Spanish speaker too! fun for learning and my kids enjoy it. the supermax is a little pricey for the year but if I had the money I think I would definitely do it for the sake of the family educating ourselves simultaneously. pretty small cost of tuition to be honest.,4,6.87.6,2026-07-07T23:17:35,,
Duolingo: Language Lessons,com.duolingo,Education,f0694642-0cc3-4ef6-865d-d87cdd5e1755,Mayas Alkabbani,5,,an amazing app especially for chess ♟️,0,6.84.4,2026-07-07T23:16:04,,
Duolingo: Language Lessons,com.duolingo,Education,39b1fb16-4394-4419-975d-26f1c12af77d,Suchi Sinha,5,,good,0,6.86.4,2026-07-07T23:15:22,,
Duolingo: Language Lessons,com.duolingo,Education,17e4b474-07dd-4b37-8cfa-7752b23ed083,Abhiraj Srivastava,5,,"it,s so nice for me.",0,6.86.5,2026-07-07T23:14:13,,
Duolingo: Language Lessons,com.duolingo,Education,e4b57198-61a6-435f-a8aa-9e24bff43c74,Abhishek Official,5,,nicse,1,6.87.6,2026-07-07T23:14:05,,
Duolingo: Language Lessons,com.duolingo,Education,0f45ed11-d306-4365-85bc-3ed4a8aabbbd,Rani Shah,5,,. mast hai download karo or shikho,1,6.86.5,2026-07-07T23:12:49,,
Duolingo: Language Lessons,com.duolingo,Education,4493990f-7802-4e8b-82c4-be8ac4c01ca1,Prameela Pangi,5,,iam soo like this app 😘🥰,0,6.85.7,2026-07-07T23:11:47,,
Duolingo: Language Lessons,com.duolingo,Education,26b8ca6a-10d7-4fc2-aebd-187315671ef7,Rajkumar Rimal,5,,playful.,0,6.86.5,2026-07-07T23:10:17,,
Duolingo: Language Lessons,com.duolingo,Education,c3d26e1d-0978-41cd-b108-7e78b5383b3a,Vaibhav Modha,5,,best,0,6.86.5,2026-07-07T23:10:11,,
Duolingo: Language Lessons,com.duolingo,Education,9f464926-4134-4e2e-a79d-9cf122467451,Taha,5,,بسیار عالی فقط محدودیت داره روزی یک یا سه مرحله بری بعدش باید فردا دوباره ادامه بدی ولی در کل عالییییی ❤️❤️❤️ زبان انگلیسی شما خیلی قوی میشه,0,,2026-07-07T23:09:34,,
Duolingo: Language Lessons,com.duolingo,Education,37502d22-cb16-4f41-a08e-857f45f551c5,Lubaba Rahman,5,,but use free trial,1,6.86.5,2026-07-07T23:07:44,,
Duolingo: Language Lessons,com.duolingo,Education,63997135-9652-4efc-af5a-a7af172d19da,Md Sahin,5,,very nice 👍,0,6.86.4,2026-07-07T23:07:43,,
Duolingo: Language Lessons,com.duolingo,Education,debdfbb3-04ea-4dfe-8148-913d0ab874dc,Ranjeet Chaudhary,5,,very nice,0,6.86.5,2026-07-07T23:06:25,,
Duolingo: Language Lessons,com.duolingo,Education,623a276f-affd-4720-814f-f4506de56814,Gerald Muthui,5,,❤️ ❤️ 😍 💖,0,6.85.7,2026-07-07T23:04:50,,
Duolingo: Language Lessons,com.duolingo,Education,dee5d28c-6922-4e07-bbbd-0a85b9e9c98c,Logan Winchester,5,,it really help me learn,0,6.86.5,2026-07-07T23:04:08,,
Duolingo: Language Lessons,com.duolingo,Education,ff537891-dc04-40ba-b73f-60d6368054f2,Ezichim Chimeremuma,4,,I like this language lesson it is really educative and I've been learning so much on French at the mean time but when I run out of data I won't be able to access it which is annoying which I never expected because before I downloaded the app you said you can do lesson for free pls do something so that lessons can be done for free,3,5.101.14,2026-07-07T23:03:24,,
Duolingo: Language Lessons,com.duolingo,Education,f23e09e4-1bdd-4efe-9d0a-75a08a9c97be,Josabet Flores Zavala,5,,Lo recomiendo %100 para principiantes.,0,6.86.5,2026-07-07T23:03:16,,
Duolingo: Language Lessons,com.duolingo,Education,af03d715-43a5-4ac5-a373-ca82b0de3f28,Ankobea John,5,,I like Duolingo,0,6.86.5,2026-07-07T23:02:21,,
Duolingo: Language Lessons,com.duolingo,Education,640dccad-2f0a-40a2-bb77-f7bb728f2c49,Bryan Lopez,5,,É uma aplicação muito divertida para aprender novos idiomas. Aprendi português em poucos anos graças ao Duolingo e espero que esta aplicação continue a crescer.,0,6.86.5,2026-07-07T23:02:17,,
Duolingo: Language Lessons,com.duolingo,Education,43b3243c-d0b7-4222-9a7c-7f550a9c59e9,Aidan Aguirre,5,,very good for learning Spanish on my first day I learned a lot of Spanish words that I could remember,1,6.86.5,2026-07-07T23:01:59,,
Duolingo: Language Lessons,com.duolingo,Education,add44125-9836-48f7-88f1-22bf31d25698,Sophia Marie,5,,This is the best app ever. I've learnt so many languages and chess using this amazing app,0,,2026-07-07T23:01:49,,
Duolingo: Language Lessons,com.duolingo,Education,e41e81b0-5280-4638-8992-e9ea53338e79,Richard Sigey,5,,It is wonderful app for learning Spanish. happy indeed 😊,0,6.86.5,2026-07-07T23:00:15,,
Duolingo: Language Lessons,com.duolingo,Education,75f47be3-f3ba-4984-9444-e2be7a3307e9,Varun Badale,5,,it's so good app to learn English i am very thankful to this app to teach me so many new words and English speaking,0,6.85.7,2026-07-07T22:59:36,,
Duolingo: Language Lessons,com.duolingo,Education,ac1a1c33-e625-42f6-9dbe-b8ac4923b35c,Tanveer Ansari Ansari,5,,very good,0,,2026-07-07T22:59:35,,
Duolingo: Language Lessons,com.duolingo,Education,8fb0fefd-a247-41c5-82a7-d71ac9c1f176,sk shuvo,5,,this is a perfect platform for learning English and another language,0,6.85.7,2026-07-07T22:57:48,,
Duolingo: Language Lessons,com.duolingo,Education,a4601135-a9b3-414b-a697-af55f64f0b87,Jennifer Audu-Peter,3,,Duolingo is amazing! I hope to be fluent in French in 3 months and I think I'll make it.,0,6.86.5,2026-07-07T22:57:36,,
Duolingo: Language Lessons,com.duolingo,Education,413557f0-7b70-4dd9-a0d8-1f6ad3f9a300,Santoshi yadav,3,,or hard word shikhna hai,0,6.87.6,2026-07-07T22:57:19,,
Duolingo: Language Lessons,com.duolingo,Education,6a5d4410-3cc7-4e9c-9659-a98783d461e9,Sowjanya Rotta,5,,it's very good 👍,0,6.86.5,2026-07-07T22:56:55,,
Duolingo: Language Lessons,com.duolingo,Education,f3bab7ad-c44b-479c-b66a-d2f0b957e817,khadija azizi,5,,I love this app it's amazing 👏,0,6.86.4,2026-07-07T22:56:15,,
Duolingo: Language Lessons,com.duolingo,Education,0d5e5d60-b191-4644-9a7a-700dcd0ea3a8,Sandip Kumar,4,,ok ok,1,6.85.7,2026-07-07T22:55:46,,
Duolingo: Language Lessons,com.duolingo,Education,04b0370d-0b8c-4c74-970e-d725ac6e7d74,Vaishali Kharat,5,,W APP GNG MUST TRY,0,6.86.5,2026-07-07T22:55:06,,
Duolingo: Language Lessons,com.duolingo,Education,2db23819-bd5b-4bd7-9535-8542a13d5da8,Shalini Rastogi,5,,I really love this app it helped me very much in learning if you are not sure about the app and checking it's review then you can definitely go for it,0,,2026-07-07T22:53:40,,
Duolingo: Language Lessons,com.duolingo,Education,3c27801b-bdb9-4876-81aa-7b82cafd3a66,Vivian Sbonia,5,,"love the chess courses please update the russian courses, allow for more advanced russian learning",1,6.86.5,2026-07-07T22:47:49,,
Duolingo: Language Lessons,com.duolingo,Education,fac34a1d-011c-4490-91b4-692efcc28131,New Phone,5,,very good,0,6.86.5,2026-07-07T22:46:59,,
Duolingo: Language Lessons,com.duolingo,Education,2ee73817-5d89-4e5b-8b56-fbd8696d5135,Bogolo Naane,3,,sometimes it is hard and the words are dont getting in my heard it's just to Cramer,1,6.85.7,2026-07-07T22:45:38,,
Duolingo: Language Lessons,com.duolingo,Education,55060232-147d-4947-8fbc-fc3cc183cbaa,Jordon,5,,it's fun and very helpful,0,6.86.5,2026-07-07T22:44:59,,
Duolingo: Language Lessons,com.duolingo,Education,32c7339b-153d-480a-bcea-75349124beee,Kelsey Share Kyle,5,,it's just soo entertaining,0,6.86.5,2026-07-07T22:44:56,,
Duolingo: Language Lessons,com.duolingo,Education,308a73b4-4717-433d-9548-cc74583e26c9,Ran bahadur Ran,5,,thats goob its help for japanes word,0,6.86.5,2026-07-07T22:44:28,,
Duolingo: Language Lessons,com.duolingo,Education,b7ccb3db-8f82-4d71-b107-d984141d49a6,Resu Maya,5,,good app for fast and solo learning,0,6.86.5,2026-07-07T22:44:16,,
Duolingo: Language Lessons,com.duolingo,Education,45d233d6-e12e-4188-a512-67e61b557e11,vignesh karma,5,,super,0,6.84.4,2026-07-07T22:41:37,,
Duolingo: Language Lessons,com.duolingo,Education,05b831c7-8637-41b3-8637-123a867f52be,Azalea Lanthe,5,,Duolingo is so much enjoyable and fun!! We can learn languages in fun ways. It's so cute. I never expected this app would be like that fun. Such an amazing app to learn your desired language.,0,6.86.4,2026-07-07T22:41:28,,
Duolingo: Language Lessons,com.duolingo,Education,d0c5dcf7-6283-414d-96cd-b884575f77f8,Alkesh Hashmee,5,,bhot hi achcha app hai english sikne ke liye,0,6.84.4,2026-07-07T22:40:57,,
Duolingo: Language Lessons,com.duolingo,Education,882f666a-e61d-4a63-8d9d-851daeb98394,Arbaz Khan,5,,this was just wondering what time we should meet up before Christmas 🎄 now or no,0,6.86.4,2026-07-07T22:40:43,,
Duolingo: Language Lessons,com.duolingo,Education,e58f32b4-1895-461d-b745-6a203696fb5f,Pooja Pooja,5,,"It's a very good app to learn any language or maths, chess and music and it is veryyyyyyyyyyyyyyy easyyyyy to learn . If u wanna learn any language, mathematics, chess or music 🎵 I would recommend u Duolingo and it's the best app to learn any language ever !!",0,6.87.6,2026-07-07T22:39:55,,
Duolingo: Language Lessons,com.duolingo,Education,42171f3f-8a9f-4f53-90ea-30df2f1a320d,Saibhargav Saibhargav,2,,it has bugs,3,6.84.4,2026-07-07T22:39:46,,
Duolingo: Language Lessons,com.duolingo,Education,bf65dbbb-4974-4fb7-8ea6-9e9b4ab36828,ethira Raju,5,,super and the best language learning app but very add,1,6.86.5,2026-07-07T22:39:15,,
Duolingo: Language Lessons,com.duolingo,Education,a2a713b5-85a9-4c56-9b13-5a61231b3a41,Subramanyam R,5,,soo good app,0,6.86.5,2026-07-07T22:38:12,,
Duolingo: Language Lessons,com.duolingo,Education,85f46338-8edf-46fa-87cc-f7f3724722c5,Koyna Srivastava,5,,it's helpful in learning the language it's just that if it provides some video classes for grammar it could be better,0,6.86.5,2026-07-07T22:38:07,,
Duolingo: Language Lessons,com.duolingo,Education,a0deaef8-d4b5-4a90-9c47-920f13029a26,Priyanshu Verma,5,,very good app,0,6.86.5,2026-07-07T22:36:44,,
Duolingo: Language Lessons,com.duolingo,Education,cec06ad0-f33c-47f6-8187-10bf173791df,Krish Kr,5,,I love it because the feature of this app are awesome....and such interactive freinds make it more amazing 😍,0,6.86.5,2026-07-07T22:35:59,,
Duolingo: Language Lessons,com.duolingo,Education,b05b5e53-10a5-4f23-ac93-96b3d6724e90,Roumik Dutta,5,,"Really good and playful entertaining, anyone who wants to learn language they would never feel boring.",0,6.86.5,2026-07-07T22:33:37,,
Duolingo: Language Lessons,com.duolingo,Education,777481be-bb1c-4f14-8c88-6f2e2c39560a,Ichonma Emmanuel,5,,I am speechless,0,6.86.5,2026-07-07T22:33:21,,
Duolingo: Language Lessons,com.duolingo,Education,54f9d881-68e1-48c0-9641-a148043723c9,Rajni Kanwar,4,,veryyyy guddd aapp👍🏻,1,5.141.12,2026-07-07T22:33:11,,
Duolingo: Language Lessons,com.duolingo,Education,b80bfedb-2a6d-4f68-84c6-feacc5ad4e94,Hamed Fd,5,,super,0,6.86.4,2026-07-07T22:32:04,,
Duolingo: Language Lessons,com.duolingo,Education,cb0ac88e-a8ee-4402-be20-5b0587bcc6e9,Asma Akter,5,,5 star.,0,6.86.5,2026-07-07T22:31:30,,
Duolingo: Language Lessons,com.duolingo,Education,d12d3b9e-b6af-4c00-b352-e7537b1591c2,Rupa Bhadhar,5,,it's actually helpfull I am learning French and I improve alot...,0,6.86.5,2026-07-07T22:31:14,,
Duolingo: Language Lessons,com.duolingo,Education,a165cd2f-5caa-40fd-83a6-98a5e3e5f0bd,Aleeza Ali,5,,feb but too much ads,1,6.86.5,2026-07-07T22:30:52,,
Duolingo: Language Lessons,com.duolingo,Education,e8b7605e-3eb5-4716-9094-5a28df7be33f,Aniket Dixit,3,,I like Duolingo but I think the developer should remove the limit of 25 energy per day,3,6.86.5,2026-07-07T22:29:19,,
Duolingo: Language Lessons,com.duolingo,Education,1f95f9da-a267-4990-a634-0294ce1e26db,John Shivolo,5,,Thank you for duolingo.,0,6.86.5,2026-07-07T22:29:18,,
Duolingo: Language Lessons,com.duolingo,Education,3fa3c41f-6d07-40fd-a1a1-b49bcdf96e86,ramtin jozi,5,,If Doulingo add a support for Persian language and teaching with that be grante.,0,6.85.7,2026-07-07T22:27:54,,
Duolingo: Language Lessons,com.duolingo,Education,3bad802a-fbb2-4d79-8c0d-63c2e5530e29,Ananya Das,5,,good app try it 😀👍☺️,0,6.86.5,2026-07-07T22:27:05,,
Duolingo: Language Lessons,com.duolingo,Education,9b490408-d06b-4b7b-89da-e1b55a6b95bc,Rhea`Roy Roy,5,,SUPER GOOD 🏳️‍⚧️🏳️‍🌈AMAZING THANKS FOR THE APP SUPPORT AND DEVELOPMENT,0,6.87.6,2026-07-07T22:26:40,,
Duolingo: Language Lessons,com.duolingo,Education,0ba3313d-9231-4b51-9e30-b09f35c5a34e,Meenakshi Bhat,5,,"It is good for learning many languages like french, japanese, russian etc .",0,6.86.5,2026-07-07T22:26:36,,
Duolingo: Language Lessons,com.duolingo,Education,b349093a-bab7-41eb-8523-5d5f2cbe4097,Isha Yadav,5,,very nice,1,6.87.6,2026-07-07T22:26:23,,
Duolingo: Language Lessons,com.duolingo,Education,a4997ab3-8ff2-4cb7-b57a-a0d2f6cba02c,Leo Naveen,5,,It's really helpful for learning a new language. I advice others to use this app for learning a better language.,0,6.86.4,2026-07-07T22:26:04,,
Duolingo: Language Lessons,com.duolingo,Education,cc63c62b-655b-4546-8254-02bbdcccb241,Vandana Kumari,5,,my thinking is a Duolingo is the best for next apportunity in life,0,6.86.4,2026-07-07T22:25:55,,
Duolingo: Language Lessons,com.duolingo,Education,dd5ac760-99a1-4608-876c-9d9af4d43d5d,Shivam Gupta,2,,"I loved this app, but now they have added a ""charge"" thing it means i can only get limited lessons, which is so irritating, so like, without charges, this app is useless, and sometimes charges run out in between lessons and then you wont be able to continue it. its kinda irritating",4,5.141.7,2026-07-07T22:24:06,,
Duolingo: Language Lessons,com.duolingo,Education,6c4756c2-2d6d-49cd-b586-58cbf58221fc,N vithika N,5,,nice,2,5.121.15,2026-07-07T22:24:01,,
Duolingo: Language Lessons,com.duolingo,Education,698b1ccf-6e74-4331-a3e7-b5997a157c04,Damian Richard,5,,The best language learning app 💯💪,0,6.84.4,2026-07-07T22:23:54,,
Duolingo: Language Lessons,com.duolingo,Education,9cdde678-e136-4a46-a22e-a7730e169418,Andy Thompson,1,,No monthly payment option. They want a whole year up front.,6,,2026-07-07T22:23:50,,
Duolingo: Language Lessons,com.duolingo,Education,572205aa-0d55-4673-a8ec-bfa28924475d,Max,5,,i cant find anything rong I have been going 13 days and I rememver almost everything unlike normal,0,6.86.5,2026-07-07T22:23:11,,
Duolingo: Language Lessons,com.duolingo,Education,480de354-689b-4210-aee8-fea85c1ae0eb,Swapna Rani Nath,4,,"it's too useful app to learn various languages, but while learing, various types of advertisements disturb me!",2,6.84.4,2026-07-07T22:20:17,,
Duolingo: Language Lessons,com.duolingo,Education,6b0f8af6-4e8f-44a3-b047-bc8e85e8d4e2,Arti Pandey,5,,wow super nice game,0,5.141.12,2026-07-07T22:19:47,,
Duolingo: Language Lessons,com.duolingo,Education,3cb7d3f6-ab44-446a-bf95-252f4f99d0a0,Rakesh Bherve,5,,very good,0,6.86.4,2026-07-07T22:17:03,,
Duolingo: Language Lessons,com.duolingo,Education,416d3aaf-ba46-430a-a0cc-5e01b00f26e2,Aya Abdelkarim,4,,أكثر برنامج رائع لتعلم الإنجليزية ( و لُغات أخرى كثيرة ) بسيط و مُفيد ، يتعامل مع المهارات الأربعة للغة(القراءة والكتابة و الإستماع و التحدث). به عيب واحد أنه يتضمن بعض مصطلحات المثلية,260,6.87.6,2026-07-07T22:16:11,,
Duolingo: Language Lessons,com.duolingo,Education,e41cbd14-33ba-4269-b062-6f22d05889db,Amandeep Kaur,5,,it's so helpful learn to english so plz install the app guys,0,6.86.5,2026-07-07T22:15:47,,
Duolingo: Language Lessons,com.duolingo,Education,5f077f14-ac5f-47a3-8a50-980241a9339b,Stephen p,5,,this app is very useful for me and simple and easily learn the language I like this app 💗,0,6.86.5,2026-07-07T22:15:27,,
Duolingo: Language Lessons,com.duolingo,Education,473cc03a-6cd3-4e53-8f25-058d881ac6d3,Aditya Pratap Singh,5,,This is best in English learn . Thanks for Duolingo,1,6.86.4,2026-07-07T22:15:03,,
Duolingo: Language Lessons,com.duolingo,Education,f618785a-f97a-4f20-add1-31df39f23715,Tonya Livingston,5,,I like it,1,6.86.5,2026-07-07T22:14:27,,
Duolingo: Language Lessons,com.duolingo,Education,840c7888-354e-4283-a9e6-bef2fdd2268b,Sharon Perry,5,,I'm not very good at languages but I find I am remembering words and getting confident at speaking Korean with the aid of this app.Highly recommended 👍,1,6.86.4,2026-07-07T22:14:14,,
Duolingo: Language Lessons,com.duolingo,Education,c26d6c6d-36b5-43be-ba2d-b5bb4d2de66d,Aadi Kumar,5,,"Duolingo is the best app for learn languages and maths,chess .It helps us in study and chess",2,6.87.6,2026-07-07T22:14:10,,
Duolingo: Language Lessons,com.duolingo,Education,7144a9a5-595a-4d6d-9904-8cae94471dd3,Alejandro Pernia Ramirez,5,,it's is so much better and fun,1,6.86.5,2026-07-07T22:13:36,,
Duolingo: Language Lessons,com.duolingo,Education,3b5e06cc-ea4e-4ce0-a29d-3afafdbe2003,Anita Pandit,5,,This app is very useful . My favourite app 🌸💖❤️‍🔥❤️,0,6.85.7,2026-07-07T22:12:12,,
Duolingo: Language Lessons,com.duolingo,Education,d3ad30f3-a848-461f-9eb3-5cf3668d5bb5,RAHUL BISHT,5,,beautiful,0,6.86.4,2026-07-07T22:11:53,,
Duolingo: Language Lessons,com.duolingo,Education,8d78793a-0f7a-4de8-8e29-472e853de192,Ritu Yadav,5,,too good to learn English,0,6.85.7,2026-07-07T22:11:24,,
Duolingo: Language Lessons,com.duolingo,Education,83b04470-16d5-4202-a0c3-11e236e7b22c,Gwen J Marshall,5,,"Sometimes the sentences are too long, as an sr. American on social security i don't have $ for upgrades & we need more chances to get things correct. also, I don't like the 1's where you have to guide someone in a library. I had Covit and was in the hospital for a month and it points against me. I've done about 1500+ words & I think every time we get to another 1k words we should get added chances to get things correct w/o paying. Also I have arthritis in my I don't see the end of the page",2,6.86.4,2026-07-07T22:11:00,,
Duolingo: Language Lessons,com.duolingo,Education,9b8d9618-cc6c-4183-991e-a3117bde92f7,DJ5MIR,5,,"I probably have to wait another day, cuz I keep going to another lesson about 1 SECONDS LATER 😄 🤣 😂",0,6.85.7,2026-07-07T22:10:21,,
Duolingo: Language Lessons,com.duolingo,Education,56fd91d1-38b3-4d8e-996b-01ce114ad967,Brandon Cerra,3,,"Please make an adult version!!! there is a point in which the app is helpful to continue learning new words and context, however, I could really do without the animations in between lessons and pressing the screen three times to open up a mysterious box that has the same gems as every other time there's a box open. I understand that this is a user experience for multiple ages and I wish there was a setting that you could turn off all of the wasted time fluff. necesito algo mejor porfa",4,6.87.6,2026-07-07T22:10:12,,
Duolingo: Language Lessons,com.duolingo,Education,0fbe4e46-08e4-4923-aeed-2c2140792294,tobbytennyson45,5,,"I downloaded Duolingo to learn Japanese so I can watch anime and understand it well. Now I can even speak Japanese a little good. If you wanna be multilingual, this is the app for you. Why are you still reading this? Go download it right now!!!!!",1,6.86.5,2026-07-07T22:09:45,,
Duolingo: Language Lessons,com.duolingo,Education,4ae00306-dea6-4070-b916-84008e1e4051,Lucie Novotna,1,,"The family invitation does not work, received invitation link, but if i click on it, it opens playstore( I have already installed the app and i am logged in). So i click ""open"" in the playstore and nothing happens. Why there is no possibility to share some code or something? like this with all the adds, the app is useless.",4,6.87.6,2026-07-07T22:09:35,,
Duolingo: Language Lessons,com.duolingo,Education,4e239afc-8d0a-4c16-9cdd-41ff566746d9,Fakhara Azhar,5,,best,1,6.86.5,2026-07-07T22:09:17,,
Duolingo: Language Lessons,com.duolingo,Education,c2d3a266-64b5-458f-9e0d-6c57e9fc5fbb,Haima Benfadel,5,,🥰🥰🥰,1,6.86.4,2026-07-07T22:08:55,,
Duolingo: Language Lessons,com.duolingo,Education,24b6791a-b6de-4165-978c-a7d1afcae100,Nasibo,5,,it's the best 🥰♥️❤️‍🔥👍👍👍👍👍 it's reliable for me,1,6.86.5,2026-07-07T22:08:49,,
Duolingo: Language Lessons,com.duolingo,Education,a9bf4231-ee87-467d-bba7-da80b8a892d9,Jose Echevarria,5,,Great app!!!!,1,6.86.5,2026-07-07T22:07:35,,
Duolingo: Language Lessons,com.duolingo,Education,773497b6-0b69-4870-81fc-f27391c21a8d,Joe Rogerson,5,,I love it it helps me learn and I'm proves my french,1,6.85.7,2026-07-07T22:06:56,,
Duolingo: Language Lessons,com.duolingo,Education,0aaee6a6-4385-4def-909d-d106a6efb362,Devil_side Official,5,,awesome app,1,6.86.4,2026-07-07T22:06:22,,
Duolingo: Language Lessons,com.duolingo,Education,d861ff2e-349c-4c4c-b6f9-531bec72fa18,omodolapo abdulmalik,5,,it's fun and educative helps me.learn in a fun way,1,6.84.4,2026-07-07T22:04:59,,
Duolingo: Language Lessons,com.duolingo,Education,b7734388-0f03-4978-bc86-90bf7211c894,Silju Thulasi,5,,good for learning,1,6.86.5,2026-07-07T22:04:35,,
Duolingo: Language Lessons,com.duolingo,Education,c0822b4c-d947-437e-8554-b4903b19ebef,Olivia Autrey,5,,I already know basic vetimeans,1,6.86.5,2026-07-07T22:02:58,,
Duolingo: Language Lessons,com.duolingo,Education,20165ecc-a32c-41fb-b75f-a4c7e50c98f3,p tejaswi,5,,super,1,6.85.7,2026-07-07T22:02:55,,
Duolingo: Language Lessons,com.duolingo,Education,9bd17977-2584-4f5b-ad6e-7bbf457ca8e3,Carol Youwer,5,,I love this app. It's fun and easy to use.,1,6.86.5,2026-07-07T22:01:59,,
Duolingo: Language Lessons,com.duolingo,Education,6c88da84-9586-4172-aadd-e584c0ade9de,Piyush Tank,5,,the best app to learn japanese for free...the teaching style is really so good.,1,6.84.4,2026-07-07T22:00:37,,
Duolingo: Language Lessons,com.duolingo,Education,9acb6a75-e22e-4b42-a909-c62dca5eb636,Ravi yadav Ravi yadav,5,,tough words lao,1,6.86.5,2026-07-07T22:00:24,,
Duolingo: Language Lessons,com.duolingo,Education,541b148f-21bd-4c0f-aead-0a682e70a352,Zia Desmore,5,,it's very nice and helps me better to understand Chinese and even more languages,1,6.86.5,2026-07-07T21:59:49,,
Duolingo: Language Lessons,com.duolingo,Education,1db6aee8-f0ae-4484-be6c-d703b0bdf88b,Chandni Sahu,1,,very best app ☺,2,6.86.4,2026-07-07T21:59:23,,
Duolingo: Language Lessons,com.duolingo,Education,896e5ac7-44bc-4f59-b9e8-991a2c28b7c6,Kishan Kumar,5,,what is amazing,1,6.86.5,2026-07-07T21:58:54,,
Duolingo: Language Lessons,com.duolingo,Education,7580f0ea-addf-4669-978c-4ea77f54cc60,Farzad,3,,irritating icon change,1,,2026-07-07T21:58:45,,
Duolingo: Language Lessons,com.duolingo,Education,b1d5afae-3c0d-45ed-b524-3ea7f6fee9be,Edward Chandra,5,,"pretty useful though, this app will use for kids as well",1,6.84.4,2026-07-07T21:57:11,,
Duolingo: Language Lessons,com.duolingo,Education,13396c1f-98e7-4b3c-a5d5-c7a1c738688f,lilian kitta,4,,i'm enjoying learning English with Duolingo,1,6.86.5,2026-07-07T21:56:44,,
Duolingo: Language Lessons,com.duolingo,Education,78137407-b74e-4560-860c-1efe505f9689,A Bouche,5,,Makes learning a language so fun and engaging!,1,6.86.4,2026-07-07T21:56:36,,
Duolingo: Language Lessons,com.duolingo,Education,da8be82b-857b-4d13-8951-9a05d26c6b77,Cdt sgt vaitheeswari,4,,obsessed with streak,1,6.84.4,2026-07-07T21:56:26,,
Duolingo: Language Lessons,com.duolingo,Education,2cd17bc9-806b-400a-acf1-f1c72a7f2178,POPI DAS ROUTH,5,,it's literally very nice I LOVE IT I didn't see any apps like this,0,6.86.5,2026-07-07T21:55:37,,
Duolingo: Language Lessons,com.duolingo,Education,adca3849-d47c-40f8-a352-682ecfd886c2,Parmod Kumar,5,,ye kaafi easy or Playful aap hai,0,6.86.5,2026-07-07T21:54:29,,
Duolingo: Language Lessons,com.duolingo,Education,f7355261-61e4-4881-bffa-44bfc5ae3163,Chirag Shyamsukha,5,,very decent app for learning new language but not good for a particular mastery As it's main function is too make you a DUOLINGO 😂,0,6.86.5,2026-07-07T21:52:54,,
Duolingo: Language Lessons,com.duolingo,Education,ed6479c2-05d1-4ab8-8f1a-d838e679541c,Gayathri N Dbjc 12,5,,good,0,6.86.4,2026-07-07T21:52:44,,
Duolingo: Language Lessons,com.duolingo,Education,52b1526c-1147-451a-969f-fe9d914994f5,vandana daberao,4,,cute,1,6.86.5,2026-07-07T21:52:36,,
Duolingo: Language Lessons,com.duolingo,Education,4ad5c0b5-ec06-4ab6-88e5-4a00c5fc46e2,Desta Riyanti,5,,okey,0,6.86.5,2026-07-07T21:52:27,,
Duolingo: Language Lessons,com.duolingo,Education,8a571154-90f0-4b2c-bada-7301263e27d2,JD Harris,4,,it's a good app to learn but it needs to have more options for the type of language. Spain Spanish is different than Mexico Spanish for example. need to learn more slang Spanish not proper Spanish.,0,6.86.5,2026-07-07T21:52:19,,
Duolingo: Language Lessons,com.duolingo,Education,75a13222-7958-412b-b96e-7f4d1a596d6c,Sneha Kulkarni,4,,Great app for learning language,0,,2026-07-07T21:51:50,,
Duolingo: Language Lessons,com.duolingo,Education,671d2b7b-78e9-4cea-9e06-f0aa72c13c32,Esther Nneji,5,,I learn a lot of new things everyday now,0,6.86.5,2026-07-07T21:51:45,,
Duolingo: Language Lessons,com.duolingo,Education,57871982-6baa-4b0c-9ec3-e68c55cd43d6,Maria Kamngisha,5,,it's good and does not need any payment,0,6.85.7,2026-07-07T21:51:34,,
Duolingo: Language Lessons,com.duolingo,Education,87aa89d1-dd5b-4c95-ad47-91de028d2f48,Chathura 9345,5,,very important it,0,6.84.4,2026-07-07T21:50:51,,
Duolingo: Language Lessons,com.duolingo,Education,2d6cdf7e-40b2-45b6-95bb-28efab115a90,SALIM KASSIM,5,,fabulous 👌,0,6.86.5,2026-07-07T21:50:06,,
Duolingo: Language Lessons,com.duolingo,Education,b8196443-d3bc-488e-b542-5adc44f03321,Alireza Hosseini,5,,perfect,0,,2026-07-07T21:50:02,,
Duolingo: Language Lessons,com.duolingo,Education,a8cf5ae6-1dfd-46cc-b173-e8f08a0e16d2,Rayisha,4,,best app ever 😁👍,1,6.86.5,2026-07-07T21:49:47,,
Duolingo: Language Lessons,com.duolingo,Education,00540b60-a693-4caa-a600-433cd3628392,toperoromo jesca,5,,"i am learning French currently,fron the beginning and Duolingo is really helping me .Mercy",0,6.86.5,2026-07-07T21:48:47,,
Duolingo: Language Lessons,com.duolingo,Education,b9df288a-dfd5-4fba-8099-109a56b0dc65,Sandeep Kaur,5,,I really love this app. It improved my English without any payment.,0,6.84.4,2026-07-07T21:48:24,,
Duolingo: Language Lessons,com.duolingo,Education,f9817a8b-b959-4aee-a0ed-92e385750daa,Pritheesh Gnanaselvam,1,,"I'll give it a 5 star when they give the option to mute Oscar when playing chess. it's so annoying. He keeps saying the same things again and again. Ruined my experience completely, almost makes it less interesting to play chess on the app.",3,6.86.5,2026-07-07T21:48:17,,
Duolingo: Language Lessons,com.duolingo,Education,30eb6f34-9bca-44a1-bc2f-37afa9b4ebb6,PUSHPENDRA TIWARI,3,,very nice 💯,0,6.86.5,2026-07-07T21:47:46,,
Duolingo: Language Lessons,com.duolingo,Education,51cc88ae-0172-469a-9484-186ae301561e,Aziza Radjabova,4,,good but...,1,6.86.5,2026-07-07T21:46:03,,
Duolingo: Language Lessons,com.duolingo,Education,b0916443-79ee-4435-ae61-01a13590541d,Thandolwethu Ntengo,5,,love the teaching method,0,6.86.4,2026-07-07T21:45:23,,
Duolingo: Language Lessons,com.duolingo,Education,d10ff4c7-65b8-4651-b872-75c540447039,Roberto Bosco,4,,"It is generally a good app but, sometimes doesn't hear my voice in the pronunciation exercises & give me exercise with words I've no idea what they are! Also, if you ask me to tell you something, i wouldn't be able to, as it focuses on trivial things; like the apple is on the table.. Rather then, hi how are you! Although still learning something.",5,6.87.6,2026-07-07T21:45:12,,
Duolingo: Language Lessons,com.duolingo,Education,81740502-02a0-4995-9348-11b49a222d09,A Google user,5,,Helps my chest skills.,1,6.86.5,2026-07-07T21:44:34,,
Duolingo: Language Lessons,com.duolingo,Education,e7776744-4f01-4485-b66e-95f3d4eedb61,Aashish Kumar,5,,Best App,0,6.86.5,2026-07-07T21:42:45,,
Duolingo: Language Lessons,com.duolingo,Education,5f7441e4-4fb5-4b5f-ad25-37a3e1546a75,Rahmat Hussain,5,,very nice,0,6.86.5,2026-07-07T21:42:14,,
Duolingo: Language Lessons,com.duolingo,Education,7c72bdad-9fa1-41e2-bdfa-88593aef67bf,Anish sarkar,5,,this is so good I love it I can talk to another country easily 😜😜 it's so good I love it so so so muchhhh,0,6.86.5,2026-07-07T21:40:52,,
Duolingo: Language Lessons,com.duolingo,Education,2f01d12a-9a98-4255-b36a-d2511ac24c7c,Rayan Faysal,5,,this app is so good and fun you should try it.,1,6.87.6,2026-07-07T21:40:51,,
Duolingo: Language Lessons,com.duolingo,Education,3be21c07-2f01-4629-9fbe-8311defd4ac4,Ifeanyi Genevive,5,,Helps a lot 😎🔥🔥🔥🔥,0,6.83.4,2026-07-07T21:40:18,,
Duolingo: Language Lessons,com.duolingo,Education,a6d4af70-85c3-4e60-a674-0e4ca1c3e5cb,saminda fernando,5,,one of the best apps I've ever seen... respect.. keep up the good work...,0,6.83.4,2026-07-07T21:39:46,,
Duolingo: Language Lessons,com.duolingo,Education,84e134c7-b320-48ff-a941-33e7df3f334f,amirreza ramezan,5,,best best best,0,6.84.4,2026-07-07T21:39:15,,
Duolingo: Language Lessons,com.duolingo,Education,5daba9ea-a788-4d09-920e-75e4544994a8,SAKTHI RAJESHWARI,4,,super,1,6.86.4,2026-07-07T21:38:35,,
Duolingo: Language Lessons,com.duolingo,Education,342bf048-c7a3-4e2c-8b5e-6727e927a1f3,Ubaida Musa,5,,it is a fun and educational app,0,,2026-07-07T21:38:25,,
Duolingo: Language Lessons,com.duolingo,Education,00328d33-9093-4cfa-a4d4-11d3f2ed1030,sila,5,,It's so much fun! I feel like I'm playing a really enjoyable game. I loved it!,0,6.86.5,2026-07-07T21:38:07,,
Duolingo: Language Lessons,com.duolingo,Education,c60f41ed-db36-4c5f-872f-17e715516c03,Aahana Tyagi,5,,its way too good,0,6.86.5,2026-07-07T21:37:40,,
Duolingo: Language Lessons,com.duolingo,Education,92773ddc-1d85-4090-87c0-4c6b5a125b5c,Sanjeev Sahu,5,,learning languages is easy on Duolingo,0,6.86.5,2026-07-07T21:37:16,,
Duolingo: Language Lessons,com.duolingo,Education,d89dd525-ed51-4aae-bc13-c2ffb396fbd0,Michael Marshall,5,,helps me,0,6.86.5,2026-07-07T21:36:39,,
Duolingo: Language Lessons,com.duolingo,Education,56c97943-c922-4b8e-a150-10fa106314c6,Khadija sana,5,,Greatttt app,0,6.86.5,2026-07-07T21:35:16,,
Duolingo: Language Lessons,com.duolingo,Education,b52fe75c-c4d6-4857-86f3-6f9fdeea3a58,Andrii Dniprovskyi,5,,I love the app and it is a great way to learn new languages,0,6.86.5,2026-07-07T21:33:26,,
Duolingo: Language Lessons,com.duolingo,Education,eab7c192-f57a-413a-a430-0f0714f8092f,Vandana,5,,the best app to learning English,0,6.85.7,2026-07-07T21:33:14,,
Duolingo: Language Lessons,com.duolingo,Education,fe73ff28-fa5c-47f5-b3bd-78c7f49ad9b4,Jay Dhruv,5,,this app is very good and educational,0,6.84.4,2026-07-07T21:31:58,,
Duolingo: Language Lessons,com.duolingo,Education,8d5067e6-f5de-4f13-99eb-00bd4c320c80,Eli Yahu,5,,"I love the new features in the app! The Spanish course has taught me a lot, and the Chess is fun, and my favorite mobile chess. Thanks to the developers, and creators, for making an awesome learning app. the new chess option to play with real people is awesome! :)",1,6.83.4,2026-07-07T21:31:56,,
Duolingo: Language Lessons,com.duolingo,Education,c4c58d4b-9538-462a-917a-aac7f3a3a5b7,budidha madhavi,5,,good app develop more?,0,6.86.5,2026-07-07T21:28:31,,
Duolingo: Language Lessons,com.duolingo,Education,fa63cbdc-1bfc-4dc7-a9d6-5f9ae0829e09,Manasa R,5,,very good learning app,0,6.86.5,2026-07-07T21:28:30,,
Duolingo: Language Lessons,com.duolingo,Education,dcfd2b8a-57a2-4124-bde3-7324aa8e305a,Anya,5,,perfect 👌,0,6.86.4,2026-07-07T21:28:30,,
Duolingo: Language Lessons,com.duolingo,Education,4f630242-0e6d-40da-9490-5e49445bfe95,fatemeh,4,,Cool,1,6.84.4,2026-07-07T21:28:11,,
Duolingo: Language Lessons,com.duolingo,Education,f5f12b61-6417-4b24-b78c-94517b5e7890,Yewande Iyanoye,4,,it's an entertaining app and the languages are taught with care and understanding,1,6.84.4,2026-07-07T21:27:40,,
Duolingo: Language Lessons,com.duolingo,Education,199bdbf9-f65f-4ec2-8b6e-3b7de4530c36,Parsamanesh Family,4,,this is good. but I wanna learn Japanese but I don't understand German. why this is like this? please fix this,0,6.86.5,2026-07-07T21:24:49,,
Duolingo: Language Lessons,com.duolingo,Education,4273033c-2564-420e-add1-a9aec6a790bb,Henry Stinchcomb,5,,helps u learn! Amazing Digital Circus Season,0,6.86.5,2026-07-07T21:23:18,,
Duolingo: Language Lessons,com.duolingo,Education,55a0c919-86a3-4c37-a0c0-d8629fb85308,Karan Yadav,5,,my experience is very good about this app. this app is ausom,0,6.84.4,2026-07-07T21:23:11,,
Duolingo: Language Lessons,com.duolingo,Education,ea5a8759-8be3-4a76-b013-826538c61f10,Bhureshing Rajput,4,,bhot hi bhadiya app he Aap bhi jaldi se download kijiye or English shikhiye,1,6.86.5,2026-07-07T21:22:51,,
Duolingo: Language Lessons,com.duolingo,Education,32a10088-d173-4aa0-8877-4df79be28ef3,Bristi Mazumdar,5,,gaming with knowledge gathering. i just love it.every new language learner should try this app,0,6.86.4,2026-07-07T21:22:27,,
Duolingo: Language Lessons,com.duolingo,Education,04834958-7bb6-4a8f-ad8d-6dc32171d671,Pampa Ambal,5,,bast teaching app,0,6.86.5,2026-07-07T21:21:42,,
Duolingo: Language Lessons,com.duolingo,Education,bd9fbddf-4704-46a3-8ae7-74875a36e76c,Tino Ndlovu,5,,besttt😭😭❤️❤️,0,6.86.5,2026-07-07T21:21:38,,
Duolingo: Language Lessons,com.duolingo,Education,d0e7f703-1e12-4bc2-b246-3678027c6254,Sushila,5,,good app,0,6.86.5,2026-07-07T21:19:41,,
Duolingo: Language Lessons,com.duolingo,Education,b47b54f8-0105-43e5-bac5-665bbfc7d6f3,F,5,,My app has been crashing since yesterday after every lesson and just before I'm about to claim 10 mins of triple XP for the next day. It reverts back to pick a language section. I'd be grateful if someone could help me out with it. Thanks,1,6.86.5,2026-07-07T21:19:20,,
Duolingo: Language Lessons,com.duolingo,Education,f9cc02f6-c7d7-441c-8c48-4dee8e0fd91a,Anime Father,5,,"it's a very good app for beginners, try and see yourself",0,6.86.5,2026-07-07T21:17:58,,
Duolingo: Language Lessons,com.duolingo,Education,c9d4f30d-e28a-4a72-bf0e-c0a79a986c9a,Hlelolwenkosi Zungu,3,,Always ask money for help me,0,6.86.4,2026-07-07T21:17:36,,
Duolingo: Language Lessons,com.duolingo,Education,985589f7-caf1-4d2a-a731-fd7e6f0bc282,Khushbu Thakur,4,,i like this app,1,6.86.5,2026-07-07T21:16:46,,
Duolingo: Language Lessons,com.duolingo,Education,557af689-3dcf-459a-84d3-d2a93cbcfc7f,Niyan Dulal,5,,awesome app with out unwanted ads,0,6.86.5,2026-07-07T21:15:43,,
Duolingo: Language Lessons,com.duolingo,Education,f506e07f-3d1d-423b-b571-9c4bf3a9c92d,Cynthia,4,,very easy to learn. Everyone should try and download buh pls buy a lot of data bye,1,6.86.4,2026-07-07T21:14:57,,
Duolingo: Language Lessons,com.duolingo,Education,7bf1a9bd-46a6-4f80-80d5-3c352b01911a,Korounganbi Devi,5,,very helpful app 🫠🫠🎀,0,6.86.5,2026-07-07T21:14:47,,
Duolingo: Language Lessons,com.duolingo,Education,7bbb1400-9208-4914-a86e-540297aae2ad,Mukesh Paswan,5,,wow,0,6.86.5,2026-07-07T21:14:38,,
Duolingo: Language Lessons,com.duolingo,Education,61af0c7e-47f9-48fa-bc9a-8d5f226e76b4,Amon Kalenga,4,,really good,0,6.80.6,2026-07-07T21:14:15,,
Duolingo: Language Lessons,com.duolingo,Education,f72360e7-f2ac-418c-8508-c1cf958f0ad4,Komal Jangid,1,,nice,1,6.86.5,2026-07-07T21:13:25,,
Duolingo: Language Lessons,com.duolingo,Education,1c36a471-8229-46ce-bd02-e6dcc67c0937,Kinjal Mali,5,,good app,0,6.86.5,2026-07-07T21:12:54,,
Duolingo: Language Lessons,com.duolingo,Education,53c17860-e2d5-4e16-98dc-0fd17ad87b32,YUVI BISHNOI,5,,Nice 🙂,0,6.86.5,2026-07-07T21:12:39,,
Duolingo: Language Lessons,com.duolingo,Education,3da700c2-b10d-4858-afea-0d86ed8af4b4,Chirag Gupta,5,,this app is very useful to me,1,5.121.15,2026-07-07T21:10:16,,
Duolingo: Language Lessons,com.duolingo,Education,a8c3d983-3c47-45c0-a83e-21bd31b05151,Dylan,4,,pretty good,0,,2026-07-07T21:09:45,,
Duolingo: Language Lessons,com.duolingo,Education,57a0f607-282b-4d53-ae2d-e6e5d273d37d,David Secrett,2,,Maths: there was insufficient teaching for me who has virtually no maths skills . There was no explanation about 'co-efficients' which I had never heard of. I had to quit as the maths became increasingly unmanageable.,0,6.86.5,2026-07-07T21:08:10,,
Duolingo: Language Lessons,com.duolingo,Education,126d7c99-5eec-4cb8-9532-406e36fe8b67,Thapelo Tebogo,1,,"I love this app, i am still learning japanese but i feel like i already know it, keep on going duolingo❤️❤️❤️",1,6.86.5,2026-07-07T21:07:52,,
Duolingo: Language Lessons,com.duolingo,Education,0da213a4-0d05-412c-99dc-82c1734392f8,Ruhi Verma,5,,best app for all type of learners,0,6.86.4,2026-07-07T21:07:29,,
Duolingo: Language Lessons,com.duolingo,Education,425af7eb-12b5-4926-a1d3-9bd326f54ccf,Dr Dinesh Kushwaha,5,,l ♥️ you,0,,2026-07-07T21:06:57,,
Duolingo: Language Lessons,com.duolingo,Education,c955cbc9-5f43-4c4b-8bdb-0faefee6effc,Sarika,5,,very nice outstanding I really love Duolingo it is to helpful to me to learn English more properly and also covered my grammatical mistakes that's why I really love this ap p ......😇😊🤩☺️❤️💛🧡💚🌟✨⭐💫🎉,0,6.86.5,2026-07-07T21:06:35,,
Duolingo: Language Lessons,com.duolingo,Education,e03467a6-a022-4ea1-aa04-b6fe381757c9,Renuka Joshi1972,5,,it's very nice app,0,6.86.5,2026-07-07T21:05:02,,
Duolingo: Language Lessons,com.duolingo,Education,67b32c23-9a59-45e5-a146-08c0d52ecb70,Armaan Dhyani,5,,this app is very very well to learn 100+ languages I learn English and chess,0,6.86.5,2026-07-07T21:02:53,,
Duolingo: Language Lessons,com.duolingo,Education,144ac61c-7877-4954-ad1c-b5919c810177,Ayan Shaikh,5,,best and perfect learning app 👍👍,0,6.74.4,2026-07-07T21:01:38,,
Duolingo: Language Lessons,com.duolingo,Education,60e6fd94-2913-470f-ad49-06e3e3807164,No No,5,,It's my first time speaking english.I'm not used to speaking english.I wanna impove my english. I 'm looking forward to seeing my tutor.I need your help.,0,,2026-07-07T21:01:14,,
Duolingo: Language Lessons,com.duolingo,Education,d0694c82-7c35-4718-9104-c6db08327d87,Anil Dogra,5,,Superb,0,6.86.4,2026-07-07T21:00:36,,
Duolingo: Language Lessons,com.duolingo,Education,2a1b751e-8c3f-41d4-a950-728f5c75ba4c,Ayomide Omotosho,5,,Very helpful and good,0,6.86.5,2026-07-07T21:00:22,,
Duolingo: Language Lessons,com.duolingo,Education,909752f3-fa9d-4a30-bbe9-f545d955e0bb,Istia Islam,5,,l am back for practice because duolingo is the best friend for me .,0,6.86.4,2026-07-07T20:59:17,,
Duolingo: Language Lessons,com.duolingo,Education,16fbb347-77b1-418c-b40e-ba27820dac6e,Saira Bibi,4,,its cool but it can mistranslate sometimes,0,6.86.5,2026-07-07T20:58:10,,
Duolingo: Language Lessons,com.duolingo,Education,3812bee0-ef1e-4149-bd9d-73610ffb9e27,Aayushmaan Singh,5,,this is my favorite learning app ❤️,0,,2026-07-07T20:58:06,,
Duolingo: Language Lessons,com.duolingo,Education,a6b33da3-5695-4a3b-a3aa-14c10ec29177,jon induski,5,,super fun,1,6.86.5,2026-07-07T20:57:36,,
Duolingo: Language Lessons,com.duolingo,Education,c4a512d1-d3e5-4ceb-98ee-b031f1ea90a0,Mercy Nassali,5,,I'm learning Zulu and i love it but now my hole fyp on Tik tok is talking about how Duolingo is bad,0,6.86.4,2026-07-07T20:57:16,,
Duolingo: Language Lessons,com.duolingo,Education,3b236272-ccdf-4e3e-a15e-99a4c7a77fad,yasin Alvi-,5,,good,0,6.86.5,2026-07-07T20:56:58,,
Duolingo: Language Lessons,com.duolingo,Education,658ccc7b-2eba-4bed-8ff8-c2ada8ac7ce7,Hank,2,,Duolingo is fun! I recommend this to everyone! Try not to get scammed by Super & MAX though. And the change from Hearts to Energy is just awful! I also wish there was SOME way to get your 256 DAY STREAK.,2,6.86.5,2026-07-07T20:56:02,,
Duolingo: Language Lessons,com.duolingo,Education,8b8d547c-acf5-425e-be81-d1ca2dd452dc,bhukhli oraon,5,,it's amazing aap for English learning,0,6.86.5,2026-07-07T20:55:42,,
Duolingo: Language Lessons,com.duolingo,Education,fe626ce7-6d75-4436-9a12-0d3cc1cad269,Sarika Devi,4,,Duolingo is nice but your hard level is ok-ok,0,5.141.12,2026-07-07T20:54:59,,
Duolingo: Language Lessons,com.duolingo,Education,19865289-b068-4474-9b52-c8d638d51fe5,Mariano,5,,I am learning Japanese and duolingo is a great companian,0,6.86.5,2026-07-07T20:54:11,,
Duolingo: Language Lessons,com.duolingo,Education,82afc594-d714-49ea-880e-0f8f52b16cba,Mj Jonayet,5,,nice,0,6.86.5,2026-07-07T20:51:36,,
Duolingo: Language Lessons,com.duolingo,Education,25321281-cf06-447d-ad89-d418bdf3d11f,Dolly Sardar,5,,Very good,0,6.86.5,2026-07-07T20:51:14,,
Duolingo: Language Lessons,com.duolingo,Education,fc621dbf-05d6-4270-96bf-bd6a51d80d16,Raisha Mone,5,,very good and nice if it is🫠👀,0,6.86.5,2026-07-07T20:50:39,,
Duolingo: Language Lessons,com.duolingo,Education,8447e67d-dc00-4624-98ff-ee6ea7020b94,M Mehedi Hasan,5,,nice,0,6.86.5,2026-07-07T20:50:08,,
Duolingo: Language Lessons,com.duolingo,Education,3f377a88-3c9e-48bd-baca-6bc715a655cf,Marshall Mabutho,5,,it's amazing I've learned a lot from this app😁😁,0,6.86.4,2026-07-07T20:49:11,,
Duolingo: Language Lessons,com.duolingo,Education,281bc1a2-7b68-4b1c-b1f5-f44e95a24d0e,Manraj Telicom,5,,l already use this app and l am learning english and my english is more better than before and this app is full of fun 😊,0,,2026-07-07T20:48:25,,
Duolingo: Language Lessons,com.duolingo,Education,5bfa6b9b-8f84-4a5b-8d33-8a4cc98ae300,Karla Garcia De Alba,5,,it's good app,0,6.86.5,2026-07-07T20:47:08,,
Duolingo: Language Lessons,com.duolingo,Education,2e79fc4a-d7a3-4aa0-aa8f-c6f5a8f69e02,Badrul Islam,4,,This app is nice,1,6.86.5,2026-07-07T20:46:53,,
Duolingo: Language Lessons,com.duolingo,Education,8afccf75-82e1-461a-819c-c1d7f5367382,Salma Wael,4,,it is really great,1,6.86.5,2026-07-07T20:46:49,,
Duolingo: Language Lessons,com.duolingo,Education,431aa9ae-8c27-4fee-8df9-a17572a8cb96,Kiki,4,,I like it,0,6.86.5,2026-07-07T20:46:32,,
Duolingo: Language Lessons,com.duolingo,Education,45f27b31-b1f8-422f-a642-06d2a6963d90,Kohila Rajiv,5,,super Duolingo,0,6.57.5,2026-07-07T20:45:58,,
Duolingo: Language Lessons,com.duolingo,Education,4e52f72f-9513-4515-a630-ced7ffc74a80,Ramjanki Devi,5,,i think 🤔 it' very useful for learning any launguage without hesitation. this was free for learning language,0,6.86.5,2026-07-07T20:45:55,,
Duolingo: Language Lessons,com.duolingo,Education,0a1033e0-fede-41f3-bda2-59351be06a70,Sanghamitra Chowdhury,5,,this app helps me to learn basic things and this is app is most useful for beginners 😁😁😁.,0,6.85.7,2026-07-07T20:43:45,,
Duolingo: Language Lessons,com.duolingo,Education,8c2bcf9f-b2d9-4e96-8d20-65fbb704432e,Fathima P,5,,simply love the learning experience with this app and I love how it makes us enjoy learning a different language which is usually painfully annoying to learn.,0,6.86.5,2026-07-07T20:43:34,,
Duolingo: Language Lessons,com.duolingo,Education,03407e71-d4d1-4893-ab3e-eb47e20d338f,Bonita Muthise,5,,its great,0,6.86.5,2026-07-07T20:43:25,,
Duolingo: Language Lessons,com.duolingo,Education,d81bdad8-8a7f-42a6-a26c-ee63dc76206e,Aarti Gupta,4,,has a very nice app ☺️😁,0,,2026-07-07T20:43:12,,
Duolingo: Language Lessons,com.duolingo,Education,ac847253-017d-4d0d-8cf9-cce94c724fa2,Hassan Singh,5,,very good,0,6.86.5,2026-07-07T20:43:10,,
Duolingo: Language Lessons,com.duolingo,Education,59bf29b1-5a8f-43f2-ad8c-d523ac0e16d0,sachin kumar,5,,Very good App,0,6.86.4,2026-07-07T20:42:25,,
Duolingo: Language Lessons,com.duolingo,Education,683faae8-8c90-4100-8623-181c8088127e,Aung Phyo Paing,5,,💞🤪🫶,1,6.86.4,2026-07-07T20:39:49,,
Duolingo: Language Lessons,com.duolingo,Education,a6086da2-6459-489b-89df-82fae4de2639,My father Saroha,5,,it's good for Japanese,0,6.86.5,2026-07-07T20:37:48,,
Duolingo: Language Lessons,com.duolingo,Education,0b14a2d2-ad3f-48cf-a921-c23596927dff,Raj Vw,5,,konichiwa watashi rajveer desu duolingo wa yashsashi to omoshiroi desu 🫡❤️❤️❤️,2,6.86.5,2026-07-07T20:37:36,,
Duolingo: Language Lessons,com.duolingo,Education,ff4297fd-74a4-4c3f-9883-b775f6c740b9,Aayushi Patil,5,,this app is very good 👍🏻,0,6.86.5,2026-07-07T20:35:30,,
Duolingo: Language Lessons,com.duolingo,Education,acc4851f-d16e-4db5-bc15-f38fa4972724,Youya Yen,5,,Best language learning app,0,6.86.5,2026-07-07T20:35:25,,
Duolingo: Language Lessons,com.duolingo,Education,d8d615e2-3cc0-4f7b-a234-1f3c30c029b7,SAMEER AHMAD,4,,it's amazing too good for language learner but one mistake we pay for learn language 🙂it's good 😊👍🏻,0,6.86.5,2026-07-07T20:34:15,,
Duolingo: Language Lessons,com.duolingo,Education,ab7e0c7a-1492-4228-8931-3dddf85acd39,Jun-ae Felicite Ngando,5,,Every learning is detailed and the process is fun. Thank you 😊,0,6.86.5,2026-07-07T20:34:13,,
Duolingo: Language Lessons,com.duolingo,Education,41e4eea1-390c-4d02-88d1-508bda1de4d2,Fitsum Seminew,5,,"Whan an App, it made learning language so easy. thank you",2,5.121.15,2026-07-07T20:32:24,,
Duolingo: Language Lessons,com.duolingo,Education,36d07a0c-d60e-4a8d-9fbd-e4838cabc22b,SHUBHAM KUMAR,5,,nice app,0,6.86.5,2026-07-07T20:30:43,,
Duolingo: Language Lessons,com.duolingo,Education,59e1e4ef-847d-424e-9c64-8f6e00c3c7d5,suraj sardar,5,,i love this Duolingo app,0,6.79.5,2026-07-07T20:29:47,,
Duolingo: Language Lessons,com.duolingo,Education,47828af2-3f2c-44d8-82ef-e721f1dbd7a0,Vijendra Singh,5,,bahut aacha laga h,0,6.86.4,2026-07-07T20:29:09,,
Duolingo: Language Lessons,com.duolingo,Education,ae4e5db8-4ac2-4a8e-ba0a-1bd14000749d,Ruhani Bagada,4,,make it free 🆓,0,6.86.5,2026-07-07T20:28:05,,
Duolingo: Language Lessons,com.duolingo,Education,47a2b512-c97f-4994-82e9-33a90484e44f,hadi arshad,3,,this is very quick learner,0,5.141.12,2026-07-07T20:28:04,,
Duolingo: Language Lessons,com.duolingo,Education,49d9fc21-d31d-43f0-a6c3-a2277382a191,Rekha Basant,4,,good app,1,6.86.5,2026-07-07T20:27:34,,
Duolingo: Language Lessons,com.duolingo,Education,6d2ce635-5e2e-4876-aa25-63c0e8577814,Mondipa Hatiboruah,5,,Duolingo is a very good app when we improve our language. Thank you so much,0,6.86.4,2026-07-07T20:25:40,,
Duolingo: Language Lessons,com.duolingo,Education,f7c7e642-4c01-4730-af35-03e10dd1dad0,james akinleye,5,,Best learning app in the whole world,1,6.84.4,2026-07-07T20:25:34,,
Duolingo: Language Lessons,com.duolingo,Education,ee3bb111-b3c3-439c-a4a8-db47eff8a48b,Imelda Enape,5,,Nice app currently learning Japanese and it's fun and sweet. Arigato to the creators of Duolingo 😁😁,1,5.121.15,2026-07-07T20:24:18,,
Duolingo: Language Lessons,com.duolingo,Education,be011423-fdc8-4ce9-9ee8-267cbed74ae7,Abodi rocks,5,,danke,1,6.86.5,2026-07-07T20:24:16,,
Duolingo: Language Lessons,com.duolingo,Education,d9ff5bd5-e211-440a-890c-79a9ede3aff7,Larib Raza,5,,nice classes 👌,0,6.86.5,2026-07-07T20:21:27,,
Duolingo: Language Lessons,com.duolingo,Education,f5010dc3-8251-49fb-a83c-4ddd8a8a1515,Fardin Hossain,5,,that is right,1,6.86.5,2026-07-07T20:17:37,,
Duolingo: Language Lessons,com.duolingo,Education,7ab71b89-7022-4237-966d-3a8965549fd9,Sakura,5,,suki,0,6.86.5,2026-07-07T20:17:36,,
Duolingo: Language Lessons,com.duolingo,Education,c56e9c30-7e8f-4c23-8f62-13962e8a79c1,Vikas Tamuche,5,,nice,0,6.86.5,2026-07-07T20:16:52,,
Duolingo: Language Lessons,com.duolingo,Education,775a56fa-4e06-4cc3-a17b-4d0e355073f7,rita prasad,4,,duolingo is great for a new skill and way more than just learning it's quite fun but tbh it doesn't really teach you how to start or speak smoothly in a conversation,0,6.86.5,2026-07-07T20:16:16,,
Duolingo: Language Lessons,com.duolingo,Education,c2b662f6-e08f-4af0-880c-93e1644d53f4,The non,5,,i love Duolingo,1,6.86.5,2026-07-07T20:14:12,,
Duolingo: Language Lessons,com.duolingo,Education,4c57b1ad-b97c-4077-842c-b788ac1176e0,Shiliya :3,1,,"just because my Slang is not the same as the word itself, it continues to be wrong. Like I already say the word it just my slang😡",5,6.86.5,2026-07-07T20:13:40,,
Duolingo: Language Lessons,com.duolingo,Education,d6e66b71-ba83-4f89-860e-eb3f1ae5d276,mehr arif,5,,"It's a good platform and an app to learn important skills apart from languages. I'm doing pretty good with chess during my summer vacations, hope to learn more.",0,6.86.4,2026-07-07T20:12:42,,
Duolingo: Language Lessons,com.duolingo,Education,52658b67-85c2-4b94-b597-35ca1c730f00,Wendy Brown,5,,"very good learning tool, and I am enjoying the paid family version much more than the free version..... well worth the money. we are also getting excellent results and compliments on verbal progress from people who naturally speak the language we are learning.",2,6.86.4,2026-07-07T20:12:35,,
Duolingo: Language Lessons,com.duolingo,Education,90931745-ba9b-4707-8599-c6553df2eb23,Dic Dgf,5,,so good,0,,2026-07-07T20:12:18,,
Duolingo: Language Lessons,com.duolingo,Education,52b4d323-59ae-40bd-9fb9-eff8a4e66434,Somjit Jana,5,,best language learning app,0,6.85.7,2026-07-07T20:10:08,,
Duolingo: Language Lessons,com.duolingo,Education,0bb9743d-36a8-4d2b-8871-1cc9eba8f20e,Monté Malgas,5,,Duolingo is perfect for learning a new language!,1,6.87.6,2026-07-07T20:06:44,,
Duolingo: Language Lessons,com.duolingo,Education,ebf3c219-1dc2-4d92-b49b-1f423b0d1326,Nam Nguyễn Quang,5,,very good,0,6.86.5,2026-07-07T20:05:53,,
Duolingo: Language Lessons,com.duolingo,Education,9d5136ba-ddee-4e0b-92f6-0b21713915eb,Majedur Sumona,5,,Super,1,6.15.4,2026-07-07T20:05:25,,
Duolingo: Language Lessons,com.duolingo,Education,bd6daf19-7ffe-463e-a9f5-faa99c87043d,Himanshu Himu,5,,this is the best app you are searching for learning different language in free no ads no problem and we just learn different language by just in fun,1,6.86.4,2026-07-07T20:02:04,,
Duolingo: Language Lessons,com.duolingo,Education,6279d364-28fe-4a79-8350-ddb5078dac73,Md Nasim Reza,5,,awesome,0,6.86.5,2026-07-07T20:02:02,,
Duolingo: Language Lessons,com.duolingo,Education,f838068c-8477-46e3-b908-3290ec6d4079,Banjao Geno,5,,it's good for someone who wants to learn a new language and it also helps for students who struggle with English.,0,6.86.5,2026-07-07T20:01:56,,
Duolingo: Language Lessons,com.duolingo,Education,19f23448-a6f4-458a-9426-ee2d432c4a9c,Arvin Zarrinkar,4,,Missing persian language,1,6.86.5,2026-07-07T20:01:12,,
Duolingo: Language Lessons,com.duolingo,Education,7bce574d-1dd0-4630-bd25-0bb72494bbc6,Shreya Basnet,5,,nice,0,6.86.5,2026-07-07T20:00:58,,
Duolingo: Language Lessons,com.duolingo,Education,b6e8a984-f8a0-4de4-be17-057a3cc51032,jothi Bass,3,,Not soo good for fluent talking but could be used to learn the lamguage,0,6.85.7,2026-07-07T20:00:02,,
Duolingo: Language Lessons,com.duolingo,Education,cb59d4f6-e9c4-4a1b-b9b4-8ceaec2f18e7,bhagyashree kudale,3,,nice,0,6.86.5,2026-07-07T19:59:03,,
Duolingo: Language Lessons,com.duolingo,Education,1ef0448e-308f-4d07-bba7-560e1f0dee92,Nirushana M,5,,I learned many things from this app. I really love this app ❤️🩵,0,6.86.4,2026-07-07T19:58:56,,
Duolingo: Language Lessons,com.duolingo,Education,6f39a621-7197-4327-a769-bd266546177f,Edmar Osayan,5,,subrang nakaka enjoy hahahahaha. paunti unti natototo ako sa language na gusto ko,0,6.86.5,2026-07-07T19:58:29,,
Duolingo: Language Lessons,com.duolingo,Education,f87f4547-aa4e-416a-acf9-8beae9d8f0b5,Anupriya Gupta,5,,I learned English,1,6.86.5,2026-07-07T19:57:51,,
Duolingo: Language Lessons,com.duolingo,Education,8f33883e-8f38-4ac5-a874-42146e5b8ee5,Chetan Kumawat,5,,Duolingo is very useful app in this app I learn many languages,1,6.86.5,2026-07-07T19:56:34,,
Duolingo: Language Lessons,com.duolingo,Education,56605fe2-0809-40ec-92e2-50ab17096528,Catatyourmoms House,5,,I'm learning Portuguese and I love it,0,6.86.5,2026-07-07T19:51:50,,
Duolingo: Language Lessons,com.duolingo,Education,cb117c95-c45f-4fa1-9d8c-6f7e9d64f58e,Revanth A,1,,very worst update.. not even completing a single lesson the app got hung and returned to the main interface... because of this I lost several chess matches and lost XP.,5,6.84.4,2026-07-07T19:51:49,,
Duolingo: Language Lessons,com.duolingo,Education,1992c537-095c-4867-9e53-9e7ba8f19f46,Mahmoud Abdelrahim,5,,excellent,0,6.86.5,2026-07-07T19:50:51,,
Duolingo: Language Lessons,com.duolingo,Education,881a873f-5f30-4de6-8082-e0d638a3b1c0,Bindu Lot,4,,good,0,6.86.5,2026-07-07T19:50:13,,
Duolingo: Language Lessons,com.duolingo,Education,abc44172-21fe-49a5-87e6-8bf564327123,Mrs Usman,5,,this was amazing app you can learn very early,0,6.86.5,2026-07-07T19:50:05,,
Duolingo: Language Lessons,com.duolingo,Education,5e0a8265-51eb-4e38-8af8-27b72d4bfa03,Besta Ramanjinamma,3,,it is my mother phone my mom is practicing,0,6.86.5,2026-07-07T19:49:26,,
Duolingo: Language Lessons,com.duolingo,Education,e6fe8adf-352c-4056-9721-1c51f1d0b8d6,Shyma sudhan Shyma,5,,good,0,,2026-07-07T19:49:17,,
Duolingo: Language Lessons,com.duolingo,Education,be07202e-70ad-47e4-bbfe-7215a9598482,Max H,4,,this a fun+little boring app it's the energy thing and can you guys remove it it would be great I'm on my 16th streak:),1,6.86.5,2026-07-07T19:47:20,,
Duolingo: Language Lessons,com.duolingo,Education,28ddce08-af25-470b-a6a5-a44a4c8a91b4,SALIHATH SCHOOL HM,1,,very good 👍,1,6.86.5,2026-07-07T19:47:08,,
Duolingo: Language Lessons,com.duolingo,Education,08ca17c6-b02b-4c8f-ac3f-92fee0b5f886,daswanth,5,,thankfully for this app,1,5.121.15,2026-07-07T19:46:56,,
Duolingo: Language Lessons,com.duolingo,Education,38e31485-8ab8-416c-9dfe-fa1fde6e845b,Vishvan Vishvan,5,,Very Comfortable,1,6.86.4,2026-07-07T19:45:59,,
Duolingo: Language Lessons,com.duolingo,Education,07d0666d-6261-4100-af94-ae4403ee5956,Kelvin Ababio,5,,A very important learning app. An awesome app,0,6.86.5,2026-07-07T19:44:27,,
Duolingo: Language Lessons,com.duolingo,Education,ed77d91b-1c45-4f7e-9e34-2135b83011bc,Jurie Gotis,5,,very nice,0,6.86.4,2026-07-07T19:42:40,,
Duolingo: Language Lessons,com.duolingo,Education,d216fe7b-4c0a-4665-be86-b937a69d526e,Md.Azizul Islam Arzu,5,,good app,0,,2026-07-07T19:42:25,,
Duolingo: Language Lessons,com.duolingo,Education,fb22c588-fb9c-4d88-843d-ba7e520a4ab1,Sonam Ahirwar,5,,India's best learning app and very helpf ul and all languages learns very easily this is app is very good 😊,0,6.86.5,2026-07-07T19:41:44,,
Duolingo: Language Lessons,com.duolingo,Education,87b3df68-eac2-441e-bcff-62f21f18979a,Kasumi Mata,4,,it learns me japanese and entertainment i am now kudasai and other words download Duolingo for free i love Duolingo soooooo intern tanning,1,6.86.5,2026-07-07T19:41:40,,
Duolingo: Language Lessons,com.duolingo,Education,e1a22f16-00d6-401f-859f-8393df34bae4,Shreyan Timalsina,1,,This app give a limit I have to wait till next day to learn more language😕,3,6.86.5,2026-07-07T19:39:20,,
Duolingo: Language Lessons,com.duolingo,Education,b392f1dc-2c8f-4e65-877d-39e80ba23771,Aubree Kelley,5,,it helps me learn multiple languages and will go back and help me if I mess up unlike other apps and you can also do math on it its like studing and gaming at the same time,0,6.86.5,2026-07-07T19:39:15,,
Duolingo: Language Lessons,com.duolingo,Education,c5cff79e-9108-4fd8-862f-461cdf6145a6,Tate Jones,5,,"I love Duolingo, it's free, educational, and It even helped me get an A in french at school. My experience with Duolingo has been impeccable, and I love how Duolingo doesn't cut you off if you don't pay for super or Duolingo max. However if there were one tiny problem, i'd say it should have a 5-10 minute after midnight to complete your lesson, because some people don't get to do it until late and it's annoying if you finish it right on 12 and it counts as a missed day. But over all, love it!💚",3,6.86.5,2026-07-07T19:39:06,,
Duolingo: Language Lessons,com.duolingo,Education,8a6f6b9d-4942-4c31-92c2-f8dd93ed01b2,Praveen K,5,,best app learn to eglish my eglish is incrice,0,6.86.5,2026-07-07T19:38:14,,
Duolingo: Language Lessons,com.duolingo,Education,839aa0a0-95dd-45b0-ba9f-b6776735301e,EDGE OF YouTube,5,,This app very good to learn english,0,6.86.5,2026-07-07T19:37:48,,
Duolingo: Language Lessons,com.duolingo,Education,1c892ff0-4bd5-4c42-aeed-c2ba44b95a8e,Kashia Ivy,1,,"Streak reset from 1022 to 1, and I had two streak freezes equipped. When I reached out to support, they basically said there's nothing they could do. So I'm uninstalling this app.",5,6.86.5,2026-07-07T19:37:37,,
Duolingo: Language Lessons,com.duolingo,Education,69526a2f-43b4-40e6-a0f3-f64b52b41a2e,Rudra pratap Navik,1,,isseme thoda grammar ke tens ka formula bhi thena chahiye tha sathi grammer ki sabi chezea bhi joda Dene par aur bhi behatar ho jata,1,,2026-07-07T19:37:37,,
Duolingo: Language Lessons,com.duolingo,Education,b6229e33-8da2-48c5-9af8-08ccefcc453e,Silas Montgomery,5,,"Duolingo is really fun, good at teaching a new language, but the energy system is super annoying! What happened to hearts? But it's okay because it is still very fun.",0,6.86.5,2026-07-07T19:36:59,,
Duolingo: Language Lessons,com.duolingo,Education,9c8c0bac-0179-4f2a-8715-66c177180ed8,Nichole Bradley,4,,"I am trying to learn japanese, and this is actually really good",1,6.87.6,2026-07-07T19:36:09,,
Duolingo: Language Lessons,com.duolingo,Education,c06c6303-cc97-4715-97ee-219974d1f41f,Keshu,5,,I love you Duolingo,0,,2026-07-07T19:35:44,,
Duolingo: Language Lessons,com.duolingo,Education,76a82bed-0ed9-45a2-9c66-115f3388e240,Makongo Allotey,3,,"I downloaded it thinking it was free. while enjoying, am told to pay before I can continue. I don't have money and I didn't know they will ask money.",0,6.86.5,2026-07-07T19:33:23,,
Duolingo: Language Lessons,com.duolingo,Education,ac06c0af-36bb-4000-84a5-774b8f963c61,Fahad Ali,4,,a very good app to learn new languages,0,6.86.5,2026-07-07T19:32:52,,
Duolingo: Language Lessons,com.duolingo,Education,4d22887e-e786-46bd-bac4-e56aacdba288,Anju Gurjar,5,,this is very helpful,0,,2026-07-07T19:31:54,,
Duolingo: Language Lessons,com.duolingo,Education,1a632459-9d46-494b-8fb5-6daa4c916417,Danish Warraich,5,,best app,0,6.86.4,2026-07-07T19:31:16,,
Duolingo: Language Lessons,com.duolingo,Education,d9dcf35f-9901-45d8-826a-cbef6c926374,Samanyu Ranade,4,,maybe better contols in chess would make it perfect and better piece designs but language is perfect,1,6.86.5,2026-07-07T19:31:05,,
Duolingo: Language Lessons,com.duolingo,Education,bd88d430-6c14-4ec7-ac5c-46bf03fe0314,Chong Ee Soon,4,,Interesting,1,6.86.5,2026-07-07T19:30:52,,
Duolingo: Language Lessons,com.duolingo,Education,6b2830d5-ef61-45f8-acda-c1622791bdf4,Sharafat Khan,5,,it is best for learning a language even if you are newww🔥👍🏻,1,6.86.5,2026-07-07T19:29:46,,
Duolingo: Language Lessons,com.duolingo,Education,e40d6242-864c-43c9-a7f0-530ca7325e3d,Selma Terzic,5,,it is good it's very helpful and it can say nice things,1,6.86.5,2026-07-07T19:29:33,,
Duolingo: Language Lessons,com.duolingo,Education,7af4e724-d10b-4dbe-b63b-40326b47bcd0,Yanis Amirouche,5,,❤️,0,,2026-07-07T19:27:02,,
Duolingo: Language Lessons,com.duolingo,Education,c0afc4aa-cc43-41e9-8265-3bb291a47bfb,Mikaela Maldonado,5,,"its day two and i feel fluent though im not, i feel like it 10/10!!!😁",0,6.86.5,2026-07-07T19:26:26,,
Duolingo: Language Lessons,com.duolingo,Education,7fdf3cb0-7a8b-4fa4-aa08-c4ad2fe6f228,Md Antor,5,,Nice,0,6.86.4,2026-07-07T19:26:12,,
Duolingo: Language Lessons,com.duolingo,Education,9819c1ac-833f-4200-b116-809b455aac0f,Kaw Mai,5,,love it,0,6.86.5,2026-07-07T19:25:53,,
Duolingo: Language Lessons,com.duolingo,Education,c1f374bf-57a9-427e-9adf-437c02eef1bd,Babin Rai,5,,bro pls don't stalk me😥😢,0,6.86.5,2026-07-07T19:24:41,,
Duolingo: Language Lessons,com.duolingo,Education,870f23de-8a25-40f0-98d8-d9207b0269b1,Black Fernando,3,,it is good,0,6.86.4,2026-07-07T19:21:48,,
Duolingo: Language Lessons,com.duolingo,Education,3ba41e9b-ea0c-4d11-b366-30d0d446b4a6,Artin Amiri,5,,das ist gut 🤗,0,6.86.5,2026-07-07T19:21:11,,
Duolingo: Language Lessons,com.duolingo,Education,f6f7205c-343a-40ba-979b-fa149d4957e3,Micah Mcvicker,5,,ITS SOOO GOOD I AM SPECK GERMAN OKAY,0,6.86.5,2026-07-07T19:21:03,,
Duolingo: Language Lessons,com.duolingo,Education,5841f0e4-9c64-48c6-bad6-5540aed6072e,Muhammad Rais,5,,easy to learn,0,6.86.5,2026-07-07T19:20:31,,
Duolingo: Language Lessons,com.duolingo,Education,a0937c5a-88da-4298-8182-e7a81ce676ec,Yanal Akeel,5,,I started learning Portuguese just from him,1,6.86.5,2026-07-07T19:20:22,,
Duolingo: Language Lessons,com.duolingo,Education,7d6d6ed4-7f22-4be0-91d1-ef50e168be94,"Mc Muthee gikuni,madam shosh",5,,I have been enjoying this app,0,6.86.5,2026-07-07T19:20:02,,
Duolingo: Language Lessons,com.duolingo,Education,a6f83d9a-578b-447f-b5e5-61c39b9b1be1,Braden Amaya,3,,Its okay but i hate that you have to use the energy its annoying And im not paying money cause i cant barely pay the for snacks :(,1,6.86.5,2026-07-07T19:18:38,,
Duolingo: Language Lessons,com.duolingo,Education,4c92da2f-8f7b-4c34-b620-a9c8c1ee1ac0,Samir Ansari,5,,best,0,6.86.5,2026-07-07T19:17:25,,
Duolingo: Language Lessons,com.duolingo,Education,2224f504-bef7-4037-a249-62f3c668c60b,Elly Tan,5,,really cute and encouraging,0,6.86.4,2026-07-07T19:14:30,,
Duolingo: Language Lessons,com.duolingo,Education,abd41ff3-5692-4c0c-8173-9c6be17fdc3d,Prince Upadhyay,5,,it was useful 👍😀,0,6.86.5,2026-07-07T19:12:31,,
Duolingo: Language Lessons,com.duolingo,Education,ab392dd5-79df-47f9-9f3f-e71afba3b92c,Sardar Ahsan,5,,learning language in playful way,0,6.86.5,2026-07-07T19:11:55,,
Duolingo: Language Lessons,com.duolingo,Education,d405093c-8583-4e67-805d-badf5b97754f,Tiến Thịnh Nguyễn,5,,very easy to learn and i feel motivated,0,6.86.5,2026-07-07T19:09:35,,
Duolingo: Language Lessons,com.duolingo,Education,48fcde86-d332-4b9d-936a-edb00660c4d3,Snack 3D,5,,good nays very good 👍 👏 👌 😀 ☺️ 🙌 👍,0,6.86.5,2026-07-07T19:08:06,,
Duolingo: Language Lessons,com.duolingo,Education,ed56dc65-5d28-4904-ae80-df9430fe1a44,HISHAM G4MES,5,,"For chess, it is the best",0,6.86.5,2026-07-07T19:07:00,,
Duolingo: Language Lessons,com.duolingo,Education,e84dc647-315f-4341-992a-6f62b153a2e6,Sri Ayu,4,,lumayann ngebantuu,0,6.86.5,2026-07-07T19:06:09,,
Duolingo: Language Lessons,com.duolingo,Education,b7cc5eab-6ca5-424f-a846-d78658d0acb4,Amrit Lal,5,,good 😇,0,6.86.4,2026-07-07T19:03:50,,
Duolingo: Language Lessons,com.duolingo,Education,4ee03b76-7c3f-4bbc-8ca8-09caed9c5512,Zarish Shoukat,4,,good,1,6.86.5,2026-07-07T19:03:32,,
Duolingo: Language Lessons,com.duolingo,Education,5f0a82d7-1681-434e-ae5e-8ed665e9c7a3,Rani Biswas,1,,It's too expensive. Learning is not fun anymore. Duolingo was better before. Now it has ads and Subscriptions. It's really bad now. I hate it.,7,,2026-07-07T19:02:52,,
Duolingo: Language Lessons,com.duolingo,Education,c3b2fa99-c1b0-49ce-af27-ca5568dddcde,MD RIFAT HOSSEN,5,,good 👍,0,6.86.5,2026-07-07T19:02:19,,
Duolingo: Language Lessons,com.duolingo,Education,79150037-5ea8-48d7-8fa2-fdd0dc96e4ea,Jayanthi Saravanan,4,,easy to learn,1,,2026-07-07T18:57:07,,
Duolingo: Language Lessons,com.duolingo,Education,bf2fd8ab-bef0-4473-8f1d-7f39ca97de18,Hari Karishnan,5,,it's very nice to use full,0,6.86.4,2026-07-07T18:56:36,,
Duolingo: Language Lessons,com.duolingo,Education,91f72b16-c2b4-4c61-80bf-e24b2c8bb001,Doaa Abo Elnasr,5,,تطبيق رائع,0,6.86.5,2026-07-07T18:55:45,,
Duolingo: Language Lessons,com.duolingo,Education,4905ed0e-5a32-4fe6-8077-e73b27ec7585,Degama Sidhdharth,5,,good 💯😊,0,6.86.5,2026-07-07T18:55:21,,
Duolingo: Language Lessons,com.duolingo,Education,deff8633-07b7-4a7e-9b7f-b6f451e31864,Fathima Aakila,3,,before I used Duolingo it's totally free now it's has limit to use I am extremely feel for that,0,6.86.5,2026-07-07T18:53:49,,
Duolingo: Language Lessons,com.duolingo,Education,1a1c9449-45c4-4ac5-b8e5-aa3f8c1d1a95,虚点,1,,"It's getting worse and worse. How will the update that introduced energy spent even on CORRECT answers be ""more correct and convenient"" than the good old 1 error = 1 heart? Brilliant.",6,6.86.5,2026-07-07T18:53:02,,
Duolingo: Language Lessons,com.duolingo,Education,a0581b4c-47a2-4dba-8741-fb4cf277734f,Richa Pandey,3,,nice,0,6.85.7,2026-07-07T18:52:47,,
Duolingo: Language Lessons,com.duolingo,Education,4d616c4f-6139-4e5e-9860-c4d20e4905e5,Somdatt Gangwar,5,,very good application,0,6.86.5,2026-07-07T18:49:34,,
Duolingo: Language Lessons,com.duolingo,Education,c45621e3-b04a-45b8-9bea-1a23785ad7f2,Adam Zitouni,5,,top,0,6.86.5,2026-07-07T18:49:15,,
Duolingo: Language Lessons,com.duolingo,Education,f11f3a23-3598-4419-b698-e0625920a049,Marienel Garcia,5,,So good and duolingo is cute,1,6.86.5,2026-07-07T18:48:52,,
Duolingo: Language Lessons,com.duolingo,Education,5e79bdac-f1e5-48c7-973e-448f8a42543e,jijken budaa budaa,5,,it's so helpful,0,6.86.5,2026-07-07T18:48:18,,
Duolingo: Language Lessons,com.duolingo,Education,905b4dc5-ee19-46dc-bfa1-2405dc13a04b,Rahul Sahu,3,,nice,0,6.84.4,2026-07-07T18:48:00,,
Duolingo: Language Lessons,com.duolingo,Education,2cb07861-27d2-4b13-af80-3e719efa4126,Kamalpreet Kaur,5,,very nice aap,0,6.86.5,2026-07-07T18:47:14,,
Duolingo: Language Lessons,com.duolingo,Education,87509029-4bb2-4c89-accb-d8ac8fa0bd53,sarthak Rajveer,5,,i love Duolingo my favourite,0,6.84.4,2026-07-07T18:46:11,,
Duolingo: Language Lessons,com.duolingo,Education,ee267e50-90f2-4188-b872-61c6d6125bdd,Sahalom Khan,5,,good,0,6.86.5,2026-07-07T18:45:42,,
Duolingo: Language Lessons,com.duolingo,Education,0a9a4a68-1c7e-4002-8cb9-e36b37ff1029,Logan Kross,4,,you can only do it so long before you run out of energy,1,6.86.5,2026-07-07T18:45:38,,
Duolingo: Language Lessons,com.duolingo,Education,7636d524-55b2-4c08-bfb7-82ca4d470794,Ben Yeldham,5,,"As somebody who has never taken any lessons in other languages, this is brilliant.",0,6.86.5,2026-07-07T18:44:54,,
Duolingo: Language Lessons,com.duolingo,Education,25afde6f-1651-4a20-8849-04d5ba768251,Sandeep Kumar,2,,very good app but but but... take a lot of time to just upload... after doing a lesson it takes 10 minutes just to reload.. and in this time my boost get expired..like wth boost must only use on lesson not when your stupid in uploading..like even why and. it happens every single time. Fix THIS ASAP!!! btw this app is worst of solid 4.9..,1,6.85.7,2026-07-07T18:43:41,,
Duolingo: Language Lessons,com.duolingo,Education,8b6e0d07-993d-4a1a-b9c5-d947f2c7a743,Radin,5,,I love it,1,6.86.5,2026-07-07T18:43:17,,
Duolingo: Language Lessons,com.duolingo,Education,8b94376c-f17d-4cd2-a666-de6738ded8e8,Carlitos Mollins,5,,I love it,0,5.141.12,2026-07-07T18:43:10,,
Duolingo: Language Lessons,com.duolingo,Education,639c18ba-82c0-4eeb-962f-b02d2cf1f7da,Elvininfant2007,5,,exceptional,0,6.86.5,2026-07-07T18:42:35,,
Duolingo: Language Lessons,com.duolingo,Education,bae554f4-bba5-4bfa-8d81-612f1a196377,Venus Toston,5,,nice app to learn spanish,0,6.86.5,2026-07-07T18:42:08,,
Duolingo: Language Lessons,com.duolingo,Education,c42cc0dd-76a7-44ea-9cb8-c710c21798b2,AAKANKSHA MISHRA,5,,this is good,0,6.86.5,2026-07-07T18:39:10,,
Duolingo: Language Lessons,com.duolingo,Education,93ba1c89-9fe6-45be-92f4-df770145bf94,Olabanji Ogunrekun,5,,"It's a nice way to learn math, music, chess, & languages like French! A great use!",0,6.86.5,2026-07-07T18:38:10,,
Duolingo: Language Lessons,com.duolingo,Education,b7180dfb-73e0-4e70-b071-481c17713be6,Odagwe David,5,,"it boost my japanese speaking,it easy to relay upon",0,5.141.12,2026-07-07T18:36:40,,
Duolingo: Language Lessons,com.duolingo,Education,1d14c4e3-f0d0-49a1-b2aa-e00b86179356,Hemlata Verma,2,,This app has best UE.,0,6.85.7,2026-07-07T18:34:37,,
Duolingo: Language Lessons,com.duolingo,Education,8e6e7b08-710b-47fb-b42c-0ca2d4150556,Changlay Sangma,5,,it is fun and easy to learn,0,6.86.4,2026-07-07T18:34:32,,
Duolingo: Language Lessons,com.duolingo,Education,060ea5db-9dba-434a-b0d6-fbc3b8085604,Mijba Sayyad,5,,best application,0,6.85.7,2026-07-07T18:34:32,,
Duolingo: Language Lessons,com.duolingo,Education,ce649f19-7fbb-4d66-842d-74ad95bd2163,Nilaam Drip,5,,good app you pliz tray,0,6.86.5,2026-07-07T18:34:00,,
Duolingo: Language Lessons,com.duolingo,Education,011857d9-5767-4e2b-8c9f-aae2a528a937,MD shahjalal,5,,its very easy and helpful.,0,6.86.5,2026-07-07T18:31:25,,
Duolingo: Language Lessons,com.duolingo,Education,a1d82a47-f3a3-49b1-97df-1fe46c3ad923,Jagruti Jamdhare,5,,it is amazing and we can learn new languages 😀,0,,2026-07-07T18:28:27,,
Duolingo: Language Lessons,com.duolingo,Education,9a5ad5d0-b153-4c01-91d1-f911671ddf49,Palak Verma,5,,it's too good for learning different languagea very gel app,0,,2026-07-07T18:27:37,,
Duolingo: Language Lessons,com.duolingo,Education,9ce7fc1d-5d19-42bd-9d51-9b3817e002bb,Ken is cyan,5,,good,0,,2026-07-07T18:26:09,,
Duolingo: Language Lessons,com.duolingo,Education,8b80a684-6145-48d8-85a4-d68c24aa7f3a,Vaishnavi Mandlik,4,,very good,1,6.86.5,2026-07-07T18:21:37,,
Duolingo: Language Lessons,com.duolingo,Education,6c872250-394f-4a07-a02e-c70745ee39dc,Jesse Paterson,5,,easy way to learn just need few minutes a day and your good to go.,0,6.86.5,2026-07-07T18:21:29,,
Duolingo: Language Lessons,com.duolingo,Education,bc962268-fdcf-46d7-aa49-2d14ee617092,Izma Iqbal,5,,i dont know whats the problem is going on but i already had done two lessons since morning but its not showing my current streak instead it's showing that do a lesson offline please fix this out before my streak broke,0,6.86.4,2026-07-07T18:19:40,,
Duolingo: Language Lessons,com.duolingo,Education,23a070e2-27c4-45af-888e-74b8f119df40,Sukalyan Panja,5,,best for beginners,0,6.84.4,2026-07-07T18:18:33,,
Duolingo: Language Lessons,com.duolingo,Education,e9f1a2cb-5178-4398-a0e3-9fb768ca4ad3,Al Redloh,2,,I don't like the mascot. the app is great for learning a new language. I enjoy using it everyday. I would give it five stars but I get creeped out by the icon changing all the time.,0,,2026-07-07T18:17:57,,
Duolingo: Language Lessons,com.duolingo,Education,7e339bbc-72f5-4e25-858b-6506fb94558b,Jaat Devta,5,,very good and small and educational lessons,0,6.86.5,2026-07-07T18:17:32,,
Duolingo: Language Lessons,com.duolingo,Education,0c627e09-d5d5-4e7f-a1f2-b94e1b3a3ed6,Thadene Gibson,5,,I love the cute owl!,1,6.86.4,2026-07-07T18:17:23,,
Duolingo: Language Lessons,com.duolingo,Education,222bb84d-a263-4ae4-ac57-361e18541d74,SAHIL ANSARI,5,,yar ye ik dam mast game hi our is se han pad bhi shakte hi❤️❤️❤️,0,6.86.5,2026-07-07T18:17:06,,
Duolingo: Language Lessons,com.duolingo,Education,cc87fa38-ea00-4fd2-b34a-5c00f97dde92,Chirag Chauhan,5,,Good,0,6.86.5,2026-07-07T18:16:31,,
Duolingo: Language Lessons,com.duolingo,Education,f4967bd1-7889-4647-b4c7-b95d4b431224,Nur Kholis,5,,I like 😍,0,,2026-07-07T18:15:58,,
Duolingo: Language Lessons,com.duolingo,Education,0e518056-c509-4c8e-b1fd-a2a4685d655d,IMRAN KHAN P,4,,"super teacher,💕💕💕💕",1,6.84.4,2026-07-07T18:15:38,,
Duolingo: Language Lessons,com.duolingo,Education,6af3fe41-ab05-404b-a652-91251293487c,Neha Shah,4,,It's really helpful,1,6.86.4,2026-07-07T18:15:22,,
Duolingo: Language Lessons,com.duolingo,Education,e4abffca-5206-4ebb-991d-47d3ceed92b1,Laxmi Nag,5,,very nice app,0,6.86.4,2026-07-07T18:15:14,,
Duolingo: Language Lessons,com.duolingo,Education,fe0da7a1-4c90-48e5-b614-03d48c7a9f95,Fiky Indra,5,,"nice, my english are fluently",0,6.86.5,2026-07-07T18:11:52,,
Duolingo: Language Lessons,com.duolingo,Education,cf4da364-a26f-4dfa-8d1f-c91c6a2910c9,Sivo Hany,5,,تحفهههههه❤❤,0,6.86.5,2026-07-07T18:10:44,,
Duolingo: Language Lessons,com.duolingo,Education,a9366731-d41a-46b8-80aa-fbebc410080b,Aryan Rao,5,,good aap for learn and speak English,0,6.86.5,2026-07-07T18:10:36,,
Duolingo: Language Lessons,com.duolingo,Education,d7f233d9-6022-46ce-a989-0d6ddb22ea78,azoz 999,5,,البرنامج أسطوري,0,6.86.4,2026-07-07T18:08:45,,
Duolingo: Language Lessons,com.duolingo,Education,05b2c75f-243a-48e9-bc20-23fdef60b67d,Mar Najwan,4,,it's amazing and so cool but i have 1 problem.......when I want to add friends it says that there is a problem...try again later.....like whhhhhhyyyyyyy........and I tried to increase my friends and it's still says the same thing 😢 💔 please fix my problem,1,6.86.5,2026-07-07T18:08:26,,
Duolingo: Language Lessons,com.duolingo,Education,8152d4d8-5cd0-4dc4-bd02-db4fb3298c50,Yodha,5,,"ini bikin saya jadi fokus, untuk mengembangkan hobi saya. terimakasih Duolingo 😊",0,6.86.4,2026-07-07T18:07:51,,
Duolingo: Language Lessons,com.duolingo,Education,89859c04-0707-4db3-aae5-f3b8f6142f41,Malek,5,,The best in the world,0,6.86.5,2026-07-07T18:06:18,,
Duolingo: Language Lessons,com.duolingo,Education,a507ee5b-48f6-4253-bfdb-11e8adcb0a3c,Tshehetso Sengange,4,,learning for language is good,1,6.86.5,2026-07-07T18:05:39,,
Duolingo: Language Lessons,com.duolingo,Education,57dde0c9-83bb-499c-a3ba-61d7dc1ee61b,Owami Ncama,5,,It is very good and you always want to come back and learn with duolingo🎀,0,6.86.5,2026-07-07T18:05:26,,
Duolingo: Language Lessons,com.duolingo,Education,3c5dca1b-673f-41bd-95d7-102f66c2c9ee,SG,2,,"The Japanese course mostly teaches things you don't need to know. The app also glitches sometimes and gives you less xp. The audio is very bad, and when I give feedback, the same error happens the next day. I also do not like the new combo system very much, as it just makes you frustrated when you lose the combo. When they have match madness, it gives you very little xp.",21,6.86.5,2026-07-07T18:03:11,,
Duolingo: Language Lessons,com.duolingo,Education,f12f0fb5-7859-4944-bb65-b17ff25d20e7,Md Sujon Hossen,5,,this is owosom,0,6.86.5,2026-07-07T18:02:20,,
Duolingo: Language Lessons,com.duolingo,Education,6a2e6f5b-9271-474a-bd55-52922e55c2e1,Parsa Sigma,5,,عالی,0,6.86.5,2026-07-07T18:01:54,,
Duolingo: Language Lessons,com.duolingo,Education,f619957f-6d8e-4879-8bcd-1164131a3df3,Ayan Memon,5,,it is good,0,6.86.5,2026-07-07T18:01:45,,
Duolingo: Language Lessons,com.duolingo,Education,e304712c-b3d7-4d71-be07-80c2280d67ae,Kerry McGann,5,,I'm refreshing my Hungarian. perfect app.for that. Two thumbs up! 👍👍,0,6.86.5,2026-07-07T18:00:02,,
Duolingo: Language Lessons,com.duolingo,Education,8e39f807-a6b5-4550-8fe8-965598a9d772,Jacob Rineck,5,,It's very good for learning different languages.,0,6.86.5,2026-07-07T17:59:56,,
Duolingo: Language Lessons,com.duolingo,Education,02847cb8-e034-4855-a024-bd0d63f9899e,Mardiya Yahya,5,,Love it,0,6.84.4,2026-07-07T17:59:27,,
Duolingo: Language Lessons,com.duolingo,Education,3c16a7f5-c908-4cb8-8de3-76703ea6be76,ARPIT KHOIWAL,5,,nice apps for students,0,6.86.5,2026-07-07T17:57:39,,
Duolingo: Language Lessons,com.duolingo,Education,f519f02a-86c0-4ef0-88d0-7fc1aa215c23,ashkan radman,5,,exellent,0,6.86.5,2026-07-07T17:56:16,,
Duolingo: Language Lessons,com.duolingo,Education,736f9692-971e-4515-b962-fa0339dc0a4b,Rosid Sardar,5,,"This app is very lovely,so I rate this 10/10. This is like game and repeat after when your answer is worng. It is good to learn English,and it teach you basic to original conversation so, install the app.Best app for learning English and it's full free and here you learn English and other languages and play chess, so I highly recommend to install this app. 👍👌🎀",2,6.86.5,2026-07-07T17:54:01,,
Duolingo: Language Lessons,com.duolingo,Education,30cf9e62-f5ef-45f8-b15f-5c25989725f4,Amin Lassoued,5,,that's very good,0,6.86.4,2026-07-07T17:53:37,,
Duolingo: Language Lessons,com.duolingo,Education,a468e0b6-99f6-4fb7-bf38-9c37d0425331,Shirley McGleish,5,,Learning and having fun!,0,6.86.4,2026-07-07T17:53:35,,
Duolingo: Language Lessons,com.duolingo,Education,d6620458-6c2e-478f-a6f5-4703d418263d,Jah Jah,5,,love it,0,6.86.5,2026-07-07T17:53:19,,
Duolingo: Language Lessons,com.duolingo,Education,99af8e8a-36a2-4206-abf9-4825c0dcb3ff,Vetri Venthan,5,,its a very good app to learn a new language,0,5.141.12,2026-07-07T17:53:11,,
Duolingo: Language Lessons,com.duolingo,Education,f3dfb7db-cdde-4b29-bd56-c4c23c476e5f,Hilaria Partosa,4,,it helps me learn about the English language,1,6.86.5,2026-07-07T17:52:46,,
Duolingo: Language Lessons,com.duolingo,Education,c44e5887-ca08-44fe-9c76-019e8878a0ce,Kapila Patel,5,,nice to learn any languages so far,0,6.86.5,2026-07-07T17:51:23,,
Duolingo: Language Lessons,com.duolingo,Education,09cb20d6-1887-448a-934f-d756e62b5c82,play stor,1,,كان ديولينجو في الاول جيدا لكنه مأخرا أصبح يسعى للمال فقط من خلال الكم الهائل للإعلانات المزعجة أتمنى أن تقوموا بإصلاح هذا المشكل لأنكم ستخسرون الكثير من المستخدمين وشكرا,0,,2026-07-07T17:51:02,,
Duolingo: Language Lessons,com.duolingo,Education,87089707-26ea-4be6-acd0-d22f14d9ec96,Md Abdul Momin,2,,nice,0,6.86.5,2026-07-07T17:50:33,,
Duolingo: Language Lessons,com.duolingo,Education,70b84d9f-e673-4d0d-913a-2d24fb521ae0,Mulan Ap,3,,seru,0,6.86.5,2026-07-07T17:50:16,,
Duolingo: Language Lessons,com.duolingo,Education,76fc8c6f-711e-4aca-9127-cfe162d885ea,A Clips,4,,Will be more happy if the ads will not appear after every lesson.,1,6.86.5,2026-07-07T17:50:11,,
Duolingo: Language Lessons,com.duolingo,Education,e5ceb51a-8530-4a5d-a918-5253e6dee41d,Md Yousuf,1,,কি বাজে আ্যপ😈😈😈,0,6.86.5,2026-07-07T17:49:50,,
Duolingo: Language Lessons,com.duolingo,Education,f93a2324-197a-40e2-8451-429a86a0a963,Vijay Chauhan,5,,it's a very fantastic😊,0,6.86.5,2026-07-07T17:49:30,,
Duolingo: Language Lessons,com.duolingo,Education,7f3cf698-021d-4d89-a42f-8a70209b39dd,Grant,5,,my 4 year old is learning Korean and is excited every day to open her duolingo app,0,6.86.5,2026-07-07T17:48:56,,
Duolingo: Language Lessons,com.duolingo,Education,346dccf7-c203-4ba8-9152-3629c2328798,Evie Reinier,5,,"this app is very useful for learning new languages. it lets you review words you missed and lets you pick your pace at learning. if you're dedicated like me, it helps a lot if you're taking notes as you go along. it is a very fun and colorful app to learn languages. I would recommend.",1,6.86.5,2026-07-07T17:47:56,,
Duolingo: Language Lessons,com.duolingo,Education,17e6489f-3e47-436f-9d5c-2c986778b536,Suman,5,,This app wass veryyyyy nice.....this app growth 📈 in your English speaking skills and other language's....you try it guyssss.....🫶🏻,0,6.86.5,2026-07-07T17:47:29,,
Duolingo: Language Lessons,com.duolingo,Education,5b631804-39d2-4aec-8f70-b9a4b749b1d7,shubham Rajbhar,5,,very helpful bahut acha hai thanks Duolingo 💯💯❤️❤️❤️💝💝,0,6.86.5,2026-07-07T17:45:01,,
Duolingo: Language Lessons,com.duolingo,Education,3df5ece2-0e3d-477c-82ca-db9a49de4884,Charly Colindrez,5,,I love Doulingo it fun,0,6.86.5,2026-07-07T17:44:14,,
Duolingo: Language Lessons,com.duolingo,Education,85e4c895-72fd-4a8d-8232-7ffbdf42e502,Atia,5,,fantastic app good opportunity to learn a new language,0,6.86.5,2026-07-07T17:43:56,,
Duolingo: Language Lessons,com.duolingo,Education,d0aaa664-d095-43b3-a4ef-1a33eb5ef9be,BeegtymeRawkstah,5,,I'm nine but this is soooooo easy,0,6.86.5,2026-07-07T17:42:14,,
Duolingo: Language Lessons,com.duolingo,Education,a2ed9c26-681c-437e-91a5-fc36b2dcd9b6,Muhammad Mansoor sameejo,5,,best lerninig app,0,6.86.5,2026-07-07T17:42:07,,
Duolingo: Language Lessons,com.duolingo,Education,011828e3-49a1-40ab-be2c-c5e88561b654,Palaninathan Sathuruckapody,5,,I love DUOLINGO very much. It teaches me French very well ❤️‍🩹,0,6.86.5,2026-07-07T17:39:20,,
Duolingo: Language Lessons,com.duolingo,Education,74207057-1057-4265-ba62-96aad620d4b0,Nisha Yeola,5,,it is very nice for learning chess math and another language. it is also like a fun game.,0,6.86.5,2026-07-07T17:39:05,,
Duolingo: Language Lessons,com.duolingo,Education,357defd6-9150-4d07-9ee8-c536de88fc05,Jithu S,5,,good,0,,2026-07-07T17:36:20,,
Duolingo: Language Lessons,com.duolingo,Education,7241edb1-0f2e-4ad3-a2bd-6e2ef1d79b6e,Zein Yahia,5,,best app ever it lernd me something new I like Spanish French also Italian soooo good please try it please who did not install please ok,0,6.86.5,2026-07-07T17:36:00,,
Duolingo: Language Lessons,com.duolingo,Education,4133c5fc-b59b-4112-bbde-227de37515d8,Metina Fairman,4,,it's one of the best language learning apps out there you should try it good for kids I'm learning spanish 🇪🇸 .,0,6.86.5,2026-07-07T17:35:04,,
Duolingo: Language Lessons,com.duolingo,Education,cebd482e-ed1e-44ce-8e82-8b0785d6ad8f,Swopon Sarkar,5,,this app is infinity good,0,6.86.5,2026-07-07T17:32:41,,
Duolingo: Language Lessons,com.duolingo,Education,bab89b65-9541-4319-a0f1-a04899305ae1,Youssef Jebahi,5,,nice,0,6.86.5,2026-07-07T17:31:24,,
Duolingo: Language Lessons,com.duolingo,Education,3b956f3d-02ae-4391-a4f9-14d56aa36a88,Shagun International,5,,love this app,0,6.86.5,2026-07-07T17:31:14,,
Duolingo: Language Lessons,com.duolingo,Education,475fd1ed-b037-4495-b1b7-de9ff7bb9576,Jotirmoyee Shokti,5,,I love duolingo it helped me sooo much,0,6.86.4,2026-07-07T17:30:44,,
Duolingo: Language Lessons,com.duolingo,Education,6e0f90c7-1f4e-49fd-9745-3c3fdc2fb832,Terry Payne,3,,is good I guess,0,6.86.5,2026-07-07T17:29:31,,
Duolingo: Language Lessons,com.duolingo,Education,96a9cb0f-2fcb-4772-8d74-b7b440cc440b,Diana Pierce,5,,I love this site. Learning Spanish and chess!,0,6.86.5,2026-07-07T17:25:58,,
Duolingo: Language Lessons,com.duolingo,Education,df4f5c46-252c-4b02-ad3d-f66f381cd867,bloxaung5,5,,"Yes,that is good",0,6.86.4,2026-07-07T17:25:49,,
Duolingo: Language Lessons,com.duolingo,Education,45e7e644-9e2e-4bba-8ec2-3932f817f41e,Razia Sultana,3,,"আরও ভালো করে শিখালে ভালো হতো। শব্দ শিখতে পারি,কিন্তু বাক্য তো গঠন হয়না পুরো পুরি।",0,6.86.5,2026-07-07T17:24:07,,
Duolingo: Language Lessons,com.duolingo,Education,dc62282e-c2c9-4a6a-95f4-531cf30998fa,Habibkhab Khan,5,,i love that,0,6.86.5,2026-07-07T17:22:30,,
Duolingo: Language Lessons,com.duolingo,Education,cc73cca5-3f5a-4d60-89df-fa5decf58b82,ANCHAL TYAGI,5,,This good and amazing app helped me to practice chess for two days and my experience is very good with this fun app.....😀,0,,2026-07-07T17:20:56,,
Duolingo: Language Lessons,com.duolingo,Education,0887967a-2f34-470f-a1a6-92a75308e495,Sher Javed Irshad,4,,i loved it but i thing it should have to focus more on writing skill,0,6.86.5,2026-07-07T17:17:36,,
Duolingo: Language Lessons,com.duolingo,Education,2e0f50ed-2222-4231-a18d-ba81c979cc99,Jeff Abanica,5,,good,0,6.86.5,2026-07-07T17:16:59,,
Duolingo: Language Lessons,com.duolingo,Education,0cc464f9-015d-49da-90b4-ad2d2a761d2c,SALAMI HAMMED,5,,I love it is very fun,0,6.86.5,2026-07-07T17:16:40,,
Duolingo: Language Lessons,com.duolingo,Education,573737ef-04dd-4aa6-b560-9417c75b24c1,Ismail Jubril,5,,It pays...,0,6.86.4,2026-07-07T17:16:29,,
Duolingo: Language Lessons,com.duolingo,Education,b4c1a235-bb83-4f48-a76f-f427c864740a,Gagan Kumar,5,,bohot acha app hai,0,6.86.5,2026-07-07T17:16:03,,
Duolingo: Language Lessons,com.duolingo,Education,8add866b-f24f-4973-898a-359682b8f0ea,Wattoo G,4,,this is very good app. this app make me in decipline. this app learning us something all over this is good.,0,6.86.4,2026-07-07T17:15:52,,
Duolingo: Language Lessons,com.duolingo,Education,5722c266-4720-49e1-9d2f-33220a0fd187,G.Saddam Hussain,5,,Best App,0,6.86.5,2026-07-07T17:14:18,,
Duolingo: Language Lessons,com.duolingo,Education,e88dc808-4e7d-4583-8e47-9d3914d3b01a,Rylan Whitney,5,,"This app is very very helpful. I love playing chess with Oscar. I love when I beat him, he says these funny things.",0,6.86.5,2026-07-07T17:13:20,,
Duolingo: Language Lessons,com.duolingo,Education,0dcd9fbe-6f81-433a-82ac-2525815d613e,Aiza Espinosa,5,,Good start to learn turkish,0,6.86.5,2026-07-07T17:12:04,,
Duolingo: Language Lessons,com.duolingo,Education,38e9d9b1-2734-4cd0-b5b8-62931ba8fe96,Ganga Nepal,5,,This is a great learning website,0,6.86.5,2026-07-07T17:09:04,,
Duolingo: Language Lessons,com.duolingo,Education,cee71835-5cf3-4e00-a363-8291612fb124,Aira Nicole Buere,4,,Easy to use and I fun have learning.,1,6.86.5,2026-07-07T17:06:08,,
Duolingo: Language Lessons,com.duolingo,Education,62dac615-1cca-4bfa-a07f-37da7ff651bd,Shahajalal,5,,এটা খুব বালো।,0,6.86.5,2026-07-07T17:04:44,,
Duolingo: Language Lessons,com.duolingo,Education,051b11e9-6ab9-4b51-9860-890654cd6ee9,Abdul Hoque,5,,This Duolingo app is imazine it helped for learning English for beginners . That's why I am 5 rating for this app,0,6.86.5,2026-07-07T17:03:41,,
Duolingo: Language Lessons,com.duolingo,Education,cd1144fd-0658-4ce5-90ec-c1e622cbc1d5,kavita ruchika,5,,very nice 👍🏻,0,6.86.4,2026-07-07T17:01:38,,
Duolingo: Language Lessons,com.duolingo,Education,6b53b09a-bf7d-417e-ae44-afe7fd702241,Dina,5,,love it!,0,6.86.4,2026-07-07T17:01:34,,
Duolingo: Language Lessons,com.duolingo,Education,b1d44475-d321-48f5-9f02-4b7417c6d4a2,Mir Qurat,5,,this is the best i learnt French,0,6.87.6,2026-07-07T17:00:50,,
Duolingo: Language Lessons,com.duolingo,Education,f33a1e8b-ce82-4820-8067-0e8bb455e161,Sarojba Makwana,5,,such a best application,0,6.86.5,2026-07-07T17:00:21,,
Duolingo: Language Lessons,com.duolingo,Education,89fe9f41-0589-407d-8343-f542d4b3a82e,Rapi333,5,,good 👍 nice Duolingo,0,6.86.5,2026-07-07T16:59:58,,
Duolingo: Language Lessons,com.duolingo,Education,1ec029bf-284c-4599-81d5-e1be3c00935c,Tanveer Ansari,5,,"love this app, the most productive app I ever used. I Would like to give you feedback: if you guys could add chess match post analysis that would be great to learn from our mistakes...",0,6.86.5,2026-07-07T16:59:26,,
Duolingo: Language Lessons,com.duolingo,Education,8bf8ca2a-40df-4b2e-8b8b-7c2a875a083c,Ngaplai,5,,I just love it.. it's very fun to learn,0,6.86.5,2026-07-07T16:58:04,,
Duolingo: Language Lessons,com.duolingo,Education,c8bb0c85-1278-4f8f-a902-1586e500d2a2,PATHIKRIT DEB,5,,best language learning app,0,6.86.5,2026-07-07T16:58:02,,
Duolingo: Language Lessons,com.duolingo,Education,fb73da13-b1ae-48a5-914d-dd29844b96a7,yaseen yaseen,5,,i love this app,0,6.86.5,2026-07-07T16:58:00,,
Duolingo: Language Lessons,com.duolingo,Education,86f1483f-3d54-4a82-a5b5-29fe786004c2,Addan Fatima,5,,so good aap,0,6.86.5,2026-07-07T16:55:50,,
Duolingo: Language Lessons,com.duolingo,Education,0dc107e8-ac53-4c3d-99af-14ac6800cfa5,Lucky Mathur,5,,good 👍,0,6.86.5,2026-07-07T16:52:58,,
Duolingo: Language Lessons,com.duolingo,Education,7cb4de22-5ded-4426-bb28-ddf76ace0902,Md Rumman Mridha,5,,best best ❤️,0,6.86.5,2026-07-07T16:52:24,,
Duolingo: Language Lessons,com.duolingo,Education,7cab9088-061e-4687-8c5b-a948aa3b53a1,Rana Abdullah,5,,"it's an amazing, interesting and very helpful",0,6.86.5,2026-07-07T16:48:08,,
Duolingo: Language Lessons,com.duolingo,Education,609133db-f33b-4b3f-bf62-e761055cd781,syamimi ab,5,,I love Duolingo,0,6.86.5,2026-07-07T16:45:12,,
Duolingo: Language Lessons,com.duolingo,Education,6c60edb7-24fd-4d49-9c82-0a4923917bca,shahin kokabi,5,,so usefull❤️🙏,0,6.85.7,2026-07-07T16:44:35,,
Duolingo: Language Lessons,com.duolingo,Education,57b3a7fb-c427-4e21-b4d2-80171447bb1b,Everything Gaming,5,,it's great to Help you learn.,0,6.86.5,2026-07-07T16:44:05,,
Duolingo: Language Lessons,com.duolingo,Education,00acd126-7419-4e8f-ac51-a1a9d8e10ff2,Samaria Thv,4,,it's amazing 😍🤩,0,6.86.4,2026-07-07T16:42:13,,
Duolingo: Language Lessons,com.duolingo,Education,7e66967d-f433-438e-b73c-4747f243ae5a,Rajib Ahmed,3,,good,0,6.86.5,2026-07-07T16:41:58,,
Duolingo: Language Lessons,com.duolingo,Education,e16af8d4-ff79-459c-9fd3-f5364e9bb79b,Marcia Manganyi,5,,I love this app it encourages you to learn more languages and it also teach you how to play chess in help you understand maths more you can choose any language you wanna and choose what subject that's hard for you and it will help you,0,6.86.4,2026-07-07T16:41:35,,
Duolingo: Language Lessons,com.duolingo,Education,2aa28cc4-9472-48db-bff3-af0ff7d348dc,Graceandtruth Truth,5,,I didn't expect it to be soo good 💯😂🤭 Currently I'm learning hebrew and next I'll work on Greek 😺🐨🐼🐸,0,6.86.5,2026-07-07T16:36:38,,
Duolingo: Language Lessons,com.duolingo,Education,fc7936b9-11ae-401b-9c69-313ea1821c90,Jaivardhan Rathore,5,,Very Very Very Very Very Very Very Very good,0,6.86.5,2026-07-07T16:34:20,,
Duolingo: Language Lessons,com.duolingo,Education,d78540dd-a4da-47a6-b982-ddeeac09718a,Dxxm Art,5,,fantastic,0,6.86.5,2026-07-07T16:33:09,,
Duolingo: Language Lessons,com.duolingo,Education,56aaca10-d540-404f-96b4-03fc0608ce8a,AB,5,,Good,0,6.81.4,2026-07-07T16:32:38,,
Duolingo: Language Lessons,com.duolingo,Education,570eb5ee-d99a-4898-b145-2b565fb36370,Siraj Ali,5,,this is the most beautiful language learning app i have seen in ma life,0,6.86.5,2026-07-07T16:31:37,,
Duolingo: Language Lessons,com.duolingo,Education,d3d1ce8d-5b2c-42e6-9371-74670ba1629f,Deepakkumar Deepakkumar,5,,very nice,0,6.86.5,2026-07-07T16:30:30,,
Duolingo: Language Lessons,com.duolingo,Education,4d4f5182-26ca-46e2-b87a-251d47d4c310,phil BODDEY,5,,LOVE THE NEW FOOTBALL SUITS GETS ME TO GO ON DUOLINGO EVERYDAY,0,6.86.5,2026-07-07T16:29:13,,
Duolingo: Language Lessons,com.duolingo,Education,67d37fb9-17c2-49d9-8faf-e9cde356035f,manmohan sharma,1,,very bad quelaty,2,6.43.4,2026-07-07T16:23:24,,
Duolingo: Language Lessons,com.duolingo,Education,c5a60e04-be7c-46f3-9ab3-b10d24bf617d,Seddiq Chhipa,5,,love it,0,6.85.7,2026-07-07T16:20:05,,
Duolingo: Language Lessons,com.duolingo,Education,c5f4e91f-d611-4c58-9b75-36e957896344,Cyrus Miller,5,,amazing for learning a new language totally from scratch,0,6.85.7,2026-07-07T16:19:51,,
Duolingo: Language Lessons,com.duolingo,Education,30b7ad8d-0e49-43b4-bc1d-2ab2e2b28123,Sky Brave,2,,"first of all, it isn't free as promised. secondly language expert have said time and again that Duolingo is not an ideal resource for learning a new language. but if you aren't interested in being fluent in a new language, but just want to see what other languages feels like, and you have the money for premium; then Duolingo is for you. I intended to give it one star at first, but I'll give it an extra star for its chess course. it's really nice.",3,6.86.4,2026-07-07T16:19:11,,
Duolingo: Language Lessons,com.duolingo,Education,6f7f1c5c-9561-405a-897c-cdc06cebd183,Dina Anarfi,3,,Hey Duo I only have one oversized problem. You see when I download the app on my phone last year which was the older version of duolingo every thing was cool but now I somehow can't update the app. I searched on your website to get the new version with chess but whenever I tap the button to learn chess it just sends me back to the older version so I deleted it and downloaded it 2 times but it still didn't work. I hope you can solve this issue for me. But to any new person the app is all good,1,5.141.12,2026-07-07T16:18:02,,
Duolingo: Language Lessons,com.duolingo,Education,4e7d9204-33c9-4669-b050-2c2420e29f2a,Anwaya M,5,,yap it's great,0,6.86.5,2026-07-07T16:17:38,,
Duolingo: Language Lessons,com.duolingo,Education,5a2c3253-d17d-4d81-a1ae-0bf1a55f7c8a,Hsu Pone Chit,5,,It's so cool.,0,6.86.4,2026-07-07T16:16:00,,
Duolingo: Language Lessons,com.duolingo,Education,24780734-d6a8-4cc7-ad9c-f7d536ef7554,Ritesh Negi,5,,nice,0,,2026-07-07T16:14:33,,
Duolingo: Language Lessons,com.duolingo,Education,174e1979-2026-497d-bf08-9f703e3111e6,Roxetta Lollipop,5,,"fun way to learn Spanish, I love it!",0,6.86.5,2026-07-07T16:14:10,,
Duolingo: Language Lessons,com.duolingo,Education,2ad2591b-58a1-40a8-99f0-cae9134b8320,Pramod kumar,5,,i really enjoyed by learning French and English. it is useful for beginners and professional. good learning experience that I love and me,0,5.101.14,2026-07-07T16:13:30,,
Duolingo: Language Lessons,com.duolingo,Education,9c6f7c4f-830f-487e-881c-1e3fa4e21c96,Ntokozo Sibanda,5,,good information,0,6.86.4,2026-07-07T16:09:58,,
Duolingo: Language Lessons,com.duolingo,Education,5a6246b1-755e-49b5-a4a6-dc504520a1fe,Kahaan Jhaveri,5,,"this app is so good, helping me to learn german",0,6.86.4,2026-07-07T16:09:28,,
Duolingo: Language Lessons,com.duolingo,Education,60af48ec-5989-464f-bc89-f6ca0d4252ae,Ghulam Muhammad,5,,Anyone who wants to learn a language needs to try it.❤️❤️❤️❤️❤️❤️❤️,0,6.86.4,2026-07-07T16:07:56,,
Duolingo: Language Lessons,com.duolingo,Education,909264a1-c35e-40b3-9a90-398dd78bcb37,Cayla De wet,5,,"this app really motivates you to practice and it's really accurate, learning Korean is a breeze with this app!",0,6.86.5,2026-07-07T16:06:25,,
Duolingo: Language Lessons,com.duolingo,Education,3bfdbf43-27fa-46d8-b274-6d88eb7021d2,Soumo,5,,Best app in my experience 😜😁,0,6.86.5,2026-07-07T16:05:00,,
Duolingo: Language Lessons,com.duolingo,Education,54c81d59-9d0c-4e51-8354-da7ee4053a39,محمد باقر,5,,جيد,0,6.86.5,2026-07-07T16:04:16,,
Duolingo: Language Lessons,com.duolingo,Education,a0bb40c3-dbb8-47e0-bdd7-7ca062dd19e1,Vanshika Hemnani,5,,best app for learning,0,6.86.5,2026-07-07T16:03:59,,
Duolingo: Language Lessons,com.duolingo,Education,7c52117f-82b2-4744-aedf-8d8feb68d472,mbanefo Mirabel,5,,I love it it's fun 😁 and helping me a lot lately 😉 also amazing and sweet lots of games to I wish I knew this app existed earlier,0,6.84.4,2026-07-07T16:03:47,,
Duolingo: Language Lessons,com.duolingo,Education,ff489522-e56b-48a7-8d8c-7d806b29066d,vishal sonavane,4,,nice,1,6.86.5,2026-07-07T16:03:26,,
Duolingo: Language Lessons,com.duolingo,Education,f96483b3-54fc-4394-918d-365bce5ce2ce,Emmanuel Danso,5,,Very interesting and interactive,0,,2026-07-07T16:02:57,,
Duolingo: Language Lessons,com.duolingo,Education,fdac3d67-251c-4a0b-9a2b-84979c79f2bc,Owethu Sindane,5,,I love you 💕 💞,0,6.85.7,2026-07-07T16:00:51,,
Duolingo: Language Lessons,com.duolingo,Education,13af4b8f-cc0a-481a-9a7a-83384934aaf7,Lilly Rose,5,,"duo is amazing, he can help you learn a whole language in just a year, and with super duolingo... maybe even 6 months to learn a language!!!",0,6.86.5,2026-07-07T15:59:23,,
Duolingo: Language Lessons,com.duolingo,Education,bc387c9c-4951-43c6-9f32-206ab1673bcb,Sonia Mirza,5,,amazing app,0,6.86.5,2026-07-07T15:57:37,,
Duolingo: Language Lessons,com.duolingo,Education,f24cf835-6b0b-4236-a4c2-1239533e9b9c,Udit Tiwari,5,,very best this app English improved by this app,0,6.86.5,2026-07-07T15:56:42,,
Duolingo: Language Lessons,com.duolingo,Education,fd9c1ce9-b355-46c7-8c7b-73a1d78dae7c,MOYRA MALIK,4,,the app is very good for learning any language.,1,6.71.2,2026-07-07T15:56:38,,
Duolingo: Language Lessons,com.duolingo,Education,55c224ed-8173-46de-8186-7634c48ccf8c,Md Arif Khan,5,,আচ্ছা,0,6.86.5,2026-07-07T15:54:25,,
Duolingo: Language Lessons,com.duolingo,Education,d290b983-918a-4d88-8d8d-e28ec5321de1,Abd,5,,nice,0,6.86.5,2026-07-07T15:54:17,,
Duolingo: Language Lessons,com.duolingo,Education,3f3c9c36-6351-4d0c-80b2-56ef5e807616,Rashi Singh,5,,good,0,5.141.12,2026-07-07T15:53:51,,
Duolingo: Language Lessons,com.duolingo,Education,446ee825-fc32-471f-b224-7f945fb150b0,Maria Belaifa,5,,eccellente 👍🏼,0,,2026-07-07T15:53:33,,
Duolingo: Language Lessons,com.duolingo,Education,29747b3b-f216-4f08-8485-efafa962e09b,Etleva Seferi,5,,it lerns me languings but l am from albania and l cant now l lot can dualingo be albanian for me,0,6.86.5,2026-07-07T15:53:27,,
Duolingo: Language Lessons,com.duolingo,Education,c58b06a9-bc35-4172-8207-27e92065bae4,Ankit Singh,5,,bhut biya hai ye,0,6.86.5,2026-07-07T15:51:21,,
Duolingo: Language Lessons,com.duolingo,Education,6bb71edd-5e32-4e85-a275-f0dec2521add,Sukhminder Singh,5,,I love this app ❤️❤️❤️❤️,0,6.86.5,2026-07-07T15:50:16,,
Duolingo: Language Lessons,com.duolingo,Education,e078904b-69dc-48e6-a786-4556f8069c6e,Deepak Vishwakarma,5,,useful app,0,6.86.5,2026-07-07T15:46:08,,
Duolingo: Language Lessons,com.duolingo,Education,1da2812e-6bda-41cc-9619-f1b792e770ac,Ed,5,,Interesting so far.,0,6.86.5,2026-07-07T15:40:54,,
Duolingo: Language Lessons,com.duolingo,Education,d1f9a6e4-1a02-4e7d-a9a3-a73018f8a516,atie kariminoori,5,,very good!,0,6.86.4,2026-07-07T15:40:41,,
Duolingo: Language Lessons,com.duolingo,Education,530f5725-872c-407a-b8b9-f18f0e1f37c8,Halss Alty,5,,i love it,0,6.86.5,2026-07-07T15:40:37,,
Duolingo: Language Lessons,com.duolingo,Education,320f1cae-dd85-4b72-9666-98c3050e980c,Aarush Aditya,5,,"Great!!!! I learnt French, and it was fun!",0,6.86.5,2026-07-07T15:40:10,,
Duolingo: Language Lessons,com.duolingo,Education,ebb8dc09-6024-4e4e-adb7-fdac715db535,Jinesh,5,,nice,0,6.86.4,2026-07-07T15:38:54,,
Duolingo: Language Lessons,com.duolingo,Education,48549f6d-0e6b-41f8-9af3-db96dc8cdea5,Sihab Uddin,5,,মজার ছলে ভাষা শেখার জন্য খুব সুন্দর একটি application.,0,6.86.4,2026-07-07T15:37:28,,
Duolingo: Language Lessons,com.duolingo,Education,16175afa-b3a1-4583-8e1a-cf3f2fb1ba7e,Agadagba peter,5,,it keeps me calm thanks for the app ☺️,0,6.86.5,2026-07-07T15:36:58,,
Duolingo: Language Lessons,com.duolingo,Education,0ca1b69a-52c8-4915-8808-8e778d0a78a9,Brown Charlie,5,,This is the perfect app for learning even as a beginner starting from scratch with very less ads,1,5.121.15,2026-07-07T15:35:45,,
Duolingo: Language Lessons,com.duolingo,Education,0e0209ec-e7c8-4ba7-9eee-beeb35535a0f,طاها عادلی,5,,best.,0,,2026-07-07T15:35:10,,
Duolingo: Language Lessons,com.duolingo,Education,ddde5072-67c9-4989-b1e4-40bf941b54fa,Ramesh Hembrom,5,,thank you🌹,0,6.86.5,2026-07-07T15:29:30,,
Duolingo: Language Lessons,com.duolingo,Education,7760317f-2616-47f3-8ac6-88cca9920630,Kumba Crispina Ngaujah,5,,Helps me understand fast,0,6.86.5,2026-07-07T15:29:03,,
Duolingo: Language Lessons,com.duolingo,Education,8d8a2798-43ca-4844-8c02-5ed852acd981,Amina Khatun,5,,this best app i am learning Chinese language and korian and Japanese and english i am from bangladesh ㅗㅑㅌ셔ㅑㅓㄹㄹ혀ㅓㅗㅇㅎ7ㅓㅓ ㅗㅑㅠ왜ㅡㅠ로ㅓㅏ,0,6.85.7,2026-07-07T15:28:41,,
Duolingo: Language Lessons,com.duolingo,Education,defc67c5-fe7f-4ccd-b95e-74c16316259e,Raghupati Das,5,,that was very learn full game,0,6.86.5,2026-07-07T15:27:46,,
Duolingo: Language Lessons,com.duolingo,Education,f578168f-08f8-47ce-bf65-75f48734249f,Абдулхалим,5,,Good app,0,6.86.5,2026-07-07T15:27:05,,
Duolingo: Language Lessons,com.duolingo,Education,4f73cb04-f516-462d-8c31-2c30cbc199c0,Sodiq Fatimah,5,,easy to learn from,0,6.86.4,2026-07-07T15:24:11,,
Duolingo: Language Lessons,com.duolingo,Education,50413136-c92d-4a5a-a6cc-fb48b658fb30,Prapti Bhatta,5,,it is fun to learn,0,6.86.4,2026-07-07T15:24:05,,
Duolingo: Language Lessons,com.duolingo,Education,d3306cb8-3697-4485-b38e-58cfd8dd6269,Girdhari Kumar,3,,I HAVE A SUGGESTION FOR YOU. YOU SHOULD IMPROVE THIS APPLICATION BY ADDING AI.,0,6.86.5,2026-07-07T15:23:58,,
Duolingo: Language Lessons,com.duolingo,Education,e44de139-c034-43de-b0b6-c4e407e43fb5,Mohamed Moutaz,5,,very good,0,6.84.4,2026-07-07T15:23:48,,
Duolingo: Language Lessons,com.duolingo,Education,4c585d15-ed2c-4619-b3c6-dc45a4c70fa5,Mukhtar JH,2,,i like it,0,6.86.5,2026-07-07T15:22:51,,
Duolingo: Language Lessons,com.duolingo,Education,dca7957f-c941-49b0-9a22-b3dd90c3fb9d,Anjali Makwana,5,,so good,0,,2026-07-07T15:22:44,,
Duolingo: Language Lessons,com.duolingo,Education,35143f6e-9a3b-4caa-98bc-cdfec9f8dcf7,Tazeem Shaikh,5,,good aap,0,6.86.5,2026-07-07T15:21:20,,
Duolingo: Language Lessons,com.duolingo,Education,e9d96996-17e5-4bf8-91f2-ff6665988ee3,ᴀɴᴊᴀʟɪ ʟɪʟʏ,5,,best too learn new language 🌻,0,6.86.5,2026-07-07T15:20:53,,
Duolingo: Language Lessons,com.duolingo,Education,b4809d47-fcd1-43c7-baf4-a8d76c5435e1,Sehar Faryad,5,,nice app,0,6.86.5,2026-07-07T15:20:48,,
