app_name,app_id,category,review_id,username,rating,title,text,thumbs_up_count,review_created_version,at,reply_content,reply_at
Instagram,com.instagram.android,Social,2832046b-2a19-46d7-87ec-e15d8834b6cb,Rick Clinite,2,,"don't expect to actually find something in particular, or have a convenient way to organize posts.",0,438.0.0.28.88,2026-07-26T16:17:47,,
Instagram,com.instagram.android,Social,9b280b38-4104-45c2-bdd2-48b9491309ac,TRADOLOGIE (JATIN),5,,I love it,0,438.0.0.28.88,2026-07-26T16:17:44,,
Instagram,com.instagram.android,Social,dfefb0ce-8b6c-4c36-bf5c-8abc9c39a626,Govind Choudhary,5,,😲,0,,2026-07-26T16:15:46,,
Instagram,com.instagram.android,Social,e763be63-8e91-436a-8cb7-f1eea96a2a83,Likhith Lucky,5,,super,0,,2026-07-26T16:15:34,,
Instagram,com.instagram.android,Social,70261799-8c53-433d-b26d-c4147ddf255b,Adhyayan Roy,4,,it was nice to see some amazing,0,,2026-07-26T16:15:15,,
Instagram,com.instagram.android,Social,cbb8d517-9d39-4990-84ba-0f59d7a20f01,Krisna Bhuriya,5,,snyam katare,0,439.0.0.37.89,2026-07-26T16:14:58,,
Instagram,com.instagram.android,Social,46042b85-5556-4ea6-aa42-f713c03b2f6a,Rajnish Kumar,5,,ye I'd suspend mat Karna 🥺,0,434.0.0.44.74,2026-07-26T16:14:31,,
Instagram,com.instagram.android,Social,06ce516f-cf06-4031-b4fc-faf9c8a692cd,Hassan Raza,1,,this app is useless I don't like it,0,,2026-07-26T16:14:01,,
Instagram,com.instagram.android,Social,933874f3-4494-4f52-8fbf-497bbee90425,ABDUL REHMAN,4,,account freeze problem plz for you anyone account,0,439.0.0.37.89,2026-07-26T16:14:00,,
Instagram,com.instagram.android,Social,d3a4d9f8-4f5c-464c-94b8-41d16e299b33,Shinobu,5,,best app,0,439.0.0.37.89,2026-07-26T16:13:11,,
Instagram,com.instagram.android,Social,438d37de-77c7-416d-9dff-6182b0874531,Utkarsh Singh,5,,🚭🥰❤,0,,2026-07-26T16:11:53,,
Instagram,com.instagram.android,Social,ffaaa7ec-be61-4f95-b625-faf71b55d7cb,Muhammad Subhan,5,,Nice,0,,2026-07-26T16:11:50,,
Instagram,com.instagram.android,Social,9c154273-2be5-4d04-950e-b2465dd7a8d3,Fhddgbb Dfhv,4,,nice,0,,2026-07-26T16:11:48,,
Instagram,com.instagram.android,Social,c4b66a07-991f-477a-b866-161bb4bdb2b9,Zeeshan,1,,very nice application,0,,2026-07-26T16:10:12,,
Instagram,com.instagram.android,Social,ef046237-9765-4c2b-bc87-5e6cb0f33c5a,Harish Naidu,5,,best and nice platform for buyer and sales also good Thank you for all,0,439.0.0.37.89,2026-07-26T16:09:55,,
Instagram,com.instagram.android,Social,3056a82c-9d17-4758-8f42-be91b3e83a9c,Satyendr Yadav,5,,vary good,0,,2026-07-26T16:09:04,,
Instagram,com.instagram.android,Social,5efd39c3-c650-4a83-986e-640eb209cdad,Saif Ali,5,,i have no words to explain about this app becacuse its amazig 😘😍,0,,2026-07-26T16:08:47,,
Instagram,com.instagram.android,Social,fd128c88-4d2e-4297-a803-92320010e668,Uzma Syed,5,,EXCELLENT 👍❤️💯👑😎,0,,2026-07-26T16:08:34,,
Instagram,com.instagram.android,Social,3620c452-13a8-46ff-907a-27b1bbd59500,Hina Nadeem,5,,luv it,0,439.0.0.37.89,2026-07-26T16:08:00,,
Instagram,com.instagram.android,Social,8b18b6c5-07f5-4ae1-99f6-9a17ad7bc6f5,Arpita Jaiswal,5,,This one is so helpful for social media information 👀🫶🏻,0,,2026-07-26T16:07:10,,
Instagram,com.instagram.android,Social,8f6cc18b-fa52-4c72-8a61-13aaf99dbd25,Niraj Barot,5,,good 😊,0,436.0.0.41.73,2026-07-26T16:06:34,,
Instagram,com.instagram.android,Social,c318f4e0-2470-407b-9028-cbc0d4e91388,Pritibala Mishra,5,,best app,0,439.0.0.37.89,2026-07-26T16:06:12,,
Instagram,com.instagram.android,Social,827f236d-f62c-45f6-aa11-cb1f14483473,Uma Samariya,5,,very very outstanding mind blowing brainrot,0,439.0.0.37.89,2026-07-26T16:06:11,,
Instagram,com.instagram.android,Social,ea218eb5-760b-434b-b5f7-d3a5f4600c62,Hal Mente,1,,why did you remove locations from search???,0,,2026-07-26T16:05:41,,
Instagram,com.instagram.android,Social,db34d45e-4757-4812-800b-1a6189f4ca3b,Rai Singh,5,,my favourite app,0,,2026-07-26T16:05:07,,
Instagram,com.instagram.android,Social,68c36427-0ecb-484a-8895-3f28ca040779,Enejan Yaksimuradova,2,,yeni telefon aldım kullandığım hesabıma giremiyorum. Kullandığım hesabım kapanan eski numarama kayıtlıydı doğrulama kodu da o numaraya gidiyor lütfen yardım edin hesabıma girmek istiyorum geri dönüş yaparsanız sevinirim,0,439.0.0.37.89,2026-07-26T16:04:49,,
Instagram,com.instagram.android,Social,97199790-74b1-4430-b4bc-df5a615a1501,Prakjta Kuchekar,5,,just a nice app is this to conversation and the all things 😅,0,,2026-07-26T16:03:52,,
Instagram,com.instagram.android,Social,ab23f273-e7f0-47d9-a4dc-e7e2b59312af,Md Junaid,5,,bad only suspend accounts on this app,0,,2026-07-26T16:03:42,,
Instagram,com.instagram.android,Social,de7b8862-b5d2-4918-b91c-c698b8a0a312,Santhosh Kumar R Santhosh Kumar R,4,,good,0,439.0.0.37.89,2026-07-26T16:03:32,,
Instagram,com.instagram.android,Social,6dcf8392-b19a-46e0-aeaa-42022125f320,Anup Yadav,5,,Best app 👍,0,439.0.0.37.89,2026-07-26T16:02:56,,
Instagram,com.instagram.android,Social,2a1fe4c4-1e05-498c-8ec5-59c5b1e29578,Abbey Michelle Benson,2,,"⚠️ Warning Against Recovery ScamsDo not trust individual users on social platforms or third-party websites claiming they can ""hack"" or use ""software tools"" to bypass a permanent Meta ban. These are recovery scams designed to steal your money or your personal identity information. Only Meta employees have internal database access to reverse an account restriction.. Alternative Human Review RequestSince the internal AI review is finalized, you can try contacting a human agent:Meta Verified thanks",0,,2026-07-26T16:02:25,,
Instagram,com.instagram.android,Social,5434a9c7-7da7-4f94-baa0-81b423805e66,Manish Bagri,5,,smie,0,436.0.0.41.73,2026-07-26T16:02:14,,
Instagram,com.instagram.android,Social,4171586d-0eb0-45dc-8561-e28ae28a13ab,mahla khajavidehong,5,,عالی هستش,0,439.0.0.37.89,2026-07-26T16:02:11,,
Instagram,com.instagram.android,Social,e7c03eb8-9d56-4306-b8f3-8773321f5570,dhiyanesh,1,,i cant download the app,0,,2026-07-26T16:02:10,,
Instagram,com.instagram.android,Social,a6d8a8e4-680a-43a1-bfae-22eca5f08242,Prakash Marko,5,,my favorite 😍,0,437.0.0.33.78,2026-07-26T16:01:57,,
Instagram,com.instagram.android,Social,2450b2c5-4c4c-4f12-a3fd-4a8ece695ded,Samuvel Katarnvre,5,,🥰🥰🥰🥰🥰😍😍,0,439.0.0.37.89,2026-07-26T16:00:57,,
Instagram,com.instagram.android,Social,35cdf068-aa08-45e2-8957-e5e3c10e64e9,Rinju singh,5,,best app ek dum best isse jyada achha ap ho ki nahi sakta,0,438.0.0.28.88,2026-07-26T16:00:14,,
Instagram,com.instagram.android,Social,9c8aaad0-a131-40ee-a2db-ec4605ccad81,SOBANJO ABIMBOLA,5,,always a place to be for relaxation and gist,0,375.0.0.38.66,2026-07-26T15:59:52,,
Instagram,com.instagram.android,Social,956cfef5-05bf-4ed5-8005-70b4ca56a96d,Renu Bansal,1,,ok,0,439.0.0.37.89,2026-07-26T15:59:44,,
Instagram,com.instagram.android,Social,5b20dc4d-3091-44eb-a215-5ebd1a421a82,Shubham,5,,besttt,0,,2026-07-26T15:58:56,,
Instagram,com.instagram.android,Social,a5c4bef8-febe-4d5b-b188-637e7fade6f3,B.k Rajput,5,,♥️♥️😍😍♥️,0,436.0.0.41.73,2026-07-26T15:58:48,,
Instagram,com.instagram.android,Social,92dc81af-e43f-4fd7-9c2f-25df69297571,Tanu Verma,1,,waste of time,0,,2026-07-26T15:58:29,,
Instagram,com.instagram.android,Social,48cbc92c-b9d9-4bfc-929f-edb6ba923b7e,Vicky Kumar,5,,nice app,0,422.0.0.44.64,2026-07-26T15:58:26,,
Instagram,com.instagram.android,Social,2d0f4b37-76e5-44d4-a2a9-93dbefeacaf6,Vijayadharshini Vijayadharshini,5,,𝐨𝐧𝐞 𝐨𝐟 𝐭𝐡𝐞 𝐠𝐫𝐞𝐚𝐭𝐞𝐬𝐭 𝐚𝐩𝐩... 𝐯𝐞𝐫𝐲𝐲 𝐧𝐢𝐜𝐞!!!!!!,0,,2026-07-26T15:58:11,,
Instagram,com.instagram.android,Social,a2fc5e80-980d-44f0-9d2f-0f69ff4ab5dd,Shuyab Shuyab,5,,super hai lekin followers nahin views nahin badh rahe hai,0,439.0.0.37.89,2026-07-26T15:58:07,,
Instagram,com.instagram.android,Social,c38f83ce-e1cb-4c28-a146-b6983a6161bf,nåvi,1,,"the latest update made the explore page full of reels, I can't stand it",1,418.0.0.51.77,2026-07-26T15:57:46,,
Instagram,com.instagram.android,Social,18f8242c-e158-4fc9-bf29-8867c46944e4,Infinix Gt 30,1,,too many glitches fix it,0,438.0.0.28.88,2026-07-26T15:57:34,,
Instagram,com.instagram.android,Social,fa93e69a-c511-4148-89c3-36d12ea04ff5,Yash Kansari,4,,amezing,0,433.0.0.47.68,2026-07-26T15:57:28,,
Instagram,com.instagram.android,Social,cc657949-c451-4d74-8da8-f7a3f124efdc,Mamta Tiwari,5,,nice,0,438.0.0.28.88,2026-07-26T15:57:08,,
Instagram,com.instagram.android,Social,be23ab06-9abf-44a5-92b7-1287d1fb2d27,Virendra / Veeru Tatu,5,,great,0,428.0.0.47.67,2026-07-26T15:56:36,,
Instagram,com.instagram.android,Social,6eac0de6-526e-41a9-a3fc-88bf9386d0b1,Siddhu Phatangare,5,,good,0,431.1.0.49.82,2026-07-26T15:56:27,,
Instagram,com.instagram.android,Social,8cc19617-3ac2-43c9-b7c2-c38289755750,Sneha Siloliya,5,,ok,0,,2026-07-26T15:56:05,,
Instagram,com.instagram.android,Social,a2b54c18-58da-4da4-b7b3-94ae595de012,Mominur Rahman,5,,best app,0,,2026-07-26T15:55:59,,
Instagram,com.instagram.android,Social,52c56468-3a43-491e-9f76-c86c4d48d7cc,Konda Shivansh,5,,world best app,0,439.0.0.37.89,2026-07-26T15:55:29,,
Instagram,com.instagram.android,Social,327560b2-485e-41cb-ad69-b97d761b0490,Suresh Suthar,5,,this is interested app,0,437.0.0.33.78,2026-07-26T15:55:08,,
Instagram,com.instagram.android,Social,43bde92d-4dce-4058-a334-7a3f70e551e4,MᏬᏦᎥᏝᏗᏁ K,1,,hi Instagram team my post not show all members please fix it,0,439.0.0.37.89,2026-07-26T15:54:36,,
Instagram,com.instagram.android,Social,b54cc2e3-73eb-4362-bc75-eac403a3d354,Dugu Soni,1,,instagram bahut he behtarin hai,0,,2026-07-26T15:54:00,,
Instagram,com.instagram.android,Social,16947abc-3f0f-428b-8f78-23fdf746d64e,Simpu,5,,best social media app,0,439.0.0.37.89,2026-07-26T15:53:43,,
Instagram,com.instagram.android,Social,94812f8a-cc56-461d-8f4e-229f7ca2a511,Mohd Fahad,5,,nice app,0,,2026-07-26T15:53:05,,
Instagram,com.instagram.android,Social,9893c96f-398d-4d70-99ec-6d1381d5c712,Arisht Jain,5,,best apps,0,439.0.0.37.89,2026-07-26T15:53:00,,
Instagram,com.instagram.android,Social,81640ada-8421-44c3-a670-cc2af596ee2d,Marco Agustin,5,,i don't have any thing to say just I like it,0,389.0.0.49.87,2026-07-26T15:52:43,,
Instagram,com.instagram.android,Social,aec657f7-e1ba-4f03-9101-ed62575027ba,Sunny Saroj,5,,Best Instagram,0,439.0.0.37.89,2026-07-26T15:52:35,,
Instagram,com.instagram.android,Social,110deb06-a56c-4e10-aef0-4c4ae76b5aa7,Edwin Mwambe,5,,nice one,0,,2026-07-26T15:51:29,,
Instagram,com.instagram.android,Social,cf9f7294-3f48-4b48-9147-e700d7803dfc,harion yogi,5,,good,0,438.0.0.28.88,2026-07-26T15:51:29,,
Instagram,com.instagram.android,Social,0307e3b5-e549-4bad-841b-f0a6e131da89,Sadasivuni Shilpa,5,,best app for making friends,0,439.0.0.37.89,2026-07-26T15:51:28,,
Instagram,com.instagram.android,Social,8f01b6af-6c36-4557-906d-761bd0a3bf4b,Aloke Ghosh,3,,okh okh !!,0,,2026-07-26T15:51:25,,
Instagram,com.instagram.android,Social,42e32a96-4504-453c-8980-372ecfa97786,Tirath Singh,5,,super 😊,0,439.0.0.37.89,2026-07-26T15:51:02,,
Instagram,com.instagram.android,Social,426445e2-6b8c-4bd7-acc6-3105c7400a36,Murari Rajput,5,,love me instagram ⚜️🔱,0,,2026-07-26T15:49:55,,
Instagram,com.instagram.android,Social,df77ae37-4db0-4414-9fa1-718d48560df1,Julian Personal gmail,1,,bad. wish the PC upload didn't rotate my videos,0,439.0.0.37.89,2026-07-26T15:48:08,,
Instagram,com.instagram.android,Social,59cf8ddd-0b0a-41e4-98fd-c14044be9c0b,Satyansh Yadav,5,,time pass,0,439.0.0.37.89,2026-07-26T15:47:51,,
Instagram,com.instagram.android,Social,ce17bfa3-7e31-4f35-9e11-e30683b0a35a,Raju Kumar,5,,Good 👍,0,439.0.0.37.89,2026-07-26T15:47:01,,
Instagram,com.instagram.android,Social,ef14a70e-5ff3-4efc-a83f-02787df36880,Bablu Khan,5,,he is very nice app and my mood video,0,,2026-07-26T15:47:00,,
Instagram,com.instagram.android,Social,875595f9-57d7-4517-b3b2-8d290102ccaf,devi Trivedi,1,,app open nahi ho raha hai,0,439.0.0.37.89,2026-07-26T15:46:57,,
Instagram,com.instagram.android,Social,3b75b515-8f66-412a-aa30-f1d567c7e0d0,Rushika Baby,5,,good instagram..💗🫶😘,0,,2026-07-26T15:46:55,,
Instagram,com.instagram.android,Social,a65b0280-f622-4715-913e-bfc845e40e08,OLAMIDE ADEYINKA,5,,"good but suspended my previous account for no reason the painful part is my Facebook link with it, now no linking of any account to Instagram anymore",1,437.0.0.33.78,2026-07-26T15:46:25,,
Instagram,com.instagram.android,Social,01b39e68-8191-4479-a49b-5a977f146b8e,Girja Sharma,5,,wowwwww,0,439.0.0.37.89,2026-07-26T15:45:24,,
Instagram,com.instagram.android,Social,5131290e-3093-4848-a0e8-010a74474314,husen Gunjavati,4,,platform is good,0,406.0.0.58.159,2026-07-26T15:45:05,,
Instagram,com.instagram.android,Social,c1f75156-4a2a-4fd8-b89b-b0c5881db78f,Wajihul Hasan,5,,"It's an amazing app, I request Instagram team to push my contents to Shia people whole over the world and make it viral plz",0,439.0.0.37.89,2026-07-26T15:44:18,,
Instagram,com.instagram.android,Social,82405be1-cf62-4550-90bb-d86f961ea454,SHEJAAN SHIAKH,5,,this is a best app,0,,2026-07-26T15:44:01,,
Instagram,com.instagram.android,Social,2460ef4a-ba46-4cd1-bf9f-f522f6eb9da3,Rehan Naushad,1,,"My Instagram account has been disabled 23/07/26 If this had happened then an appeal would have been made to the Instagram people and 180 days would have been given, this is date today 26/07/26 Instagram has removed the option of appeal. If they had given a time limit, I would have tried to fix it, but the option of appeal has been removed in just 1/2 day. Now how do I get my account back and how do I fix it?I am very worried for many days, so please help me and get my Instagram account back and",0,,2026-07-26T15:43:31,,
Instagram,com.instagram.android,Social,742a3eae-baad-4c72-8926-b522bc90fd65,Prince Wolo,5,,Reliable,0,439.0.0.37.89,2026-07-26T15:43:24,,
Instagram,com.instagram.android,Social,be96b93a-70c7-47e8-ac3c-c6a76f2fe379,Javed X,5,,🤘,0,,2026-07-26T15:42:52,,
Instagram,com.instagram.android,Social,cca1d646-702c-4c80-a198-1cd8a7f955fe,Johnny Masunga,5,,it's really good,0,,2026-07-26T15:42:38,,
Instagram,com.instagram.android,Social,876c5b5e-cd0e-40ac-bfe7-11abc01ca0de,Dhruv Singh,5,,NICE,0,439.0.0.37.89,2026-07-26T15:41:59,,
Instagram,com.instagram.android,Social,426ca59c-2e0b-4812-929a-fe7b7fa4919f,SURESH SAH VLOGS,5,,desi gang or experience app and very useful app,0,,2026-07-26T15:41:12,,
Instagram,com.instagram.android,Social,4b7e14f8-928c-47eb-a8f0-d424f530adc9,Gerald Gibson,5,,is good but sometimes gives me problems,0,439.0.0.37.89,2026-07-26T15:40:46,,
Instagram,com.instagram.android,Social,528c5b6e-4229-41f0-ab30-d520a9e3cb6a,Amir Ali,5,,very very good,0,278.0.0.22.117,2026-07-26T15:40:21,,
Instagram,com.instagram.android,Social,6fdaada4-cbd1-4105-ae17-b78594ce9b17,Satyam Chauhan,5,,🙂,0,,2026-07-26T15:40:10,,
Instagram,com.instagram.android,Social,b31844fd-2a19-443d-9a62-ff8899775332,Sonam Kaith,1,,Worst experience My many accounts has suspended.,0,438.0.0.28.88,2026-07-26T15:40:08,,
Instagram,com.instagram.android,Social,913d3437-6807-48f9-bf97-3fc7552aa191,sunidhi kalasapur,4,,thank you,0,,2026-07-26T15:36:31,,
Instagram,com.instagram.android,Social,7a713036-dbb6-4725-a67c-60b199fd7c6a,Rahul Sharma,5,,It's tha chapri aapp,0,438.0.0.28.88,2026-07-26T15:36:22,,
Instagram,com.instagram.android,Social,0e59d979-6c4a-4a24-8656-e372bb1fcc7a,Kisan Rajvhar,5,,ok,0,,2026-07-26T15:36:22,,
Instagram,com.instagram.android,Social,c5ea6418-9e92-4769-bab4-63c51a9b7687,Rajendra Karoliya,5,,nice 👍👍👍👍,1,,2026-07-26T15:36:16,,
Instagram,com.instagram.android,Social,8ae203b5-0130-4d6e-8a51-4c12b356dc0c,Ramanpreet singh Ramanpreet singh,1,,very bad,0,416.0.0.47.66,2026-07-26T15:35:46,,
Instagram,com.instagram.android,Social,c1fc8b29-ca09-4083-b052-a1f226f47a0a,Hira,5,,very good,0,,2026-07-26T15:35:15,,
Instagram,com.instagram.android,Social,c441f1c2-735c-4a27-ace0-655f8bf60be8,Savitaben Prajapati,5,,besta app,0,439.0.0.37.89,2026-07-26T15:35:00,,
Instagram,com.instagram.android,Social,a5342edb-8142-4eb6-bbd9-66f2f4cd0979,ALI Yt gaming,5,,wow 👌,0,437.0.0.33.78,2026-07-26T15:34:43,,
Instagram,com.instagram.android,Social,c2ef517e-fc90-4e15-b6b1-d471bd97223d,Biplab Kandi,5,,okay 👍👍👍👍👍👍,0,361.0.0.46.88,2026-07-26T15:33:40,,
Instagram,com.instagram.android,Social,43afb491-0b80-443f-8a63-ff314030a20c,Delyan Spasov,5,,"The feature to show adds you can't skip is great! When I see it, I know I should immediately close the app. Helps a lot to prevent doom scrolling. Thank you for helping your users preserve mental health!",0,439.0.0.37.89,2026-07-26T15:32:32,,
Instagram,com.instagram.android,Social,c68eb5f8-b7f6-49fb-b4e1-6ebc948262cb,Prince Hamad,5,,I love this app,0,,2026-07-26T15:32:18,,
Instagram,com.instagram.android,Social,d215bc53-7a05-477d-9c01-fcb266603b5e,Khageswar Naik,2,,👌👌👌,0,438.0.0.28.88,2026-07-26T15:31:44,,
Instagram,com.instagram.android,Social,65598e3e-34e0-4397-a8c5-4565a2e60e22,dipanshu mishra,5,,osm,0,290.0.0.13.76,2026-07-26T15:31:33,,
Instagram,com.instagram.android,Social,f4a10cfa-0587-4543-a540-f1e7bd03a000,Tabeer Shahid,1,,Only sometimes there comes a error,0,,2026-07-26T15:31:20,,
Instagram,com.instagram.android,Social,eed0f1d9-5337-4225-a04e-0a47499f657a,Sameer Magsi,5,,peak 💎,0,439.0.0.37.89,2026-07-26T15:31:08,,
Instagram,com.instagram.android,Social,49754b38-8f77-4ef5-8ca3-255ca73a7f26,Sonny Pendred,5,,love it,0,435.0.0.37.76,2026-07-26T15:30:25,,
Instagram,com.instagram.android,Social,ded1c535-060c-423f-b16a-d6189305e024,Sodhi Singh,5,,very nice app,1,439.0.0.37.89,2026-07-26T15:29:38,,
Instagram,com.instagram.android,Social,ae896f40-4ea9-4593-a46c-81b5ebbef5ca,Pal Ji,5,,best,0,439.0.0.37.89,2026-07-26T15:29:05,,
Instagram,com.instagram.android,Social,353ffaf3-43be-44dd-a2ce-46eafe0f24f3,VIJAYKUMAR VIJAYKUMAR,5,,supar,0,439.0.0.37.89,2026-07-26T15:28:34,,
Instagram,com.instagram.android,Social,9db8afae-f131-4949-8e3a-db435cfcd2d0,Syed Sajeed,5,,INSTAGRAM 💘,0,412.0.0.35.87,2026-07-26T15:28:32,,
Instagram,com.instagram.android,Social,95d51b4c-da60-45de-adc7-b86f4eac0e56,Khajan Singh,5,,🫀🫀🫀🫀🫀🫀🫀🫀🫀🫀🫀🫀🫀🫀🫀🫀🫀🫀🫀🫀🫀🫀🫀🫀🫀🫀🫀🫀🫀🫀,0,,2026-07-26T15:28:23,,
Instagram,com.instagram.android,Social,46e73e10-0ada-433e-85c4-4875392719ea,Waqas Sheikh,5,,account disabled,1,435.0.0.37.76,2026-07-26T15:28:21,,
Instagram,com.instagram.android,Social,3a346f1d-9823-4538-b5a7-13ab6aec3dd9,Babit Daimari,5,,this app is very nice❤️,0,439.0.0.37.89,2026-07-26T15:28:14,,
Instagram,com.instagram.android,Social,d14f4897-6dde-499f-8de2-1ce1155f6b37,Albert Albert,5,,good,0,438.0.0.28.88,2026-07-26T15:28:00,,
Instagram,com.instagram.android,Social,24d27fc5-7194-49dc-8f4f-aaf9d3c6ff25,Aditya Dev,5,,Half my life is spent on this app 😁,0,439.0.0.37.89,2026-07-26T15:27:59,,
Instagram,com.instagram.android,Social,9f2eab0c-9e08-49cc-94fc-12a6206bbc4b,Binsila Binsi,3,,its okey experience,0,439.0.0.37.89,2026-07-26T15:27:53,,
Instagram,com.instagram.android,Social,b1e5cfd6-5ab4-446f-883d-8355933c44cb,Badsha Nishad,5,,nice 👍,0,439.0.0.37.89,2026-07-26T15:27:49,,
Instagram,com.instagram.android,Social,bf07f3da-d27b-4d18-b4b5-3020e2981633,Vijay kumar Gupta,5,,bhut😘😘😘😘,1,,2026-07-26T15:27:34,,
Instagram,com.instagram.android,Social,bf68a711-27bd-4874-a2ba-7777acae4aba,S.N. Pandey,5,,it help in my business,0,438.0.0.28.88,2026-07-26T15:27:32,,
Instagram,com.instagram.android,Social,b1c14ab5-ca43-46fc-8300-0ca222d1f88d,Saroj Vasava,4,,Nice,0,,2026-07-26T15:26:12,,
Instagram,com.instagram.android,Social,ba3d5b4f-4578-490c-9ae7-2c165933c513,Sukhmanpreet Singh,1,,super bad for mental health,0,,2026-07-26T15:25:37,,
Instagram,com.instagram.android,Social,a4cff3ea-0c4d-4055-ae42-ccbb6d2ee9ef,Ashish Kumar,5,,💔🥀🥹,0,438.0.0.28.88,2026-07-26T15:25:03,,
Instagram,com.instagram.android,Social,58129b6f-0b12-467a-9c28-60dcbba7bd99,Akash M,5,,nice,0,439.0.0.37.89,2026-07-26T15:24:55,,
Instagram,com.instagram.android,Social,20d42de6-26c1-40f0-957b-a7379891bd58,Roshan Rana,5,,👌,0,323.0.0.35.65,2026-07-26T15:24:36,,
Instagram,com.instagram.android,Social,2c18a909-7dc1-46ca-a6dd-ed405b7105c3,BRITHERS GAMING,5,,very bad,0,,2026-07-26T15:23:40,,
Instagram,com.instagram.android,Social,6676a6a7-e244-4cf1-a651-3ca7c3c1875f,Shravan Sanodiya,5,,best app,0,439.0.0.37.89,2026-07-26T15:22:39,,
Instagram,com.instagram.android,Social,29a2635b-3430-4ec8-b8ec-b03a509ad3d3,Nitesh Kateshriya,5,,instagram hai to sab hai very nice app 😎,0,,2026-07-26T15:22:05,,
Instagram,com.instagram.android,Social,4c00bb8c-56b1-4d97-b4a6-52b424a19218,Mohan Lal,5,,good,1,439.0.0.37.89,2026-07-26T15:21:51,,
Instagram,com.instagram.android,Social,d71e5f8d-a7c5-455c-b7e7-6716a4751e7e,Abuzar,1,,my 100+ account was suspend in last 10 days my account instantly suspend after I creates new account I only just watch reels and nothing instagram please help me,0,,2026-07-26T15:21:17,,
Instagram,com.instagram.android,Social,77edcd7d-d933-417d-89c6-e57a8577b88a,asadul Mallick,5,,This app is very good. You can meet and talk to different types of people here💗😍,0,438.0.0.28.88,2026-07-26T15:20:47,,
Instagram,com.instagram.android,Social,db1cd8b1-4673-46ea-8834-44ba78e99621,Naeem Wasta,5,,👍,0,235.0.0.21.107,2026-07-26T15:20:42,,
Instagram,com.instagram.android,Social,1b56de24-6a09-4edd-b882-3fba30fa33c5,Venkatarao B,5,,good,0,,2026-07-26T15:20:23,,
Instagram,com.instagram.android,Social,945f1265-092e-4a30-bfeb-6086b8eab599,Akansha Nanda,5,,very good ❤️,0,437.0.0.33.78,2026-07-26T15:20:15,,
Instagram,com.instagram.android,Social,a16daa25-4b92-4c20-959f-7e4ab334e268,Dipanshu Gupta,1,,best,0,,2026-07-26T15:20:07,,
Instagram,com.instagram.android,Social,f083f618-374d-499e-9a6f-bb34540f549d,Sehjan Vlogs,5,,instagram please meri reels viral ker do id ha sehjan yt,0,439.0.0.37.89,2026-07-26T15:19:49,,
Instagram,com.instagram.android,Social,83e175d0-f6cb-4cb7-857d-9b7e2bab207a,Gulzaib Sheikh,5,,it's Alll about learning and exploring this is great for everyone,0,439.0.0.37.89,2026-07-26T15:19:28,,
Instagram,com.instagram.android,Social,6b5b3273-d301-425e-8a6f-dcbe38e38e03,Muhammad Sarim Raza,5,,l Like Instagram,0,278.0.0.22.117,2026-07-26T15:19:13,,
Instagram,com.instagram.android,Social,2d6ffce1-eaca-4196-bb58-c14e0b7ab69c,Vishal Kushwah,5,,good app,0,438.0.0.28.88,2026-07-26T15:18:29,,
Instagram,com.instagram.android,Social,967159d8-52b9-420c-b7ce-a11dc0c1c92e,Aakeep Khan,5,,wow nice 👍,0,439.0.0.37.89,2026-07-26T15:18:19,,
Instagram,com.instagram.android,Social,4a9f962b-cb14-4d78-8a44-0dd81fceed6b,วสุรัตน์ เนตรยุวธิ,2,,อะไรก็ไม่รู้โหลดช้าเต็มไปหมด โหลดช้าชิบหาย,0,372.0.0.48.60,2026-07-26T15:17:01,,
Instagram,com.instagram.android,Social,451da55e-11a0-4cd2-b747-feca9a8827fa,kapil dev,5,,nice,0,439.0.0.37.89,2026-07-26T15:16:20,,
Instagram,com.instagram.android,Social,77e696eb-a1bf-4980-a8fb-c64af9f644e4,Solanki jp,5,,⛓️❤️‍🔥🦁💯,0,437.0.0.33.78,2026-07-26T15:16:19,,
Instagram,com.instagram.android,Social,3eb65f59-4efc-4f88-901d-442fddc54fed,Meetu Gop,5,,good,0,439.0.0.37.89,2026-07-26T15:15:52,,
Instagram,com.instagram.android,Social,36d1aba9-c4d5-4ccb-86e1-7b49f69020ab,hamzamehtab,5,,"I really enjoy using Instagram every day. It's easy to connect with friends, follow my favorite creators, and explore inspiring posts. The app runs smoothly and is regularly updated with useful features.",1,439.0.0.37.89,2026-07-26T15:15:28,,
Instagram,com.instagram.android,Social,92afaca3-721c-44d8-81d9-b429da5c0be5,Fathima Nida,5,,good for entertainment,0,439.0.0.37.89,2026-07-26T15:13:25,,
Instagram,com.instagram.android,Social,3b17d935-da6b-4933-b0c5-01c2a57d9bd5,Larxen Marcia,1,,please be fair to all users! i didn't do anything or posted anything that against to your community standard yet you keep suspending my accounts! just a simple hi and there it goes my account got suspended right away!! this app is getting billsht,0,,2026-07-26T15:13:00,,
Instagram,com.instagram.android,Social,1da0e6b9-a230-4533-89ca-e063606a2ca6,Ashmanjot singh Jathoul,5,,good app,0,,2026-07-26T15:12:12,,
Instagram,com.instagram.android,Social,b7463a56-52b5-49d1-8902-f397a194710c,Nawaf _,5,,awsome,0,439.0.0.37.89,2026-07-26T15:12:09,,
Instagram,com.instagram.android,Social,9a69cdd7-906c-4536-86fe-4b411826e192,Nikhil Patil,5,,very nice app ☺️,0,,2026-07-26T15:11:53,,
Instagram,com.instagram.android,Social,ae445a44-ef37-475b-bd45-7c11dfec2e5b,Usha Kumari,5,,very useful,0,,2026-07-26T15:11:45,,
Instagram,com.instagram.android,Social,fd23679b-03ff-4c64-9b22-6ca197da3296,Sunny Gupta,5,,GOOD,0,439.0.0.37.89,2026-07-26T15:11:30,,
Instagram,com.instagram.android,Social,84eb1af1-1256-44bb-89c8-67b87f6f0b04,Sakshi Rawat,1,,they ban account and remove video of truth....,1,439.0.0.37.89,2026-07-26T15:10:12,,
Instagram,com.instagram.android,Social,8683290f-e3d6-4b52-b982-54fea0ee930f,Chotu Chotu,5,,😔😔,0,439.0.0.37.89,2026-07-26T15:10:02,,
Instagram,com.instagram.android,Social,c2ce6687-0a40-470d-8440-82da7e94be27,Junaid Mohammad,5,,nice,0,377.1.0.48.63,2026-07-26T15:07:35,,
Instagram,com.instagram.android,Social,c25d5614-0af1-47a9-ba3f-82ac2832ef57,Preethi Preethi,5,,safe app,0,439.0.0.37.89,2026-07-26T15:04:36,,
Instagram,com.instagram.android,Social,cc9aabee-a461-4345-b3d1-0364c6835926,Nilam Kharia,5,,good,0,438.0.0.28.88,2026-07-26T15:04:23,,
Instagram,com.instagram.android,Social,fc544352-4a9e-4730-8929-df6d2daf158c,Zubair Malik,5,,vary good,0,439.0.0.37.89,2026-07-26T15:04:11,,
Instagram,com.instagram.android,Social,123388cd-28fa-4fed-96c8-239dc8d89da3,Yatharth Malyan,5,,nice,0,439.0.0.37.89,2026-07-26T15:04:06,,
Instagram,com.instagram.android,Social,8241fe48-2a93-467f-8d9b-59e01bd78dfe,Sakahi Panchal,5,,very best app,0,439.0.0.37.89,2026-07-26T15:03:52,,
Instagram,com.instagram.android,Social,448e06d8-3f19-4706-b6ce-7a3a65d225e6,sunali acharjee,5,,Nice,0,439.0.0.37.89,2026-07-26T15:03:20,,
Instagram,com.instagram.android,Social,7137bb0d-793d-456e-a5c0-9bcf7845fa0a,Kalyan Chakravarthy,3,,really addictive use it in regualtion if a student rest all good,0,,2026-07-26T15:02:43,,
Instagram,com.instagram.android,Social,b65864ce-1358-40a7-b7f1-c7bae48d8cb5,Alim Shaikh,5,,please support,0,436.0.0.41.73,2026-07-26T15:02:31,,
Instagram,com.instagram.android,Social,a5f51db5-0e72-4939-b9c6-ba0caea26bd3,Roopa Jugale,5,,🤳🤳🤳,0,,2026-07-26T15:02:15,,
Instagram,com.instagram.android,Social,ee3eb169-1cef-4a2e-83dc-222785a79186,Arhaan Dar,4,,verry perfect app,0,,2026-07-26T15:02:11,,
Instagram,com.instagram.android,Social,ab47bcc0-f3aa-4c76-820a-9a971e9856e0,Renoo Prajapati,5,,very good,0,,2026-07-26T15:02:04,,
Instagram,com.instagram.android,Social,6012a462-e613-4441-a86b-38dd1dc6d95b,Sabitri Mahanta,4,,Very good,0,439.0.0.37.89,2026-07-26T15:01:59,,
Instagram,com.instagram.android,Social,bd677e5a-6778-42ec-8266-d59f4fc32ab7,Durgesh Kumar,5,,👍,0,433.0.0.47.68,2026-07-26T15:01:25,,
Instagram,com.instagram.android,Social,d78cbdb0-ec16-42e4-9676-f726c1dc2d01,Mohd Arshad,5,,tha best social media app 💕👌,0,437.0.0.33.78,2026-07-26T15:01:06,,
Instagram,com.instagram.android,Social,6bd7383d-9cdf-4902-872e-5e1376c470e9,Aarav Ror,5,,bohot gandi to nhi achi app h mhaal,0,439.0.0.37.89,2026-07-26T15:00:18,,
Instagram,com.instagram.android,Social,bd1cf1b2-6af8-440c-a03f-9148af2e892b,umed Kumar,1,,👹👎👎👎👎👎👎👎👎👎👎,0,408.0.0.51.78,2026-07-26T14:58:51,,
Instagram,com.instagram.android,Social,ad684740-7bce-4f4a-a89d-047069a3bed7,Mohammed Reza Farzannia,5,,perfect,0,439.0.0.37.89,2026-07-26T14:58:42,,
Instagram,com.instagram.android,Social,e76e2f8f-0365-4276-a321-39a3748545b6,SAHIL KHAN,5,,veri nice,0,439.0.0.37.89,2026-07-26T14:58:16,,
Instagram,com.instagram.android,Social,bbaf305d-571e-479c-8145-a1933c4de209,Nikhil Kharera,5,,my instagram account please unbanned karo,0,439.0.0.37.89,2026-07-26T14:58:09,,
Instagram,com.instagram.android,Social,b670a368-2ee8-45f6-8077-2d5d7e8dc400,Anand Kumar5290,5,,good working,0,227.0.0.12.117,2026-07-26T14:57:39,,
Instagram,com.instagram.android,Social,5cb0837f-6ef0-4e1a-b8ae-4c97301ed7c6,Rajveer Goswami,5,,good,0,434.0.0.44.74,2026-07-26T14:57:11,,
Instagram,com.instagram.android,Social,9e1852ee-a060-49a4-bede-afa724033f77,Snow White,2,,its showing too much problems i can't post a pic on comment nd its making me automatically log out from my account 😔 i deleted Instagram then i downloaded it but still plz do something,1,439.0.0.37.89,2026-07-26T14:56:25,,
Instagram,com.instagram.android,Social,84d89080-354c-49a9-8e3c-0c0d2dc52761,Muthu Kumari,5,,please unban my Instagram account,0,439.0.0.37.89,2026-07-26T14:56:19,,
Instagram,com.instagram.android,Social,518f54b6-5d62-4dd5-a476-f0dfbb92a59c,Bishal kalita,5,,nice app,0,439.0.0.37.89,2026-07-26T14:56:19,,
Instagram,com.instagram.android,Social,c54b2cfb-6f43-42f1-bf91-d1c83da06900,Kartik Pandey,1,,land ap hain,0,439.0.0.37.89,2026-07-26T14:55:34,,
Instagram,com.instagram.android,Social,bb376dc5-8e01-4234-b29a-b0f16a7fcc06,Vimal Raja,5,,good,0,,2026-07-26T14:55:21,,
Instagram,com.instagram.android,Social,b061824a-2cd9-4bcb-8cb6-0995b41441f8,Annya Kashyap,5,,this is best app,0,434.0.0.44.74,2026-07-26T14:55:12,,
Instagram,com.instagram.android,Social,0882358f-b9b6-47ff-8a9b-52fe98a7da10,Sayeda Mariam Islam,2,,why I can't upload a story?? when I select any videos then add a music it becomes stuck???,0,439.0.0.37.89,2026-07-26T14:54:33,,
Instagram,com.instagram.android,Social,e9aea040-2794-48a0-90cc-dea0011ebd45,Sneha Sukhwal,5,,wonderful,0,,2026-07-26T14:54:15,,
Instagram,com.instagram.android,Social,4cb2fd69-4b5a-452e-88a3-791db2d77d31,Imran Khan,5,,most favourite 💗,0,439.0.0.37.89,2026-07-26T14:53:21,,
Instagram,com.instagram.android,Social,9017fcce-001a-41df-a711-75352c70e586,Mohit Kumar,5,,😒,0,,2026-07-26T14:53:15,,
Instagram,com.instagram.android,Social,39a84b5a-4df5-44ae-ba08-7a0bcea508e8,Nakesh Korutla,1,,"Very worest app, I report so many account no action till now ,that accounts spread mislead informations and fraud guid to netzens,very worest app",0,214.0.0.27.120,2026-07-26T14:52:44,,
Instagram,com.instagram.android,Social,aa21a12a-468a-45ef-a75d-44ea28dc4c49,VIRENDRA SINGH,5,,very nice,0,430.0.0.53.80,2026-07-26T14:51:42,,
Instagram,com.instagram.android,Social,71651358-ae23-4188-9c7f-7d2b1d011c94,Jayananda paharia,5,,nice app,0,,2026-07-26T14:50:50,,
Instagram,com.instagram.android,Social,e7ab4f17-0783-4b09-875d-f382ce34fff9,Hooria Nadeem,5,,Excellent,0,252.0.0.17.111,2026-07-26T14:49:51,,
Instagram,com.instagram.android,Social,5912a8de-1805-4e38-9e6d-cc6f1b528cd4,arjit raj,1,,good ap,0,438.0.0.28.88,2026-07-26T14:49:50,,
Instagram,com.instagram.android,Social,3fc352db-99dc-4238-a57d-754a8bd957a3,PARSA,5,,Good,0,417.0.0.54.77,2026-07-26T14:49:32,,
Instagram,com.instagram.android,Social,b327c770-a8b0-4843-92c3-7298c2fc879d,Bernadette Hayes,5,,my favorite app all day,0,439.0.0.37.89,2026-07-26T14:49:23,,
Instagram,com.instagram.android,Social,2bc7cd78-c6d2-4299-b274-ccab29753855,Sant Kumar,1,,bekar,0,,2026-07-26T14:47:56,,
Instagram,com.instagram.android,Social,a5b1b008-24bb-476a-932b-65f3f25c34ee,Matthew Bernal,5,,it's fun to meet new people and post things,0,439.0.0.37.89,2026-07-26T14:47:50,,
Instagram,com.instagram.android,Social,1674607f-2b3a-40f8-b491-7ac457f30cc7,amamhossain job,5,,I have Nothing to say.its amazing.👍,0,416.0.0.47.66,2026-07-26T14:47:44,,
Instagram,com.instagram.android,Social,c9963dfc-a5de-4bbf-9234-24f7d16db38d,Kishan kashyap,5,,my fevrat app,0,,2026-07-26T14:47:27,,
Instagram,com.instagram.android,Social,052320f0-ad1f-4b54-b960-50eb738ddf29,Raja Sami Imran,1,,yh sb se baqwas aap hai AUR mujhe achi nhi lgti Kisi ko follow kro toh insta banned ho jaatahai,0,434.0.0.44.74,2026-07-26T14:45:47,,
Instagram,com.instagram.android,Social,0fe680fc-daf7-4d2f-9ebd-2bbb5f412150,Mohit Yadav,5,,💪,0,436.0.0.41.73,2026-07-26T14:45:36,,
Instagram,com.instagram.android,Social,4727ef70-1f77-4828-8e11-59b82a30b354,Gurvinder Singh,5,,👍,0,438.0.0.28.88,2026-07-26T14:45:35,,
Instagram,com.instagram.android,Social,7dd14851-48e7-430d-99c9-bf880b0a37e1,Swaran singh Swaran singh,5,,very good 👍,0,438.0.0.28.88,2026-07-26T14:45:10,,
Instagram,com.instagram.android,Social,017b66d2-0511-46a4-9906-6baf3244e216,PANKAJ Singh,4,,INSTAGARM A VERY POPULAR APP IN WORD,0,,2026-07-26T14:44:44,,
Instagram,com.instagram.android,Social,29f81e4c-fea4-466e-a767-6b347a8e7f14,Afran Shuvo,5,,Best App In The World ❤️🇧🇩,0,195.0.0.31.123,2026-07-26T14:44:28,,
Instagram,com.instagram.android,Social,98882deb-7e93-4600-9bf4-7742d4088fa3,Satyam Kumar,5,,Nice aap,0,439.0.0.37.89,2026-07-26T14:44:26,,
Instagram,com.instagram.android,Social,0e42ea5b-1ef6-4a1d-8532-5038c66397d8,Kalpana Khandare,5,,very good,0,,2026-07-26T14:44:01,,
Instagram,com.instagram.android,Social,ddd130c1-8713-424e-8fcf-ad8074b64926,Ravi Ratre,5,,good,0,436.0.0.41.73,2026-07-26T14:42:59,,
Instagram,com.instagram.android,Social,5aff980e-9cf1-4d5e-aaf9-bf7566dde859,Brókéñ òf ẞómràt,5,,very nice 💯,0,438.0.0.28.88,2026-07-26T14:42:36,,
Instagram,com.instagram.android,Social,313323c0-77de-4cb8-9c82-4de1ffed364b,Mun Kundu,5,,😘🥰nice app but 😤mb is more,0,,2026-07-26T14:42:20,,
Instagram,com.instagram.android,Social,13c57537-73d8-4564-823e-292e7d4b9470,Khushi,1,,Khushii,0,278.0.0.22.117,2026-07-26T14:41:51,,
Instagram,com.instagram.android,Social,3c82cab7-749f-404b-bed1-07b4aa866987,Rudransh Yadav,1,,this is very bad aap,0,423.0.0.47.66,2026-07-26T14:41:34,,
Instagram,com.instagram.android,Social,f7c97783-4595-4465-8a3d-70b5c000bb95,Harish Kumar,5,,very nice app,0,439.0.0.37.89,2026-07-26T14:40:53,,
Instagram,com.instagram.android,Social,58077ab6-4840-4731-8e8c-1f198bab062d,Yogesh Kirade,5,,best organic part of my life,0,,2026-07-26T14:40:00,,
Instagram,com.instagram.android,Social,4522334e-2ae4-4b26-93eb-4e39f6c9667c,Faizan Ali,5,,this is very good app,0,437.0.0.33.78,2026-07-26T14:39:57,,
Instagram,com.instagram.android,Social,a372dbf3-3033-4e6f-a8ec-27a2edb21e57,side ndozaah,5,,increase more new followers fast and other more suitable feature for me I like it 💯 percent,0,,2026-07-26T14:39:43,,
Instagram,com.instagram.android,Social,d9fcb6d1-10d7-4481-be10-22bfe8ea0eea,Sharmin Sultana,5,,🔥,0,,2026-07-26T14:39:11,,
Instagram,com.instagram.android,Social,c3a902b1-b75a-4efb-a854-5f21e566e1de,Ashu Yadav,5,,best,0,,2026-07-26T14:38:35,,
Instagram,com.instagram.android,Social,9a056266-a2f6-4d34-948b-26d8cfbb2b5f,Samarth Irannavar,4,,just fire,0,,2026-07-26T14:38:24,,
Instagram,com.instagram.android,Social,a56f437c-262c-4031-946b-7f3b89ce9199,V S,5,,super 👌,0,438.0.0.28.88,2026-07-26T14:37:45,,
Instagram,com.instagram.android,Social,d6f3331c-cbb4-408f-a560-6210aa8f49b4,Anil Kumar,1,,facebook is better than Instragram,0,439.0.0.37.89,2026-07-26T14:37:22,,
Instagram,com.instagram.android,Social,300c7a95-8027-4258-b944-870977fb895a,Rajinikanth Vaskula,5,,I love it,0,396.0.0.46.242,2026-07-26T14:35:35,,
Instagram,com.instagram.android,Social,4e50d929-64d1-44be-91d6-b7ab448ce914,Juvari Nagaraju,5,,ok,0,438.0.0.28.88,2026-07-26T14:35:09,,
Instagram,com.instagram.android,Social,5252fe7c-45ad-48b8-890c-b6ce9bcf6f50,Mohammad Talha,3,,nice,0,,2026-07-26T14:32:39,,
Instagram,com.instagram.android,Social,b9430986-e8ad-434d-b3a4-d46ebaeed002,Nifya Suni,2,,video call filters are not working,0,439.0.0.37.89,2026-07-26T14:31:38,,
Instagram,com.instagram.android,Social,16b4bace-620b-4342-a992-b3c613091325,joel santarin,5,,Its a good apps,0,,2026-07-26T14:30:56,,
Instagram,com.instagram.android,Social,0ac26e13-5c09-4998-aa45-f57e48e7437e,Amar Barman,5,,very good,0,437.0.0.33.78,2026-07-26T14:30:52,,
Instagram,com.instagram.android,Social,4e2216df-4b6c-46fb-86ba-9a6385115381,Shilpi Bauri,5,,good,0,439.0.0.37.89,2026-07-26T14:30:42,,
Instagram,com.instagram.android,Social,664a6d6b-40d3-4f0d-999a-b26c18ab33a8,Bamang Yagi,1,,My account went suspended 4 times in 3 days. Useless,1,,2026-07-26T14:30:22,,
Instagram,com.instagram.android,Social,0032cab6-0eed-4ab8-a8ea-739be9ab613d,Arjunbhai Solanki,5,,I love this aap . this aap is my personal private dairy 😁,0,439.0.0.37.89,2026-07-26T14:30:01,,
Instagram,com.instagram.android,Social,0d93d6a7-84ee-40b9-bbcc-b03d5b025869,Pallavi Bhalse,4,,one of the amazing thing to have,0,,2026-07-26T14:29:30,,
Instagram,com.instagram.android,Social,cf906693-fe6d-43c1-874c-b462346c0e41,Dilshad Makrani,5,,Love it !!! 💅🏻,0,438.0.0.28.88,2026-07-26T14:29:30,,
Instagram,com.instagram.android,Social,9254648e-9cf2-474a-9257-e41ff44ee96e,Lakesia,1,,"Dear Instagram Support Team, My account was suspended without any clear explanation, and I believe this action was taken in error. I have always tried to follow Instagram's Community Guidelines and Terms of Use. It is extremely frustrating to lose access to my account without being given a clear reason or a fair opportunity to respond. If any automated system flagged my account incorrectly, I respectfully request that",0,,2026-07-26T14:29:29,,
Instagram,com.instagram.android,Social,fab88a32-e76d-4517-8616-5210808a618c,Hannah,5,,so nice app for me,0,,2026-07-26T14:28:54,,
Instagram,com.instagram.android,Social,2c4169d2-4d9f-4690-b168-7f32a65ada9f,Gurmukh singh mahi,1,,i am experiencing some techinal issues😮‍💨😒kindly fix it🙏,0,,2026-07-26T14:28:21,,
Instagram,com.instagram.android,Social,01a47cc6-c2d3-447d-88b1-821739311957,Nirvallica,5,,YOLO!,0,,2026-07-26T14:28:08,,
Instagram,com.instagram.android,Social,a9653719-867b-4e61-910b-2f48c1fb3c7b,Chilamma 8142,5,,good,0,427.0.0.47.73,2026-07-26T14:28:02,,
Instagram,com.instagram.android,Social,26b621b9-50ba-4507-a938-0d0011513fc7,Muthu Gokul,5,,super n,0,439.0.0.37.89,2026-07-26T14:27:15,,
Instagram,com.instagram.android,Social,9129b120-dd82-4726-b102-b8da0d7cb916,Pandi Lepcha,5,,I love this app 😍😍😍😍,0,,2026-07-26T14:27:00,,
Instagram,com.instagram.android,Social,6219fdc3-af6c-4f9c-b874-ee664021398f,Subas Chandra Panda,5,,Very Nice,0,394.0.0.46.81,2026-07-26T14:26:17,,
Instagram,com.instagram.android,Social,729cfd5a-c4ae-44b3-9c07-52d98c4c9f01,Adeshola Aminu,2,,It is gud,0,429.1.0.44.70,2026-07-26T14:26:08,,
Instagram,com.instagram.android,Social,a0bf64b7-edf6-4316-a737-f725aaf7e7b3,Natasha Shillah,5,,fire💥,0,397.0.0.46.81,2026-07-26T14:26:00,,
Instagram,com.instagram.android,Social,52bfff7c-11df-4ac2-8f78-5893619896b5,Nitin Kumar Singh,5,,very good,0,439.0.0.37.89,2026-07-26T14:25:55,,
Instagram,com.instagram.android,Social,383487d0-06e3-4246-9af6-fa2e44cee350,Dinesh Dinesh,5,,😘,0,436.0.0.41.73,2026-07-26T14:24:57,,
Instagram,com.instagram.android,Social,bd00accc-8d1b-40b3-8773-2d92916522fb,Mamsi Mesh,5,,very very nice ❤️❤️❤️❤️❤️,0,,2026-07-26T14:24:52,,
Instagram,com.instagram.android,Social,4e362d52-a686-48ef-83c3-3c85a806a301,Rahul Sidar,5,,aacha hi par reel upload karne see view nahi aata Instagram hamara reel non followers Tak nahi pahucha ta hi,0,428.0.0.47.67,2026-07-26T14:24:49,,
Instagram,com.instagram.android,Social,ee170f41-33e3-4f37-80ea-1e306faab098,Noorul Shifana,1,,"Hi Instagram, I'm experiencing a bug. While I'm on the Home page watching Reels, the screen suddenly turns completely black, but the reel's audio keeps playing. I can't see anything until I tap or scroll multiple times, and then the screen comes back. This keeps happening several times a day. Please look into this issue and fix it. Thank you.",0,439.0.0.37.89,2026-07-26T14:24:27,,
Instagram,com.instagram.android,Social,4e5b1cf4-9262-4356-9b98-c8e558d1050c,Afruja Akhtar,1,,core of distraction,0,,2026-07-26T14:24:24,,
Instagram,com.instagram.android,Social,d24465d4-2a24-4f7e-989b-119ffe240e48,Hanival Dihaya,1,,Suspended my account after I sent a reel to Bosnia Kept suspending my account,0,,2026-07-26T14:23:56,,
Instagram,com.instagram.android,Social,5f792b43-f755-4390-aee2-82402555079f,Hannibal Bihaya,1,,KEEPS SUSPENDING MY ACCOUNT. AND I HAVE TO UPLOAD MY ID EVERY TIME,0,,2026-07-26T14:23:06,,
Instagram,com.instagram.android,Social,382e748d-b1a4-41de-9315-8e675ab2ea65,Maria Athel,5,,It gives you freedom to share what you love to do and eat.,0,439.0.0.37.89,2026-07-26T14:22:33,,
Instagram,com.instagram.android,Social,c65914b9-3113-4655-83c5-ae12a9289c81,Pharison Mwangi,5,,good 😊😊😊😊😊😊😊😊😊😊😊😊😊😊😊😊😊😊😊😊😊😊😊😊😊😊😊😊😊😊😊😊😊😊 the letters at once and make sure tt,0,413.0.0.41.84,2026-07-26T14:22:15,,
Instagram,com.instagram.android,Social,ceff958e-6b4b-46b2-a2f5-66d4b5c7461f,Sahil Parween,5,,wow this is a best aap of world 😊😊,0,436.0.0.41.73,2026-07-26T14:22:10,,
Instagram,com.instagram.android,Social,828ab35b-bc40-44d9-a7ac-67f9fed6f959,Muhammad arif,5,,bohot achi ha Instagram,0,439.0.0.37.89,2026-07-26T14:21:16,,
Instagram,com.instagram.android,Social,d5219b3c-af43-4157-a643-dc7575a8f8de,Ustad Yasir,5,,best app,0,438.0.0.28.88,2026-07-26T14:20:56,,
Instagram,com.instagram.android,Social,d8b10622-9216-4ecd-8de3-d078047632a6,Ashish Durgam,5,,please my stroy and reels on full quality upload plz,0,,2026-07-26T14:20:29,,
Instagram,com.instagram.android,Social,b22996ae-dc1d-4642-a466-284baf8a3603,MïÑtÛ PãL,5,,please my videos viral,0,,2026-07-26T14:19:56,,
Instagram,com.instagram.android,Social,230609c3-78ed-4fde-9ead-246ebf505c36,Gulshan,5,,using this app is an awesome experience,0,,2026-07-26T14:19:24,,
Instagram,com.instagram.android,Social,ba7b037e-7221-4843-98ef-453e86a26437,Lokesh Kumar,5,,wow,0,,2026-07-26T14:18:52,,
Instagram,com.instagram.android,Social,7705f15d-0b8c-4bb2-b847-29c0761a5e13,Gokul G,5,,good 😊,0,430.0.0.53.80,2026-07-26T14:18:43,,
Instagram,com.instagram.android,Social,b964b2d1-99c2-4241-9e2b-dfe5d24dbc69,Thirupati Redd Lokireddy,5,,సూపర్ super,0,439.0.0.37.89,2026-07-26T14:18:43,,
Instagram,com.instagram.android,Social,5c90451b-6747-4f94-9982-ed8de233d168,Pavithra Pavithra,5,,it's super but my edit not going viral🥺,0,379.1.0.43.80,2026-07-26T14:18:34,,
Instagram,com.instagram.android,Social,481c1eff-b628-4c84-87d2-7f2166a22acf,Ravi Singh,5,,@instagram world best social media sites,0,,2026-07-26T14:18:27,,
Instagram,com.instagram.android,Social,8c916fa1-8844-4a16-89cd-266de35258c2,Rishabh Sharma,1,,whenever I send any message to any girl . then I open her profile it says instagram user. fix this . very bad app . not recommended,0,438.0.0.28.88,2026-07-26T14:17:41,,
Instagram,com.instagram.android,Social,cfd5ae50-88f2-4eb6-b7d0-6d06111c9c70,Suka Jal,3,,very nice app try it,0,,2026-07-26T14:17:22,,
Instagram,com.instagram.android,Social,33229a69-ff3c-4681-b3b8-f5de4e71ddd6,SAJJAD HYDAARI,5,,nice app,0,439.0.0.37.89,2026-07-26T14:17:06,,
Instagram,com.instagram.android,Social,bee5a0fd-91a4-4e7d-b107-c0f3366360c7,Aryan Chadar,5,,😁😁😁,0,437.0.0.33.78,2026-07-26T14:16:53,,
Instagram,com.instagram.android,Social,f205b9b1-17ae-46d9-9d4e-ab234e1878a5,Ayudh Sirodariya,5,,yay finally I can use insta again,1,439.0.0.37.89,2026-07-26T14:16:52,,
Instagram,com.instagram.android,Social,0940776c-2aa7-404f-90fe-5408308c3c6d,Shivam Jha,5,,bhai jab Dil Ko sukun nahin milta na to yah use kar liya karo,0,439.0.0.37.89,2026-07-26T14:16:51,,
Instagram,com.instagram.android,Social,bdb57ee3-fc9b-4498-8675-82d46e6fc12c,Deepanshu kanojiya Deepanshu kanojiya,5,,Instagram ki ID band mein Chali ja rahi hai,0,,2026-07-26T14:16:32,,
Instagram,com.instagram.android,Social,83d20808-4e41-4b24-aa3b-145fbece6510,Patel Rameshbhai Hamirbhai,5,,ખૂબ સરસ,0,436.0.0.41.73,2026-07-26T14:16:24,,
Instagram,com.instagram.android,Social,aacf591a-b884-4a47-bc5d-7862b2023f11,Vicky Mathe,5,,very good 👍,0,437.0.0.33.78,2026-07-26T14:16:13,,
Instagram,com.instagram.android,Social,5b553c0d-4cfa-4f92-b451-e2c8b96b2b78,Shivam Chauhan,1,,mari id suspend kyo kia 5 id kia ha insta walo ki ban insta ban karo,0,,2026-07-26T14:16:08,,
Instagram,com.instagram.android,Social,c9d2c8ff-1704-4a4f-ac54-28fee0ad66a7,Musaib,1,,please unban me instagram im getting suspended from every account for no reason I don't even comment and if I apeal it said it didn't work and it's been more than 1 and a half month this is happening and not just me please look into it it's frustrating asf !,0,,2026-07-26T14:15:37,,
Instagram,com.instagram.android,Social,0b3f5220-6fe3-4585-abd5-9206e2771dc2,Amit Pandey,2,,bring kyc verification,0,,2026-07-26T14:15:15,,
Instagram,com.instagram.android,Social,fc28057b-799e-4d90-99f7-36dc2f5a5f08,ayan Pathan,4,,nice 👍🙂🙂👍,0,,2026-07-26T14:14:24,,
Instagram,com.instagram.android,Social,6d8a0b80-70db-48d0-9e88-b3e70a7353b8,Shatrudhan Nishad,5,,very good,0,438.0.0.28.88,2026-07-26T14:14:10,,
Instagram,com.instagram.android,Social,a737d433-a49d-4182-b960-efab43f0fd94,shazia kashif,5,,good,0,325.0.0.35.91,2026-07-26T14:13:15,,
Instagram,com.instagram.android,Social,f55dc090-de49-4951-841f-e78eea91df19,Little Singh,1,,very good app just a 👌,0,,2026-07-26T14:12:41,,
Instagram,com.instagram.android,Social,78db0519-ae1c-4d29-a984-f4f121389147,Rajdwip Paul,3,,good 👍,0,439.0.0.37.89,2026-07-26T14:12:29,,
Instagram,com.instagram.android,Social,856b06ad-07e3-4911-b9ae-8ed29eb52c34,Sarsavati Pawara,5,,best,0,378.0.0.52.68,2026-07-26T14:12:00,,
Instagram,com.instagram.android,Social,8bcd1453-b1cb-443b-92d7-3efa9402407c,Gurdev,1,,"of course it's the most favourite app, but recently meta is suspending our accounts for no reason. despite following all the rules my account got suspended and this is really disappointing. please fix this issue.",0,,2026-07-26T14:11:24,,
Instagram,com.instagram.android,Social,badf3bd3-fb31-42ee-9274-c0c29752281e,Pra Na Krish,3,,too much of issues when uploading stories especially videos,0,439.0.0.37.89,2026-07-26T14:11:15,,
Instagram,com.instagram.android,Social,3cb69876-5f70-482f-8d3f-932bbe1996fa,RupaNayak,1,,New update follower badhiyara jaldi ka trick,0,431.1.0.49.82,2026-07-26T14:11:11,,
Instagram,com.instagram.android,Social,6a946ec0-dbc9-4df4-ba90-01ea9cbcd168,neno Doll,1,,"Omg ,stop banning our accounts",0,439.0.0.37.89,2026-07-26T14:10:34,,
Instagram,com.instagram.android,Social,572081ff-cf84-4f49-a861-2ab6834a84f3,Deepak Bhandari,5,,Sirf Mera ID unban kar dijiye Yahan tak ki maine aapka Rul Rul Kuchh Nahin Tode Bina Baje ke aap mera ID suspend kar dijiye to Fir Bhi Main aapko five star deta hun,0,,2026-07-26T14:08:41,,
Instagram,com.instagram.android,Social,0b321ed7-0b14-46c8-bd31-dd1842511730,Rabiullah Amini,5,,"It's a really good app, I like it",0,278.0.0.22.117,2026-07-26T14:08:34,,
Instagram,com.instagram.android,Social,cd592764-49fc-4755-bd23-80fbbd5469a6,Steven Robert,5,,safe to communicate with others,0,,2026-07-26T14:08:24,,
Instagram,com.instagram.android,Social,586d87f2-0822-4dac-bf9c-f68b9a0b2d64,Satya,5,,💗✨,0,,2026-07-26T14:08:05,,
Instagram,com.instagram.android,Social,ef5d72ec-1f5c-4ce6-a281-3b7982a099e8,Ravinder Singh,5,,too good,0,,2026-07-26T14:07:58,,
Instagram,com.instagram.android,Social,03fee229-75b2-4b84-bc78-d4b5875aee94,William Shaw,1,,stucked at 99% when downloading this app,0,132.0.0.26.134,2026-07-26T14:07:34,,
Instagram,com.instagram.android,Social,34626b11-d440-4db3-9373-74d06f5fdbfe,Nandani Mishra,5,,oo my god salute to the developers,0,,2026-07-26T14:06:54,,
Instagram,com.instagram.android,Social,aee41ae5-7d3c-4210-a17c-0487810ba622,Vimuksha,5,,good🏆🎖️🏅🥉👍👏🧠,0,439.0.0.37.89,2026-07-26T14:06:42,,
Instagram,com.instagram.android,Social,9627878a-916a-4800-bf7d-5ad08baabb78,Mitik Sharma,5,,good,0,439.0.0.37.89,2026-07-26T14:05:15,,
Instagram,com.instagram.android,Social,91b00338-742a-4f80-aff5-8b5e4e8e0416,Raghob Biswas,4,,👍👍,0,439.0.0.37.89,2026-07-26T14:04:33,,
Instagram,com.instagram.android,Social,4d31a003-80aa-4623-aec5-05c92814396d,Mahi Yadav,1,,instagram meri ko kyu unexpected error ara he thik new id banate hi unexpected error sab me esa kyu kar ra he jaldi thik kar sabko,0,439.0.0.37.89,2026-07-26T14:03:27,,
Instagram,com.instagram.android,Social,c2e1bf60-0f79-4c9f-aa86-a6ea854e60a6,Roop Kumar,1,,Meri Instagram ID nahin khul rahi Hai bar bar passport galat bata raha hai kripya karke ise Sahi kar do please 🥺 jaldi se jaldi se koshish karo kafi time ho gaya hai meri ID nahin khul rahi hai is Instagram mein website per jakar khul rahi Hai Magar is per kyon nahin khul rahi hai kripya karke ise jaldi se Sahi Karen roopkumar29901 yah Hai ID ka naam,0,439.0.0.37.89,2026-07-26T14:02:51,,
Instagram,com.instagram.android,Social,e9e6d3d6-e4da-4954-8740-043d76859bfb,Gaandu Bhaiya,1,,Meri Instagram ID nahin khul rahi Hai bar bar passport galat bata raha hai kripya karke ise Sahi kar do please 🥺 jaldi se jaldi se koshish karo kafi time ho gaya hai meri ID nahin khul rahi hai is Instagram mein website per jakar khul rahi Hai Magar is per kyon nahin khul rahi hai kripya karke ise jaldi se Sahi Karen,0,,2026-07-26T14:01:46,,
Instagram,com.instagram.android,Social,09605674-f34f-44b5-9efb-e2dbb18e04a9,Hasan Mohd,5,,7 star,0,439.0.0.37.89,2026-07-26T14:01:08,,
Instagram,com.instagram.android,Social,d1556bf5-dc7a-4263-bee4-c81120b8c1af,Sathiya Neethi,4,,good,0,437.0.0.33.78,2026-07-26T14:00:52,,
Instagram,com.instagram.android,Social,3ef6f3ce-6b11-4034-a859-96a3135f8d1d,Holy Hein,1,,always glitchy everytime!!,0,,2026-07-26T14:00:51,,
Instagram,com.instagram.android,Social,99fc0524-32c0-44b5-9617-caf98e789716,Samsu Nisha,5,,good,0,438.0.0.28.88,2026-07-26T14:00:45,,
Instagram,com.instagram.android,Social,c77acbe3-c28a-4bcc-997f-f01ba5284e67,Shahid Afridi Md shahid,5,,one of the best app,0,438.0.0.28.88,2026-07-26T14:00:38,,
Instagram,com.instagram.android,Social,2a84f47b-d895-4c25-839d-4f6168c93338,Vaishnavi Waghmode,5,,very nice 🙂👍,0,,2026-07-26T13:59:57,,
Instagram,com.instagram.android,Social,d98c9bdf-0d3d-424f-b740-90689b1f9d36,saurabh rawat,5,,Good experience. I love Instagram 🔥❤️,1,438.0.0.28.88,2026-07-26T13:59:39,,
Instagram,com.instagram.android,Social,e53886f8-b283-4389-ad81-fe6f89a6eae1,Bittu Kumar,5,,nice app,0,438.0.0.28.88,2026-07-26T13:59:13,,
Instagram,com.instagram.android,Social,8a5db9e9-4c16-49d2-969f-dd7abac04fdd,Rahil Kureshi,4,,OG🔥,0,438.0.0.28.88,2026-07-26T13:58:58,,
Instagram,com.instagram.android,Social,877750bd-3e20-49f1-b245-0bf0519a7cb3,Briffan Kimathi,5,,it's good 👍,1,439.0.0.37.89,2026-07-26T13:58:56,,
Instagram,com.instagram.android,Social,589e82ab-9b76-4ad6-8758-d6ea2b3ed22d,AS,1,,"all reels are blurry, unable to see any content, this app collects personal information like phone number and email, fraud and criminal's app",0,439.0.0.37.89,2026-07-26T13:58:34,,
Instagram,com.instagram.android,Social,32fb19a1-5199-4e92-bd3e-f08744199c61,Nasima Alam,5,,muwahh 😭💗🎀,0,,2026-07-26T13:57:38,,
Instagram,com.instagram.android,Social,e82f3193-26be-44a3-9cc8-623e1f7548a2,THIRUMALAI கல்வியே கடவுள்,5,,good excellent great,0,144.0.0.25.119,2026-07-26T13:57:02,,
Instagram,com.instagram.android,Social,fa59ff32-1ec2-4c3a-8d3f-1ae6c3da08a5,Ranjeet Mandal,5,,Nice app,0,439.0.0.37.89,2026-07-26T13:56:41,,
Instagram,com.instagram.android,Social,6e5b13f7-c69d-48f9-8f85-eaa01d17bb71,Sarvshree Jain,5,,love it,0,,2026-07-26T13:56:31,,
Instagram,com.instagram.android,Social,7c50c132-2338-48b5-b377-ad6987badd71,Saravana Kumar,5,,super,0,425.0.0.47.61,2026-07-26T13:55:18,,
Instagram,com.instagram.android,Social,d03486b4-fbaa-41c9-973d-43b311e9de27,Kotesh,5,,super,0,437.0.0.33.78,2026-07-26T13:55:08,,
Instagram,com.instagram.android,Social,d6ed760d-11f6-44c5-beab-91f6f52eb347,Krishna Tyagi,1,,they suspend my account without any reason.,0,,2026-07-26T13:54:46,,
Instagram,com.instagram.android,Social,d32a289b-8aa4-4d66-9fdc-0891668a6326,Kishor king,5,,sooooo good,0,432.1.0.44.80,2026-07-26T13:54:23,,
Instagram,com.instagram.android,Social,cda41663-9318-451e-9cdf-0feea1fd4398,Malak Aachouch,5,,thes amyzing,0,,2026-07-26T13:53:53,,
Instagram,com.instagram.android,Social,dc7c0993-8d93-4c45-95c2-3a3e4c506248,Abdullah Mamun,5,,nice,0,,2026-07-26T13:53:22,,
Instagram,com.instagram.android,Social,d46ddd98-81fd-4f37-bda6-37249eed1286,Zain Ansari,5,,good,0,437.0.0.33.78,2026-07-26T13:53:17,,
Instagram,com.instagram.android,Social,e3dc0c0a-6407-4e1f-af83-7b394b289fec,Meera Chauhan,1,,this is the very bad app,0,439.0.0.37.89,2026-07-26T13:53:17,,
Instagram,com.instagram.android,Social,f5c1c590-b4b3-4225-8199-a009dac050fe,Bargo Greenhouse,5,,You create equal opportunities for many not a few. You have justice mean something.,0,439.0.0.37.89,2026-07-26T13:52:45,,
Instagram,com.instagram.android,Social,2fcf1099-4568-4b93-85ec-e0dd2ad7cc32,Dianna Brand,1,,Loved Instagram until unskippable ads blocking my flow and now automatically opening the page or website when I scroll up?! Shame on you Instagram. Shame on you. YouTube shorts it is then. makes me close the app when it happens. just stop,0,439.0.0.37.89,2026-07-26T13:52:43,,
Instagram,com.instagram.android,Social,756e37f7-a12d-492f-96d0-6c0d31659478,Dayna Krauss,1,,"Hello, i would like to make a complaint. It's been almost a week now, and i can't follow Justin Bieber. Whenever i try to follow him it unfollows straight away. It won't let me follow him. It'll let me like his posts, but not follow him. I'm genuinely actually really mad about this. Please fix it. Because i don't know how long this bugs gonna go on for.",0,439.0.0.37.89,2026-07-26T13:52:27,,
Instagram,com.instagram.android,Social,6eafa315-4a81-4cab-948f-4a84ce01494d,Sameer J8,5,,niceeee,0,,2026-07-26T13:52:17,,
Instagram,com.instagram.android,Social,f570485a-9469-4849-b392-5149f3d2af02,afroz ahmad,5,,awesome,0,,2026-07-26T13:52:05,,
Instagram,com.instagram.android,Social,804ec2d5-5e1c-4eea-a7e4-51a695ed8a5d,Noah Lynn,5,,"amazing app, I love reels and how connected you can stay with friends.",0,433.0.0.47.68,2026-07-26T13:50:17,,
Instagram,com.instagram.android,Social,003e002d-f255-4003-8d32-60dac8feb2f7,Supriya Yadav,5,,👍,0,434.0.0.44.74,2026-07-26T13:50:12,,
Instagram,com.instagram.android,Social,e45f1731-73f5-47cb-9db9-593fa6a1e99a,HAMIZAHMUSTAPA 1501,5,,"Instagram is one of the most popular social media platforms in the world. It allows users to share photos, videos, Reels, and Stories while staying connected with friends, family, and communities. The app is also an excellent platform for businesses and content creators to promote their products and services. Its user-friendly interface and creative features make it enjoyable and engaging for people of all ages. However, users should use Instagram responsibly, as excessive use can lead to addict",0,436.0.0.41.73,2026-07-26T13:48:44,,
Instagram,com.instagram.android,Social,421ef6a1-ff1a-4738-ae4f-54ddcbdfc42e,sandhya Verma,5,,mast mast,0,,2026-07-26T13:48:00,,
Instagram,com.instagram.android,Social,b6f0ec8f-983a-4017-8651-551d62478631,Aniruddha Sawant,5,,Beutiful application ❤️,0,439.0.0.37.89,2026-07-26T13:47:26,,
Instagram,com.instagram.android,Social,6375d745-0589-4d2a-821e-acb888119a59,Munesh Thakur,1,,my ID suspend ID users name nitin_thakur_475,0,,2026-07-26T13:47:24,,
Instagram,com.instagram.android,Social,dd0268c4-eb27-4ac9-a7e7-88aab948c802,Padmamma Bethi,5,,nice,0,439.0.0.37.89,2026-07-26T13:46:05,,
Instagram,com.instagram.android,Social,97821ff5-9478-4e8f-b6b8-62ee5091811a,Rikhav Jyoti Gogoi,1,,"strangers messages are disappearing after i see then once , why?",0,438.0.0.28.88,2026-07-26T13:45:58,,
Instagram,com.instagram.android,Social,df95a0b1-7802-4090-8900-20f08f2b0bbb,Samad Khan,5,,hello instagram app app Maine delete maar diya tha delete maar ke mera notification Nahin a raha tha isliye delete mara tha app load Nahin ho raha hai apne aap ko automatic band ho ja raha hai,0,,2026-07-26T13:45:42,,
Instagram,com.instagram.android,Social,4c7582e9-bdd9-4b72-97e6-f1234a570c8b,Richa Dobhal,5,,sm good experience,0,439.0.0.37.89,2026-07-26T13:45:39,,
Instagram,com.instagram.android,Social,e719c27f-0126-4cae-afdf-2b0e4778378c,Pooja Rajput Pooja Rajput,5,,ya nice no caption,0,425.0.0.47.61,2026-07-26T13:44:05,,
Instagram,com.instagram.android,Social,eeb5ea73-3361-4cae-bd15-be3920d6fced,Mr Amit,5,,good ap amazing 😍,0,,2026-07-26T13:43:54,,
Instagram,com.instagram.android,Social,a860da0a-cb9f-4c61-898f-9d88447b57bb,Ziyauddin,4,,not good,0,,2026-07-26T13:43:34,,
Instagram,com.instagram.android,Social,fbc00838-f49b-40e9-857a-f48d88a6c3e3,Hadi khan Khan,2,,the installation is too lanthy,0,,2026-07-26T13:43:11,,
Instagram,com.instagram.android,Social,94d42959-232e-48b4-952c-c65a63f66924,Nishu Gurjar,5,,very nice,0,439.0.0.37.89,2026-07-26T13:42:49,,
Instagram,com.instagram.android,Social,2ac860ff-8712-4508-9f44-c6a1f9eafd9e,Suryansh Rana,5,,very good app with nice restrictions,0,,2026-07-26T13:42:08,,
Instagram,com.instagram.android,Social,b38d269e-e479-43cb-b41f-23fed7ea5389,Kumari Mala,3,,worst decision of my life🥺,1,385.0.0.47.74,2026-07-26T13:42:02,,
Instagram,com.instagram.android,Social,7851ae50-6ce8-4835-8dce-68521d9319e3,Bill Stewart,5,,"better than facebook, i say",0,439.0.0.37.89,2026-07-26T13:41:00,,
Instagram,com.instagram.android,Social,71ef5413-e59b-420a-b369-da7938378fac,Aditya Kumar,5,,🤜🤝,0,,2026-07-26T13:40:54,,
Instagram,com.instagram.android,Social,7b8cc394-d3dd-42ec-8472-99295f9e5da2,sabyasachi Barik,5,,👍👍,1,439.0.0.37.89,2026-07-26T13:39:54,,
Instagram,com.instagram.android,Social,fbd814fe-3b43-43b2-84db-b23e9a5aa68e,Baqir,5,,I like it,0,439.0.0.37.89,2026-07-26T13:38:57,,
Instagram,com.instagram.android,Social,25581de8-3dbc-4dc9-a728-77ba1d09ae60,Justice Nwankwo,5,,Best social experience,0,435.0.0.37.76,2026-07-26T13:38:54,,
Instagram,com.instagram.android,Social,35bece0f-efa4-4ef6-b74c-9e4453716c6e,Muhammad Hashim,5,,hello I want to say that Instagram is continue suspending my accounts without any reason and when I apeal they permenenttly disabled my account my 5 account have been disabled without any reason one of my account was 7 years old and more then 1k followers I lost all of my data plz clear that issue and return my accounts,0,,2026-07-26T13:37:02,,
Instagram,com.instagram.android,Social,d9dc839d-fbf2-4057-ab27-f6d92c4d7bbb,Shivu V king,5,,suppar,0,,2026-07-26T13:36:43,,
Instagram,com.instagram.android,Social,6a02c203-fdf4-4441-b6bb-8af6dab13447,MOHD AFJAL,5,,good app,0,439.0.0.37.89,2026-07-26T13:36:25,,
Instagram,com.instagram.android,Social,98b409d1-8725-4934-8c14-50a2275cc11f,Pratik Pandey,2,,nice,0,,2026-07-26T13:36:22,,
Instagram,com.instagram.android,Social,5e036c86-6919-400e-bca7-d83cba5ed85f,Ashok Narigipalli,5,,I like it,0,438.0.0.28.88,2026-07-26T13:35:55,,
Instagram,com.instagram.android,Social,c430f720-78cc-44cb-a2e9-dd0a53c1a939,Sahil Ahmad,5,,Hey all instagram community team please checking my instagram account is not activate after opening show thanks for providing this info I am waiting after 24 hour's but not solved this issue please check my instagram id sahilllllll_3077,0,439.0.0.37.89,2026-07-26T13:35:07,,
Instagram,com.instagram.android,Social,3d13f3e3-7b08-4816-bb0e-6c531961916f,qasem21 hoshang,5,,I wanna say I love insta,0,,2026-07-26T13:35:06,,
Instagram,com.instagram.android,Social,4be337c0-fe1e-4b5a-bb42-3a3f273b6965,Chuera Sangma,5,,enjoyable,0,439.0.0.37.89,2026-07-26T13:35:01,,
Instagram,com.instagram.android,Social,353873d9-8250-470f-b8bf-8fec01eea7fb,Sadeka Sheikh,5,,very best app,0,278.0.0.22.117,2026-07-26T13:34:12,,
Instagram,com.instagram.android,Social,e7394432-f48e-44d2-9090-592289586af6,Karan Kumar,1,,Not interested,0,,2026-07-26T13:33:47,,
Instagram,com.instagram.android,Social,5a9759eb-2848-4621-a47d-c912deac30f6,Gopalvedwal Gopal,5,,very good stage of instagram very nice social media app helpful,0,439.0.0.37.89,2026-07-26T13:33:24,,
Instagram,com.instagram.android,Social,cdd84d0c-ad88-4448-ae64-4ae1c9434b4c,Harsh Kumar,5,,iam happy to using this app thanks to instagram,0,439.0.0.37.89,2026-07-26T13:33:00,,
Instagram,com.instagram.android,Social,53a3cfa4-1a3f-451b-92d5-ad824ad34f67,Jayant Jadhav,5,,nice 👍,0,439.0.0.37.89,2026-07-26T13:32:48,,
Instagram,com.instagram.android,Social,6e413d34-5ebd-4256-8a2b-bbf8cadba6de,Aman Kumar,5,,View vadhaa deya kroo.🤭🤭,0,372.0.0.48.60,2026-07-26T13:32:45,,
Instagram,com.instagram.android,Social,4a9446e0-49c8-49c9-82bb-43a1aa590cea,Jifi Sebastian,5,,not bad❤️,0,,2026-07-26T13:32:30,,
Instagram,com.instagram.android,Social,fa5a7996-ee55-4376-8872-619a2f7315dd,Battisrinivas,5,,good,0,,2026-07-26T13:32:25,,
Instagram,com.instagram.android,Social,c7d8134f-2825-4dd0-b292-a702a58fe6ee,Shibam Halder,5,,so good,0,439.0.0.37.89,2026-07-26T13:31:36,,
Instagram,com.instagram.android,Social,c1ef668b-3e98-4ed9-b056-2ebdaea3e8e1,Archana Sharma,4,,The duration of notes music should be customisable atleast more than 30 seconds,1,439.0.0.37.89,2026-07-26T13:31:13,,
Instagram,com.instagram.android,Social,ae5d32a6-2ea0-4724-bcc8-c8900aceaf32,kamola Saidnumonova,5,,vashe zor ilova skachat qilishilari maslaxat beraman,0,,2026-07-26T13:30:42,,
Instagram,com.instagram.android,Social,a2ba3688-778d-4e61-bed2-b705a0201983,PRIYANSHU YADAV,5,,fantastic app,0,439.0.0.37.89,2026-07-26T13:30:33,,
Instagram,com.instagram.android,Social,c57d51f9-9d5f-448b-9fca-105548d4975d,Firoz Khan,5,,thank you,0,428.0.0.47.67,2026-07-26T13:30:17,,
Instagram,com.instagram.android,Social,b31dc557-1401-4598-a045-6cbce4d4bd32,Samar Gupta,5,,why bahut badhiya app hai,0,,2026-07-26T13:29:51,,
Instagram,com.instagram.android,Social,6de67c17-c3f7-4529-adcb-4251d0a48408,Rekha Sharma,5,,very good 👍👍👍👍,0,438.0.0.28.88,2026-07-26T13:29:50,,
Instagram,com.instagram.android,Social,6935128c-05d6-4c5d-bb53-1483c462183c,Jordan Lockridge,1,,can yall give me my account back already ive been waiting for almost a week now for some dumb comment I posted that didnt insult anyone's feelings nor anything in general yall are just dumb and I get banned for having an opinion some people didnt like,1,439.0.0.37.89,2026-07-26T13:29:23,,
Instagram,com.instagram.android,Social,32cfdab9-2a17-4afc-816d-b62ec8ba00e9,Swadhesh Mishra,5,,Like nahi bad rahi hai,0,,2026-07-26T13:29:15,,
Instagram,com.instagram.android,Social,db2c616a-f85a-4ae0-91db-f77348edc881,Chinnaiyyan Chinnaiyyan,4,,Instagram suspension problem that also I am put for stars.,0,,2026-07-26T13:29:07,,
Instagram,com.instagram.android,Social,1a32fd00-52e0-445e-ab46-b6bcdbfd6306,Ansiya shamjeer Ansiya,4,,good,0,439.0.0.37.89,2026-07-26T13:29:01,,
Instagram,com.instagram.android,Social,1189fc05-c4fa-498c-8b35-849a53885e6d,Abdullah Khan,5,,very Nice app,0,430.0.0.53.80,2026-07-26T13:28:50,,
Instagram,com.instagram.android,Social,e94de14c-2499-4aae-a976-c2fc1972c240,Roshni Shaikh,1,,very bad insta gram.i hate this app mu id is suspended gain and again very baad instagram,0,438.0.0.28.88,2026-07-26T13:27:45,,
Instagram,com.instagram.android,Social,e57285b8-acd7-494a-b0ac-bc1e5fe184ae,Farshad Katook,5,,bomb,0,439.0.0.37.89,2026-07-26T13:26:11,,
Instagram,com.instagram.android,Social,0010daac-2599-45a0-b38a-638ab5a743bd,Mohit Raj,5,,best,0,437.0.0.33.78,2026-07-26T13:24:30,,
Instagram,com.instagram.android,Social,59ca09ef-c63d-4d5a-92c6-48bc37262759,Nisha Kashyap,5,,why reel repost option not available,0,302.1.0.36.111,2026-07-26T13:23:40,,
Instagram,com.instagram.android,Social,a92b45b5-6699-499c-af64-655857c232c6,Maria Cassandra Soriano,1,,"Stop disabling accounts!!!! We didn't do anything, i already lost 3 for this",0,,2026-07-26T13:23:25,,
Instagram,com.instagram.android,Social,7e88beaa-0400-4269-92a7-0613c69d951f,Roop Singh kumar,5,,nice,0,437.0.0.33.78,2026-07-26T13:23:11,,
Instagram,com.instagram.android,Social,2dc7ab1c-c253-4162-aa4b-dcb786e229eb,Anindya Das,5,,good 🟩🟥⬜,0,437.0.0.33.78,2026-07-26T13:23:08,,
Instagram,com.instagram.android,Social,7e82e51d-6659-487d-b91a-b7e8a62f50a2,Monu Thakur,5,,nice app,0,408.0.0.51.78,2026-07-26T13:23:05,,
Instagram,com.instagram.android,Social,b77abb69-5d01-4905-9fa2-1db7b2b98f4e,Auza Syamil Nabawi,3,,"There is a problem with Instagram where every time I want to upload a video story, the video freezes when a song is used, and when scrolling, the video sometimes stops on its own, and my internet connection is smooth. Please fix it.",0,,2026-07-26T13:23:04,,
Instagram,com.instagram.android,Social,981b4f78-2957-40c6-b9ed-dded9f72439d,Mafish Sangma,5,,I like insta because when we need something else we can talk with friends that's why I like insta 🪻🌷😉😁,0,,2026-07-26T13:22:41,,
Instagram,com.instagram.android,Social,f58b56c0-d102-43b6-8644-89479b672392,Tangi Durga Prasad,5,,note songs no telugu only english,0,439.0.0.37.89,2026-07-26T13:21:47,,
Instagram,com.instagram.android,Social,718c7414-e3fb-4145-8eb9-2d00c1be62ac,parth bhatia,5,,ok,0,439.0.0.37.89,2026-07-26T13:21:33,,
Instagram,com.instagram.android,Social,5cc08a5f-6fc3-4dae-b3bf-e50760230895,krishan sinwar,5,,very good aap,0,438.0.0.28.88,2026-07-26T13:21:27,,
Instagram,com.instagram.android,Social,9e62a8f9-da0b-4782-ab13-834cf160f886,Blueberry Rr,5,,thus app is good more than face book,1,,2026-07-26T13:21:19,,
Instagram,com.instagram.android,Social,7833cbcb-ecd7-4720-8a9d-13b9fe619c64,Preet Kaur,5,,🌼,0,,2026-07-26T13:20:55,,
Instagram,com.instagram.android,Social,3b534410-c93e-4b08-9339-b848f56b2313,Ram,5,,very nice,0,436.0.0.41.73,2026-07-26T13:20:43,,
Instagram,com.instagram.android,Social,edced4dc-8129-4f2a-8e7f-90687ca20ffa,Ruwaim Ali,5,,best,0,439.0.0.37.89,2026-07-26T13:20:10,,
Instagram,com.instagram.android,Social,e852c61d-0a40-4ab4-8ae7-1d4f95f6c311,Jazil Khalid,1,,meri bar var id ban ho rahi ha,0,439.0.0.37.89,2026-07-26T13:19:21,,
Instagram,com.instagram.android,Social,76876b85-99ac-4bb0-b028-464f49466bbd,Atman Bharadwaj,1,,"I had to give 1 star just to post a review, I hate ts app, like wdym half the post sent to me by my wife are unavailable 🤬.",0,439.0.0.37.89,2026-07-26T13:19:02,,
Instagram,com.instagram.android,Social,2f356f1e-cb19-4f4b-b8ae-1da876134546,jaishnavi11,1,,I have mistakenly turned on that ai creater lable on my profile and I dont like to keep it . I am continuously removing it I mean I am turning it off its again coming and if I remove that threads link it is automatically coming up in my profile. I updated to latest version . I have sent report those two features are not going out from my profile.. sent report to Meta Ai . please make any updates to remove it..,0,439.0.0.37.89,2026-07-26T13:18:35,,
Instagram,com.instagram.android,Social,821323cf-dd05-4101-ae1b-76fedea19065,Ali Shaikh,5,,very good,0,,2026-07-26T13:18:20,,
Instagram,com.instagram.android,Social,d05feedb-44b3-40f8-b382-aa95f781d09c,muthyala naidu,5,,nice,0,439.0.0.37.89,2026-07-26T13:18:09,,
Instagram,com.instagram.android,Social,a14fb869-d0b5-47e8-bbfb-e4331f48c996,Sk Soriful,5,,👍,0,439.0.0.37.89,2026-07-26T13:18:02,,
Instagram,com.instagram.android,Social,d6217883-df68-4c55-bbbf-778fd6765b23,Lauren Pospeshil,1,,I have 2 accounts on insta and the update only ever updates the account im not ever active on..lol.. then the one I ACTIVELY USE doesnt have the updates. I swear im at least 4 updates behind on one specific acc. Uninstalling and reinstalling did nothing as well as logging out and back in. I think my acc is just cursed now lol,0,439.0.0.37.89,2026-07-26T13:17:41,,
Instagram,com.instagram.android,Social,90e9e802-0552-4842-b8bf-bb4d960e4b2d,Mounika Venkatesh,5,,good,0,,2026-07-26T13:17:24,,
Instagram,com.instagram.android,Social,5220bff8-7404-4ce1-b7d4-0d9e16973314,siddhesh katrat,1,,Account is getting banned again and again,0,,2026-07-26T13:16:14,,
Instagram,com.instagram.android,Social,f6fe3336-b651-4a2e-9002-cdf1a3940aa5,Vihu Kapadiya,5,,nice,0,392.2.0.58.78,2026-07-26T13:15:36,,
Instagram,com.instagram.android,Social,d43ef846-5f46-4aac-95db-21fe5f66352e,Bahadur solanki 123,5,,Best,0,439.0.0.37.89,2026-07-26T13:15:35,,
Instagram,com.instagram.android,Social,7f2737fc-50c0-4991-9d48-47d96b924a32,Jignesh Manani,5,,best 👍,0,439.0.0.37.89,2026-07-26T13:15:34,,
Instagram,com.instagram.android,Social,2adf9a0f-4163-41af-a61e-2e9dcc1a6d07,Aarish Aarish qureshi,5,,Good,0,,2026-07-26T13:15:26,,
Instagram,com.instagram.android,Social,81321f2f-3a74-4fb3-bffd-2444c345b129,Dinesh Nath,5,,good 👍,0,438.0.0.28.88,2026-07-26T13:14:46,,
Instagram,com.instagram.android,Social,f26c1b60-8307-45f3-b8cf-5bc8fb64c7a7,Soumyajit Naik,5,,super good,0,,2026-07-26T13:14:35,,
Instagram,com.instagram.android,Social,1bfc28b1-9ca0-42c8-9af1-320a1f8ed005,Ramim Hasan Rafi,4,,"very good as an app, but community guidelines should be better and more neutral.",0,,2026-07-26T13:13:59,,
Instagram,com.instagram.android,Social,53d76f0a-1b53-44b2-aa1b-2be7c30eaaf5,Radhika Koradiya,5,,Excellent,0,439.0.0.37.89,2026-07-26T13:13:59,,
Instagram,com.instagram.android,Social,b67e1272-9038-46e1-ace5-068797798c82,Monir Hosen,5,,I like this apps check know everyone,0,,2026-07-26T13:13:52,,
Instagram,com.instagram.android,Social,c3ba1b79-14d1-4230-948d-d31bfebd89c2,Emboklang Suchiang,5,,"⭐⭐⭐⭐⭐ Instagram is a great app for sharing photos, videos, and Reels. The interface is simple, smooth, and easy to use. I enjoy discovering new content and connecting with creators from around the world. The editing tools and creative features are excellent. However, I hope Instagram improves the algorithm so smaller creators have a better chance to grow. Sometimes the app also has bugs and delayed notifications. Overall, it's a fun and useful platform that keeps getting better with new updates.",0,437.0.0.33.78,2026-07-26T13:13:51,,
Instagram,com.instagram.android,Social,721a8432-8726-4fb1-bbde-3de2692a29f3,Aasma Begaum Peerzade,4,,ok ok,0,,2026-07-26T13:13:40,,
Instagram,com.instagram.android,Social,ef66664f-4f07-4b7e-8efc-1cabf1643ed0,Sodiq Ishola,5,,best,0,438.0.0.28.88,2026-07-26T13:13:30,,
Instagram,com.instagram.android,Social,b9e631db-a7c8-4d54-99bc-1b543a85efea,Shruti das,5,,aghar id suspended na ho to 500 star aghar id suspended ho gyi to -100,0,439.0.0.37.89,2026-07-26T13:13:26,,
Instagram,com.instagram.android,Social,b014141b-c59d-4ace-a437-08ef5226aee3,GULSHAN Singh,5,,Love you ❤❤,0,,2026-07-26T13:13:02,,
Instagram,com.instagram.android,Social,ba31e0a6-3bc3-4a4e-9326-2ca5f9aada9b,Sumaiya Mondal,3,,why my Instagram account suspended?? 😭😭,0,,2026-07-26T13:12:34,,
Instagram,com.instagram.android,Social,443d66a3-b906-4765-8d2e-f28542e73f9f,Tarun Kumar,1,,"This app has really gone downhill so fast. Everytime I open the app, it's 70% ads, 10% random suggestions asking me to follow, 10% threads app suggestions again asking me to download the app, 10% actual posts of the people i follow. Utter Garbage.",2,439.0.0.37.89,2026-07-26T13:10:55,,
Instagram,com.instagram.android,Social,55cfadaa-a3ed-4e4d-a396-88f0b3b4ecf4,SUPREME GAMER,5,,good,0,273.1.0.16.72,2026-07-26T13:09:18,,
Instagram,com.instagram.android,Social,ab90f61f-d803-486c-9596-4a10546cf2b5,Mani Aman,5,,Instagram not id working please change Instagram I love my id please retan my id change id,1,439.0.0.37.89,2026-07-26T13:08:47,,
Instagram,com.instagram.android,Social,8ef1d84c-74f3-4620-9144-dcba28395bc7,z3ywch,1,,"Accounts get suspended easily without any violations. if someone wants to get your account suspended, all they need to do is get people to spam report or do it on various devices themselves. Its getting out of hand to the point the account i made HOURS AGO got suspended for no reason. The account was so freshly created that i didnt even get to put a profile picture yet but it got suspended out of nowhere. It was my first ever account on Instagram but now its gone before i could even use it...",0,,2026-07-26T13:08:39,,
Instagram,com.instagram.android,Social,2dc73d00-8cca-4a99-9f1b-b3890a41fe21,Kiran Kumar,5,,nice,0,400.0.0.49.68,2026-07-26T13:08:14,,
Instagram,com.instagram.android,Social,9bd29e1e-3b39-4389-b12a-b7b9d7674f69,Francheska Sophia Orpilla,5,,"perfect, cuz i put my privacy this app.",0,,2026-07-26T13:08:07,,
Instagram,com.instagram.android,Social,835e68da-d200-4db6-bb02-1ad19845527c,Sandeep Js,5,,nic,0,439.0.0.37.89,2026-07-26T13:07:49,,
Instagram,com.instagram.android,Social,145d07d3-abb1-491e-8f02-88a2fa498820,ajay Kashyap,5,,good,0,434.0.0.44.74,2026-07-26T13:06:40,,
Instagram,com.instagram.android,Social,13661dbe-929b-4e1b-9395-5c5838613457,Samir Mondal,5,,best,0,438.0.0.28.88,2026-07-26T13:06:10,,
Instagram,com.instagram.android,Social,24636829-a5a0-4a7d-9ce6-1c2103c819ed,Rudra Verma,5,,bahut mast app hai,0,,2026-07-26T13:05:26,,
Instagram,com.instagram.android,Social,a6e9cd9e-326b-487a-b05c-eb32784437f9,Sukdev Das,5,,best social media application l love this app 🩷🩷🫶🏻🫶🏻,0,380.0.0.49.84,2026-07-26T13:05:19,,
Instagram,com.instagram.android,Social,15f92d78-b74f-4b6a-8b2f-abd134503bdc,DinnesEarlMatthewSumaya,5,,it's nice app,0,,2026-07-26T13:05:16,,
Instagram,com.instagram.android,Social,7c052df0-48bb-4f50-a637-d8da4f1805ef,Pankaj Rana,5,,it is good app,0,439.0.0.37.89,2026-07-26T13:05:14,,
Instagram,com.instagram.android,Social,3d59ffc3-9d21-49f3-a194-75f838225862,Rahul Kumar,5,,nice,0,,2026-07-26T13:05:12,,
Instagram,com.instagram.android,Social,a8cdf2fd-800e-4ea9-8e69-fc6986ac5ace,Bina Maity,5,,nice app,0,428.0.0.47.67,2026-07-26T13:04:57,,
Instagram,com.instagram.android,Social,74461c18-aaf0-482e-9f43-bfb51c7c1d9b,Yassin Selemani,5,,give me more viewers and clients please,0,,2026-07-26T13:04:36,,
Instagram,com.instagram.android,Social,c97baf4b-8220-41b5-b56e-c747be0d2f0d,Sima Neogi,5,,I'm very satisfied but i always wait for new features and updates,0,438.0.0.28.88,2026-07-26T13:04:32,,
Instagram,com.instagram.android,Social,5bc33a48-034b-4608-9e3e-b4e70d5d1048,Rajinder Sharma,4,,good app,0,,2026-07-26T13:04:32,,
Instagram,com.instagram.android,Social,4ee104fc-ad32-4eb6-b610-3204f37a217d,Vikash Vaishnav,5,,good 😊👍,0,,2026-07-26T13:03:21,,
Instagram,com.instagram.android,Social,205ec4e1-c70a-4205-bc2d-f8666e6eb1aa,Nitesh Kumar,5,,Meri I'd Kyu band ho rahi hai,0,,2026-07-26T13:02:46,,
Instagram,com.instagram.android,Social,6e6d5263-07bd-4894-931f-19617936f4ac,Yawar Asmat,1,,Good,0,278.0.0.22.117,2026-07-26T13:02:14,,
Instagram,com.instagram.android,Social,4ec0d3ba-cdf4-4860-861e-5f2f2f5e2659,isak shaikh,5,,👌 love it,0,439.0.0.37.89,2026-07-26T13:01:43,,
Instagram,com.instagram.android,Social,458d4e9c-80eb-403c-83fe-eacddd46e4c2,Vansh Chadokar,5,,very bad app I ve ignored when I text a every girl,0,436.0.0.41.73,2026-07-26T13:01:30,,
Instagram,com.instagram.android,Social,786aa7a0-4745-4dfc-9eec-9739b2f0db53,Rinku Soni,5,,Best app,0,275.0.0.27.98,2026-07-26T13:01:09,,
Instagram,com.instagram.android,Social,5a4074ff-16b1-4312-b27b-4817a00ae278,Blood Devil,5,,good,0,439.0.0.37.89,2026-07-26T13:00:40,,
Instagram,com.instagram.android,Social,f3cb90b4-b58a-41ca-8895-036b7f287175,Anjana S,5,,good experience and show always control the fakes from hacking others account,0,439.0.0.37.89,2026-07-26T12:59:13,,
Instagram,com.instagram.android,Social,cc733884-1955-44f7-9b20-c7ef74ff82aa,Priyanshu Bose,5,,"I love posting creative photos, but I want to be more consistent.",0,,2026-07-26T12:58:25,,
Instagram,com.instagram.android,Social,957127d2-707e-4434-88e3-d0f0e2aed47e,Guru sai Bathini,5,,good,0,438.0.0.28.88,2026-07-26T12:58:06,,
Instagram,com.instagram.android,Social,960fad2d-f277-4ee1-8d78-000041c0c6a8,Rahit biswas,5,,this app is very smart app,0,434.0.0.44.74,2026-07-26T12:54:55,,
Instagram,com.instagram.android,Social,b2c98aab-63d2-493f-9213-533d416a607d,Md Nasim,5,,nice,0,,2026-07-26T12:54:54,,
Instagram,com.instagram.android,Social,b0550a09-f76b-4692-a321-0028dceb38aa,Rekha Mathew,5,,good excellent,0,,2026-07-26T12:54:02,,
Instagram,com.instagram.android,Social,3f514af7-6350-4df6-ba17-77929920c62c,momi das,5,,good app( Rashmita _das _1229),0,439.0.0.37.89,2026-07-26T12:53:44,,
Instagram,com.instagram.android,Social,f4bdfe5a-ba66-4856-9451-485517ea8729,Sumit Bharti,1,,nice supar,0,390.0.0.43.81,2026-07-26T12:53:15,,
Instagram,com.instagram.android,Social,c009441e-cec5-4571-a727-a4693b2afbe6,Rahul Kumar,5,,good👍,0,410.0.0.53.71,2026-07-26T12:53:10,,
Instagram,com.instagram.android,Social,73cdf3db-3463-41fe-b173-b77e02ffb7c2,Jaya Baghel,5,,very good,0,358.0.0.51.97,2026-07-26T12:51:31,,
Instagram,com.instagram.android,Social,a7c5ceb9-88a7-4d32-8d3c-f1f7ada17438,Sanjit Kumar,5,,this nice aap,0,,2026-07-26T12:51:16,,
Instagram,com.instagram.android,Social,e04c8506-9b8c-465f-b095-b72a98ea88bc,Arib Pathan,1,,always recommends me old videos not new trending videos i have refreshd the feed many times but ends with the aame problem,0,,2026-07-26T12:50:24,,
Instagram,com.instagram.android,Social,b2b7b04b-cc5f-4f1b-9d76-ca6ee732ba6d,Black Muchahary,5,,instagram is my life from Instagram only I got gf 😁😄🤘☠️,0,439.0.0.37.89,2026-07-26T12:50:15,,
Instagram,com.instagram.android,Social,5fe692f2-46dc-4da5-96a4-ddadd48515ce,Sadasivan K,1,,"this was my favourite app but now my account is getting banned or suspended without any reason.I can't create a new account,if I create a new account i gets banned after few hours and I have lost my main accounts. I have not done anything wrong according to the guidelines but they keep suspending my acc. I am disappointed by this action from instagram.I cant create a new account,if ive created it will get banned.Please check these things",0,439.0.0.37.89,2026-07-26T12:49:39,,
Instagram,com.instagram.android,Social,ba18466e-1576-4cca-9872-a500976b341c,Sumit Mehata 41,5,,best,0,439.0.0.37.89,2026-07-26T12:49:14,,
Instagram,com.instagram.android,Social,eebd347f-bd64-44dc-bc5e-0cdd1adb3833,Kk Singh,5,,good experience,0,251.1.0.11.106,2026-07-26T12:49:09,,
Instagram,com.instagram.android,Social,b0e044bd-3f70-4e71-a17c-55635b593bf1,Ranjeet Kumar,3,,बहुत Acha,0,,2026-07-26T12:48:53,,
Instagram,com.instagram.android,Social,4bcacba5-7e6f-4854-b0c4-6f21b025225e,Tetemke Tetemke,5,,is good,0,,2026-07-26T12:48:09,,
Instagram,com.instagram.android,Social,04e0ad1c-3927-4d95-9275-bf3381ee8e4e,YepIm_Abhinavv,5,,nice,0,,2026-07-26T12:48:08,,
Instagram,com.instagram.android,Social,a19567d9-0622-417e-b7a6-55f05bc0f1ca,Manoj Chauhan,5,,Amazing app,0,439.0.0.37.89,2026-07-26T12:48:07,,
Instagram,com.instagram.android,Social,a52f0c3f-f1fc-48e3-83c7-27db8fab6c62,RDX Gamer,5,,nice,0,430.0.0.53.80,2026-07-26T12:47:47,,
Instagram,com.instagram.android,Social,987be2b4-9222-4eae-b9e7-40bf5e6f45a1,Prince Kumar,5,,good,0,439.0.0.37.89,2026-07-26T12:46:10,,
Instagram,com.instagram.android,Social,6314d7f5-428b-4699-b1df-1025095e6abe,Sandhya Malhotra,5,,awesome app 👍👌🤭😘😘,0,430.0.0.53.80,2026-07-26T12:45:25,,
Instagram,com.instagram.android,Social,99100a18-4e59-4bdc-9f10-5472b5404dbf,Suraj Mahali,5,,niec,0,416.0.0.47.66,2026-07-26T12:44:38,,
Instagram,com.instagram.android,Social,be0a5621-40c2-4e8a-baba-a18c3a1532b4,Yash Chaudhary,4,,better,0,437.0.0.33.78,2026-07-26T12:44:35,,
Instagram,com.instagram.android,Social,a08fc46f-af15-4cd1-9d34-8b017bb54cb7,Raj Dev,1,,my Instagram account has been permanently deleted please i request you to my Instagram ID wapas kar do mujhe apni I'd recovery chaiye please,0,439.0.0.37.89,2026-07-26T12:44:27,,
Instagram,com.instagram.android,Social,92f24490-e0f2-44f8-9359-c757b5b0f0ba,Dilawar,5,,I love this account 😍😍,0,437.0.0.33.78,2026-07-26T12:44:26,,
Instagram,com.instagram.android,Social,c2a5fffe-6183-47b2-9c30-c75f10e4225d,Mahdi Abdinasab,5,,very good,0,,2026-07-26T12:44:19,,
Instagram,com.instagram.android,Social,67cce997-d31f-4e7d-9d61-8f131f8e1e65,Jeeshan Raja,5,,bhai mere account ka video nahin Dala ja,0,278.0.0.22.117,2026-07-26T12:43:36,,
Instagram,com.instagram.android,Social,a71604ee-01eb-4a2f-bf67-3cc8e91f9dec,Pratik Bhandari,1,,"I am extremely disappointed with Instagram. My account was suddenly disabled without any clear explanation, even though I believe I followed the Community Guidelines. The appeal process feels heavily automated, and it's almost impossible to reach a real human for support. Years of personal memories, messages, and content are now inaccessible. If Meta is going to disable accounts, it should provide clear evidence of the violation and offer a fair, transparent review process with human support. In",0,,2026-07-26T12:43:08,,
Instagram,com.instagram.android,Social,7b2b5240-e5ad-46e8-bdfe-d0805dbfac83,Rana Fathemonavar,5,,cool,0,,2026-07-26T12:40:58,,
Instagram,com.instagram.android,Social,bb702e53-9e89-4b74-a8c2-2de2c8e17b49,Sudip Das,2,,good,0,438.0.0.28.88,2026-07-26T12:40:07,,
Instagram,com.instagram.android,Social,3f54f70f-7d4d-455c-96f9-644f4d42030e,Ryank Blanco,1,,All of my instagram got disable for no reason even i use my real age and id,0,439.0.0.37.89,2026-07-26T12:39:57,,
Instagram,com.instagram.android,Social,8d8e98f9-37c9-4801-8c57-f250387084ee,Aliya Noor,5,,good experience,0,439.0.0.37.89,2026-07-26T12:39:23,,
Instagram,com.instagram.android,Social,c373f794-044f-43eb-9759-980a858190ff,Durga Raju Durga Raju,5,,Nice 👍👍,0,438.0.0.28.88,2026-07-26T12:39:04,,
Instagram,com.instagram.android,Social,4e167893-d679-441d-a0ae-cc64472f11a9,Eswaramma C,5,,very good,0,,2026-07-26T12:39:04,,
Instagram,com.instagram.android,Social,911f6035-f8f8-4122-a916-5f3bcdbdbb47,Md Ashif,5,,good,0,439.0.0.37.89,2026-07-26T12:38:23,,
Instagram,com.instagram.android,Social,6cedede0-e6de-4497-91a7-ce8e9998b591,Bharti Kori,1,,"Hello Instagram Team, I am writing about my account that was permanently disabled. I waited 43 days after my previous account was disabled. I made this new account only for personal use - to talk to friends and make memories. I did NOT break any rules. I did NOT post anything wrong. Because of this, I have lost all my friends, photos and memories. I waited for my IP to get fixed but still you banned me. I love Instagram, but right now I feel so hurt because I did nothing wrong",0,439.0.0.37.89,2026-07-26T12:37:50,,
Instagram,com.instagram.android,Social,c2072967-ffca-4408-b0ec-b2c09c378154,Paolo Valli,2,,limited reach because of only being able to add five hashtags,0,439.0.0.37.89,2026-07-26T12:37:49,,
Instagram,com.instagram.android,Social,56efb98f-ce05-45db-ba49-0d966ffba45a,Mohammad Shayan,5,,excellent,0,439.0.0.37.89,2026-07-26T12:37:40,,
Instagram,com.instagram.android,Social,d40428e6-9530-41a7-a410-7853df35e8d7,Golu Kumar Kumar,5,,Dear Instagram team I am having a problem when I went to open my Instagram account they show we disabled your account please fix my problem thank you problem solve,0,,2026-07-26T12:37:16,,
Instagram,com.instagram.android,Social,cbbb4ad0-622e-4713-b84a-9f68bf3d7f87,PRIMCE KUMAR,3,,thank you🤣👍,0,,2026-07-26T12:37:11,,
Instagram,com.instagram.android,Social,10a41626-f882-4fa0-8fa9-a4e9a2badb8d,Hariom Dhakar,1,,I think my Insta app id hacked,0,439.0.0.37.89,2026-07-26T12:37:00,,
Instagram,com.instagram.android,Social,c0582587-3d8c-45f2-9481-e62e7967e52a,ANSHU SINGH,3,,Lauro app! Not recommended,0,341.0.0.45.100,2026-07-26T12:35:45,,
Instagram,com.instagram.android,Social,5254938d-6588-43de-bea3-4198c7047c74,Jagadish Ghosh,5,,nice,0,439.0.0.37.89,2026-07-26T12:35:34,,
Instagram,com.instagram.android,Social,4474cefe-3e6a-42e3-acda-9b9a94281bb9,Shaikh Noor Mohammed,5,,shaik ayesha 💕☺️,0,,2026-07-26T12:34:58,,
Instagram,com.instagram.android,Social,5ff09f27-78fc-4d0f-9f11-a16e3f18a612,Huseni Vadde,5,,super,0,402.0.0.49.70,2026-07-26T12:34:20,,
Instagram,com.instagram.android,Social,9e2f6d4a-d08c-44b0-b75e-71081a113d2c,Manoharan Vimala,5,,Dear Instagram team my Instagram story not upload problem fix this problem completely violin stand,0,439.0.0.37.89,2026-07-26T12:34:01,,
Instagram,com.instagram.android,Social,e816b9e3-a8e1-498d-9eee-1c5f1b27ff96,Golu Kashyap,5,,good,0,438.0.0.28.88,2026-07-26T12:34:00,,
Instagram,com.instagram.android,Social,e837cfc2-7205-4f61-aac8-439fcb626c3e,Jiten Saha,2,,It is so bad app in my opinion,0,,2026-07-26T12:33:33,,
Instagram,com.instagram.android,Social,0bce1796-88a6-4774-9b1e-eae6c66512ca,Mo Faris,4,,good app but video not viral,0,438.0.0.28.88,2026-07-26T12:33:20,,
Instagram,com.instagram.android,Social,d607c316-8091-4305-aea6-316117ebf3e4,Rahul Hudda,5,,good app,1,438.0.0.28.88,2026-07-26T12:32:24,,
Instagram,com.instagram.android,Social,f62ffff3-2aed-41f4-852a-45dc39eb4bda,Wahid Khan,5,,nice aap,0,430.0.0.53.80,2026-07-26T12:32:05,,
Instagram,com.instagram.android,Social,d1560bfd-50f6-4053-9141-daf2b331e578,Mamta Devi,5,,very nice app,0,413.0.0.41.84,2026-07-26T12:31:44,,
Instagram,com.instagram.android,Social,401003f6-044d-4be1-805d-188ba2f710f6,Abhishek Ranjan,5,,enterteinment,0,,2026-07-26T12:30:57,,
Instagram,com.instagram.android,Social,ec78b20f-b098-49c1-a2d1-3a71ae3a6fe5,ShaKeel Lakhpatwala,5,,Nice app,0,,2026-07-26T12:30:36,,
Instagram,com.instagram.android,Social,37de50dc-4b71-4af6-acdf-8298953442d9,shubammehra,5,,this is very usable app,0,421.0.0.51.66,2026-07-26T12:29:29,,
Instagram,com.instagram.android,Social,aeb339b4-1341-4c66-ad71-fa0c2e0f510b,Sufiyan Khan,5,,the is crazy,0,438.0.0.28.88,2026-07-26T12:28:15,,
Instagram,com.instagram.android,Social,863a8f27-e928-4007-ad3e-54013a255f2f,Sherkhan Sarwar,5,,nise app ❤️🔥,0,439.0.0.37.89,2026-07-26T12:27:25,,
Instagram,com.instagram.android,Social,bd23b268-ae3a-477c-bcf0-34ba51c09a4a,Shabnam Sharma,5,,wonderful,0,439.0.0.37.89,2026-07-26T12:27:07,,
Instagram,com.instagram.android,Social,5cc08341-a823-4b97-b29b-5754a6a860f1,Nithesh Nair,5,,super app,0,438.0.0.28.88,2026-07-26T12:26:17,,
Instagram,com.instagram.android,Social,a8f73a38-1fd1-4bb3-83ea-e7ce8d016bc7,Isha Nafees,3,,"Instagram has a serious technical bug on my account. My Account Status still shows old copyright removals even though Meta Support confirmed my account has no active restrictions and is in Good Standing. I have submitted appeals, reported the issue many times, reinstalled the app, cleared cache, and tried different devices, but nothing has been fixed. My Collaboration feature and account functionality are still affected. Please investigate and fix this synchronization issue.",0,,2026-07-26T12:25:30,,
Instagram,com.instagram.android,Social,6157f054-4825-4b68-8848-2d203d508d4b,BHAVANI MEKAPOTHULA,5,,super 🫶🫶🫶🫶🫶🫶🫶🌊,1,439.0.0.37.89,2026-07-26T12:25:13,,
Instagram,com.instagram.android,Social,c6ad8d71-102d-4907-806e-260cbe7dfe90,Himanshi,5,,my favorite aap this nice aap,1,,2026-07-26T12:25:06,,
Instagram,com.instagram.android,Social,e055b300-6e1c-48d6-814a-76f1f676e9a2,Biswajit Dibaka,5,,best,1,,2026-07-26T12:24:43,,
Instagram,com.instagram.android,Social,d57bb8f3-851b-46f4-ab3a-c1ddeeb6d514,Joyjit Singhairoy,5,,"it's a to good app and i love it ,it deserves 5 star ⭐",1,438.0.0.28.88,2026-07-26T12:24:42,,
Instagram,com.instagram.android,Social,5ceae767-ef85-4006-ba02-13b7f2316405,Thulasi Rajendhran,5,,wonderful,1,,2026-07-26T12:24:40,,
Instagram,com.instagram.android,Social,dc4afcec-6c60-47d2-9330-7b9b5e6a4f6c,Abu,1,,unused aap only for time pass,0,,2026-07-26T12:24:30,,
Instagram,com.instagram.android,Social,68e762ef-7bff-43fe-adfe-39e252fcd4b8,Mohamed Aasim,5,,nice,0,273.1.0.16.72,2026-07-26T12:24:15,,
Instagram,com.instagram.android,Social,2c7be25b-fc0c-41e0-89aa-e83f8db364df,Rahul Kumar,5,,The worst application in the world is Instagram.,1,439.0.0.37.89,2026-07-26T12:23:44,,
Instagram,com.instagram.android,Social,3419c125-4a24-497c-a4ca-ddfcb58f33d4,Ayush Sarkar,5,,👍😊 good,1,438.0.0.28.88,2026-07-26T12:23:43,,
Instagram,com.instagram.android,Social,0faeaa13-d499-44f3-b99d-d2e8280987b4,Neivan Shak,5,,best app of the world,1,439.0.0.37.89,2026-07-26T12:23:21,,
Instagram,com.instagram.android,Social,d82b4ad1-159f-4f0b-aaf8-112d61225cfb,Rider Op,1,,I have recovered my insta account 3-4 times still it is suspended,1,439.0.0.37.89,2026-07-26T12:22:48,,
Instagram,com.instagram.android,Social,01537f64-136b-465b-bf2a-caab28d5073b,Tannu Kashyap,5,,it's amazing for content creation,1,439.0.0.37.89,2026-07-26T12:21:53,,
Instagram,com.instagram.android,Social,e61fa107-8fdb-44b0-9414-960380ff4c4a,narsing botla,5,,it is good but sometimes suspend accounts don't suspends account please,1,410.1.0.63.71,2026-07-26T12:21:41,,
Instagram,com.instagram.android,Social,fca827e1-814b-4e59-bec6-81e18e270976,Ambika,1,,nice Instagram,0,,2026-07-26T12:21:36,,
Instagram,com.instagram.android,Social,7255e6f7-6e56-4adf-8502-eb9c4481fdf8,Arya kripa,5,,my fav app 🌷❣️🙌,1,,2026-07-26T12:21:26,,
Instagram,com.instagram.android,Social,5e44cc10-ad8b-4a14-9fd2-74b6c9721937,Vanshika Shukla,4,,👍,0,,2026-07-26T12:19:51,,
Instagram,com.instagram.android,Social,c890b6da-ca31-4877-b7cd-2fc4dd2cfbdf,Rupesh Rupesh Kumar,5,,Instagram tumne Mera account Bina baat ke kyon suspend kar diya please recover kar do usko main tumse request kar raha hun Baki to tumhara Instagram ekadam achcha hai lekin mera Instagram account mujhe 24 ghante ke andar wapas kar do yaar usko maine bahut mehnat ki hai please please mein request kar raha hun Mera account recover kar do main tumhare Instagram ke sab matlab roll follow kar raha tha tab bhi Meri id Allahabad ke tumne suspend kar di Aisa thodi kahin per hota Hai please mera account,0,,2026-07-26T12:19:06,,
Instagram,com.instagram.android,Social,4f576b8a-fd35-4588-8801-751b193328af,Shateesh Kashyap,5,,very good,0,439.0.0.37.89,2026-07-26T12:18:54,,
Instagram,com.instagram.android,Social,52794e45-14aa-4d3a-a57a-52935761b7d5,Atif Munir,4,,easy to use it to connect people among them.,0,278.0.0.22.117,2026-07-26T12:18:15,,
Instagram,com.instagram.android,Social,9bb74f8c-4c31-4872-bafd-3ab255f19c1d,Ankit Gupta,5,,giid,0,344.0.0.42.92,2026-07-26T12:17:16,,
Instagram,com.instagram.android,Social,c5567d67-f771-441f-8a5e-03d258d10487,Onyinyechi Obaloje,3,,I have been trying to log in but it doesn't work please do something,0,439.0.0.37.89,2026-07-26T12:17:11,,
Instagram,com.instagram.android,Social,48dc3014-2e35-430e-9cb7-39262ef71f4d,Alimuddin Sk,3,,fuu,0,434.0.0.44.74,2026-07-26T12:16:59,,
Instagram,com.instagram.android,Social,d205e506-94da-4a14-8876-1b676d1abb46,Rishav Kumar,5,,nice,0,436.0.0.41.73,2026-07-26T12:16:57,,
Instagram,com.instagram.android,Social,185188ed-9999-4686-b07c-41f2a05ca46e,skull gaming,1,,the posts are deleted without any notification or information poor arrengement,0,439.0.0.37.89,2026-07-26T12:16:53,,
Instagram,com.instagram.android,Social,84af4ab5-084c-4e66-ab7d-c85cfa23112f,Muhammad Abdullah,5,,very good,0,438.0.0.28.88,2026-07-26T12:16:41,,
Instagram,com.instagram.android,Social,90780b3f-0c1c-440c-b32e-3cc62032cfa1,sahil sahadat,2,,good but my reels views not increase,0,,2026-07-26T12:16:36,,
Instagram,com.instagram.android,Social,47f6eb16-0a82-4491-bec3-3bc61977a117,Shakeel Ansari,5,,good app,0,439.0.0.37.89,2026-07-26T12:15:57,,
Instagram,com.instagram.android,Social,36756b4e-367b-4a99-a871-d273ecf60722,Jeetu Sv,5,,Good 👍,0,439.0.0.37.89,2026-07-26T12:15:41,,
Instagram,com.instagram.android,Social,c38cc41e-deee-4e3c-af29-2d327989c7e4,Awais Noman,5,,❤️❤️❤️,0,438.0.0.28.88,2026-07-26T12:15:16,,
Instagram,com.instagram.android,Social,6c925b26-cc1c-4d22-a0f1-92902b775eeb,Queen Anita Aribe,5,,Good experience,0,437.0.0.33.78,2026-07-26T12:15:09,,
Instagram,com.instagram.android,Social,6b1b2ec1-d045-44c2-be13-f7e7b2a27f04,Aleena Siddiqui,5,,good,0,438.0.0.28.88,2026-07-26T12:14:16,,
Instagram,com.instagram.android,Social,c6ebf81d-2af6-4cd6-8258-12c9709da8d5,Sapna Godiyal,5,,it's very good platform ..what's happening in our nation we can see n we can raise our voice through this app,0,333.0.0.42.91,2026-07-26T12:14:10,,
Instagram,com.instagram.android,Social,81a666c0-98e7-442e-83d5-b05a4ecbb688,Shivam Mandal,4,,good,0,439.0.0.37.89,2026-07-26T12:13:49,,
Instagram,com.instagram.android,Social,9d69d5f0-af8c-47dd-b146-bc72a7e999ea,Mr Krishna Sahu ji,1,,gilich problem,0,439.0.0.37.89,2026-07-26T12:13:27,,
Instagram,com.instagram.android,Social,e4899336-5345-4861-89e6-3515eb7f0825,Subramania Sp,1,,good app for hackers,0,,2026-07-26T12:12:21,,
Instagram,com.instagram.android,Social,36d3ea6c-e3c5-4864-be24-406ccc258a40,Jaya George,5,,I like this app,0,280.0.0.18.114,2026-07-26T12:11:51,,
Instagram,com.instagram.android,Social,fbeb53d7-8597-4793-9cf5-e100c40f3524,Yadav Ahiranchintu,5,,5 star,0,,2026-07-26T12:11:35,,
Instagram,com.instagram.android,Social,644233bc-6f6c-4cb4-9e9e-5a1e944e4af3,Amit Kumar,5,,thank you insta family,0,433.0.0.47.68,2026-07-26T12:11:30,,
Instagram,com.instagram.android,Social,3c7bb71e-580e-41b7-9df7-5c989ad9cab9,Nusirat Akibu,4,,Instagram is really good. It is fun to chat with,0,,2026-07-26T12:11:04,,
Instagram,com.instagram.android,Social,725909dc-557a-4a3a-887a-f1c96d831605,Asiya,5,,good 👍,0,,2026-07-26T12:10:03,,
Instagram,com.instagram.android,Social,131221c8-c355-496e-8cc1-f4a2053d1079,Day Night,5,,good,0,439.0.0.37.89,2026-07-26T12:09:24,,
Instagram,com.instagram.android,Social,bddf024f-73f4-42d4-8af3-3dfa5c789c65,Aakash Sihag,1,,i don't know that what is the problem it is not downloading in my phn,0,438.0.0.28.88,2026-07-26T12:08:50,,
Instagram,com.instagram.android,Social,d3ad0b85-a01c-4523-aa1f-7e51fbeede6f,anant,5,,very welll,0,,2026-07-26T12:08:23,,
Instagram,com.instagram.android,Social,752031a2-7c5c-4c4f-a741-e9a18c5ab59c,Pragya Bareth,1,,take to much time for downloading,0,,2026-07-26T12:07:50,,
Instagram,com.instagram.android,Social,ee29bd63-6ad4-4b74-a199-4d3ee3b69301,Parveen Mirchandani,3,,good social media app,0,,2026-07-26T12:07:35,,
Instagram,com.instagram.android,Social,2278e6f1-651d-43c8-9b9f-ca974edfaeaa,Hadi Akhtar,5,,very good and nice,0,,2026-07-26T12:06:40,,
Instagram,com.instagram.android,Social,5804928f-230b-408e-9573-d91444fc2910,Maheshsha Maheshsha,1,,hello instagram my account is anben kar do,0,,2026-07-26T12:06:03,,
Instagram,com.instagram.android,Social,34cb1a90-2708-429b-a1af-1c5285cabfdf,Adwaidh Ts,5,,this app is app is very easy to use and give very enjoyment,0,325.0.0.35.91,2026-07-26T12:05:22,,
Instagram,com.instagram.android,Social,dd8e4309-bf3f-4581-9daf-f200dd42a7fb,Riya Maity,1,,Disgusting app,0,439.0.0.37.89,2026-07-26T12:04:45,,
Instagram,com.instagram.android,Social,ade43b53-44ba-4bdb-9f38-f7afd40d6e8f,Lamiya Wamiya,5,,chapri App🤡,0,,2026-07-26T12:04:23,,
Instagram,com.instagram.android,Social,40a964d2-286a-45a0-9927-63a2c03c23bd,Kyla Bautista,1,,my ig acc got suspended without prior warning,0,,2026-07-26T12:04:10,,
Instagram,com.instagram.android,Social,e4540c34-448e-4163-b2d1-3e4dea2451ea,TARUN CHANDRA,5,,this crazy app,1,439.0.0.37.89,2026-07-26T12:03:51,,
Instagram,com.instagram.android,Social,869057fc-9631-4f91-8bbd-a96f24258d0d,Aditya Choudhury,5,,best app I have ever used,0,437.0.0.33.78,2026-07-26T12:03:46,,
Instagram,com.instagram.android,Social,1406b2f6-6224-4818-ae59-78166c4c5f31,Gajanan Kamble,5,,nice,0,438.0.0.28.88,2026-07-26T12:03:08,,
Instagram,com.instagram.android,Social,d818b4c2-7298-40cf-b626-4c6ed37ea2ae,Akash Maurya,5,,A good platform social media support and viral,0,,2026-07-26T12:02:57,,
Instagram,com.instagram.android,Social,8f5b945b-d733-4dfe-9c29-5143eba98946,Mahnoor,5,,It's too good,0,,2026-07-26T12:02:31,,
Instagram,com.instagram.android,Social,3ce84df9-ab91-4a5c-840f-e57dfd9cb4c8,Shaik Junaid,5,,ITS USER FRENDLY AND BEST',0,361.0.0.46.88,2026-07-26T12:02:22,,
Instagram,com.instagram.android,Social,5c90810b-b463-4af9-8b73-3d6e968edf59,Family Jatva,5,,best,0,,2026-07-26T12:02:17,,
Instagram,com.instagram.android,Social,7cd1373d-8c20-4aa8-b36b-accd58589f2c,Deuu Kalasva,5,,basst game,0,439.0.0.37.89,2026-07-26T12:01:41,,
Instagram,com.instagram.android,Social,95e39588-91d6-4fe4-a7a6-45ca98edb71a,Anjali Kumari,1,,bahut achaa instagram hai kabhi mera id sespend mat karna,0,439.0.0.37.89,2026-07-26T12:01:38,,
Instagram,com.instagram.android,Social,f4d2b122-27a4-4183-936f-2ab3eb72d9ad,Vidhi Patel,5,,loved it ❤️🤌🏻,0,439.0.0.37.89,2026-07-26T12:01:34,,
Instagram,com.instagram.android,Social,80fc51a9-00dd-481c-a31e-16f0eb5b4fc6,colour wings,1,,fake propaganda Post only... never install this garbage,0,,2026-07-26T12:01:07,,
Instagram,com.instagram.android,Social,485a7b9e-0135-46b9-bc5a-dc4554958b8b,bindu dimri,1,,no privacy and safety,0,,2026-07-26T12:00:47,,
Instagram,com.instagram.android,Social,5aa5d5c1-e30d-4931-9e84-05f97119b813,Rohini Shirley,5,,super,0,423.0.0.47.66,2026-07-26T12:00:12,,
Instagram,com.instagram.android,Social,2eaae6b7-f166-4664-b480-af60015c83b1,K K,5,,nice aap,0,437.0.0.33.78,2026-07-26T12:00:09,,
Instagram,com.instagram.android,Social,80032d37-e89d-46bc-a55f-de7014286a8b,Monu Rohit,5,,very much for lnstagram,0,439.0.0.37.89,2026-07-26T12:00:01,,
Instagram,com.instagram.android,Social,fa9b7f78-04f9-486f-8177-b5eec5a49722,Alka Patel,5,,good,0,408.0.0.51.78,2026-07-26T11:59:54,,
Instagram,com.instagram.android,Social,926eb64a-a8d2-4643-aef8-6b39d921de0b,Nexus Eigh Rufino,1,,"my Instagram account was suspended for no reason I worked hard on it to earn more followers then meta just decided to suspended me like nothing, I love Instagram but suspending and restricting accounts are too far, we don't have privacy literally, we need our accounts back!",0,,2026-07-26T11:59:13,,
Instagram,com.instagram.android,Social,03adb4fb-331b-43e3-9c25-df2fb2a015b0,Ujaan Halder,1,,"I've been experiencing major technical issue with Instagram lately. my account was suspended yesterday and while I attempted to appeal the decision, I never received the verification code in my email. thinking it might refresh the session, I logged out but now I'm completely locked out. even the 'forgotten password ' route fails, showing 'unable to log in, please try again later. this is incredibly frustrating please look into these login bugs and fix this as soon as possible.... 😭😭😭",0,439.0.0.37.89,2026-07-26T11:59:03,,
Instagram,com.instagram.android,Social,1a5bddf5-5235-4614-ae33-19b9c53f4d6c,Sazfah Naba,5,,Cool app,0,,2026-07-26T11:58:52,,
Instagram,com.instagram.android,Social,d20d51dd-de83-4b59-a9a1-a161f3db5295,Bhoomika Singh,5,,Please Mere ID en suspend mat karo,0,,2026-07-26T11:58:22,,
Instagram,com.instagram.android,Social,434ad52f-4fad-42b0-b411-4ae39d686e0a,Md Hasen raja,5,,good,0,,2026-07-26T11:58:05,,
Instagram,com.instagram.android,Social,1d2f91e2-e8b9-4ad2-8312-18fa56d4d038,Kichha Talawar,5,,nice,0,439.0.0.37.89,2026-07-26T11:57:49,,
Instagram,com.instagram.android,Social,ef7e19e8-9b75-4a33-8043-4af0b3ce1172,Hameda Swer,4,,my best apps ☺️,0,439.0.0.37.89,2026-07-26T11:57:48,,
Instagram,com.instagram.android,Social,83d21583-2508-41de-b5f1-7646e0aadb33,Ramesh Dudraj,4,,good performance,0,428.0.0.47.67,2026-07-26T11:57:41,,
Instagram,com.instagram.android,Social,4fac8209-dc16-4390-9308-487e8fe2f899,Bablu Singh,5,,👍,0,438.0.0.28.88,2026-07-26T11:57:37,,
Instagram,com.instagram.android,Social,f5d80436-d697-4d0b-9106-8489de55b50d,NG Groups,5,,good for business,0,437.0.0.33.78,2026-07-26T11:56:16,,
Instagram,com.instagram.android,Social,e25ba2be-62f6-4853-8a48-c3a6543647e9,Toxic Singh,5,,it's a good,0,437.0.0.33.78,2026-07-26T11:54:49,,
Instagram,com.instagram.android,Social,2ff9d062-1705-43e0-916f-32b856b0a946,Pragya Pathak,1,,whyy you disabled my all account plsss stop disabled my account you suspend my 60+ account and you also don't give me reply i do mail also but you don't reply to my mail😭🤚,0,,2026-07-26T11:54:12,,
Instagram,com.instagram.android,Social,c0d7ac35-d84f-4ad4-928e-53ec04ed5bea,Voice of Dk,1,,worst app cos my account is disabled for unknown reason nd i can't appeal,0,,2026-07-26T11:54:07,,
Instagram,com.instagram.android,Social,7a66488b-79c8-402c-aaaf-67503c01a150,Pintu Mahato,5,,good platform 👏 public,0,438.0.0.28.88,2026-07-26T11:53:53,,
Instagram,com.instagram.android,Social,770c3e71-88a5-453e-ae8b-fbd330d98e57,gouravkamboj,5,,nice experience in instagram,0,437.0.0.33.78,2026-07-26T11:53:49,,
Instagram,com.instagram.android,Social,1788898c-ab48-4c91-a129-e9df6c037fe2,Neetu Deora,5,,Nice 😌,0,,2026-07-26T11:53:47,,
Instagram,com.instagram.android,Social,0a9d543f-6e32-4467-b4dd-c7ea2c0e01f8,Yashraj Thanekar,5,,i like it 👍👍 best app for content creation 😃,0,392.2.0.58.78,2026-07-26T11:53:08,,
Instagram,com.instagram.android,Social,de25d333-d6ec-42e5-b3f9-787dc51e63dc,Aryan Dangi,1,,meri sari id suspend kar raha hai instagram,0,439.0.0.37.89,2026-07-26T11:53:05,,
Instagram,com.instagram.android,Social,b7aa96f9-eac3-428b-a437-50610473ab20,Sheelam Yadav,5,,best app of world,0,,2026-07-26T11:52:15,,
Instagram,com.instagram.android,Social,f177b8a2-17b8-4696-9a0e-f0d3b87022c1,A Google user,5,,good,0,,2026-07-26T11:51:51,,
Instagram,com.instagram.android,Social,4b76a8fd-924a-4288-a06c-24a7f0a9e567,Muskan Manikpur,3,,nice insta,0,,2026-07-26T11:51:28,,
Instagram,com.instagram.android,Social,bebe33c4-73a6-4b4d-b186-5bbce343adc9,claa theoo,5,,"A paradise for photos & reels. The place to share aesthetics, OOTDs, travel & your brand. With 24-hour Stories, DMs & Shop features. Great for brands & influencers to grow engagement.",0,,2026-07-26T11:51:27,,
Instagram,com.instagram.android,Social,669472bb-dfb3-493b-a4bd-9b18cf3075e0,Muskan Bara,5,,love this app,0,439.0.0.37.89,2026-07-26T11:50:57,,
Instagram,com.instagram.android,Social,18534b89-b79f-4f3f-b2b6-8e42406f7d8c,MRKAAL HACKER,5,,best app for criyetar,0,434.0.0.44.74,2026-07-26T11:50:45,,
Instagram,com.instagram.android,Social,e2904b7c-c2b9-45e4-9651-1d3e8174fe4b,Sumon Roy,5,,5star,0,439.0.0.37.89,2026-07-26T11:50:25,,
Instagram,com.instagram.android,Social,db29fe46-4957-48df-b761-756a92052583,Naman Latwal,5,,Very nice Instagram,0,278.0.0.22.117,2026-07-26T11:50:12,,
Instagram,com.instagram.android,Social,ab55bbf7-1a16-4e07-96fa-7dbef4d1c619,sea sema#1 beats,1,,90 % of a anything I watch is just ads,0,439.0.0.37.89,2026-07-26T11:48:35,,
Instagram,com.instagram.android,Social,fdd2d0ac-f555-4e84-96e9-5254df8a0dd1,Arshpreet Kaur,5,,"its the best app by my side because it gives me the peace,fun, and the best part i can interact easily with more people, also watching reels and vibing with it is my fav part",0,439.0.0.37.89,2026-07-26T11:48:22,,
Instagram,com.instagram.android,Social,356fcec6-df23-40ac-ae0d-299b59b10766,Anshuman,2,,Addictive,1,435.0.0.37.76,2026-07-26T11:46:00,,
Instagram,com.instagram.android,Social,ccfefb7e-88c8-4205-9b38-00e0b7425de9,KARTIK SHARMA,5,,good experience,0,439.0.0.37.89,2026-07-26T11:46:00,,
Instagram,com.instagram.android,Social,cbf91374-3e33-4c9b-bdd1-0a59a36ece89,Sanjna Borwar,5,,instagram my account open hot 🥺,0,439.0.0.37.89,2026-07-26T11:44:56,,
Instagram,com.instagram.android,Social,e32f0f37-549e-481c-a145-342f555007a9,Jeannie Holliday,5,,just simply amazing,0,430.0.0.53.80,2026-07-26T11:44:52,,
Instagram,com.instagram.android,Social,45d1cc3c-e585-4d8a-8f60-205d216b61cd,Anitha Prabh m,1,,"Subject: Missing Comment Button on All Instagram Reels Hello Instagram Team, I have a problem with my Instagram account. The Comment button/Comment box is completely missing on all Reels. It is not just one Reel—it is missing on every Reel. I have already tried: Updating Instagram Clearing app data and reinstalling the app Logging in on another phone The problem still exists, so it appears to be an account-related issue, not a device issue. Please review my account and fix this bug as so",1,439.0.0.37.89,2026-07-26T11:44:38,,
