app_name,app_id,category,review_id,username,rating,title,text,thumbs_up_count,review_created_version,at,reply_content,reply_at
EA SPORTS FC Soccer Mobile 26,com.ea.gp.fifamobile,Gaming,58a2068d-7702-4040-8c41-66642d3377e4,Nasrin Akter,5,,গেমটা খেলতে অনেক ভালো লাগে,0,27.0.03,2026-07-26T16:22:01,,
EA SPORTS FC Soccer Mobile 26,com.ea.gp.fifamobile,Gaming,fdabf452-d94f-41ec-8b88-69a5aa525d66,Mohd ali Khan,5,,good,0,27.0.03,2026-07-26T16:21:24,,
EA SPORTS FC Soccer Mobile 26,com.ea.gp.fifamobile,Gaming,7c0eead6-0a98-4dbe-96c3-a6eee87f2769,Parveen Kumar,5,,I like Ronaldo,0,27.0.03,2026-07-26T16:21:21,,
EA SPORTS FC Soccer Mobile 26,com.ea.gp.fifamobile,Gaming,b197703a-a2af-4eed-a1ff-bb5936e804d5,Jilliane Domingo,5,,good,0,27.0.03,2026-07-26T16:21:19,,
EA SPORTS FC Soccer Mobile 26,com.ea.gp.fifamobile,Gaming,073f8ac6-12f8-46d3-a0b7-73d6119d38a4,RAHIL BHATI,5,,ok,0,27.0.03,2026-07-26T16:20:46,,
EA SPORTS FC Soccer Mobile 26,com.ea.gp.fifamobile,Gaming,c9b867b0-a774-442a-b9d7-264725db2968,Prem Kumar,5,,supar,0,27.0.03,2026-07-26T16:20:20,,
EA SPORTS FC Soccer Mobile 26,com.ea.gp.fifamobile,Gaming,0e574a2c-fcdc-4094-a1b6-b62d138216d3,Makina Ina69,4,,"Nice,Game ni banyak buat saya hafal pemain pemain Lagenda yang ada didunia Dan mengatahui stastik player yang mana kuat Dan lemah,thanks Ea Sport",0,27.0.03,2026-07-26T16:14:18,,
EA SPORTS FC Soccer Mobile 26,com.ea.gp.fifamobile,Gaming,64b5abff-53ad-41f8-8d1c-e71bf86b8893,Mohammad Irfan,5,,Very good game,0,27.0.03,2026-07-26T16:14:07,,
EA SPORTS FC Soccer Mobile 26,com.ea.gp.fifamobile,Gaming,2820a647-7074-4e6d-8062-bfc2bb924628,Nasima Mousumi,5,,Amazing,0,,2026-07-26T16:13:52,,
EA SPORTS FC Soccer Mobile 26,com.ea.gp.fifamobile,Gaming,8155fea7-c935-4fb1-aa4f-ce67d9543ee9,Mukalo Haward,3,,good,0,27.0.03,2026-07-26T16:13:18,,
EA SPORTS FC Soccer Mobile 26,com.ea.gp.fifamobile,Gaming,b59b832e-0436-4bde-bfef-ee636f066a19,Rafiqul Naim,5,,"FC Mobile is one of the most exciting football games available on mobile devices today. Developed by EA Sports, the game allows millions of players around the world to experience the thrill of football anytime and anywhere. It combines realistic gameplay, stunning graphics, and a wide variety of game modes, making it a favourite among football fans of all ages. One of the best features of FC Mobile is its extensive collection of players and clubs. Players can build their dream teams by collect",0,27.0.03,2026-07-26T16:12:45,,
EA SPORTS FC Soccer Mobile 26,com.ea.gp.fifamobile,Gaming,6a2a1f47-b2ea-4e19-a1c4-4af6cc9654fd,Md Tahmid khan,5,,A very interesting game. I am enjoyed by thus game.,0,27.0.03,2026-07-26T16:12:22,,
EA SPORTS FC Soccer Mobile 26,com.ea.gp.fifamobile,Gaming,2adec4c1-0964-4053-ba37-e8cb1341b562,Uttam Singh,5,,W! GAME,0,27.0.03,2026-07-26T16:12:12,,
EA SPORTS FC Soccer Mobile 26,com.ea.gp.fifamobile,Gaming,e575df26-fc9f-4b22-9f27-e518f8e6ed3e,Maheswor Dahal,5,,very nice game 🎯👏,0,27.0.03,2026-07-26T16:11:57,,
EA SPORTS FC Soccer Mobile 26,com.ea.gp.fifamobile,Gaming,97aa7231-fcff-4bb5-9e50-8e3026e87fac,System Administrator (Soumen_CIS),4,,"Nice game. It has many players like ronaldo, messi, and many more. I have 123 OVR.But,I am really disappointed because of the draft system",0,27.0.03,2026-07-26T16:10:30,,
EA SPORTS FC Soccer Mobile 26,com.ea.gp.fifamobile,Gaming,ff41e180-025f-433a-b657-440cb37035a1,Venul Perera,5,,Very good game,0,27.0.03,2026-07-26T16:08:55,,
EA SPORTS FC Soccer Mobile 26,com.ea.gp.fifamobile,Gaming,69a168e5-b686-49d2-b076-776bfd81bd66,Ramala Poudel,5,,wow,0,27.0.03,2026-07-26T16:04:11,,
EA SPORTS FC Soccer Mobile 26,com.ea.gp.fifamobile,Gaming,ce9befdb-7ec9-40b2-83e1-38cd47919197,Chukwu George Chisom,5,,I love it,0,,2026-07-26T16:03:51,,
EA SPORTS FC Soccer Mobile 26,com.ea.gp.fifamobile,Gaming,06b4af16-3994-4076-b2e3-6ddf470b9160,Muhammad Valanya,5,,best football game I have ever played,0,27.0.03,2026-07-26T16:03:46,,
EA SPORTS FC Soccer Mobile 26,com.ea.gp.fifamobile,Gaming,760da144-c1d1-4eee-9072-0666cf16f714,James Pius Raruhau,5,,very good,0,27.0.03,2026-07-26T16:00:14,,
EA SPORTS FC Soccer Mobile 26,com.ea.gp.fifamobile,Gaming,fa9021f1-5407-4f75-beb4-bec5480b46a2,fianu foster,2,,good,0,27.0.03,2026-07-26T15:56:21,,
EA SPORTS FC Soccer Mobile 26,com.ea.gp.fifamobile,Gaming,2f6d9d39-b658-46e0-9ad8-96a72b27efef,dhiraj yadav,3,,good,0,27.0.03,2026-07-26T15:56:13,,
EA SPORTS FC Soccer Mobile 26,com.ea.gp.fifamobile,Gaming,e54f6f23-7ea4-4c59-8178-63b70237ef19,HAPPY,1,,guys don't play this game if you love football and your mental health,0,27.0.03,2026-07-26T15:53:03,,
EA SPORTS FC Soccer Mobile 26,com.ea.gp.fifamobile,Gaming,624d07c1-902a-452f-bd28-e2e8bfb5e13f,ARAFAT Hossain,5,,so better,0,27.0.03,2026-07-26T15:53:02,,
EA SPORTS FC Soccer Mobile 26,com.ea.gp.fifamobile,Gaming,e7623374-639c-4473-a61d-24e56d614b12,Hakem Ferdaus,1,,barua ea bangang aku punya kiper 118 kiper bot 112 tapi bot ea lagi padu ap cite baik x ya buat game macam bangang kalau sesiapa nampak note ni aku harap korang jangan donwload,0,27.0.03,2026-07-26T15:52:47,,
EA SPORTS FC Soccer Mobile 26,com.ea.gp.fifamobile,Gaming,23a42695-6852-4c2d-9db2-956538cb76e1,rakib sayedh,1,,গেম খেলতে মজা লাগেনা,0,27.0.03,2026-07-26T15:49:45,,
EA SPORTS FC Soccer Mobile 26,com.ea.gp.fifamobile,Gaming,74c78b17-6c01-4d4c-bff0-9023f4c174d9,Mahmud Muktar,5,,is Game is so fun,0,27.0.03,2026-07-26T15:49:32,,
EA SPORTS FC Soccer Mobile 26,com.ea.gp.fifamobile,Gaming,4bcfbb8a-2c98-49f3-8b68-acac4d722b5a,muhammed taha pehlivan,5,,that's good game but so hard to get coins,1,25.0.03,2026-07-26T15:48:04,,
EA SPORTS FC Soccer Mobile 26,com.ea.gp.fifamobile,Gaming,6e1ba48b-a4a6-45b8-a145-bcd149b28927,Victor moses,3,,all good,0,27.0.03,2026-07-26T15:44:57,,
EA SPORTS FC Soccer Mobile 26,com.ea.gp.fifamobile,Gaming,41802c91-f18a-450f-adaa-a9f37dae900d,MMM Albino,1,,in pen shootouts when I go to a direction it doesnt go into that direction,0,,2026-07-26T15:44:16,,
EA SPORTS FC Soccer Mobile 26,com.ea.gp.fifamobile,Gaming,6e4fa38d-b50c-4967-acef-2d1f5d404e5e,Kauthar Butler,4,,good,0,27.0.03,2026-07-26T15:43:46,,
EA SPORTS FC Soccer Mobile 26,com.ea.gp.fifamobile,Gaming,c8211ce8-8427-412f-87b2-fe4b6b0a9457,Mubarak Mubax,5,,best,0,27.0.03,2026-07-26T15:42:50,,
EA SPORTS FC Soccer Mobile 26,com.ea.gp.fifamobile,Gaming,e5aeb8b4-5569-46e4-8cad-d23cf094f624,Hong Zhi Yang,5,,good game,0,27.0.03,2026-07-26T15:42:34,,
EA SPORTS FC Soccer Mobile 26,com.ea.gp.fifamobile,Gaming,ebc7fce1-cd9f-4567-ad4a-878381c38a70,JORDAN,3,,pure quality,0,27.0.03,2026-07-26T15:41:19,,
EA SPORTS FC Soccer Mobile 26,com.ea.gp.fifamobile,Gaming,66b1593c-ee3a-4cca-904f-1d418167a4b6,Yaman Rumba,5,,nice game,0,,2026-07-26T15:41:00,,
EA SPORTS FC Soccer Mobile 26,com.ea.gp.fifamobile,Gaming,addab9fc-7978-4625-86be-5a7779af4367,Lakshya Tiwari,5,,wow amazing 🤩||game i don't think that the game is this realistic I love playing this game it is a multi-player game I mean you can do 1v1 with your friends 😀,0,27.0.03,2026-07-26T15:39:58,,
EA SPORTS FC Soccer Mobile 26,com.ea.gp.fifamobile,Gaming,b66e537c-fcc3-4e91-a6bb-cf604c079252,Rohit Mollah,5,,nice game,0,27.0.03,2026-07-26T15:39:46,,
EA SPORTS FC Soccer Mobile 26,com.ea.gp.fifamobile,Gaming,e8fdc1c9-bcd9-4b05-b68f-5b3f46769fbd,Shruti Parab,5,,nice,0,27.0.03,2026-07-26T15:39:38,,
EA SPORTS FC Soccer Mobile 26,com.ea.gp.fifamobile,Gaming,31e33bd8-5122-48c7-91f5-b4ef0c63a189,Elizabeth Lizzy,5,,wowwwwwwww,0,27.0.03,2026-07-26T15:37:19,,
EA SPORTS FC Soccer Mobile 26,com.ea.gp.fifamobile,Gaming,20624e7d-acd5-4104-84c6-b78365d700ee,Okila Charles,5,,nice,0,27.0.03,2026-07-26T15:33:48,,
EA SPORTS FC Soccer Mobile 26,com.ea.gp.fifamobile,Gaming,8742010e-927c-43b5-beb4-c8768ed8beeb,Samanvay Chowdhary,3,,best game but graphics and players look is so poor,0,27.0.03,2026-07-26T15:33:21,,
EA SPORTS FC Soccer Mobile 26,com.ea.gp.fifamobile,Gaming,bce7ec31-f898-46aa-be7e-bb1055794d6a,Night Light,5,,good game,0,27.0.03,2026-07-26T15:33:13,,
EA SPORTS FC Soccer Mobile 26,com.ea.gp.fifamobile,Gaming,16c419e8-8f23-41d4-98d7-4caf8d3dd79a,Gabe Elly Yadao,5,,Very good. Who ever made this will win the next world cup,0,27.0.03,2026-07-26T15:32:23,,
EA SPORTS FC Soccer Mobile 26,com.ea.gp.fifamobile,Gaming,629feb97-098c-47f5-8183-d5ac86e53e77,Giovanni Mwamino,1,,bad,0,27.0.03,2026-07-26T15:32:00,,
EA SPORTS FC Soccer Mobile 26,com.ea.gp.fifamobile,Gaming,435e2967-1d6e-4658-b966-46766b960276,Savio Anto,5,,super,0,26.1.04,2026-07-26T15:31:17,,
EA SPORTS FC Soccer Mobile 26,com.ea.gp.fifamobile,Gaming,62fcdc20-0175-4762-b5d4-98554fcf4a12,Shahan Sen,5,,best game for football player 😎,0,27.0.03,2026-07-26T15:30:58,,
EA SPORTS FC Soccer Mobile 26,com.ea.gp.fifamobile,Gaming,0e2c4d2f-0013-44a3-81ed-1a33a432e458,Mary chao,1,,this game is the best,0,,2026-07-26T15:30:47,,
EA SPORTS FC Soccer Mobile 26,com.ea.gp.fifamobile,Gaming,eb417fd1-67b7-4a19-af27-aabcdd38a317,Rakesh Tiwari,5,,nice game I like to much than other,0,27.0.03,2026-07-26T15:30:28,,
EA SPORTS FC Soccer Mobile 26,com.ea.gp.fifamobile,Gaming,a58ed62d-e31b-4f0b-9e1f-8b231be2fa36,Rajesh Tondape,5,,good,0,27.0.03,2026-07-26T15:30:16,,
EA SPORTS FC Soccer Mobile 26,com.ea.gp.fifamobile,Gaming,e953e849-20ad-4caa-820d-fd1a520cf0e5,Afari David,5,,the game is great,0,27.0.03,2026-07-26T15:30:13,,
EA SPORTS FC Soccer Mobile 26,com.ea.gp.fifamobile,Gaming,294c5984-b0bc-4d30-8401-4a6531c9abf8,Divine Favour,5,,is good,0,,2026-07-26T15:29:48,,
EA SPORTS FC Soccer Mobile 26,com.ea.gp.fifamobile,Gaming,d602b365-699f-4161-90b8-40d49135f004,Mandar Janjalkar,5,,my favourite game in the world c.ronaldo,0,27.0.03,2026-07-26T15:29:35,,
EA SPORTS FC Soccer Mobile 26,com.ea.gp.fifamobile,Gaming,7fc3537a-7758-4295-b991-cc792afdbc15,Jhanzz yortan Bangayan,3,,bad match making I always pair with a stronger opponent l script,0,27.0.03,2026-07-26T15:29:20,,
EA SPORTS FC Soccer Mobile 26,com.ea.gp.fifamobile,Gaming,57088ac7-37d0-4ade-9a4c-be7164d80d1d,2B 39 Oitijhya Ghosh,5,,good,0,27.0.03,2026-07-26T15:28:23,,
EA SPORTS FC Soccer Mobile 26,com.ea.gp.fifamobile,Gaming,94eb7dee-c03f-4cc2-8174-a689269a82d8,Siyambuka Ngozi,2,,"unfair match making,if im going to play head 2 head I wanna play with the people in my rank,not fc champions",0,27.0.03,2026-07-26T15:27:39,,
EA SPORTS FC Soccer Mobile 26,com.ea.gp.fifamobile,Gaming,815a1829-ffca-4b90-b5d4-6747ca7c89fe,Ywuquq,5,,best football game I ever played in my life the shots and looks of the players are accurate and super realistic would definitely recommend love this game it'sy favorite game now,0,27.0.03,2026-07-26T15:27:33,,
EA SPORTS FC Soccer Mobile 26,com.ea.gp.fifamobile,Gaming,533e0353-fd54-4402-8a6e-fc5f333e5702,Poonam Veram,5,,thank you,0,27.0.03,2026-07-26T15:26:15,,
EA SPORTS FC Soccer Mobile 26,com.ea.gp.fifamobile,Gaming,bc546da3-56b7-4ad1-a482-9a84e72b8265,Ajith Joy,5,,i am ha🥳,0,27.0.03,2026-07-26T15:25:38,,
EA SPORTS FC Soccer Mobile 26,com.ea.gp.fifamobile,Gaming,24b537fc-2487-43b0-918e-89f22a10aba5,Rinu _s_m,5,,good game,0,27.0.03,2026-07-26T15:24:54,,
EA SPORTS FC Soccer Mobile 26,com.ea.gp.fifamobile,Gaming,895e520e-a033-4cef-8125-39a8c20e76b5,Sara Allouch,5,,good,0,27.0.03,2026-07-26T15:23:18,,
EA SPORTS FC Soccer Mobile 26,com.ea.gp.fifamobile,Gaming,c8efddf1-3a59-4190-8e97-94dceffeba60,Aayan Lama,5,,this game is very addictive I like this game at peak level,0,27.0.03,2026-07-26T15:22:15,,
EA SPORTS FC Soccer Mobile 26,com.ea.gp.fifamobile,Gaming,72163a7c-68c9-43c9-a40a-1d36ad91d874,Shanawaz Hossain,5,,very good game,0,27.0.03,2026-07-26T15:21:03,,
EA SPORTS FC Soccer Mobile 26,com.ea.gp.fifamobile,Gaming,b3f1d871-9e2e-4192-ad61-bf3ec5970be1,Chalet Sierra,5,,good game gg,0,27.0.03,2026-07-26T15:20:22,,
EA SPORTS FC Soccer Mobile 26,com.ea.gp.fifamobile,Gaming,a9cf1a24-bec7-4d63-ae1e-9ab4ba582970,Mou 2018,5,,this game is very good. I enjoyed very much,0,27.0.03,2026-07-26T15:20:03,,
EA SPORTS FC Soccer Mobile 26,com.ea.gp.fifamobile,Gaming,29aa7b39-6338-4010-9133-990a482b677e,Mo Alam,1,,hate it to lagged,0,,2026-07-26T15:18:32,,
EA SPORTS FC Soccer Mobile 26,com.ea.gp.fifamobile,Gaming,fc7c0951-31ef-432d-95d3-5f3aa1042747,Rajendra nayal,5,,it's fun,0,27.0.03,2026-07-26T15:17:32,,
EA SPORTS FC Soccer Mobile 26,com.ea.gp.fifamobile,Gaming,b4f2491a-a6cc-4c9e-b009-834453670da3,Radhika Singh,5,,... no words for this game 😶‍🌫️😵‍💫,0,18.0.04,2026-07-26T15:16:24,,
EA SPORTS FC Soccer Mobile 26,com.ea.gp.fifamobile,Gaming,a52c8ee3-36b1-4657-9389-9d5b18852e79,Lalsangliani Tetei,5,,fun,0,27.0.03,2026-07-26T15:16:11,,
EA SPORTS FC Soccer Mobile 26,com.ea.gp.fifamobile,Gaming,9dd6c586-868b-474a-ac52-c4a301e814c8,Mhalo Ezung,5,,nice,0,27.0.03,2026-07-26T15:15:13,,
EA SPORTS FC Soccer Mobile 26,com.ea.gp.fifamobile,Gaming,b5fc1cd9-dd20-423f-b786-1c34e1181d12,Krishna Tanti,5,,Nice game but it is taking more mb or gb,0,27.0.03,2026-07-26T15:13:06,,
EA SPORTS FC Soccer Mobile 26,com.ea.gp.fifamobile,Gaming,b033d5ff-9751-4787-b663-a4025b723bdd,Pintu Barman,5,,FC is very good Game,0,25.0.03,2026-07-26T15:12:32,,
EA SPORTS FC Soccer Mobile 26,com.ea.gp.fifamobile,Gaming,4586f66b-29b2-4db3-933c-d8ad43029b82,Hashim Abdu,5,,good,0,27.0.03,2026-07-26T15:12:03,,
EA SPORTS FC Soccer Mobile 26,com.ea.gp.fifamobile,Gaming,ecd008ec-4f2d-462e-845b-9ee3ee2c7441,Abdul Alim,5,,অনেক ভালো,0,27.0.03,2026-07-26T15:11:18,,
EA SPORTS FC Soccer Mobile 26,com.ea.gp.fifamobile,Gaming,c8c41c5d-319e-431c-8419-3966419aaa82,Raiyan Rowsin,5,,good,0,27.0.03,2026-07-26T15:10:26,,
EA SPORTS FC Soccer Mobile 26,com.ea.gp.fifamobile,Gaming,ec467ce6-e7ca-4cf8-847f-3052cc5ebc66,ANAND RAO,5,,very good game I have ever tried,0,,2026-07-26T15:09:10,,
EA SPORTS FC Soccer Mobile 26,com.ea.gp.fifamobile,Gaming,d4de178f-37b5-4a13-8f5e-56d741675ef3,ZHBHMOHAMAD,5,,I LOVE THIS GAME BECAUSE THIS GAME IS THE BEST FOOTBALL GAME IN THE WORLD,0,27.0.03,2026-07-26T15:07:44,,
EA SPORTS FC Soccer Mobile 26,com.ea.gp.fifamobile,Gaming,9ecf7ac4-3301-4c34-8cbf-a0903d58740b,Crosslin Thomas,5,,very interesting,0,27.0.03,2026-07-26T15:05:06,,
EA SPORTS FC Soccer Mobile 26,com.ea.gp.fifamobile,Gaming,fb8b544f-5b4c-48b3-9e96-d0e6b9dc840a,Oyintando Nkankula,5,,what is the controller,0,27.0.03,2026-07-26T15:04:55,,
EA SPORTS FC Soccer Mobile 26,com.ea.gp.fifamobile,Gaming,bde6e94c-361b-48ae-bf07-03edd24d5466,Emon Hasan Jr,5,,good,0,27.0.03,2026-07-26T15:04:04,,
EA SPORTS FC Soccer Mobile 26,com.ea.gp.fifamobile,Gaming,9044a4e0-0358-4b0f-bf56-707e2121d768,Isaiah Selepe,1,,Your game is shiit everything about it is just boring fix the packs for us f2p,3,27.0.03,2026-07-26T15:03:55,,
EA SPORTS FC Soccer Mobile 26,com.ea.gp.fifamobile,Gaming,9fc2ad1e-7893-4c8d-a986-3a24d1942b33,Abhijit Patil,5,,wow,0,27.0.03,2026-07-26T15:01:46,,
EA SPORTS FC Soccer Mobile 26,com.ea.gp.fifamobile,Gaming,f56ebcad-8459-41ae-b6a9-63189b3563bd,Jashwanth,5,,best game,0,,2026-07-26T15:01:31,,
EA SPORTS FC Soccer Mobile 26,com.ea.gp.fifamobile,Gaming,8db2490e-fc8f-461c-b8f4-aab71496043b,MUMTAJ Shaik,5,,good,0,27.0.03,2026-07-26T15:01:02,,
EA SPORTS FC Soccer Mobile 26,com.ea.gp.fifamobile,Gaming,cb32c1cd-328f-4fcc-8d18-21e8d40ebb8f,Samuel,5,,it's okay,0,27.0.03,2026-07-26T15:00:58,,
EA SPORTS FC Soccer Mobile 26,com.ea.gp.fifamobile,Gaming,3f9eceef-e6ed-4085-a9ad-adfd48bf4c2a,Saraswati Khadka,5,,nice,0,27.0.03,2026-07-26T15:00:48,,
EA SPORTS FC Soccer Mobile 26,com.ea.gp.fifamobile,Gaming,92f095a3-998f-496e-bd43-64aa1e3e57d8,C Monteith,3,,Love it the only problem is if you a beginner it takes ages to log in and you can bronze cards so if you want to try they si no point of login in. 3 stars,0,27.0.03,2026-07-26T14:59:47,,
EA SPORTS FC Soccer Mobile 26,com.ea.gp.fifamobile,Gaming,0ed98af3-af62-4814-bc63-71ccfe65b883,vishwa prakash,5,,best football game,0,,2026-07-26T14:52:56,,
EA SPORTS FC Soccer Mobile 26,com.ea.gp.fifamobile,Gaming,f4f15f25-ec76-422f-ab53-706e0f2e10f7,Harpreet Singh,5,,messi,0,27.0.03,2026-07-26T14:52:44,,
EA SPORTS FC Soccer Mobile 26,com.ea.gp.fifamobile,Gaming,ed3e0b14-4f7b-4787-a21c-4184f3b605fa,amarshingh pawar,5,,good,0,27.0.03,2026-07-26T14:52:08,,
EA SPORTS FC Soccer Mobile 26,com.ea.gp.fifamobile,Gaming,e21db0ec-055b-4a7c-8cac-04f8bc1a1730,Samuel George,3,,Improve Doue face and graphics,0,27.0.03,2026-07-26T14:51:17,,
EA SPORTS FC Soccer Mobile 26,com.ea.gp.fifamobile,Gaming,59bf07cb-fb71-4543-9945-2842a2e6e3ec,Haris Butt,5,,buy Adam Wharton conference league card he is best,0,27.0.03,2026-07-26T14:51:13,,
EA SPORTS FC Soccer Mobile 26,com.ea.gp.fifamobile,Gaming,5d5457c0-608e-4a52-b508-de68f84a2c1f,BU KS Q.O,4,,good game,0,27.0.03,2026-07-26T14:48:21,,
EA SPORTS FC Soccer Mobile 26,com.ea.gp.fifamobile,Gaming,fea6108b-cdca-4393-b744-de4f120c1eff,Rohaid Rs,5,,good game,0,27.0.03,2026-07-26T14:47:37,,
EA SPORTS FC Soccer Mobile 26,com.ea.gp.fifamobile,Gaming,2f4fbc6b-84ec-427d-9436-e832e9796e4d,Clara Chola,3,,improve on the defensive and goalkeeper s abilities to prevent easy goals,0,27.0.03,2026-07-26T14:47:29,,
EA SPORTS FC Soccer Mobile 26,com.ea.gp.fifamobile,Gaming,d719aaad-48b1-4b41-a35f-7e4e267d0d4c,Mohammad Arifur Rahman,5,,I love this game,0,27.0.03,2026-07-26T14:46:22,,
EA SPORTS FC Soccer Mobile 26,com.ea.gp.fifamobile,Gaming,f545f355-c49d-4831-9468-942a3bd963a8,Lakshya Mishra,1,,this is a really ragebaiting game no sense I terms of physics spammers just get a chance to win only.,0,,2026-07-26T14:45:45,,
EA SPORTS FC Soccer Mobile 26,com.ea.gp.fifamobile,Gaming,b4c51c12-8a5d-4447-8253-50ce2bc6afd9,Liqhawe Mphumaphi,5,,everything one should try this game,0,27.0.03,2026-07-26T14:45:37,,
EA SPORTS FC Soccer Mobile 26,com.ea.gp.fifamobile,Gaming,36043bd5-c679-46b5-9164-3c4776e178ae,Leo x Alex,5,,🔥🔥,0,27.0.03,2026-07-26T14:45:16,,
EA SPORTS FC Soccer Mobile 26,com.ea.gp.fifamobile,Gaming,864ca91d-97f6-432f-b0f0-74308b633416,sam ensinada,5,,hell yeah this game is not ptw,0,,2026-07-26T14:42:30,,
EA SPORTS FC Soccer Mobile 26,com.ea.gp.fifamobile,Gaming,a7ee51eb-7c3f-40cf-a47b-51f816056c7e,Xiao Yu,3,,this is cool football player,0,,2026-07-26T14:42:05,,
EA SPORTS FC Soccer Mobile 26,com.ea.gp.fifamobile,Gaming,05cfd06b-a08c-4a00-9ef9-6406020024e1,Raizen angelo Karunungan,4,,great game but make the ai aggressive that would literally do anything just the enemy couldn't goal,0,27.0.03,2026-07-26T14:38:37,,
EA SPORTS FC Soccer Mobile 26,com.ea.gp.fifamobile,Gaming,3ed51007-3e2d-4cd4-9c18-330976d9b13d,Hema Jaigadi,5,,best fifa game best quality,0,27.0.03,2026-07-26T14:38:32,,
EA SPORTS FC Soccer Mobile 26,com.ea.gp.fifamobile,Gaming,c1321aba-f91f-436c-8cef-e21755651702,Leonorah Samaz,5,,best,0,27.0.03,2026-07-26T14:35:53,,
EA SPORTS FC Soccer Mobile 26,com.ea.gp.fifamobile,Gaming,3d13c6d4-6ead-4aa0-8c03-9cfa824811b5,M M Golam Hasinan Prince,5,,very gret,0,27.0.03,2026-07-26T14:35:11,,
EA SPORTS FC Soccer Mobile 26,com.ea.gp.fifamobile,Gaming,e4e6e88e-060f-49b4-b075-534222d9d6f3,Mohamed Elhassan,3,,"In game it says my internet is 43ms but when I play division rivals it says connection lost and kicks me out of the match , really need to fix it",0,27.0.03,2026-07-26T14:34:13,,
EA SPORTS FC Soccer Mobile 26,com.ea.gp.fifamobile,Gaming,d5c8c70e-291b-4ce6-9ef1-d8edf3af43a8,Madara Uchiha,4,,do graphics better,0,27.0.03,2026-07-26T14:33:54,,
EA SPORTS FC Soccer Mobile 26,com.ea.gp.fifamobile,Gaming,cb610d4c-2aff-493e-bcf7-66fecc955d0d,Dx Vai,1,,nice,0,27.0.03,2026-07-26T14:32:21,,
EA SPORTS FC Soccer Mobile 26,com.ea.gp.fifamobile,Gaming,0108e9cb-27c1-4789-a02c-e9917f55fafb,F4dRi,5,,This is so good football game!!,0,27.0.03,2026-07-26T14:31:08,,
EA SPORTS FC Soccer Mobile 26,com.ea.gp.fifamobile,Gaming,0e66b256-21ba-4f99-b54f-216f4d43ade7,Avinash gayakwad,5,,world best game in football yaaaaaaa NEYMAR 🇧🇷,0,27.0.03,2026-07-26T14:30:10,,
EA SPORTS FC Soccer Mobile 26,com.ea.gp.fifamobile,Gaming,c0b20870-eda8-4fc7-9a03-521150f6fb59,Dev Anoop,2,,I am sorry because your game is not like I have 10/10 network but your game is glitching soo much say it how like I need a compensation my username is DANGERBOYZ,0,,2026-07-26T14:29:59,,
EA SPORTS FC Soccer Mobile 26,com.ea.gp.fifamobile,Gaming,be33d5ee-b09e-4712-8094-898a42b27907,Anns Dar,5,,I just love this game,0,27.0.03,2026-07-26T14:29:45,,
EA SPORTS FC Soccer Mobile 26,com.ea.gp.fifamobile,Gaming,027750ac-f7f0-4e5f-b6eb-fde80a2f0676,Dontown San,5,,Best Football Mobile Game Ever made,0,,2026-07-26T14:29:12,,
EA SPORTS FC Soccer Mobile 26,com.ea.gp.fifamobile,Gaming,818cec02-217b-40f3-a970-96b998629be8,Shema Sathik,5,,yooh superb,0,27.0.03,2026-07-26T14:25:57,,
EA SPORTS FC Soccer Mobile 26,com.ea.gp.fifamobile,Gaming,2d124eda-c523-470d-bf82-3f3f996f9d60,GovArdhan “Magicmush”,5,,interesting,0,27.0.03,2026-07-26T14:25:20,,
EA SPORTS FC Soccer Mobile 26,com.ea.gp.fifamobile,Gaming,dc1194c5-1e51-43a1-bf87-b47062c7afb1,Lunga Brian Muthwa,4,,good game,0,27.0.03,2026-07-26T14:24:36,,
EA SPORTS FC Soccer Mobile 26,com.ea.gp.fifamobile,Gaming,0ffc9234-6db3-4853-9d9b-35877bf75a6e,Pream Gurjar,5,,best,0,27.0.03,2026-07-26T14:23:20,,
EA SPORTS FC Soccer Mobile 26,com.ea.gp.fifamobile,Gaming,98431c71-892b-4340-966d-eee27643d461,Kimi Wani,5,,good games,0,,2026-07-26T14:21:51,,
EA SPORTS FC Soccer Mobile 26,com.ea.gp.fifamobile,Gaming,a86fbaaf-b069-4014-bbe0-886bd41f053c,Sk Rofick,3,,Because we have to buy power ful things with money,0,27.0.03,2026-07-26T14:18:46,,
EA SPORTS FC Soccer Mobile 26,com.ea.gp.fifamobile,Gaming,b7ba829f-979b-469e-a404-76e9f462119b,Dhruv Bohra,5,,nice gane,0,27.0.03,2026-07-26T14:18:14,,
EA SPORTS FC Soccer Mobile 26,com.ea.gp.fifamobile,Gaming,85010fda-d2f9-44a1-ac6c-429e26f1a71f,Kayden Diederichs,4,,Good game,0,27.0.03,2026-07-26T14:18:06,,
EA SPORTS FC Soccer Mobile 26,com.ea.gp.fifamobile,Gaming,d9d5d060-e2f5-4b2f-81e4-cff61b2f9632,Pooja Tangri,3,,it's not bad but very pay to win,0,27.0.03,2026-07-26T14:16:46,,
EA SPORTS FC Soccer Mobile 26,com.ea.gp.fifamobile,Gaming,938b7f6e-d386-4776-a5a8-c47676a119d4,Ryan Oliver Akeri,5,,enjoying a great game,0,27.0.03,2026-07-26T14:12:32,,
EA SPORTS FC Soccer Mobile 26,com.ea.gp.fifamobile,Gaming,33f70f1c-8b41-46f3-b8e6-cfe3bed73d20,Kieth Nyakudya,5,,my experience playing fc mobile is absolutely wonderful 😊 there is a few bugs but I enjoy it 😀 and I hope many more players can enjoy this wonderful game,0,27.0.03,2026-07-26T14:10:16,,
EA SPORTS FC Soccer Mobile 26,com.ea.gp.fifamobile,Gaming,5c98e359-7ace-40e7-9402-3cd6871707dd,muhammad abbas,5,,very very good game I like this game,0,27.0.03,2026-07-26T14:09:19,,
EA SPORTS FC Soccer Mobile 26,com.ea.gp.fifamobile,Gaming,a9dc077e-21e7-4f5a-ad2e-ce559387514f,piyali chatterjee,1,,the recent update gave us playstyles . It is so unfair what do u mean some having finesse expert can shoot from near the corner flag and it will still hit top bins. Needs to be fixed ASAP,0,27.0.03,2026-07-26T14:08:27,,
EA SPORTS FC Soccer Mobile 26,com.ea.gp.fifamobile,Gaming,6be727c1-b6ed-4c8b-936a-d87df6bee90f,Nand Dubey,5,,This game is very good but please make it a little more f2p friendly thank you,0,27.0.03,2026-07-26T14:06:41,,
EA SPORTS FC Soccer Mobile 26,com.ea.gp.fifamobile,Gaming,649a9f4e-50a8-4aad-8809-a5495db50d4a,Akshay A,5,,super,0,,2026-07-26T14:06:21,,
EA SPORTS FC Soccer Mobile 26,com.ea.gp.fifamobile,Gaming,d2d4d305-7697-4790-8524-41adbb9149d5,Ahmad Sabri,5,,I like is a word cup,0,27.0.03,2026-07-26T14:05:31,,
EA SPORTS FC Soccer Mobile 26,com.ea.gp.fifamobile,Gaming,f6eb23bd-7f0f-4182-9739-8f09c7297c2b,Mir Saqib,5,,love,0,27.0.03,2026-07-26T14:05:13,,
EA SPORTS FC Soccer Mobile 26,com.ea.gp.fifamobile,Gaming,d2fbe83d-8bd7-4a26-93d6-91f745505ea6,Mahesh Saini,1,,very very bad game it's chaet with some player because my team ovr is 121 and my opponent ovr is 119 my great chance is high but my opponent have many great chance in this match i received only 3 -4 great chance only very baad game 💩💩💩.',0,27.0.03,2026-07-26T14:05:05,,
EA SPORTS FC Soccer Mobile 26,com.ea.gp.fifamobile,Gaming,1bdc0062-2f67-45a1-890f-4a5229cdc056,Amsyar Adha,1,,he bola terbabi di dunia,0,,2026-07-26T14:04:58,,
EA SPORTS FC Soccer Mobile 26,com.ea.gp.fifamobile,Gaming,f958eb7b-4ffd-4ff9-b4fd-e037fd39090f,Dominic P D,5,,superb,0,27.0.03,2026-07-26T14:02:43,,
EA SPORTS FC Soccer Mobile 26,com.ea.gp.fifamobile,Gaming,b9d82a9b-0c2d-4787-9f5c-a6d07ebd4470,Aizan Ahmed Ali,5,,so good,0,27.0.03,2026-07-26T14:02:31,,
EA SPORTS FC Soccer Mobile 26,com.ea.gp.fifamobile,Gaming,e1686d19-5572-4a8d-967f-3016dd5fd498,Arfin Popo,5,,just beautiful,0,27.0.03,2026-07-26T14:00:00,,
EA SPORTS FC Soccer Mobile 26,com.ea.gp.fifamobile,Gaming,14d23fa6-de8c-4e23-873e-0483aeb01550,Sameeksha YADAV,4,,good,1,27.0.03,2026-07-26T13:59:56,,
EA SPORTS FC Soccer Mobile 26,com.ea.gp.fifamobile,Gaming,0c3a7790-e7f0-4e2e-bb7a-4d415bcf3625,Appu Jadhav,5,,Nice,0,,2026-07-26T13:59:43,,
EA SPORTS FC Soccer Mobile 26,com.ea.gp.fifamobile,Gaming,e5b6b821-186b-4bfc-8788-3d73211aaab7,Md Zahin,4,,Properly the best Football Mobile game Mechanics everything is good but I wanna complain about the faces and GK performance And abilitys 1(GK performance):So Everyone Knows how good Goalkeepers perfor,0,27.0.03,2026-07-26T13:58:35,,
EA SPORTS FC Soccer Mobile 26,com.ea.gp.fifamobile,Gaming,ca1e1e76-8b2e-434e-abab-397a10c3a9f1,Sabarish Kutty,5,,best game,0,27.0.03,2026-07-26T13:57:13,,
EA SPORTS FC Soccer Mobile 26,com.ea.gp.fifamobile,Gaming,eb1a7f3a-2017-476b-97cc-3b66a468b166,Shyamali,5,,thank you for a realistic game,0,27.0.03,2026-07-26T13:56:52,,
EA SPORTS FC Soccer Mobile 26,com.ea.gp.fifamobile,Gaming,6d5a4238-49c0-4672-bf67-ab24cd94abfd,James Maarifa,5,,the game is really good I like it,0,27.0.03,2026-07-26T13:55:50,,
EA SPORTS FC Soccer Mobile 26,com.ea.gp.fifamobile,Gaming,4018b5db-faf9-4a08-9f25-be0bd56d70e1,Lalrin Sangi,4,,so fun I'm not gonna lie and give us experience,0,27.0.03,2026-07-26T13:55:22,,
EA SPORTS FC Soccer Mobile 26,com.ea.gp.fifamobile,Gaming,4ed56ded-750f-4bb7-b44d-469131738874,Amaan Imtiyaz,5,,That is a very good game,0,27.0.03,2026-07-26T13:54:44,,
EA SPORTS FC Soccer Mobile 26,com.ea.gp.fifamobile,Gaming,8a7e98b7-c34e-40ae-ac11-f8315d503bcd,Rania Khan,5,,nice game,0,27.0.03,2026-07-26T13:54:02,,
EA SPORTS FC Soccer Mobile 26,com.ea.gp.fifamobile,Gaming,a36884c5-0140-4dc1-a290-42f79106321f,Rinchen Wangmo,5,,it's great,0,27.0.03,2026-07-26T13:52:49,,
EA SPORTS FC Soccer Mobile 26,com.ea.gp.fifamobile,Gaming,f9f90cb2-3461-4be9-a57c-b6aa742d63b0,ZYAN Ali,3,,Not a honest game,0,,2026-07-26T13:51:49,,
EA SPORTS FC Soccer Mobile 26,com.ea.gp.fifamobile,Gaming,a7c9dcd8-c640-42ec-82f8-abcd91b458ab,Deniraj Matilda,5,,amazing experience,0,27.0.03,2026-07-26T13:51:00,,
EA SPORTS FC Soccer Mobile 26,com.ea.gp.fifamobile,Gaming,c0c86cb2-d281-45f4-80b0-5e4a4011bce5,Clement Ndungu,5,,the best,0,27.0.03,2026-07-26T13:48:39,,
EA SPORTS FC Soccer Mobile 26,com.ea.gp.fifamobile,Gaming,88420bed-e028-48b6-a722-75e16f68c033,Razeqmikail Razeeq,5,,I love it,0,,2026-07-26T13:48:36,,
EA SPORTS FC Soccer Mobile 26,com.ea.gp.fifamobile,Gaming,ab73eefd-21f5-4c2e-b88e-b91e85e886f8,Arya Kumar,4,,it's good if you like soccor,0,27.0.03,2026-07-26T13:46:43,,
EA SPORTS FC Soccer Mobile 26,com.ea.gp.fifamobile,Gaming,4ff43af4-3f6f-48e8-aa74-7f882f473b6b,Suresh S,5,,nice,0,,2026-07-26T13:42:23,,
EA SPORTS FC Soccer Mobile 26,com.ea.gp.fifamobile,Gaming,aad27450-88e7-4033-982f-f5dbb4b0dd86,manish kumar,5,,best,0,27.0.03,2026-07-26T13:42:00,,
EA SPORTS FC Soccer Mobile 26,com.ea.gp.fifamobile,Gaming,eb49b47f-bed8-4527-83ec-0f7762e8632d,Rajib Ali,5,,the game was mind blowing and I play this game every day 6hours and the game was so smooth the players are so amazing but sometimes I have suffered downfall,0,27.0.03,2026-07-26T13:40:29,,
EA SPORTS FC Soccer Mobile 26,com.ea.gp.fifamobile,Gaming,69945a75-dccd-4b82-8682-df2931f5094a,Geethi mol S,5,,ok,0,27.0.03,2026-07-26T13:39:17,,
EA SPORTS FC Soccer Mobile 26,com.ea.gp.fifamobile,Gaming,c78a1e28-5227-4e53-b1d5-ba57cf455903,FAHAAM HASHMI,2,,bahut hi bekar game hai agar kisi ke andar patience nahin Hai to bilkul is game ko TRy na Karen kyunki yah unfair aur bekar game hai isase bekar game shayad hi Maine Aaj Tak khela hoga kyunki ismein bahut sari kamiyan Hai iski kinetics bahut hi bekar Hai player ke pass do player ek Khade rahte Hain to Ball ki taraf daudta hai na kuchh pass do to bol receive nahin karta hai kya hi ghatiya game mana kar rakha hua Hai logon Ne Koi offline game khelo,0,27.0.03,2026-07-26T13:39:04,,
EA SPORTS FC Soccer Mobile 26,com.ea.gp.fifamobile,Gaming,33cd6d0a-6e47-4e8f-8059-bf9cd2e780dd,laksmen uvarajan,5,,best game,0,27.0.03,2026-07-26T13:37:40,,
EA SPORTS FC Soccer Mobile 26,com.ea.gp.fifamobile,Gaming,883c2faf-e46d-452d-87c2-44c3c61ca076,Sujon Roy,5,,good,0,27.0.03,2026-07-26T13:37:22,,
EA SPORTS FC Soccer Mobile 26,com.ea.gp.fifamobile,Gaming,39a9de23-e5c8-4b44-9611-aa24fba85491,KHYRVANN LLENA (Keruban),1,,useless characters,0,,2026-07-26T13:34:59,,
EA SPORTS FC Soccer Mobile 26,com.ea.gp.fifamobile,Gaming,f95ab952-cf67-44d6-b087-db8bef59381c,Mohmedmasud Patel,1,,Toty is broken,0,27.0.03,2026-07-26T13:34:37,,
EA SPORTS FC Soccer Mobile 26,com.ea.gp.fifamobile,Gaming,0fbb717f-bee3-4786-b08d-12c579ee61b6,Mpilo Bele,5,,better than efootball,0,27.0.03,2026-07-26T13:34:20,,
EA SPORTS FC Soccer Mobile 26,com.ea.gp.fifamobile,Gaming,9a340219-fb47-43d1-a432-277a8ea46e21,Aditya Patil,5,,best game for football fans,0,27.0.03,2026-07-26T13:32:52,,
EA SPORTS FC Soccer Mobile 26,com.ea.gp.fifamobile,Gaming,4a16b480-e193-4b5b-a7f5-f6bc831e96e8,Megha Singh,1,,"it,s an very bad game e football is better than this",0,27.0.03,2026-07-26T13:32:47,,
EA SPORTS FC Soccer Mobile 26,com.ea.gp.fifamobile,Gaming,cffd6e5c-9eb3-451d-a1c7-e917e9c68d28,Oscar Witek,5,,great game in all honesty and EA does put quite a lot of effort into QoL for the game. The live multiplayer is awesome and it's got a wide variety of players from different countries especially with the world's game update. Something missing is rank up swapping or refunding.,0,27.0.03,2026-07-26T13:32:36,,
EA SPORTS FC Soccer Mobile 26,com.ea.gp.fifamobile,Gaming,6e9bc1b0-435a-4a0b-9792-c1d06040b598,Anas Khalil,1,,لعبه زباله,0,27.0.03,2026-07-26T13:31:30,,
EA SPORTS FC Soccer Mobile 26,com.ea.gp.fifamobile,Gaming,ad515497-c038-422b-810f-a8a2cce453e1,Suman Biswas,5,,nice,0,27.0.03,2026-07-26T13:25:47,,
EA SPORTS FC Soccer Mobile 26,com.ea.gp.fifamobile,Gaming,e01f9e28-1d3b-4d74-bc9d-b3ea13d4e230,Arsal Naveed,5,,so good,0,27.0.03,2026-07-26T13:25:42,,
EA SPORTS FC Soccer Mobile 26,com.ea.gp.fifamobile,Gaming,5ee00c99-3762-460b-9582-223db74e95fd,Kantilal Modi,1,,goal keeper defend the game is noob🙂,0,27.0.03,2026-07-26T13:25:15,,
EA SPORTS FC Soccer Mobile 26,com.ea.gp.fifamobile,Gaming,9f2edf5e-a205-404a-a05c-0d6a6c42e779,Sonia Vaid,5,,ronaldo is 32 defeding power why,0,27.0.03,2026-07-26T13:25:03,,
EA SPORTS FC Soccer Mobile 26,com.ea.gp.fifamobile,Gaming,9058878b-cada-4af8-ac33-cff73110e422,Lalngaihawmi Ralte,5,,very good,0,27.0.03,2026-07-26T13:24:30,,
EA SPORTS FC Soccer Mobile 26,com.ea.gp.fifamobile,Gaming,156678d3-5c3c-40ab-b646-42f7db3b0daf,Stanley Omunye,5,,good game,0,,2026-07-26T13:24:24,,
EA SPORTS FC Soccer Mobile 26,com.ea.gp.fifamobile,Gaming,dbfe98a2-9648-4e4a-a90e-62c88861b24f,Olga Joaquin,5,,this was so fun,0,27.0.03,2026-07-26T13:23:03,,
EA SPORTS FC Soccer Mobile 26,com.ea.gp.fifamobile,Gaming,943508b8-08d4-4e1c-b16b-7e2cf69977f6,sudha gupta,5,,so goated game,0,27.0.03,2026-07-26T13:22:19,,
EA SPORTS FC Soccer Mobile 26,com.ea.gp.fifamobile,Gaming,74a2cef3-afb5-427c-bba6-8d4fc8f710f9,Barra Arziki,3,,the game is pretty fun but there's a lot of bugs like when i was playing it randomly pass the automatic player was not on pls ea fix the bugs,0,27.0.03,2026-07-26T13:22:10,,
EA SPORTS FC Soccer Mobile 26,com.ea.gp.fifamobile,Gaming,eb12e473-d607-40d2-a33f-b8c5fdce60c9,Pritam Chile,1,,my first experience good but very much adds and tutorial is very much big so sorry bye,0,,2026-07-26T13:22:08,,
EA SPORTS FC Soccer Mobile 26,com.ea.gp.fifamobile,Gaming,9efbb08b-b30a-43ca-b031-07fba3a5269c,Md:sadia Kk164,5,,nice 👍,0,,2026-07-26T13:21:04,,
EA SPORTS FC Soccer Mobile 26,com.ea.gp.fifamobile,Gaming,d298e775-dc95-40ee-a408-8598c656d9d4,Darpan pokhrel,5,,Best game sui,0,,2026-07-26T13:15:48,,
EA SPORTS FC Soccer Mobile 26,com.ea.gp.fifamobile,Gaming,a728dbf8-25a2-4f5e-bd33-61c7618a0ac1,Taha,5,,Acha hai,0,27.0.03,2026-07-26T13:14:24,,
EA SPORTS FC Soccer Mobile 26,com.ea.gp.fifamobile,Gaming,b9a8183f-b772-498a-8e02-0c8974128f7f,Azad Summer,5,,good game,0,27.0.03,2026-07-26T13:14:08,,
EA SPORTS FC Soccer Mobile 26,com.ea.gp.fifamobile,Gaming,571b16d2-9491-4a84-8d58-c5aced2db12e,Francis Georgie,5,,very nice,0,27.0.03,2026-07-26T13:14:03,,
EA SPORTS FC Soccer Mobile 26,com.ea.gp.fifamobile,Gaming,0aac162a-df55-43f3-90d8-5e0509a19255,Nuradilah Azhari,5,,this game is no1 for me,0,27.0.03,2026-07-26T13:10:06,,
EA SPORTS FC Soccer Mobile 26,com.ea.gp.fifamobile,Gaming,89c71be6-e72d-40b5-beda-7d4cbd589c5f,Tuhin Nath,3,,everythung is quite good until this. I have a really good Internet thigh still there is a glitch where literally when I play H2H it shows disconnect due to bad network i don't understand is this only me?,2,27.0.03,2026-07-26T13:09:11,,
EA SPORTS FC Soccer Mobile 26,com.ea.gp.fifamobile,Gaming,7d76c52d-0075-4de5-bea3-ae025d1ae322,Kelera Serelini,5,,nice game to be honest,0,27.0.03,2026-07-26T13:08:43,,
EA SPORTS FC Soccer Mobile 26,com.ea.gp.fifamobile,Gaming,aeb4505d-396c-424b-bce0-d8caa9890720,Rhythm Rhythm,5,,it very nice game,0,27.0.03,2026-07-26T13:08:25,,
EA SPORTS FC Soccer Mobile 26,com.ea.gp.fifamobile,Gaming,64bdd823-51c5-4d45-be83-1440fc9cfac7,Ujan Saha Class-1 Sec-C Roll-33,4,,very good game,0,27.0.03,2026-07-26T13:06:45,,
EA SPORTS FC Soccer Mobile 26,com.ea.gp.fifamobile,Gaming,7350e4f9-b2ef-47a4-981a-a89f4e46f0b7,Arnav Srivastava,5,,best,0,27.0.03,2026-07-26T13:04:29,,
EA SPORTS FC Soccer Mobile 26,com.ea.gp.fifamobile,Gaming,fc8d0ef0-78e4-4304-b7de-48a9084a4855,Ruby Pandey,4,,good,0,27.0.03,2026-07-26T13:02:51,,
EA SPORTS FC Soccer Mobile 26,com.ea.gp.fifamobile,Gaming,76504bb9-1112-417c-94bd-311224bfe16b,Wangom,5,,good experience ever find,0,27.0.03,2026-07-26T13:02:47,,
EA SPORTS FC Soccer Mobile 26,com.ea.gp.fifamobile,Gaming,d6be512c-e1ea-4a8b-9f50-61723021399c,Gregory Ekidem,5,,great game play,0,27.0.03,2026-07-26T12:56:04,,
EA SPORTS FC Soccer Mobile 26,com.ea.gp.fifamobile,Gaming,a25ee30c-ac5b-4d3c-9d60-ab3138607a78,Aka Bindiinin,1,,"The game feels unfair and frustrating. My players often become slow and unresponsive, make unnecessary mistakes, and leave gaps in defense, allowing lower-rated opponents to win easily. I expected higher player ratings to improve performance, but sometimes the opposite seems to happen. The developers should review the gameplay, matchmaking, and balancing system to ensure matches are decided by skill and fair gameplay rather than unexplained player sluggishness or artificial advantages. The game",0,27.0.03,2026-07-26T12:54:14,,
EA SPORTS FC Soccer Mobile 26,com.ea.gp.fifamobile,Gaming,cc83b0ad-6e13-4ba0-b9ef-de6de1eb61b4,Ronita Devi,1,,ita a game of garbage made of ngl so gltiches,0,,2026-07-26T12:52:16,,
EA SPORTS FC Soccer Mobile 26,com.ea.gp.fifamobile,Gaming,6ef1fc18-520b-42c1-ac98-03e35a3754f3,Renee Johnson (Jayden),1,,all of EAs games are so rigged. i hate this game,0,,2026-07-26T12:49:50,,
EA SPORTS FC Soccer Mobile 26,com.ea.gp.fifamobile,Gaming,c2198a7d-1bef-4360-ae4d-dbbae2e09e98,Biplab Majumdar,5,,very good game,0,27.0.03,2026-07-26T12:48:49,,
EA SPORTS FC Soccer Mobile 26,com.ea.gp.fifamobile,Gaming,530753e7-8f90-4ee7-a327-8509c6eff56d,Sizwe Mthethwa,5,,awesome gameplay,0,27.0.03,2026-07-26T12:48:13,,
EA SPORTS FC Soccer Mobile 26,com.ea.gp.fifamobile,Gaming,3b5d261c-58bf-4efd-b5e7-80c729d7726d,سهراب صدیقی,5,,عالی,0,27.0.03,2026-07-26T12:47:43,,
EA SPORTS FC Soccer Mobile 26,com.ea.gp.fifamobile,Gaming,ca34ce6c-9847-421f-86d7-7a12b05664af,Vikas Verma,3,,matchmaking sucks,0,27.0.03,2026-07-26T12:46:12,,
EA SPORTS FC Soccer Mobile 26,com.ea.gp.fifamobile,Gaming,4d5f38b9-6dba-40d7-8557-d75d26da41fe,Rynie Rynie_HR,4,,its cool,0,27.0.03,2026-07-26T12:46:08,,
EA SPORTS FC Soccer Mobile 26,com.ea.gp.fifamobile,Gaming,467abbf0-34b6-4dd8-9243-9f1bcd25a8b3,PAEDIATRICS FAAMCH,5,,world most best game.,0,27.0.03,2026-07-26T12:45:49,,
EA SPORTS FC Soccer Mobile 26,com.ea.gp.fifamobile,Gaming,c989e5ad-da28-43b5-b0fc-135fc6e3ce16,Sheela Shinde,2,,the refre does not give foul to others,0,27.0.03,2026-07-26T12:44:33,,
EA SPORTS FC Soccer Mobile 26,com.ea.gp.fifamobile,Gaming,335faa50-ffb8-4140-94eb-d59fc3649806,Sharmistha Saha,5,,The Best Football Game Ever. E-Football is nothing Beside It There are some bugs which if EA Sports fix. FC Mobile will be a better game. There are p2w people but f2p people too,0,27.0.03,2026-07-26T12:44:33,,
EA SPORTS FC Soccer Mobile 26,com.ea.gp.fifamobile,Gaming,37499d73-8ee2-4384-9db7-ec9b5a91131b,Hasina Hazarika,5,,👍🏻 👍🏻 👍🏻 👍🏻 👍🏻,0,27.0.03,2026-07-26T12:42:56,,
EA SPORTS FC Soccer Mobile 26,com.ea.gp.fifamobile,Gaming,d85c59e0-1ff2-4807-98e6-e36d3207ed6d,SUJATA Sarkar,2,,"in every 2 days this game showing ""retry unable to process the configaration build"" please fix this problem",0,27.0.03,2026-07-26T12:41:34,,
EA SPORTS FC Soccer Mobile 26,com.ea.gp.fifamobile,Gaming,e09253c2-b996-4f64-9767-d587be21f982,Maheswari Murugaperumal,5,,clearity and experience,0,,2026-07-26T12:40:22,,
EA SPORTS FC Soccer Mobile 26,com.ea.gp.fifamobile,Gaming,1ce65224-ef5c-4547-8b21-9349b8998263,MARTIN CHITENJE,5,,good,0,27.0.03,2026-07-26T12:36:11,,
EA SPORTS FC Soccer Mobile 26,com.ea.gp.fifamobile,Gaming,e199ad5c-dc0c-4acd-b0e2-8ac48ed7fa40,Sumitra srinivas,5,,good.,0,27.0.03,2026-07-26T12:35:52,,
EA SPORTS FC Soccer Mobile 26,com.ea.gp.fifamobile,Gaming,b3fb43bf-cd81-4ab3-bce9-fd78e28e4526,Mpofu Dylan Lwazi,5,,really good for mobile,0,27.0.03,2026-07-26T12:35:32,,
EA SPORTS FC Soccer Mobile 26,com.ea.gp.fifamobile,Gaming,5875d33e-c560-4827-9481-9afd09a5d1ee,N Longkan,1,,this game is dead that's it mc eafc developers,0,27.0.03,2026-07-26T12:33:34,,
EA SPORTS FC Soccer Mobile 26,com.ea.gp.fifamobile,Gaming,e8cb47a9-27c3-4555-bc6c-75c808f91ed5,Tejal Patel,5,,This is good..,0,,2026-07-26T12:32:44,,
EA SPORTS FC Soccer Mobile 26,com.ea.gp.fifamobile,Gaming,4bcaa0f0-df87-4761-8f87-ae3d5036e451,Kyerethomas,5,,thank you,0,27.0.03,2026-07-26T12:31:26,,
EA SPORTS FC Soccer Mobile 26,com.ea.gp.fifamobile,Gaming,afd88638-e7bf-4aac-bb90-c3f4fb357a43,Nalini Chavhan,5,,excellent,0,27.0.03,2026-07-26T12:28:31,,
EA SPORTS FC Soccer Mobile 26,com.ea.gp.fifamobile,Gaming,d434cc99-d763-4251-8b0c-85bc83a5bc3c,Sudheesh Sudheesh,5,,wonderful game i love it,0,,2026-07-26T12:28:12,,
EA SPORTS FC Soccer Mobile 26,com.ea.gp.fifamobile,Gaming,31ce1d17-6743-42b8-bba4-991c08aa7941,Chandralakha Aratdar,5,,best,0,27.0.03,2026-07-26T12:27:01,,
EA SPORTS FC Soccer Mobile 26,com.ea.gp.fifamobile,Gaming,8fb5d021-a6da-47a6-8366-9143e61eea9b,Raymond Lusisa,4,,the game play is ferry slow you need to work at it,0,27.0.03,2026-07-26T12:26:25,,
EA SPORTS FC Soccer Mobile 26,com.ea.gp.fifamobile,Gaming,3b5e2599-7291-4ddc-9a42-ec6d3104070d,Arvind Singh,5,,mkc game !!!!,0,27.0.03,2026-07-26T12:25:20,,
EA SPORTS FC Soccer Mobile 26,com.ea.gp.fifamobile,Gaming,ca6440ae-6d5e-418b-b228-9ea6bead8f75,Rayhan Salim,5,,good,0,27.0.03,2026-07-26T12:24:46,,
EA SPORTS FC Soccer Mobile 26,com.ea.gp.fifamobile,Gaming,48f95f3b-db2f-4689-af1a-4b0bfd063ea6,Aaryan Chatte,5,,ok,0,27.0.03,2026-07-26T12:24:20,,
EA SPORTS FC Soccer Mobile 26,com.ea.gp.fifamobile,Gaming,093e4226-73e5-409d-8712-26897d0278fa,Tumwebaze Godwin,3,,it's a good game,0,27.0.03,2026-07-26T12:23:31,,
EA SPORTS FC Soccer Mobile 26,com.ea.gp.fifamobile,Gaming,5fe92d48-5ffe-411e-ba73-ea967d547402,Calvin Mokgalaka,5,,I love it,0,27.0.03,2026-07-26T12:21:07,,
EA SPORTS FC Soccer Mobile 26,com.ea.gp.fifamobile,Gaming,da0784a3-50f2-42c7-b6f2-8368841db3fc,ADITYA GUPTA,5,,best,0,27.0.03,2026-07-26T12:17:14,,
EA SPORTS FC Soccer Mobile 26,com.ea.gp.fifamobile,Gaming,834fba88-efb8-4474-8e1c-d587b3ddf468,Lasile,5,,make some best,0,,2026-07-26T12:10:51,,
EA SPORTS FC Soccer Mobile 26,com.ea.gp.fifamobile,Gaming,6920815f-b7be-4157-82ae-33b666b6dbf5,Shiekh Jerald Cruz,2,,Keeps Making me angry the Ai passes to the wrong player and make me lose the ball also my Ai temate gullit stole the ball from me which made the opponent to score fix it,0,,2026-07-26T12:08:00,,
EA SPORTS FC Soccer Mobile 26,com.ea.gp.fifamobile,Gaming,48022913-1812-47e4-879e-2e5c3a93efa7,Asteria Nyandwi,3,,nice,0,27.0.03,2026-07-26T12:07:20,,
EA SPORTS FC Soccer Mobile 26,com.ea.gp.fifamobile,Gaming,cc2bc20b-a5a0-41e7-9b89-903e03fe70fe,ADVAIT SIMHAN Rana,1,,worst game I have ever seen because of its high rate of packs and are partial . I do not recommend playing this game . instead you should play ufl .,0,27.0.03,2026-07-26T12:06:35,,
EA SPORTS FC Soccer Mobile 26,com.ea.gp.fifamobile,Gaming,b3b055fb-f26f-4c4c-bf9b-e89a2a50ebfd,Meena Dandolu,5,,best game and simple everything in this game is fair,0,27.0.03,2026-07-26T12:04:06,,
EA SPORTS FC Soccer Mobile 26,com.ea.gp.fifamobile,Gaming,64000d73-8d26-417b-9d73-7aa0f205a85e,Nahid Parveen,5,,nice,0,27.0.03,2026-07-26T12:02:23,,
EA SPORTS FC Soccer Mobile 26,com.ea.gp.fifamobile,Gaming,37fba307-2b33-4458-b440-6e128343baee,Alif mahfudzi Sembiring,5,,Peak,0,,2026-07-26T12:01:00,,
EA SPORTS FC Soccer Mobile 26,com.ea.gp.fifamobile,Gaming,2bc902f7-fa4e-4e2e-be79-f614c5ddf675,Eric Manny,5,,great,0,,2026-07-26T11:57:58,,
EA SPORTS FC Soccer Mobile 26,com.ea.gp.fifamobile,Gaming,392fe557-fbaa-4b68-8b1d-77a56e46b6ab,Seema Prashant Teli,5,,good game,0,27.0.03,2026-07-26T11:55:45,,
EA SPORTS FC Soccer Mobile 26,com.ea.gp.fifamobile,Gaming,ae6d33d6-2ef4-4116-80ca-57fc6f2245fd,Adorable Filter,1,,The game is loading and loading I'm unable to play it also my game lags a lot when I'm around and inside of the opponent's Dbox,0,,2026-07-26T11:55:24,,
EA SPORTS FC Soccer Mobile 26,com.ea.gp.fifamobile,Gaming,33ddc2d7-9e8c-406d-ab2a-16c45e470893,Nizar P H,5,,super game of season,0,27.0.03,2026-07-26T11:55:02,,
EA SPORTS FC Soccer Mobile 26,com.ea.gp.fifamobile,Gaming,ca6f3b2d-32fc-4594-adfe-1b2d5f838d00,Collin Ifo,5,,the best football game ever,0,27.0.03,2026-07-26T11:52:45,,
EA SPORTS FC Soccer Mobile 26,com.ea.gp.fifamobile,Gaming,ae9c4b67-bbd5-4943-83b3-1a45040e6d5d,Md Shuvo,5,,Network issues,0,27.0.03,2026-07-26T11:51:49,,
EA SPORTS FC Soccer Mobile 26,com.ea.gp.fifamobile,Gaming,ab70e112-489b-47fc-8f4d-92177f97004e,S M Lokesh Gowda,5,,very nice game,0,27.0.03,2026-07-26T11:51:31,,
EA SPORTS FC Soccer Mobile 26,com.ea.gp.fifamobile,Gaming,9a3a3b82-aa62-4883-b40f-9d1cda56c403,Basil Nkwinika,5,,nice,0,27.0.03,2026-07-26T11:51:14,,
EA SPORTS FC Soccer Mobile 26,com.ea.gp.fifamobile,Gaming,bc40d295-7f93-44c9-ad49-0065cdf310a3,Malti Dobriyal,5,,nice game,0,27.0.03,2026-07-26T11:50:25,,
EA SPORTS FC Soccer Mobile 26,com.ea.gp.fifamobile,Gaming,5d61c19c-c914-45d9-8312-aa445da557b0,Benito Ryan,1,,cant skip the tutorial,0,24.0.03,2026-07-26T11:49:54,,
EA SPORTS FC Soccer Mobile 26,com.ea.gp.fifamobile,Gaming,9e1bfdb2-8144-428b-b5d6-7dd3f6d7f298,Rubal Pathak,5,,I love this game,0,27.0.03,2026-07-26T11:49:32,,
EA SPORTS FC Soccer Mobile 26,com.ea.gp.fifamobile,Gaming,e950a8c8-15ee-44a6-b2b6-47ceb85c9e05,Muhammad Mohid,5,,good game,0,27.0.03,2026-07-26T11:48:10,,
EA SPORTS FC Soccer Mobile 26,com.ea.gp.fifamobile,Gaming,9ec2161b-84a9-44c5-a19b-73e70860e8ff,syila,5,,this is so good game,0,27.0.03,2026-07-26T11:47:46,,
EA SPORTS FC Soccer Mobile 26,com.ea.gp.fifamobile,Gaming,52366ac6-5ea1-4cf8-9a18-021018b4e114,Md Fahad,1,,very bad updates and bad performance in low internet.,0,,2026-07-26T11:47:18,,
EA SPORTS FC Soccer Mobile 26,com.ea.gp.fifamobile,Gaming,aa2f2b16-b890-4342-b088-bdacca7dea3b,Skibidilol Hah,5,,goodz,0,27.0.03,2026-07-26T11:45:59,,
EA SPORTS FC Soccer Mobile 26,com.ea.gp.fifamobile,Gaming,193549dc-a7b4-40db-b531-7d2b30dac979,67otamendi67 Otamendi67,5,,sp gud,0,27.0.03,2026-07-26T11:44:57,,
EA SPORTS FC Soccer Mobile 26,com.ea.gp.fifamobile,Gaming,2c85eefa-d0d4-480d-8b74-0a72acd540ff,Tumpa Ghorui,1,,even in 5g network the game shows reconnecting the wrost experience,0,27.0.03,2026-07-26T11:41:45,,
EA SPORTS FC Soccer Mobile 26,com.ea.gp.fifamobile,Gaming,50da10ab-ae4a-4c61-af4c-43b4a1fc9625,Ahmed Nazim Alika Maldives,5,,fun,0,27.0.03,2026-07-26T11:40:35,,
EA SPORTS FC Soccer Mobile 26,com.ea.gp.fifamobile,Gaming,145f0442-378b-4e8d-915d-364cb6ce7eaf,SohaSafa,5,,really cool iam in spian I love this game because it has lots of free game I love it,0,,2026-07-26T11:39:53,,
EA SPORTS FC Soccer Mobile 26,com.ea.gp.fifamobile,Gaming,c0ad2e99-1aeb-463b-99e6-af67454c320b,Peter Siluma,1,,It is very nice,0,27.0.03,2026-07-26T11:39:16,,
EA SPORTS FC Soccer Mobile 26,com.ea.gp.fifamobile,Gaming,8d156997-d295-42d4-a346-afd32cc52ff5,si thu,5,,nice,0,27.0.03,2026-07-26T11:39:05,,
EA SPORTS FC Soccer Mobile 26,com.ea.gp.fifamobile,Gaming,62dd4b80-c839-4e1d-9397-e6feae487a76,Niru Majhi,5,,"it,good for play. it is very fantastic😊 It's very smooth game play.",0,27.0.03,2026-07-26T11:37:58,,
EA SPORTS FC Soccer Mobile 26,com.ea.gp.fifamobile,Gaming,bac321d8-ffdc-4954-9716-c9f9d315b72f,Rupali Gawarle,5,,it's a very good game,0,27.0.03,2026-07-26T11:37:27,,
EA SPORTS FC Soccer Mobile 26,com.ea.gp.fifamobile,Gaming,d3280412-a1c5-46cc-9744-2fba3eeacc13,Bhuvan Y Naik,5,,SECOND BEST GAME EA HAS EVER MADE!!,0,27.0.03,2026-07-26T11:32:11,,
EA SPORTS FC Soccer Mobile 26,com.ea.gp.fifamobile,Gaming,03f8a9e8-882e-4767-ad8b-68d1112cc2f6,Dennison Lamabam,5,,one of the best football game but it is too much p2w,0,27.0.03,2026-07-26T11:30:40,,
EA SPORTS FC Soccer Mobile 26,com.ea.gp.fifamobile,Gaming,1665ad7c-c644-4181-97ac-946ff5699b05,Kesavan Kesavan,4,,"this game is very good and looks unique from other football games, but one bad thing there is no luck to pack a player to me I am frustrated by opening many packs in recent events please give some pack lucks.",0,27.0.03,2026-07-26T11:28:39,,
EA SPORTS FC Soccer Mobile 26,com.ea.gp.fifamobile,Gaming,87a41aa8-048d-4173-b626-140b7ad95012,lIbyfinanto domini,5,,this is very good its our own team bulding and play with your frinds,0,27.0.03,2026-07-26T11:25:27,,
EA SPORTS FC Soccer Mobile 26,com.ea.gp.fifamobile,Gaming,682caf28-faa0-43f3-b3fb-f21be94eaf04,Shaikh Shahbaj,1,,are u ever gonna improve the game or just wanna keep on earning money with numerous trick to fool the players with money but where shall the free community go why can it be simply played like authentic football Unrealistic scripting h2h servers unfair matchmaking dumb ai becomes galactus do u guys even use a single brain cell to make this game or not,0,27.0.03,2026-07-26T11:25:07,,
EA SPORTS FC Soccer Mobile 26,com.ea.gp.fifamobile,Gaming,add12bd6-b051-4017-9461-00a23800128c,Sevantu Kharvi,5,,super game,0,27.0.03,2026-07-26T11:24:47,,
EA SPORTS FC Soccer Mobile 26,com.ea.gp.fifamobile,Gaming,e78f7a5f-143d-48d9-9afa-7f47d9faf662,Aswini Vasamsetti,5,,i like this,0,27.0.03,2026-07-26T11:23:19,,
EA SPORTS FC Soccer Mobile 26,com.ea.gp.fifamobile,Gaming,f0534fc1-66ea-4f48-9810-2b4fb38f42e1,Deep Sardar,5,,well,0,27.0.03,2026-07-26T11:23:02,,
EA SPORTS FC Soccer Mobile 26,com.ea.gp.fifamobile,Gaming,89865d02-7c7a-4e44-a7a3-b4eefe1e207b,Joseph Kirima Munga,5,,Improve the starting OVR,0,27.0.03,2026-07-26T11:23:00,,
EA SPORTS FC Soccer Mobile 26,com.ea.gp.fifamobile,Gaming,8153b22d-1119-4880-9e07-b69a5523fe49,Amos Mugisha,5,,I love it,0,27.0.03,2026-07-26T11:22:20,,
EA SPORTS FC Soccer Mobile 26,com.ea.gp.fifamobile,Gaming,a34f22eb-490f-4d03-818d-61025fc4b7b6,NYTEX BUSINESS,5,,incredible game so so so so so so good good good good good good good,0,,2026-07-26T11:21:56,,
EA SPORTS FC Soccer Mobile 26,com.ea.gp.fifamobile,Gaming,17cbecee-e315-4c33-b850-9f1651145995,Midah Paisal,5,,good bi ronaldo,0,27.0.03,2026-07-26T11:20:32,,
EA SPORTS FC Soccer Mobile 26,com.ea.gp.fifamobile,Gaming,0cc1bec8-2db7-4149-b5c4-89936a0b769e,Firas Fauzinizam,5,,This game is 👍,0,27.0.03,2026-07-26T11:18:57,,
EA SPORTS FC Soccer Mobile 26,com.ea.gp.fifamobile,Gaming,6c4f9a1f-423e-4017-aed5-d1cec24132e2,Gabriel Juane,5,,peak🔥,0,27.0.03,2026-07-26T11:18:41,,
EA SPORTS FC Soccer Mobile 26,com.ea.gp.fifamobile,Gaming,4591e101-dc97-47ca-a52b-4f893f623aaa,sk kumar,5,,This is the best game ever❤❤❤❤❤❤❤❤❤❤❤❤👍👍👍,0,,2026-07-26T11:15:53,,
EA SPORTS FC Soccer Mobile 26,com.ea.gp.fifamobile,Gaming,2ac69aa4-acad-49d6-99ad-c92ca93405ff,Aryan More,1,,worst game I ever playy,0,,2026-07-26T11:14:34,,
EA SPORTS FC Soccer Mobile 26,com.ea.gp.fifamobile,Gaming,f95b3e16-0a88-4df3-8aa5-288fba2cf953,Mohan Thapa,1,,"FC Mobile has completely ruined the authentic football experience. Instead of clean, balanced matches between real clubs and national squads, you are thrown into matches against fantasy teams with unrealistically boosted stats and out-of-place rosters—like seeing Ronaldo in a French national team line-up. On top of that, navigating the menus just to find a standard game with real rosters is an absolute headache. EA needs to prioritize realistic football instead of forcing thesefantasy superpower",0,,2026-07-26T11:13:31,,
EA SPORTS FC Soccer Mobile 26,com.ea.gp.fifamobile,Gaming,50372b52-bb61-425b-85aa-1e72ad359676,Upendra Singh,4,,it's very good but laggy,0,27.0.03,2026-07-26T11:12:28,,
EA SPORTS FC Soccer Mobile 26,com.ea.gp.fifamobile,Gaming,11bc8e1c-9d76-48fe-bde6-2ca2cd2fcaac,Laxmi Khadka kc,5,,best football game ever,0,27.0.03,2026-07-26T11:12:03,,
EA SPORTS FC Soccer Mobile 26,com.ea.gp.fifamobile,Gaming,3c9c3318-5604-4ccf-b3c5-f74fd180d68a,GOuri SINGH Naruka,5,,"best game I've ever played, so good graphics and everything is very smooth, over all good game ✌️🥀",0,,2026-07-26T11:11:58,,
EA SPORTS FC Soccer Mobile 26,com.ea.gp.fifamobile,Gaming,ff8b11a8-9311-4119-b936-021aea8878e0,Student Momin,5,,nice,0,27.0.03,2026-07-26T11:11:04,,
EA SPORTS FC Soccer Mobile 26,com.ea.gp.fifamobile,Gaming,e0400841-407a-4efe-b075-286f6f8f18bd,Srijan Napit,1,,I am trying to play division rival but the resources reaches 100% but match never starts. I have been getting demoted again and again. Seriously I am trying really hard but if my rank is getting only demoted because of me not connecting then there is no reasons to play. It only happens when I reach legendary rank. Seriously a really trash game and I would never play it again. It was so much better till 2023. Not worth it now. Efootball is 1000× times better. Even the technical support is trash.,0,27.0.03,2026-07-26T11:10:37,,
EA SPORTS FC Soccer Mobile 26,com.ea.gp.fifamobile,Gaming,12891fdc-99ab-4f54-998a-3e4418d6733a,Ayim Ayim,1,,game kedekut spin pity hampir 0 tkdpt langsung poll A,0,,2026-07-26T11:10:31,,
EA SPORTS FC Soccer Mobile 26,com.ea.gp.fifamobile,Gaming,059fa47d-17b4-4bd5-ab82-fd50aa813165,Chirayu Thakur,5,,best game,0,27.0.03,2026-07-26T11:08:30,,
EA SPORTS FC Soccer Mobile 26,com.ea.gp.fifamobile,Gaming,0cec3968-f4b8-4dc8-a4a9-060f19ef4e2c,Soren Reshamee,5,,best football game but it is Using by internet please set it offline game please 🥺,0,27.0.03,2026-07-26T11:07:42,,
EA SPORTS FC Soccer Mobile 26,com.ea.gp.fifamobile,Gaming,02dd92ad-5129-4940-abe8-338f686ea3cc,MAHIN ON Fire,4,,good game,0,27.0.03,2026-07-26T11:07:33,,
EA SPORTS FC Soccer Mobile 26,com.ea.gp.fifamobile,Gaming,20df0d72-83e9-42f5-9686-f5de4e6164a6,Albin Ahmd,5,,ok,0,27.0.03,2026-07-26T11:06:48,,
EA SPORTS FC Soccer Mobile 26,com.ea.gp.fifamobile,Gaming,08c8045a-8bbd-4417-be69-3b123ae3002d,MINTI THAPA,5,,nice 👍,0,,2026-07-26T11:06:46,,
EA SPORTS FC Soccer Mobile 26,com.ea.gp.fifamobile,Gaming,28ed0b05-b84c-44de-b2f9-ebcb29cffe6d,H Worchui Worchui hp,5,,cool game,0,27.0.03,2026-07-26T11:06:02,,
EA SPORTS FC Soccer Mobile 26,com.ea.gp.fifamobile,Gaming,13e6be4b-fd71-4771-b04e-6d324056dd60,sabita nayak,5,,veryyyyyyyyyyyyy goooood game,0,27.0.03,2026-07-26T11:05:56,,
EA SPORTS FC Soccer Mobile 26,com.ea.gp.fifamobile,Gaming,6f0706a3-1b66-439f-9859-0ff7d3623e72,Vijay Vel,5,,good,0,27.0.03,2026-07-26T11:02:20,,
EA SPORTS FC Soccer Mobile 26,com.ea.gp.fifamobile,Gaming,43935212-1b07-4254-82f1-1522a04cdfed,Sumil Enterprise,5,,good game for a football,0,27.0.03,2026-07-26T11:01:32,,
EA SPORTS FC Soccer Mobile 26,com.ea.gp.fifamobile,Gaming,21de11e4-c2f7-4889-9046-abbbf8c2f7ea,Samir Farjana,2,,fc Reefeere are not good 😓,0,27.0.03,2026-07-26T11:00:57,,
EA SPORTS FC Soccer Mobile 26,com.ea.gp.fifamobile,Gaming,94c68f17-2880-48f7-b618-1be6498412db,Jayden Trevino,1,,it's good,0,27.0.03,2026-07-26T10:49:14,,
EA SPORTS FC Soccer Mobile 26,com.ea.gp.fifamobile,Gaming,19dd5cd1-810f-4871-a746-de51b56f0a36,Karup Sua,5,,this game is best,0,27.0.03,2026-07-26T10:47:43,,
EA SPORTS FC Soccer Mobile 26,com.ea.gp.fifamobile,Gaming,4f9cefdb-2afc-48f7-9117-2139b5ccd6e1,Syed Shafaq Hussain Naqvi,5,,good game,0,27.0.03,2026-07-26T10:46:59,,
EA SPORTS FC Soccer Mobile 26,com.ea.gp.fifamobile,Gaming,2535b74b-7331-4d3e-8d4f-01a706ae587d,somir Biswas,5,,nice game,0,27.0.03,2026-07-26T10:45:09,,
EA SPORTS FC Soccer Mobile 26,com.ea.gp.fifamobile,Gaming,ba01431d-2b09-4723-9cb2-fee9c154e248,Rohit Yadav,4,,"the game is very good, full with fun and we feel like real football everything is very well but sometimes gameplay is legging and full with more bugs and server problem so please fix this problems",0,27.0.03,2026-07-26T10:44:58,,
EA SPORTS FC Soccer Mobile 26,com.ea.gp.fifamobile,Gaming,e9063b00-6b00-41bd-a825-a7a2aaee8b07,Firoz,5,,best,0,27.0.03,2026-07-26T10:44:50,,
EA SPORTS FC Soccer Mobile 26,com.ea.gp.fifamobile,Gaming,5d1b4262-5a09-4a14-92bc-295705c5c2b0,Farok Mia,3,,Valo game ta,0,27.0.03,2026-07-26T10:43:31,,
EA SPORTS FC Soccer Mobile 26,com.ea.gp.fifamobile,Gaming,7e7bb75f-02c9-4595-949f-e5190dd26349,Sourav Rahman,5,,good,0,27.0.03,2026-07-26T10:42:43,,
EA SPORTS FC Soccer Mobile 26,com.ea.gp.fifamobile,Gaming,fbf68431-fecd-4c85-964f-9a83cff96aea,JOHN SITO,4,,very good,0,27.0.03,2026-07-26T10:39:08,,
EA SPORTS FC Soccer Mobile 26,com.ea.gp.fifamobile,Gaming,37243c1a-842b-446b-8d92-fb806f19d3d0,Anita Rawat,5,,nice,0,,2026-07-26T10:37:43,,
EA SPORTS FC Soccer Mobile 26,com.ea.gp.fifamobile,Gaming,92be6ef2-fc65-434c-8a3d-3ad816161d8f,Bariha Hassan,5,,best game,0,27.0.03,2026-07-26T10:35:34,,
EA SPORTS FC Soccer Mobile 26,com.ea.gp.fifamobile,Gaming,9644e5af-deff-4986-91b2-42dc97e7ac86,Bishnu Bhattarai,5,,best,0,27.0.03,2026-07-26T10:33:38,,
EA SPORTS FC Soccer Mobile 26,com.ea.gp.fifamobile,Gaming,995d9b69-5363-4e9e-aeb1-862a0d717940,Sphesihle Mabena,5,,good,0,,2026-07-26T10:33:18,,
EA SPORTS FC Soccer Mobile 26,com.ea.gp.fifamobile,Gaming,317a8b10-bc21-4e1a-8d12-57d56af3a8a2,Veeran Goud,5,,best,0,27.0.03,2026-07-26T10:33:11,,
EA SPORTS FC Soccer Mobile 26,com.ea.gp.fifamobile,Gaming,58964624-f66d-4352-a6c8-8fa3f8826937,Meena Juneja,5,,ooomg,0,27.0.03,2026-07-26T10:32:42,,
EA SPORTS FC Soccer Mobile 26,com.ea.gp.fifamobile,Gaming,ea5bedc7-60fb-4463-9923-ecda615361a0,priyanka karunakaran,5,,give free legend players,0,,2026-07-26T10:32:15,,
EA SPORTS FC Soccer Mobile 26,com.ea.gp.fifamobile,Gaming,9b627e51-6699-44c4-9567-25098aadd6b7,Kakoli Bain,5,,Please give me a 122 ovr player,0,27.0.03,2026-07-26T10:32:01,,
EA SPORTS FC Soccer Mobile 26,com.ea.gp.fifamobile,Gaming,45b81421-3aa2-417c-98bd-327d158752a0,Saad Shah,5,,perfect,0,27.0.03,2026-07-26T10:31:48,,
EA SPORTS FC Soccer Mobile 26,com.ea.gp.fifamobile,Gaming,9da84410-9f30-4b2e-b736-459416666b68,Aizatul Yazid,5,,i like the game,0,27.0.03,2026-07-26T10:31:46,,
EA SPORTS FC Soccer Mobile 26,com.ea.gp.fifamobile,Gaming,ee3c283d-1115-4286-a8cf-ad5e02832284,Mohit Jaiswal,5,,very nice game,0,27.0.03,2026-07-26T10:28:22,,
EA SPORTS FC Soccer Mobile 26,com.ea.gp.fifamobile,Gaming,bf5c8267-0192-4282-81ea-841d1135d510,Arav,5,,very good football(increased my skills in real life),0,,2026-07-26T10:27:57,,
EA SPORTS FC Soccer Mobile 26,com.ea.gp.fifamobile,Gaming,c41c8e34-62e4-4141-8d9c-22dae95351b2,Mercy kendi Tony,5,,fantastic,0,27.0.03,2026-07-26T10:26:44,,
EA SPORTS FC Soccer Mobile 26,com.ea.gp.fifamobile,Gaming,66826b5a-2735-4f5f-88ac-719e584d260f,Tabassum Ansari,3,,very good 👍,0,27.0.03,2026-07-26T10:26:01,,
EA SPORTS FC Soccer Mobile 26,com.ea.gp.fifamobile,Gaming,20f5af03-10de-4bed-9a4c-4bc14e7f294d,—͞MOHAMMAD NOYON,5,,I love it bro 😂🤩,0,27.0.03,2026-07-26T10:25:47,,
EA SPORTS FC Soccer Mobile 26,com.ea.gp.fifamobile,Gaming,dfb5cf05-8613-4e53-93c0-afe249718bf2,Idin Bagher,5,,best game,0,27.0.03,2026-07-26T10:20:32,,
EA SPORTS FC Soccer Mobile 26,com.ea.gp.fifamobile,Gaming,c5207269-079f-472c-ba11-98ff4119b13a,James Pineda,5,,it's amazing the game play is simple just like the game on consoles,0,27.0.03,2026-07-26T10:19:22,,
EA SPORTS FC Soccer Mobile 26,com.ea.gp.fifamobile,Gaming,f15cf938-8cf7-4451-a205-98e75e301e7e,Gunjan Kumari,5,,"This is a better game. For football players have a good realistic graphics and have chance to play fifa world Cup in free with many types of level like beginner, pro, semi pro, world class and more have good details about players. I adviced to ea sports lauch a cricket game . thanks to EA sports. ✌",0,27.0.03,2026-07-26T10:19:07,,
EA SPORTS FC Soccer Mobile 26,com.ea.gp.fifamobile,Gaming,395d8ef3-7b32-4d8b-81af-157eebd98ad5,ALAPARA TOM,1,,why it is not opening in my device?,0,27.0.03,2026-07-26T10:18:27,,
EA SPORTS FC Soccer Mobile 26,com.ea.gp.fifamobile,Gaming,3f241a01-f8f9-4c59-b6c4-c23fdee2269f,fatih rajendra30,5,,good game,0,27.0.03,2026-07-26T10:17:54,,
EA SPORTS FC Soccer Mobile 26,com.ea.gp.fifamobile,Gaming,7f5db4c5-4430-4e64-8e59-4690dc7920e9,Rahul Borah,1,,wee grind our hard work with upgrading star to loose with a server hacker,0,27.0.03,2026-07-26T10:17:26,,
EA SPORTS FC Soccer Mobile 26,com.ea.gp.fifamobile,Gaming,0556642f-9db0-4bc7-8af8-c57cf9889f72,Magnus Coretico,5,,gng it's actually good,0,,2026-07-26T10:16:24,,
EA SPORTS FC Soccer Mobile 26,com.ea.gp.fifamobile,Gaming,0ed42a86-787f-474b-a320-36ab80535525,Dekshya Roka,5,,Graphics are good,0,27.0.03,2026-07-26T10:16:17,,
EA SPORTS FC Soccer Mobile 26,com.ea.gp.fifamobile,Gaming,475e6485-7ad0-43d0-9af5-a32e78aaba56,Matt Wells,5,,ONE OF THE BEST SOCCER GAMES I EVER PLAYED,0,,2026-07-26T10:15:12,,
EA SPORTS FC Soccer Mobile 26,com.ea.gp.fifamobile,Gaming,b394ed9a-4a7c-41e5-8e60-b7a5c5a87424,Aima Afnan,5,,best,0,27.0.03,2026-07-26T10:14:56,,
EA SPORTS FC Soccer Mobile 26,com.ea.gp.fifamobile,Gaming,2a6fdda2-1572-41d5-8e0a-d1644bddde33,Rolex Ahir,4,,this is a very realistic game I recommend that all to play this game,0,27.0.03,2026-07-26T10:14:43,,
EA SPORTS FC Soccer Mobile 26,com.ea.gp.fifamobile,Gaming,b049b6b1-404f-4c4d-9d24-a67d8d198552,Ansar A,5,,owsam and funtastic game,0,27.0.03,2026-07-26T10:13:45,,
EA SPORTS FC Soccer Mobile 26,com.ea.gp.fifamobile,Gaming,fa457efb-609b-49ba-bd36-234cec79e623,Soun Syaa,1,,I hate This Game This Game is Trash!!!!! If you want to get me rating 5 star You give me Victory always then My wifi is not slow but this game is slow when I play,0,27.0.03,2026-07-26T10:13:28,,
EA SPORTS FC Soccer Mobile 26,com.ea.gp.fifamobile,Gaming,5e92e444-d65b-4a33-b89f-61000ae2e888,Ishan Chettri,5,,fc is best game,0,27.0.03,2026-07-26T10:13:21,,
EA SPORTS FC Soccer Mobile 26,com.ea.gp.fifamobile,Gaming,b1f163d5-abcb-4424-a9f1-bce0239000f7,Suryansh Mishra,3,,best game this MB,0,27.0.03,2026-07-26T10:13:09,,
EA SPORTS FC Soccer Mobile 26,com.ea.gp.fifamobile,Gaming,0ab15999-6627-4f7a-9c0c-be19373b6afc,Farzana Akther Happy,5,,nice game 👍 I give it five stars 🤩,0,27.0.03,2026-07-26T10:10:27,,
EA SPORTS FC Soccer Mobile 26,com.ea.gp.fifamobile,Gaming,e58a7df9-2f9e-4b24-9f11-95d2d648202b,Akash Krishnan,5,,its very perfect game,0,27.0.03,2026-07-26T10:09:49,,
EA SPORTS FC Soccer Mobile 26,com.ea.gp.fifamobile,Gaming,a0f41291-83be-4922-bf5c-939706331252,Nishvanth.N Nishzz,4,,supperr,0,27.0.03,2026-07-26T10:07:21,,
EA SPORTS FC Soccer Mobile 26,com.ea.gp.fifamobile,Gaming,f3c1426a-039f-47b5-95b6-b7eb28aa39bc,No Av,1,,"During the game, the buttons are pressed independently and remain so until the next game episode",0,27.0.03,2026-07-26T09:57:26,,
EA SPORTS FC Soccer Mobile 26,com.ea.gp.fifamobile,Gaming,d49ef174-3da3-4543-a25d-52b347b46d89,Muzammil,4,,good game,0,27.0.03,2026-07-26T09:52:43,,
EA SPORTS FC Soccer Mobile 26,com.ea.gp.fifamobile,Gaming,20a5cecf-a271-48f6-90a8-42d7d1a72ed9,Hhhfc Gghhj,5,,This is World Best game 👍🏻👍🏻👍🏻👍🏻,0,27.0.03,2026-07-26T09:50:46,,
EA SPORTS FC Soccer Mobile 26,com.ea.gp.fifamobile,Gaming,cc7fbcb4-7f09-4349-aff1-0cf4a9aeb410,Aniketh Ravi,5,,very good and happy just improve graphics,0,27.0.03,2026-07-26T09:49:58,,
EA SPORTS FC Soccer Mobile 26,com.ea.gp.fifamobile,Gaming,fb56f899-d72a-4761-9315-f5f4b3084ec1,Satyender Dagar,5,,best game,0,,2026-07-26T09:48:49,,
EA SPORTS FC Soccer Mobile 26,com.ea.gp.fifamobile,Gaming,cf499dc9-5359-4ecc-9f50-5e57eb358e65,Riya Yadav,5,,I like this game,0,27.0.03,2026-07-26T09:47:33,,
EA SPORTS FC Soccer Mobile 26,com.ea.gp.fifamobile,Gaming,82dc20d6-2e74-422d-97c2-74a232897e07,Karan Moran,5,,Nice 👍,0,,2026-07-26T09:46:31,,
EA SPORTS FC Soccer Mobile 26,com.ea.gp.fifamobile,Gaming,5ca86534-aac2-4593-8715-1028d3580933,Marium akter,1,,This is very stupid type game🤮🤮,0,,2026-07-26T09:45:08,,
EA SPORTS FC Soccer Mobile 26,com.ea.gp.fifamobile,Gaming,cf80cde6-cbfa-478a-92fe-91653b216683,Aayush Thapa,5,,good game,0,27.0.03,2026-07-26T09:44:15,,
EA SPORTS FC Soccer Mobile 26,com.ea.gp.fifamobile,Gaming,fe53dc7a-4ca3-4c17-9697-035a12d85347,Esther Wambui,5,,Hours can pass but u still won't want to stop playing,0,27.0.03,2026-07-26T09:42:05,,
EA SPORTS FC Soccer Mobile 26,com.ea.gp.fifamobile,Gaming,9452dae7-bc74-443b-86b5-71996ae39a15,Sudheer NS,1,,everything is for money. I've been playing for 4 years and didn't made any progress because of this reason.How could a normal person afford this game.,0,20.1.03,2026-07-26T09:40:01,,
EA SPORTS FC Soccer Mobile 26,com.ea.gp.fifamobile,Gaming,287fa99a-7c92-4c42-b932-98ef8dd52043,Mona Das,1,,I can't find neymer in it and the player is not purchasing,0,,2026-07-26T09:39:07,,
EA SPORTS FC Soccer Mobile 26,com.ea.gp.fifamobile,Gaming,0c216e1a-4c9a-4483-bc80-366037f3d17d,Yash Bhuktar,4,,godd.,0,27.0.03,2026-07-26T09:37:59,,
EA SPORTS FC Soccer Mobile 26,com.ea.gp.fifamobile,Gaming,e1c4d068-c59f-4f26-a98c-3225e35987f8,Trequaan Swartbooi,5,,"love the gameplay and controls, being playing this from the 21 update it just gets better and better but there are still a few things that need fixing. Smarter off ball movements, fluidity in tackles, and what happened to the power shot??",0,27.0.03,2026-07-26T09:37:15,,
EA SPORTS FC Soccer Mobile 26,com.ea.gp.fifamobile,Gaming,9e58fa36-6f14-48b7-a950-1b4a82dc1324,Nandha Kishore,5,,something is. best,0,27.0.03,2026-07-26T09:36:41,,
EA SPORTS FC Soccer Mobile 26,com.ea.gp.fifamobile,Gaming,2abc28cf-3825-4e9f-a229-3deae52eaa35,Ramesh Babu,5,,"really nice, no ads and nice graphics and controls",0,27.0.03,2026-07-26T09:36:41,,
EA SPORTS FC Soccer Mobile 26,com.ea.gp.fifamobile,Gaming,58a7b268-7386-44da-9d0b-f823ad6bbbff,Safwan Bashar Safi,1,,really the worst football game you could play . The games always disconnects you from it.,0,27.0.03,2026-07-26T09:34:18,,
EA SPORTS FC Soccer Mobile 26,com.ea.gp.fifamobile,Gaming,36cb2a27-5560-42b8-95b0-f3d47aedc59d,Rach,5,,nice,0,27.0.03,2026-07-26T09:30:39,,
EA SPORTS FC Soccer Mobile 26,com.ea.gp.fifamobile,Gaming,4cb3d8b2-6a30-4d18-8b0f-8d61bc85f0b9,Masrima Kasmil,5,,It's so good,0,27.0.03,2026-07-26T09:26:16,,
EA SPORTS FC Soccer Mobile 26,com.ea.gp.fifamobile,Gaming,5a0c0616-900a-4cc4-aeaa-8f93ff79b61e,Isr Ar,5,,good,0,,2026-07-26T09:23:06,,
EA SPORTS FC Soccer Mobile 26,com.ea.gp.fifamobile,Gaming,a4adfd42-679e-4ecf-b0dc-e9d5e8766b99,Alagappan SP,4,,I like this game more than others but the refree gets distracted when there where fouls and doest give anything. only once I got penalty but I should have recieved about 10 in the same match,1,27.0.03,2026-07-26T09:21:39,,
EA SPORTS FC Soccer Mobile 26,com.ea.gp.fifamobile,Gaming,441ad622-1ae1-42f9-bbae-ac81a7f9fdc4,Farzana Nupur,5,,Very nice game,1,,2026-07-26T09:21:37,,
EA SPORTS FC Soccer Mobile 26,com.ea.gp.fifamobile,Gaming,85078e43-2d8f-454a-a04b-234f2da3ac86,Romila Naiding,5,,good,0,27.0.03,2026-07-26T09:19:56,,
EA SPORTS FC Soccer Mobile 26,com.ea.gp.fifamobile,Gaming,c8ea001b-6d9f-4856-8718-f9c08b7c784e,Youssef Oussous,5,,good,0,27.0.03,2026-07-26T09:19:06,,
EA SPORTS FC Soccer Mobile 26,com.ea.gp.fifamobile,Gaming,5f78fbfe-c534-46d3-95cb-e0ae6f3e22c5,Jamir Khan,3,,nice,1,27.0.03,2026-07-26T09:18:45,,
EA SPORTS FC Soccer Mobile 26,com.ea.gp.fifamobile,Gaming,0b67adf4-b201-4ba8-a350-7378ba123371,Darshita pandit,5,,so much realistic,1,27.0.03,2026-07-26T09:16:44,,
EA SPORTS FC Soccer Mobile 26,com.ea.gp.fifamobile,Gaming,4ea590ce-80cc-4e9c-a010-0e118ac91e09,Vijaya kumari Jalluri,5,,outstanding game,1,,2026-07-26T09:16:09,,
EA SPORTS FC Soccer Mobile 26,com.ea.gp.fifamobile,Gaming,b6fa8f3e-f3ac-4fa3-a5f4-2c25cd17e902,Samme Marcel,1,,"too much loading i don't like it, and it takes forever to load",0,27.0.03,2026-07-26T09:15:46,,
EA SPORTS FC Soccer Mobile 26,com.ea.gp.fifamobile,Gaming,52772a3a-68d3-45f5-8702-652834f35c67,Abigail,5,,cool game,0,27.0.03,2026-07-26T09:09:52,,
EA SPORTS FC Soccer Mobile 26,com.ea.gp.fifamobile,Gaming,a2e687f2-5b1b-4464-8ce2-8330795b9cd0,T Thom,1,,"even playing everyday, doing all the tasks, you can't get to the ""next level"" unless you buy players in app. most recent, drawing for Spain Champions draw, all of them are a 120 rating except the one I get which was 119. guess what, you can exchange for any of the players, if you have at least a120 player rating.... game is rigged unless you pay",0,27.0.03,2026-07-26T09:09:36,,
EA SPORTS FC Soccer Mobile 26,com.ea.gp.fifamobile,Gaming,0de17188-e571-477b-9588-e6affef58588,Jaish Kumar,5,,this game is nice and it's too realistic,0,,2026-07-26T09:08:48,,
EA SPORTS FC Soccer Mobile 26,com.ea.gp.fifamobile,Gaming,d037db21-b6b6-497d-a9a1-a1f12b25d58a,Easa Moillk,5,,football,0,,2026-07-26T09:04:42,,
EA SPORTS FC Soccer Mobile 26,com.ea.gp.fifamobile,Gaming,d05bd064-b663-4517-a3d3-e5be896cf48d,Hriday Sardar,5,,good,0,27.0.03,2026-07-26T09:04:26,,
EA SPORTS FC Soccer Mobile 26,com.ea.gp.fifamobile,Gaming,bfedee35-3ec5-4e22-906f-023c349b96e9,Shariff 66,5,,so good game,0,27.0.03,2026-07-26T08:54:32,,
EA SPORTS FC Soccer Mobile 26,com.ea.gp.fifamobile,Gaming,9481894a-e0a1-4be3-8b05-4a3ea201db62,Gabs H,5,,I love this game,0,,2026-07-26T08:53:01,,
EA SPORTS FC Soccer Mobile 26,com.ea.gp.fifamobile,Gaming,b20ccd3b-0c27-402d-b09d-71a59e8f5dfe,Kgalalelo,5,,fun,0,27.0.03,2026-07-26T08:50:26,,
EA SPORTS FC Soccer Mobile 26,com.ea.gp.fifamobile,Gaming,7ca8399d-4357-4269-b9e0-c0e75437616a,Phyrnailin Marbaniang,5,,best is the eEa sport game football,0,,2026-07-26T08:50:05,,
EA SPORTS FC Soccer Mobile 26,com.ea.gp.fifamobile,Gaming,b91e0f7c-9589-464e-b435-b04e8019b2a9,Harjit Harjeevan singj,5,,𝕘𝕠𝕠𝕕 𝕘𝕒𝕞𝕖,0,27.0.03,2026-07-26T08:49:59,,
EA SPORTS FC Soccer Mobile 26,com.ea.gp.fifamobile,Gaming,26654be2-c800-4ac2-9f70-b0493506a2a9,Kuiyo Rangna,4,,I love this game,0,27.0.03,2026-07-26T08:46:41,,
EA SPORTS FC Soccer Mobile 26,com.ea.gp.fifamobile,Gaming,fa36311c-132d-451f-ab31-cf275cec5a73,Shahriar Arafat,5,,best football game ever I see,0,27.0.03,2026-07-26T08:43:07,,
EA SPORTS FC Soccer Mobile 26,com.ea.gp.fifamobile,Gaming,f08dd8ed-59a6-4ffa-8d72-73a5805b0575,Jayanta Roy,5,,great,0,27.0.03,2026-07-26T08:41:42,,
EA SPORTS FC Soccer Mobile 26,com.ea.gp.fifamobile,Gaming,4d39cb63-d577-4db4-bab5-2b2fadf90265,Emma Ataya,3,,when i win the amazing random match or lose or a draw the loading screen never lets go back pls fix this,0,27.0.03,2026-07-26T08:40:35,,
EA SPORTS FC Soccer Mobile 26,com.ea.gp.fifamobile,Gaming,03b0f426-435a-4db9-bec5-6304dcd73da5,Marlon Geli,1,,pay to win,0,27.0.03,2026-07-26T08:40:08,,
EA SPORTS FC Soccer Mobile 26,com.ea.gp.fifamobile,Gaming,acc1bf65-125a-4162-8289-d510b4b33966,Kyal Zin Tun,5,,👍👍👍👍👍👍,0,27.0.03,2026-07-26T08:38:56,,
EA SPORTS FC Soccer Mobile 26,com.ea.gp.fifamobile,Gaming,49ca7b8c-81ae-4c3b-afcb-b3c257e6fef8,Sabbir Ahmed,5,,good,0,27.0.03,2026-07-26T08:30:19,,
EA SPORTS FC Soccer Mobile 26,com.ea.gp.fifamobile,Gaming,3f65f40b-fd07-45d9-8326-dfec71392f8a,Md Sohan,5,,i loved this game,0,27.0.03,2026-07-26T08:29:42,,
EA SPORTS FC Soccer Mobile 26,com.ea.gp.fifamobile,Gaming,bdc4eff0-d17f-42cc-bfe7-4bb52dd7cbbb,Asifalam,5,,exclent,0,27.0.03,2026-07-26T08:26:16,,
EA SPORTS FC Soccer Mobile 26,com.ea.gp.fifamobile,Gaming,297cf18e-77a7-4257-aee5-05100ffffefd,Anil629 Hela,5,,❤️❤️❤️❤️❤️,0,27.0.03,2026-07-26T08:24:12,,
EA SPORTS FC Soccer Mobile 26,com.ea.gp.fifamobile,Gaming,e2fa9b83-e907-4ecf-a352-c1ea13b86f9f,Kumari regami,5,,good game,0,27.0.03,2026-07-26T08:23:38,,
EA SPORTS FC Soccer Mobile 26,com.ea.gp.fifamobile,Gaming,9415b528-2e07-4775-93a4-cb7c171eb84c,Faisal Ahamed,5,,Its very nice and injoyfull game. we can make our dream fotball team in this game.,0,27.0.03,2026-07-26T08:21:20,,
EA SPORTS FC Soccer Mobile 26,com.ea.gp.fifamobile,Gaming,f084edb0-01f1-40e3-940b-3716b33e4178,Muofhe Prudence,5,,good,1,27.0.03,2026-07-26T08:19:57,,
EA SPORTS FC Soccer Mobile 26,com.ea.gp.fifamobile,Gaming,f2d64d79-5efe-4c1a-baab-71ec8f30a306,Saaji Gireesh,5,,very nice,0,27.0.03,2026-07-26T08:19:53,,
EA SPORTS FC Soccer Mobile 26,com.ea.gp.fifamobile,Gaming,887ffe4a-7e5c-45ae-8fc3-5bf022bd8579,Agnish kayal,5,,"Best game so far ,but its becoming too P2P ,we have to get insane luck and skill to cope up",0,27.0.03,2026-07-26T08:16:08,,
EA SPORTS FC Soccer Mobile 26,com.ea.gp.fifamobile,Gaming,ec15c864-0096-438b-aaae-8438fd88dc11,Mbeyu Lalo,5,,so nice,0,27.0.03,2026-07-26T08:11:32,,
EA SPORTS FC Soccer Mobile 26,com.ea.gp.fifamobile,Gaming,92ad6bd5-faf6-4329-8f98-1ba9313c1795,Ghaziya Hanifa Jannatu Syauqiya,5,,lumayan tapi belinghamnya rusuh,0,27.0.03,2026-07-26T08:11:08,,
EA SPORTS FC Soccer Mobile 26,com.ea.gp.fifamobile,Gaming,0e592dac-cf8c-4930-9c32-e3a742c81fc3,Partha pratim Chowdhury,5,,This game is very good and this games graphics are really excellent i win world cup very much,0,27.0.03,2026-07-26T08:07:01,,
EA SPORTS FC Soccer Mobile 26,com.ea.gp.fifamobile,Gaming,1294cd0c-a872-43ee-8496-1610cdd312b6,BADHEE Man,5,,fc mobile,0,27.0.03,2026-07-26T08:05:13,,
EA SPORTS FC Soccer Mobile 26,com.ea.gp.fifamobile,Gaming,56348ccb-66b5-4315-b5cd-e09dea0665a5,Rachael Antwi,5,,best game of all time,0,27.0.03,2026-07-26T08:04:49,,
EA SPORTS FC Soccer Mobile 26,com.ea.gp.fifamobile,Gaming,fbecfb70-0017-468f-b826-bee308124695,Shameem Akhtar,5,,this is the best game for football lover,0,,2026-07-26T08:04:36,,
EA SPORTS FC Soccer Mobile 26,com.ea.gp.fifamobile,Gaming,970f2174-78dd-4d64-af23-f36b9c420d5d,Devendrashinh Zala,5,,भाई Indians best game,0,,2026-07-26T08:04:35,,
EA SPORTS FC Soccer Mobile 26,com.ea.gp.fifamobile,Gaming,d38b6552-0e94-4cd9-9408-26adc992e6ad,Taofeek Jimoh,5,,it so nice,0,27.0.03,2026-07-26T07:51:47,,
EA SPORTS FC Soccer Mobile 26,com.ea.gp.fifamobile,Gaming,d6afe8d5-f071-4c53-a804-924ba363f24a,RevoStudios,1,,"This is the only online game where I ALWAYS play with 200ms of ping or more. Also, the input delay makes the game feel like I'm suggesting the players what to do instead of actually moving them around. Overall it's a pretty polished game with great graphics and licences for essentially every major league in the world but the lag is absurd.",0,27.0.03,2026-07-26T07:51:18,,
EA SPORTS FC Soccer Mobile 26,com.ea.gp.fifamobile,Gaming,73c891bb-9566-4724-9097-6726c0388b1a,sangeetha Senthilkumar,5,,very nice game superrr,0,27.0.03,2026-07-26T07:46:37,,
EA SPORTS FC Soccer Mobile 26,com.ea.gp.fifamobile,Gaming,0fa6635d-fd1a-4dba-8d41-a6d2fb22261d,O E,5,,Great game only thing takes forever to load,0,27.0.03,2026-07-26T07:41:04,,
EA SPORTS FC Soccer Mobile 26,com.ea.gp.fifamobile,Gaming,45716031-5c02-404d-9f04-4675ea83f4ca,Poly Das,4,,ykw this is a good game if there wasn't that many paid access,0,24.0.01,2026-07-26T07:33:32,,
EA SPORTS FC Soccer Mobile 26,com.ea.gp.fifamobile,Gaming,49aa4df2-77bc-44bb-81dc-13796568e30a,Mahaboob Basha,5,,football and this game is perfect to me,0,27.0.03,2026-07-26T07:25:50,,
EA SPORTS FC Soccer Mobile 26,com.ea.gp.fifamobile,Gaming,0372c33a-971d-41b9-b71a-b2c45e80f59c,Mstshahinoor Akter,4,,i love this game,0,27.0.03,2026-07-26T07:25:42,,
EA SPORTS FC Soccer Mobile 26,com.ea.gp.fifamobile,Gaming,844c40bb-4102-48a2-b34a-27f933230340,Priyanka Maheshwari,4,,good,0,27.0.03,2026-07-26T07:24:59,,
EA SPORTS FC Soccer Mobile 26,com.ea.gp.fifamobile,Gaming,3c6d2561-33fe-4c8f-b337-615552d08241,Umesh Mijar,5,,nice,0,,2026-07-26T07:24:37,,
EA SPORTS FC Soccer Mobile 26,com.ea.gp.fifamobile,Gaming,83217df7-410a-46e8-92ba-4074da511333,Donovan Donovan,4,,this not bad but a Lil lag,0,27.0.03,2026-07-26T07:14:32,,
EA SPORTS FC Soccer Mobile 26,com.ea.gp.fifamobile,Gaming,a79ff98e-9019-473a-9914-c75170663e7c,md Sarbon,5,,good game FC mobile vs all football ⚽ beast ⚽football game in world FC mobile,0,27.0.03,2026-07-26T07:10:17,,
EA SPORTS FC Soccer Mobile 26,com.ea.gp.fifamobile,Gaming,83bff36a-7ec2-452e-9883-560fd48c7bf9,Darren Koh,2,,"This game is very fun. However, it is scripted and rigged and also very p2w",0,27.0.03,2026-07-26T07:07:14,,
EA SPORTS FC Soccer Mobile 26,com.ea.gp.fifamobile,Gaming,1a586572-188d-402c-8869-7f369e8e0716,STEVEN LIU,3,,I feel like the game decides who wins the matches before they even start because why would the AI possibly think I would want to pass to someone that's not even on my screen or just straight up passing to the opponent and why is my goal keeping suddenly thinking he's a left back or when players just stop moving.,0,27.0.03,2026-07-26T07:07:10,,
EA SPORTS FC Soccer Mobile 26,com.ea.gp.fifamobile,Gaming,00e580bf-6bd9-49c0-98f7-1c856d32855e,Nimra Makhdoom,5,,best game,0,27.0.03,2026-07-26T07:06:25,,
EA SPORTS FC Soccer Mobile 26,com.ea.gp.fifamobile,Gaming,b59640a9-616a-4fe4-a8cb-8650454c4937,Antonio Carrera,1,,Game is rigged. Every time you get the ball the others commit foul without consequence. Randomly bots are able to go at rapid speeds? Rigged game,0,,2026-07-26T07:05:58,,
EA SPORTS FC Soccer Mobile 26,com.ea.gp.fifamobile,Gaming,0b73ef41-daea-482f-a2ab-975ad5ba1279,Jerung Highway,5,,Good,0,27.0.03,2026-07-26T07:04:18,,
EA SPORTS FC Soccer Mobile 26,com.ea.gp.fifamobile,Gaming,b6f7fa96-2c87-4645-b9fc-69acb158b70a,Rennie,5,,Very Good Game,0,27.0.03,2026-07-26T06:54:45,,
EA SPORTS FC Soccer Mobile 26,com.ea.gp.fifamobile,Gaming,e1602932-985d-4054-9fa8-034442563b07,Shreejioneshop,5,,great game,0,27.0.03,2026-07-26T06:47:02,,
EA SPORTS FC Soccer Mobile 26,com.ea.gp.fifamobile,Gaming,79a23fa8-2b4a-40b4-b2a8-a58c2471c76f,akiddanish0 0,5,,Love IT,0,27.0.03,2026-07-26T06:44:40,,
EA SPORTS FC Soccer Mobile 26,com.ea.gp.fifamobile,Gaming,ab05867d-f5eb-4a0d-aed1-726c5ba2e48a,Wanda emmanuel john,5,,beautiful game overall,0,27.0.03,2026-07-26T06:35:05,,
EA SPORTS FC Soccer Mobile 26,com.ea.gp.fifamobile,Gaming,5399baec-e67a-4c42-a7f9-34aa7a8e7acf,Sarala Pradhan,5,,good,0,27.0.03,2026-07-26T06:34:43,,
EA SPORTS FC Soccer Mobile 26,com.ea.gp.fifamobile,Gaming,941fbbcc-bde1-4b4e-86c3-9f106ba67660,Patrick Nya,5,,perfect 👌,0,27.0.03,2026-07-26T06:33:22,,
EA SPORTS FC Soccer Mobile 26,com.ea.gp.fifamobile,Gaming,3db39a75-22be-47f0-a214-1e935d65bbfa,Travisadriann Ando,1,,"I recently lost my FC Mobile account after the application was automatically deleted from my device. Due to the complex account recovery settings, I was unable to regain access. Upon creating a new account, I inadvertently linked it to my EA Sports profile, which resulted in the permanent replacement of my original account. Despite multiple attempts to contact EA Support, the automated system failed to resolve the issue, leaving me stuck. One star. Boring game and its p2w!",1,27.0.03,2026-07-26T06:30:17,,
EA SPORTS FC Soccer Mobile 26,com.ea.gp.fifamobile,Gaming,979de45b-197a-4929-91c9-eefe28d087c0,Ganso MA,5,,this is the best,0,27.0.03,2026-07-26T06:28:31,,
EA SPORTS FC Soccer Mobile 26,com.ea.gp.fifamobile,Gaming,18f7d784-6e9d-441e-ab88-047c13ab8af6,Rodolfo Tavara,5,,bad game,1,27.0.03,2026-07-26T06:21:49,,
EA SPORTS FC Soccer Mobile 26,com.ea.gp.fifamobile,Gaming,ad6cb991-ea46-4bd3-b7fd-86f461d73d32,Imran Hichami,2,,I think it really doesn't really want to win and I think you can do better ngl this so ahh,0,27.0.03,2026-07-26T06:14:52,,
EA SPORTS FC Soccer Mobile 26,com.ea.gp.fifamobile,Gaming,b69bb71b-5ed9-4e49-b241-608a1251d9f8,Rohaan Matloob,5,,"Dear Ea Fc, You should add a like button and a view spectator on everybody's profile so that when people open your profile they can like your profile and you can check who viewed your id . Thanks.",0,27.0.03,2026-07-26T06:14:52,,
EA SPORTS FC Soccer Mobile 26,com.ea.gp.fifamobile,Gaming,beaac18d-7fbd-49be-8432-d41372ac923c,Doris Narh,4,,the game is interested,0,27.0.03,2026-07-26T06:14:03,,
EA SPORTS FC Soccer Mobile 26,com.ea.gp.fifamobile,Gaming,98c29727-4edb-48cb-8cff-3f2352779fb6,willian francisco,5,,muito legal jogo muito,0,27.0.03,2026-07-26T06:11:13,,
EA SPORTS FC Soccer Mobile 26,com.ea.gp.fifamobile,Gaming,cb526177-c560-4cec-91ed-8eff58f819c0,Ziad,1,,2 years of playing and bulid team and gone for nothing really a bad thing iam so mad about this,0,,2026-07-26T06:09:20,,
EA SPORTS FC Soccer Mobile 26,com.ea.gp.fifamobile,Gaming,6f4879aa-8613-494f-ba1a-29fd53747114,Neo EgoistEditYT,5,,ist very good,0,27.0.03,2026-07-26T06:06:52,,
EA SPORTS FC Soccer Mobile 26,com.ea.gp.fifamobile,Gaming,a79e54c9-63d2-43fd-ab59-33154d95dcbe,Humble Smart,5,,I feel amazing,0,27.0.03,2026-07-26T06:05:46,,
EA SPORTS FC Soccer Mobile 26,com.ea.gp.fifamobile,Gaming,df19e049-2510-401f-8a13-3dced26399b5,Don Freefire,5,,the best,0,27.0.03,2026-07-26T05:55:12,,
EA SPORTS FC Soccer Mobile 26,com.ea.gp.fifamobile,Gaming,bae1e2cd-7b3d-4352-9bfc-fdacdfa73f34,Adam Wishah,4,,too pay to win,0,27.0.03,2026-07-26T05:53:10,,
EA SPORTS FC Soccer Mobile 26,com.ea.gp.fifamobile,Gaming,70babd42-999a-420a-981a-87c0a71f25ac,Paing Gu,5,,good,0,27.0.03,2026-07-26T05:47:31,,
EA SPORTS FC Soccer Mobile 26,com.ea.gp.fifamobile,Gaming,36c9ac37-d034-4c15-8278-e5542cc0208e,Tusaa Gbaan,1,,getting money,0,27.0.03,2026-07-26T05:41:19,,
EA SPORTS FC Soccer Mobile 26,com.ea.gp.fifamobile,Gaming,95b9405c-07a3-4e59-9f75-1ce4cefc4ad5,Law Morg,3,,extremely p2w,0,,2026-07-26T05:39:22,,
EA SPORTS FC Soccer Mobile 26,com.ea.gp.fifamobile,Gaming,9ed719a1-0e8a-4c1d-b705-739448feb8af,Jason-roblox981 Jason,1,,Worst game ever I can't even tackle anyone even I tried do the nastiest tackle they won't stop and won't even fall at all and when you reach semi pro the game gets hard and I can't even play against these ai stuff that are on the actual game Idc if it's mobile.. Don't even try to say the gk will help mines 110 overall and can't save a shot slower then a snail,0,,2026-07-26T05:38:57,,
EA SPORTS FC Soccer Mobile 26,com.ea.gp.fifamobile,Gaming,6a019a00-f8b3-4e8d-a8a8-44ce0d9c6d38,Jervan,4,,it's fire,0,27.0.03,2026-07-26T05:38:02,,
EA SPORTS FC Soccer Mobile 26,com.ea.gp.fifamobile,Gaming,cf1c24f6-9a3e-421b-bc86-7ccf01bb2268,Kgosi Malatji,3,,"it's cool and all but the refs keep blowing when I'm on the attack for full time or half time, this simply just has to improve",0,27.0.03,2026-07-26T05:28:01,,
EA SPORTS FC Soccer Mobile 26,com.ea.gp.fifamobile,Gaming,095aff3e-8bd7-48aa-a04b-44dce335478e,Mohamed Othman,5,,good,0,,2026-07-26T05:24:48,,
EA SPORTS FC Soccer Mobile 26,com.ea.gp.fifamobile,Gaming,7731c0bb-f80c-43dd-9954-1ff01debf4e2,Nnate Olugu,5,,Nice game,0,,2026-07-26T05:17:29,,
EA SPORTS FC Soccer Mobile 26,com.ea.gp.fifamobile,Gaming,0266dd36-ce53-4079-8b29-eab3302bbaad,Queenhiba Queenhiba,5,,better bro,0,27.0.03,2026-07-26T05:09:57,,
EA SPORTS FC Soccer Mobile 26,com.ea.gp.fifamobile,Gaming,8c04b028-a6a1-4f34-90ee-e0a3aa3d8e77,سیدمحمدمهدی حسینی,5,,پشمام رفع فیلتر شده,0,,2026-07-26T05:04:08,,
EA SPORTS FC Soccer Mobile 26,com.ea.gp.fifamobile,Gaming,e55869e5-8e9b-4636-8248-d0dc5feb4e47,celumusa Lucky,3,,good game,0,26.1.02,2026-07-26T04:59:02,,
EA SPORTS FC Soccer Mobile 26,com.ea.gp.fifamobile,Gaming,2ae86d9e-e6aa-43cc-a9ca-5c9e4b425c01,lebohang makhoba,5,,Amazing game ever,0,26.2.01,2026-07-26T04:58:12,,
EA SPORTS FC Soccer Mobile 26,com.ea.gp.fifamobile,Gaming,58cecdbf-9738-4739-9866-b8d5c383baf2,Beatriz,1,,this is stupid,0,27.0.03,2026-07-26T04:55:55,,
EA SPORTS FC Soccer Mobile 26,com.ea.gp.fifamobile,Gaming,59f6508a-ce32-404c-8c05-383ac5462a37,Pat Okwechime,5,,this is the best football game. the control the graphic the plays everything about this game is good,0,27.0.03,2026-07-26T04:51:36,,
EA SPORTS FC Soccer Mobile 26,com.ea.gp.fifamobile,Gaming,2a3e3e4a-acd6-4348-a402-ed967e8d48f5,Okeke Chiziterem,5,,good,0,27.0.03,2026-07-26T04:51:34,,
EA SPORTS FC Soccer Mobile 26,com.ea.gp.fifamobile,Gaming,1dbfc139-7b6a-4bd1-85c3-2151249706ab,Mouhamed jed Barhoumi,5,,this is a good game,0,27.0.03,2026-07-26T04:41:08,,
EA SPORTS FC Soccer Mobile 26,com.ea.gp.fifamobile,Gaming,8406610c-521a-402d-9bfb-63159a30f2ac,Mohammad javad Zaree,5,,خدا,0,27.0.03,2026-07-26T04:39:19,,
EA SPORTS FC Soccer Mobile 26,com.ea.gp.fifamobile,Gaming,f78ace9a-a8e0-4e5d-8183-09104eb81260,Tboy,3,,not bad !!,0,27.0.03,2026-07-26T04:35:02,,
EA SPORTS FC Soccer Mobile 26,com.ea.gp.fifamobile,Gaming,ff86175d-1e5c-43ae-a100-efc8ae824feb,George Mina Ramses,5,,good,0,27.0.03,2026-07-26T04:32:17,,
EA SPORTS FC Soccer Mobile 26,com.ea.gp.fifamobile,Gaming,3e325b25-b74d-47e6-9002-787b86541f0e,Justin,1,,so bad you just can not win,0,27.0.03,2026-07-26T04:32:12,,
EA SPORTS FC Soccer Mobile 26,com.ea.gp.fifamobile,Gaming,9da3626c-8783-455f-ad42-c6b0734ef33e,Hisham Ms,5,,goood,0,27.0.03,2026-07-26T04:32:07,,
EA SPORTS FC Soccer Mobile 26,com.ea.gp.fifamobile,Gaming,7d8e10c9-d6df-4963-b74b-5883628aad80,Shakib Kham,5,,nice,0,27.0.03,2026-07-26T04:22:52,,
EA SPORTS FC Soccer Mobile 26,com.ea.gp.fifamobile,Gaming,d3847962-9fbb-4cf7-a570-1610e6bc47a4,DYLAN,5,,fun,0,27.0.03,2026-07-26T04:21:49,,
EA SPORTS FC Soccer Mobile 26,com.ea.gp.fifamobile,Gaming,4600d1be-d8f8-4879-9294-d7071776aa88,yousap maybe,1,,لعبه سيئه جدا جدا و حز سئ جدا جدا,0,27.0.03,2026-07-26T04:18:34,,
EA SPORTS FC Soccer Mobile 26,com.ea.gp.fifamobile,Gaming,730f8bba-d340-4644-a08c-11a7c99bc10c,Xavier Azevedo,5,,love it,0,27.0.03,2026-07-26T04:16:08,,
EA SPORTS FC Soccer Mobile 26,com.ea.gp.fifamobile,Gaming,079aedb1-1ea1-439c-a435-3eeaf630f49d,Fahmida,5,,I am a football lover,0,27.0.03,2026-07-26T04:13:01,,
EA SPORTS FC Soccer Mobile 26,com.ea.gp.fifamobile,Gaming,cfe98b06-1447-4aba-aa55-daea26a290ad,Joyce Idon,5,,I love it,0,27.0.03,2026-07-26T04:11:31,,
EA SPORTS FC Soccer Mobile 26,com.ea.gp.fifamobile,Gaming,ace75e87-720e-43b5-a688-37ed1c0b9a7b,Um Mo,5,,It has messi and ronaldo,0,27.0.03,2026-07-26T04:05:33,,
EA SPORTS FC Soccer Mobile 26,com.ea.gp.fifamobile,Gaming,ccda4b87-d936-41fb-8de7-4be7067a3314,tumelo nkafu,5,,it is too perfect keep it up ea,0,27.0.02,2026-07-26T04:03:00,,
EA SPORTS FC Soccer Mobile 26,com.ea.gp.fifamobile,Gaming,f63cf4ba-7469-432e-adef-91354563f812,Youssef Sherif,1,,The game needs modification,0,27.0.03,2026-07-26T04:01:02,,
EA SPORTS FC Soccer Mobile 26,com.ea.gp.fifamobile,Gaming,7e86e016-b59d-4dec-8b2b-9ca0ed8ee45c,Asser Haneen,4,,"The new update is great, but the game would be even better without internet.I wish the game would stop focusing on money, please.",1,,2026-07-26T03:55:09,,
EA SPORTS FC Soccer Mobile 26,com.ea.gp.fifamobile,Gaming,7865c64c-f841-4560-8da6-bc810766c1b6,H.M TOUSIF,5,,very very good game.i love this game❤️,0,,2026-07-26T03:52:21,,
EA SPORTS FC Soccer Mobile 26,com.ea.gp.fifamobile,Gaming,23bdbbe6-f447-4dbd-a6e4-716474d83f07,Imange Singama,5,,better then efootball,0,27.0.03,2026-07-26T03:50:51,,
EA SPORTS FC Soccer Mobile 26,com.ea.gp.fifamobile,Gaming,e7dfd295-33d9-4ad9-a784-5531c2e5fc1d,Discipline OrRegret,5,,the best football game way better than E football,0,,2026-07-26T03:43:47,,
EA SPORTS FC Soccer Mobile 26,com.ea.gp.fifamobile,Gaming,974ab902-4cc8-4f78-8104-48d3f0d9ce2e,Christopher Mapiki,5,,you are doing good,0,27.0.03,2026-07-26T03:41:25,,
EA SPORTS FC Soccer Mobile 26,com.ea.gp.fifamobile,Gaming,a8d87f03-1d02-489e-9470-fd23dbbe7cfe,Twirwaneho Jane,4,,super cool,0,27.0.03,2026-07-26T03:40:51,,
EA SPORTS FC Soccer Mobile 26,com.ea.gp.fifamobile,Gaming,b72cd300-735a-4f2e-aa72-89c153febdb6,Scelo Ndlela,5,,best game ever,0,27.0.03,2026-07-26T03:35:31,,
EA SPORTS FC Soccer Mobile 26,com.ea.gp.fifamobile,Gaming,7494872c-7fa7-4d52-aea0-28954859e68e,Hail Blazers,5,,it's a little bit harder than the regular one but it's still really fun,0,27.0.03,2026-07-26T03:30:36,,
EA SPORTS FC Soccer Mobile 26,com.ea.gp.fifamobile,Gaming,7e47727d-f7be-4bbb-afdd-7bfbf2936b5a,crazy Official,5,,games good,0,27.0.02,2026-07-26T03:27:33,,
EA SPORTS FC Soccer Mobile 26,com.ea.gp.fifamobile,Gaming,3157246f-ad43-4869-8d52-5419c7e6fa7e,Artin P,5,,is best fotbool,0,27.0.03,2026-07-26T03:27:29,,
EA SPORTS FC Soccer Mobile 26,com.ea.gp.fifamobile,Gaming,16ac51b7-65f0-444f-885e-cb77ff2b3249,Goodnews Gabriel,1,,"I can't log in into my real account, making me sign in again🤦‍♀️🤦‍♀️🤦‍♀️🤦‍♀️",0,27.0.03,2026-07-26T03:25:01,,
EA SPORTS FC Soccer Mobile 26,com.ea.gp.fifamobile,Gaming,8214b8f0-51b6-423c-80dd-c1976b23b10f,Ramesh Thapa,5,,good,0,27.0.03,2026-07-26T03:24:45,,
EA SPORTS FC Soccer Mobile 26,com.ea.gp.fifamobile,Gaming,4e6540b0-e88c-4d6b-829e-4903fc97da09,Sre P,1,,Stop giving draft we need our old fc mobile back🤧🤧,0,27.0.03,2026-07-26T03:22:22,,
EA SPORTS FC Soccer Mobile 26,com.ea.gp.fifamobile,Gaming,0fa1e17d-ac38-4bf4-91a7-6093d93fa111,Harmony,1,,so laggy,0,27.0.03,2026-07-26T03:20:13,,
EA SPORTS FC Soccer Mobile 26,com.ea.gp.fifamobile,Gaming,adf6b8b9-424f-46f1-b5ea-2cb18f929076,Kwame Sarpong,4,,this game his a hit! i like this game i havent yet updated mine... but i think the world gane will be 👍...,0,26.1.04,2026-07-26T03:18:52,,
EA SPORTS FC Soccer Mobile 26,com.ea.gp.fifamobile,Gaming,20e3103d-5552-40b9-a383-8eed45e0cf1a,MD RAHADUJJAMAN RIMON,5,,good,0,27.0.03,2026-07-26T03:15:48,,
EA SPORTS FC Soccer Mobile 26,com.ea.gp.fifamobile,Gaming,ac2343a9-e357-41a4-b06a-bff1f2647c6e,Half Life,4,,good game,0,27.0.03,2026-07-26T03:15:20,,
EA SPORTS FC Soccer Mobile 26,com.ea.gp.fifamobile,Gaming,0e050f42-21fa-4e44-93f3-6941f4b6aaa4,Thaniel CH,1,,"I OFTEN get stuck at 100% when entering a vs attack matches even tho my internet is good. Not just me, my friend also experienced this. FIX THIS.",0,27.0.03,2026-07-26T03:13:36,,
EA SPORTS FC Soccer Mobile 26,com.ea.gp.fifamobile,Gaming,e228875b-ec38-46ab-8412-ca1546e6ffeb,Forward Munenge,5,,awesome game,0,26.1.04,2026-07-26T03:11:19,,
EA SPORTS FC Soccer Mobile 26,com.ea.gp.fifamobile,Gaming,8d4de464-43a8-4239-9a69-c84e242d5a78,Aaron Myers,5,,good,0,27.0.03,2026-07-26T03:09:46,,
EA SPORTS FC Soccer Mobile 26,com.ea.gp.fifamobile,Gaming,73449def-654b-426d-8b23-041f61e64d01,TAM MK,1,,horrible ads,0,,2026-07-26T03:04:06,,
EA SPORTS FC Soccer Mobile 26,com.ea.gp.fifamobile,Gaming,e788845b-db26-4cd8-b979-ca4120043377,Jamar Waters,5,,lovin it,0,27.0.03,2026-07-26T02:58:52,,
EA SPORTS FC Soccer Mobile 26,com.ea.gp.fifamobile,Gaming,e23e0f03-a5d6-40b9-ab7a-80f9d6cce4d1,Harry,4,,Um great goals but it's something glitches lots,1,27.0.03,2026-07-26T02:58:33,,
EA SPORTS FC Soccer Mobile 26,com.ea.gp.fifamobile,Gaming,e5eb2fbf-e2e2-441b-ba5c-6379bb477681,Sara Atia,5,,love it,0,27.0.03,2026-07-26T02:56:04,,
EA SPORTS FC Soccer Mobile 26,com.ea.gp.fifamobile,Gaming,4ca5cc19-f8da-457a-be1a-9c16dccbab99,Ishan Malik,5,,very good,0,27.0.03,2026-07-26T02:56:00,,
EA SPORTS FC Soccer Mobile 26,com.ea.gp.fifamobile,Gaming,5314da9c-3262-4056-8a00-d202b31633f6,Stephen Acquah,5,,Good game,0,,2026-07-26T02:54:18,,
EA SPORTS FC Soccer Mobile 26,com.ea.gp.fifamobile,Gaming,62dfdb8b-8e37-4d32-b3d7-6dc8356f95c7,Boluwaji Ogedengbe,4,,it's actually a nice game,0,,2026-07-26T02:53:23,,
EA SPORTS FC Soccer Mobile 26,com.ea.gp.fifamobile,Gaming,7d66d01c-55cd-49f2-beb5-56ce4f49f0f5,Manisha Tamang,5,,Good game,0,27.0.03,2026-07-26T02:53:22,,
EA SPORTS FC Soccer Mobile 26,com.ea.gp.fifamobile,Gaming,44eaf883-7b1f-4a61-9a33-117f0a82b4ba,Aymen Metlas,1,,"Algeria 🇩🇿 is the only African team that isn't there, you deserve 01 star or less 👎🏽... there's no professionalism in ur work",0,27.0.03,2026-07-26T02:50:17,,
EA SPORTS FC Soccer Mobile 26,com.ea.gp.fifamobile,Gaming,5bbd1dc1-931d-42a9-bf36-5ebd65505d80,Nadia Ismail,5,,لعبة اسطورية,0,,2026-07-26T02:44:46,,
EA SPORTS FC Soccer Mobile 26,com.ea.gp.fifamobile,Gaming,f8873f67-dcdc-4587-9d79-d0b28ebe7802,Lerato Kaleni,5,,this game so cool,0,,2026-07-26T02:43:31,,
EA SPORTS FC Soccer Mobile 26,com.ea.gp.fifamobile,Gaming,606d2511-01fd-4edc-8332-1bfeba0517f0,Rahmuddin Razeqi,5,,its the best game,0,,2026-07-26T02:42:57,,
EA SPORTS FC Soccer Mobile 26,com.ea.gp.fifamobile,Gaming,c94b50dc-405f-4653-9410-47d7fd64fbdb,Jafor Rahman,5,,good gam,0,,2026-07-26T02:41:24,,
EA SPORTS FC Soccer Mobile 26,com.ea.gp.fifamobile,Gaming,f0d426c0-47a3-4b62-a418-6a4a8460c49c,Njabulo rambau,3,,the graphic,0,27.0.03,2026-07-26T02:38:25,,
EA SPORTS FC Soccer Mobile 26,com.ea.gp.fifamobile,Gaming,dd3a7c23-8215-46ff-9eae-438fe4f785e3,مهدی رزاقی,1,,full of bugs and so disappointing,0,27.0.03,2026-07-26T02:29:19,,
EA SPORTS FC Soccer Mobile 26,com.ea.gp.fifamobile,Gaming,ecf9f2c9-0cf9-4d63-b700-e58c9f7a836c,Nichole McPhie,5,,supa awesome !!!!!!!!!!!!!!!!!,0,27.0.03,2026-07-26T02:27:24,,
EA SPORTS FC Soccer Mobile 26,com.ea.gp.fifamobile,Gaming,e6940966-ec0a-4617-ab34-8292bcc552bd,SK Shanto Khan,5,,nice,1,27.0.03,2026-07-26T02:25:30,,
EA SPORTS FC Soccer Mobile 26,com.ea.gp.fifamobile,Gaming,21d8291b-3bfb-44c5-9baf-07af73611545,Paul Obiero,5,,good,0,27.0.03,2026-07-26T02:25:27,,
EA SPORTS FC Soccer Mobile 26,com.ea.gp.fifamobile,Gaming,b980a1e2-75d1-47af-9997-ad678ea4226d,David Steven,5,,good,1,27.0.03,2026-07-26T02:24:36,,
EA SPORTS FC Soccer Mobile 26,com.ea.gp.fifamobile,Gaming,a42435d9-2cdf-4a20-aaa7-f879d2871d3c,Ben Tetteh,5,,it is amazing,1,27.0.03,2026-07-26T02:22:35,,
EA SPORTS FC Soccer Mobile 26,com.ea.gp.fifamobile,Gaming,f769ed48-6113-498b-8f92-0d599b0e6bdc,Ajet Cani,5,,the game is genuinely terrible then you tackle your opponent the ball goes magically back to him I've broken multiple phones over this game and I think it should be entirely removed from playstore kids shouldn't be playing this demonic game it fills you with rage the amount of players that let the Ai play for the is wild and im giving this a 5 star so it won't get deleted,0,,2026-07-26T02:22:22,,
EA SPORTS FC Soccer Mobile 26,com.ea.gp.fifamobile,Gaming,11aab965-821c-4837-9710-66e981e2b8ea,Jemimmah Wambui,5,,good,0,27.0.03,2026-07-26T02:21:18,,
EA SPORTS FC Soccer Mobile 26,com.ea.gp.fifamobile,Gaming,a5978bff-a557-4ade-8627-351d8907ff54,Inside Rajib,5,,nice game ❤️,0,27.0.03,2026-07-26T02:15:54,,
EA SPORTS FC Soccer Mobile 26,com.ea.gp.fifamobile,Gaming,cab54b62-84d0-4474-a444-2869088065a6,Noble Kelvin,5,,"This new update has spoiled the game, skills don't work, goalkeepers are just standing there without diving, trivela doesn't work, some defenders seem to hv more pace than players like Mbappe, it has new features which are cool but the gameplay sucks ,the previous version was much better",0,27.0.02,2026-07-26T02:15:35,,
EA SPORTS FC Soccer Mobile 26,com.ea.gp.fifamobile,Gaming,2779f2b2-1ead-47c2-8552-56e59c48c6d0,Rafsan Ahmed,3,,very good game take love from bangladesh 🇧🇩🇦🇷,0,27.0.03,2026-07-26T02:12:02,,
EA SPORTS FC Soccer Mobile 26,com.ea.gp.fifamobile,Gaming,2d8f2797-3492-4cc2-bc01-51d2f6cac486,Faizan Gondal,5,,good,0,27.0.03,2026-07-26T02:11:13,,
EA SPORTS FC Soccer Mobile 26,com.ea.gp.fifamobile,Gaming,ab70dde5-a22f-487a-91fb-c763813e3a74,Masho Kebede,5,,Best Game Ever,0,27.0.03,2026-07-26T02:08:43,,
EA SPORTS FC Soccer Mobile 26,com.ea.gp.fifamobile,Gaming,b6fef4f9-efd1-4043-8bc5-b965f7ec4844,Thapelo Mola,5,,Fantastic 🩵I love it,0,,2026-07-26T02:07:01,,
EA SPORTS FC Soccer Mobile 26,com.ea.gp.fifamobile,Gaming,03c40c12-83b1-453e-9fae-8bab657297e6,Neel Dwivedi,5,,my favourite only Messi 🥷,0,27.0.03,2026-07-26T02:03:18,,
EA SPORTS FC Soccer Mobile 26,com.ea.gp.fifamobile,Gaming,7dd12cb4-6994-4ef2-a170-27c73940f495,Irum naeem,5,,POV: My Favourite Game,0,27.0.03,2026-07-26T02:01:45,,
EA SPORTS FC Soccer Mobile 26,com.ea.gp.fifamobile,Gaming,4a1a5752-81ef-4b5c-91b9-388bb56d90c3,Mohammadreza SH,5,,so fun,0,27.0.03,2026-07-26T02:00:48,,
EA SPORTS FC Soccer Mobile 26,com.ea.gp.fifamobile,Gaming,2f44be0c-6f7b-4b51-bf48-eee1ba24bcae,graycen mandrik,5,,cool beans game,0,27.0.03,2026-07-26T01:59:55,,
EA SPORTS FC Soccer Mobile 26,com.ea.gp.fifamobile,Gaming,1078a461-91af-49fb-8916-ccac735e8f6c,Samriddho Chatterjee,5,,good,0,27.0.03,2026-07-26T01:58:06,,
EA SPORTS FC Soccer Mobile 26,com.ea.gp.fifamobile,Gaming,43fd65d8-fd0e-4781-a7d7-48c636f8245a,emeka,1,,the defense is nonsense u ca not even take ball from an opponent well the ai those jobse control while I play the game is an error,0,,2026-07-26T01:56:49,,
EA SPORTS FC Soccer Mobile 26,com.ea.gp.fifamobile,Gaming,85d5d2fe-e967-4bf6-8200-c715d66a3b47,david Ntagazwa,5,,nice game nice graphics 💯,0,,2026-07-26T01:46:35,,
EA SPORTS FC Soccer Mobile 26,com.ea.gp.fifamobile,Gaming,b7711c3a-f0b8-4c67-af48-86fe3778729e,Sk JUWEL,5,,দার,0,27.0.03,2026-07-26T01:46:20,,
EA SPORTS FC Soccer Mobile 26,com.ea.gp.fifamobile,Gaming,9468254f-3614-4ee1-a928-4a131cda9ffc,Kama Tachi,5,,👍👍👍,0,27.0.03,2026-07-26T01:40:46,,
EA SPORTS FC Soccer Mobile 26,com.ea.gp.fifamobile,Gaming,34cb68d9-cfe9-4e65-bdb8-67c39a5262ac,Lucas Sarmiento,5,,nice game,0,27.0.03,2026-07-26T01:38:27,,
EA SPORTS FC Soccer Mobile 26,com.ea.gp.fifamobile,Gaming,90dc3584-c154-48de-bd93-b0e5dd5c1afe,Bakhtawar Gulll44,5,,",🤍",0,27.0.03,2026-07-26T01:37:51,,
EA SPORTS FC Soccer Mobile 26,com.ea.gp.fifamobile,Gaming,6ae5d875-3b4f-4795-8d3b-7d03fab6734b,Saint Dudley,5,,👍.,0,27.0.03,2026-07-26T01:37:09,,
EA SPORTS FC Soccer Mobile 26,com.ea.gp.fifamobile,Gaming,8a5d764c-3212-47a9-85e6-a1a442caed42,Abubakri Opeyemi,5,,cool apppppp,0,27.0.03,2026-07-26T01:36:09,,
EA SPORTS FC Soccer Mobile 26,com.ea.gp.fifamobile,Gaming,3ee6b8b0-3f50-4bf6-a302-94c3802fca8b,Angel Ruiz,5,,Zlatan the goat ♥️,0,27.0.03,2026-07-26T01:34:21,,
EA SPORTS FC Soccer Mobile 26,com.ea.gp.fifamobile,Gaming,4027faa9-bd39-4c86-b705-465b0ba87b87,Anzal Baloch,5,,great game and I wish face real add,0,27.0.03,2026-07-26T01:29:43,,
EA SPORTS FC Soccer Mobile 26,com.ea.gp.fifamobile,Gaming,87f528de-3c0c-4f31-b247-88a62d6a154f,Cody Lloyd,5,,is to good js like fc in real life,0,,2026-07-26T01:28:26,,
EA SPORTS FC Soccer Mobile 26,com.ea.gp.fifamobile,Gaming,d615e36a-0fb4-4c32-bef9-ccc3c6bfdf46,OMARI MTALI,5,,it's so accuracy,0,27.0.03,2026-07-26T01:26:01,,
EA SPORTS FC Soccer Mobile 26,com.ea.gp.fifamobile,Gaming,ca5bfdc1-7d61-4788-8b34-ae36dacab5e6,Temi Riche,5,,For fun,0,,2026-07-26T01:25:05,,
EA SPORTS FC Soccer Mobile 26,com.ea.gp.fifamobile,Gaming,970b5c50-e6ca-49f3-a013-f676a7f2fc43,Md Kalim,5,,best game,0,27.0.03,2026-07-26T01:22:21,,
EA SPORTS FC Soccer Mobile 26,com.ea.gp.fifamobile,Gaming,0f196ebf-6593-44cf-8034-8390efd40f4e,علیرضا پویافرد,5,,❤️‍🔥❤️‍🔥❤️‍🔥👍👍,0,27.0.03,2026-07-26T01:20:30,,
EA SPORTS FC Soccer Mobile 26,com.ea.gp.fifamobile,Gaming,e229bb5a-5856-4f5e-82ad-fb1e9ebde598,TOMEXAKA780,1,,bro game play is is not good the way they run like efootball is totally better,0,,2026-07-26T01:20:21,,
EA SPORTS FC Soccer Mobile 26,com.ea.gp.fifamobile,Gaming,177c8109-7f6d-43f6-93e5-07ee781a681b,Ateek Mirkar,5,,great,0,27.0.03,2026-07-26T01:18:39,,
EA SPORTS FC Soccer Mobile 26,com.ea.gp.fifamobile,Gaming,27504f19-ef7b-450a-9137-0a802bf7a19d,Aamna Khan,5,,you should be able to change your home teams more easily. l had to delete my account just to change it from Portugal to England. but a great game overall,0,27.0.03,2026-07-26T01:12:20,,
EA SPORTS FC Soccer Mobile 26,com.ea.gp.fifamobile,Gaming,ddb531e0-fc56-4f2f-af15-e648f5724a9c,Michael,1,,"I love the console version but on mobile it became one of the waste football games, efootball is now better, if you see these bring fifa 22 or 23 mobile gameplay versions to this because its worse",0,,2026-07-26T01:11:42,,
EA SPORTS FC Soccer Mobile 26,com.ea.gp.fifamobile,Gaming,c14056a3-3744-4f99-9efb-d86298ad8771,Sk Arman,5,,I think a good game,0,27.0.03,2026-07-26T01:09:51,,
EA SPORTS FC Soccer Mobile 26,com.ea.gp.fifamobile,Gaming,7b46765f-e142-435a-96cc-f0759d514e8c,Ramzia Khalilzada,4,,"my nickname in fc mobile is Saving_Fc Now this game is actually really fun they are adding ways to get 119 or 118 or 117 really easily. The only reason it is not a 5 star is because of the season passes or star passes,like there is basically nothing good in the free 2 play only good stuff in the p2w area. if u guys add good stuff like 116 or 117 in it it could be really fun. ALSO PLS DO A GAME RESET",0,27.0.03,2026-07-26T01:08:33,,
EA SPORTS FC Soccer Mobile 26,com.ea.gp.fifamobile,Gaming,614fcaf4-c0e3-42d9-a1f1-ed866b0286e3,Vidit upadhyay,5,,noic,0,27.0.03,2026-07-26T01:08:07,,
EA SPORTS FC Soccer Mobile 26,com.ea.gp.fifamobile,Gaming,540c705c-6e7d-4e92-94a9-80b5f3f37534,Patron Bassey,5,,is it online game,0,,2026-07-26T01:07:14,,
EA SPORTS FC Soccer Mobile 26,com.ea.gp.fifamobile,Gaming,7cd7afe4-a33d-4562-8955-68bbce8b363f,Zemikel Mandefro,5,,አመሰግናለሁ 🤣😪😓😞,0,,2026-07-26T01:07:01,,
EA SPORTS FC Soccer Mobile 26,com.ea.gp.fifamobile,Gaming,62411c8d-f092-480e-a3a7-cfc7a7febb09,Gio Var,5,,"awesome game, its so realistic that it even rigs games and makes referees blind just like in real life",0,27.0.03,2026-07-26T01:06:56,,
EA SPORTS FC Soccer Mobile 26,com.ea.gp.fifamobile,Gaming,b2796170-ca00-4397-8253-8dec4b896d92,Known Uchiha,1,,wors game ever after update,0,26.1.02,2026-07-26T01:06:48,,
EA SPORTS FC Soccer Mobile 26,com.ea.gp.fifamobile,Gaming,8878fe84-a7eb-4e45-8a8d-898fba818df8,Ahmed Fouad,5,,very clean and eazy,0,27.0.03,2026-07-26T01:05:29,,
EA SPORTS FC Soccer Mobile 26,com.ea.gp.fifamobile,Gaming,b239c6d4-fa0f-4e57-ac75-7e23d9f2468f,Oladele Moses,5,,excellent,0,27.0.03,2026-07-26T01:00:27,,
EA SPORTS FC Soccer Mobile 26,com.ea.gp.fifamobile,Gaming,a60f5860-11ec-4e7b-9df6-f364703180f1,nida rehman,5,,Better then Roblox,0,27.0.03,2026-07-26T01:00:00,,
EA SPORTS FC Soccer Mobile 26,com.ea.gp.fifamobile,Gaming,aea4e672-1cb1-4721-8b50-cd71ae86e505,Sultan Mohammadzai,5,,so good,0,27.0.03,2026-07-26T00:57:44,,
EA SPORTS FC Soccer Mobile 26,com.ea.gp.fifamobile,Gaming,76ef41e0-828e-4a7a-b4ad-951de4e04751,Siyanda Lindokuhle,5,,Wonderful game,0,27.0.03,2026-07-26T00:53:46,,
EA SPORTS FC Soccer Mobile 26,com.ea.gp.fifamobile,Gaming,7f49c3f5-ed5c-4d81-91ed-dd7cb565d856,Ddumba Meddie,5,,Just amazing game,0,27.0.03,2026-07-26T00:53:43,,
EA SPORTS FC Soccer Mobile 26,com.ea.gp.fifamobile,Gaming,5b1d789e-ea5c-4854-bbd2-9762de0259c3,Eca Aziza,4,,it is glitching all the times and they need to ad fc 27 on phone so that means everybody on phone can play fc27 not fc26,0,,2026-07-26T00:45:45,,
EA SPORTS FC Soccer Mobile 26,com.ea.gp.fifamobile,Gaming,ab5fb6e4-1f3a-4ae9-8458-fb9106a1bbc0,Rakesh Mandal,1,,If I have a option I would give it a minus rating. what a lag and what a worse game play it is. so frustrating and annoying. The players are out of place. The game control is worse.,0,27.0.03,2026-07-26T00:42:41,,
EA SPORTS FC Soccer Mobile 26,com.ea.gp.fifamobile,Gaming,012c6b7b-9788-4a98-a3c2-9fa445b32dc9,Mlungisi Dennis mvolo,5,,good 👍,0,27.0.03,2026-07-26T00:42:03,,
EA SPORTS FC Soccer Mobile 26,com.ea.gp.fifamobile,Gaming,14163db1-5041-4065-8e48-1abaa4c0191c,Bm ismam Bwishes,5,,good,0,27.0.03,2026-07-26T00:41:07,,
EA SPORTS FC Soccer Mobile 26,com.ea.gp.fifamobile,Gaming,4b92540a-15d8-49ca-aad6-97438fc6edb5,Abdulhadi khan,3,,it is a very good game and the graphics are perfect,0,27.0.03,2026-07-26T00:39:42,,
EA SPORTS FC Soccer Mobile 26,com.ea.gp.fifamobile,Gaming,7c04c29c-b0e2-4b3b-8bd2-92c1fac61728,Monil Islam,5,,good game..but takes too much patint to begenaes,1,27.0.03,2026-07-26T00:33:47,,
EA SPORTS FC Soccer Mobile 26,com.ea.gp.fifamobile,Gaming,cf55e755-22fc-4904-afda-587a058fd047,Abdulazim Yoldash,5,,cool game 🎯👍🌟,0,27.0.03,2026-07-26T00:32:48,,
EA SPORTS FC Soccer Mobile 26,com.ea.gp.fifamobile,Gaming,73f241b6-5af3-4b65-952d-5c398ce2ecee,Game play بالعربي,1,,"Really bad game and a bad server ,I don't know how you have 4.4 rate. You don't deserve it. You made the game more awful than before",0,27.0.03,2026-07-26T00:29:51,,
EA SPORTS FC Soccer Mobile 26,com.ea.gp.fifamobile,Gaming,24a527b3-68bc-45a1-be57-65d9805a3d2a,John Mtulo,4,,graphics are very good and cool,0,27.0.03,2026-07-26T00:28:56,,
EA SPORTS FC Soccer Mobile 26,com.ea.gp.fifamobile,Gaming,151a7fa9-379e-42e9-a3b9-e10698227253,მუხა მუხა,4,,I'm a girl playing this lol 😂😹,0,27.0.03,2026-07-26T00:26:08,,
EA SPORTS FC Soccer Mobile 26,com.ea.gp.fifamobile,Gaming,b8622d28-0411-49a3-a3bd-a302b8a69f4c,Joerrian Soetowidjojo,1,,my son cried because he said the nightmare mode was too hard pls make it easier 😡😡😓,0,27.0.03,2026-07-26T00:25:35,,
EA SPORTS FC Soccer Mobile 26,com.ea.gp.fifamobile,Gaming,9c0562f4-1d95-49ce-a35e-75f47ea2be25,Ronald Teofilo,5,,very good and recommended it,0,27.0.03,2026-07-26T00:22:24,,
EA SPORTS FC Soccer Mobile 26,com.ea.gp.fifamobile,Gaming,9c8d76d1-f9b3-4220-a050-02d9b82c1225,Elias Nhabanga,5,,it's great,0,,2026-07-26T00:22:09,,
EA SPORTS FC Soccer Mobile 26,com.ea.gp.fifamobile,Gaming,50859089-a46f-49c6-baf3-cc4a08c63fbd,Faiz Sheikh,5,,nice 🤩,0,27.0.03,2026-07-26T00:14:27,,
EA SPORTS FC Soccer Mobile 26,com.ea.gp.fifamobile,Gaming,60db1125-feab-471c-9d23-a8aade9cd3ed,Revanth G.Revanth,5,,good,0,,2026-07-26T00:11:32,,
EA SPORTS FC Soccer Mobile 26,com.ea.gp.fifamobile,Gaming,b43b553a-bbd4-4375-aa91-0abf05eefd0a,Jensen Lilley,3,,"this game is BAD, terrible, the controls are just unfair while playing against an AI team, it doesn't make sense how when we pass, we can't move our character but the AI's can. makes me mad cuz it's stupid, it's good but REALLY BAD. I was gonna put 1 star but since it does give out really op players sometimes so I do respect that, just please fix the junkie controls it's bad, and I'm not saying it is bad it just might be a skill issue but still. can we also CHANGE the music? it repeats a lot.",0,,2026-07-26T00:10:29,,
EA SPORTS FC Soccer Mobile 26,com.ea.gp.fifamobile,Gaming,e8e00e0d-f48c-4e81-913b-d2a582cc05f5,Umor Faruk,1,,nice,0,,2026-07-26T00:09:16,,
EA SPORTS FC Soccer Mobile 26,com.ea.gp.fifamobile,Gaming,cc1d0d6f-2f52-44d8-b0cf-d19b0754cefd,Regina Acheamponma,4,,best of the best,0,27.0.03,2026-07-26T00:04:12,,
EA SPORTS FC Soccer Mobile 26,com.ea.gp.fifamobile,Gaming,487e6c07-abc0-4be9-929a-d4775e5f14d0,Plus JJ nice,5,,now update version?,0,27.0.03,2026-07-26T00:04:00,,
EA SPORTS FC Soccer Mobile 26,com.ea.gp.fifamobile,Gaming,7f12ddd2-1209-45a8-840e-b9ad740489c3,Imrana Prova,5,,Who! best game forever,0,27.0.03,2026-07-26T00:03:14,,
EA SPORTS FC Soccer Mobile 26,com.ea.gp.fifamobile,Gaming,d30a0643-8088-4aef-831a-014075ab0d79,Solomon Paper,4,,"Whenever there's a literally a free kick the goal keeper ain't in the middle of the pole, also the fans should be real, Jersey's should change automatically when playing away. Goal celebrations should be more",0,24.0.02,2026-07-26T00:02:58,,
EA SPORTS FC Soccer Mobile 26,com.ea.gp.fifamobile,Gaming,37e9cf0f-d114-460b-b80c-32a577bc637a,Farjana Afrin,5,,nice game,0,27.0.03,2026-07-26T00:01:58,,
EA SPORTS FC Soccer Mobile 26,com.ea.gp.fifamobile,Gaming,96b0a474-4675-46d9-af60-d9eb510ac20f,Pauneikhup Vaiphei,2,,Please! add changing option for penalties/freekick taker during live match🙏🏻,0,,2026-07-26T00:01:05,,
EA SPORTS FC Soccer Mobile 26,com.ea.gp.fifamobile,Gaming,42808be9-e617-4fc3-9393-22d261d4cfa4,Justlord,5,,the best football game ever,0,,2026-07-25T23:59:21,,
EA SPORTS FC Soccer Mobile 26,com.ea.gp.fifamobile,Gaming,48782b28-5efe-40c4-ac68-f1f307833355,Kavita Panchal,5,,Very Very best game,0,27.0.03,2026-07-25T23:58:10,,
EA SPORTS FC Soccer Mobile 26,com.ea.gp.fifamobile,Gaming,5290604a-0de9-464a-bb1d-3c5c1167bd76,Mwaniki Ruth,5,,it's fun and enjoyable,0,27.0.03,2026-07-25T23:55:20,,
EA SPORTS FC Soccer Mobile 26,com.ea.gp.fifamobile,Gaming,cd917bc5-3656-4a54-93e3-45eaabf8b70f,Arbab Bhatti,2,,it's good game but my problem is my h2h match and end of the match my game stuck and no back plz fix my problem 😭,0,26.2.01,2026-07-25T23:55:13,,
EA SPORTS FC Soccer Mobile 26,com.ea.gp.fifamobile,Gaming,c195ab35-dd98-4c31-a30c-c9cb486e08d4,Ajay Pradhan,5,,😚,0,27.0.03,2026-07-25T23:55:09,,
EA SPORTS FC Soccer Mobile 26,com.ea.gp.fifamobile,Gaming,fb6e9922-3dd9-4ab8-8b56-8395db700488,Bonface Miano,4,,I like this game but fox it well,0,27.0.03,2026-07-25T23:51:24,,
EA SPORTS FC Soccer Mobile 26,com.ea.gp.fifamobile,Gaming,adff591a-51cf-4cd5-9c6a-4b1f9a2e9fda,Shashank Sharma,5,,bakwaas,0,27.0.03,2026-07-25T23:48:04,,
EA SPORTS FC Soccer Mobile 26,com.ea.gp.fifamobile,Gaming,03f023bd-3ed2-414c-8a5c-4de804ebdc20,Jad Kanjo,5,,I love the game,0,,2026-07-25T23:46:32,,
EA SPORTS FC Soccer Mobile 26,com.ea.gp.fifamobile,Gaming,9486da49-8252-41b4-8d97-79dee02bb6d0,abdul newmahn,5,,It is a football game that has realistic players and graphics,0,27.0.03,2026-07-25T23:43:45,,
EA SPORTS FC Soccer Mobile 26,com.ea.gp.fifamobile,Gaming,54e8831c-251f-4946-bf8d-1e938778bebb,azeez alex,4,,very good app,0,27.0.03,2026-07-25T23:41:27,,
EA SPORTS FC Soccer Mobile 26,com.ea.gp.fifamobile,Gaming,19752971-d1e9-42bd-8aae-f02652f53312,ThamZhenYan,1,,trash game only pay to win,0,27.0.03,2026-07-25T23:41:04,,
EA SPORTS FC Soccer Mobile 26,com.ea.gp.fifamobile,Gaming,774f337d-8faf-4c3d-8dd9-6c8ed5966157,Shyamal Roy,3,,ok,0,27.0.03,2026-07-25T23:40:42,,
EA SPORTS FC Soccer Mobile 26,com.ea.gp.fifamobile,Gaming,854368f1-97af-4f63-b8d2-e58ebe0b7ccc,Bryan Moore,5,,this game is the 3rd best game i have played,0,27.0.03,2026-07-25T23:38:19,,
EA SPORTS FC Soccer Mobile 26,com.ea.gp.fifamobile,Gaming,6e0c026e-88a1-4605-a7b5-947de4ee2b40,Gift Mello,5,,top tier stuff,0,27.0.03,2026-07-25T23:37:13,,
EA SPORTS FC Soccer Mobile 26,com.ea.gp.fifamobile,Gaming,37095c83-7c1c-48a2-ac07-5dd465697807,Jamuna Singha,5,,This is the best game in the world,0,,2026-07-25T23:36:19,,
EA SPORTS FC Soccer Mobile 26,com.ea.gp.fifamobile,Gaming,dfaef557-db7a-47bc-86cd-e387f99b1353,Sena Mngomezulu,5,,this game is peak actually better than peak I would highly recommend,0,,2026-07-25T23:35:14,,
EA SPORTS FC Soccer Mobile 26,com.ea.gp.fifamobile,Gaming,0d088fd2-c78f-4bae-9edd-2fa8e29b736f,Shameer Muhammed,5,,good,0,27.0.03,2026-07-25T23:31:28,,
EA SPORTS FC Soccer Mobile 26,com.ea.gp.fifamobile,Gaming,fb2b35de-a321-45d4-baf5-b031e70c6128,Julius Iyere,1,,Rubbish 🗑️😞,0,27.0.03,2026-07-25T23:30:20,,
EA SPORTS FC Soccer Mobile 26,com.ea.gp.fifamobile,Gaming,52b60ead-583b-4211-9f82-f9774ecfb521,Muhammed Jasir,5,,Good Football game 🎮 💯😍😍,0,,2026-07-25T23:29:48,,
EA SPORTS FC Soccer Mobile 26,com.ea.gp.fifamobile,Gaming,4ce1ce22-85b8-44bf-b5e5-3c539505577d,Arezou Mollaei,5,,it's so good,0,27.0.03,2026-07-25T23:29:21,,
EA SPORTS FC Soccer Mobile 26,com.ea.gp.fifamobile,Gaming,8e017217-c86f-47b1-8961-4a2f6ef52771,Rahim Gaming,5,,nice game,0,27.0.03,2026-07-25T23:28:48,,
EA SPORTS FC Soccer Mobile 26,com.ea.gp.fifamobile,Gaming,dbdc3876-984e-40ae-b635-cf863ecc5d30,rosibel ernandez,4,,it the best game ever but l miss Neymar Jr tho🥺,0,27.0.03,2026-07-25T23:26:27,,
EA SPORTS FC Soccer Mobile 26,com.ea.gp.fifamobile,Gaming,b12cba72-d62b-4c92-b93c-6c44e8c9f47f,MD FaysaIx20,5,,love,0,27.0.03,2026-07-25T23:24:37,,
EA SPORTS FC Soccer Mobile 26,com.ea.gp.fifamobile,Gaming,499eeeb8-ab55-4631-b6ed-cbf69fc08eb8,Kupakwashe Marumba,5,,so funny,0,27.0.03,2026-07-25T23:24:00,,
EA SPORTS FC Soccer Mobile 26,com.ea.gp.fifamobile,Gaming,c79769a3-8ac6-4ac2-aa94-4a9d47246b72,SH Abeer Naveed,5,,game is very best in football team Po rtugal Ronaldo best,0,27.0.03,2026-07-25T23:18:40,,
EA SPORTS FC Soccer Mobile 26,com.ea.gp.fifamobile,Gaming,0ff79387-418e-457c-950d-b4b1ee3f83bb,Draizy Ricky Tiz,5,,it doesnt work offline,0,27.0.03,2026-07-25T23:18:34,,
EA SPORTS FC Soccer Mobile 26,com.ea.gp.fifamobile,Gaming,966678d8-4f78-4411-ac4e-686fd1136b4a,padmaja swami,5,,I have no words left because if start writing it will go unlimited😆😆,0,,2026-07-25T23:14:11,,
EA SPORTS FC Soccer Mobile 26,com.ea.gp.fifamobile,Gaming,6762b08c-0667-4e21-8144-74eb1556b5de,Sumon Ahmed,5,,nice game,0,27.0.03,2026-07-25T23:13:54,,
EA SPORTS FC Soccer Mobile 26,com.ea.gp.fifamobile,Gaming,89221757-2079-4536-ada6-49c67e972b99,NEHA RAJPUT,5,,so beautiful game,0,27.0.03,2026-07-25T23:13:12,,
EA SPORTS FC Soccer Mobile 26,com.ea.gp.fifamobile,Gaming,c5a7669f-1ee0-4a23-a3fd-c04f305404c4,Tebogo Chiloane,5,,this Is one of the best games I have ever played ⚽😭🥀,0,27.0.03,2026-07-25T23:13:06,,
EA SPORTS FC Soccer Mobile 26,com.ea.gp.fifamobile,Gaming,b24ca4e1-eeb2-47a8-8a1d-4f2cebac3dd5,Ibrahim Mussa,4,,ok it's good,0,27.0.03,2026-07-25T23:12:31,,
EA SPORTS FC Soccer Mobile 26,com.ea.gp.fifamobile,Gaming,d44977f6-7aef-4165-9f36-5e0b4766f3c0,Elnazeer Mohammed,5,,good,0,27.0.03,2026-07-25T23:11:02,,
EA SPORTS FC Soccer Mobile 26,com.ea.gp.fifamobile,Gaming,76f9940e-3feb-41b5-911f-a21f66e781c9,Faizal shaikh,5,,good,0,27.0.03,2026-07-25T23:10:31,,
EA SPORTS FC Soccer Mobile 26,com.ea.gp.fifamobile,Gaming,c647a6a9-d85e-47bd-b88b-31b5b9442747,ArvinHpoor,5,,goood🔥✨😮‍💨😎,0,27.0.03,2026-07-25T23:07:18,,
EA SPORTS FC Soccer Mobile 26,com.ea.gp.fifamobile,Gaming,2ddfc3fb-18d8-4508-9c23-551975156f6b,sankalpa kc,5,,very nice game,0,27.0.03,2026-07-25T23:06:32,,
EA SPORTS FC Soccer Mobile 26,com.ea.gp.fifamobile,Gaming,e086ec95-e8f6-4f12-8dc2-561c190e5451,Ganiell Scholtz,5,,good,0,27.0.03,2026-07-25T23:03:30,,
EA SPORTS FC Soccer Mobile 26,com.ea.gp.fifamobile,Gaming,8e281f23-4b78-4719-8780-854b80ef4355,ZEHRAN,5,,best game ever and pes also,0,27.0.03,2026-07-25T23:03:02,,
EA SPORTS FC Soccer Mobile 26,com.ea.gp.fifamobile,Gaming,793d5b7a-4d49-4fd2-9929-f19377e3998a,Brendon BSM,5,,Great game,0,27.0.03,2026-07-25T22:57:45,,
EA SPORTS FC Soccer Mobile 26,com.ea.gp.fifamobile,Gaming,22e21ff5-15c5-4fda-9737-47072b14912c,Khokon Naiya,5,,nice app excellent work,0,27.0.03,2026-07-25T22:57:34,,
EA SPORTS FC Soccer Mobile 26,com.ea.gp.fifamobile,Gaming,bc9c222d-150b-4b02-a8b3-604aae97a138,Samim Alam,5,,nice game,0,,2026-07-25T22:55:50,,
EA SPORTS FC Soccer Mobile 26,com.ea.gp.fifamobile,Gaming,7c7c7242-0f98-4bbc-8405-88a8a98ea8a5,Lebogang Gaanakgomo,4,,nice,0,27.0.03,2026-07-25T22:50:51,,
EA SPORTS FC Soccer Mobile 26,com.ea.gp.fifamobile,Gaming,f6aaa79f-fbd5-41ed-904b-a0f9a0902cdc,RAJU.P Shravan,5,,player now ok,0,27.0.03,2026-07-25T22:42:51,,
EA SPORTS FC Soccer Mobile 26,com.ea.gp.fifamobile,Gaming,6d2ef123-728a-4564-8cea-c7ae4b309d4b,Nrbros,5,,my favourite game football and the animation of this game quality is 👍 good,0,27.0.03,2026-07-25T22:41:49,,
EA SPORTS FC Soccer Mobile 26,com.ea.gp.fifamobile,Gaming,ac860b6d-d1e4-4dba-a812-767a72cfea68,Nabaz Rawanduzy,5,,perfect,0,27.0.03,2026-07-25T22:41:37,,
EA SPORTS FC Soccer Mobile 26,com.ea.gp.fifamobile,Gaming,5fe4f539-7b74-44ec-b2d7-f12d0129c9ae,Menoka Biswas,5,,good,0,27.0.03,2026-07-25T22:41:34,,
EA SPORTS FC Soccer Mobile 26,com.ea.gp.fifamobile,Gaming,57e515b2-a4a9-4228-9b4f-c3a5d201f69f,Sohail Gulzar,4,,👍,0,27.0.03,2026-07-25T22:41:18,,
