app_name,app_id,category,review_id,username,rating,title,text,thumbs_up_count,review_created_version,at,reply_content,reply_at
Telegram,org.telegram.messenger,Social,7e70c870-c42e-4072-a9ee-9279af208cf2,Leo nardoHi,5,,Very safe application,0,12.9.1,2026-07-26T16:22:53,,
Telegram,org.telegram.messenger,Social,b997c348-2a89-4e7d-9e1b-6344d93425ec,ali panahi,1,,Best social network forever,0,12.9.1,2026-07-26T16:15:29,,
Telegram,org.telegram.messenger,Social,00686882-79d3-4f28-be48-d1c0ff86990f,Nuhu Happiness,1,,this app is really stressful I am unable to open a telegram account since,0,,2026-07-26T16:08:12,,
Telegram,org.telegram.messenger,Social,57b6debe-4e9a-4b3f-a8b9-04b5384e5591,Muhamad Faisal,1,,"cant even log in telegram, cant even receive sms or call.",1,,2026-07-26T15:36:48,"We're sorry to hear that. Please verify that your mobile plan includes active SMS coverage. Confirm Google Play Services are enabled on your device and disable any active VPN. If issues persist, contact sms@telegram.org with your phone number in international format as the email subject.",2026-07-26T16:30:48
Telegram,org.telegram.messenger,Social,606ece10-ca13-4a33-b4e4-499c3938102f,Gulay Gulzar,1,,worst app for sign up,0,,2026-07-26T15:34:32,,
Telegram,org.telegram.messenger,Social,88a28ceb-0219-4f8e-bab0-47406e2700f2,Yewegnesh Abate,5,,this app amazing,0,,2026-07-26T15:33:02,,
Telegram,org.telegram.messenger,Social,c1996078-c4c2-455c-ac89-d821410c4e30,jina Cole,1,,"it's so bad, like why do i need to pay 72₱ for just logging in my account? that's so insaneeee!!!",0,12.9.1,2026-07-26T15:33:00,,
Telegram,org.telegram.messenger,Social,68f86d9e-2832-44a0-9798-afdd6a8c0494,Gaurav Bhusal,1,,new premium feature has ruined the experience of using telegram our country doesn't support $ exchange normally and I cannot access to my telegram now on.,0,12.9.1,2026-07-26T15:30:46,,
Telegram,org.telegram.messenger,Social,534f5b91-3976-44c2-a4a7-efe2155d7cf8,Raneem,5,,تطبيق بجنن مفيد كثير,0,,2026-07-26T15:30:24,,
Telegram,org.telegram.messenger,Social,e3652567-11c7-4361-b8b0-a2c946d6eb1a,mohsen Nbz,1,,"in one of my accounts i can't post stories i think it's not good that the telegram has become a pay to win game, i think all of users should be equal. i mean why should somebody could watch your story without your knowledge? and bothering ad's too i think you're making people to buy premium version and that's not lovely. Telegram was my first choice but now i want the old app back and for letting you know I'm using it since 2015 !",0,12.9.1,2026-07-26T15:23:27,,
Telegram,org.telegram.messenger,Social,e86666d8-a0aa-40ae-9489-fecdba865dfa,Xometrix,5,,"Хотелось бы возможность останавливать бота, а не только блокировать, с пк такая кнопка имеется, а на телефоне можно только заблокировать, а команда /stop в большинстве ботов попросту отсутствует ибо создатели ботов хотят чтобы боты спамили и их нельзя было остановить и возобновить когда потребуется, а лишь заблокировать",0,12.9.1,2026-07-26T15:19:40,,
Telegram,org.telegram.messenger,Social,5c22d11d-1bd3-4b8a-a4f9-4c3f8d6f92fe,Sotton Das,1,,OTP problem,0,12.9.1,2026-07-26T15:11:50,,
Telegram,org.telegram.messenger,Social,05792e8f-d1be-4d9c-8235-cbc11a061c7f,yemg yemgmg,5,,အရမ်းချစ်တယ်ဘယ်တော့ထားမသွားဝူးနော်အာဘွား,0,12.9.1,2026-07-26T15:10:47,,
Telegram,org.telegram.messenger,Social,1356c8eb-1d63-41e9-862f-610418c95d70,Harish Nayak,5,,nice,0,12.9.0,2026-07-26T15:03:21,"Thank you for your review, we appreciate it!",2026-07-26T15:30:49
Telegram,org.telegram.messenger,Social,0e977030-a4f7-4c8d-97d2-682c4302c9ff,Abir Hasan,1,,"too much tried class app ,this app do big problem in my Gmail .I can't login my account you vary bad apps thank you",0,,2026-07-26T14:58:40,,
Telegram,org.telegram.messenger,Social,d889a74b-94fc-426d-8086-fc7d60efc70a,DE LEADER,1,,not received the code fix the problem,0,,2026-07-26T14:58:33,"We're sorry to hear that. Please verify that your mobile plan includes active SMS coverage. Confirm Google Play Services are enabled on your device and disable any active VPN. If issues persist, contact sms@telegram.org with your phone number in international format as the email subject.",2026-07-26T15:34:25
Telegram,org.telegram.messenger,Social,1197e67c-2c27-4191-830a-6d65ea29c282,Bardia Badrkoohi,5,,Best App ITW,0,12.9.0,2026-07-26T14:51:41,,
Telegram,org.telegram.messenger,Social,eca38e07-7ca4-48b9-a9e6-a9e447f5da00,Suchith B S,1,,someone else logged in to my account and without being gifted premium I can't even reset my account as 2fa goes to scammer account,0,12.9.1,2026-07-26T14:46:12,,
Telegram,org.telegram.messenger,Social,fc1c8c3c-0a67-4eed-a44c-1aed08cbae2b,Bahri,1,,sms fee?? yeah you wish !,0,,2026-07-26T14:41:11,,
Telegram,org.telegram.messenger,Social,fa6fd4e8-e1fa-427f-b433-74ccb3e669dc,Gabriel Kapuot,5,,excellent 👍,0,,2026-07-26T14:33:25,,
Telegram,org.telegram.messenger,Social,dde1b48c-457c-4903-af46-164231f55fef,Kawsar Mia,1,,telegram ar too much disgusting. here shows a too much ads 🤬,0,12.9.1,2026-07-26T14:32:15,,
Telegram,org.telegram.messenger,Social,036622ca-ca77-41b1-9ab4-da6f73f2f5e1,Abdul Hakim,1,,Saudi Arab salami sim SMS code problem,0,12.9.1,2026-07-26T14:29:29,"We're sorry to hear that. Please make sure you're using the official Telegram app. Verify that your mobile plan includes active SMS coverage. Confirm Google Play Services are enabled on your device and disable any active VPN. If issues persist, contact sms@telegram.org with your phone number in international format as the email subject.",2026-07-26T15:36:56
Telegram,org.telegram.messenger,Social,89dfd322-9337-4539-b0b9-72268cefb008,Ashraf Ali,5,,واقعا خیلی خوب است,0,12.9.1,2026-07-26T14:28:02,,
Telegram,org.telegram.messenger,Social,a4769678-1e55-4f8f-9562-0ce6274af22b,fatemeh Sadeghy,5,,It's very nice 👌,0,12.8.3,2026-07-26T14:19:14,,
Telegram,org.telegram.messenger,Social,04bcfda1-37b7-4c5e-ba4b-6cf32375069a,Robert Jonson,1,,"The app is great, but the customer support is nonexistent. You can leave a message asking for help, but no one ever responds. I left a request for help recovering my account two weeks ago, and no one cares. So if something happens to your account, don't count on getting help.",1,,2026-07-26T14:10:09,,
Telegram,org.telegram.messenger,Social,f5d4750b-f687-4548-a42e-5cfced757ddd,Spirit of Adventure,1,,not free. I've been using it for months with ups and downs like any app. But one day it tells me I have to pay to access or I cant use it. Honestly unacceptable for an app to do that without warning. I lost contact with many friends.,0,10.6.2,2026-07-26T14:09:40,,
Telegram,org.telegram.messenger,Social,7f5a22eb-c5de-4c8e-956d-43bfe9723c37,Komyo,5,,ေကာင်,0,12.9.1,2026-07-26T14:04:50,,
Telegram,org.telegram.messenger,Social,d0e9f5e8-e586-4720-b7e0-13cdaf0fbbbe,suraikahengkin31,5,,"""Fast, secure, and packed with useful features. One of the best messaging apps.""",0,12.8.3,2026-07-26T14:02:16,,
Telegram,org.telegram.messenger,Social,63d8b764-e7c7-4090-bb51-0c4a8f31b5d6,MD. MOEAN,1,,Very Very Bad App This App Log in time cost 200 BDT / 1$ for 1 week i rate 1 star for this bad app,0,12.8.3,2026-07-26T13:58:18,"Are you having an issue with the app? If so, please update the review text here to explain the problem and I may be able to help.",2026-07-26T14:37:45
Telegram,org.telegram.messenger,Social,b242b5bc-de64-4c0a-b6a0-fd3cd08832d3,Nitin Suba,4,,how to remove gif option which appears in place of emoji?,0,12.9.1,2026-07-26T13:51:13,,
Telegram,org.telegram.messenger,Social,de94afdd-9c52-45bf-9f1f-5785ddbaf7d0,pradeep k,5,,super,0,12.9.0,2026-07-26T13:50:41,,
Telegram,org.telegram.messenger,Social,f2b37f89-1e2e-4aa2-b303-4374f77c4bbf,Mani Singh,1,,I will always be facing issues connecting and updating in the app.. So Experiences are so worst and they take lot of time,0,12.9.1,2026-07-26T13:41:29,"If you see a 'Connecting...' message or a constantly spinning circle icon, that is a sign that your device isn't able to connect to Telegram.

If your connection is working for other apps and websites, it means your provider is limiting your ability to access Telegram – enabling a VPN or proxy service on your device will help you connect.",2026-07-26T14:30:48
Telegram,org.telegram.messenger,Social,6346073e-bb98-4799-8755-1021d0a88219,Badhaso Yasiin,5,,fast app,0,12.9.1,2026-07-26T13:36:16,We're glad that you're enjoying Telegram. Thank you for your review!,2026-07-26T14:35:49
Telegram,org.telegram.messenger,Social,077cbf3f-b37a-485c-b6a7-146bf58b2cf6,MD SOHAG,1,,কোড আসে কিন্তু লগিন হয় না/ আমার / আমার Grameen Sim,0,12.9.1,2026-07-26T13:32:58,"আপনার সমস্যার জন্য দুঃখিত। দয়া করে নিশ্চিত করুন যে আপনার মোবাইল প্ল্যানে এসএমএস কভারেজ সক্রিয় আছে। আপনার ডিভাইসে Google Play Services সক্রিয় কিনা তা নিশ্চিত করুন এবং কোনো সক্রিয় VPN নিষ্ক্রিয় করুন। সমস্যা অব্যাহত থাকলে, আপনার ফোন নম্বর আন্তর্জাতিক ফরম্যাটে sms@telegram.org এ ইমেইল করুন।",2026-07-26T14:38:49
Telegram,org.telegram.messenger,Social,8de37339-00e1-4136-a6d9-ef7a53d24520,Elias Caranzo,1,,dit not get a sms code,0,12.9.1,2026-07-26T13:23:12,"We're sorry to hear that. Please verify that your mobile plan includes active SMS coverage. Confirm Google Play Services are enabled on your device and disable any active VPN. If issues persist, contact sms@telegram.org with your phone number in international format as the email subject.",2026-07-26T14:31:38
Telegram,org.telegram.messenger,Social,85b630ff-4840-44d9-8fdb-69bb537b67d0,Phyo Ko,5,,v nice 👍,1,12.8.3,2026-07-26T13:14:44,,
Telegram,org.telegram.messenger,Social,eea6bfc2-d27b-4de5-80b1-806c999769f5,Ko Htet,4,,good,0,,2026-07-26T13:13:48,"Thank you, we're glad to hear you enjoy the app! If you’d like, you can change your review to 5 stars (a positive rating).",2026-07-26T14:34:09
Telegram,org.telegram.messenger,Social,8b740945-c17e-41c0-a131-fcfba642494a,Kundan Kumar,5,,thank,0,12.9.1,2026-07-26T13:11:46,,
Telegram,org.telegram.messenger,Social,4ad385d9-83d4-4ee4-8186-45ab99aed683,Actara Mk,2,,I can't login back to my account,0,,2026-07-26T13:02:07,I’m sorry that the app is currently not working perfectly for you. Could you please give more details? I’ll do my best to help.,2026-07-26T13:44:26
Telegram,org.telegram.messenger,Social,8588a51f-2efe-4749-95c2-e9068673bac4,Anis Khira,5,,Telegram Hamara start Nahin ho raha iska Karan kya hai,0,12.9.1,2026-07-26T12:59:36,,
Telegram,org.telegram.messenger,Social,1a3768f0-dabf-409a-979f-1186cfebcc5c,Ajit Kumar,1,,not open my phone please help account login problem,0,12.9.0,2026-07-26T12:58:20,Could you please tell us more about this problem?,2026-07-26T13:37:56
Telegram,org.telegram.messenger,Social,d2739fef-21a6-48ce-a2e5-df097c9cf608,piplu mdpiplu,1,,Bangladesh Robi Sim login problem,0,,2026-07-26T12:54:13,"We're sorry to hear that. Please verify that your mobile plan includes active SMS coverage. Confirm Google Play Services are enabled on your device and disable any active VPN. If issues persist, contact sms@telegram.org with your phone number in international format as the email subject.",2026-07-26T13:39:26
Telegram,org.telegram.messenger,Social,72a7862a-b5a2-4c45-a093-c175439eae45,Christian Kim,5,,Stupid app,0,,2026-07-26T12:46:33,,
Telegram,org.telegram.messenger,Social,62e30c61-7cf2-4815-bc10-e9351c0b6f55,Svarga Sura,2,,"always force close, while using the apps. please fix the bug",0,,2026-07-26T12:38:49,,
Telegram,org.telegram.messenger,Social,ff9bdfb2-07c9-4c14-ba0b-fb5cc0bf3042,Nikki Labrador,5,,"It's very easy to use, and the quality of the files/photos/videos are never compressed so it's always high-quality. My friends and I love using this to message each other!",0,10.11.2,2026-07-26T12:37:24,,
Telegram,org.telegram.messenger,Social,b53cd1ef-5fe6-43bc-a094-00df7127c7d1,lenin w,5,,good,0,12.6.4,2026-07-26T12:35:07,"Thank you for your review, we appreciate it!",2026-07-26T13:33:19
Telegram,org.telegram.messenger,Social,ce9aac4f-a2b2-418a-ae96-52b33fb3815f,Amali Homer,1,,pathetic,0,12.9.1,2026-07-26T12:30:53,I’m sorry that the app is currently not working perfectly for you. Could you please give more details? I’ll do my best to help.,2026-07-26T13:42:44
Telegram,org.telegram.messenger,Social,bc0f96a3-c7de-4148-a6fd-4c170d03c6da,maria sabiu,1,,I m maria,0,12.3.1,2026-07-26T12:27:07,,
Telegram,org.telegram.messenger,Social,e69b1cfd-dac4-4c67-addc-2763a457e852,Mjerumoney,5,,Its great what you do,0,12.6.4,2026-07-26T12:24:38,,
Telegram,org.telegram.messenger,Social,e362daed-8a2d-4951-bdc7-aef21054b5cd,U Lay,5,,Thank,0,12.9.1,2026-07-26T12:19:18,,
Telegram,org.telegram.messenger,Social,87c883fe-c59c-411e-9dc9-8a6e06545f72,Fahim Fahim,1,,বাংলাদেশ গ্রামীন সিম লগ ইন এসএমএস প্রবলেম,0,12.9.1,2026-07-26T12:18:35,,
Telegram,org.telegram.messenger,Social,a51f8eb3-5f89-4bfb-9d45-e99ccf55094e,Jashwa k.n Jashwa k.n,5,,good App,0,12.9.0,2026-07-26T12:17:06,Thank you very much for your kind words!,2026-07-26T13:35:49
Telegram,org.telegram.messenger,Social,6f0c4ae4-e14c-4af1-83e2-a2c1cd42dc35,Pazual Bawm,1,,Bangladesh Airtel sim login sms fee problem,0,12.9.1,2026-07-26T12:13:57,"We're sorry to hear that. Please verify that your mobile plan includes active SMS coverage. Confirm Google Play Services are enabled on your device and disable any active VPN. If issues persist, contact sms@telegram.org with your phone number in international format as the email subject.",2026-07-26T13:30:48
Telegram,org.telegram.messenger,Social,2e0c1ca6-89b9-4eb5-accf-c89414a2dd65,Jaechan,1,,"tidak bisa login,keterangan - an error accoured EMAIL_NOT_ALLOWED Please help me",0,12.9.1,2026-07-26T12:00:26,,
Telegram,org.telegram.messenger,Social,97de0671-a23b-4bba-8d1f-567921c64963,zane zane,1,,an useless app.,0,,2026-07-26T11:53:48,I’m sorry that the app is currently not working perfectly for you. Could you please give more details? I’ll do my best to help.,2026-07-26T12:37:44
Telegram,org.telegram.messenger,Social,c36d36d7-5b09-4232-84fc-ebd667f82e5b,CLEAVER SAMAKAYI,1,,scam app,0,12.9.1,2026-07-26T11:52:35,We're sorry to hear about your experience. Our team works hard to eliminate scams and spam. Please report any suspicious activity using the 'Report' option in the app or contact @NoToScam for assistance.,2026-07-26T12:38:34
Telegram,org.telegram.messenger,Social,fa57c906-339e-43e8-b9a9-5d68c2e220c2,nazi godiy,5,,عالیی,0,12.7.3,2026-07-26T11:52:34,,
Telegram,org.telegram.messenger,Social,c606c215-7d34-49cc-977a-99f3a587dae3,Bhagwaan Jundhare,5,,bater conversation app,0,12.8.3,2026-07-26T11:49:23,,
Telegram,org.telegram.messenger,Social,a84cdc5e-2012-455c-9d7a-be4e39d56f79,Naveen Jal,5,,nice aap,0,12.9.1,2026-07-26T11:45:58,,
Telegram,org.telegram.messenger,Social,f5ea09e2-a51b-4e29-a8b0-168f6f714c2e,Dart Chester,1,,"Unlike Discord, they use both email and a phone number, but Telegram doesn't even allow emails and only uses phone number, the problem is I don't have a SIM card yet because I'm 13, this is why I don't trust messaging apps that don't allow emails, but only phone number, they won't literally let the people who don't have phone numbers and SIM cards to log in, this app should add emails in the future so I can finally log in.",0,12.9.1,2026-07-26T11:41:25,,
Telegram,org.telegram.messenger,Social,b041f81f-dc84-4f18-bb8f-e28b2cb0ca92,ហ៊ា រតន,5,,Good,0,,2026-07-26T11:38:36,"Thank you for your review, we appreciate it!",2026-07-26T12:34:59
Telegram,org.telegram.messenger,Social,ac5750ce-1576-4975-b058-1b27aae9b1c4,Eze,1,,"Terrible app You have to pay to stop strangers messaging you which is usually free with most apps. Constant messages from scammers, pedophiles and all sorts. Must be even worse if you put your picture up.",0,12.9.1,2026-07-26T11:24:01,,
Telegram,org.telegram.messenger,Social,4fea1df1-582c-4f4c-aa96-405d31ff9be4,Wmp Wijerathna,3,,download speed was slowed please increase speed for students,0,12.9.1,2026-07-26T11:19:40,,
Telegram,org.telegram.messenger,Social,901994e4-c6b6-4bf5-a373-0e2f6d240579,Kate renheart sosa,1,,this is not free,0,,2026-07-26T11:18:25,,
Telegram,org.telegram.messenger,Social,197e6b96-2834-454e-bbe2-2784dd63a5b9,Najm Najm,1,,"unfortunately, the Support and Safety team is extremely unresponsive and poor. There is a clear neglect in handling user reports and issues, which is deeply frustrating for an app of this scale.""",0,12.9.0,2026-07-26T11:08:20,,
Telegram,org.telegram.messenger,Social,4aa151b9-3568-4c47-9c0b-c8b21a5bebf7,Anjie Aljimal,5,,great,0,12.9.0,2026-07-26T11:03:36,We're glad that you're enjoying Telegram. Thank you for your review!,2026-07-26T11:30:50
Telegram,org.telegram.messenger,Social,ccae5046-9748-40b6-a720-b9d5b9664e06,Kolachi Khan,1,,"Fake bot traffic on Telegram ads! Running campaigns for 3 Months — views and clicks are almost identical (1,001 views, 963 clicks), CTR always 90%+ which is not realistic. Checked my actual Telegram channel — zero real views matching these numbers. This is clearly bot-generated traffic, not real users. Emailed support multiple times, no response in 3 weeks. Wasting real money on fake impressions. Do not recommend until this is fixed.",0,12.9.1,2026-07-26T10:56:55,,
Telegram,org.telegram.messenger,Social,4f7d5b00-e5d0-4a72-b453-832893463cf8,Varsha Bakoliya,1,,"What a stupid app this is! I've been trying to send a photo for the past hour, but it's not sending and downloading so slowly. I even updated Telegram, I've done everything. But a photo could not be sent",0,12.9.1,2026-07-26T10:51:38,,
Telegram,org.telegram.messenger,Social,7c117bee-475c-4d81-8042-2b5c1038a4c4,Mahsa Sabaghi,2,,"The recent update is terrible. The app is stuck on ""connecting"" all the time, messages are not being sent at time and sending and downloading takes forever. what's happening?!",0,12.9.1,2026-07-26T10:37:36,We're sorry for the inconvenience. Please write us at support@telegram.org (obj: #playstore) with #connection in the text of the email in order to collect more information.,2026-07-26T11:40:18
Telegram,org.telegram.messenger,Social,76bd67cc-40f4-4bf5-b65c-5ef571e40824,Sayed Khan Mahmood Sadat,1,,what a bollshit app i log out my telegram but when i log in again in same mobile it requist me for 1$ per week for premium shame for you with this kind of action,0,12.9.1,2026-07-26T10:25:38,"We're sorry to hear that. Please verify that your mobile plan includes active SMS coverage. Confirm Google Play Services are enabled on your device and disable any active VPN. If issues persist, contact sms@telegram.org with your phone number in international format as the email subject.",2026-07-26T11:39:24
Telegram,org.telegram.messenger,Social,4f2c1c4f-9767-4225-9c21-3fa43dc082df,TG sophia,5,,i like it !i can download mods for minecraft,0,10.8.2,2026-07-26T10:24:25,,
Telegram,org.telegram.messenger,Social,eaec5f58-85e7-47e6-b683-8aacd4222fd5,Sanjeev Srivastav,1,,it's not secure. bad experience.,0,12.9.1,2026-07-26T10:19:19,,
Telegram,org.telegram.messenger,Social,a6c3980e-bb62-4953-82d8-0a100a54129f,Md Tipo,5,,SMS free Ashi,0,12.9.1,2026-07-26T10:18:10,,
Telegram,org.telegram.messenger,Social,7b55d89c-fc71-43a6-bb7e-10e0d994267c,Marie Falogme,5,,this app is beautiful,0,,2026-07-26T10:17:00,,
Telegram,org.telegram.messenger,Social,be58ec19-568b-43ff-bcd5-82e9d9815606,Gorden Yalakun,3,,is it not good asking for payment,0,,2026-07-26T10:15:46,,
Telegram,org.telegram.messenger,Social,088333bd-00d2-4f88-8fd0-086938087a93,Frank Nkonde,5,,The best app ever,0,,2026-07-26T10:08:11,,
Telegram,org.telegram.messenger,Social,62387190-192e-42c8-b265-18f00cffa3af,Msak Msak,1,,Mera number kyu banned kiya ?,0,12.9.1,2026-07-26T10:05:27,"Sorry for the inconvenience. Please contact recover@telegram.org, they handle banned phone number cases. Include phone number + country code of banned account, and details/context about the case. Never share your code with anyone, only use official apps, and ensure your devices are secured. Numbers can be unbanned if the case is a false positive.",2026-07-26T10:31:38
Telegram,org.telegram.messenger,Social,fceb598c-84ae-4498-b4db-bde4d2e8e8d9,Troy Verquin,1,,"not so great of an experience. lost two accounts so far, been flagged and banned from chats, and have no way of restoring functionality. I lost friends, I lost connections, I lost opportunities. this app is confusingly restrictive without compromise. the AI banned me from chats without reason or explanation. the chat admins have not been able to restore me due to the AI. AI makes me sick to the core. I'm done telegram. I am done.",0,,2026-07-26T10:03:33,"Sorry for the inconvenience. If your account is frozen, please send an appeal in Telegram. If the phone is banned, contact recover@telegram.org. Include phone number + country code, and details. Never share your code with anyone, use official apps, and ensure your devices are secured. Numbers can be unbanned if the case is a false positive.",2026-07-27T13:14:11
Telegram,org.telegram.messenger,Social,9e28b5c2-5b1a-4c32-b834-54be72d9b06e,arman home,5,,Nice Apps,0,,2026-07-26T10:02:35,,
Telegram,org.telegram.messenger,Social,46c43d0f-28a9-47d3-a3cb-2eb3b014fe64,Abhinav baiju Abhinav baiju,1,,i don't like this app because this app is worst i downloading a movie the movie download complete but after one second the movie not downloaded showing to me re download why iam very disappointed 🙂,0,12.6.4,2026-07-26T10:02:15,,
Telegram,org.telegram.messenger,Social,2d92385c-0be2-4860-8469-91a6235f57b5,Blaq Lotus,1,,this app sometimes has issues byw,0,,2026-07-26T10:01:49,,
Telegram,org.telegram.messenger,Social,3baa6691-eaa1-4393-a2ac-dab1970f192f,KOJO TRƏND GORD,1,,why do you ask for payment for registration?😡🤬,0,12.9.1,2026-07-26T09:58:08,,
Telegram,org.telegram.messenger,Social,ec4b01f7-6177-4a39-8c6e-6a223b8fc974,krishnum khanna,5,,"app is very useful but there is some issue some news regulated on this app is very intense and horrific, there must be some rules and regulations on what to share and what not , I am an adult but there are some kids also using telegram.",0,12.9.1,2026-07-26T09:58:08,,
Telegram,org.telegram.messenger,Social,acc5bcf1-4412-4a8c-8e5f-a605c75c31b7,Mohammad.Rezaul karim Shikder Nayon,5,,nice,0,12.9.1,2026-07-26T09:56:42,We're glad that you're enjoying Telegram. Thank you for your review!,2026-07-26T10:34:59
Telegram,org.telegram.messenger,Social,18d7b0e5-8ce6-4078-88ba-03eaf0be4579,SK Sohan,1,,Dear Telegram Team Plz Fix My Problem Bangladesh Grameen Phone Sim Code Problem,0,,2026-07-26T09:41:00,"We're sorry to hear that. Please make sure you're using the official Telegram app. Verify that your mobile plan includes active SMS coverage. Confirm Google Play Services are enabled on your device and disable any active VPN. If issues persist, contact sms@telegram.org with your phone number in international format as the email subject.",2026-07-26T10:38:35
Telegram,org.telegram.messenger,Social,b80111ab-2eac-4f81-8dc7-c94ecd682619,Monica Kokkat,1,,l can't open telegram,0,12.9.1,2026-07-26T09:35:44,I’m sorry that the app is currently not working perfectly for you. Could you please give more details? I’ll do my best to help.,2026-07-26T10:39:25
Telegram,org.telegram.messenger,Social,1f4c7917-661a-4cfc-98ef-c0eb1cfb86d1,Reem Ayman,1,,so bad,0,,2026-07-26T09:14:02,I'm sorry that you're experiencing an issue in the app. Please let us know more about it by going to bugs.telegram.org and reporting it there. That way our developers and support team can get more information to fix the issue.,2026-07-26T10:41:06
Telegram,org.telegram.messenger,Social,7df579f4-499a-437e-9db4-44f82e8bc2c4,Atria Djumantoro,1,,cant even login. it doesn't make any sense if i have to pay only for login,0,,2026-07-26T09:09:50,,
Telegram,org.telegram.messenger,Social,377565cc-4e68-4458-8bb5-d53a9be56d3e,Md Kamal,1,,"When trying to open a Telegram account on Grameenphone SIM from Bangladesh, the code is not coming, so no account can be signed in or signed up, please solve the problem.",1,12.9.1,2026-07-26T09:06:24,"We're sorry to hear that. Please make sure you're using the official Telegram app. Verify that your mobile plan includes active SMS coverage. Confirm Google Play Services are enabled on your device and disable any active VPN. If issues persist, contact sms@telegram.org with your phone number in international format as the email subject.",2026-07-26T09:36:05
Telegram,org.telegram.messenger,Social,e719654d-1c25-46e6-bb94-fcd06dfea731,गोतम गोतम,5,,⚜️✨,0,12.9.1,2026-07-26T09:05:52,,
Telegram,org.telegram.messenger,Social,b74ac7f6-dbc3-450c-ba3a-7a96388055e4,Py Savar,5,,ok,0,12.9.1,2026-07-26T09:00:08,,
Telegram,org.telegram.messenger,Social,4c550024-b114-4518-bbfe-0300932d52e7,Rishona Jeeyana,4,,recovery my my account,0,12.9.1,2026-07-26T08:52:14,"Thank you for the 4-star rating! If you have any feedback or suggestions, feel free to share them with us.",2026-07-26T09:41:06
Telegram,org.telegram.messenger,Social,303106e1-a08d-4ff0-aa88-6189a94779d2,santu santosh,1,,"updating,connecting not downloading anyi only showing this ,plz fix this problem",1,12.9.0,2026-07-26T08:51:27,,
Telegram,org.telegram.messenger,Social,dc3aa3e3-29d9-4a80-8ec9-2c128952a032,Ayesha tripathi,1,,batches nhi aa rhe h,0,,2026-07-26T08:50:40,,
Telegram,org.telegram.messenger,Social,38d8e8b2-6af3-41af-81b3-db37dbb763ba,Dood,1,,"Now paid only. Will force you to premium subs, take hostage of your data. Avoid at all cost. There are many other better alternatives.",0,,2026-07-26T08:33:38,,
Telegram,org.telegram.messenger,Social,5d634be6-9648-4732-a6ec-deb44864dafb,Shady Tannous,1,,Telegram was a great app. I changed phones and I had to download the app to log back in and it asked me to pay for premium service. what is that about? don't download waste of time,0,9.6.7,2026-07-26T08:27:35,"I'm sorry for the inconvenience you experienced. If the app asks you for an extra password at login, it means you added a Two-Step Verification password to your account. If you didn't also add a recovery email at that time, it is impossible to log in or reset the password if you forget it – requiring you to delete the account and recreate it.",2026-07-26T09:37:47
Telegram,org.telegram.messenger,Social,146838a4-170f-4056-b66d-66b4cea60aeb,Joydip Dhori,4,,it has more feature than you can imagine. that's the only sentence I can give you,0,12.9.0,2026-07-26T08:26:25,,
Telegram,org.telegram.messenger,Social,471e56de-c273-4ada-ad98-3e192dbc74ab,Alonso Castro,1,,"first impression, you have to pay for sign in.",1,12.9.1,2026-07-26T08:24:12,,
Telegram,org.telegram.messenger,Social,01981ad5-3eb0-405e-a9ce-f14af6e7b454,Saifan Raza,4,,very nice,0,,2026-07-26T08:06:15,"Thank you, we're glad to hear you enjoy the app! If you’d like, you can change your review to 5 stars (a positive rating).",2026-07-26T08:31:39
Telegram,org.telegram.messenger,Social,aeb10ead-4bd1-4892-b3ed-7eef362ec133,parmisa thapa,1,,it pay the SMS fee,0,,2026-07-26T07:59:12,,
Telegram,org.telegram.messenger,Social,f2cc18a6-6402-4ff7-aa5a-eb4e14a5ce75,Ez Muzaffiz,1,,"I'm unable to access the app because the previous user violated the rules, resulting in the account being frozen. As a new user, I can't use the app at this time. Thank you for nothing i guess.",0,10.13.4,2026-07-26T07:47:26,"Sorry for the inconvenience. If your account is frozen, please send an appeal in Telegram. If the phone is banned, contact recover@telegram.org. Include phone number + country code, and details. Never share your code with anyone, use official apps, and ensure your devices are secured. Numbers can be unbanned if the case is a false positive.",2026-07-27T13:23:58
Telegram,org.telegram.messenger,Social,4ab9334f-be15-4d00-8f15-703635c42d01,Chai Jin Xin,5,,"Fast, secure, and packed with useful features. I love the cloud storage, large group support, and smooth messaging experience.",0,12.9.1,2026-07-26T07:28:48,,
Telegram,org.telegram.messenger,Social,da7a3d22-13a7-4835-aeea-026523b1a1e6,Dave miguel,5,,wow,0,,2026-07-26T07:16:42,,
Telegram,org.telegram.messenger,Social,ff8bdcf1-3423-4c57-8891-2b95d498608f,Rasi Leaf,5,,Best messaging app in the world. A lot of features.,0,,2026-07-26T07:16:10,,
Telegram,org.telegram.messenger,Social,b0cbc41b-92b8-4fd3-9bdb-be156ff28e6c,Ko Phyoee,5,,very nice,0,,2026-07-26T07:14:54,We're glad that you're enjoying Telegram. Thank you for your review!,2026-07-26T08:34:09
Telegram,org.telegram.messenger,Social,1433eb50-665f-45dc-b28b-14643ba4b9c8,Augustine Bob,5,,tax and call,0,,2026-07-26T06:45:04,,
Telegram,org.telegram.messenger,Social,b211cbfe-8817-4558-9a86-517ef219d9ac,Khaliifaa Abdurehaman,5,,excellent thanks,0,,2026-07-26T06:44:20,,
Telegram,org.telegram.messenger,Social,8b8ab708-01a4-4c18-871c-b4989cccca30,Akrura Dharua,5,,Very Nice,0,12.9.0,2026-07-26T06:24:49,"Thank you for your review, we appreciate it!",2026-07-26T07:32:29
Telegram,org.telegram.messenger,Social,a9ffbbf2-a634-4fac-8257-939b6369162f,Ibrahim Dan mama,5,,Ibrahim 5 5,0,12.9.0,2026-07-26T06:17:27,,
Telegram,org.telegram.messenger,Social,e9803855-0343-4a75-a7de-e67061ad445c,ukoha chibuike,1,,"it exhausted data, how can you enjoy it when the data usage very hight in expensive i can watch video with telegram because is a data drainage",0,12.8.3,2026-07-26T06:07:10,,
Telegram,org.telegram.messenger,Social,27de5ef3-2440-4675-bfc0-595586cbafb8,Jehu Posadas,1,,careful they are asking for payment 1.49 is a scam be careful,0,10.8.2,2026-07-26T06:06:35,,
Telegram,org.telegram.messenger,Social,9914d6c8-4b3b-4e1c-9527-a498854d4f2b,Nat Warnock,1,,"App continues to go downhill since initial AI update, app now does not load images, GIFs, and videos on wi-fi.",4,12.9.1,2026-07-26T06:04:17,,
Telegram,org.telegram.messenger,Social,f9641322-74d8-44b9-90b7-66c79df278e0,Frimps Kwabs,5,,good,0,12.9.1,2026-07-26T06:03:19,"Thank you for your review, we appreciate it!",2026-07-26T06:30:49
Telegram,org.telegram.messenger,Social,42e95c59-7a6c-4795-b63d-5ea84d625de6,Ana Rahideh,5,,good,0,,2026-07-26T06:02:18,"Thank you for your review, we appreciate it!",2026-07-26T06:31:39
Telegram,org.telegram.messenger,Social,aa37796c-3abb-48fd-8ddb-a63625e2dd03,Cha Chu,1,,If you sent an oudio message it desepear if you touch it before it received Like imagine your talking from your heart and then you sent the message but you touch it once accidently and it deseperd They should but a tow options boton for it They made me so angry after a looooooong day💔💔,0,12.8.3,2026-07-26T05:54:47,,
Telegram,org.telegram.messenger,Social,ea47582c-f076-4914-b099-8e3271c59e42,Naj Zahra,5,,"its easier to use telegrams to be honest, its fun educational and mostly i put all my work stuff in here i love it.",0,12.9.1,2026-07-26T05:53:10,,
Telegram,org.telegram.messenger,Social,a57bcb10-ce9c-4346-bbe5-ccb3ff19fce2,হানিফ নোমান,5,,কোড আসে না কেন,0,,2026-07-26T05:47:12,,
Telegram,org.telegram.messenger,Social,938905d2-3158-4454-a386-9e52ef3fc32c,Eddie Mendoza,5,,very useful this apps,0,12.9.0,2026-07-26T05:39:12,,
Telegram,org.telegram.messenger,Social,fcceaf0d-619c-40ca-8d31-fa11d78f6a26,habib #_#,1,,so bad they keep asking for SMS fee I only want the information I saved In the app still can't login in My account I'm so disappointed just let get my info I will not use the app again,1,12.9.1,2026-07-26T05:22:38,,
Telegram,org.telegram.messenger,Social,d2f66e63-f114-4c73-a8e1-7074e0a991e1,Tina Ashtari,3,,"my telegram have is to bog peales reast .yes My Telegram hasn't been working properly for a while; when I download a video from a channel, it won't open, or it gets deleted automatically and starts downloading all over again. My data plan keeps running out quickly because of this, and I don't know the reason—it didn't use to be like this.pealse help to me.",0,12.9.1,2026-07-26T05:20:18,I’m sorry that the app is currently not working perfectly for you. Could you please give more details? I’ll do my best to help.,2026-07-18T20:45:17
Telegram,org.telegram.messenger,Social,b7ee720f-f088-4b46-96b0-d04479833b29,Word Toot,5,,ok,0,,2026-07-26T05:10:00,,
Telegram,org.telegram.messenger,Social,7a113a00-3a52-4cae-a9a2-240595127f0f,Nareswara,4,,"Kami ingin fiture story bagi pengguna non premium /reguler. Kami juga ingin tanda bahwa pesan telah diterima oleh perangkat penerima / mark as received / delivered to device status. Sekali lagi, kami semua ingin tanda bahwa pesan telah diterima oleh perangkat penerima.. kualitas Video call lebih bagus WhatsApp dibandingkan telegram Update 12.9.1 saat edit gambar selesai tapi tombol ceklis ✅ dan lainnya tidak ada",50,12.9.1,2026-07-26T04:48:04,,
Telegram,org.telegram.messenger,Social,d2a6409b-1673-495e-8346-b5e94aeacb94,ابوالفضل راشدی,5,,عالی,0,,2026-07-26T04:31:54,Thank you very much for your kind words!,2026-07-26T05:31:39
Telegram,org.telegram.messenger,Social,c3499deb-8304-49b5-8282-f7073c065e9b,Gautam Wadhwani,5,,It's high time. Enter social media market,0,12.9.1,2026-07-26T04:28:58,,
Telegram,org.telegram.messenger,Social,dd110843-c975-439b-8a9c-f0054b196f76,Aniket Saini,1,,signup error,0,12.9.1,2026-07-26T04:25:32,"We're sorry to hear that. Please verify that your mobile plan includes active SMS coverage. Confirm Google Play Services are enabled on your device and disable any active VPN. If issues persist, contact sms@telegram.org with your phone number in international format as the email subject.",2026-07-26T05:32:51
Telegram,org.telegram.messenger,Social,37a17b59-f841-4dfe-86d1-1ed945c69c99,Cindylenn Curtis,5,,love it,0,12.8.3,2026-07-26T04:13:53,,
Telegram,org.telegram.messenger,Social,148ad23b-824a-4c07-b6bf-0e9a00aee49c,leo turner,1,,you have to make sub to just make an account now. so you have to pay to use the app,0,12.9.1,2026-07-26T04:11:43,,
Telegram,org.telegram.messenger,Social,e3fb5870-8dc6-4ad3-89e5-5adaff4d1784,kevin eleuthere,5,,it was fine,0,12.9.1,2026-07-26T04:01:51,,
Telegram,org.telegram.messenger,Social,e6262798-edc6-4bf2-8768-add1e1c6f82b,Othie,1,,making people paying for sms and calls to verify instead of choosing to verify by gmail or Whatsapp just an app want more money and stupid af,0,12.7.2,2026-07-26T03:58:37,"We're sorry to hear that. Please verify that your mobile plan includes active SMS coverage. Confirm Google Play Services are enabled on your device and disable any active VPN. If issues persist, contact sms@telegram.org with your phone number in international format as the email subject.",2026-07-26T04:30:47
Telegram,org.telegram.messenger,Social,7fbe5fd9-d8c6-4b9c-9c5b-227d55cbf9a8,Joseph endurance,5,,nice application the graphics are user friendly and very secure I love this app,0,12.6.4,2026-07-26T03:39:50,,
Telegram,org.telegram.messenger,Social,8ee00a51-7d73-46e6-b5aa-de73849a216f,Saba Mola,5,,ok nwu,0,,2026-07-26T03:32:40,,
Telegram,org.telegram.messenger,Social,99e128b7-d0bd-4de4-9cec-c7d6a4783983,Laing Lin,5,,nice,0,12.9.1,2026-07-26T03:28:31,Thank you very much for your kind words!,2026-07-26T04:32:29
Telegram,org.telegram.messenger,Social,7862c532-8119-4901-9304-0ef1036f12d2,Petr,1,,"Trash, unable to login.Despite other device login to my account asking for email, put email enter received code error email not allowed above all Payment required for week subscription. Scam",0,12.9.1,2026-07-26T03:20:53,,
Telegram,org.telegram.messenger,Social,002befed-6d0b-4b1a-bfa8-32ac92352f1a,Rashed Mahmud,4,,good one not sure,0,,2026-07-26T03:17:53,,
Telegram,org.telegram.messenger,Social,c24dd595-5f1c-414a-abb2-5f00e1cf24e2,Yoni Yoni,5,,Best app,0,12.9.1,2026-07-26T03:10:46,Thank you very much for your kind words!,2026-07-26T03:30:49
Telegram,org.telegram.messenger,Social,77638f0f-95ee-40c6-b33e-b5e37697bbb0,Doreen Joseph,1,,finding it hard to get the verification code,0,,2026-07-26T03:03:41,"We're sorry to hear that. Please verify that your mobile plan includes active SMS coverage. Confirm Google Play Services are enabled on your device and disable any active VPN. If issues persist, contact sms@telegram.org with your phone number in international format as the email subject.",2026-07-26T03:33:37
Telegram,org.telegram.messenger,Social,29722a9c-c567-40bd-89bd-1ef9d5cdd037,Parnia,4,,توی این آپدیت به شدت کند شده. یو آی قبلی خیلی جذاب تر بود. ساده و راحت اینکه navigation bar پایین هست واقعا داره پایین رو سنگین میکنه چت های pin شده بهتر بود مثل قبل به میزان کمی رنگ متفاوتی داشته باشه رنگ متن ها و نحوه قرارگیری متون واقعا ناجالب هست. مثلا توی القاب مثل مالک ها یا ادمین ها. اسم ها از باکس بیرون زده منوی بالا که اسم خود اپلیکیشن و بخش more هست خیلی به لبه های موبایل نزدیک هست و اون فضای کافی برای تمرکز رو نمیده همچنین برای پروکسی، اذیت میکنه، میگه وصله ولی وصل نیست,0,12.9.1,2026-07-26T02:34:34,,
Telegram,org.telegram.messenger,Social,5a5a701e-4e5b-469e-bb16-2794f2a7bf65,જનકભાઈ વરસંગભાઈ સિંઘવ,5,,Very Very Nice App I❤️Love You Telegram ❤️❤️❤️❤️🥰🥰🥰🥰😘😘😘😘😘😘😘😘,0,12.9.1,2026-07-26T02:33:06,,
Telegram,org.telegram.messenger,Social,b91df720-c8c2-466e-a65d-769e96129644,RYON Devin,5,,"The best app possible, it has everything you are looking for in a messaging app.",0,,2026-07-26T02:17:10,,
Telegram,org.telegram.messenger,Social,5911afc0-56e7-4cad-a801-d322916ac7e9,paria Pahlevani,5,,بهترین سوپراپلیکیشن♥️,0,12.7.3,2026-07-26T02:14:46,,
Telegram,org.telegram.messenger,Social,a1e7c81d-6ab7-4c57-8edd-46384c01d764,Vuk A,4,,I opened the app and they sold me on ebay to a mafia to take me hostage ): not 5 stars,0,12.9.1,2026-07-26T01:55:29,,
Telegram,org.telegram.messenger,Social,ded47d59-698d-4d01-9365-c17d6a3b6b98,George,5,,this app is better than the other one keep up with the good work 👍,0,,2026-07-26T01:39:50,,
Telegram,org.telegram.messenger,Social,ce06a501-76aa-4948-8bfc-8246e507d345,Rahaman Habib,4,,Good app,0,12.9.1,2026-07-26T01:36:12,"Thank you for your review, we appreciate it!",2026-07-26T01:34:09
Telegram,org.telegram.messenger,Social,e6a75f38-d318-4168-8671-e1d120cb5a40,LINDA MATENDE,1,,I didn't receive code on my number kindly your help will b highly appreciated,0,10.1.3,2026-07-26T01:30:48,"We're sorry to hear that. Please make sure you're using the official Telegram app. Verify that your mobile plan includes active SMS coverage. Confirm Google Play Services are enabled on your device and disable any active VPN. If issues persist, contact sms@telegram.org with your phone number in international format as the email subject.",2026-07-26T02:38:33
Telegram,org.telegram.messenger,Social,bb2b93d0-e45a-4f86-a07e-c4a725283831,Shalom Kiya,5,,cool ui,0,12.7.3,2026-07-26T01:30:32,,
Telegram,org.telegram.messenger,Social,7b9223a5-cd3c-4b09-a52d-b3944fea7c6d,Alam Khan swat,1,,my account frozen,0,,2026-07-26T01:28:53,"Sorry for the inconvenience. If your account is frozen, please send an appeal in Telegram. If the phone is banned, contact recover@telegram.org. Include phone number + country code, and details. Never share your code with anyone, use official apps, and ensure your devices are secured. Numbers can be unbanned if the case is a false positive.",2026-07-27T13:24:07
Telegram,org.telegram.messenger,Social,9f289f2f-2de1-44b5-8054-623f050c3f93,SHERIN Jacob,3,,5.5/10,1,12.9.1,2026-07-26T01:23:54,,
Telegram,org.telegram.messenger,Social,e38a7c4a-dd22-4ade-b927-5bbed2cc581d,Celine Mechi,1,,please why can't I get my verification code to create my account?,0,12.9.1,2026-07-26T01:22:13,"We're sorry to hear that. Please verify that your mobile plan includes active SMS coverage. Confirm Google Play Services are enabled on your device and disable any active VPN. If issues persist, contact sms@telegram.org with your phone number in international format as the email subject.",2026-07-26T02:30:48
Telegram,org.telegram.messenger,Social,1dbd2569-f3f2-4423-8c16-063d678d6485,Darkstar Stranger,1,,Terrible Support. My account was hacked and my password was changed so I can't even see the code to delete my account BECAUSE I CANT SIGN IN. I sent multiple requests to support over the past week and no response from them. You'd think with being such a massive messaging app they'd have the bare minimum of support to help you get your account back. Or at least delete the account.,0,,2026-07-26T01:18:41,,
Telegram,org.telegram.messenger,Social,f66f412b-f436-4c1c-9693-1632bfd66e1b,Ayodele Sunday,5,,Fast communication,0,12.9.1,2026-07-26T01:16:18,,
Telegram,org.telegram.messenger,Social,abad6b3c-4111-40f7-b583-522cc4c1ad23,U Ba That Swe,5,,nice,0,,2026-07-26T01:05:50,Thank you very much for your kind words!,2026-07-26T01:33:19
Telegram,org.telegram.messenger,Social,3d6ed1d4-817a-4e49-b028-a0820c2019ce,Ehsan Heydari,5,,"I think Telegram is the best social network in the world and, in the truest sense, it is a super app. Thank you Pavel Durov.",0,,2026-07-26T01:00:46,,
Telegram,org.telegram.messenger,Social,875bcb0b-0b3d-4d14-b130-47b9743d7f4d,Sofia,5,,great,0,12.8.3,2026-07-26T00:59:29,We're glad that you're enjoying Telegram. Thank you for your review!,2026-07-26T01:34:59
Telegram,org.telegram.messenger,Social,8d5370e3-d230-4243-a39c-7f1fec6085cc,Sheikh Naeem1412,1,,I didn't receive the code,0,,2026-07-26T00:49:22,"We're sorry to hear that. Please make sure you're using the official Telegram app. Verify that your mobile plan includes active SMS coverage. Confirm Google Play Services are enabled on your device and disable any active VPN. If issues persist, contact sms@telegram.org with your phone number in international format as the email subject.",2026-07-26T01:45:14
Telegram,org.telegram.messenger,Social,1a2dabb0-7234-409f-a3fe-f63ef2228224,Kaleab Debele,1,,u can't sign in with ur email 😞 what if i don't need premium version 😭,1,12.9.1,2026-07-26T00:42:06,,
Telegram,org.telegram.messenger,Social,be87cace-d3f9-45d9-9315-0c34dc52fd52,Abolfazl Hasani,5,,perfect,0,12.8.3,2026-07-26T00:37:26,Thank you very much for your kind words!,2026-07-26T01:38:19
Telegram,org.telegram.messenger,Social,4fbc635d-bd10-4402-ae73-ad9119327faa,Md.saifulislam sadi,1,,লগইন করা যায়না কি হয়েছে দেখতো,0,12.9.1,2026-07-26T00:35:04,,
Telegram,org.telegram.messenger,Social,c043bb4d-3c30-4791-933d-dbd6f3855cdb,CyberCinnamonRoll,1,,"An absolute scam. I've had my account for 8+ years, and now they're demanding a payment just for me to be able to login.",1,12.9.1,2026-07-26T00:26:27,,
Telegram,org.telegram.messenger,Social,7e49db55-c5e3-44ad-8a74-5732c8640fcc,Janet,5,,love it,0,12.9.1,2026-07-26T00:25:10,,
Telegram,org.telegram.messenger,Social,4446baae-e167-4fe4-a1f6-34b1a2be44d7,Nahili,5,,"Thanks again,",0,,2026-07-26T00:21:17,,
Telegram,org.telegram.messenger,Social,041914d7-1c93-455b-9beb-53988e33508d,Quotex Trading,5,,nice,0,,2026-07-26T00:14:00,"Thank you for your review, we appreciate it!",2026-07-26T01:41:39
Telegram,org.telegram.messenger,Social,85527609-8d1a-4b78-834a-aaf75628bf3d,Dhorone Ry,5,,good,0,,2026-07-26T00:09:46,Thank you very much for your kind words!,2026-07-26T00:32:29
Telegram,org.telegram.messenger,Social,f9584905-da4b-44cd-87e8-d6fe4596950a,REDWAN Abrar,5,,hikma,0,12.9.1,2026-07-26T00:05:05,,
Telegram,org.telegram.messenger,Social,f7ce63ab-dab3-4e73-8d8c-9d1d419172b8,G Krishnamurthi,5,,happy,0,12.9.1,2026-07-26T00:02:50,,
Telegram,org.telegram.messenger,Social,b59160e6-49a1-472f-9549-701f97294e73,Siyam Gamer,1,,Now telegram charging money for use this app😆,1,12.9.0,2026-07-25T23:26:43,,
Telegram,org.telegram.messenger,Social,26624e16-5322-4fac-ad1e-aa4feb18e906,Gedion Fitness,5,,good,0,12.9.1,2026-07-25T23:25:02,Thank you very much for your kind words!,2026-07-26T00:34:59
Telegram,org.telegram.messenger,Social,0e17f311-9f1a-4894-9c14-088cbd3c2f53,Jon Pham,1,,switch to another app. telegram is now locking people out of their accounts and to sign back in even if you could get to that page it will ask you to charge for SMS basically paying for premium. emailing support will yield you no responses and on here it looks like it's just from AI,1,12.9.1,2026-07-25T23:21:51,,
Telegram,org.telegram.messenger,Social,2bb0673e-80e4-4ae2-b9e9-bb81517792bf,Kunal Patil,5,,nice application,1,12.9.1,2026-07-25T23:13:28,,
Telegram,org.telegram.messenger,Social,d2d55e54-dad2-4cbd-b2fb-d421061df7b4,Pro Ese,5,,ቴሌግራም አልገባኝም,0,,2026-07-25T23:12:42,,
Telegram,org.telegram.messenger,Social,75b1fd65-2880-4960-bfeb-c6c009dadcce,Bobby Haney,1,,i did not ask for this app,1,12.8.3,2026-07-25T23:11:21,,
Telegram,org.telegram.messenger,Social,ab990a3d-1dc5-490e-96f7-855ed19ba881,ABHO ZAAN,1,,sms fee it feels like terrible.please solve this problem with attached Gmail confirmation it's safe.if I can't create any account where did I get code,1,12.9.1,2026-07-25T23:05:15,,
Telegram,org.telegram.messenger,Social,90bb56d3-bf16-4618-aebe-da0c3e9d9f7c,SURESH MAHATO,4,,nice app plice me rakamant inshtol plice,0,12.9.1,2026-07-25T23:01:57,,
Telegram,org.telegram.messenger,Social,98697a04-c305-4be2-8965-f848994f3007,Alexandr Kondratyev,1,,тех поддержки нет. так что если у вас украдут аккаунт а это довольно легко делается то вы его не вернете даже если симкарта у вас на руках и это смешно просто... ватсап куда более секьюрный.,0,12.9.1,2026-07-25T22:57:32,,
Telegram,org.telegram.messenger,Social,35d004bb-0943-49db-81d2-28eec2bee6ef,md rimon,5,,🍫,0,12.9.1,2026-07-25T22:53:44,,
Telegram,org.telegram.messenger,Social,07443881-17e0-43b2-b0d2-4b88be4c1a75,Nikolay Zyuzin,5,,"This is a wonderful messaging app. While a lot of people know telegram only as an ""illegal deals app,"" this is definitely a wrong view on it.",11,12.9.0,2026-07-25T22:51:32,,
Telegram,org.telegram.messenger,Social,0bf1efea-8477-4afd-9261-b584b096f911,Hhc FddzA,5,,what happened to the telegram,1,,2026-07-25T22:50:07,,
Telegram,org.telegram.messenger,Social,456c91b4-f17f-4072-9c10-e2fc1f94e8a3,Mohit Basak,5,,best app in my life ♥️♥️♥️♥️👍👍👍,0,12.9.1,2026-07-25T22:48:35,,
Telegram,org.telegram.messenger,Social,1cc8b096-92d3-4d91-bf07-c8c26a41b283,SK. Opu,1,,ভেরিফিকেশন কোড আইতেছেবাংলালিংক সিম,0,12.9.1,2026-07-25T22:47:50,"আপনার সমস্যার জন্য দুঃখিত। দয়া করে নিশ্চিত করুন যে আপনার মোবাইল প্ল্যানে এসএমএস কভারেজ সক্রিয় আছে। আপনার ডিভাইসে Google Play Services চালু আছে কিনা তা নিশ্চিত করুন এবং কোনো সক্রিয় VPN বন্ধ করুন। সমস্যা অব্যাহত থাকলে, sms@telegram.org এ আপনার ফোন নম্বর আন্তর্জাতিক ফরম্যাটে ইমেইল বিষয় হিসেবে পাঠান।",2026-07-25T23:39:34
Telegram,org.telegram.messenger,Social,5fd7b1a0-63cd-48cd-b66c-8cf6d6aa1fa7,⃝,1,,Es totalmente inaceptable que el código de verificación te tenga que llegar a la app de Telegram cuando claramente no tienes la sesión abierta. 0/10. Edit: Ahora incluso me fuerza a pagar para iniciar sesión. Totalmente inaceptable,4,12.9.1,2026-07-25T22:46:55,"We're sorry to hear that. Please verify that your mobile plan includes active SMS coverage. Confirm Google Play Services are enabled on your device and disable any active VPN. If issues persist, contact sms@telegram.org with your phone number in international format as the email subject.",2026-07-25T23:30:47
Telegram,org.telegram.messenger,Social,fe4a2d7d-b83e-48a3-b3e6-a3f997712ef1,Saravanan NM,5,,"menu 3 dots, search button and back button not visible in dark mode on Android 12 oneplus device",0,12.9.1,2026-07-25T22:46:21,,
Telegram,org.telegram.messenger,Social,660f6fda-ae8f-4226-b5da-848ca2378f5a,GANKUTSUOU,1,,"I used to love telegram but it's been almost 2 weeks and I got restrictions for no reason, I already sent email to the support but there's no reply. Please review my account manually, Iam sure the restriction is made by mistake.",57,12.9.1,2026-07-25T22:38:26,,
Telegram,org.telegram.messenger,Social,9803ec52-580c-48dd-b923-ebace270bc7a,im loc,5,,gooooooooooodddddddddd🩵🩵🩵🩵🩵🙏🏻,0,12.9.1,2026-07-25T22:37:04,,
Telegram,org.telegram.messenger,Social,9c548c7e-6554-4300-a6a2-8080b25b5739,giga sang,5,,very good,0,12.9.1,2026-07-25T22:19:12,Thank you very much for your kind words!,2026-07-25T23:36:39
Telegram,org.telegram.messenger,Social,32ebaec1-34c0-4043-9b62-8d87e6c76865,Md Amin,1,,Bangladesh is banglalink smc verification code asena telegram,0,12.9.1,2026-07-25T22:15:53,"We're sorry to hear that. Please verify that your mobile plan includes active SMS coverage. Confirm Google Play Services are enabled on your device and disable any active VPN. If issues persist, contact sms@telegram.org with your phone number in international format as the email subject.",2026-07-25T23:32:27
Telegram,org.telegram.messenger,Social,c88715a3-1074-4033-b7f0-d9e07ec055f7,iliya merati,5,,"Why I can't leave a story?? in past I can, but now after the last update I couldn't leave a story please help me!",0,12.9.1,2026-07-25T22:15:26,,
Telegram,org.telegram.messenger,Social,0889cbd5-a448-49a7-8f49-10a3cc084351,CH Ahmad,2,,very good but is ky id bohat mushkil bantii ha,0,12.9.1,2026-07-25T22:02:08,,
Telegram,org.telegram.messenger,Social,644bf346-8a45-43b1-ba75-a2593106c5d6,Bilal althaf,1,,my phone number is banne too bad situation 💔,0,12.9.1,2026-07-25T21:55:50,"We apologize for the inconvenience caused. You can contact recover@telegram.org. Include phone number + country code of affected account + details/context about the case. If it's a false positive, the number can be unbanned. Avoid using 3rd party/unofficial apps. If multiple accounts were banned, you may have a compromised device.",2026-07-25T22:41:58
Telegram,org.telegram.messenger,Social,69ea89b0-74e9-4ab9-81c3-e51b8ff755f1,Arina Kirichenko,1,,"A terrible app. Sometimes it works fine, but other times it’s just awful. It takes ages for my voice messages to load, and sometimes they don’t load at all. My internet connection is fine; all my other apps work perfectly and without any glitches.",0,12.9.1,2026-07-25T21:54:42,,
Telegram,org.telegram.messenger,Social,5c046fb7-1eb1-4489-bb0b-09214f078aee,Shijil K,3,,good,0,,2026-07-25T21:50:27,"Thank you, we're glad to hear you enjoy the app! If you’d like, you can change your review to 5 stars (a positive rating).",2026-07-25T22:31:39
Telegram,org.telegram.messenger,Social,b6d57dbb-db87-4840-ad3a-9194084805a1,arif Ahmed,1,,পাসওয়ার্ড আয়নার লগইন,0,,2026-07-25T21:48:42,,
Telegram,org.telegram.messenger,Social,053f83ee-d87b-4f4a-8029-ec692233faae,Poonam Choudhary,5,,good,0,12.9.1,2026-07-25T21:46:37,"Thank you for your review, we appreciate it!",2026-07-25T22:36:39
Telegram,org.telegram.messenger,Social,eb504cdf-0587-4986-b6fb-f8820970d3e9,Fine Maleka,5,,it is a very great app the best type of app I have used,0,12.9.1,2026-07-25T21:38:59,,
Telegram,org.telegram.messenger,Social,92b51ea3-ffbb-4bd3-b057-15599172df01,SYL RAMIM,1,,this aapp is my 🤑,0,12.8.3,2026-07-25T21:36:26,,
Telegram,org.telegram.messenger,Social,c7847634-52be-4a36-88e8-a3e9dfb834e1,Leo,2,,"i can't send music files from my phone's storage, it just can be sent as file, how can i fix it?",0,12.9.0,2026-07-25T21:35:50,,
Telegram,org.telegram.messenger,Social,f5deb1d0-efe1-4389-9106-8c82fe92ecb3,MD jalal Jalal,1,,Bangladesh Robi SIM login code SMS problem,0,,2026-07-25T21:28:18,"We're sorry to hear that. Please verify that your mobile plan includes active SMS coverage. Confirm Google Play Services are enabled on your device and disable any active VPN. If issues persist, contact sms@telegram.org with your phone number in international format as the email subject.",2026-07-25T22:30:48
Telegram,org.telegram.messenger,Social,17ee7cfa-0517-4b2f-81e5-99adb161df65,Min Khant Ko Ko,1,,not free,0,12.9.1,2026-07-25T21:25:17,,
Telegram,org.telegram.messenger,Social,f1ad7671-2d6e-4c84-93c0-834e36f5b5b1,Degefaw Takele,5,,good,0,12.9.1,2026-07-25T21:23:30,We're glad that you're enjoying Telegram. Thank you for your review!,2026-07-25T22:38:19
Telegram,org.telegram.messenger,Social,0e93ce8f-8840-47b8-b7e5-d0a94267ba94,Liaaa azha,5,,"This app is very useful and user-friendly. The design is nice, and the performance is good. Thank you to the developers for creating this app.",0,12.8.3,2026-07-25T21:22:21,,
Telegram,org.telegram.messenger,Social,1dd90bc8-433a-425e-96c3-2b67247defb5,Dodop Sho,5,,it is perfect app,0,12.5.1,2026-07-25T21:18:20,,
Telegram,org.telegram.messenger,Social,009c5a0b-a08a-4d4a-b27d-27c63f93d8ec,Shrinivas Dhage,1,,email verification is annoying,1,12.9.1,2026-07-25T21:01:44,I’m sorry that the app is currently not working perfectly for you. Could you please give more details? I’ll do my best to help.,2026-07-25T21:41:53
Telegram,org.telegram.messenger,Social,6771f735-7a83-4e8c-b1f2-15f34127262b,Rahel Tsegaye,5,,I like it,0,12.8.3,2026-07-25T20:58:31,,
Telegram,org.telegram.messenger,Social,439f0b20-9ef7-425f-8552-5d49b154f76c,Abhinav Tyagi,5,,excellent,0,12.9.0,2026-07-25T20:56:03,"Thank you for your review, we appreciate it!",2026-07-25T21:34:59
Telegram,org.telegram.messenger,Social,6c2326c6-0419-4770-bfc0-031885629131,Mst Anika,1,,Grameenphone number sms problem,0,12.9.1,2026-07-25T20:55:46,"We're sorry to hear that. Please verify that your mobile plan includes active SMS coverage. Confirm Google Play Services are enabled on your device and disable any active VPN. If issues persist, contact sms@telegram.org with your phone number in international format as the email subject.",2026-07-25T21:30:47
Telegram,org.telegram.messenger,Social,1af5a6f7-c382-4201-82ed-d76bb7ddcbb5,Arabinda Sahoo,1,,faltu app,0,12.3.1,2026-07-25T20:51:28,I’m sorry that the app is currently not working perfectly for you. Could you please give more details? I’ll do my best to help.,2026-07-25T21:43:31
Telegram,org.telegram.messenger,Social,8f8fa62f-2a60-424b-aa8e-5c1652be3e13,Sanad Mohasean,1,,ليش ادفع عشان ادخل تطبيق,0,12.6.3,2026-07-25T20:37:38,,
Telegram,org.telegram.messenger,Social,8b2d8a48-78c7-44c2-af09-d7f635b2b3d2,David ciure Gatiku,5,,very fast and responsive,0,12.9.1,2026-07-25T20:27:52,,
Telegram,org.telegram.messenger,Social,c89db47f-3655-469b-9797-65ac3846480b,Satyam Pal,5,,गरीबों का मसीहा Telegram,0,,2026-07-25T20:27:33,,
Telegram,org.telegram.messenger,Social,ddc7dc5e-7f8b-4916-b554-42618f85b1d6,Bimerw Werqw,5,,good,0,,2026-07-25T20:24:50,"Thank you for your review, we appreciate it!",2026-07-25T21:39:59
Telegram,org.telegram.messenger,Social,c6da6856-51d6-4b78-94dc-39f6d489529e,Akash,1,,Kuwait Zain sim Login code sms problem,0,,2026-07-25T20:24:14,"We're sorry to hear that. Please verify that your mobile plan includes active SMS coverage. Confirm Google Play Services are enabled on your device and disable any active VPN. If issues persist, contact sms@telegram.org with your phone number in international format as the email subject.",2026-07-25T21:32:28
Telegram,org.telegram.messenger,Social,6d11a5ee-be35-4f6f-9585-49ea75fd90d2,SABRINA SHARMIN,1,,Bangladeshi teletalk sim login code sms problem,0,,2026-07-25T20:23:19,"We're sorry to hear that. Please verify that your mobile plan includes active SMS coverage. Confirm Google Play Services are enabled on your device and disable any active VPN. If issues persist, contact sms@telegram.org with your phone number in international format as the email subject.",2026-07-25T21:33:18
Telegram,org.telegram.messenger,Social,d5dc5205-218c-40ed-9fb8-1dbab428e743,Md Nafiz,5,,The Best App 🔥🔥🔥,0,,2026-07-25T20:18:55,,
Telegram,org.telegram.messenger,Social,ae0ef658-c290-4eed-82d5-87fe515d9309,Teka Matwos,1,,Telegram is the best messaging app,0,12.9.1,2026-07-25T20:17:15,Thank you very much for the review! 💙,2026-07-25T21:46:52
Telegram,org.telegram.messenger,Social,93fdea9e-b352-4284-9227-4c40831b37fe,Naman,4,,anyone calls me and I doesn't know them,0,12.9.1,2026-07-25T20:12:30,,
Telegram,org.telegram.messenger,Social,82b4a321-3f0c-49f8-ac12-8d907ad1a4ce,Vishal Kurabar,2,,best but this is not for all studies it is asking subscription,0,,2026-07-25T20:10:24,,
Telegram,org.telegram.messenger,Social,0ac021b1-532d-428f-a280-8c5159098e94,Doug Stephens,1,,Very difficult to uninstall. One of those apps that lasts forever,0,,2026-07-25T20:06:28,,
Telegram,org.telegram.messenger,Social,4d01f9f6-1eb6-47fe-9ee1-5ad6d349aea6,helen Dagem,3,,nice app,0,11.9.0,2026-07-25T19:49:28,"Thank you, we're glad to hear you enjoy the app! If you’d like, you can change your review to 5 stars (a positive rating).",2026-07-25T20:31:39
Telegram,org.telegram.messenger,Social,a8f3dc52-64ce-42f8-85cb-6e7f7aee1fbc,Soe Honor,5,,ok,0,12.9.1,2026-07-25T19:43:43,,
Telegram,org.telegram.messenger,Social,219e3e03-aef7-49c4-add3-f780c5f76354,Md Shamim,5,,Wow,0,,2026-07-25T19:40:29,,
Telegram,org.telegram.messenger,Social,51d191ae-31fa-42fc-980c-c1d60c0a8767,Pritesh Dhekane,5,,"I am unable to use it properly as I did before. It has become quite slow after the update, and things are not displaying correctly. Please fix this immediately.",4,12.9.1,2026-07-25T19:38:09,,
Telegram,org.telegram.messenger,Social,3407b71d-a82d-40f7-bdfb-702a2adae9f3,Борис Крит,1,,So silly design decision. The Liquid design on Android? Even in pixel phones!!!,0,12.9.0,2026-07-25T19:37:03,,
Telegram,org.telegram.messenger,Social,68a078d1-216c-4820-8ab0-7eda7edbf323,Mahdi Ghahremani,3,,suddenly some bots appeared that they perform chats and channels and groups that you are in them.please pay more attention more about safety.,6,12.9.1,2026-07-25T19:33:40,,
Telegram,org.telegram.messenger,Social,310525d2-f3d9-4a3e-8775-dc4a897e5bd7,Brian Y,1,,"Needing to pay an ""SMS Fee"" to login now? Pass!",1,12.9.1,2026-07-25T19:23:46,,
Telegram,org.telegram.messenger,Social,8e1b290b-4204-4d60-b299-77d55df75f50,Topu Roy,5,,আমার কোড আসতেছে না কেন,0,,2026-07-25T19:12:07,,
Telegram,org.telegram.messenger,Social,0bb21543-ca02-452f-bb97-5f6827f946da,Imogen “Immy” Farr,1,,is not good for me i vuable getting strage people asking me sreage and unplesent qwestons,1,12.9.1,2026-07-25T19:08:08,,
Telegram,org.telegram.messenger,Social,eda5c33a-5cab-4fea-acd6-e7efc2c15976,Zira,1,,Why do i need to pay fees to login to my own account and number.This is outrageous.My other phone broke and I am simply minding my own business when all of a sudden there is a RM6.00 fee i have to pay.Like telegram are you for real?,0,,2026-07-25T19:06:36,,
Telegram,org.telegram.messenger,Social,1b45a0d1-6eb8-42f4-a7dc-02145c13e412,Iyakub Hossain,5,,😎,0,12.9.0,2026-07-25T19:02:23,,
Telegram,org.telegram.messenger,Social,36097244-08a5-4b8c-9989-4e2cb2dcc269,Shaik Sadiq,5,,zabardast app hai,0,12.8.3,2026-07-25T18:47:20,,
Telegram,org.telegram.messenger,Social,172a1156-c57b-496e-b626-b5ed1d7956b6,Ultron Evolution,4,,nice 👍,0,,2026-07-25T18:37:04,"Thank you for your feedback! If you like Telegram, consider changing your review to 5 stars (a positive rating).",2026-07-25T19:42:46
Telegram,org.telegram.messenger,Social,a30beaf5-587c-4e70-83fa-ff5d237a1a16,Ayan Khan,5,,good,0,12.9.0,2026-07-25T18:29:58,We're glad that you're enjoying Telegram. Thank you for your review!,2026-07-25T19:34:09
Telegram,org.telegram.messenger,Social,6a831f6f-e38b-46d0-9684-00945d21a645,Muxammadjafar Zokirov,1,,kirolmayabman sms kemaydi va email qabul qilmaydi,1,12.9.1,2026-07-25T18:26:17,"Iltimos, kirish kodi so'ralganda VPN faol emasligiga ishonch hosil qiling. VPN-ni o'chirib, login kodini olgandan keyin qayta yoqishingiz mumkin.",2026-07-25T19:40:14
Telegram,org.telegram.messenger,Social,9d8a5a67-5b73-429b-ab09-165bda60f4b1,sandeep Damor,5,,good app 😄,1,12.9.1,2026-07-25T18:25:10,,
Telegram,org.telegram.messenger,Social,562e1dfa-b718-4e71-a9bd-3ce8470427e3,Weam Murad,1,,بسبب حذف بعض القنوات,0,10.0.5,2026-07-25T18:21:38,,
Telegram,org.telegram.messenger,Social,d6063a50-b5cd-4b95-b7a5-6e960528aa8e,Arnel Villanueva,5,,it's easy to search,0,12.9.1,2026-07-25T18:19:15,,
Telegram,org.telegram.messenger,Social,ae30b3cb-5bc4-497e-8578-5fbe97d2b3ff,Janine Dufaux,1,,"I don't want to know who had the gloriously ignorant idea to add AI to the app, placed right next to the Send button - because it's absolutely unnecessary. You should at least have the guts to INCLUDE AN OPT-OUT OPTION in the settings. Also, the new design is ugly and not accessibility-friendly AT ALL. EDIT: Available gif sets have also decreased in quality and quantity.",18,12.6.3,2026-07-25T18:16:56,,
Telegram,org.telegram.messenger,Social,86d58562-5e53-4a56-bf5b-f62f26627a10,Keong Hao Zhe,1,,"The telegram log out suddenly one day (all device) then I unable to log in back again. I have stuck in the page keying in the phone number, I open all permission for the app but yet still cannot proceed to the verification code page. I report several times but there isn't any response.",0,12.9.1,2026-07-25T18:15:04,"We're sorry to hear that. Please verify that your mobile plan includes active SMS coverage. Confirm Google Play Services are enabled on your device and disable any active VPN. If issues persist, contact sms@telegram.org with your phone number in international format as the email subject.",2026-07-25T19:31:38
Telegram,org.telegram.messenger,Social,5c032779-de64-4226-96db-813b8fdfdf44,Junior Exaviour Tony,5,,log me in so I can experience it,0,12.9.1,2026-07-25T18:11:07,,
Telegram,org.telegram.messenger,Social,d9cb95b9-facc-438f-813f-99e32abdd80e,Jilay Desai,4,,"great app and love everything, just one problem that it sometimes get stuck in a connecting....updating.... loop even in stable internet",0,12.9.1,2026-07-25T18:08:30,,
Telegram,org.telegram.messenger,Social,c85ddb6d-8071-4110-b6d7-85263880b772,Bukhaari Junior,5,,best telegram,0,12.9.1,2026-07-25T17:52:41,,
Telegram,org.telegram.messenger,Social,4baf2395-e6f2-47c2-aa9a-de8ac4903f16,Cameron Heslop,1,,"I had Telegram since it was launched. now suddenly I must pay R26,99 to get a confirmation text and a week premium. Hell no!!!",1,12.9.1,2026-07-25T17:52:39,,
Telegram,org.telegram.messenger,Social,cbfda7d8-397a-4a5d-bfff-8de1205ad205,Bekhti Rabeh,1,,"it was a good app honestly,but when i lost my account and my phone number got banned for unknown reasons, i tried to come back,but the app charge me to pay SMS fee which i couldn't use in my country,hope this problèm be solved",1,12.9.1,2026-07-25T17:47:39,"Sorry for the inconvenience. Please contact recover@telegram.org, they handle banned phone number cases. Include phone number + country code of banned account, and details/context about the case. Never share your code with anyone, only use official apps, and ensure your devices are secured. Numbers can be unbanned if the case is a false positive.",2026-07-25T18:30:48
Telegram,org.telegram.messenger,Social,bde47f30-938a-45d1-8929-fb75151c98a4,Anu,1,,deta deletion,0,,2026-07-25T17:47:14,"Could you please tell us more about this problem? You can report it using our bugs.telegram.org platform. We suggest you to create a detailed explanation of the issue there, so that it will be possible to collect more information about what is happening.",2026-07-25T18:39:24
Telegram,org.telegram.messenger,Social,36358f67-4aa5-491d-bbca-886dfa6eed8f,sayam hossain,1,,This is too much expensive experience why do you adds premium subscriptions.,0,,2026-07-25T17:46:35,"Telegram offers every user more features than any other app – supporting large communities, unlimited cloud storage, multiple accounts and more – all for free.

Telegram Premium unlocks extra functionality and expressive options – and the subscriptions of Premium users help maintain Telegram’s free service for hundreds of millions of people.",2026-07-25T18:40:13
Telegram,org.telegram.messenger,Social,13b6d377-82e4-4b0a-82c4-8d75a8e0596d,Edward,5,,LOVE IT,0,,2026-07-25T17:45:03,,
Telegram,org.telegram.messenger,Social,f936dc27-898d-49df-ba71-7842f77d3beb,Tae Kook,5,,IT'S PERFECT I LOVE THIS APP 🫶🏻✨️,0,12.9.1,2026-07-25T17:42:59,,
Telegram,org.telegram.messenger,Social,a4447f9f-1428-4189-a5bf-41732d3e59c6,zahary 17,2,,تطبيق مُمتاز ورائع جداً لكن في الفتره الاخيره لااستطيع الدخول لحسابي الا اذا دفعت اشتراك الرسائل النصيه SMS وهذا الامر لم يكن موجوداً من قبل والكثير من المُستخدمين يعانون من نفس المشكله نرجوا اصلاح هذا المشكله في اقرب وقت ممكن لانهُ برنامج مهم بالنسبه لنا للتواصل,0,,2026-07-25T17:33:59,,
Telegram,org.telegram.messenger,Social,2c07ef4e-01a3-43c1-a955-97361638a15a,Prajju SP,2,,"when all aps are perfectly working,why telegram still ""updating and connecting""",0,12.8.3,2026-07-25T17:33:39,,
Telegram,org.telegram.messenger,Social,542d1968-e4b4-4f88-b486-038d8d08a0ca,ko ko,5,,good app,0,12.9.1,2026-07-25T17:28:28,We're glad that you're enjoying Telegram. Thank you for your review!,2026-07-25T18:33:19
Telegram,org.telegram.messenger,Social,82c95b45-a74d-48ad-b6d4-1b506a227401,Aswin Km,1,,not good,0,,2026-07-25T17:26:47,"Could you please tell us more about this problem? You can report it using our bugs.telegram.org platform. We suggest you to create a detailed explanation of the issue there, so that it will be possible to collect more information about what is happening.",2026-07-25T18:41:06
Telegram,org.telegram.messenger,Social,09a388c1-d804-4d49-a052-9af9ba1fc03a,Mb Srabon,1,,Bangladesh sim Robi login problem,0,,2026-07-25T17:21:12,"We're sorry to hear that. Please verify that your mobile plan includes active SMS coverage. Confirm Google Play Services are enabled on your device and disable any active VPN. If issues persist, contact sms@telegram.org with your phone number in international format as the email subject.",2026-07-25T18:41:54
Telegram,org.telegram.messenger,Social,1ea95736-db91-4405-9f46-48222bb091c8,Sina Moulaii,1,,not god so bad,0,,2026-07-25T17:20:45,,
Telegram,org.telegram.messenger,Social,98d5affc-f3de-4108-aeee-a08b78a67b10,Ripon Ck,5,,nice app,0,,2026-07-25T17:19:16,We're glad that you're enjoying Telegram. Thank you for your review!,2026-07-25T18:34:59
Telegram,org.telegram.messenger,Social,432ec214-5c44-4111-b508-1c05232bcd08,Bk Kumar,3,,Very good app😊,0,12.9.0,2026-07-25T17:17:00,Thank you for your feedback,2026-07-25T18:46:03
Telegram,org.telegram.messenger,Social,49b61d25-c29e-4e56-ba47-a2a408976b8d,Arjun V,3,,i didn't get the otp after putting my phone number..so i didn't know why that happened to my number,0,12.9.1,2026-07-25T17:16:12,,
Telegram,org.telegram.messenger,Social,7b135b97-5b9b-4667-8225-1b3d1ecbb144,icha nur kholiza,1,,"gross, stingy app, want to log in but asked to pay premium for 1 week, crazy, better not make this app",1,,2026-07-25T17:14:59,,
Telegram,org.telegram.messenger,Social,55bc408d-1570-4b59-8d63-899043b1ef82,MD RONI,5,,nice,0,,2026-07-25T17:14:11,"Thank you for your review, we appreciate it!",2026-07-25T18:35:49
Telegram,org.telegram.messenger,Social,baf3b151-268e-40f6-bb0c-23f2b146e12b,Prince Uraon,5,,this app is very good and amazing app,0,,2026-07-25T17:12:26,,
Telegram,org.telegram.messenger,Social,e61615a1-be31-472d-91e6-e81072b11eab,Kalid Fuad,5,,very very good,0,,2026-07-25T17:11:49,We're glad that you're enjoying Telegram. Thank you for your review!,2026-07-25T17:32:29
Telegram,org.telegram.messenger,Social,382603af-c7fc-412a-ad88-5f3432ebf672,Abuzar kha,4,,please give me Free Version,0,12.9.1,2026-07-25T17:10:24,"Thank you for your rating! If you have any feedback or suggestions, feel free to share them with us.",2026-07-25T17:46:03
Telegram,org.telegram.messenger,Social,2a0c709c-68e4-472a-9119-c1c516d4b931,Syed Abdul Hadi,5,,nice,0,12.9.1,2026-07-25T17:04:35,"Thank you for your review, we appreciate it!",2026-07-25T17:33:19
Telegram,org.telegram.messenger,Social,fe9e1e55-9a24-474b-82a6-dbb4c22d1c39,Mouad Locuifdz,1,,رسوم كود sms يبال فائدة,0,12.9.0,2026-07-25T16:59:57,,
Telegram,org.telegram.messenger,Social,81b34cbe-7871-44cb-bc8e-b0cfd4df43ca,Isyia Haziyah,3,,"this apps is very helpful. BUT, their security system were not strict. Innocent people easily got hacked and lose their account! It just one thing you guys need to improvise, PLEASE tighten the security system so that other people except the owner can't log in easily 🙏🏻 it just confusing, why some people still got hacked even though they already switched on the 2 step verification and the password.? I hope you guys can solve this problem thanks :)",0,12.8.3,2026-07-25T16:57:13,,
Telegram,org.telegram.messenger,Social,59495520-3fa5-4f05-89b5-561b31613cda,Cris Galdo,5,,goog,0,,2026-07-25T16:54:32,,
Telegram,org.telegram.messenger,Social,5d773936-f89b-4251-a7bd-abac23f72849,Ysel,1,,"please take down all the channels (private or public) that has intimate scandal videos, pictures, and etc. If its also possible, also restrict the person ( admins) behind it.",0,,2026-07-25T16:44:08,,
Telegram,org.telegram.messenger,Social,1d666eb5-b06f-460a-9d40-e046b6a8d7f2,Trafalgar law,1,,not login 😤😤😡😡😡,0,,2026-07-25T16:42:58,I’m sorry that the app is currently not working perfectly for you. Could you please give more details? Is there an error message? I’ll do my best to help.,2026-07-25T17:38:42
Telegram,org.telegram.messenger,Social,e812ce1d-748f-4fce-bcb8-f136a612710e,Ariesbe Lam,5,,OK,0,12.9.1,2026-07-25T16:39:22,,
Telegram,org.telegram.messenger,Social,730f5693-5c5a-4c33-9b2e-cff438877e09,Isaac Kamau,1,,why do I need to pay for premium 😡😡😡,0,12.9.1,2026-07-25T16:38:23,"Telegram offers every user more features than any other app – supporting large communities, unlimited cloud storage, multiple accounts and more – all for free. Telegram Premium unlocks extra functionality and expressive options – and the subscriptions of Premium users help maintain Telegram’s free service for hundreds of millions of people.",2026-07-25T17:39:23
Telegram,org.telegram.messenger,Social,9b2da61a-f1c0-474d-a71b-c1379202a64e,Andrei,2,,Rich text pasting is freaking annoying and is not needed by anyone,0,12.9.1,2026-07-25T16:29:21,,
Telegram,org.telegram.messenger,Social,d47b6030-fbd1-4d82-9c40-3e341e055787,RAMAKRISHNAN MURALI (RAMKI),1,,Why does it take a long time to join the beta tester for telegram app from playstore,12,,2026-07-25T16:08:55,,
Telegram,org.telegram.messenger,Social,a9bcb37b-aa4d-4d04-86c0-0f65679fea8a,Suraj Chaudhary,1,,So the telegram themselves log out me automatically many times. And now when i am trying to go back i need to pay for my old account. Just because you log out me for money to pay continuesly . To getting by already old back pathetic and disappointing.,0,,2026-07-25T16:00:28,,
Telegram,org.telegram.messenger,Social,73ba260c-7cb3-451a-a9d2-a993f49a63f3,Sapna Devi,5,,very helpful,0,12.9.1,2026-07-25T16:00:19,,
Telegram,org.telegram.messenger,Social,eabb1b01-c205-4ea9-8685-10dcde0bce40,Ruma Akter,1,,Bangladesh Gramin Phone Verification Code Problem,0,12.9.1,2026-07-25T16:00:12,"We're sorry to hear that. Please make sure you're using the official Telegram app. Verify that your mobile plan includes active SMS coverage. Confirm Google Play Services are enabled on your device and disable any active VPN. If issues persist, contact sms@telegram.org with your phone number in international format as the email subject.",2026-07-25T16:41:56
Telegram,org.telegram.messenger,Social,287161f3-0082-4392-9f0b-509f20be42a9,Iheanyi Ogechi,5,,Good,0,12.9.1,2026-07-25T15:55:17,We're glad that you're enjoying Telegram. Thank you for your review!,2026-07-25T16:34:59
Telegram,org.telegram.messenger,Social,c105e010-69ed-4b93-b069-0e68b2e6f18d,Dmi try,1,,"my partner unable to restore account for more than 24 hours and unable to terminate spammers sessions. telegram blocks attempts to restore, saying ""too many attempts"". no response from support for 24 hours, and the account continues to send spam. update after 16 hours: telegram blocks to restore account, message - ""too many attempts, try in 22 hours"". anyone can run script to prevent from restoring. this is telegram issue. no code was sent. telegram felt unsecure. I will also stop using this.",1,12.9.1,2026-07-25T15:41:47,,
Telegram,org.telegram.messenger,Social,b3df40c4-67c3-4246-9f3e-598bd7e20081,Hasibul Sk,1,,login nokot,0,12.9.1,2026-07-25T15:41:07,,
Telegram,org.telegram.messenger,Social,b81c39a4-f12f-41a9-afba-fb8ab3786f7f,Pitbull Lover,1,,"UPDATE: APP CRASHING! 6/21/2024 I need to choose font size, in the text bar Where the actual text is being typed! I need to change th MAIN color WITHOUT changing the THEME color The background color order that I set, reverts, No matter how much I rotate the colors and SET Theme setting is confusing and can't change the color of incoming text bubble color, without changing MY bubble color. Theme settings are all in-one And confusing! ===ALL updates have been downgrades. Chat Settings don't hold",43,12.9.0,2026-07-25T15:40:18,"You can still have a custom background, regardless of theme. After choosing a theme in Settings > Chat Settings, tap 'Change Chat Wallpaper' near the top of Chat Settings to set a custom background.",2024-08-23T18:43:11
Telegram,org.telegram.messenger,Social,c5d25f44-58f2-4a54-90c5-22c0b38562c2,Aheed Shaikh,5,,good,0,12.8.3,2026-07-25T15:36:53,We're glad that you're enjoying Telegram. Thank you for your review!,2026-07-25T16:37:29
Telegram,org.telegram.messenger,Social,8b71f82b-aa02-4884-b24a-001ef87edde5,Shourya,5,,good,0,12.9.1,2026-07-25T15:33:00,Thank you very much for your kind words!,2026-07-25T16:38:19
Telegram,org.telegram.messenger,Social,58fa3ea1-8a34-4f85-932a-dad37a93524d,David Naylor,1,,"Telegram shoots itself in the foot by adding the annoying notifications that ""xyz has joined Telegram"". Why would we need to know this? Even though there is a setting to opt-out of this, I have opted out, and I've unsynced contacts, but it still shows this notification. This has been a big reason why I don't use Telegram - my main screen ends up filled up with these innane notifications.",2,12.9.1,2026-07-25T15:32:23,,
Telegram,org.telegram.messenger,Social,f078bf42-27e5-4e5b-a1e7-b527cb55b35d,AK ARI,5,,It is really soo good,0,12.8.3,2026-07-25T15:29:29,,
Telegram,org.telegram.messenger,Social,14e61233-0467-4aab-acd9-de888ea3d9d9,Jayesh Thakor,1,,not interested,0,12.9.1,2026-07-25T15:27:39,,
Telegram,org.telegram.messenger,Social,0d3247fa-fa5b-48bb-8556-2e501a3bd0c9,Ajay Banshkar,3,,Bar bar update mangta hai😡 kya milta hai update karane mein 😡😡,0,12.7.3,2026-07-25T15:22:09,,
Telegram,org.telegram.messenger,Social,a8c5c4ee-749e-4069-88c0-50b5ab043f2e,Ma Halima,1,,bangdesh banglaling sim login code sms problem,0,12.9.1,2026-07-25T15:20:49,"We're sorry to hear that. Please verify that your mobile plan includes active SMS coverage. Confirm Google Play Services are enabled on your device and disable any active VPN. If issues persist, contact sms@telegram.org with your phone number in international format as the email subject.",2026-07-25T16:31:38
Telegram,org.telegram.messenger,Social,991f1f92-7fed-4c30-a479-1722053364ac,Handy Hm,5,,Good,0,12.9.1,2026-07-25T15:19:00,"Thank you for your review, we appreciate it!",2026-07-25T16:39:59
Telegram,org.telegram.messenger,Social,43c7df2b-50e2-41ff-8229-c0d4d393acf1,Samsher Ali,5,,এই অ্যাপে পতার না করথাছে,0,12.9.1,2026-07-25T15:04:00,,
Telegram,org.telegram.messenger,Social,57473f2b-1a99-4c83-97ed-f7db86c707ac,Siyanda Mhlongo,5,,I don't have the amount they need,0,12.9.1,2026-07-25T14:41:22,,
Telegram,org.telegram.messenger,Social,90787f06-ccd3-42be-847c-a0c77ee71430,nahom kidanemariyam,5,,Perfect,0,11.12.0,2026-07-25T14:40:20,"Thank you for your review, we appreciate it!",2026-07-25T15:31:38
Telegram,org.telegram.messenger,Social,e46366bf-e6e0-4ce4-9f6a-f348a3f8e6d9,Ariya,5,,the best,0,12.9.1,2026-07-25T14:35:03,We're glad that you're enjoying Telegram. Thank you for your review!,2026-07-25T15:33:19
Telegram,org.telegram.messenger,Social,f7c8072f-dfc8-4ea1-89da-151122103fa7,Mujeebul Rahman,1,,otobi aata nahin Hai telegram,0,12.9.1,2026-07-25T14:34:27,,
Telegram,org.telegram.messenger,Social,6adff0b7-da10-4804-995a-11ce63636e14,Md mabud Ali,1,,টেলিগ্রামের আমার কোড নাম্বার মনে নাই ফোন আসে না কেন,0,12.9.1,2026-07-25T14:31:37,,
Telegram,org.telegram.messenger,Social,8b6895b4-d296-497d-9f43-a3bfd037ad94,Kambiz Safarian,5,,Greate & Useful Thanks.,1,10.13.0,2026-07-25T14:30:02,,
Telegram,org.telegram.messenger,Social,eb679adf-5467-403b-a17a-8658034cbc91,Rima Begum,5,,ok ok,0,12.9.1,2026-07-25T14:23:47,,
Telegram,org.telegram.messenger,Social,bccc0388-3061-4b73-820d-b11c7d6ae646,Jared Onacho,5,,It is the best app,0,12.8.3,2026-07-25T14:21:33,,
Telegram,org.telegram.messenger,Social,ead4cfdd-3ecf-4de7-9bea-a1f3c57a117f,John Doe,1,,They ban numbers for no reason. No support. Fake privacy claims.,0,,2026-07-25T14:21:13,"We apologize for the inconvenience caused. You can contact recover@telegram.org. Include phone number + country code of affected account + details/context about the case. If it's a false positive, the number can be unbanned. Avoid using 3rd party/unofficial apps. If multiple accounts were banned, you may have a compromised device.",2026-07-25T15:40:24
Telegram,org.telegram.messenger,Social,ba77fc49-1903-4227-9ea0-c779a979f3d5,Johannes P. Vidal,1,,regestering needs to call you but dictates not clearly and fast,0,12.9.1,2026-07-25T14:21:06,,
Telegram,org.telegram.messenger,Social,9f1afe24-14f0-4fe1-a600-9bb0e87edf38,Pouya Abolqasemi,5,,great app ❤💖💓,0,12.9.0,2026-07-25T14:20:48,,
Telegram,org.telegram.messenger,Social,b66c3c68-0c3e-4953-929d-106aa8141d3a,Prince Yadav,5,,very nice,0,12.9.1,2026-07-25T14:15:54,We're glad that you're enjoying Telegram. Thank you for your review!,2026-07-25T15:36:39
Telegram,org.telegram.messenger,Social,fd38f630-dd5b-4e61-8499-3bd10607f278,ROHIT SEIKH,5,,This is literally a nice app,0,12.9.1,2026-07-25T14:11:22,,
Telegram,org.telegram.messenger,Social,79c5c29c-ab9f-4edb-b9de-14472fd60992,Sinene Ian,1,,why and what is up with the new update that we must pay in order to use it? like what the heck is wrong? and why do we have to include card details to get premium? Just go back to the original one where we don't have to do all of that in order to use. This new update is so trash please kindly look it to it and do something that we all we accept and enjoy.,1,12.9.1,2026-07-25T14:03:16,,
Telegram,org.telegram.messenger,Social,8f573ec6-8d23-4bf6-9e9a-b0a991eb91d6,Amit Mondal,1,,আমার টেলিগ্রামে লগইন করার সময় কোন ওটিপি আসছে না।,0,12.9.1,2026-07-25T13:55:29,,
Telegram,org.telegram.messenger,Social,bb8aff69-ab78-4b45-a18b-7a783aca226e,Sana Frazat,5,,Good,0,,2026-07-25T13:48:14,"Thank you for your review, we appreciate it!",2026-07-25T14:33:18
Telegram,org.telegram.messenger,Social,416d5786-d80a-416a-928b-985865debcf2,Suman Basak,5,,too good 🩵,0,12.9.0,2026-07-25T13:38:38,,
Telegram,org.telegram.messenger,Social,e1b4af12-9f0e-4b3f-b3cf-f72107086b4c,Ehsan Akbarinezhad,3,,telegram is the best messanger in the world but it's been a while and i wanna change the past profile pics of my channel and it's not possible i hope it gets fixed soon,0,12.9.1,2026-07-25T13:35:11,,
Telegram,org.telegram.messenger,Social,bde99d07-a8dd-4f23-afda-02c66b37c048,Dani Zagaye,5,,wow,0,12.8.3,2026-07-25T13:28:31,,
Telegram,org.telegram.messenger,Social,bd1a7781-99ef-4d2e-87b5-1eb9881cdd2f,Shahinur Ahmed,1,,Bangladesh Grameen same login code SMS problem,0,12.9.1,2026-07-25T13:24:56,"We're sorry to hear that. Please verify that your mobile plan includes active SMS coverage. Confirm Google Play Services are enabled on your device and disable any active VPN. If issues persist, contact sms@telegram.org with your phone number in international format as the email subject.",2026-07-25T14:30:47
Telegram,org.telegram.messenger,Social,cc89e2ab-e823-4973-b59d-59e69035eaf7,Chinonso Williams,5,,I really like the app,0,,2026-07-25T13:13:38,,
Telegram,org.telegram.messenger,Social,df164d39-ad7b-462d-968c-3e9a29db84fb,Amazing World,1,,"Sometimes when I play a music, Telegram freezes and crashes.",0,,2026-07-25T13:12:32,,
Telegram,org.telegram.messenger,Social,24541438-b0c1-424d-a66e-123050f03767,Maria Mustari,1,,Bangladesh grameen sim logging code sms problem,0,,2026-07-25T13:10:47,"We're sorry to hear that. Please verify that your mobile plan includes active SMS coverage. Confirm Google Play Services are enabled on your device and disable any active VPN. If issues persist, contact sms@telegram.org with your phone number in international format as the email subject.",2026-07-25T13:30:47
Telegram,org.telegram.messenger,Social,010572bd-c0cb-4763-b7c8-7bb9b53527f7,Rajveer Sonker,5,,best app,0,12.9.1,2026-07-25T13:08:45,Thank you very much for your kind words!,2026-07-25T13:34:58
Telegram,org.telegram.messenger,Social,71965680-8758-4110-9e8b-73c3ee474ba5,Sohag Hosain,1,,Enter the telegram code because the telegram code does not appear,1,,2026-07-25T13:04:46,,
Telegram,org.telegram.messenger,Social,d0ea9221-e4d6-4b46-b502-96e008a23b55,Vicki Cox,5,,very quick and accurate.,0,12.8.3,2026-07-25T13:01:05,,
Telegram,org.telegram.messenger,Social,20fb55c5-612d-49e4-b959-189b21f9abfb,Aktar Farazi,1,,Grameenphone sms problem,0,,2026-07-25T12:58:26,"We're sorry to hear that. Please verify that your mobile plan includes active SMS coverage. Confirm Google Play Services are enabled on your device and disable any active VPN. If issues persist, contact sms@telegram.org with your phone number in international format as the email subject.",2026-07-25T13:31:39
Telegram,org.telegram.messenger,Social,03790de9-215f-43d5-95a8-6e6c1fab0718,Magdalena,5,,Brilliant,0,12.9.0,2026-07-25T12:56:12,,
Telegram,org.telegram.messenger,Social,8d7c1aad-79f1-4fbb-bd14-70ac90750e2e,aaditya roy,1,,my phone number is banned without doing anything,0,12.9.1,2026-07-25T12:55:03,"Sorry for the inconvenience. Please contact recover@telegram.org, they handle banned phone number cases. Include phone number + country code of banned account, and details/context about the case. Never share your code with anyone, only use official apps, and ensure your devices are secured. Numbers can be unbanned if the case is a false positive.",2026-07-25T13:32:28
Telegram,org.telegram.messenger,Social,18b4766d-6aa9-4a22-8f85-4f79d2685219,Freddie Mancile,2,,Amazing,0,12.9.1,2026-07-25T12:44:22,"Thank you, we're glad to hear you enjoy the app! If you’d like, you can change your review to 5 stars (a positive rating).",2026-07-25T13:33:19
Telegram,org.telegram.messenger,Social,2bd8fd39-9239-4b43-b235-c379262d34dc,Farhan Ali,1,,"this app has been useless since sign up fees even I try to login through email it still asks for fee, we can understand SMS costs more but email doesn't so why email one isn't free please fix your app",1,12.9.1,2026-07-25T12:35:16,,
Telegram,org.telegram.messenger,Social,88a87d5e-88ea-4d13-a38d-ef7ca4170a1d,GRIP,5,,very useful,0,12.9.1,2026-07-25T12:30:31,,
Telegram,org.telegram.messenger,Social,222ad57e-bcdc-45ba-aef1-d47329368070,Moses Chishimba,5,,it's just Good 👍👍👍,0,12.9.1,2026-07-25T12:24:46,,
Telegram,org.telegram.messenger,Social,f8fa0883-0e74-47f2-a1cc-06e5e95bc8f9,Md Ponir,1,,Saudi Arab HTC Sim login code SMS problem,0,,2026-07-25T12:05:46,"We're sorry to hear that. Please verify that your mobile plan includes active SMS coverage. Confirm Google Play Services are enabled on your device and disable any active VPN. If issues persist, contact sms@telegram.org with your phone number in international format as the email subject.",2026-07-25T12:30:48
Telegram,org.telegram.messenger,Social,6cf79cf5-c8bc-4eaf-999e-cc1f47f7f7cf,Jannatul Ferdous,1,,Bangladesh telegram Robi sim verification code or enter code asche na,1,12.9.1,2026-07-25T11:51:39,"We're sorry to hear that. Please verify that your mobile plan includes active SMS coverage. Confirm Google Play Services are enabled on your device and disable any active VPN. If issues persist, contact sms@telegram.org with your phone number in international format as the email subject.",2026-07-25T12:31:38
Telegram,org.telegram.messenger,Social,8cd185dd-9aeb-4ce2-b158-435b7e22c212,Mujahidul Islam,1,,টেলিগ্রাম আইডির কোড পাইনা,0,12.9.1,2026-07-25T11:51:34,,
Telegram,org.telegram.messenger,Social,089abf0e-6547-47f2-90e8-ce5363af87ca,Izolda Almanova,2,,"I can't use it, I am downloading it instal it in my oppo Reno 13 and when I want to use it it popap the window where it asks for my phone number, I put the number the code come to my mail I fill it where it asks and it open after when I try to start chatting it starts again the process from the beginning All from Star from scratch again !!",0,12.9.1,2026-07-25T11:44:39,,
Telegram,org.telegram.messenger,Social,29ea91f9-1fb1-463c-8fb1-6d7de2802f03,Chidimma Abadaike,5,,one of my most favourite social app,0,12.9.1,2026-07-25T11:44:20,,
Telegram,org.telegram.messenger,Social,46dd0e9e-a051-4c73-83ef-e6f7a66289dc,Sima Kumari,1,,isme na online longin SMS ko hana chahiye,0,12.9.0,2026-07-25T11:36:53,,
Telegram,org.telegram.messenger,Social,37c59dc2-ddca-4491-9e02-21fba8e32635,Buruk Aesho,5,,that's good,0,12.9.1,2026-07-25T11:10:48,,
Telegram,org.telegram.messenger,Social,042765f0-985e-4611-942d-280cb592f79f,Nisa Suzilla,5,,😌,0,12.9.0,2026-07-25T11:08:02,,
Telegram,org.telegram.messenger,Social,ff412a36-938d-48e8-8da4-b54ae5224eb9,Md.Tanvir Mahatab,5,,ok,0,12.8.1,2026-07-25T11:07:34,,
Telegram,org.telegram.messenger,Social,055b6008-5db5-4858-b848-134380c668d3,Ict Center,5,,awesome but uses a lot of data,0,12.7.3,2026-07-25T11:06:26,,
Telegram,org.telegram.messenger,Social,f8b23396-3e60-415a-a1fa-cbd01357edac,Elikana Samwel,1,,this app is still showing conecting only,0,12.9.1,2026-07-25T11:05:58,It sounds like your provider is throttling your connection to Telegram. Enabling a VPN or proxy service on your device should help you properly connect.,2026-07-25T11:34:23
Telegram,org.telegram.messenger,Social,e3b55b95-91a0-4f4b-98e7-31c350df737b,ahmad ismail,1,,"It's a failure in terms of security, and they don't respond to help. There's no accountability for hackers; in fact, they support them. Don't trust the app; be careful with your personal information.",1,12.9.1,2026-07-25T10:59:45,,
Telegram,org.telegram.messenger,Social,a6e2a3ee-b6f4-4e87-ba78-e2c77be569e4,Md Aynul,1,,Bangladesh Grameen sim Login Code Sms Problem,0,12.9.1,2026-07-25T10:52:51,"We're sorry to hear that. Please verify that your mobile plan includes active SMS coverage. Confirm Google Play Services are enabled on your device and disable any active VPN. If issues persist, contact sms@telegram.org with your phone number in international format as the email subject.",2026-07-25T11:35:13
Telegram,org.telegram.messenger,Social,00e473b6-7a92-4a69-8869-cee7ad982d20,Argha biswas,5,,best. you are use it as like WhatsApp and other things,0,12.9.1,2026-07-25T10:46:46,,
Telegram,org.telegram.messenger,Social,4e1867c2-89d8-4e4f-a39e-4a03dfebf1c6,Sandip Pandey,1,,bad app 👎,0,12.3.1,2026-07-25T10:33:56,"Are you having an issue with the app? If so, please update the review text here to explain the problem and I may be able to help.",2026-07-25T11:38:33
Telegram,org.telegram.messenger,Social,6dd4d3a9-838e-4948-b1a2-99b60411a73d,Futhi N,1,,"wasted my time downloading this app only to be told I need to pay an sms fee,since when? rather just allow selected countries to use your app instead of charging users for something that is not their fault.",0,12.9.1,2026-07-25T10:26:38,"We're sorry to hear that. Please verify that your mobile plan includes active SMS coverage. Confirm Google Play Services are enabled on your device and disable any active VPN. If issues persist, contact sms@telegram.org with your phone number in international format as the email subject.",2026-07-25T11:30:47
Telegram,org.telegram.messenger,Social,544469b1-7559-4570-a147-fb33412287c7,Jannat Rafiul,5,,Bangladesh Gramin sim Login code sms problem,0,12.9.1,2026-07-25T10:23:33,,
Telegram,org.telegram.messenger,Social,91bc677a-4ea4-4a2c-b220-470584f79ec2,Moosa Kareem,5,,the first,0,12.9.1,2026-07-25T10:13:16,,
Telegram,org.telegram.messenger,Social,0fc8e6b4-e1fc-42d5-ba87-54a2243a81fd,Rady Nov,5,,good app thank you..,0,,2026-07-25T10:08:22,,
Telegram,org.telegram.messenger,Social,3fdd66ff-5b49-4357-b5b4-de7c61d6ba7a,Allan Hila,5,,LEGIT,0,12.9.1,2026-07-25T10:01:53,,
Telegram,org.telegram.messenger,Social,6ba9b189-d0f4-4acc-acd8-ae64917fd610,Santosh Kumar,5,,good,0,12.9.1,2026-07-25T10:01:11,We're glad that you're enjoying Telegram. Thank you for your review!,2026-07-25T10:34:58
Telegram,org.telegram.messenger,Social,6eb6779a-475f-4b54-b330-8b8753cf3ca0,Deovani Rosal Mijares,5,,I give 5 star even my account now unable to login because my email address not accepted i am very sad i hope telegram read this and fix my account,0,,2026-07-25T09:55:55,,
Telegram,org.telegram.messenger,Social,4c91a7ee-2888-4ebf-b24b-a2c782d6b43c,Alie Hasan,1,,বাংলাদেশ গারিমিন সিম ভেরিফিকেশন কোড আসতেছেনা,0,12.9.1,2026-07-25T09:50:45,"We're sorry to hear that. Please verify that your mobile plan includes active SMS coverage. Confirm Google Play Services are enabled on your device and disable any active VPN. If issues persist, contact sms@telegram.org with your phone number in international format as the email subject.",2026-07-25T10:31:37
Telegram,org.telegram.messenger,Social,93acec29-6847-428d-8154-e8a74e7911cb,Ayub Adem,1,,terrible,0,,2026-07-25T09:49:04,"Are you having an issue with the app? If so, please update the review text here to explain the problem and I may be able to help.",2026-07-25T10:40:12
Telegram,org.telegram.messenger,Social,beaf7e5d-b1a6-4174-9e22-48a2a9b01576,Mohammad Gasemi,4,,"Hello Telegram Team, I'm experiencing a bug with the Telegram app on Android. I have enabled the built-in app lock with fingerprint authentication. Sometimes, when I open Telegram, the lock screen freezes. The fingerprint prompt doesn't respond, and the PIN keypad also doesn't appear, so I can't unlock the app unless I force close Telegram and reopen it. Please look into this issue. Thank you.",0,10.1.1,2026-07-25T09:47:13,Can you update the review text to describe the issue in more detail? I may be able to help.,2026-07-25T01:40:14
Telegram,org.telegram.messenger,Social,bfb2e648-4fb7-454b-a7b8-fba39d231640,Mohammad Arsadul Haque,5,,nice,0,12.9.1,2026-07-25T09:42:22,"Thank you for your review, we appreciate it!",2026-07-25T10:37:28
Telegram,org.telegram.messenger,Social,be78069e-743d-46b4-9298-9e6384d922a4,Rishi Jain,3,,facing issue from last 2 days...all group sound notification coming but one group sound notification not coming.eberything I had done but still same issue.kindly guide..Group is not mute,0,12.9.1,2026-07-25T09:38:18,,
Telegram,org.telegram.messenger,Social,6ac83a44-e4ec-406f-9efb-da6f5fa7029c,Murshida Akther,1,,Bangladesh Banglalink sim Login code sms problem,0,12.9.1,2026-07-25T09:25:39,"We're sorry to hear that. Please verify that your mobile plan includes active SMS coverage. Confirm Google Play Services are enabled on your device and disable any active VPN. If issues persist, contact sms@telegram.org with your phone number in international format as the email subject.",2026-07-25T10:33:17
Telegram,org.telegram.messenger,Social,34dffcf0-5262-4b1a-a81e-de40406ebe92,Bhargav Gondaliya,5,,wonderful App :),0,12.9.1,2026-07-25T09:15:01,,
Telegram,org.telegram.messenger,Social,76412b5c-aafb-4c3c-8bc3-f534487d7a8f,Nathan,3,,Good app overall but notifications can be inconsistent and sometimes quite delayed.,0,12.9.1,2026-07-25T09:13:55,"It sounds like your device isn't allowing Telegram notifications to come through when the app isn't open. Redmi and Xiaomi devices have specific settings that interfere with Telegram's notification service – please go to Services > Security > Permission > Autostart, find Telegram in the list and enable Autostart.",2026-07-25T10:44:25
Telegram,org.telegram.messenger,Social,abbe8d7d-639a-4602-aed9-e7dd4e353c64,veroneca dave,5,,I love using telegram is the fastest way of meeting people in different places💚💚,0,12.9.1,2026-07-25T09:10:23,,
Telegram,org.telegram.messenger,Social,761544e2-3cba-4f77-badf-be6008ea579f,Norhafidzi Ahmad Rafaai,5,,"Telegram sets the benchmark for speed, security, and cloud storage in messaging apps. Cloud synchronization across multiple devices is instant, and support for massive channels, group chats, bots, and large file transfers makes it much more than a standard chat app. It is reliable, lightweight, and consistently ahead of the curve with feature updates.",0,12.1.1,2026-07-25T09:05:37,,
Telegram,org.telegram.messenger,Social,1e6a1542-ea71-4e0b-96d0-e0123c0d2068,Tashrif,1,,bad 🤮,0,12.0.1,2026-07-25T09:04:40,,
Telegram,org.telegram.messenger,Social,3eee666e-26c1-4fba-b69b-f93aaac59b38,Jyotsana Negi,5,,Worst update.. Removed edit messages option,0,12.9.0,2026-07-25T08:55:36,,
Telegram,org.telegram.messenger,Social,d51bb485-ffce-4133-a792-a8be5d5d7243,Pankaj Sharma,5,,good app,0,12.9.1,2026-07-25T08:49:46,We're glad that you're enjoying Telegram. Thank you for your review!,2026-07-25T09:34:58
Telegram,org.telegram.messenger,Social,6d0500cc-909e-47d8-ba5c-b931d6cfc0f4,shahadot khan sani,5,,It is best apps to chat and other comunicate.,0,12.9.1,2026-07-25T08:37:38,,
Telegram,org.telegram.messenger,Social,46c0f5ea-2125-4fe5-918c-7e88929cc7da,VINOTH KUMAR N,1,,my account is hack pls my account deactivate,0,12.9.1,2026-07-25T08:23:10,,
Telegram,org.telegram.messenger,Social,26561e0a-2ec9-41e6-8fb3-b7889c39d79b,Sharjeel khan,5,,bast is this telegram,0,12.9.1,2026-07-25T08:14:19,,
Telegram,org.telegram.messenger,Social,3ad49b2e-3fe5-4afe-9efc-6720f0ec0a17,Dip Kumar,1,,Bangladesh robi sim log in code sms problem,0,12.9.1,2026-07-25T08:12:38,"We're sorry to hear that. Please verify that your mobile plan includes active SMS coverage. Confirm Google Play Services are enabled on your device and disable any active VPN. If issues persist, contact sms@telegram.org with your phone number in international format as the email subject.",2026-07-25T09:31:37
Telegram,org.telegram.messenger,Social,08587f52-4272-47cb-99fa-d6f70630e6f4,Basu Hirvale,5,,like it,0,,2026-07-25T07:58:52,,
Telegram,org.telegram.messenger,Social,16ce7722-a31d-4ac3-8e74-cd31b98408a6,Blood Striker,5,,Thos app just wow,0,12.9.1,2026-07-25T07:58:34,,
Telegram,org.telegram.messenger,Social,d96370d7-115a-4f0c-837b-b501d61d81ba,Mathew Niulani,1,,telegram made me bored you have to pay to use the app now. Sucks big time. Heading back to Wastapp and Bigo.,0,12.9.1,2026-07-25T07:55:09,,
Telegram,org.telegram.messenger,Social,a780ad21-b141-47c0-832c-20a8b586c74b,walid ss,1,,it was cool app but now they just wanna make you for things you use to do it for free they ask for paying to get to the app and now all my data and alot of stuff is locked in it. bad update,1,12.9.1,2026-07-25T07:52:59,,
Telegram,org.telegram.messenger,Social,9879987d-bdf6-4052-a73a-7c6264e5ced1,josu A,1,,"Ugly UI, was a lot better before. Feels like telegram is now following ugly apple trends instead. From bad to worse with every update. Also, lmao IA credits. How horrible has telegram fallen.",1,12.8.3,2026-07-25T07:39:55,"We appreciate your feedback. The new interface is designed to make navigation faster and more intuitive, with different sections accessible via the bottom bar. You can adjust interface effects in Settings > Power Saving to enhance performance and battery life.",2026-07-25T08:31:03
Telegram,org.telegram.messenger,Social,468db094-9cd3-4310-a173-2ce69428a77c,Aldrin Yanes,1,,but not login,0,,2026-07-25T07:38:52,"We're sorry to hear that. Please verify that your mobile plan includes active SMS coverage. Confirm Google Play Services are enabled on your device and disable any active VPN. If issues persist, contact sms@telegram.org with your phone number in international format as the email subject.",2026-07-25T08:33:33
Telegram,org.telegram.messenger,Social,e5877568-f417-4b50-b4c7-0492863379ae,Kaviya Kaviya,5,,𝓝𝓲𝓬𝓮 𝓪𝓹𝓹,0,12.9.1,2026-07-25T07:35:08,,
Telegram,org.telegram.messenger,Social,b3a9e8a8-05a8-457c-9ad6-5ab4be3ecfa6,David McKinley,5,,I use it for work!,0,12.9.0,2026-07-25T07:30:20,,
Telegram,org.telegram.messenger,Social,d2d0a7a2-b104-40a0-ac9e-3a31d6a59921,Derek Milstead,5,,this is a really cool app,0,12.9.1,2026-07-25T07:23:36,,
Telegram,org.telegram.messenger,Social,c7dc2546-5625-446a-bfaf-d449a3e42125,Justin Green,1,,Constantly get spammed and there is no way to stop it. unless I pay $80 dollars a year for me and my wife. Terrible!,0,12.9.0,2026-07-25T07:18:28,,
Telegram,org.telegram.messenger,Social,eb94c2b6-faf8-4682-9f96-d2277a43e9f1,Tasneem Emad,3,,"Please bring back the old Quiz Poll answer review style. Before, when I chose a wrong answer, my selected answer was highlighted in red and the correct answer was shown separately. This was extremely helpful for studying and reviewing mistakes. Now only the correct answer appears, making it much harder to know which mistakes I made. Please consider restoring the old behavior or adding it as an option. It was a very useful learning feature.",1,12.9.1,2026-07-25T06:59:03,,
Telegram,org.telegram.messenger,Social,63e1d32a-f1c9-45a1-b4b0-49698089ad39,yishak Abraham,1,,"forced premium ,🤬🤬",0,12.9.1,2026-07-25T06:50:31,,
Telegram,org.telegram.messenger,Social,9069eba1-dedd-4567-a192-ae493bbad3b4,asifha,1,,"yang bener aja, masa login harus prem dulu?!?",0,,2026-07-25T06:49:39,,
Telegram,org.telegram.messenger,Social,d4d432bd-21a1-4259-a74e-9d7b58967fd1,MD Tamim,1,,আমার টেলিগ্রাম আইডিটা খুলতে পারিনা কিসের জন্য,0,,2026-07-25T06:47:40,,
Telegram,org.telegram.messenger,Social,0070f839-a448-46b2-83a8-d03376aea930,Lei Eus,1,,Not Recomended,0,11.9.0,2026-07-25T06:38:48,,
Telegram,org.telegram.messenger,Social,16f5cc82-aa5f-4d31-a96b-e52d0b57b5ac,Muhammad shakeel,3,,Good working to install application,0,12.7.3,2026-07-25T06:37:56,,
Telegram,org.telegram.messenger,Social,97d63d65-0078-40c7-b39e-18710c069d69,Yumero Tama,1,,For free app now need to pay for using it? Really?? I hope all the users boycott this F app,0,9.4.4,2026-07-25T06:32:46,,
Telegram,org.telegram.messenger,Social,170640a1-3718-470f-87a2-5ff1a23bfe59,Customer service,1,,"used to be able to sign obtain code from registered email of existing active telegram app on another phone. its forcing my s22 ultra to pay 1wk subscription, even after I paid, now forced logged out & unable to login, asking to pay again. I can login other phones just not current! pls whitelist my phone and number!",0,10.2.9,2026-07-25T06:29:13,,
Telegram,org.telegram.messenger,Social,a9c2ebc5-4252-4c67-b2f2-de51d7c3c495,Ramesh Kumar,5,,why are you asking for sms fee ? this is not a free register,1,12.9.1,2026-07-25T06:16:37,,
Telegram,org.telegram.messenger,Social,2159167a-592b-4d7e-81e1-2fff0f720d3d,Rustam Salya,5,,"Finally video calls! That's making it five stars! A ton of useful features, no other messenger comes close. Need work on customer support, the bot is useless. Voice and video calls are hard to get connected for some reason,in comparison for example WhatsApp.",2,12.9.1,2026-07-25T06:01:31,,
Telegram,org.telegram.messenger,Social,182024de-da3b-464b-92f6-6bac046e6389,Ryuko Matoi,1,,"Keeps adding more garbage AI features nobody asked for. Considering an alternative. Edit: Also, calling a vast majority of your users poor is... Definitely a choice.",38,12.9.1,2026-07-25T05:59:42,,
Telegram,org.telegram.messenger,Social,41e3517e-0e45-4fb0-ac94-3fca5e04482a,Giorgi Chaxo,5,,best gooning app,0,,2026-07-25T05:52:11,,
Telegram,org.telegram.messenger,Social,b0f9eb68-4c73-4f58-97d4-3cef0f8b5370,Fathul Rih,5,,"This is the best app istg! When you upload a picture, automaticly your picture become HD! Im really recommended to all citizens to use this app. the only unique features, cloud search. you free to search any id telegram to text with person even though they not in your contact. random animation in this app makes kinda cute so much.",0,12.9.0,2026-07-25T05:23:02,,
Telegram,org.telegram.messenger,Social,926fcc6e-e203-4f90-888d-f3b5f16a8554,Kelvin Byson,5,,Cool App 🔥👑💯,0,12.8.3,2026-07-25T05:21:19,,
Telegram,org.telegram.messenger,Social,2596ebf9-26db-458f-950e-c5c07defe470,Poohluna vk,1,,after I update some of my gift I bought all go please give me back,1,12.9.1,2026-07-25T05:12:46,,
Telegram,org.telegram.messenger,Social,1b0b8293-5719-44f1-b3cc-4ebe518c2b8f,Aria Rezae,1,,"Hello, when I connect my email to my Telegram account, I want to log in to Telegram and the code is sent to my account, not the email, but the email is connected to Telegram. Please follow up.",0,12.9.1,2026-07-25T04:55:57,"Thank you for your feedback. If you frequently reconnect and face issues with SMS codes, consider setting a login email for easier access. Premium users can remove this email instantly. For further assistance, contact support@telegram.org (obj: #playstore).",2026-07-25T05:36:04
Telegram,org.telegram.messenger,Social,e416f5c3-7b56-49ea-a413-927fc3920706,charlie veneros,3,,cant get a verification code?,0,12.9.1,2026-07-25T04:52:30,"We're sorry to hear that. Please verify that your mobile plan includes active SMS coverage. Confirm Google Play Services are enabled on your device and disable any active VPN. If issues persist, contact sms@telegram.org with your phone number in international format as the email subject.",2026-07-25T05:39:34
Telegram,org.telegram.messenger,Social,22a4afab-285c-44b8-835f-99c50a839505,Sebastian,1,,Telegram gram gram Es la copia del WhatsApp y nada más sirve pa' rellenar el hueco en el celular y eso nadie me lo va a negar. Leanlo como la canción de mr trance para mejor experiencia,0,,2026-07-25T04:36:43,,
Telegram,org.telegram.messenger,Social,2a2805a8-89c9-46e8-b807-373e84fbc88d,Imafidon Ighile,5,,beautiful app,0,12.8.3,2026-07-25T04:36:16,,
Telegram,org.telegram.messenger,Social,4b8fd34a-d2c7-4971-a32e-834de8306064,Yosra Al-Hosseini,2,,Can't edit photos or videos after latest update!,1,12.9.1,2026-07-25T04:28:15,,
Telegram,org.telegram.messenger,Social,e7bf697b-b0ae-4b1f-b858-4f62f9a5ed95,Renee Smith,5,,all was good I was able to speak to friends and family.,0,12.9.0,2026-07-25T03:33:01,,
Telegram,org.telegram.messenger,Social,280c6aa4-0ea8-44df-88e9-f0e51e0402e2,KENA HAILU,5,,I like telegram because it's work in any phone it's not like what's app it's safe data and faster to.,0,,2026-07-25T03:27:50,,
Telegram,org.telegram.messenger,Social,1a60c644-339a-434c-ab89-6a918e297784,Hassan Hazziy,1,,best app,0,12.9.1,2026-07-25T03:15:03,"Thank you, we're glad to hear you enjoy the app! If you’d like, you can change your review to 5 stars (a positive rating).",2026-07-25T04:30:47
Telegram,org.telegram.messenger,Social,6b7d71a2-66fd-4ada-ab36-d397e768c8a0,Santos Iraheta,5,,"it's great very private secure, trust, very well 👍",0,12.9.0,2026-07-25T03:14:25,,
Telegram,org.telegram.messenger,Social,f4fc7c53-f91d-42d3-be66-98ec74f615e1,MD Riaz,5,,অনেক ভালো,0,12.9.0,2026-07-25T03:07:10,Thank you very much for your kind words!,2026-07-25T03:31:38
Telegram,org.telegram.messenger,Social,ac495ed6-5061-421c-bdb9-6ed54b5ac1a8,Engie Meow,3,,Hindi marunong bago ito ah mamaya hello hello hello hello high blood,0,12.9.0,2026-07-25T02:36:53,,
Telegram,org.telegram.messenger,Social,502e7830-81f8-4694-921b-4399905a6e44,bina apostol,1,,I have to buy premium,0,,2026-07-25T02:28:17,"Telegram offers every user more features than any other app – supporting large communities, unlimited cloud storage, multiple accounts and more – all for free.

Telegram Premium unlocks extra functionality and expressive options – and the subscriptions of Premium users help maintain Telegram’s free service for hundreds of millions of people.",2026-07-25T03:36:54
Telegram,org.telegram.messenger,Social,50e248c7-6f67-41d2-a497-44e0f9f8a8c8,Mahsa,5,,perfect,0,12.9.0,2026-07-25T02:21:49,"Thank you for your review, we appreciate it!",2026-07-25T03:34:08
Telegram,org.telegram.messenger,Social,197975ef-27d9-48c0-bccd-554075ebef03,Daniel Birku,5,,Premium 🔥🔥🔥,0,12.9.0,2026-07-25T02:16:04,,
Telegram,org.telegram.messenger,Social,dbe385e5-a8c8-4769-ba9a-84add6c5b1c4,Koshan Ahmad,1,,​Absolute garbage! Telegram has turned into a total scam. ​The developers are greedier than ever. They intentionally ruin the user experience and cripple video download speeds just to force people into buying Telegram Premium. Forcing users to pay for basic speed and usable performance is pure extortion. I'm uninstalling this trash app immediately. Even 1 star is too much for you—how much cheaper and more pathetic can you get just for money?,0,12.9.0,2026-07-25T02:08:20,,
Telegram,org.telegram.messenger,Social,df17abf2-800b-4517-a739-12e1aaed543c,Gertrude kisakye Nalumansi,5,,good,0,,2026-07-25T02:05:50,Thank you very much for your kind words!,2026-07-25T02:33:18
Telegram,org.telegram.messenger,Social,f1d2e124-ddc0-4e56-9927-4f134007f022,A XX,1,,It logged me out without me doing anything then when i try to log back it's asking me to pay already. i sent a report to their customer service but no response. all my work related stuff is in there. this is so frustrating.,0,,2026-07-25T01:43:39,,
Telegram,org.telegram.messenger,Social,56fef10f-6e43-4a3f-b058-a0e7a62eee63,عطیه,4,,بدنیست,0,,2026-07-25T01:43:20,ممنون از شما که نظر دادید و به ما ۴ ستاره دادید! خوشحالیم که تلگرام را می‌پسندید. اگر پیشنهاد یا نظری دارید، لطفاً به ما اطلاع دهید.,2026-07-25T02:41:50
Telegram,org.telegram.messenger,Social,ed99f793-73d7-4e77-9209-eff812ff39be,Sudheer Lokesh,1,,"this app is waste not secure someone hacked my telegram account and sending bad video's links to my all contacts members and I try to delete that another device it's not possible don't trust this app not safe it's worst useless app that hacker device location found in ""karaganda, Kazakhstan""",0,12.9.0,2026-07-25T01:32:07,,
Telegram,org.telegram.messenger,Social,926a3035-595f-46b2-8f19-95238aa15aeb,Aduragbemi Testimony,5,,it not downloading on my phone,0,,2026-07-25T01:29:50,,
Telegram,org.telegram.messenger,Social,8ac0c4e5-0528-4b14-a2bd-990548e9bfd0,Sohal07 Rana,5,,good app,0,12.9.1,2026-07-25T01:29:35,"Thank you for your review, we appreciate it!",2026-07-25T02:34:08
Telegram,org.telegram.messenger,Social,be9c6bfa-c66d-4ad9-b942-54d88c642bad,Chetan Thakor,5,,❤️,1,12.8.3,2026-07-25T01:28:56,,
Telegram,org.telegram.messenger,Social,f4fcc658-8bdb-4e7b-bedf-822770889c7c,Alireza Rashidi,5,,متشکریم,1,12.9.0,2026-07-25T01:26:50,,
Telegram,org.telegram.messenger,Social,921145f3-62c9-4502-b095-b0d42b2e3756,Altaf Patel,1,,just playing some games stuck in to this i cliked on exit but not happening.while play truth or dare it's happening i have left my conversation but still conversation is in why this is happening it's fake and fraud happened here,0,12.9.1,2026-07-25T01:26:19,,
Telegram,org.telegram.messenger,Social,632edd63-85de-463f-a603-08e6d5ecd223,PIYAL HOSSAIN,5,,ok,0,,2026-07-25T01:14:20,,
Telegram,org.telegram.messenger,Social,ba6ae5bc-754d-433d-9cd3-f6afed0a1daa,Betty Johnson,4,,it is ok.,0,12.9.0,2026-07-25T01:13:39,"Glad to hear you enjoy the app! If you’d like, you can change your review to 5 stars (a positive rating).",2026-07-25T02:42:44
Telegram,org.telegram.messenger,Social,6d462bdb-52b6-4f65-b4b5-1ecfcb0027e9,Ko Sai linn,5,,အကောင်တပ်ပါ,0,12.9.1,2026-07-25T01:08:49,,
Telegram,org.telegram.messenger,Social,4f394b45-783a-47fa-8482-b2faed5924a3,Md. Rasel,5,,wow nice,0,,2026-07-25T01:04:08,,
Telegram,org.telegram.messenger,Social,a3011a1a-44ec-4981-9359-36c543f90cbf,Md Rony,5,,good apps,0,12.9.1,2026-07-25T01:02:40,,
Telegram,org.telegram.messenger,Social,d1d0663d-b432-4661-a93a-eee3db807115,MoVibe,5,,"People giving false ratings about privacy and/or security, telegram is the only true competitor much superior than WhatsApp and other social platforms.",1,,2026-07-25T01:00:58,,
Telegram,org.telegram.messenger,Social,d83d80af-b1b5-4b0b-988c-dcab4d8ad191,christian marpa,1,,bad,0,12.9.0,2026-07-25T00:57:28,"Thank you for your feedback. We're sorry to hear you're not having a good time on Telegram, is there anything we can do to improve?",2026-07-25T01:31:38
Telegram,org.telegram.messenger,Social,6a53f6f4-f129-4248-93c3-4472ee9deaac,Farhad Momeni,5,,the best application in the history of world,0,12.9.0,2026-07-25T00:53:07,,
Telegram,org.telegram.messenger,Social,f15dd5f4-6530-4a05-9fe3-c1c562f8aa1b,Raju Islam,1,,SMS not coming to Bangladesh Banglalink SIM,0,12.9.1,2026-07-25T00:51:39,"We're sorry to hear that. Please make sure you're using the official Telegram app. Verify that your mobile plan includes active SMS coverage. Confirm Google Play Services are enabled on your device and disable any active VPN. If issues persist, contact sms@telegram.org with your phone number in international format as the email subject.",2026-07-25T01:36:57
Telegram,org.telegram.messenger,Social,7a85d2a4-9339-432b-9837-8ce257670b9d,alireza slim,5,,Best app,0,10.0.4,2026-07-25T00:34:18,Thank you very much for your kind words!,2026-07-25T01:34:58
Telegram,org.telegram.messenger,Social,a2478ba0-a737-4168-b6cf-952967f208df,Manis Rout,4,,hey add option to send pictures in view once mode in secret chat it's needed,0,12.9.1,2026-07-25T00:31:25,,
Telegram,org.telegram.messenger,Social,28687140-4f5e-40a5-bee5-1f530097fb9b,Jemimah Ñgendo,2,,why is my telegram not opening,0,8.8.5,2026-07-25T00:23:19,I’m sorry that the app is currently not working perfectly for you. Could you please give more details? I’ll do my best to help.,2026-07-25T01:39:24
Telegram,org.telegram.messenger,Social,9a01e2e7-d47f-46a5-9439-0887169ad1c6,Tahamina Aktar supti,1,,Banglaling sim code asca nha. login hoi nha.,0,12.9.1,2026-07-25T00:22:51,,
Telegram,org.telegram.messenger,Social,85180c05-8154-416c-93d3-9f9a388884af,Zana Ahmadi,4,,"The app is great and I love it like always. I'm using telegram over 5 years and it almost got better over time, however these days it started crashing and freezing alot. I don't know if it's about the new versions or not but when I just play a voice, music or video message, It just freeze for a minute and suddenly close the app. I hope they just fix this ASAP because it started making me crazy 😭.",0,12.9.1,2026-07-25T00:09:58,"Sorry for the inconvenience. If your account is frozen, please send an appeal in Telegram. If the phone is banned, contact recover@telegram.org. Include phone number + country code, and details. Never share your code with anyone, use official apps, and ensure your devices are secured. Numbers can be unbanned if the case is a false positive.",2026-07-27T13:23:36
Telegram,org.telegram.messenger,Social,6aa8ccf3-2fcc-46a2-95e8-d92a5b9c29d2,Jovil Gayuma,4,,paliging bigo,0,12.9.1,2026-07-25T00:05:27,"Salamat sa iyong rating! Kung mayroon kang mga suhestiyon o katanungan, huwag mag-atubiling ipaalam sa amin. Nandito kami para tumulong!",2026-07-25T00:46:07
Telegram,org.telegram.messenger,Social,4b5b7d6a-80ea-40a3-8192-a94575787ee8,Мульт Обзор,5,,the best messenger,0,,2026-07-25T00:04:30,,
Telegram,org.telegram.messenger,Social,adc95e3d-8cfb-4703-b89a-8f97d68e410d,dfyh.,1,,"I can't log in even though the previous verification email was linked to the email I sent, then logging in asked for a new email and an additional fee of 21rp and now I really can't log in because it's considered spam login. I've already sent a report to email. Please expedite the response.",1,12.9.1,2026-07-24T23:54:01,I’m sorry that the app is currently not working perfectly for you. Could you please give more details? I’ll do my best to help.,2026-07-24T23:39:21
Telegram,org.telegram.messenger,Social,787392db-53bb-4814-97e8-734dfcb52aa7,Md mehedi Rifat,1,,My @Telegram account is frozen due to unauthorized login attempts. I didn't get any reply from support yet. Please help me recover my account.,0,,2026-07-24T23:51:58,"We apologize for the inconvenience caused. Did you contact recover@telegram.org? That is the email that specifically handles banned account / phone number cases. Include the phone number + country code of the banned account and details/context about the case. If the case is a false positive, then the number can be unbanned.",2026-07-25T00:40:13
Telegram,org.telegram.messenger,Social,f51ce44d-5b78-49f6-8f5f-d9e71de93938,Nazeef mian,5,,An amazing app amazing bots love ❤ it,0,12.9.1,2026-07-24T23:47:46,,
Telegram,org.telegram.messenger,Social,f5b97a6a-249e-4434-bea3-5003f7756d21,Rayhan ahmed Rayhan,1,,Telegram login password আসচে না,0,12.9.1,2026-07-24T23:44:37,,
Telegram,org.telegram.messenger,Social,08e5396f-a99f-456f-86ab-8f7e3d2306be,مجید رمضانی,5,,بسیار عالی و خیلی هم خوب,0,12.9.0,2026-07-24T23:42:01,,
Telegram,org.telegram.messenger,Social,01629091-7eee-4d0e-9a68-2d11ac32b8be,Michael ampadu,5,,The app is not good for my phone,0,12.9.1,2026-07-24T23:41:46,,
Telegram,org.telegram.messenger,Social,57276874-d002-485b-ac3f-780c66d498bf,Nicholas Wiles,1,,Crashes every 2 minutes.,0,12.9.1,2026-07-24T23:39:56,I'm sorry that you're experiencing an issue with the app. Please let us know more about it by going to bugs.telegram.org and reporting it there. That way our developers and support team can get more information to fix the issue.,2026-07-25T00:41:52
Telegram,org.telegram.messenger,Social,000c5f02-10a1-4a2c-aa27-7b412c36f1cd,Rana Ahmed,5,,super,0,12.8.3,2026-07-24T23:39:16,,
Telegram,org.telegram.messenger,Social,b024a7e1-402b-4a41-8211-df32d654793c,Md Biplob,1,,বাংলাদেশ বাংলালিংক সিম লগ ইন এসএমএস প্রবলেম কোট,0,12.9.1,2026-07-24T23:32:43,"আপনার সমস্যার জন্য দুঃখিত। দয়া করে নিশ্চিত করুন যে আপনার মোবাইল প্ল্যানে এসএমএস সেবা সক্রিয় আছে। Google Play Services চালু আছে কিনা তা যাচাই করুন এবং কোনো ভিপিএন বন্ধ করুন। সমস্যা থাকলে, sms@telegram.org এ আপনার ফোন নম্বর আন্তর্জাতিক ফরম্যাটে ইমেইল বিষয় হিসেবে পাঠান।",2026-07-25T00:43:36
Telegram,org.telegram.messenger,Social,7ecd6358-d3d8-443c-9e80-2533c6e636cc,Ali Jutt,3,,this app very good chatting,0,,2026-07-24T23:32:10,"Thank you for your feedback! If you like Telegram, consider changing your review to 5 stars (a positive rating).",2026-07-25T00:45:13
Telegram,org.telegram.messenger,Social,d4066ac3-3f6b-47c2-8845-7d4dd0f0c750,Arsin Mohammadpour,5,,Best massanger in the world,0,,2026-07-24T23:14:06,,
Telegram,org.telegram.messenger,Social,c1fd9bab-8467-499d-913d-b673569b462c,Donald L. Brown Jr.,5,,This app has kept me connected with important people from around the world. I have made so many meaningful connections and memories. I truly appreciate it 🙏🏿.,0,12.9.0,2026-07-24T23:07:38,,
Telegram,org.telegram.messenger,Social,719a404d-a1f0-4e64-ad77-4d107abe4489,Jahid Bissash,2,,good,0,12.9.1,2026-07-24T23:05:00,"Thank you, we're glad to hear you enjoy the app! If you’d like, you can change your review to 5 stars (a positive rating).",2026-07-24T23:31:38
Telegram,org.telegram.messenger,Social,b2c56cad-d656-47d8-8396-a834a7c3ea4d,Tawhid,3,,it show this error after I provide otp from gmail : sorry EMAIL_NOT_ALLOWED,0,12.9.0,2026-07-24T22:59:26,,
Telegram,org.telegram.messenger,Social,24944d6e-9bcd-4180-8c00-a0c2ea0e728b,Aziddin Mohd Zaidi,5,,"Similar app as WhatsApp is Telegram. With is features like storage, speed, privacy, security, customization among others makes Telegram a fast growing chat app to be downloaded among users",0,12.9.0,2026-07-24T22:58:04,,
Telegram,org.telegram.messenger,Social,4907c51c-ce83-41cc-b9c7-849638f8cd78,Art Russell,4,,love it,0,12.9.1,2026-07-24T22:56:15,"Thank you for your feedback! If you like Telegram, consider changing your review to 5 stars (a positive rating).",2026-07-24T23:45:15
Telegram,org.telegram.messenger,Social,99925a77-f78a-4da9-a2bd-e4b492282930,oualid ouali,1,,why paying to use,0,,2026-07-24T22:54:33,,
Telegram,org.telegram.messenger,Social,c77ad35a-033f-4b37-bcf8-3489f98474df,Ali Mohammed,5,,good,0,12.9.1,2026-07-24T22:43:14,Thank you very much for your kind words!,2026-07-24T23:33:18
Telegram,org.telegram.messenger,Social,afc133dc-72b0-4d42-8dc5-a468e92ff11d,Nabil Mahdii,5,,Nice,0,,2026-07-24T22:41:34,We're glad that you're enjoying Telegram. Thank you for your review!,2026-07-24T23:34:58
Telegram,org.telegram.messenger,Social,8314b6ee-16cb-4982-bda0-93274642ff09,Kaveh,1,,چه‌طوری آپدیت کنیم اخطار میده,0,,2026-07-24T22:35:26,,
Telegram,org.telegram.messenger,Social,cce78c9a-546d-4f2c-a6e0-272e5e3bc672,Princess Mthembu,1,,why do we have to subscribe now to use telegram,0,,2026-07-24T22:35:07,,
Telegram,org.telegram.messenger,Social,51c54389-9427-414d-b68d-eaed26dc3df0,Mohammad Khodanewaj,1,,"My number was banned on July 12 without any reason , till now I have sent 7-8 mails requesting recovery of my account, I filled a report from also on their support page,still no response .. pathetic app.",1,12.9.1,2026-07-24T22:29:59,"Sorry for the inconvenience. Please contact recover@telegram.org, they handle banned phone number cases. Include phone number + country code of banned account, and details/context about the case. Never share your code with anyone, only use official apps, and ensure your devices are secured. Numbers can be unbanned if the case is a false positive.",2026-07-24T23:30:47
Telegram,org.telegram.messenger,Social,7f814edf-d74b-4b90-a7d1-5e1d6fb823df,Abel Francis Vinod,1,,I can't use background downloading,0,12.9.1,2026-07-24T22:18:56,We're sorry to hear that. The download process is handled by the Google Play Store. Please make sure you have enough free space available on your device and try to reboot. You can also try to clear the Google Play Store cache.,2026-07-24T23:42:07
Telegram,org.telegram.messenger,Social,b60b72c2-765f-4132-b9f6-a131547a4620,Beti,5,,it is a good app,0,12.7.3,2026-07-24T22:15:27,,
Telegram,org.telegram.messenger,Social,18e7a83e-2e52-41f5-a191-4f62f2e5590f,Kaihoow Ng,2,,"For some reason, I am intermittently not receiving notifications nor vibration when there is incoming messages. I am on strong WIFI. Somehow this may happen when I am watching reels on Instagram. Most of the time I do get notifications and alert from telegram but there will be times where I suddenly do not receive any incoming notification. Only after I clicked into telegram then the messages start coming in. This has caused people to think I ignored their messages. Samsung Galaxy Note 24.",1,12.9.1,2026-07-24T22:11:22,,
Telegram,org.telegram.messenger,Social,1f38a3e5-002d-4851-b795-7616842122ba,Muskan Ranavat,1,,have been blocked and banned after my account was hacked this is so disturbing very unsafe,0,12.6.4,2026-07-24T22:10:58,"We apologize for the inconvenience caused. Did you contact recover@telegram.org? That is the email that specifically handles banned account / phone number cases. Include the phone number + country code of the banned account and details/context about the case. If the case is a false positive, then the number can be unbanned.",2026-07-24T22:38:32
Telegram,org.telegram.messenger,Social,a844f005-3c5f-4031-923a-211fbeac8a99,Anna Altman,5,,nice app,0,12.9.1,2026-07-24T21:58:43,"Thank you for your review, we appreciate it!",2026-07-24T22:34:58
Telegram,org.telegram.messenger,Social,e274ab35-a86b-46f3-bf07-bb7144c96715,Aat Nur Hidayat,1,,"sudah akun lama, pas mau buka di HP lain suruh bayar..",0,12.9.1,2026-07-24T21:57:28,,
Telegram,org.telegram.messenger,Social,844b3a52-2682-42f7-9df4-5dc765495f34,Joshua Pongot,5,,useful,0,12.9.1,2026-07-24T21:56:29,,
Telegram,org.telegram.messenger,Social,03be4900-417a-4143-b9b4-175bfdad39f1,Wasif Ahsan,1,,"Asks me to buy Premium to login. Bro, I don't have credit and debit card.",24,12.9.1,2026-07-24T21:52:04,,
Telegram,org.telegram.messenger,Social,bd47e404-6e34-46e4-9458-9844b491fa06,jonas defeo,1,,the app needs to purchase premium before you can use the app what a waste app,0,12.7.3,2026-07-24T21:48:04,,
Telegram,org.telegram.messenger,Social,f85f76f4-4970-401c-a42a-3c42cc85b16c,Viktorija Serafimovic,1,,Because i can't connect without an Telegram Premium. And i don't want it,0,12.9.1,2026-07-24T21:37:35,"If you see a 'Connecting...' message or a constantly spinning circle icon, that is a sign that your device isn't able to connect to Telegram.

If your connection is working for other apps and websites, it means your provider is limiting your ability to access Telegram – enabling a VPN or proxy service on your device will help you connect.",2026-07-24T22:31:37
Telegram,org.telegram.messenger,Social,93873629-775e-4545-81e6-77686fb0fc4d,Maryan Ducaale,2,,Best telegrm,0,,2026-07-24T21:33:25,"Are you having an issue with the app? If so, please update the review text here to explain the problem and I may be able to help.",2026-07-24T22:39:56
Telegram,org.telegram.messenger,Social,f2f80d82-a2fc-4e3c-95a4-086d0dee8863,ajantha angeline,5,,"Telegram is a fast and reliable messaging app with a simple interface. It offers secure chats, fast file sharing, and useful group features. It is a great app for staying connected with friends, family, and work.",0,12.8.3,2026-07-24T21:28:57,,
Telegram,org.telegram.messenger,Social,31f87fc4-5046-4fc4-81b7-944076023b69,Carina Logarta,1,,dude why would you put a payment for logging in,0,12.9.1,2026-07-24T21:20:35,,
Telegram,org.telegram.messenger,Social,7b220bfe-820b-49c4-b88d-14e5a047c792,Fateme sadeghi,5,,amazing,1,,2026-07-24T21:15:17,We're glad that you're enjoying Telegram. Thank you for your review!,2026-07-24T22:37:28
Telegram,org.telegram.messenger,Social,5973479d-8f80-4f66-b10e-224b78b53326,JuinXhi,2,,"The app is pretty much OK, and thats it, that's the problem, it's ancient compared to other messaging/social apps, and I'm basically forced to use this app because of my current situation",0,12.9.1,2026-07-24T21:13:07,,
Telegram,org.telegram.messenger,Social,f4d0113a-40fa-4a46-bb5a-06717ea9dcce,Shashank Kartik,5,,love best h student ke liye like csp,0,12.9.0,2026-07-24T21:09:51,,
Telegram,org.telegram.messenger,Social,ccb50f59-d295-4dc5-87b0-0b7a3840c735,Ahmad Taher,1,,متى ستسمحون بالاشتراك بالتلجرام المميز للعرب، كالسوريين وغيرهم!؟!؟!؟,0,12.9.0,2026-07-24T21:05:30,,
Telegram,org.telegram.messenger,Social,2c70e8a2-f040-48b0-93d2-7e169cd9d8bd,Vladyslav Shokhel',1,,tech support non-existing. security is horrible. lost access to may account. impossible to return my account 🤣,0,12.9.1,2026-07-24T20:49:54,,
Telegram,org.telegram.messenger,Social,3ccee0f8-2407-4ade-ace5-f435324a778f,Michael Meuleman,1,,want to say how the app is but I'm not even getting my verification code. update: I got a verification code. thanks for fixing that. I saw when opening the app some nice slider pages showing the free option you have. once the verification is in your blocked by a purchase fee. What I usually do is I don't tell people something is free when it isn't. :),0,8.5.4,2026-07-24T20:48:54,"We're sorry to hear that. Please verify that your mobile plan includes active SMS coverage. Confirm Google Play Services are enabled on your device and disable any active VPN. If issues persist, contact sms@telegram.org with your phone number in international format as the email subject.",2026-07-22T04:36:02
Telegram,org.telegram.messenger,Social,40f421ed-b841-4373-804b-bc65a53d3a42,Daw Thu Zar,5,,good,0,,2026-07-24T20:47:55,Thank you very much for your kind words!,2026-07-24T21:34:58
Telegram,org.telegram.messenger,Social,5d7fa45c-0507-47a9-bf56-c42544d19944,Kolluri Mallesh,5,,my telegram number was banned,0,,2026-07-24T20:47:42,"Sorry for the inconvenience. If your account is frozen, please send an appeal in Telegram. If the phone is banned, contact recover@telegram.org. Include phone number + country code, and details. Never share your code with anyone, use official apps, and ensure your devices are secured. Numbers can be unbanned if the case is a false positive.",2026-07-27T13:16:37
Telegram,org.telegram.messenger,Social,a28924d1-6d46-416a-a564-b4e56ee83a50,Omar Edris,1,,not receiving verification code otp,0,,2026-07-24T20:47:30,"We're sorry to hear that. Please verify that your mobile plan includes active SMS coverage. Confirm Google Play Services are enabled on your device and disable any active VPN. If issues persist, contact sms@telegram.org with your phone number in international format as the email subject.",2026-07-24T21:30:47
Telegram,org.telegram.messenger,Social,3028ec8e-999c-4843-ad45-8d6910a98902,Md Monir Hosen,5,,nice,0,12.8.3,2026-07-24T20:45:48,Thank you very much for your kind words!,2026-07-24T21:35:48
Telegram,org.telegram.messenger,Social,20f1d75b-34ec-4a3f-a87e-693c67628205,Anthony Trejo,5,,UNCONDITIONAL! 🤝🤘☕,0,12.9.1,2026-07-24T20:42:55,,
Telegram,org.telegram.messenger,Social,297a21c8-4c26-4800-9e32-40b578f3988e,Op Hooda,5,,nice,0,12.2.10,2026-07-24T20:37:12,"Thank you for your review, we appreciate it!",2026-07-24T21:37:28
Telegram,org.telegram.messenger,Social,64dd9abb-121b-4527-8893-e2dfa15c0b19,MUNAWYAR SHEIKH,1,,code prolem,0,12.9.1,2026-07-24T20:36:12,"We're sorry to hear that. Please verify that your mobile plan includes active SMS coverage. Confirm Google Play Services are enabled on your device and disable any active VPN. If issues persist, contact sms@telegram.org with your phone number in international format as the email subject.",2026-07-24T21:41:05
Telegram,org.telegram.messenger,Social,8da5f7de-2079-40a5-be3b-e6f364a9e1f9,Gessile Ponce,4,,good,0,12.9.1,2026-07-24T20:34:37,"Thank you, we're glad to hear you enjoy the app! If you’d like, you can change your review to 5 stars (a positive rating).",2026-07-24T21:32:28
Telegram,org.telegram.messenger,Social,da792bb5-7ca1-4e72-a176-c3a4a23ad2f0,Ahona Maity,5,,good like Instragram apps,0,12.2.10,2026-07-24T20:34:21,,
Telegram,org.telegram.messenger,Social,487b2ea4-a4c5-49d3-9e90-39b14258d31b,Al Amin,1,,বাংলাদেশ কোড প্রবলেম,0,12.9.1,2026-07-24T20:32:04,"আপনার সমস্যার জন্য দুঃখিত। দয়া করে নিশ্চিত করুন যে আপনার মোবাইল প্ল্যানে সক্রিয় SMS কভারেজ রয়েছে। আপনার ডিভাইসে Google Play Services সক্রিয় কিনা তা নিশ্চিত করুন এবং কোনো সক্রিয় VPN বন্ধ করুন। সমস্যা অব্যাহত থাকলে, sms@telegram.org এ আপনার ফোন নম্বর আন্তর্জাতিক ফরম্যাটে ইমেইল বিষয় হিসেবে পাঠান।",2026-07-24T21:41:50
Telegram,org.telegram.messenger,Social,b399e1d8-59ac-46ff-8d34-4544c1bc65f6,Olatunbosun Larry,5,,l rate it very good 👍👍👍,0,12.9.0,2026-07-24T20:31:39,,
Telegram,org.telegram.messenger,Social,2c02b5e4-5fb7-46f2-9e1b-a8f21fc2ab0d,Bay Dar Ma,1,,no good,0,,2026-07-24T20:30:01,"Could you please tell us more about this problem? You can report it using our bugs.telegram.org platform. We suggest you to create a detailed explanation of the issue there, so that it will be possible to collect more information about what is happening.",2026-07-24T21:42:42
Telegram,org.telegram.messenger,Social,1aba3723-a456-46f4-84f4-6cfceea3c780,M. Vishnu,1,,worst,0,12.9.1,2026-07-24T20:21:49,"Are you having an issue with the app? If so, please update the review text here to explain the problem and I may be able to help.",2026-07-24T21:45:23
Telegram,org.telegram.messenger,Social,338d0d7b-8561-42a8-ae0d-08863d5b2733,Abhijeet Mahto,3,,i have deleted my telegram than some before i downloaded now i entered my number and any other email account is showing so now I can't login my account,0,12.9.0,2026-07-24T20:20:46,"We're sorry to hear that. Please verify that your mobile plan includes active SMS coverage. Confirm Google Play Services are enabled on your device and disable any active VPN. If issues persist, contact sms@telegram.org with your phone number in international format as the email subject.",2026-07-24T21:46:54
Telegram,org.telegram.messenger,Social,0eff7f87-1f80-4a79-a532-c0a2dbdc6b61,KON POV II,3,,probationary,0,12.9.1,2026-07-24T20:10:24,,
Telegram,org.telegram.messenger,Social,1e148674-a3c5-45a3-9d2b-273d06e8e3f8,Omet Kudu,1,,any time i try to log in it's always tell me report problem,0,,2026-07-24T20:04:29,,
Telegram,org.telegram.messenger,Social,355eecb4-1ec1-414a-8939-83cc397db71b,Muskan Rajput,5,,mere samaj se pare,0,12.6.3,2026-07-24T20:02:41,,
Telegram,org.telegram.messenger,Social,8466c1ed-49d8-4449-98d2-fa319787b409,Krishna,1,,please help Mera code nahin a raha hai,0,,2026-07-24T19:55:57,,
Telegram,org.telegram.messenger,Social,d179517a-e478-45a4-979b-60e8157dcbc9,Balaji,1,,don't use this app very worst..they restricted my account without any reason....very worst and garbage workers,0,,2026-07-24T19:55:29,,
Telegram,org.telegram.messenger,Social,68ba8c9c-5b4f-46c0-8910-77673cb43faa,Ashwani Kashyap,5,,I am happy,0,,2026-07-24T19:46:52,,
Telegram,org.telegram.messenger,Social,0052d5f4-7f27-4d8b-a418-44f30b881bb1,Bs Googel,1,,"When I enter my number, it never opens, takes a long time to download, and ultimately fails to download, preventing me from accessing the application.",1,12.9.1,2026-07-24T19:44:16,,
Telegram,org.telegram.messenger,Social,57d75446-392b-4daa-8c43-2a9a36871091,Donald Bwawa,1,,payment?,0,12.9.1,2026-07-24T19:43:57,,
Telegram,org.telegram.messenger,Social,da4b9625-70ac-4a32-840e-b3eb2dcb0b8c,Ashok Vasfoda,5,,bahut acchi hai per bahut acchi hai application hai bahut acchi hai per aap bhi downloading kar lo acchi matlab bahut acchi hai application nahin Hai yah kuchh bhi downloading karna hai usmein se kar sakte ho aap downloading aap application Kari lo aapko game,0,,2026-07-24T19:42:44,,
Telegram,org.telegram.messenger,Social,a822d633-a4a4-4947-8ec5-d85b67b26cd0,satypal bhadu,5,,ok,0,12.9.1,2026-07-24T19:40:37,,
Telegram,org.telegram.messenger,Social,31fbfb8e-2456-403d-9d26-0505b831fa49,Alexander Frak,1,,Can't sign in... Says that I need to cover the price of sms in the country lol... Via web works well,0,12.9.1,2026-07-24T19:39:44,"We're sorry to hear that. Please verify that your mobile plan includes active SMS coverage. Confirm Google Play Services are enabled on your device and disable any active VPN. If issues persist, contact sms@telegram.org with your phone number in international format as the email subject.",2026-07-24T20:31:37
Telegram,org.telegram.messenger,Social,f6eaf87c-fc4c-419a-8914-80ef20cf715d,hafez balali,5,,like,0,12.9.1,2026-07-24T19:31:11,,
Telegram,org.telegram.messenger,Social,1a864ced-5e2d-4d4a-9644-6ddd5454e26d,امیر,5,,just perfect✅,0,12.9.1,2026-07-24T19:22:27,,
Telegram,org.telegram.messenger,Social,84c3097e-a715-4d17-97e4-371e6ad59496,Suresh Thakor,5,,telegram problem,0,,2026-07-24T19:16:00,,
Telegram,org.telegram.messenger,Social,0e5da015-6cba-490f-aea2-9498d235f9fb,Md Masum,5,,okay,0,11.7.3,2026-07-24T19:15:51,,
Telegram,org.telegram.messenger,Social,f07ec308-498d-4d15-90f9-c1f95bf415d7,Tedaiom,5,,Excellent App. All you need in one. 💯,0,12.9.0,2026-07-24T19:13:34,,
Telegram,org.telegram.messenger,Social,d325df0a-f47b-48c1-8907-0f59dfa071bb,Surendra Mali,1,,network issue 30 mint tk to connecting hi btata hai ❌❌❌😡😡😡,0,12.9.0,2026-07-24T19:09:37,,
Telegram,org.telegram.messenger,Social,bc0284a4-0fde-423e-972c-18e8a8e627bf,Chandan Prajapati8292,5,,safe and secure website thanks,0,,2026-07-24T19:01:18,,
Telegram,org.telegram.messenger,Social,c45e0fea-b71c-4321-94be-aecbf924b7b4,Satoru Gojo,1,,It wants me to pay to log back to my account,0,,2026-07-24T19:00:06,I’m sorry that the app is currently not working perfectly for you. Could you please give more details? I’ll do my best to help.,2026-07-24T19:40:12
Telegram,org.telegram.messenger,Social,4db81471-f483-4dea-907a-aef76290b8f4,یحیی رسولی,5,,the app is very good.,0,12.1.1,2026-07-24T18:56:34,,
Telegram,org.telegram.messenger,Social,88c6bffe-eb54-4d29-80e6-e142afcc2e8a,Abdu Rehman,3,,"Unable to open, sorry",0,12.9.1,2026-07-24T18:54:49,Can you update the review text to describe the issue in more detail? I may be able to help.,2026-07-24T19:44:23
Telegram,org.telegram.messenger,Social,1c337a77-f37e-420a-807e-8636bb5fc354,Mark,1,,this app is NOT secure. I've had a voice note from some random Asian woman keep appearing through telegram and overriding what I'm doing trying to get me to send her money for a premium service. she's not on my list and this doesn't come through as a message. instead it some how access your phone and starts playing. VERY CONCERNING and the Devs do nothing about this. AVOID UNLESS YOURE USING A BURNER PHONE.,0,12.9.0,2026-07-24T18:39:38,,
Telegram,org.telegram.messenger,Social,ade2e781-f795-4988-ab28-f1378837e673,james Malayon,1,,I did not receive any sms verification code,0,12.9.1,2026-07-24T18:34:42,"We're sorry to hear that. Please verify that your mobile plan includes active SMS coverage. Confirm Google Play Services are enabled on your device and disable any active VPN. If issues persist, contact sms@telegram.org with your phone number in international format as the email subject.",2026-07-24T19:46:38
Telegram,org.telegram.messenger,Social,713623da-4347-4385-88b2-2fb4181f8cec,Abdenour Hadj Boussada,1,,"It was a good app but the latest updates made it terrible it's like they're prostitutes everything you try to do they ask you to go to premium, now you can't even log in to your account you should pay to get confirmation sms, not to mention security problems it's filled with bots",1,12.9.1,2026-07-24T18:27:39,,
Telegram,org.telegram.messenger,Social,9820faf5-40c8-40e7-b76f-ea936a02c87e,Abolfazl,5,,❤️,0,12.9.0,2026-07-24T18:26:18,,
Telegram,org.telegram.messenger,Social,1ae46481-55ce-4ffe-8053-f125f065505f,Neba Ayu,4,,Telegram Is A Good App.It's Great For Every Day Use. I Like It More Than Another Chat Apps. Though After Downloading Setup Takes Long Hours Which Makes Me Exhausted .,0,12.9.1,2026-07-24T18:25:13,"Thank you for your feedback! If you like Telegram, consider changing your review to 5 stars (a positive rating).",2026-07-24T19:46:05
Telegram,org.telegram.messenger,Social,bf093d69-59ae-42d3-ad9f-67712160eea2,Ali Sid,5,,today I'm stole it now tell me the experience what about the experience good or bad,0,12.9.1,2026-07-24T18:24:33,,
Telegram,org.telegram.messenger,Social,7e8cd030-c7cb-497c-bffa-14c90b21b742,Chit Lin,5,,good 👍,0,12.8.3,2026-07-24T18:13:27,,
Telegram,org.telegram.messenger,Social,8327f15d-2f9c-4674-95b9-7be4e45dca71,Maroofali Ali,5,,help me,0,12.9.1,2026-07-24T18:12:39,,
Telegram,org.telegram.messenger,Social,c040481e-a3b9-406f-9d5b-bbd4134979e2,md:said Rahman Saidur,1,,Bangladesh grameenphone SMS code and SMS free problem,0,,2026-07-24T18:09:27,"We're sorry to hear that. Please make sure you're using the official Telegram app. Verify that your mobile plan includes active SMS coverage. Confirm Google Play Services are enabled on your device and disable any active VPN. If issues persist, contact sms@telegram.org with your phone number in international format as the email subject.",2026-07-24T18:36:05
Telegram,org.telegram.messenger,Social,7b2ba384-9d28-457e-9b0a-c98fbd352e67,Rajikgada Rajikgada,5,,yah software bahut Achcha hai aur use karne mein bhi Aasan hai,0,12.9.1,2026-07-24T18:06:32,,
Telegram,org.telegram.messenger,Social,ed5f79ae-91c9-4ddc-a551-7b15928057b5,Erfan Mousavi,5,,Please bring the emoji size same as before,0,12.9.1,2026-07-24T18:01:42,,
Telegram,org.telegram.messenger,Social,570fd276-5da4-4c8d-ac2f-53bdb18976cd,Mahamudul Talukder,1,,nice,0,12.8.3,2026-07-24T17:59:07,"Thank you, we're glad to hear you enjoy the app! If you’d like, you can change your review to 5 stars (a positive rating).",2026-07-24T18:30:48
Telegram,org.telegram.messenger,Social,e3e7a233-1d20-4e63-a6dc-468b565ef92e,даниил,5,,"приложение вообще супер, но сделайте возможность удалять подарки. если прошла неделя с их получения, этого сделать нельзя, а очень бы хотелось. без звезд взамен, просто удалить",0,,2026-07-24T17:43:36,,
Telegram,org.telegram.messenger,Social,138568ae-b08b-4a30-ad4e-7274a6714a7e,Zon Thu hein,5,,this app is so good my problem error so be fine thankyou you service,0,12.9.1,2026-07-24T17:41:28,,
Telegram,org.telegram.messenger,Social,574dfdbd-ad18-44fc-8602-ede6a827602c,csc Janseva,5,,very nice app I leak the neet paper j,0,,2026-07-24T17:33:19,,
Telegram,org.telegram.messenger,Social,b7678361-2735-4d92-a3da-f6d0baef19ee,ashok Shinde,1,,b.c. hack ho gya telegram,1,12.4.3,2026-07-24T17:23:56,,
Telegram,org.telegram.messenger,Social,12bfbd3e-d6ff-4794-87ab-a1705c97528f,Sadeque,5,,ধন্যবাদ,0,12.9.1,2026-07-24T17:20:45,,
Telegram,org.telegram.messenger,Social,decebad4-f561-4380-a897-c07b0d51cd83,Johir Ahmed,1,,গ্ৰামিণ সিমে কোড আসেনা,0,,2026-07-24T17:10:02,দুঃখিত যে আপনি SMS কোড পাচ্ছেন না। অনুগ্রহ করে নিশ্চিত করুন যে আপনি অফিসিয়াল টেলিগ্রাম অ্যাপ ব্যবহার করছেন এবং আপনার নম্বরটি সঠিকভাবে প্রবেশ করেছেন। আপনার মোবাইল প্ল্যানে SMS গ্রহণের সুবিধা আছে কিনা তা যাচাই করুন।,2026-07-24T17:36:09
Telegram,org.telegram.messenger,Social,adfe03b3-cb48-4473-9d18-14f25b3c9a46,robby Jake,4,,why can't I log in to another device with ease I been told to buy starz,1,12.9.0,2026-07-24T17:05:46,,
Telegram,org.telegram.messenger,Social,ef9e08df-5ef2-4b35-a985-b1a79f977f05,Md Robel Mia,5,,nice,0,12.9.1,2026-07-24T17:05:14,Thank you very much for your kind words!,2026-07-24T17:32:29
Telegram,org.telegram.messenger,Social,997ea847-d449-49cd-8bfe-7ed376731e47,Aniket Pal,2,,"Hello telegram team, My account has been restricted,due to which I can only send messages to mutual contacts. I am unable unable to message new users. Kindly review my account and remove This limitation. I use telegram for normal Communication purposes.",0,12.8.1,2026-07-24T16:52:10,,
Telegram,org.telegram.messenger,Social,02bdc220-e4e1-497b-8cf3-35519f1e800c,Md Arif,1,,Bangladesh robi sim login code sms problem,0,12.9.1,2026-07-24T16:49:50,"We're sorry to hear that. Please verify that your mobile plan includes active SMS coverage. Confirm Google Play Services are enabled on your device and disable any active VPN. If issues persist, contact sms@telegram.org with your phone number in international format as the email subject.",2026-07-24T17:30:47
Telegram,org.telegram.messenger,Social,63029ee5-da94-4922-9c34-d68bc97e0649,Jenanen Gray,1,,it said it was free but it's not,1,12.9.1,2026-07-24T16:47:49,,
Telegram,org.telegram.messenger,Social,a2fe94d7-c12b-4b63-a26f-cb8601c7434f,Anteneh Tilaye,5,,Telegram is one of my favorite applications. I have smooth experience with it.,0,,2026-07-24T16:40:45,,
Telegram,org.telegram.messenger,Social,06359ad3-5037-4208-810f-d4f169bdd4b5,muhd fairoze,5,,"Telegram adalah aplikasi komunikasi yang sangat baik. Ia pantas, mudah digunakan, mempunyai banyak ciri menarik seperti kumpulan besar, saluran, perkongsian fail, dan keselamatan yang baik.",0,12.9.0,2026-07-24T16:37:49,,
Telegram,org.telegram.messenger,Social,cc14a8ec-8874-49aa-a767-591c86badaaf,Hana Arab,1,,کانال های پیشنهادی رو باید حذف کنه,0,,2026-07-24T16:37:17,,
Telegram,org.telegram.messenger,Social,23c5ca1c-7f80-4260-907f-19dde7c1cd75,Caleb Sench,5,,👍 good,0,,2026-07-24T16:29:47,,
Telegram,org.telegram.messenger,Social,56ee4620-9198-4387-9995-47747f5b8bc8,eshika jannat adiba,1,,বাংলাদেশ বাংলালিংক সিম লগিন এসএমএস পবলেম,0,,2026-07-24T16:23:42,,
Telegram,org.telegram.messenger,Social,9e3dde34-ae1e-4c7a-8439-e94afb3e1bd7,Masood Inayat,5,,awesome,0,12.9.1,2026-07-24T16:21:05,"Thank you for your review, we appreciate it!",2026-07-24T17:34:58
Telegram,org.telegram.messenger,Social,70caed1b-bcbe-490d-b751-10e907e28e17,loeryan,3,,can you fix the notification? cmon.. must open the app first to get notification?,0,12.9.1,2026-07-24T16:21:02,,
Telegram,org.telegram.messenger,Social,f4fae2d3-93cd-4c96-964a-1e9884d8630f,Ashutosh Kesharwani (Ashu),1,,jo timer bali pic's hai bo glitch hoke download kassey ho ja rhe hai isko theek kro,0,12.9.1,2026-07-24T16:08:04,,
Telegram,org.telegram.messenger,Social,4ccc448f-df31-478c-be0b-fe2c5424ec92,Maryam Kalteh mofrad,5,,the best .,0,12.9.1,2026-07-24T16:03:35,"Thank you for your review, we appreciate it!",2026-07-24T16:33:18
Telegram,org.telegram.messenger,Social,7062a380-ea7e-4c18-99f3-8a5e00de65a7,nadawa edirisinghe,1,,disappointed,0,,2026-07-24T16:03:20,,
Telegram,org.telegram.messenger,Social,9f8b51ef-c03b-47c8-9d73-c6ea9da60e7b,madebychannel44,1,,"it's free to join! just kidding. it wants me to pay for a subscription immediately before I've even done anything, even though it advises that it's free just before that. super dodgy, hell that makes it seem like a scam if I'm honest.",0,12.6.3,2026-07-24T15:59:42,,
Telegram,org.telegram.messenger,Social,ee1a23f6-3554-4205-bb1e-95f6abad325e,Mst Taslima khatun,1,,verification code as na,0,12.9.1,2026-07-24T15:59:41,,
Telegram,org.telegram.messenger,Social,586a5054-51f2-4122-b6a2-6ddc615638a8,Igors Agakijs,1,,"When the account is hijacked there is no option to login even with phone and SMS to terminate other sessions, it says ""Too many requests"" 🤡",1,12.9.1,2026-07-24T15:57:04,,
Telegram,org.telegram.messenger,Social,5a97f130-5b68-487d-bf56-eb777ec290f6,Sree Gopal,5,,Very very good platform really.,0,12.9.1,2026-07-24T15:55:20,,
Telegram,org.telegram.messenger,Social,972abc13-4091-4302-84dc-e859cf8992cd,Iftekhairul Islam,5,,good app,0,,2026-07-24T15:50:07,We're glad that you're enjoying Telegram. Thank you for your review!,2026-07-24T16:35:48
Telegram,org.telegram.messenger,Social,6d451401-e70e-47f6-acc2-e40cd1cb0e57,Viswas Kaladurgi,5,,Only thing I can say is Telegram>>>Whatsapp,0,12.9.0,2026-07-24T15:44:00,,
Telegram,org.telegram.messenger,Social,9d243337-b0fa-4e99-a917-210ab0f2ac9a,Сергей Учаев,3,,Не работает отправка редактора изображений.,0,12.9.1,2026-07-24T15:41:19,,
Telegram,org.telegram.messenger,Social,0c31c1a3-4eeb-4cb4-946f-8b62a8af8261,Sebastian Peñaloza Marquez,1,,"trash app , it's scam , not working",0,12.9.1,2026-07-24T15:40:38,We're sorry to hear about your experience. Our team works hard to eliminate scam and spam accounts daily. Please use the Report option in the app or contact @NoToScam to report any suspicious activity.,2026-07-24T16:41:59
Telegram,org.telegram.messenger,Social,46c25afc-4336-4c54-bf35-7014142b2db7,Gumii (Mi),1,,it's very difficult to log in.,0,12.9.1,2026-07-24T15:36:03,"We're sorry you had issues with the login process. Please make sure your phone number is able to receive SMS messages or calls, and check you have Google Play Services installed and updated to the latest version. Also try to reboot your device.",2026-07-24T16:42:42
Telegram,org.telegram.messenger,Social,bb8ed81f-3667-414b-8653-748530b4855f,FaZeL,1,,عکس رو استیکر میکنم میزنم رو دکمه ارسال عکس ارسالش میکنه استیکرش نمیکنه مزخرفه واقعا پر باگ,0,12.8.3,2026-07-24T15:33:39,,
Telegram,org.telegram.messenger,Social,15ae2dcd-af1e-4a54-9ad9-96f8fde141ee,Mashud Yussif,5,,is very good,0,,2026-07-24T15:29:37,,
Telegram,org.telegram.messenger,Social,b5f0a62b-a447-402c-9b6b-1be6acaf79a0,Adam Adam,5,,i am beginer to evaluate to say anything,0,12.9.1,2026-07-24T15:26:50,,
Telegram,org.telegram.messenger,Social,b7985c48-7b1c-4449-adc3-a238196ed8ed,For me,5,,good,0,,2026-07-24T15:26:25,"Thank you for your review, we appreciate it!",2026-07-24T16:38:18
Telegram,org.telegram.messenger,Social,fc92a5ea-c3cd-4416-a112-83e481973e2a,Super Six Four,1,,"I reinstalled new firmware on my phone and now I can't get an authorization on a phone. entered correct phone number, wrote email, authorized on my PC - nothing. because telegram FORCES me to buy Premium. I just can't login my account at my phone which I'm using > 6 years! WHAT THE HELL?!!!! you guys nuts???!",0,12.9.0,2026-07-24T15:18:59,,
Telegram,org.telegram.messenger,Social,edaa3977-59d0-469d-b66f-0485661a3884,nurul azim bd,1,,telegram qatar vodafone login code problem,0,12.9.1,2026-07-24T15:17:35,"We're sorry to hear that. Please verify that your mobile plan includes active SMS coverage. Confirm Google Play Services are enabled on your device and disable any active VPN. If issues persist, contact sms@telegram.org with your phone number in international format as the email subject.",2026-07-24T16:30:48
Telegram,org.telegram.messenger,Social,c2245104-6b70-45f3-a983-5893e51ffdef,Fatemeh Rahimi,5,,عالی,0,12.9.1,2026-07-24T15:16:53,"Thank you for your review, we appreciate it!",2026-07-24T16:40:48
Telegram,org.telegram.messenger,Social,da2699b3-2bc3-446e-b5a4-93d4c9928b86,Daniel Eze,2,,"You guys have restricted my account i use to work for months, the account isn't frozen, even when I subscribe to premium, the restriction will still be there, pls do something about this",0,12.8.3,2026-07-24T15:14:18,"Sorry for the inconvenience. If your account is frozen, please send an appeal in Telegram. If the phone is banned, contact recover@telegram.org. Include phone number + country code, and details. Never share your code with anyone, use official apps, and ensure your devices are secured. Numbers can be unbanned if the case is a false positive.",2026-07-27T13:24:17
Telegram,org.telegram.messenger,Social,903bf059-533c-466d-90dd-6a9dbe5d163c,Suvoijt Mondal,4,,good 😊,0,,2026-07-24T15:06:48,"Thank you for your feedback! If you like Telegram, consider changing your review to 5 stars (a positive rating).",2026-07-24T15:47:45
Telegram,org.telegram.messenger,Social,a4dcc323-f92f-42a4-9f0f-1387483aae2d,Lesly Cinco,2,,"after the update, I can’t send the image because the Send button disappears after I finish drawing on it. It's hassle for me as a user. Please fix it.",1,12.9.1,2026-07-24T15:06:47,,
Telegram,org.telegram.messenger,Social,8648800b-5c1e-4b85-8114-2252bd602fa3,zahirulhaqq,5,,"Telegram is a fast and cloud-based messaging app known for its speed, large group support, and powerful features. It allows users to send messages, make voice calls, share large files, create channels, and use bots for automation. Messages are synced across multiple devices, making it convenient to use. However, end-to-end encryption is only available in Secret Chats, not in regular chats by defa",0,12.9.0,2026-07-24T15:04:34,,
Telegram,org.telegram.messenger,Social,b8a05a7a-9319-42cf-a1d0-3fd3c1ff13a6,rootva com,5,,very nice,0,,2026-07-24T15:04:28,We're glad that you're enjoying Telegram. Thank you for your review!,2026-07-24T15:33:18
Telegram,org.telegram.messenger,Social,a9ee052c-4122-4971-a5d1-36f6ac140163,hosainali afshar,5,,خوبه,0,12.8.3,2026-07-24T15:00:46,,
Telegram,org.telegram.messenger,Social,abd4aa92-339a-4610-9195-00625a4c58f1,Hand Some,5,,Wow this app is good,1,12.8.3,2026-07-24T14:58:55,,
Telegram,org.telegram.messenger,Social,27aa67df-ba3b-432d-ba01-bf3d1420ebaa,Mark Vang,1,,scammers lives here in telegram. scammers tool.,0,,2026-07-24T14:58:06,We take scams very seriously. Please report any suspicious activity to us and we will take appropriate action. You can report cases directly to abuse@telegram.org or in-app to @NoToscam. Thank you.,2026-07-24T15:40:14
Telegram,org.telegram.messenger,Social,784848cb-0658-4849-b7b2-22bbe31e7ae9,Daniel Abang,1,,"I'm a regular telegram user with two accounts on one phone. One account is for my friend and I private chat and the order for serious crypto stuff. I don't know what when wrong, the most important/valued account has been disabled and logged out of my phone and despite my efforts to login, nothing is working Please restore what ever that has gone wrong with your system because I still value my account and some reasonable stuff sill in there.",1,12.9.1,2026-07-24T14:56:59,,
Telegram,org.telegram.messenger,Social,1633c163-708f-4bac-804c-d9c749da3d42,Mahalakshmi Mohan,1,,My telegram account was hacked. How can I recover or permanently delete my account?,0,12.9.1,2026-07-24T14:54:25,"Sorry for the inconvenience. Please contact recover@telegram.org, they handle banned phone number cases. Include phone number + country code of banned account, and details/context about the case. Never share your code with anyone, only use official apps, and ensure your devices are secured. Numbers can be unbanned if the case is a false positive.",2026-07-24T15:41:06
Telegram,org.telegram.messenger,Social,37b6de44-e295-4a70-8af7-a89165805993,Khurshid.sahi. Alam,5,,nice,0,,2026-07-24T14:53:49,,
Telegram,org.telegram.messenger,Social,fde7421e-7cb7-4767-96af-64e1ca13c4a9,Azizjon Murtazokulov,2,,разрешение в кружков стала ужасной телефон Poco F6 HyperOs 3.0.302.0 (WNPRUXM.C07). (у меня нет проблем с wi-fi не использую VPN не живу в России) перешёл на другой клиент там лучше пожалуйста исправьте качество кружков что бы я мог хорошо пользоваться официальным клиентом Telegram.,0,12.9.1,2026-07-24T14:48:33,,
Telegram,org.telegram.messenger,Social,44f19e2b-1be4-4209-b8b6-1419fddd76c4,Olagunju Leah,4,,more essential,0,12.9.1,2026-07-24T14:48:28,"Thank you for your rating! If you have any feedback or suggestions, feel free to share them with us.",2026-07-24T15:48:32
Telegram,org.telegram.messenger,Social,c62ec411-ad96-4c74-b8f8-e6a3d6abe3d6,ABHIJITH PJ,5,,❤️🤗,0,12.9.0,2026-07-24T14:45:13,,
Telegram,org.telegram.messenger,Social,98c3d123-b045-4719-a57c-85ec0da8e9d1,Joy Roy,5,,হাই,0,,2026-07-24T14:45:11,,
Telegram,org.telegram.messenger,Social,511d9b14-b3c4-4c4c-93ad-9f7eda629396,Md Huraiya5,5,,nice,0,12.9.1,2026-07-24T14:41:34,"Thank you for your review, we appreciate it!",2026-07-24T15:35:48
Telegram,org.telegram.messenger,Social,ca569364-0e55-46c3-97a2-b604dfd1139b,Saman Ebrahimi,3,,بەدڵمە بەڵام بەداخەوە ماوەیەکە ناتوانێت به وردی و دروستی «کوردیی ناوەندی» وەربگێڕێتە سەر زمانی تر,0,12.9.1,2026-07-24T14:40:50,,
Telegram,org.telegram.messenger,Social,d6d78aa7-1e2e-4a25-be27-9b6102a7f6b1,frank fidely,1,,very bad for now bcoz they are lot of limitations in this app,0,12.9.1,2026-07-24T14:38:00,,
Telegram,org.telegram.messenger,Social,9b13a244-1e55-4598-9673-5bf3873e82b8,Manuel Carag,1,,i thought it was free? it just suddenly asks me to pay for premium,1,12.9.1,2026-07-24T14:32:03,,
Telegram,org.telegram.messenger,Social,6461e0ca-2309-416d-ad21-936851c5c9c6,Ankit Patel,1,,Worst service. As it takes too time to download anything even after proper network due to its this type of behavior I broke my laptop in anger and frustration plz improve it.,0,12.9.1,2026-07-24T14:19:15,It sounds like your provider is throttling your connection to Telegram. Enabling a VPN or proxy service on your device should help you properly connect.,2026-07-24T15:45:11
Telegram,org.telegram.messenger,Social,09011ad5-7599-4311-ab77-31a3599b62e0,Mynah,1,,ye app open hi nhi hi Raha Kiya baqwaas services Hain appki,0,12.9.1,2026-07-24T14:17:49,Hum samajh sakte hain ki aapko kya pareshani ho rahi hai. Kripya batayein ki app kis tarah se kaam nahi kar raha hai? Isse hum aapki madad behtar tareeke se kar payenge.,2026-07-24T15:46:04
Telegram,org.telegram.messenger,Social,d5c8b94e-8664-4e1f-b296-e6400dcf079a,Garyn Tan,5,,"I’ve been using Telegram for a couple of years now, and honestly, nothing else comes close. It’s insanely fast, super smooth, and the cloud storage feature is a life-changer—I can access all my files and chats on my phone, laptop, or tablet without missing a beat. Customization options and channels are a huge bonus too. Highly recommend",1,12.9.1,2026-07-24T14:13:11,,
Telegram,org.telegram.messenger,Social,8e1f2372-2d6d-4082-8288-d01794b3be3f,Rafi Vai,1,,টেলিগ্ৰামের কোড আসে না কেনো,0,12.9.1,2026-07-24T14:12:10,,
Telegram,org.telegram.messenger,Social,d5617d77-66bd-4744-9f42-25ff5f7e3a1a,Bart Simpson,1,,"The editing section on the video has a problem. The options to add text, stickers, etc. have disappeared and are not visible. Also, the gifs are playing later than before (it's been a few years!)",1,12.9.1,2026-07-24T13:55:37,,
Telegram,org.telegram.messenger,Social,a3763d4c-b2dd-4b38-8fd7-bef1c1a2da64,Vanda Haddadyan,4,,"after the new update I can't seem to reach my own device's musics, it's just profile musics and shared musics, I've cleared cache but I doesn't work.",0,12.9.0,2026-07-24T13:35:39,,
Telegram,org.telegram.messenger,Social,107e4bb7-339c-4866-b1a5-b34c33907813,Robert Dita,1,,"I did not receive any SMS verification code.""",1,12.9.1,2026-07-24T13:34:47,"We're sorry to hear that. Please verify that your mobile plan includes active SMS coverage. Confirm Google Play Services are enabled on your device and disable any active VPN. If issues persist, contact sms@telegram.org with your phone number in international format as the email subject.",2026-07-24T14:36:07
Telegram,org.telegram.messenger,Social,87d3a021-12b3-4e4a-b760-d8b66e94633c,hridoy Sarkar,1,,বাংলাদেশ banglalink Sim login লগিন,1,12.9.1,2026-07-24T13:26:48,"আমরা দুঃখিত যে আপনি লগিনে সমস্যা পাচ্ছেন। দয়া করে নিশ্চিত করুন যে আপনার মোবাইল প্ল্যানে এসএমএস কভারেজ সক্রিয় আছে। Google Play Services চালু আছে কিনা তা যাচাই করুন এবং কোনো সক্রিয় VPN বন্ধ করুন। সমস্যা অব্যাহত থাকলে, sms@telegram.org এ আপনার ফোন নম্বর আন্তর্জাতিক ফরম্যাটে ইমেইল বিষয় হিসেবে পাঠান।",2026-07-24T14:36:57
Telegram,org.telegram.messenger,Social,fd925314-6225-422b-b2c9-39403ca8320e,Veronica Malupa,2,,cant log in,0,,2026-07-24T13:15:53,I’m sorry that the app is currently not working perfectly for you. Could you please give more details? Is there an error message? I’ll do my best to help.,2026-07-24T14:40:12
Telegram,org.telegram.messenger,Social,bece20ac-213b-4b19-9c93-887d2e9bb115,Redmi,1,,Requires payment to use the app,1,12.9.1,2026-07-24T13:07:47,,
Telegram,org.telegram.messenger,Social,99b9d50c-c35a-4af3-9727-292d85f8ec54,Fukuyoshino Fuuto,1,,hell nah,0,12.9.1,2026-07-24T13:06:35,,
Telegram,org.telegram.messenger,Social,9bdd989b-6d93-4b00-bafa-6593be55db77,Y Samoth.,5,,ល្អបំផុត,0,12.9.0,2026-07-24T13:02:34,"Thank you for your review, we appreciate it!",2026-07-24T13:32:28
Telegram,org.telegram.messenger,Social,ff5673b2-b0a9-48b1-b174-6da246139d3c,Atish Mozumder,5,,good.,1,12.9.1,2026-07-24T12:52:17,We're glad that you're enjoying Telegram. Thank you for your review!,2026-07-23T20:33:18
Telegram,org.telegram.messenger,Social,a5b263d6-a633-49b6-b7a1-0bdc55c114ca,Naushad Ali Shaikh,2,,sexual content share whithout permission and without knowing.. and most importantly didn't even search for it,1,12.9.1,2026-07-24T12:44:57,,
Telegram,org.telegram.messenger,Social,38b49923-a969-4fed-9da5-3ad8b4e2bff1,Rimpa Akter,5,,nice app,0,,2026-07-24T12:33:48,We're glad that you're enjoying Telegram. Thank you for your review!,2026-07-24T13:34:08
Telegram,org.telegram.messenger,Social,0b53d179-2cc6-4763-b4a9-e92d39949784,Shashi Mohan Pant,5,,"Telegram stands out for privacy, speed, and powerful group management tools. Channels and bots enable automated workflows and content distribution, while cloud sync keeps messages accessible across devices. The app is lightweight and responsive, ideal for communities and teams that need advanced messaging features.",1,12.9.1,2026-07-24T12:31:02,,
Telegram,org.telegram.messenger,Social,70a67144-86aa-4d79-ac3b-f7317c379572,Khudi Khudododov,5,,the best ever !!!!,0,12.9.0,2026-07-24T12:26:11,,
Telegram,org.telegram.messenger,Social,b705d2ab-a320-4f97-b807-c4e1b51fd62b,Ashwin Chavda,1,,this ap is scam I download movie twice but one's I download movie not process and re download,1,12.9.1,2026-07-24T12:12:21,,
Telegram,org.telegram.messenger,Social,7232cb0e-dede-41bf-9d15-66a7dbab85bf,حسام سیزده,5,,Best messenger forever,0,,2026-07-24T12:10:58,,
Telegram,org.telegram.messenger,Social,45f4937f-cde6-452f-9c6c-4709f7c14703,Md Atik,1,,SMS number,0,11.13.2,2026-07-24T12:10:36,,
Telegram,org.telegram.messenger,Social,e32058ad-ea70-4b9e-9f44-14aded6135b5,Jyothi Reddy,1,,"this app background data and power usage is very high, even though I stopped it using background use it's still using data and power in background, that means it's something fishy. it's using spam network things which can change your android settings to collect all data even you restrict this app. before telegram app my battery is working okay. after telegram app installed my battery discharging very fast. then I noticed this issue.",1,12.9.0,2026-07-24T11:54:40,,
Telegram,org.telegram.messenger,Social,fd627961-d464-402c-a524-986e9f5baff5,Ermiyas Fiseha,1,,good to send file,1,12.9.1,2026-07-24T11:51:33,,
Telegram,org.telegram.messenger,Social,730998f8-bdae-4cf0-920d-9050a33eaca6,Reza Abbasi,5,,new update is perfect ❤️,1,12.9.1,2026-07-24T11:49:38,,
Telegram,org.telegram.messenger,Social,eef2dd5a-3f73-46a9-9933-454f4549f46e,Mother Adu,5,,good,1,,2026-07-24T11:49:27,"Thank you for your review, we appreciate it!",2026-07-24T12:31:38
Telegram,org.telegram.messenger,Social,7481e182-8952-4232-924b-f1cb7647f4a7,John Diamond,5,,Good one,0,12.7.3,2026-07-24T11:44:07,,
Telegram,org.telegram.messenger,Social,3523e677-e76d-4e65-8c31-0b4ad3d0c106,Lovely lyca Almoradie,1,,antagal mag loading puro updating!,0,12.9.0,2026-07-24T11:39:51,Mukhang binabagal ng iyong provider ang koneksyon mo sa Telegram. Ang pag-enable ng VPN o proxy service sa iyong device ay makakatulong para maayos kang makakonekta.,2026-07-24T12:35:13
Telegram,org.telegram.messenger,Social,8e363670-f44a-4145-92f8-d86d9c7d47e8,Oak Kar,5,,This is good for use.🫶,0,,2026-07-24T11:36:32,,
Telegram,org.telegram.messenger,Social,d1324231-c851-4078-83ea-2c07fec5f160,Persian Ir,1,,"For almost a year, my account has been restricted due to what I believe was a false spam report — to the point that I can't even assign an admin in my own group. Despite many messages through SpamBot and the support form, I have never received a response. Please look into this real problem.",0,12.9.0,2026-07-24T11:32:00,,
Telegram,org.telegram.messenger,Social,687a26bf-c9f7-4749-9e82-6facb85bfbb8,Prosper Maroro,1,,this app used to work perfectly fine registered my account 5years ago because l have changed my now it's saying l must add an email to access my account yet they is already an active email on that account,0,12.9.0,2026-07-24T11:27:23,,
Telegram,org.telegram.messenger,Social,e535a0ba-99af-4505-bbae-420fbc9a88eb,Eva,1,,i hate this app. it’s not free,1,12.9.1,2026-07-24T11:26:17,,
Telegram,org.telegram.messenger,Social,e950aabc-3ccd-4d44-a2eb-5300b42b555c,Sadam Geletaw,5,,best,1,12.9.1,2026-07-24T11:19:13,Thank you very much for your kind words!,2026-07-24T12:33:18
Telegram,org.telegram.messenger,Social,7199e394-9def-498c-ad07-d60c6559a491,Slus Kidus,5,,telegram account to open long time waited this beg problem,1,12.9.1,2026-07-24T11:15:06,,
Telegram,org.telegram.messenger,Social,8a922ed8-59e9-4a85-8bdc-402a2e2ae556,Bo Bolay,5,,ok,0,,2026-07-24T11:13:39,,
Telegram,org.telegram.messenger,Social,f7f53823-efc3-4287-ac35-4b55b0d7ad00,Mehran Fathi,5,,best,1,12.9.1,2026-07-24T11:06:31,We're glad that you're enjoying Telegram. Thank you for your review!,2026-07-24T11:30:48
Telegram,org.telegram.messenger,Social,f30ec2ed-fdb7-4035-9e2f-82cf1cde8a4c,Ahmad Osman,3,,rc ٧ه٩ ٨د الله ر,0,12.9.0,2026-07-24T11:05:30,,
